"id";"data_inversa";"dia_semana";"horario";"uf";"br";"km";"municipio";"causa_acidente";"tipo_acidente";"classificacao_acidente";"fase_dia";"sentido_via";"condicao_metereologica";"tipo_pista";"tracado_via";"uso_solo";"pessoas";"mortos";"feridos_leves";"feridos_graves";"ilesos";"ignorados";"feridos";"veiculos";"latitude";"longitude";"regional";"delegacia";"uop"
549593;2023-09-19;"terça-feira";"01:30:00";"TO";226;64;"WANDERLANDIA";"Ausência de reação do condutor";"Saída de leito carroçável";"Com Vítimas Fatais";"Plena Noite";"Decrescente";"Céu Claro";"Simples";"Reta";"Não";5;1;0;4;0;0;4;1;-6,833405;-47,90963;"SPRF-TO";"DEL02-TO";"UOP03-DEL02-TO"
549597;2023-09-19;"terça-feira";"04:50:00";"SP";116;142,2;"SAO JOSE DOS CAMPOS";"Ausência de reação do condutor";"Saída de leito carroçável";"Com Vítimas Feridas";"Amanhecer";"Decrescente";"Céu Claro";"Dupla";"Reta";"Sim";1;0;1;0;0;0;1;1;-23,17426078;-45,82940111;"SPRF-SP";"DEL02-SP";"UOP01-DEL02-SP"
549598;2023-09-19;"terça-feira";"02:00:00";"PA";163;647,2;"TRAIRAO";"Ausência de reação do condutor";"Tombamento";"Com Vítimas Fatais";"Plena Noite";"Decrescente";"Céu Claro";"Simples";"Reta";"Não";2;2;0;0;0;0;0;1;-4,53888994;-55,90179704;"SPRF-PA";"DEL05-PA";"UOP02-DEL05-PA"
549599;2023-09-19;"terça-feira";"05:30:00";"SC";282;516,9;"XAXIM";"Velocidade Incompatível";"Tombamento";"Com Vítimas Feridas";"Amanhecer";"Crescente";"Céu Claro";"Simples";"Aclive;Reta";"Não";1;0;0;1;0;0;1;1;-26,930862;-52,499157;"SPRF-SC";"DEL07-SC";"UOP01-DEL07-SC"
549602;2023-09-19;"terça-feira";"02:00:00";"SP";116;222;"GUARULHOS";"Reação tardia ou ineficiente do condutor";"Capotamento";"Sem Vítimas";"Plena Noite";"Crescente";"Nublado";"Múltipla";"Reta";"Não";1;0;0;0;0;1;0;1;-23,47093408;-46,51631097;"SPRF-SP";"DEL01-SP";"UOP01-DEL01-SP"
549606;2023-09-19;"terça-feira";"07:15:00";"PR";277;724;"FOZ DO IGUACU";"Manobra de mudança de faixa";"Colisão traseira";"Com Vítimas Feridas";"Pleno dia";"Crescente";"Céu Claro";"Dupla";"Reta";"Não";3;0;2;0;1;0;2;2;-25,50257577;-54,53868311;"SPRF-PR";"DEL05-PR";"UOP03-DEL05-PR"
549607;2023-09-19;"terça-feira";"04:00:00";"PR";277;675;"MEDIANEIRA";"Reação tardia ou ineficiente do condutor";"Colisão traseira";"Sem Vítimas";"Anoitecer";"Decrescente";"Céu Claro";"Dupla";"Reta";"Não";2;0;0;0;1;1;0;2;-25,32035037;-54,16173935;"SPRF-PR";"DEL05-PR";"UOP01-DEL05-PR"
549610;2023-09-19;"terça-feira";"07:11:00";"SC";101;237;"PALHOCA";"Avarias e/ou desgaste excessivo no pneu";"Tombamento";"Com Vítimas Feridas";"Pleno dia";"Crescente";"Sol";"Dupla";"Reta";"Sim";2;0;1;1;0;0;2;1;-27,83490593;-48,63077716;"SPRF-SC";"DEL01-SC";"UOP02-DEL01-SC"
549611;2023-09-19;"terça-feira";"06:40:00";"RJ";116;173;"SAO JOAO DE MERITI";"Manobra de mudança de faixa";"Colisão traseira";"Com Vítimas Feridas";"Pleno dia";"Crescente";"Céu Claro";"Dupla";"Reta";"Não";1;0;1;0;0;0;1;1;-22,79810324;-43,35726614;"SPRF-RJ";"DEL01-RJ";"UOP02-DEL01-RJ"
549613;2023-09-19;"terça-feira";"05:20:00";"BA";101;899;"CARAVELAS";"Conversão proibida";"Colisão lateral mesmo sentido";"Com Vítimas Feridas";"Amanhecer";"Crescente";"Céu Claro";"Simples";"Reta";"Não";2;0;2;0;0;0;2;2;-17,722545;-39,76717;"SPRF-BA";"DEL09-BA";"UOP02-DEL09-BA"
549615;2023-09-19;"terça-feira";"07:07:00";"ES";101;268,6;"SERRA";"Reação tardia ou ineficiente do condutor";"Colisão traseira";"Com Vítimas Feridas";"Pleno dia";"Crescente";"Céu Claro";"Múltipla";"Reta";"Sim";2;0;0;1;1;0;1;2;-20,20842;-40,269405;"SPRF-ES";"DEL02-ES";"UOP01-DEL02-ES"
549616;2023-09-19;"terça-feira";"06:50:00";"BA";116;15,4;"VITORIA DA CONQUISTA";"Transitar no Acostamento";"Tombamento";"Com Vítimas Feridas";"Pleno dia";"Crescente";"Nublado";"Simples";"Reta";"Sim";1;0;1;0;0;0;1;1;-14,851;-40,8485;"SPRF-BA";"DEL08-BA";"UOP01-DEL08-BA"
549617;2023-09-19;"terça-feira";"06:05:00";"MT";163;840;"SINOP";"Ausência de reação do condutor";"Colisão traseira";"Com Vítimas Feridas";"Pleno dia";"Crescente";"Céu Claro";"Simples";"Reta";"Sim";2;0;1;0;1;0;1;2;-11,94214306;-55,51630378;"SPRF-MT";"DEL06-MT";"UOP02-DEL06-MT"
549618;2023-03-19;"domingo";"17:20:00";"PR";476;70;"BOCAIUVA DO SUL";"Ultrapassagem Indevida";"Tombamento";"Com Vítimas Feridas";"Pleno dia";"Crescente";"Ignorado";"Simples";"Reta";"Não";3;0;1;0;1;1;1;2;-25,071838;-49,089764;"SPRF-PR";"DEL01-PR";"UOP01-DEL01-PR"
549619;2023-09-19;"terça-feira";"07:20:00";"PR";369;158,6;"CAMBE";"Acessar a via sem observar a presença dos outros veículos";"Colisão lateral mesmo sentido";"Com Vítimas Feridas";"Pleno dia";"Decrescente";"Céu Claro";"Dupla";"Reta;Declive";"Não";2;0;1;0;1;0;1;2;-23,284749;-51,241698;"SPRF-PR";"DEL07-PR";"UOP01-DEL07-PR"
549621;2023-09-19;"terça-feira";"07:35:00";"PR";277;723,6;"FOZ DO IGUACU";"Ausência de reação do condutor";"Tombamento";"Com Vítimas Feridas";"Pleno dia";"Crescente";"Céu Claro";"Dupla";"Reta";"Sim";1;0;1;0;0;0;1;1;-25,49878215;-54,52985294;"SPRF-PR";"DEL05-PR";"UOP03-DEL05-PR"
549622;2023-09-19;"terça-feira";"03:00:00";"MT";70;547,9;"NOSSA SENHORA DO LIVRAMENTO";"Condutor Dormindo";"Saída de leito carroçável";"Com Vítimas Feridas";"Plena Noite";"Decrescente";"Céu Claro";"Simples";"Reta;Aclive";"Não";2;0;2;0;0;0;2;1;-15,688872;-56,368496;"SPRF-MT";"DEL03-MT";"UOP02-DEL03-MT"
549623;2023-09-19;"terça-feira";"07:20:00";"ES";101;285,3;"CARIACICA";"Ausência de reação do condutor";"Colisão traseira";"Com Vítimas Feridas";"Pleno dia";"Crescente";"Sol";"Dupla";"Reta";"Sim";2;0;1;0;1;0;1;2;-20,25148171;-40,37270066;"SPRF-ES";"DEL01-ES";"UOP01-DEL01-ES"
549624;2023-09-19;"terça-feira";"07:40:00";"MG";262;638;"IBIA";"Avarias e/ou desgaste excessivo no pneu";"Tombamento";"Com Vítimas Feridas";"Pleno dia";"Crescente";"Céu Claro";"Simples";"Reta";"Não";2;0;1;0;1;0;1;1;-19,57976803;-46,52571101;"SPRF-MG";"DEL08-MG";"UOP01-DEL08-MG"
549625;2023-09-19;"terça-feira";"07:50:00";"PR";369;164,1;"CAMBE";"Transitar no Acostamento";"Colisão lateral mesmo sentido";"Sem Vítimas";"Pleno dia";"Crescente";"Céu Claro";"Dupla";"Reta";"Sim";3;0;0;0;3;0;0;2;-23,29511174;-51,28866434;"SPRF-PR";"DEL07-PR";"UOP01-DEL07-PR"
549626;2023-09-19;"terça-feira";"07:10:00";"ES";101;457,6;"MIMOSO DO SUL";"Desrespeitar a preferência no cruzamento";"Colisão transversal";"Com Vítimas Feridas";"Pleno dia";"Decrescente";"Sol";"Simples";"Reta;Rotatória";"Não";3;0;1;0;2;0;1;2;-21,19404508;-41,29778404;"SPRF-ES";"DEL03-ES";"UOP02-DEL03-ES"
549627;2023-09-19;"terça-feira";"07:10:00";"MG";116;779;"LEOPOLDINA";"Reação tardia ou ineficiente do condutor";"Saída de leito carroçável";"Com Vítimas Feridas";"Amanhecer";"Decrescente";"Céu Claro";"Simples";"Curva";"Não";3;0;2;0;1;0;2;1;-21,60837977;-42,69596393;"SPRF-MG";"DEL07-MG";"UOP01-DEL07-MG"
549628;2023-09-19;"terça-feira";"07:40:00";"SC";101;209,4;"SAO JOSE";"Reação tardia ou ineficiente do condutor";"Colisão traseira";"Com Vítimas Feridas";"Pleno dia";"Crescente";"Céu Claro";"Múltipla";"Reta";"Não";2;0;1;0;1;0;1;2;-27,61000542;-48,63895057;"SPRF-SC";"DEL01-SC";"UOP01-DEL01-SC"
549631;2023-09-19;"terça-feira";"07:50:00";"RS";290;107;"ELDORADO DO SUL";"Reação tardia ou ineficiente do condutor";"Colisão transversal";"Com Vítimas Feridas";"Pleno dia";"Decrescente";"Chuva";"Simples";"Reta";"Sim";2;0;2;0;0;0;2;2;-30,001852;-51,304264;"SPRF-RS";"DEL02-RS";"UOP01-DEL02-RS"
549633;2023-09-19;"terça-feira";"07:50:00";"MG";381;1;"BETIM";"Reação tardia ou ineficiente do condutor";"Colisão traseira";"Com Vítimas Feridas";"Pleno dia";"Decrescente";"Céu Claro";"Dupla";"Em Obras;Reta";"Não";3;0;2;0;1;0;2;2;-19,96825;-44,198708;"SPRF-MG";"DEL01-MG";"UOP03-DEL01-MG"
549634;2023-09-19;"terça-feira";"07:00:00";"MG";40;516,2;"RIBEIRAO DAS NEVES";"Trafegar com motocicleta (ou similar) entre as faixas";"Colisão lateral mesmo sentido";"Com Vítimas Feridas";"Pleno dia";"Decrescente";"Céu Claro";"Dupla";"Reta";"Não";2;0;0;1;1;0;1;2;-19,81628624;-44,08960124;"SPRF-MG";"DEL01-MG";"UOP02-DEL01-MG"
549635;2023-09-19;"terça-feira";"08:30:00";"SC";101;206,3;"SAO JOSE";"Manobra de mudança de faixa";"Colisão lateral mesmo sentido";"Com Vítimas Feridas";"Pleno dia";"Crescente";"Céu Claro";"Múltipla";"Reta";"Sim";2;0;1;0;1;0;1;2;-27,59193546;-48,61824557;"SPRF-SC";"DEL01-SC";"UOP01-DEL01-SC"
549636;2023-09-19;"terça-feira";"07:00:00";"MG";381;488,9;"BETIM";"Entrada inopinada do pedestre";"Atropelamento de Pedestre";"Com Vítimas Feridas";"Amanhecer";"Decrescente";"Céu Claro";"Dupla";"Aclive;Reta";"Sim";2;0;0;2;0;0;2;2;-19,9561252;-44,13269162;"SPRF-MG";"DEL01-MG";"UOP03-DEL01-MG"
549638;2023-09-19;"terça-feira";"07:55:00";"MS";163;251;"DOURADOS";"Manobra de mudança de faixa";"Colisão lateral mesmo sentido";"Com Vítimas Feridas";"Pleno dia";"Decrescente";"Céu Claro";"Simples";"Reta";"Não";2;0;1;0;1;0;1;2;-22,29688701;-54,82117014;"SPRF-MS";"DEL04-MS";"UOP02-DEL04-MS"
549639;2023-09-19;"terça-feira";"06:00:00";"RS";116;242;"SAO LEOPOLDO";"Chuva";"Saída de leito carroçável";"Sem Vítimas";"Pleno dia";"Crescente";"Chuva";"Dupla";"Reta";"Não";1;0;0;0;1;0;0;1;-29,72297087;-51,14858729;"SPRF-RS";"DEL01-RS";"UOP02-DEL01-RS"
549640;2023-09-19;"terça-feira";"09:00:00";"ES";101;285;"CARIACICA";"Reação tardia ou ineficiente do condutor";"Tombamento";"Com Vítimas Feridas";"Pleno dia";"Decrescente";"Céu Claro";"Dupla";"Reta";"Sim";2;0;2;0;0;0;2;1;-20,25328942;-40,37381172;"SPRF-ES";"DEL01-ES";"UOP01-DEL01-ES"
549643;2023-09-19;"terça-feira";"07:20:00";"PR";153;7,8;"JACAREZINHO";"Ausência de reação do condutor";"Tombamento";"Com Vítimas Feridas";"Pleno dia";"Decrescente";"Céu Claro";"Simples";"Reta";"Não";1;0;1;0;0;0;1;1;-23,04989996;-49,92880418;"SPRF-PR";"DEL07-PR";"UOP04-DEL07-PR"
549644;2023-09-19;"terça-feira";"03:30:00";"PE";110;139,1;"IBIMIRIM";"Animais na Pista";"Colisão com objeto";"Sem Vítimas";"Plena Noite";"Crescente";"Nublado";"Simples";"Reta";"Não";1;0;0;0;1;0;0;1;-8,5108371;-37,62351999;"SPRF-PE";"DEL04-PE";"UOP02-DEL04-PE"
549645;2023-09-19;"terça-feira";"06:00:00";"RJ";40;121;"DUQUE DE CAXIAS";"Ingestão de álcool pelo condutor";"Colisão lateral mesmo sentido";"Com Vítimas Feridas";"Amanhecer";"Decrescente";"Céu Claro";"Dupla";"Reta";"Sim";3;0;1;0;2;0;1;3;-22,78185499;-43,28571273;"SPRF-RJ";"DEL01-RJ";"UOP01-DEL01-RJ"
549646;2023-09-19;"terça-feira";"09:20:00";"SC";101;195,3;"BIGUACU";"Condutor deixou de manter distância do veículo da frente";"Colisão traseira";"Com Vítimas Feridas";"Pleno dia";"Decrescente";"Sol";"Múltipla";"Reta";"Sim";2;0;1;0;0;1;1;2;-27,5047092;-48,65010819;"SPRF-SC";"DEL01-SC";"UOP01-DEL01-SC"
549647;2023-09-19;"terça-feira";"08:50:00";"BA";324;611;"SIMOES FILHO";"Manobra de mudança de faixa";"Colisão traseira";"Com Vítimas Feridas";"Pleno dia";"Decrescente";"Céu Claro";"Dupla";"Aclive";"Sim";2;0;1;0;1;0;1;2;-12,83798396;-38,41427011;"SPRF-BA";"DEL01-BA";"UOP01-DEL01-BA"
549648;2023-09-19;"terça-feira";"09:30:00";"MG";381;483;"BETIM";"Reação tardia ou ineficiente do condutor";"Engavetamento";"Sem Vítimas";"Pleno dia";"Crescente";"Céu Claro";"Dupla";"Reta";"Não";7;0;0;0;7;0;0;6;-19,95594491;-44,10721699;"SPRF-MG";"DEL01-MG";"UOP03-DEL01-MG"
549649;2023-09-19;"terça-feira";"08:05:00";"MG";116;701,9;"MURIAE";"Desrespeitar a preferência no cruzamento";"Colisão transversal";"Com Vítimas Feridas";"Pleno dia";"Crescente";"Sol";"Simples";"Interseção de Vias;Reta";"Sim";2;0;1;0;1;0;1;2;-21,11084891;-42,3806104;"SPRF-MG";"DEL07-MG";"UOP02-DEL07-MG"
549650;2023-09-19;"terça-feira";"09:10:00";"PR";376;176,5;"MARINGA";"Reação tardia ou ineficiente do condutor";"Queda de ocupante de veículo";"Com Vítimas Feridas";"Pleno dia";"Decrescente";"Nublado";"Dupla";"Declive;Reta";"Sim";1;0;0;1;0;0;1;1;-23,41269173;-51,93158327;"SPRF-PR";"DEL09-PR";"UOP01-DEL09-PR"
549651;2023-09-19;"terça-feira";"08:30:00";"RS";285;259;"AGUA SANTA";"Acumulo de água sobre o pavimento";"Saída de leito carroçável";"Com Vítimas Feridas";"Pleno dia";"Crescente";"Chuva";"Simples";"Reta;Aclive";"Não";1;0;1;0;0;0;1;1;-28,304871;-52,070885;"SPRF-RS";"DEL08-RS";"UOP03-DEL08-RS"
549652;2023-09-19;"terça-feira";"10:10:00";"SC";116;207,5;"PONTE ALTA";"Reação tardia ou ineficiente do condutor";"Colisão com objeto";"Com Vítimas Feridas";"Pleno dia";"Crescente";"Nublado";"Simples";"Rotatória";"Sim";1;0;1;0;0;0;1;1;-27,48483607;-50,37802756;"SPRF-SC";"DEL05-SC";"UOP03-DEL05-SC"
549653;2023-09-19;"terça-feira";"10:10:00";"BA";116;438;"FEIRA DE SANTANA";"Avarias e/ou desgaste excessivo no pneu";"Colisão com objeto";"Com Vítimas Feridas";"Pleno dia";"Decrescente";"Céu Claro";"Dupla";"Reta";"Não";2;0;0;2;0;0;2;1;-12,31624811;-39,04401672;"SPRF-BA";"DEL02-BA";"UOP01-DEL02-BA"
549654;2023-09-19;"terça-feira";"10:25:00";"RS";0;0;"CAXIAS DO SUL";"Acumulo de água sobre o pavimento";"Saída de leito carroçável";"Sem Vítimas";"Pleno dia";"Não Informado";"Chuva";"Dupla";"Reta";"Sim";2;0;0;0;2;0;0;1;-29,15289213;-51,16345882;"SPRF-RS";"DEL05-RS";"UOP01-DEL05-RS"
549659;2023-09-19;"terça-feira";"07:40:00";"RO";364;236,7;"CACOAL";"Condutor deixou de manter distância do veículo da frente";"Colisão lateral mesmo sentido";"Com Vítimas Feridas";"Pleno dia";"Crescente";"Sol";"Simples";"Reta";"Sim";2;0;1;0;1;0;1;2;-11,44587672;-61,43784993;"SPRF-RO";"DEL02-RO";"UOP02-DEL02-RO"
549661;2023-09-19;"terça-feira";"10:55:00";"RJ";116;315,8;"ITATIAIA";"Reação tardia ou ineficiente do condutor";"Colisão com objeto";"Com Vítimas Feridas";"Pleno dia";"Decrescente";"Céu Claro";"Dupla";"Reta";"Não";2;0;1;0;1;0;1;2;-22,46504902;-44,48890426;"SPRF-RJ";"DEL07-RJ";"UOP02-DEL07-RJ"
549662;2023-09-19;"terça-feira";"11:20:00";"GO";60;332;"ACREUNA";"Condutor Dormindo";"Saída de leito carroçável";"Com Vítimas Feridas";"Pleno dia";"Crescente";"Céu Claro";"Dupla";"Reta";"Não";3;0;2;1;0;0;3;1;-17,5545;-50,5373;"SPRF-GO";"DEL04-GO";"UOP02-DEL04-GO"
549663;2023-09-19;"terça-feira";"06:50:00";"RJ";101;575;"PARATY";"Acessar a via sem observar a presença dos outros veículos";"Colisão lateral mesmo sentido";"Com Vítimas Feridas";"Pleno dia";"Crescente";"Céu Claro";"Dupla";"Rotatória";"Sim";2;0;2;0;0;0;2;2;-23,21978585;-44,73466957;"SPRF-RJ";"DEL03-RJ";"UOP04-DEL03-RJ"
549665;2023-09-19;"terça-feira";"12:00:00";"BA";116;365;"SERRINHA";"Velocidade Incompatível";"Saída de leito carroçável";"Com Vítimas Feridas";"Pleno dia";"Crescente";"Céu Claro";"Simples";"Reta";"Não";2;0;2;0;0;0;2;1;-11,716082;-38,98655168;"SPRF-BA";"DEL02-BA";"UOP01-DEL02-BA"
549669;2023-09-19;"terça-feira";"12:24:00";"SC";101;210,4;"SAO JOSE";"Reação tardia ou ineficiente do condutor";"Colisão frontal";"Com Vítimas Feridas";"Pleno dia";"Crescente";"Nublado";"Múltipla";"Reta";"Sim";3;0;1;0;2;0;1;2;-27,61735871;-48,64642024;"SPRF-SC";"DEL01-SC";"UOP01-DEL01-SC"
549670;2023-09-19;"terça-feira";"13:10:00";"PA";316;49;"CASTANHAL";"Ausência de reação do condutor";"Saída de leito carroçável";"Com Vítimas Feridas";"Pleno dia";"Decrescente";"Chuva";"Dupla";"Reta";"Não";1;0;1;0;0;0;1;1;-1,29792183;-48,04943584;"SPRF-PA";"DEL01-PA";"UOP01-DEL01-PA"
549674;2023-09-19;"terça-feira";"13:50:00";"RN";304;303;"PARNAMIRIM";"Animais na Pista";"Saída de leito carroçável";"Com Vítimas Feridas";"Pleno dia";"Crescente";"Garoa/Chuvisco";"Dupla";"Reta";"Não";1;0;1;0;0;0;1;1;-5,884586;-35,282587;"SPRF-RN";"DEL01-RN";"UOP02-DEL01-RN"
549675;2023-09-19;"terça-feira";"13:30:00";"MG";262;706,9;"ARAXA";"Acessar a via sem observar a presença dos outros veículos";"Colisão transversal";"Com Vítimas Feridas";"Pleno dia";"Decrescente";"Sol";"Simples";"Reta";"Não";3;0;0;2;1;0;2;2;-19,59226631;-47,10943711;"SPRF-MG";"DEL08-MG";"UOP01-DEL08-MG"
549682;2023-09-19;"terça-feira";"14:35:00";"SC";282;5,3;"SAO JOSE";"Condutor deixou de manter distância do veículo da frente";"Colisão traseira";"Com Vítimas Feridas";"Pleno dia";"Crescente";"Nublado";"Múltipla";"Reta";"Sim";2;0;1;0;1;0;1;2;-27,588425;-48,612919;"SPRF-SC";"DEL01-SC";"UOP01-DEL01-SC"
549685;2023-09-19;"terça-feira";"14:40:00";"PE";232;7,3;"RECIFE";"Manobra de mudança de faixa";"Colisão traseira";"Com Vítimas Feridas";"Pleno dia";"Decrescente";"Nublado";"Dupla";"Reta";"Sim";3;0;0;2;1;0;2;2;-8,07444;-34,964982;"SPRF-PE";"DEL01-PE";"UOP01-DEL01-PE"
549687;2023-09-19;"terça-feira";"14:00:00";"PE";428;189;"PETROLINA";"Condutor deixou de manter distância do veículo da frente";"Colisão traseira";"Com Vítimas Feridas";"Pleno dia";"Crescente";"Nublado";"Múltipla";"Rotatória";"Sim";2;0;1;0;1;0;1;2;-9,374237;-40,488326;"SPRF-PE";"DEL06-PE";"UOP01-DEL06-PE"
549690;2023-09-19;"terça-feira";"15:39:00";"BA";101;159,6;"CONCEICAO DO JACUIPE";"Manobra de mudança de faixa";"Colisão lateral mesmo sentido";"Com Vítimas Feridas";"Pleno dia";"Crescente";"Céu Claro";"Dupla";"Reta";"Não";2;0;1;0;0;1;1;2;-12,35551436;-38,782478;"SPRF-BA";"DEL01-BA";"UOP03-DEL01-BA"
549691;2023-09-19;"terça-feira";"14:45:00";"RN";304;36;"MOSSORO";"Manobra de mudança de faixa";"Colisão lateral mesmo sentido";"Sem Vítimas";"Pleno dia";"Crescente";"Céu Claro";"Dupla";"Reta";"Sim";2;0;0;0;2;0;0;2;-5,16853634;-37,35540171;"SPRF-RN";"DEL04-RN";"UOP02-DEL04-RN"
549692;2023-09-19;"terça-feira";"13:00:00";"BA";20;14;"CORRENTINA";"Reação tardia ou ineficiente do condutor";"Capotamento";"Com Vítimas Fatais";"Pleno dia";"Decrescente";"Céu Claro";"Simples";"Reta";"Não";4;1;0;3;0;0;3;1;-13,848831;-46,177841;"SPRF-BA";"DEL10-BA";"UOP01-DEL10-BA"
549693;2023-09-19;"terça-feira";"00:40:00";"RJ";101;70;"CAMPOS DOS GOYTACAZES";"Transitar no Acostamento";"Colisão traseira";"Com Vítimas Feridas";"Plena Noite";"Crescente";"Céu Claro";"Simples";"Reta";"Não";2;0;1;0;0;1;1;2;-21,781011;-41,373363;"SPRF-RJ";"DEL08-RJ";"UOP02-DEL08-RJ"
549694;2023-09-19;"terça-feira";"13:10:00";"MT";163;755;"SORRISO";"Acessar a via sem observar a presença dos outros veículos";"Colisão transversal";"Com Vítimas Feridas";"Pleno dia";"Crescente";"Céu Claro";"Dupla";"Reta;Aclive";"Não";2;0;0;1;1;0;1;2;-12,52751215;-55,70371985;"SPRF-MT";"DEL06-MT";"UOP01-DEL06-MT"
549696;2023-09-03;"domingo";"16:35:00";"MG";381;477;"CONTAGEM";"Manobra de mudança de faixa";"Colisão lateral mesmo sentido";"Com Vítimas Feridas";"Pleno dia";"Decrescente";"Céu Claro";"Dupla";"Reta";"Sim";2;0;0;1;1;0;1;2;-19,96179268;-44,05041676;"SPRF-MG";"DEL01-MG";"UOP03-DEL01-MG"
549698;2023-09-19;"terça-feira";"14:30:00";"RO";364;677,6;"CANDEIAS DO JAMARI";"Reação tardia ou ineficiente do condutor";"Engavetamento";"Com Vítimas Feridas";"Pleno dia";"Crescente";"Céu Claro";"Simples";"Em Obras;Reta";"Não";6;0;2;0;4;0;2;3;-8,78080028;-63,54351197;"SPRF-RO";"DEL01-RO";"UOP01-DEL01-RO"
549700;2023-07-01;"sábado";"22:15:00";"RS";290;90,3;"PORTO ALEGRE";"Manobra de mudança de faixa";"Colisão lateral mesmo sentido";"Com Vítimas Feridas";"Plena Noite";"Crescente";"Céu Claro";"Múltipla";"Reta";"Não";5;0;1;0;3;1;1;3;-29,968319;-51,157398;"SPRF-RS";"DEL01-RS";"UOP01-DEL01-RS"
549701;2023-06-27;"terça-feira";"14:20:00";"BA";324;611;"SIMOES FILHO";"Ausência de reação do condutor";"Colisão traseira";"Com Vítimas Feridas";"Pleno dia";"Crescente";"Céu Claro";"Dupla";"Reta";"Não";3;0;1;0;2;0;1;2;-12,83798396;-38,41427011;"SPRF-BA";"DEL01-BA";"UOP01-DEL01-BA"
549704;2023-09-18;"segunda-feira";"13:35:00";"RS";470;227;"GARIBALDI";"Condutor deixou de manter distância do veículo da frente";"Colisão traseira";"Sem Vítimas";"Pleno dia";"Decrescente";"Nublado";"Simples";"Interseção de Vias;Reta";"Não";3;0;0;0;3;0;0;2;-29,21657705;-51,51722624;"SPRF-RS";"DEL06-RS";"UOP01-DEL06-RS"
549705;2023-09-19;"terça-feira";"15:30:00";"AL";104;38;"UNIAO DOS PALMARES";"Reação tardia ou ineficiente do condutor";"Queda de ocupante de veículo";"Com Vítimas Feridas";"Pleno dia";"Decrescente";"Nublado";"Simples";"Reta";"Sim";1;0;1;0;0;0;1;1;-9,18136996;-36,03557612;"SPRF-AL";"DEL01-AL";"UOP02-DEL01-AL"
549707;2023-09-19;"terça-feira";"15:30:00";"SC";280;52,2;"GUARAMIRIM";"Reação tardia ou ineficiente do condutor";"Colisão lateral mesmo sentido";"Com Vítimas Feridas";"Pleno dia";"Decrescente";"Céu Claro";"Dupla";"Em Obras";"Não";2;0;1;0;1;0;1;2;-26,468904;-48,96492;"SPRF-SC";"DEL03-SC";"UOP03-DEL03-SC"
549711;2023-09-19;"terça-feira";"15:00:00";"PR";280;257,7;"MARMELEIRO";"Velocidade Incompatível";"Saída de leito carroçável";"Com Vítimas Feridas";"Pleno dia";"Decrescente";"Nublado";"Simples";"Reta";"Não";1;0;0;1;0;0;1;1;-26,16132175;-53,0402341;"SPRF-PR";"DEL02-PR";"UOP01-DEL02-PR"
549713;2023-09-19;"terça-feira";"17:35:00";"RS";470;219,4;"BENTO GONCALVES";"Conversão proibida";"Colisão lateral mesmo sentido";"Sem Vítimas";"Pleno dia";"Crescente";"Céu Claro";"Simples";"Curva;Declive";"Sim";2;0;0;0;2;0;0;2;-29,19311;-51,521238;"SPRF-RS";"DEL06-RS";"UOP01-DEL06-RS"
549715;2023-09-19;"terça-feira";"17:00:00";"PR";369;178;"ROLANDIA";"Ausência de reação do condutor";"Atropelamento de Pedestre";"Com Vítimas Feridas";"Pleno dia";"Crescente";"Céu Claro";"Dupla";"Reta";"Não";3;0;1;0;1;1;1;2;-23,35697893;-51,39499247;"SPRF-PR";"DEL07-PR";"UOP01-DEL07-PR"
549718;2023-09-19;"terça-feira";"16:50:00";"PE";423;92;"GARANHUNS";"Acessar a via sem observar a presença dos outros veículos";"Colisão transversal";"Com Vítimas Feridas";"Anoitecer";"Crescente";"Chuva";"Simples";"Reta;Aclive";"Sim";8;0;2;0;3;3;2;4;-8,8619549;-36,46381174;"SPRF-PE";"DEL03-PE";"UOP01-DEL03-PE"
549719;2023-09-19;"terça-feira";"18:00:00";"RS";116;151,7;"CAXIAS DO SUL";"Acessar a via sem observar a presença dos outros veículos";"Colisão transversal";"Com Vítimas Feridas";"Anoitecer";"Crescente";"Nublado";"Dupla";"Interseção de Vias;Reta";"Sim";3;0;1;0;2;0;1;2;-29,1818218;-51,16620541;"SPRF-RS";"DEL05-RS";"UOP01-DEL05-RS"
549720;2023-09-19;"terça-feira";"17:15:00";"PR";369;19,1;"CAMBARA";"Acesso irregular";"Colisão frontal";"Com Vítimas Feridas";"Pleno dia";"Crescente";"Céu Claro";"Simples";"Reta";"Sim";4;0;0;1;3;0;1;2;-23,03665769;-50,07582532;"SPRF-PR";"DEL07-PR";"UOP05-DEL07-PR"
549721;2023-09-19;"terça-feira";"17:35:00";"PI";343;3,5;"PARNAIBA";"Desrespeitar a preferência no cruzamento";"Colisão transversal";"Com Vítimas Feridas";"Anoitecer";"Crescente";"Céu Claro";"Simples";"Curva;Interseção de Vias";"Não";2;0;1;0;0;1;1;2;-2,90124;-41,680931;"SPRF-PI";"DEL05-PI";"UOP01-DEL05-PI"
549722;2023-09-19;"terça-feira";"16:40:00";"MG";262;443;"NOVA SERRANA";"Reação tardia ou ineficiente do condutor";"Colisão traseira";"Sem Vítimas";"Pleno dia";"Crescente";"Céu Claro";"Simples";"Interseção de Vias";"Não";2;0;0;0;2;0;0;2;-19,88065393;-44,92197102;"SPRF-MG";"DEL08-MG";"UOP03-DEL08-MG"