"id";"data_inversa";"dia_semana";"horario";"uf";"br";"km";"municipio";"causa_acidente";"tipo_acidente";"classificacao_acidente";"fase_dia";"sentido_via";"condicao_metereologica";"tipo_pista";"tracado_via";"uso_solo";"pessoas";"mortos";"feridos_leves";"feridos_graves";"ilesos";"ignorados";"feridos";"veiculos";"latitude";"longitude";"regional";"delegacia";"uop"
549723;2023-09-19;"terça-feira";"18:20:00";"SP";116;220;"GUARULHOS";"Reação tardia ou ineficiente do condutor";"Colisão lateral mesmo sentido";"Com Vítimas Feridas";"Anoitecer";"Decrescente";"Céu Claro";"Múltipla";"Reta";"Sim";2;0;1;0;1;0;1;2;-23,46472809;-46,49793962;"SPRF-SP";"DEL01-SP";"UOP01-DEL01-SP"
549724;2023-09-19;"terça-feira";"17:30:00";"GO";50;96;"CRISTALINA";"Ausência de reação do condutor";"Engavetamento";"Com Vítimas Feridas";"Pleno dia";"Crescente";"Céu Claro";"Simples";"Reta";"Sim";4;0;1;0;1;2;1;3;-16,9309;-47,7117;"SPRF-DF";"DEL01-DF";"UOP02-DEL01-DF"
549726;2023-09-19;"terça-feira";"07:40:00";"SC";116;122,7;"SANTA CECILIA";"Demais falhas mecânicas ou elétricas";"Incêndio";"Sem Vítimas";"Pleno dia";"Decrescente";"Nublado";"Simples";"Reta";"Não";1;0;0;0;1;0;0;1;-26,83694681;-50,39216836;"SPRF-SC";"DEL06-SC";"UOP02-DEL06-SC"
549727;2023-09-19;"terça-feira";"18:30:00";"RS";470;217,5;"BENTO GONCALVES";"Acessar a via sem observar a presença dos outros veículos";"Colisão transversal";"Com Vítimas Feridas";"Plena Noite";"Crescente";"Nublado";"Simples";"Interseção de Vias;Declive";"Sim";2;0;1;0;0;1;1;2;-29,1783344;-51,51835799;"SPRF-RS";"DEL06-RS";"UOP01-DEL06-RS"
549728;2023-09-19;"terça-feira";"18:30:00";"SC";101;192,8;"BIGUACU";"Condutor deixou de manter distância do veículo da frente";"Colisão traseira";"Com Vítimas Feridas";"Plena Noite";"Crescente";"Chuva";"Múltipla";"Reta";"Sim";2;0;1;0;1;0;1;2;-27,48443781;-48,64765238;"SPRF-SC";"DEL01-SC";"UOP01-DEL01-SC"
549729;2023-09-19;"terça-feira";"18:00:00";"PR";376;171,8;"MARINGA";"Demais falhas mecânicas ou elétricas";"Incêndio";"Sem Vítimas";"Anoitecer";"Crescente";"Nublado";"Dupla";"Reta";"Sim";2;0;0;0;2;0;0;1;-23,41822772;-51,97500595;"SPRF-PR";"DEL09-PR";"UOP01-DEL09-PR"
549730;2023-09-19;"terça-feira";"18:48:00";"PE";101;79;"RECIFE";"Condutor deixou de manter distância do veículo da frente";"Colisão traseira";"Com Vítimas Feridas";"Plena Noite";"Decrescente";"Céu Claro";"Dupla";"Reta";"Sim";2;0;0;1;1;0;1;2;-8,14366112;-34,94723453;"SPRF-PE";"DEL01-PE";"UOP01-DEL01-PE"
549731;2023-09-06;"quarta-feira";"08:50:00";"SC";101;163;"TIJUCAS";"Reação tardia ou ineficiente do condutor";"Colisão traseira";"Com Vítimas Feridas";"Pleno dia";"Crescente";"Céu Claro";"Múltipla";"Reta";"Sim";1;0;0;1;0;0;1;1;-27,23363895;-48,63049865;"SPRF-SC";"DEL04-SC";"UOP03-DEL04-SC"
549732;2023-09-19;"terça-feira";"17:40:00";"ES";393;15,3;"MUQUI";"Manobra de mudança de faixa";"Colisão lateral mesmo sentido";"Com Vítimas Feridas";"Pleno dia";"Crescente";"Céu Claro";"Simples";"Reta";"Não";2;0;1;0;0;1;1;2;-20,88483421;-41,27113492;"SPRF-ES";"DEL03-ES";"UOP02-DEL03-ES"
549733;2023-09-19;"terça-feira";"10:00:00";"PR";277;56;"SAO JOSE DOS PINHAIS";"Demais falhas mecânicas ou elétricas";"Tombamento";"Com Vítimas Feridas";"Pleno dia";"Decrescente";"Céu Claro";"Dupla";"Reta";"Não";2;0;1;0;1;0;1;1;-25,58612344;-48,95485311;"SPRF-PR";"DEL01-PR";"UOP01-DEL01-PR"
549734;2023-09-19;"terça-feira";"19:12:00";"CE";116;5;"FORTALEZA";"Demais falhas mecânicas ou elétricas";"Incêndio";"Sem Vítimas";"Plena Noite";"Crescente";"Céu Claro";"Dupla";"Reta";"Não";1;0;0;0;0;1;0;1;-3,79467116;-38,50772734;"SPRF-CE";"DEL01-CE";"UOP02-DEL01-CE"
549735;2023-09-19;"terça-feira";"19:07:00";"ES";101;387,4;"RIO NOVO DO SUL";"Ausência de reação do condutor";"Saída de leito carroçável";"Com Vítimas Feridas";"Plena Noite";"Crescente";"Céu Claro";"Simples";"Reta";"Não";2;0;2;0;0;0;2;1;-20,84937594;-40,87581007;"SPRF-ES";"DEL03-ES";"UOP01-DEL03-ES"
549738;2023-09-19;"terça-feira";"18:30:00";"PB";230;23,5;"JOAO PESSOA";"Ausência de reação do condutor";"Colisão traseira";"Com Vítimas Feridas";"Plena Noite";"Decrescente";"Nublado";"Dupla";"Viaduto;Reta";"Sim";2;0;1;0;0;1;1;2;-7,1707;-34,8684;"SPRF-PB";"DEL01-PB";"UOP01-DEL01-PB"
549740;2023-09-19;"terça-feira";"19:15:00";"SC";470;57,8;"BLUMENAU";"Acessar a via sem observar a presença dos outros veículos";"Colisão lateral mesmo sentido";"Com Vítimas Feridas";"Plena Noite";"Decrescente";"Chuva";"Múltipla";"Em Obras;Rotatória;Viaduto";"Sim";2;0;1;0;1;0;1;1;-26,88266709;-49,14157212;"SPRF-SC";"DEL04-SC";"UOP01-DEL04-SC"
549741;2023-09-19;"terça-feira";"19:10:00";"RJ";116;180,9;"NOVA IGUACU";"Reação tardia ou ineficiente do condutor";"Colisão traseira";"Com Vítimas Feridas";"Plena Noite";"Crescente";"Céu Claro";"Dupla";"Reta";"Sim";4;0;2;0;2;0;2;3;-22,76243755;-43,42116058;"SPRF-RJ";"DEL01-RJ";"UOP02-DEL01-RJ"
549744;2023-09-19;"terça-feira";"18:45:00";"MG";116;704,1;"MURIAE";"Acessar a via sem observar a presença dos outros veículos";"Colisão transversal";"Com Vítimas Fatais";"Plena Noite";"Crescente";"Céu Claro";"Simples";"Reta";"Sim";2;1;0;0;1;0;0;2;-21,19789787;-42,38409067;"SPRF-MG";"DEL07-MG";"UOP02-DEL07-MG"
549745;2023-09-19;"terça-feira";"17:00:00";"GO";70;343;"JUSSARA";"Acessar a via sem observar a presença dos outros veículos";"Colisão lateral mesmo sentido";"Com Vítimas Feridas";"Anoitecer";"Decrescente";"Chuva";"Simples";"Interseção de Vias;Reta";"Não";2;0;1;0;0;1;1;2;-15,9063384;-51,11528819;"SPRF-GO";"DEL04-GO";"UOP02-DEL04-GO"
549747;2023-09-19;"terça-feira";"19:10:00";"MT";158;677,3;"NOVA XAVANTINA";"Ultrapassagem Indevida";"Colisão frontal";"Com Vítimas Fatais";"Plena Noite";"Decrescente";"Céu Claro";"Simples";"Curva";"Não";4;1;2;0;0;1;2;3;-14,86218401;-52,29108232;"SPRF-MT";"DEL07-MT";"UOP01-DEL07-MT"
549748;2023-09-19;"terça-feira";"19:30:00";"RJ";393;285,2;"VOLTA REDONDA";"Conversão proibida";"Colisão transversal";"Com Vítimas Feridas";"Plena Noite";"Crescente";"Céu Claro";"Simples";"Reta;Em Obras";"Sim";2;0;1;0;1;0;1;2;-22,481726;-44,06308602;"SPRF-RJ";"DEL05-RJ";"UOP04-DEL05-RJ"
549750;2023-09-19;"terça-feira";"17:30:00";"RJ";393;175,6;"TRES RIOS";"Ausência de reação do condutor";"Colisão com objeto";"Com Vítimas Feridas";"Anoitecer";"Decrescente";"Céu Claro";"Simples";"Rotatória";"Sim";1;0;1;0;0;0;1;1;-22,12424774;-43,23171616;"SPRF-RJ";"DEL05-RJ";"UOP03-DEL05-RJ"
549751;2023-09-19;"terça-feira";"18:46:00";"SC";101;214;"PALHOCA";"Demais falhas mecânicas ou elétricas";"Eventos atípicos";"Sem Vítimas";"Plena Noite";"Crescente";"Chuva";"Múltipla";"Reta";"Sim";1;0;0;0;1;0;0;1;-27,64443;-48,67057;"SPRF-SC";"DEL01-SC";"UOP02-DEL01-SC"
549753;2023-09-19;"terça-feira";"20:45:00";"SP";116;230;"SAO PAULO";"Reação tardia ou ineficiente do condutor";"Colisão com objeto";"Com Vítimas Fatais";"Plena Noite";"Crescente";"Céu Claro";"Múltipla";"Reta";"Sim";3;2;0;0;0;1;0;2;-23,52251783;-46,5855702;"SPRF-SP";"DEL01-SP";"UOP01-DEL01-SP"
549756;2023-09-19;"terça-feira";"20:10:00";"SP";116;274;"TABOAO DA SERRA";"Trafegar com motocicleta (ou similar) entre as faixas";"Colisão traseira";"Com Vítimas Feridas";"Plena Noite";"Decrescente";"Céu Claro";"Múltipla";"Reta";"Sim";3;0;1;0;1;1;1;3;-23,63445084;-46,82418514;"SPRF-SP";"DEL04-SP";"UOP01-DEL04-SP"
549758;2023-09-09;"sábado";"16:10:00";"SC";282;561,6;"NOVA ERECHIM";"Ultrapassagem Indevida";"Colisão lateral mesmo sentido";"Com Vítimas Feridas";"Pleno dia";"Decrescente";"Céu Claro";"Simples";"Reta";"Não";4;0;3;0;1;0;3;3;-26,919464;-52,861614;"SPRF-SC";"DEL07-SC";"UOP02-DEL07-SC"
549759;2023-09-16;"sábado";"07:00:00";"RJ";493;87;"SEROPEDICA";"Avarias e/ou desgaste excessivo no pneu";"Queda de ocupante de veículo";"Com Vítimas Feridas";"Pleno dia";"Decrescente";"Céu Claro";"Dupla";"Reta";"Não";2;0;1;0;1;0;1;1;-22,67864874;-43,66172791;"SPRF-RJ";"DEL01-RJ";"UOP03-DEL01-RJ"
549760;2023-09-19;"terça-feira";"21:10:00";"SC";101;136;"BALNEARIO CAMBORIU";"Acumulo de água sobre o pavimento";"Saída de leito carroçável";"Com Vítimas Feridas";"Plena Noite";"Decrescente";"Chuva";"Múltipla";"Curva";"Sim";1;0;1;0;0;0;1;1;-27,008113;-48,617245;"SPRF-SC";"DEL04-SC";"UOP03-DEL04-SC"
549761;2023-07-10;"segunda-feira";"06:45:00";"RS";285;653;"SAO BORJA";"Reação tardia ou ineficiente do condutor";"Saída de leito carroçável";"Com Vítimas Feridas";"Amanhecer";"Crescente";"Nevoeiro/Neblina";"Simples";"Reta";"Não";1;0;1;0;0;0;1;1;-28,634045;-55,789932;"SPRF-RS";"DEL12-RS";"UOP01-DEL12-RS"
549764;2023-09-19;"terça-feira";"21:50:00";"SC";101;131;"BALNEARIO CAMBORIU";"Reação tardia ou ineficiente do condutor";"Colisão com objeto";"Com Vítimas Feridas";"Plena Noite";"Decrescente";"Garoa/Chuvisco";"Dupla";"Interseção de Vias";"Sim";1;0;1;0;0;0;1;1;-26,99064209;-48,66310912;"SPRF-SC";"DEL04-SC";"UOP03-DEL04-SC"
549765;2023-09-19;"terça-feira";"21:18:00";"PE";232;65;"POMBOS";"Chuva";"Capotamento";"Sem Vítimas";"Plena Noite";"Decrescente";"Chuva";"Simples";"Curva";"Não";1;0;0;0;0;1;0;1;-8,16580545;-35,44759154;"SPRF-PE";"DEL02-PE";"UOP02-DEL02PE"
549766;2023-09-19;"terça-feira";"23:00:00";"BA";324;562;"SAO SEBASTIAO DO PASSE";"Iluminação deficiente";"Atropelamento de Pedestre";"Com Vítimas Fatais";"Plena Noite";"Decrescente";"Céu Claro";"Dupla";"Reta";"Não";4;1;0;0;3;0;0;2;-12,503202;-38,639217;"SPRF-BA";"DEL01-BA";"UOP01-DEL01-BA"
549770;2023-09-20;"quarta-feira";"00:34:00";"TO";153;385;"MIRANORTE";"Pedestre andava na pista";"Atropelamento de Pedestre";"Com Vítimas Fatais";"Plena Noite";"Crescente";"Céu Claro";"Simples";"Declive";"Não";2;1;0;0;0;1;0;2;-9,41877102;-48,57151689;"SPRF-TO";"DEL02-TO";"UOP02-DEL02-TO"
549773;2023-09-20;"quarta-feira";"00:21:00";"SC";280;134;"RIO NEGRINHO";"Transitar na contramão";"Colisão lateral sentido oposto";"Sem Vítimas";"Plena Noite";"Crescente";"Céu Claro";"Simples";"Curva";"Não";2;0;0;0;2;0;0;2;-26,27250478;-49,5633014;"SPRF-SC";"DEL06-SC";"UOP03-DEL06-SC"
549775;2023-09-20;"quarta-feira";"02:40:00";"RS";116;237;"NOVO HAMBURGO";"Avarias e/ou desgaste excessivo no pneu";"Colisão com objeto";"Com Vítimas Feridas";"Plena Noite";"Decrescente";"Nublado";"Dupla";"Reta";"Sim";1;0;1;0;0;0;1;1;-29,67839398;-51,1422266;"SPRF-RS";"DEL01-RS";"UOP02-DEL01-RS"
549776;2023-09-20;"quarta-feira";"01:40:00";"PR";116;45,3;"CAMPINA GRANDE DO SUL";"Reação tardia ou ineficiente do condutor";"Capotamento";"Com Vítimas Feridas";"Plena Noite";"Crescente";"Garoa/Chuvisco";"Dupla";"Curva";"Não";2;0;2;0;0;0;2;1;-25,19971272;-48,89532924;"SPRF-PR";"DEL01-PR";"UOP02-DEL01-PR"
549777;2023-09-20;"quarta-feira";"03:00:00";"MG";40;525,1;"CONTAGEM";"Condutor deixou de manter distância do veículo da frente";"Colisão traseira";"Com Vítimas Feridas";"Plena Noite";"Crescente";"Ignorado";"Dupla";"Reta";"Sim";2;0;1;0;0;1;1;2;-19,88361702;-44,05039336;"SPRF-MG";"DEL01-MG";"UOP02-DEL01-MG"
549778;2023-09-19;"terça-feira";"21:15:00";"PB";230;161;"CAMPINA GRANDE";"Animais na Pista";"Atropelamento de Animal";"Com Vítimas Feridas";"Plena Noite";"Crescente";"Céu Claro";"Simples";"Reta";"Não";1;0;1;0;0;0;1;1;-7,2361;-35,941;"SPRF-PB";"DEL02-PB";"UOP01-DEL02-PB"
549779;2023-09-20;"quarta-feira";"03:40:00";"MG";40;518;"RIBEIRAO DAS NEVES";"Ausência de reação do condutor";"Saída de leito carroçável";"Com Vítimas Fatais";"Plena Noite";"Decrescente";"Céu Claro";"Dupla";"Reta";"Não";1;1;0;0;0;0;0;1;-19,8321242;-44,08208533;"SPRF-MG";"DEL01-MG";"UOP02-DEL01-MG"
549781;2023-09-20;"quarta-feira";"04:30:00";"ES";101;68;"SAO MATEUS";"Ausência de reação do condutor";"Colisão com objeto";"Com Vítimas Feridas";"Plena Noite";"Crescente";"Céu Claro";"Simples";"Aclive;Reta";"Sim";1;0;0;1;0;0;1;1;-18,726597;-39,85975;"SPRF-ES";"DEL04-ES";"UOP02-DEL04-ES"
549782;2023-09-20;"quarta-feira";"04:00:00";"PR";369;394,5;"MAMBORE";"Ingestão de álcool pelo condutor";"Colisão lateral sentido oposto";"Com Vítimas Feridas";"Plena Noite";"Crescente";"Céu Claro";"Simples";"Curva";"Não";3;0;1;0;2;0;1;2;-24,2872;-52,5668;"SPRF-PR";"DEL04-PR";"UOP03-DEL04-PR"
549783;2023-09-20;"quarta-feira";"05:30:00";"RS";116;265,8;"CANOAS";"Reação tardia ou ineficiente do condutor";"Colisão com objeto";"Com Vítimas Feridas";"Plena Noite";"Decrescente";"Nublado";"Dupla";"Reta";"Sim";1;0;1;0;0;0;1;1;-29,9234230189;-51,177809442;"SPRF-RS";"DEL01-RS";"UOP01-DEL01-RS"
549785;2023-09-20;"quarta-feira";"04:30:00";"PR";376;13;"MARINGA";"Ausência de reação do condutor";"Saída de leito carroçável";"Sem Vítimas";"Plena Noite";"Crescente";"Céu Claro";"Dupla";"Curva";"Não";1;0;0;0;1;0;0;1;-23,42111701;-51,88368559;"SPRF-PR";"DEL09-PR";"UOP01-DEL09-PR"
549786;2023-09-20;"quarta-feira";"05:41:00";"TO";153;334;"GUARAI";"Ausência de reação do condutor";"Saída de leito carroçável";"Com Vítimas Feridas";"Amanhecer";"Decrescente";"Céu Claro";"Dupla";"Reta";"Sim";1;0;0;1;0;0;1;1;-8,835718;-48,512123;"SPRF-TO";"DEL02-TO";"UOP02-DEL02-TO"
549787;2023-09-20;"quarta-feira";"03:25:00";"RS";386;245,6;"SOLEDADE";"Ingestão de álcool e/ou substâncias psicoativas pelo pedestre";"Saída de leito carroçável";"Sem Vítimas";"Plena Noite";"Decrescente";"Nublado";"Simples";"Reta";"Não";4;0;0;0;4;0;0;1;-28,80587267;-52,50537872;"SPRF-RS";"DEL04-RS";"UOP03-DEL04-RS"
549788;2023-09-20;"quarta-feira";"06:02:00";"RS";386;349,2;"LAJEADO";"Reação tardia ou ineficiente do condutor";"Colisão com objeto";"Com Vítimas Feridas";"Amanhecer";"Decrescente";"Céu Claro";"Dupla";"Em Obras;Ponte;Viaduto;Reta";"Sim";3;0;3;0;0;0;3;1;-29,465483;-51,95509;"SPRF-RS";"DEL04-RS";"UOP01-DEL04-RS"
549789;2023-09-20;"quarta-feira";"06:15:00";"GO";50;297,1;"CATALAO";"Demais falhas mecânicas ou elétricas";"Capotamento";"Com Vítimas Feridas";"Amanhecer";"Decrescente";"Céu Claro";"Dupla";"Reta;Aclive";"Não";2;0;1;1;0;0;2;1;-18,2979;-48,0109;"SPRF-GO";"DEL06-GO";"UOP01-DEL06-GO"
549791;2023-09-20;"quarta-feira";"06:30:00";"PR";116;123;"CURITIBA";"Ausência de reação do condutor";"Colisão traseira";"Com Vítimas Feridas";"Pleno dia";"Decrescente";"Sol";"Dupla";"Reta";"Não";2;0;1;0;1;0;1;2;-25,57565954;-49,31197286;"SPRF-PR";"DEL01-PR";"UOP03-DEL01-PR"
549792;2023-09-20;"quarta-feira";"05:45:00";"SP";116;212;"GUARULHOS";"Manobra de mudança de faixa";"Engavetamento";"Com Vítimas Feridas";"Pleno dia";"Crescente";"Céu Claro";"Dupla";"Reta";"Sim";3;0;1;0;2;0;1;3;-23,43608315;-46,42805094;"SPRF-SP";"DEL01-SP";"UOP01-DEL01-SP"
549794;2023-09-19;"terça-feira";"19:55:00";"MG";40;143,5;"JOAO PINHEIRO";"Entrada inopinada do pedestre";"Atropelamento de Pedestre";"Com Vítimas Feridas";"Plena Noite";"Decrescente";"Céu Claro";"Simples";"Reta";"Não";2;0;1;0;1;0;1;2;-17,7457975;-46,17842682;"SPRF-MG";"DEL14-MG";"UOP01-DEL14-MG"
549795;2023-09-20;"quarta-feira";"06:40:00";"PB";230;42;"SANTA RITA";"Velocidade Incompatível";"Colisão traseira";"Sem Vítimas";"Pleno dia";"Crescente";"Céu Claro";"Dupla";"Reta";"Sim";2;0;0;0;1;1;0;2;-7,1426;-34,9956;"SPRF-PB";"DEL01-PB";"UOP03-DEL01-PB"
549796;2023-09-20;"quarta-feira";"07:00:00";"PE";232;76,9;"GRAVATA";"Pista esburacada";"Queda de ocupante de veículo";"Com Vítimas Feridas";"Amanhecer";"Crescente";"Céu Claro";"Dupla";"Interseção de Vias";"Sim";1;0;1;0;0;0;1;1;-8,19541469;-35,53424693;"SPRF-PE";"DEL02-PE";"UOP02-DEL02PE"
549797;2023-09-20;"quarta-feira";"06:37:00";"RS";116;528,2;"CAPAO DO LEAO";"Ausência de reação do condutor";"Saída de leito carroçável";"Com Vítimas Feridas";"Amanhecer";"Crescente";"Garoa/Chuvisco";"Simples";"Reta";"Sim";1;0;1;0;0;0;1;1;-31,75074207;-52,41851397;"SPRF-RS";"DEL07-RS";"UOP01-DEL07-RS"
549801;2023-09-20;"quarta-feira";"07:00:00";"RN";101;94;"NATAL";"Condutor deixou de manter distância do veículo da frente";"Colisão traseira";"Com Vítimas Feridas";"Pleno dia";"Decrescente";"Nublado";"Múltipla";"Reta";"Sim";2;0;1;0;1;0;1;2;-5,83176615;-35,21191342;"SPRF-RN";"DEL01-RN";"UOP01-DEL01-RN"
549802;2023-09-20;"quarta-feira";"07:30:00";"SP";116;339;"JUQUITIBA";"Acumulo de óleo sobre o pavimento";"Queda de ocupante de veículo";"Com Vítimas Feridas";"Pleno dia";"Crescente";"Céu Claro";"Dupla";"Declive";"Não";2;0;2;0;0;0;2;1;-23,9983939;-47,14927316;"SPRF-SP";"DEL04-SP";"UOP03-DEL04-SP"
549803;2023-09-20;"quarta-feira";"07:30:00";"PB";230;36;"SANTA RITA";"Pedestre cruzava a pista fora da faixa";"Atropelamento de Pedestre";"Com Vítimas Feridas";"Pleno dia";"Decrescente";"Garoa/Chuvisco";"Dupla";"Reta;Declive";"Sim";2;0;1;1;0;0;2;2;-7,12627333;-34,94929075;"SPRF-PB";"DEL01-PB";"UOP03-DEL01-PB"
549805;2023-09-20;"quarta-feira";"07:50:00";"RJ";101;326;"NITEROI";"Reação tardia ou ineficiente do condutor";"Colisão traseira";"Com Vítimas Feridas";"Pleno dia";"Crescente";"Céu Claro";"Dupla";"Aclive;Reta";"Não";6;0;2;0;4;0;2;3;-22,87206203;-43,146105;"SPRF-RJ";"DEL02-RJ";"UOP01-DEL02-RJ"
549806;2023-09-20;"quarta-feira";"08:20:00";"CE";116;4;"FORTALEZA";"Condutor deixou de manter distância do veículo da frente";"Colisão traseira";"Sem Vítimas";"Pleno dia";"Decrescente";"Nublado";"Múltipla";"Reta";"Sim";5;0;0;0;5;0;0;3;-3,7807557;-38,5136895;"SPRF-CE";"DEL01-CE";"UOP02-DEL01-CE"
549807;2023-09-20;"quarta-feira";"07:45:00";"PR";369;198,8;"APUCARANA";"Manobra de mudança de faixa";"Colisão lateral mesmo sentido";"Com Vítimas Feridas";"Pleno dia";"Decrescente";"Céu Claro";"Dupla";"Interseção de Vias";"Sim";3;0;3;0;0;0;3;2;-23,52226382;-51,43989801;"SPRF-PR";"DEL07-PR";"UOP03-DEL07-PR"
549808;2023-09-20;"quarta-feira";"07:25:00";"SC";101;130,5;"BALNEARIO CAMBORIU";"Reação tardia ou ineficiente do condutor";"Colisão traseira";"Com Vítimas Feridas";"Pleno dia";"Crescente";"Céu Claro";"Dupla";"Reta";"Sim";2;0;1;0;1;0;1;2;-26,98407618;-48,66977107;"SPRF-SC";"DEL04-SC";"UOP03-DEL04-SC"
549809;2023-09-20;"quarta-feira";"08:10:00";"SP";381;22,6;"BRAGANCA PAULISTA";"Manobra de mudança de faixa";"Colisão lateral mesmo sentido";"Com Vítimas Feridas";"Pleno dia";"Crescente";"Sol";"Dupla";"Reta";"Não";2;0;1;0;1;0;1;2;-22,99697186;-46,5163051;"SPRF-SP";"DEL03-SP";"UOP02-DEL03-SP"
549810;2023-09-20;"quarta-feira";"08:20:00";"SC";101;211;"PALHOCA";"Condutor deixou de manter distância do veículo da frente";"Colisão traseira";"Com Vítimas Feridas";"Pleno dia";"Decrescente";"Céu Claro";"Múltipla";"Reta";"Sim";3;0;1;0;2;0;1;3;-27,62329313;-48,65245588;"SPRF-SC";"DEL01-SC";"UOP02-DEL01-SC"
549811;2023-09-20;"quarta-feira";"09:30:00";"PE";101;68;"RECIFE";"Manobra de mudança de faixa";"Colisão lateral mesmo sentido";"Com Vítimas Feridas";"Pleno dia";"Crescente";"Sol";"Dupla";"Rotatória";"Não";3;0;3;0;0;0;3;2;-8,05074296;-34,94580619;"SPRF-PE";"DEL01-PE";"UOP01-DEL01-PE"
549812;2023-09-20;"quarta-feira";"08:43:00";"RN";101;96,8;"NATAL";"Reação tardia ou ineficiente do condutor";"Colisão lateral mesmo sentido";"Com Vítimas Feridas";"Pleno dia";"Decrescente";"Sol";"Múltipla";"Reta";"Sim";3;0;2;0;1;0;2;2;-5,84949622;-35,20890752;"SPRF-RN";"DEL01-RN";"UOP01-DEL01-RN"
549815;2023-09-20;"quarta-feira";"08:50:00";"MG";381;490;"BETIM";"Ausência de reação do condutor";"Colisão traseira";"Sem Vítimas";"Pleno dia";"Crescente";"Sol";"Dupla";"Reta";"Sim";2;0;0;0;2;0;0;2;-19,96502819;-44,17422195;"SPRF-MG";"DEL01-MG";"UOP03-DEL01-MG"
549819;2023-09-20;"quarta-feira";"08:00:00";"MG";40;532;"CONTAGEM";"Manobra de mudança de faixa";"Colisão lateral mesmo sentido";"Com Vítimas Feridas";"Pleno dia";"Decrescente";"Céu Claro";"Dupla";"Aclive;Reta";"Sim";3;0;1;0;1;1;1;3;-19,92372561;-44,01700789;"SPRF-MG";"DEL01-MG";"UOP02-DEL01-MG"
549823;2023-09-20;"quarta-feira";"09:20:00";"RN";427;27,8;"ACARI";"Mal súbito do condutor";"Atropelamento de Pedestre";"Com Vítimas Feridas";"Pleno dia";"Decrescente";"Céu Claro";"Simples";"Reta";"Sim";4;0;0;2;2;0;2;3;-6,42921388;-36,64005189;"SPRF-RN";"DEL03-RN";"UOP02-DEL03-RN"
549824;2023-09-20;"quarta-feira";"08:15:00";"SC";282;198;"LAGES";"Acessar a via sem observar a presença dos outros veículos";"Colisão transversal";"Com Vítimas Feridas";"Pleno dia";"Decrescente";"Nublado";"Simples";"Curva;Aclive";"Não";5;0;2;0;3;0;2;2;-27,754335;-50,113693;"SPRF-SC";"DEL05-SC";"UOP01-DEL05-SC"
549825;2023-09-20;"quarta-feira";"09:30:00";"RJ";493;70;"NOVA IGUACU";"Avarias e/ou desgaste excessivo no pneu";"Queda de ocupante de veículo";"Com Vítimas Feridas";"Pleno dia";"Decrescente";"Céu Claro";"Dupla";"Curva";"Não";2;0;2;0;0;0;2;1;-22,68516445;-43,44969158;"SPRF-RJ";"DEL01-RJ";"UOP03-DEL01-RJ"
549826;2023-09-20;"quarta-feira";"07:51:00";"SP";116;93,2;"PINDAMONHANGABA";"Condutor Dormindo";"Capotamento";"Com Vítimas Feridas";"Pleno dia";"Decrescente";"Céu Claro";"Dupla";"Reta";"Não";4;0;3;0;1;0;3;1;-22,95653207;-45,41300297;"SPRF-SP";"DEL08-SP";"UOP01-DEL08-SP"
549827;2023-09-20;"quarta-feira";"09:15:00";"RO";364;709,4;"PORTO VELHO";"Demais falhas mecânicas ou elétricas";"Incêndio";"Sem Vítimas";"Pleno dia";"Crescente";"Céu Claro";"Dupla";"Reta";"Sim";1;0;0;0;1;0;0;1;-8,7909383;-63,84895617;"SPRF-RO";"DEL01-RO";"UOP01-DEL01-RO"
549828;2023-09-20;"quarta-feira";"08:00:00";"MT";163;754;"SORRISO";"Manobra de mudança de faixa";"Colisão lateral mesmo sentido";"Com Vítimas Feridas";"Pleno dia";"Decrescente";"Céu Claro";"Dupla";"Reta";"Sim";6;0;1;0;5;0;1;3;-12,59323173;-55,74279612;"SPRF-MT";"DEL06-MT";"UOP01-DEL06-MT"
549829;2023-04-03;"segunda-feira";"14:00:00";"BA";101;219;"CRUZ DAS ALMAS";"Acessar a via sem observar a presença dos outros veículos";"Colisão lateral mesmo sentido";"Com Vítimas Feridas";"Pleno dia";"Decrescente";"Céu Claro";"Dupla";"Interseção de Vias";"Sim";1;0;0;1;0;0;1;1;-12,65728362;-39,12440842;"SPRF-BA";"DEL01-BA";"UOP02-DEL01-BA"
549831;2023-09-20;"quarta-feira";"10:45:00";"RJ";116;262;"VOLTA REDONDA";"Condutor deixou de manter distância do veículo da frente";"Colisão traseira";"Com Vítimas Feridas";"Pleno dia";"Crescente";"Céu Claro";"Dupla";"Aclive;Reta";"Sim";3;0;2;0;1;0;2;2;-22,5876092;-44,05945791;"SPRF-RJ";"DEL07-RJ";"UOP02-DEL07-RJ"
549832;2023-09-20;"quarta-feira";"07:20:00";"MG";116;527,5;"CARATINGA";"Condutor deixou de manter distância do veículo da frente";"Colisão traseira";"Com Vítimas Feridas";"Pleno dia";"Crescente";"Nublado";"Dupla";"Reta";"Sim";2;0;1;0;1;0;1;2;-19,78510701;-42,13445297;"SPRF-MG";"DEL06-MG";"UOP02-DEL06-MG"
549833;2023-09-20;"quarta-feira";"09:30:00";"SC";282;26,7;"SANTO AMARO DA IMPERATRIZ";"Acessar a via sem observar a presença dos outros veículos";"Colisão transversal";"Com Vítimas Feridas";"Pleno dia";"Decrescente";"Céu Claro";"Simples";"Reta";"Sim";2;0;1;0;1;0;1;2;-27,680267;-48,762482;"SPRF-SC";"DEL01-SC";"UOP03-DEL01-SC"
549835;2023-09-20;"quarta-feira";"11:30:00";"PE";232;4,6;"RECIFE";"Manobra de mudança de faixa";"Colisão lateral mesmo sentido";"Com Vítimas Feridas";"Pleno dia";"Crescente";"Céu Claro";"Múltipla";"Viaduto";"Não";3;0;2;0;1;0;2;2;-8,064473;-34,936928;"SPRF-PE";"DEL01-PE";"UOP01-DEL01-PE"