"id";"data_inversa";"dia_semana";"horario";"uf";"br";"km";"municipio";"causa_acidente";"tipo_acidente";"classificacao_acidente";"fase_dia";"sentido_via";"condicao_metereologica";"tipo_pista";"tracado_via";"uso_solo";"pessoas";"mortos";"feridos_leves";"feridos_graves";"ilesos";"ignorados";"feridos";"veiculos";"latitude";"longitude";"regional";"delegacia";"uop"
550188;2023-09-22;"sexta-feira";"07:30:00";"SC";101;117;"ITAJAI";"Reação tardia ou ineficiente do condutor";"Colisão traseira";"Com Vítimas Feridas";"Pleno dia";"Crescente";"Nublado";"Múltipla";"Reta";"Sim";3;0;2;0;1;0;2;2;-26,88747187;-48,72252969;"SPRF-SC";"DEL04-SC";"UOP04-DEL04-SC"
550189;2023-09-22;"sexta-feira";"08:09:00";"MT";163;820;"SINOP";"Acessar a via sem observar a presença dos outros veículos";"Colisão transversal";"Com Vítimas Feridas";"Pleno dia";"Crescente";"Céu Claro";"Simples";"Reta";"Sim";3;0;1;0;2;0;1;2;-12,12134999;-55,51599582;"SPRF-MT";"DEL06-MT";"UOP02-DEL06-MT"
550190;2023-09-22;"sexta-feira";"09:00:00";"CE";222;2,5;"FORTALEZA";"Ausência de reação do condutor";"Colisão traseira";"Com Vítimas Feridas";"Pleno dia";"Decrescente";"Sol";"Múltipla";"Reta";"Sim";2;0;1;0;1;0;1;2;-3,73911117;-38,58687498;"SPRF-CE";"DEL01-CE";"UOP01-DEL01-CE"
550191;2023-09-22;"sexta-feira";"07:45:00";"CE";116;11;"FORTALEZA";"Acessar a via sem observar a presença dos outros veículos";"Colisão transversal";"Com Vítimas Feridas";"Pleno dia";"Decrescente";"Céu Claro";"Dupla";"Reta";"Não";2;0;2;0;0;0;2;2;-3,84394724;-38,49891546;"SPRF-CE";"DEL01-CE";"UOP02-DEL01-CE"
550193;2023-09-22;"sexta-feira";"08:20:00";"RJ";465;13;"SEROPEDICA";"Manobra de mudança de faixa";"Colisão traseira";"Com Vítimas Feridas";"Pleno dia";"Crescente";"Céu Claro";"Simples";"Reta";"Sim";3;0;1;0;2;0;1;2;-22,798468;-43,645508;"SPRF-RJ";"DEL01-RJ";"UOP03-DEL01-RJ"
550194;2023-09-22;"sexta-feira";"09:20:00";"RS";158;325,9;"SANTA MARIA";"Velocidade Incompatível";"Colisão com objeto";"Com Vítimas Feridas";"Pleno dia";"Crescente";"Chuva";"Simples";"Aclive;Viaduto;Reta";"Sim";1;0;1;0;0;0;1;1;-29,71308176;-53,80727118;"SPRF-RS";"DEL09-RS";"UOP01-DEL09-RS"
550195;2023-09-21;"quinta-feira";"06:00:00";"RJ";493;73;"NOVA IGUACU";"Demais falhas mecânicas ou elétricas";"Incêndio";"Sem Vítimas";"Pleno dia";"Decrescente";"Céu Claro";"Dupla";"Reta";"Não";1;0;0;0;0;1;0;1;-22,68656795;-43,5062027;"SPRF-RJ";"DEL01-RJ";"UOP03-DEL01-RJ"
550196;2023-09-22;"sexta-feira";"07:20:00";"PR";280;269;"MARMELEIRO";"Condutor deixou de manter distância do veículo da frente";"Colisão traseira";"Com Vítimas Feridas";"Pleno dia";"Decrescente";"Céu Claro";"Simples";"Curva";"Não";2;0;1;0;0;1;1;2;-26,22335321;-53,13026287;"SPRF-PR";"DEL02-PR";"UOP01-DEL02-PR"
550198;2023-09-22;"sexta-feira";"09:00:00";"SC";101;252,6;"PAULO LOPES";"Ausência de reação do condutor";"Tombamento";"Com Vítimas Feridas";"Pleno dia";"Decrescente";"Céu Claro";"Múltipla";"Reta";"Sim";1;0;1;0;0;0;1;1;-27,96577144;-48,67929272;"SPRF-SC";"DEL02-SC";"UOP03-DEL02-SC"
550199;2023-09-22;"sexta-feira";"09:20:00";"DF";20;5,5;"BRASILIA";"Velocidade Incompatível";"Saída de leito carroçável";"Com Vítimas Feridas";"Pleno dia";"Crescente";"Céu Claro";"Dupla";"Aclive;Interseção de Vias";"Sim";3;0;2;0;1;0;2;1;-15,66729;-47,81175;"SPRF-DF";"DEL02-DF";"UOP01-DEL02-DF"
550201;2023-09-22;"sexta-feira";"07:30:00";"SC";470;63;"INDAIAL";"Reação tardia ou ineficiente do condutor";"Colisão transversal";"Com Vítimas Feridas";"Pleno dia";"Decrescente";"Nublado";"Simples";"Reta;Declive";"Sim";2;0;1;0;1;0;1;2;-26,872396;-49,19228;"SPRF-SC";"DEL04-SC";"UOP01-DEL04-SC"
550202;2023-09-22;"sexta-feira";"10:00:00";"SC";101;139,4;"BALNEARIO CAMBORIU";"Condutor deixou de manter distância do veículo da frente";"Colisão traseira";"Com Vítimas Feridas";"Pleno dia";"Crescente";"Céu Claro";"Simples";"Reta";"Não";3;0;0;1;2;0;1;2;-27,02982303;-48,60115006;"SPRF-SC";"DEL04-SC";"UOP03-DEL04-SC"
550204;2023-09-22;"sexta-feira";"08:00:00";"PR";277;351;"GUARAPUAVA";"Acessar a via sem observar a presença dos outros veículos";"Colisão transversal";"Com Vítimas Feridas";"Pleno dia";"Crescente";"Céu Claro";"Simples";"Reta";"Não";2;0;1;0;1;0;1;2;-25,390621;-51,521241;"SPRF-PR";"DEL08-PR";"UOP01-DEL08-PR"
550205;2023-09-22;"sexta-feira";"04:05:00";"SC";101;404;"ARARANGUA";"Ingestão de álcool pelo condutor";"Colisão com objeto";"Sem Vítimas";"Plena Noite";"Decrescente";"Ignorado";"Dupla";"Curva";"Não";1;0;0;0;1;0;0;1;-28,87065022;-49,45169172;"SPRF-SC";"DEL02-SC";"UOP02-DEL02-SC"
550206;2023-08-26;"sábado";"07:50:00";"MG";365;7;"MONTES CLAROS";"Chuva";"Capotamento";"Com Vítimas Feridas";"Pleno dia";"Decrescente";"Chuva";"Simples";"Reta";"Não";3;0;3;0;0;0;3;1;-16,82885665;-43,92602929;"SPRF-MG";"DEL12-MG";"UOP01-DEL12-MG"
550207;2023-09-22;"sexta-feira";"10:40:00";"SP";381;88,6;"GUARULHOS";"Manobra de mudança de faixa";"Colisão lateral mesmo sentido";"Com Vítimas Feridas";"Pleno dia";"Crescente";"Céu Claro";"Múltipla";"Reta";"Sim";3;0;1;0;2;0;1;2;-23,48347;-46,55999;"SPRF-SP";"DEL03-SP";"UOP01-DEL03-SP"
550208;2023-09-22;"sexta-feira";"10:40:00";"RJ";116;16,1;"SAPUCAIA";"Demais falhas mecânicas ou elétricas";"Incêndio";"Sem Vítimas";"Pleno dia";"Crescente";"Céu Claro";"Simples";"Reta";"Não";1;0;0;0;1;0;0;1;-21,97483597;-42,74723307;"SPRF-RJ";"DEL05-RJ";"UOP01-DEL05-RJ"
550209;2023-09-22;"sexta-feira";"11:30:00";"SC";101;276,8;"IMBITUBA";"Ausência de reação do condutor";"Colisão traseira";"Com Vítimas Feridas";"Pleno dia";"Crescente";"Céu Claro";"Dupla";"Aclive;Em Obras;Reta";"Sim";5;0;1;0;4;0;1;3;-28,14644701;-48,69204746;"SPRF-SC";"DEL02-SC";"UOP03-DEL02-SC"
550211;2023-09-22;"sexta-feira";"11:38:00";"RS";116;249;"SAO LEOPOLDO";"Reação tardia ou ineficiente do condutor";"Colisão com objeto";"Com Vítimas Feridas";"Pleno dia";"Crescente";"Céu Claro";"Dupla";"Curva;Declive;Viaduto";"Sim";1;0;1;0;0;0;1;1;-29,78735096;-51,16467118;"SPRF-RS";"DEL01-RS";"UOP02-DEL01-RS"
550215;2023-09-22;"sexta-feira";"12:00:00";"SC";101;195,5;"BIGUACU";"Condutor deixou de manter distância do veículo da frente";"Colisão traseira";"Sem Vítimas";"Pleno dia";"Crescente";"Céu Claro";"Múltipla";"Reta";"Não";3;0;0;0;2;1;0;3;-27,5047092;-48,65010819;"SPRF-SC";"DEL01-SC";"UOP01-DEL01-SC"
550216;2023-09-22;"sexta-feira";"11:35:00";"AL";316;92,2;"SANTANA DO IPANEMA";"Frear bruscamente";"Colisão traseira";"Com Vítimas Feridas";"Pleno dia";"Crescente";"Céu Claro";"Simples";"Reta";"Não";2;0;1;0;1;0;1;2;-9,38764328;-37,18896;"SPRF-AL";"DEL03-AL";"UOP02-DEL03-AL"
550222;2023-09-22;"sexta-feira";"12:50:00";"SE";101;61,4;"ROSARIO DO CATETE";"Ultrapassagem Indevida";"Colisão frontal";"Com Vítimas Feridas";"Pleno dia";"Decrescente";"Céu Claro";"Simples";"Desvio Temporário;Em Obras;Reta";"Não";2;0;1;0;1;0;1;2;-10,6767911;-37,03102283;"SPRF-SE";"DEL02-SE";"UOP02-DEL02-SE"
550223;2023-09-22;"sexta-feira";"13:15:00";"RN";110;46,6;"MOSSORO";"Acessar a via sem observar a presença dos outros veículos";"Colisão transversal";"Com Vítimas Feridas";"Pleno dia";"Decrescente";"Céu Claro";"Simples";"Reta";"Não";3;0;3;0;0;0;3;2;-5,17931909;-37,28785097;"SPRF-RN";"DEL04-RN";"UOP01-DEL04-RN"
550224;2023-09-22;"sexta-feira";"13:24:00";"ES";101;269,5;"SERRA";"Condutor deixou de manter distância do veículo da frente";"Colisão traseira";"Com Vítimas Feridas";"Pleno dia";"Crescente";"Sol";"Dupla";"Reta";"Sim";3;0;1;0;2;0;1;3;-20,21740496;-40,26990578;"SPRF-ES";"DEL02-ES";"UOP01-DEL02-ES"
550225;2023-07-21;"sexta-feira";"22:30:00";"GO";414;305;"VILA PROPICIO";"Ingestão de álcool pelo condutor";"Colisão lateral sentido oposto";"Com Vítimas Fatais";"Plena Noite";"Crescente";"Céu Claro";"Simples";"Reta";"Não";42;5;0;1;36;0;1;3;-15,20091703;-48,70185812;"SPRF-GO";"DEL02-GO";"UOP01-DEL02-GO"
550226;2023-09-22;"sexta-feira";"13:30:00";"SC";101;201;"SAO JOSE";"Trafegar com motocicleta (ou similar) entre as faixas";"Colisão traseira";"Com Vítimas Feridas";"Pleno dia";"Crescente";"Céu Claro";"Dupla";"Reta";"Sim";2;0;1;0;1;0;1;2;-27,54836599;-48,61977975;"SPRF-SC";"DEL01-SC";"UOP01-DEL01-SC"
550227;2023-09-22;"sexta-feira";"12:00:00";"MG";40;629,7;"CONSELHEIRO LAFAIETE";"Conversão proibida";"Colisão transversal";"Com Vítimas Feridas";"Pleno dia";"Decrescente";"Céu Claro";"Simples";"Curva;Declive";"Sim";3;0;1;0;2;0;1;2;-20,65923409;-43,80222738;"SPRF-MG";"DEL05-MG";"UOP02-DEL05-MG"
550229;2023-08-22;"terça-feira";"17:52:00";"TO";153;497;"PARAISO DO TOCANTINS";"Desrespeitar a preferência no cruzamento";"Colisão transversal";"Com Vítimas Feridas";"Pleno dia";"Crescente";"Céu Claro";"Simples";"Declive";"Não";2;0;0;1;1;0;1;2;-10,17483505;-48,88054838;"SPRF-TO";"DEL01-TO";"UOP01-DEL01-TO"
550230;2023-09-22;"sexta-feira";"13:51:00";"DF";20;45;"BRASILIA";"Reação tardia ou ineficiente do condutor";"Capotamento";"Com Vítimas Feridas";"Pleno dia";"Crescente";"Céu Claro";"Múltipla";"Reta;Declive";"Não";1;0;0;1;0;0;1;1;-15,577153;-47,467113;"SPRF-DF";"DEL02-DF";"UOP01-DEL02-DF"
550232;2023-09-22;"sexta-feira";"09:25:00";"MA";230;405;"BALSAS";"Acessar a via sem observar a presença dos outros veículos";"Colisão transversal";"Com Vítimas Feridas";"Pleno dia";"Crescente";"Céu Claro";"Simples";"Reta";"Sim";2;0;1;0;1;0;1;2;-7,52133442;-46,04968976;"SPRF-MA";"DEL05-MA";"UOP01-DEL05-MA"
550233;2023-09-22;"sexta-feira";"13:50:00";"PR";369;90,7;"CORNELIO PROCOPIO";"Acessar a via sem observar a presença dos outros veículos";"Colisão transversal";"Com Vítimas Feridas";"Pleno dia";"Decrescente";"Céu Claro";"Simples";"Curva;Retorno Regulamentado;Aclive";"Sim";7;0;5;0;2;0;5;2;-23,1967796;-50,65426826;"SPRF-PR";"DEL07-PR";"UOP05-DEL07-PR"
550236;2023-09-22;"sexta-feira";"10:45:00";"CE";116;3,2;"FORTALEZA";"Condutor deixou de manter distância do veículo da frente";"Tombamento";"Com Vítimas Feridas";"Pleno dia";"Crescente";"Céu Claro";"Múltipla";"Reta";"Sim";1;0;0;1;0;0;1;1;-3,77866493;-38,51490171;"SPRF-CE";"DEL01-CE";"UOP02-DEL01-CE"
550239;2023-09-22;"sexta-feira";"15:10:00";"RS";386;360,2;"ESTRELA";"Ausência de reação do condutor";"Saída de leito carroçável";"Com Vítimas Feridas";"Pleno dia";"Crescente";"Chuva";"Dupla";"Curva;Retorno Regulamentado";"Não";1;0;0;1;0;0;1;1;-29,5476;-51,908142;"SPRF-RS";"DEL04-RS";"UOP01-DEL04-RS"
550241;2023-09-22;"sexta-feira";"14:45:00";"DF";251;34;"BRASILIA";"Conversão proibida";"Colisão transversal";"Com Vítimas Feridas";"Pleno dia";"Crescente";"Céu Claro";"Simples";"Reta";"Sim";2;0;1;0;1;0;1;2;-15,93876844;-47,7615273;"SPRF-DF";"DEL01-DF";"UOP01-DEL01-DF"
550244;2023-09-22;"sexta-feira";"14:20:00";"PB";230;22;"JOAO PESSOA";"Ausência de reação do condutor";"Colisão traseira";"Com Vítimas Feridas";"Pleno dia";"Decrescente";"Céu Claro";"Dupla";"Reta";"Sim";2;0;1;0;1;0;1;2;-7,1495;-34,8517;"SPRF-PB";"DEL01-PB";"UOP01-DEL01-PB"
550245;2023-09-22;"sexta-feira";"14:50:00";"PR";376;665;"GUARATUBA";"Ausência de reação do condutor";"Colisão com objeto";"Sem Vítimas";"Pleno dia";"Decrescente";"Nublado";"Dupla";"Curva;Aclive";"Não";1;0;0;0;1;0;0;1;-25,85455838;-48,95670808;"SPRF-PR";"DEL01-PR";"UOP04-DEL01-PR"
550247;2023-09-22;"sexta-feira";"13:58:00";"SP";116;158;"JACAREI";"Ausência de reação do condutor";"Tombamento";"Com Vítimas Feridas";"Pleno dia";"Decrescente";"Céu Claro";"Dupla";"Reta";"Sim";2;0;2;0;0;0;2;1;-23,26072137;-45,95179176;"SPRF-SP";"DEL02-SP";"UOP01-DEL02-SP"
550248;2023-09-22;"sexta-feira";"15:36:00";"ES";101;64;"SAO MATEUS";"Mal súbito do condutor";"Colisão transversal";"Com Vítimas Feridas";"Pleno dia";"Crescente";"Céu Claro";"Simples";"Reta";"Não";7;0;2;0;5;0;2;2;-18,70428583;-39,87065983;"SPRF-ES";"DEL04-ES";"UOP02-DEL04-ES"
550249;2023-09-22;"sexta-feira";"15:20:00";"PI";343;1,7;"TERESINA";"Reação tardia ou ineficiente do condutor";"Colisão traseira";"Com Vítimas Feridas";"Pleno dia";"Crescente";"Céu Claro";"Dupla";"Reta";"Não";2;0;0;1;1;0;1;2;-5,089569;-42,802288;"SPRF-PI";"DEL01-PI";"UOP01-DEL01-PI"
550251;2023-09-22;"sexta-feira";"16:00:00";"MG";40;560;"NOVA LIMA";"Reação tardia ou ineficiente do condutor";"Queda de ocupante de veículo";"Com Vítimas Feridas";"Pleno dia";"Decrescente";"Céu Claro";"Dupla";"Reta";"Sim";2;0;2;0;0;0;2;1;-20,12725188;-43,96512161;"SPRF-MG";"DEL01-MG";"UOP02-DEL01-MG"
550252;2023-09-22;"sexta-feira";"16:40:00";"SC";101;145,2;"ITAPEMA";"Trafegar com motocicleta (ou similar) entre as faixas";"Colisão lateral mesmo sentido";"Com Vítimas Feridas";"Pleno dia";"Decrescente";"Nublado";"Múltipla";"Aclive;Reta";"Não";2;0;1;0;1;0;1;2;-27,08139206;-48,60130993;"SPRF-SC";"DEL04-SC";"UOP03-DEL04-SC"
550253;2023-09-22;"sexta-feira";"17:10:00";"ES";101;266,3;"SERRA";"Acessar a via sem observar a presença dos outros veículos";"Colisão lateral mesmo sentido";"Com Vítimas Feridas";"Pleno dia";"Decrescente";"Céu Claro";"Múltipla";"Interseção de Vias;Reta";"Sim";2;0;1;0;1;0;1;2;-20,190199;-40,26828891;"SPRF-ES";"DEL02-ES";"UOP01-DEL02-ES"
550254;2023-09-22;"sexta-feira";"17:15:00";"ES";101;292;"CARIACICA";"Manobra de mudança de faixa";"Colisão transversal";"Com Vítimas Feridas";"Anoitecer";"Decrescente";"Céu Claro";"Dupla";"Reta";"Sim";4;0;0;1;3;0;1;2;-20,30650512;-40,39488717;"SPRF-ES";"DEL01-ES";"UOP01-DEL01-ES"
550256;2023-09-22;"sexta-feira";"16:05:00";"PR";476;98,8;"BOCAIUVA DO SUL";"Acumulo de óleo sobre o pavimento";"Colisão frontal";"Com Vítimas Feridas";"Pleno dia";"Decrescente";"Garoa/Chuvisco";"Simples";"Curva";"Não";4;0;0;1;3;0;1;3;-25,24007;-49,127075;"SPRF-PR";"DEL01-PR";"UOP01-DEL01-PR"
550257;2023-09-22;"sexta-feira";"16:40:00";"RS";101;31,9;"TRES CACHOEIRAS";"Acessar a via sem observar a presença dos outros veículos";"Colisão transversal";"Com Vítimas Fatais";"Pleno dia";"Crescente";"Nublado";"Dupla";"Rotatória";"Sim";2;1;1;0;0;0;1;2;-29,48566666;-49,97371445;"SPRF-RS";"DEL03-RS";"UOP02-DEL03-RS"
550258;2023-09-22;"sexta-feira";"17:10:00";"CE";116;41;"HORIZONTE";"Acessar a via sem observar a presença dos outros veículos";"Colisão transversal";"Com Vítimas Feridas";"Pleno dia";"Crescente";"Céu Claro";"Dupla";"Retorno Regulamentado";"Sim";2;0;1;1;0;0;2;2;-4,11154398;-38,49220991;"SPRF-CE";"DEL01-CE";"UOP02-DEL01-CE"
550260;2023-09-22;"sexta-feira";"17:10:00";"GO";40;7;"VALPARAISO DE GOIAS";"Acessar a via sem observar a presença dos outros veículos";"Colisão lateral mesmo sentido";"Com Vítimas Feridas";"Pleno dia";"Crescente";"Céu Claro";"Dupla";"Reta";"Sim";3;0;2;0;1;0;2;2;-16,108482;-47,972524;"SPRF-DF";"DEL01-DF";"UOP01-DEL01-DF"
550261;2023-09-22;"sexta-feira";"17:00:00";"PA";155;196;"XINGUARA";"Acessar a via sem observar a presença dos outros veículos";"Colisão lateral mesmo sentido";"Com Vítimas Feridas";"Anoitecer";"Crescente";"Céu Claro";"Simples";"Reta";"Não";2;0;1;0;1;0;1;2;-6,53392079;-49,40804035;"SPRF-PA";"DEL03-PA";"UOP01-DEL03-PA"
550262;2023-09-22;"sexta-feira";"10:30:00";"RS";0;0;"RIO PARDO";"Acumulo de areia ou detritos sobre o pavimento";"Colisão transversal";"Sem Vítimas";"Pleno dia";"Não Informado";"Chuva";"Simples";"Reta;Declive";"Não";3;0;0;0;3;0;0;2;-29,92904857;-52,28909276;"SPRF-RS";"DEL02-RS";"UOP03-DEL02-RS"
550264;2023-09-22;"sexta-feira";"17:17:00";"ES";262;184;"IRUPI";"Reação tardia ou ineficiente do condutor";"Colisão frontal";"Com Vítimas Fatais";"Anoitecer";"Crescente";"Céu Claro";"Simples";"Curva";"Não";2;1;0;1;0;0;1;2;-20,29551627;-41,70587605;"SPRF-ES";"DEL01-ES";"UOP02-DEL01-ES"
550265;2023-09-22;"sexta-feira";"18:05:00";"MG";365;613;"UBERLANDIA";"Conversão proibida";"Colisão lateral mesmo sentido";"Com Vítimas Feridas";"Anoitecer";"Crescente";"Céu Claro";"Simples";"Reta";"Sim";2;0;1;0;1;0;1;2;-18,884602;-48,26594;"SPRF-MG";"DEL15-MG";"UOP01-DEL15-MG"
550267;2023-09-22;"sexta-feira";"16:00:00";"MA";316;55,1;"MARACACUME";"Ingestão de álcool pelo condutor";"Colisão frontal";"Com Vítimas Feridas";"Pleno dia";"Crescente";"Céu Claro";"Simples";"Reta";"Sim";2;0;0;2;0;0;2;2;-2,040685;-45,964996;"SPRF-MA";"DEL02-MA";"UOP02-DEL02-MA"
550269;2023-09-22;"sexta-feira";"18:05:00";"GO";60;94,6;"ANAPOLIS";"Condutor deixou de manter distância do veículo da frente";"Atropelamento de Pedestre";"Com Vítimas Feridas";"Pleno dia";"Crescente";"Céu Claro";"Dupla";"Reta";"Sim";2;0;1;0;0;1;1;2;-16,361898;-48,93348;"SPRF-GO";"DEL02-GO";"UOP01-DEL02-GO"
550270;2023-09-22;"sexta-feira";"18:20:00";"BA";116;10,2;"VITORIA DA CONQUISTA";"Acessar a via sem observar a presença dos outros veículos";"Colisão transversal";"Com Vítimas Feridas";"Plena Noite";"Crescente";"Céu Claro";"Simples";"Declive";"Sim";2;0;2;0;0;0;2;2;-14,851;-40,8485;"SPRF-BA";"DEL08-BA";"UOP01-DEL08-BA"
550271;2023-09-22;"sexta-feira";"16:50:00";"GO";40;57,4;"CRISTALINA";"Reação tardia ou ineficiente do condutor";"Saída de leito carroçável";"Com Vítimas Feridas";"Pleno dia";"Crescente";"Céu Claro";"Dupla";"Curva";"Não";2;0;2;0;0;0;2;1;-16,506578;-47,809064;"SPRF-DF";"DEL01-DF";"UOP02-DEL01-DF"
550272;2023-09-22;"sexta-feira";"17:40:00";"MS";163;341,2;"RIO BRILHANTE";"Acessar a via sem observar a presença dos outros veículos";"Colisão transversal";"Sem Vítimas";"Anoitecer";"Crescente";"Céu Claro";"Simples";"Reta";"Sim";2;0;0;0;2;0;0;2;-21,65906351;-54,43626881;"SPRF-MS";"DEL02-MS";"UOP02-DEL02-MS"
550273;2023-09-22;"sexta-feira";"17:50:00";"SC";470;136;"RIO DO SUL";"Entrada inopinada do pedestre";"Queda de ocupante de veículo";"Com Vítimas Feridas";"Anoitecer";"Decrescente";"Nublado";"Simples";"Reta";"Sim";1;0;1;0;0;0;1;1;-27,18625948;-49,60655451;"SPRF-SC";"DEL04-SC";"UOP02-DEL04-SC"
550275;2023-09-22;"sexta-feira";"18:30:00";"SC";101;130,9;"BALNEARIO CAMBORIU";"Manobra de mudança de faixa";"Colisão lateral mesmo sentido";"Com Vítimas Feridas";"Plena Noite";"Crescente";"Céu Claro";"Dupla";"Reta";"Não";2;0;0;1;0;1;1;2;-26,98407618;-48,66977107;"SPRF-SC";"DEL04-SC";"UOP03-DEL04-SC"
550276;2023-09-22;"sexta-feira";"18:50:00";"RS";116;247;"SAO LEOPOLDO";"Falta de acostamento";"Colisão traseira";"Com Vítimas Feridas";"Plena Noite";"Crescente";"Chuva";"Múltipla";"Curva";"Sim";2;0;2;0;0;0;2;2;-29,76733091;-51,1535296;"SPRF-RS";"DEL01-RS";"UOP02-DEL01-RS"
550277;2023-09-22;"sexta-feira";"15:30:00";"RS";158;433,1;"ROSARIO DO SUL";"Condutor Dormindo";"Saída de leito carroçável";"Com Vítimas Feridas";"Pleno dia";"Decrescente";"Nublado";"Simples";"Reta";"Não";2;0;2;0;0;0;2;1;-30,14188905;-54,66976098;"SPRF-RS";"DEL11-RS";"UOP02-DEL11-RS"
550278;2023-09-22;"sexta-feira";"18:15:00";"SP";116;270;"TABOAO DA SERRA";"Trafegar com motocicleta (ou similar) entre as faixas";"Colisão lateral mesmo sentido";"Com Vítimas Feridas";"Anoitecer";"Decrescente";"Céu Claro";"Dupla";"Reta";"Sim";3;0;0;1;2;0;1;3;-23,61799728;-46,79677694;"SPRF-SP";"DEL04-SP";"UOP01-DEL04-SP"
550279;2023-09-22;"sexta-feira";"17:00:00";"MA";230;395;"BALSAS";"Avarias e/ou desgaste excessivo no pneu";"Saída de leito carroçável";"Com Vítimas Feridas";"Pleno dia";"Decrescente";"Céu Claro";"Simples";"Reta";"Não";2;0;1;1;0;0;2;1;-7,45122;-46,01225;"SPRF-MA";"DEL05-MA";"UOP01-DEL05-MA"
550284;2023-09-22;"sexta-feira";"18:25:00";"PR";153;334;"IRATI";"Condutor deixou de manter distância do veículo da frente";"Colisão traseira";"Com Vítimas Feridas";"Plena Noite";"Decrescente";"Nublado";"Simples";"Reta;Aclive";"Sim";2;0;1;0;1;0;1;2;-25,481234;-50,640733;"SPRF-PR";"DEL08-PR";"UOP02-DEL08-PR"
550287;2023-09-22;"sexta-feira";"19:50:00";"ES";101;241;"SERRA";"Reação tardia ou ineficiente do condutor";"Colisão transversal";"Com Vítimas Feridas";"Pleno dia";"Decrescente";"Céu Claro";"Simples";"Reta;Retorno Regulamentado";"Não";2;0;0;1;1;0;1;2;-20,02389596;-40,39998096;"SPRF-ES";"DEL02-ES";"UOP01-DEL02-ES"
550289;2023-09-22;"sexta-feira";"16:45:00";"PA";316;260;"CACHOEIRA DO PIRIA";"Ausência de reação do condutor";"Saída de leito carroçável";"Com Vítimas Feridas";"Pleno dia";"Decrescente";"Céu Claro";"Simples";"Reta";"Não";1;0;1;0;0;0;1;1;-1,81175878;-46,43153493;"SPRF-PA";"DEL01-PA";"UOP04-DEL01-PA"
550291;2023-09-22;"sexta-feira";"19:20:00";"RS";293;5;"PELOTAS";"Acessar a via sem observar a presença dos outros veículos";"Colisão transversal";"Com Vítimas Feridas";"Plena Noite";"Crescente";"Chuva";"Simples";"Curva";"Sim";2;0;1;0;1;0;1;2;-31,72728361;-52,38253049;"SPRF-RS";"DEL07-RS";"UOP01-DEL07-RS"
550292;2023-09-22;"sexta-feira";"19:00:00";"SC";282;28,3;"SANTO AMARO DA IMPERATRIZ";"Acessar a via sem observar a presença dos outros veículos";"Colisão transversal";"Com Vítimas Feridas";"Plena Noite";"Decrescente";"Nublado";"Simples";"Interseção de Vias;Rotatória";"Sim";7;0;4;0;3;0;4;2;-27,67478;-48,778904;"SPRF-SC";"DEL01-SC";"UOP03-DEL01-SC"
550293;2023-09-22;"sexta-feira";"19:00:00";"PB";427;4,3;"PAULISTA";"Ausência de reação do condutor";"Colisão com objeto";"Com Vítimas Feridas";"Plena Noite";"Decrescente";"Céu Claro";"Simples";"Ponte;Reta";"Não";1;0;1;0;0;0;1;1;-6,65089249;-37,50800791;"SPRF-PB";"DEL03-PB";"UOP02-DEL03-PB"
550294;2023-09-22;"sexta-feira";"20:05:00";"ES";262;31,5;"DOMINGOS MARTINS";"Transitar na contramão";"Colisão frontal";"Com Vítimas Feridas";"Plena Noite";"Crescente";"Céu Claro";"Simples";"Curva";"Não";11;0;2;3;6;0;5;4;-20,3805123;-40,56830627;"SPRF-ES";"DEL01-ES";"UOP01-DEL01-ES"
550296;2023-08-05;"sábado";"20:10:00";"RN";101;85,5;"NATAL";"Reação tardia ou ineficiente do condutor";"Colisão traseira";"Com Vítimas Feridas";"Plena Noite";"Decrescente";"Céu Claro";"Dupla";"Reta;Ponte";"Sim";2;0;0;1;1;0;1;2;-5,777664;-35,24937;"SPRF-RN";"DEL02-RN";"UOP01-DEL02-RN"
550298;2023-09-22;"sexta-feira";"18:48:00";"GO";452;29;"SANTA HELENA DE GOIAS";"Ultrapassagem Indevida";"Colisão frontal";"Com Vítimas Fatais";"Anoitecer";"Decrescente";"Céu Claro";"Simples";"Aclive";"Não";3;1;0;2;0;0;2;2;-17,89553579;-50,6533779;"SPRF-GO";"DEL04-GO";"UOP01-DEL04-GO"
550300;2023-09-22;"sexta-feira";"20:51:00";"GO";70;5;"AGUAS LINDAS DE GOIAS";"Ausência de reação do condutor";"Colisão traseira";"Com Vítimas Feridas";"Plena Noite";"Decrescente";"Céu Claro";"Dupla";"Reta";"Sim";2;0;0;1;1;0;1;2;-15,752409;-48,259643;"SPRF-DF";"DEL03-DF";"UOP02-DEL03-DF"
550302;2023-09-22;"sexta-feira";"16:30:00";"RJ";116;286;"BARRA MANSA";"Ausência de reação do condutor";"Saída de leito carroçável";"Com Vítimas Feridas";"Pleno dia";"Decrescente";"Céu Claro";"Dupla";"Reta";"Não";1;0;1;0;0;0;1;1;-22,49846046;-44,23342487;"SPRF-RJ";"DEL07-RJ";"UOP02-DEL07-RJ"