"id";"data_inversa";"dia_semana";"horario";"uf";"br";"km";"municipio";"causa_acidente";"tipo_acidente";"classificacao_acidente";"fase_dia";"sentido_via";"condicao_metereologica";"tipo_pista";"tracado_via";"uso_solo";"pessoas";"mortos";"feridos_leves";"feridos_graves";"ilesos";"ignorados";"feridos";"veiculos";"latitude";"longitude";"regional";"delegacia";"uop"
550303;2023-09-22;"sexta-feira";"18:00:00";"PI";407;421;"PICOS";"Transitar na contramão";"Colisão frontal";"Com Vítimas Feridas";"Anoitecer";"Crescente";"Céu Claro";"Simples";"Reta";"Sim";3;0;1;0;1;1;1;2;-7,07989702;-41,45059599;"SPRF-PI";"DEL04-PI";"UOP01-DEL04-PI"
550305;2023-09-22;"sexta-feira";"18:30:00";"MG";381;381,9;"SAO GONCALO DO RIO ABAIXO";"Reação tardia ou ineficiente do condutor";"Colisão transversal";"Com Vítimas Feridas";"Anoitecer";"Crescente";"Céu Claro";"Simples";"Reta";"Não";3;0;2;0;1;0;2;2;-19,82692046;-43,38405945;"SPRF-MG";"DEL01-MG";"UOP01-DEL01-MG"
550307;2023-09-22;"sexta-feira";"21:00:00";"MG";381;485;"BETIM";"Manobra de mudança de faixa";"Colisão lateral mesmo sentido";"Com Vítimas Feridas";"Plena Noite";"Crescente";"Céu Claro";"Múltipla";"Reta;Aclive";"Sim";4;0;1;0;2;1;1;2;-19,95659361;-44,12622893;"SPRF-MG";"DEL01-MG";"UOP03-DEL01-MG"
550308;2023-09-22;"sexta-feira";"20:50:00";"PR";116;133;"FAZENDA RIO GRANDE";"Ausência de reação do condutor";"Saída de leito carroçável";"Com Vítimas Feridas";"Plena Noite";"Decrescente";"Nublado";"Dupla";"Reta;Declive";"Sim";1;0;1;0;0;0;1;1;-25,65733698;-49,31212612;"SPRF-PR";"DEL01-PR";"UOP03-DEL01-PR"
550311;2023-09-22;"sexta-feira";"17:40:00";"PE";232;369;"FLORES";"Ausência de reação do condutor";"Saída de leito carroçável";"Com Vítimas Feridas";"Anoitecer";"Crescente";"Sol";"Simples";"Reta";"Não";1;0;1;0;0;0;1;1;-8,03487532;-37,9570271;"SPRF-PE";"DEL04-PE";"UOP01-DEL04-PE"
550312;2023-09-22;"sexta-feira";"21:10:00";"SP";153;81,3;"BADY BASSITT";"Reação tardia ou ineficiente do condutor";"Colisão com objeto";"Com Vítimas Feridas";"Plena Noite";"Crescente";"Céu Claro";"Dupla";"Curva";"Não";3;0;2;1;0;0;3;1;-20,91158008;-49,48946098;"SPRF-SP";"DEL09-SP";"UOP01-DEL09-SP"
550315;2023-09-22;"sexta-feira";"22:40:00";"ES";101;66;"SAO MATEUS";"Iluminação deficiente";"Colisão transversal";"Com Vítimas Feridas";"Plena Noite";"Crescente";"Céu Claro";"Dupla";"Reta";"Sim";2;0;2;0;0;0;2;2;-18,7165195;-39,87436378;"SPRF-ES";"DEL04-ES";"UOP02-DEL04-ES"
550316;2023-09-22;"sexta-feira";"22:30:00";"SC";101;147;"ITAPEMA";"Animais na Pista";"Atropelamento de Animal";"Com Vítimas Feridas";"Plena Noite";"Decrescente";"Nublado";"Dupla";"Declive";"Não";1;0;1;0;0;0;1;1;-27,09237407;-48,61730888;"SPRF-SC";"DEL04-SC";"UOP03-DEL04-SC"
550319;2023-09-22;"sexta-feira";"19:20:00";"AL";316;195;"MARIBONDO";"Reação tardia ou ineficiente do condutor";"Colisão lateral sentido oposto";"Sem Vítimas";"Plena Noite";"Crescente";"Chuva";"Simples";"Reta";"Não";3;0;0;0;2;1;0;2;-9,56951478;-36,36637498;"SPRF-AL";"DEL03-AL";"UOP01-DEL03-AL"
550320;2023-09-22;"sexta-feira";"21:35:00";"RS";386;28,8;"FREDERICO WESTPHALEN";"Transitar na contramão";"Colisão frontal";"Com Vítimas Feridas";"Plena Noite";"Crescente";"Céu Claro";"Simples";"Reta";"Não";2;0;1;1;0;0;2;2;-27,309925;-53,378048;"SPRF-RS";"DEL08-RS";"UOP02-DEL08-RS"
550321;2023-09-22;"sexta-feira";"18:30:00";"SC";101;359;"SANGAO";"Iluminação deficiente";"Colisão frontal";"Com Vítimas Feridas";"Plena Noite";"Crescente";"Céu Claro";"Simples";"Reta";"Não";3;0;0;1;0;2;1;3;-28,635168;-49,09467;"SPRF-SC";"DEL02-SC";"UOP01-DEL02-SC"
550322;2023-09-22;"sexta-feira";"19:30:00";"SC";101;273,2;"IMBITUBA";"Demais falhas na via";"Tombamento";"Com Vítimas Feridas";"Plena Noite";"Decrescente";"Nublado";"Múltipla";"Em Obras;Reta";"Sim";1;0;1;0;0;0;1;1;-28,13413261;-48,69178109;"SPRF-SC";"DEL02-SC";"UOP03-DEL02-SC"
550324;2023-09-22;"sexta-feira";"20:00:00";"MA";10;373;"ITINGA DO MARANHAO";"Pedestre andava na pista";"Saída de leito carroçável";"Com Vítimas Fatais";"Plena Noite";"Decrescente";"Céu Claro";"Simples";"Reta";"Não";5;1;0;2;1;1;2;2;-4,487131;-47,507629;"SPRF-MA";"DEL04-MA";"UOP03-DEL04-MA"
550326;2023-09-22;"sexta-feira";"23:00:00";"SP";116;2;"GUARULHOS";"Acesso irregular";"Colisão transversal";"Com Vítimas Fatais";"Plena Noite";"Crescente";"Céu Claro";"Dupla";"Reta";"Não";2;1;1;0;0;0;1;2;-23,463257;-46,53373;"SPRF-SP";"DEL01-SP";"UOP01-DEL01-SP"
550327;2023-09-22;"sexta-feira";"21:30:00";"BA";101;848,3;"TEIXEIRA DE FREITAS";"Ausência de reação do condutor";"Saída de leito carroçável";"Com Vítimas Feridas";"Plena Noite";"Crescente";"Nublado";"Simples";"Reta";"Não";3;0;2;1;0;0;3;1;-17,33866475;-39,63106513;"SPRF-BA";"DEL09-BA";"UOP02-DEL09-BA"
550329;2023-09-22;"sexta-feira";"20:20:00";"RS";386;436,4;"NOVA SANTA RITA";"Ingestão de álcool pelo condutor";"Saída de leito carroçável";"Sem Vítimas";"Plena Noite";"Decrescente";"Céu Claro";"Dupla";"Reta";"Sim";1;0;0;0;1;0;0;1;-29,850487;-51,266758;"SPRF-RS";"DEL04-RS";"UOP02-DEL04-RS"
550332;2023-09-23;"sábado";"01:50:00";"SC";280;56;"GUARAMIRIM";"Conversão proibida";"Colisão lateral mesmo sentido";"Com Vítimas Feridas";"Plena Noite";"Crescente";"Nublado";"Dupla";"Curva;Interseção de Vias";"Sim";2;0;1;0;1;0;1;2;-26,47947677;-49,00298702;"SPRF-SC";"DEL03-SC";"UOP03-DEL03-SC"
550334;2023-09-23;"sábado";"01:20:00";"AP";210;1;"MACAPA";"Ausência de reação do condutor";"Colisão com objeto";"Com Vítimas Feridas";"Plena Noite";"Crescente";"Céu Claro";"Dupla";"Reta";"Sim";2;0;0;1;0;1;1;1;0,07982251;-51,0727787;"SPRF-AP";"DEL01-AP";"UOP01-DEL01-AP"
550336;2023-09-23;"sábado";"02:15:00";"PR";376;176,8;"MARINGA";"Reação tardia ou ineficiente do condutor";"Colisão traseira";"Com Vítimas Feridas";"Plena Noite";"Decrescente";"Céu Claro";"Múltipla";"Reta";"Sim";2;0;0;1;1;0;1;2;-23,4113569;-51,9407767;"SPRF-PR";"DEL09-PR";"UOP01-DEL09-PR"
550337;2023-09-23;"sábado";"02:00:00";"PR";277;77;"SAO JOSE DOS PINHAIS";"Animais na Pista";"Atropelamento de Animal";"Com Vítimas Fatais";"Plena Noite";"Decrescente";"Céu Claro";"Dupla";"Reta";"Sim";2;1;0;0;1;0;0;2;-25,48553418;-49,1864723;"SPRF-PR";"DEL01-PR";"UOP01-DEL01-PR"
550338;2023-09-23;"sábado";"01:00:00";"SC";101;382;"ICARA";"Transitar na contramão";"Colisão frontal";"Com Vítimas Feridas";"Plena Noite";"Decrescente";"Nublado";"Simples";"Aclive;Reta";"Não";2;0;0;1;1;0;1;2;-28,75966988;-49,28552404;"SPRF-SC";"DEL02-SC";"UOP02-DEL02-SC"
550339;2023-09-23;"sábado";"02:40:00";"PE";101;49,6;"ABREU E LIMA";"Reação tardia ou ineficiente do condutor";"Colisão traseira";"Com Vítimas Feridas";"Plena Noite";"Decrescente";"Chuva";"Dupla";"Reta";"Sim";7;0;1;4;2;0;5;3;-7,9005152;-34,90180641;"SPRF-PE";"DEL01-PE";"UOP02-DEL01-PE"
550340;2023-09-23;"sábado";"03:00:00";"MS";163;479,5;"CAMPO GRANDE";"Pedestre andava na pista";"Atropelamento de Pedestre";"Com Vítimas Fatais";"Plena Noite";"Crescente";"Nublado";"Simples";"Reta";"Sim";2;1;0;0;0;1;0;2;-20,487322;-54,55929095;"SPRF-MS";"DEL01-MS";"UOP01-DEL01-MS"
550341;2023-09-22;"sexta-feira";"21:30:00";"PI";135;513;"GILBUES";"Transitar na contramão";"Colisão frontal";"Com Vítimas Feridas";"Plena Noite";"Decrescente";"Céu Claro";"Simples";"Declive;Em Obras;Desvio Temporário";"Sim";2;0;0;1;1;0;1;2;-9,81824505;-45,33105184;"SPRF-PI";"DEL03-PI";"UOP02-DEL03-PI"
550342;2023-09-23;"sábado";"04:00:00";"PE";101;47,2;"IGARASSU";"Velocidade Incompatível";"Capotamento";"Sem Vítimas";"Amanhecer";"Crescente";"Garoa/Chuvisco";"Múltipla";"Reta";"Não";1;0;0;0;0;1;0;1;-7,882105;-34,905;"SPRF-PE";"DEL01-PE";"UOP02-DEL01-PE"
550343;2023-09-23;"sábado";"04:30:00";"PR";277;80;"CURITIBA";"Velocidade Incompatível";"Colisão traseira";"Com Vítimas Feridas";"Plena Noite";"Decrescente";"Céu Claro";"Dupla";"Reta";"Não";2;0;1;0;0;1;1;2;-25,568939;-49,181978;"SPRF-PR";"DEL01-PR";"UOP01-DEL01-PR"
550345;2023-09-23;"sábado";"04:20:00";"PR";369;158;"CAMBE";"Ausência de sinalização";"Colisão com objeto";"Sem Vítimas";"Amanhecer";"Decrescente";"Céu Claro";"Dupla";"Reta";"Sim";1;0;0;0;1;0;0;1;-23,28246115;-51,25147176;"SPRF-PR";"DEL07-PR";"UOP01-DEL07-PR"
550347;2023-09-23;"sábado";"04:20:00";"BA";324;596;"CANDEIAS";"Ausência de reação do condutor";"Saída de leito carroçável";"Sem Vítimas";"Plena Noite";"Crescente";"Céu Claro";"Dupla";"Reta";"Não";1;0;0;0;1;0;0;1;-12,72003796;-38,45130588;"SPRF-BA";"DEL01-BA";"UOP01-DEL01-BA"
550349;2023-09-23;"sábado";"05:30:00";"TO";153;145;"ARAGUAINA";"Ingestão de álcool pelo condutor";"Colisão transversal";"Sem Vítimas";"Amanhecer";"Decrescente";"Céu Claro";"Múltipla";"Reta";"Sim";2;0;0;0;2;0;0;1;-7,20503614;-48,24035166;"SPRF-TO";"DEL02-TO";"UOP01-DEL02-TO"
550352;2023-09-22;"sexta-feira";"22:30:00";"SC";163;99,5;"SAO JOSE DO CEDRO";"Ausência de reação do condutor";"Saída de leito carroçável";"Sem Vítimas";"Plena Noite";"Crescente";"Céu Claro";"Simples";"Em Obras;Reta";"Não";2;0;0;0;2;0;0;1;-26,49444297;-53,50152232;"SPRF-SC";"DEL07-SC";"UOP03-DEL07-SC"
550354;2023-09-22;"sexta-feira";"23:35:00";"MS";163;526;"JARAGUARI";"Reação tardia ou ineficiente do condutor";"Tombamento";"Com Vítimas Feridas";"Plena Noite";"Crescente";"Céu Claro";"Simples";"Declive";"Não";1;0;1;0;0;0;1;1;-20,10884692;-54,44308417;"SPRF-MS";"DEL01-MS";"UOP02-DEL01-MS"
550356;2023-09-22;"sexta-feira";"01:45:00";"PA";155;319;"MARABA";"Ausência de reação do condutor";"Atropelamento de Pedestre";"Com Vítimas Feridas";"Plena Noite";"Decrescente";"Céu Claro";"Simples";"Reta";"Não";2;0;0;1;0;1;1;2;-5,5837759;-49,07882552;"SPRF-PA";"DEL03-PA";"UOP01-DEL03-PA"
550357;2023-09-23;"sábado";"05:30:00";"SP";116;141,3;"SAO JOSE DOS CAMPOS";"Acessar a via sem observar a presença dos outros veículos";"Atropelamento de Pedestre";"Com Vítimas Fatais";"Amanhecer";"Decrescente";"Nublado";"Dupla";"Reta";"Sim";2;1;0;0;0;1;0;2;-23,17004717;-45,82091491;"SPRF-SP";"DEL02-SP";"UOP01-DEL02-SP"
550359;2023-09-22;"sexta-feira";"18:50:00";"PR";277;532;"PALMEIRA";"Reação tardia ou ineficiente do condutor";"Saída de leito carroçável";"Com Vítimas Feridas";"Plena Noite";"Decrescente";"Chuva";"Dupla";"Reta";"Não";4;0;2;0;2;0;2;1;-25,3133;-49,8807;"SPRF-PR";"DEL04-PR";"UOP04-DEL04-PR"
550360;2023-09-23;"sábado";"06:15:00";"PE";101;78;"JABOATAO DOS GUARARAPES";"Ausência de reação do condutor";"Saída de leito carroçável";"Com Vítimas Feridas";"Pleno dia";"Crescente";"Garoa/Chuvisco";"Dupla";"Reta";"Sim";1;0;1;0;0;0;1;1;-8,13496499;-34,94738614;"SPRF-PE";"DEL01-PE";"UOP01-DEL01-PE"
550363;2023-09-23;"sábado";"06:20:00";"GO";60;178,2;"ABADIA DE GOIAS";"Animais na Pista";"Capotamento";"Com Vítimas Feridas";"Pleno dia";"Decrescente";"Céu Claro";"Dupla";"Reta";"Não";1;0;1;0;0;0;1;1;-16,7602;-49,4578;"SPRF-GO";"DEL01-GO";"UOP02-DEL01-GO"
550364;2023-09-23;"sábado";"07:00:00";"MG";381;511;"IGARAPE";"Ausência de reação do condutor";"Capotamento";"Sem Vítimas";"Pleno dia";"Decrescente";"Céu Claro";"Dupla";"Reta";"Sim";1;0;0;0;1;0;0;1;-20,08463223;-44,3099407;"SPRF-MG";"DEL04-MG";"UOP03-DEL04-MG"
550365;2023-09-22;"sexta-feira";"22:30:00";"SC";280;103;"SAO BENTO DO SUL";"Ausência de reação do condutor";"Saída de leito carroçável";"Sem Vítimas";"Plena Noite";"Decrescente";"Nublado";"Simples";"Curva";"Não";1;0;0;0;1;0;0;1;-26,35967199;-49,347507;"SPRF-SC";"DEL06-SC";"UOP03-DEL06-SC"
550367;2023-09-23;"sábado";"06:45:00";"MG";50;69;"UBERLANDIA";"Trafegar com motocicleta (ou similar) entre as faixas";"Colisão lateral mesmo sentido";"Com Vítimas Feridas";"Pleno dia";"Crescente";"Céu Claro";"Dupla";"Viaduto";"Sim";3;0;0;2;1;0;2;2;-18,88381323;-48,26545077;"SPRF-MG";"DEL15-MG";"UOP01-DEL15-MG"
550368;2023-09-23;"sábado";"06:00:00";"PB";412;144;"MONTEIRO";"Demais falhas mecânicas ou elétricas";"Incêndio";"Sem Vítimas";"Pleno dia";"Crescente";"Nublado";"Simples";"Reta";"Sim";1;0;0;0;0;1;0;1;-7,891878;-37,111336;"SPRF-PB";"DEL02-PB";"UOP02-DEL02-PB"
550369;2023-09-23;"sábado";"04:00:00";"MS";267;486,7;"JARDIM";"Ingestão de álcool pelo condutor";"Colisão traseira";"Com Vítimas Feridas";"Amanhecer";"Crescente";"Céu Claro";"Simples";"Reta";"Não";2;0;0;1;1;0;1;2;-21,4726646;-56,18362789;"SPRF-MS";"DEL05-MS";"UOP01-DEL05-MS"
550371;2023-09-23;"sábado";"06:50:00";"AL";101;189,2;"JUNQUEIRO";"Estacionar ou parar em local proibido";"Colisão traseira";"Com Vítimas Feridas";"Pleno dia";"Crescente";"Céu Claro";"Simples";"Reta";"Sim";2;0;1;0;1;0;1;2;-9,91622613;-36,47311473;"SPRF-AL";"DEL02-AL";"UOP02-DEL02-AL"
550373;2023-09-23;"sábado";"05:02:00";"RO";364;343;"JI-PARANA";"Reação tardia ou ineficiente do condutor";"Colisão transversal";"Com Vítimas Feridas";"Amanhecer";"Decrescente";"Céu Claro";"Dupla";"Interseção de Vias;Reta";"Sim";2;0;1;0;1;0;1;2;-10,87878519;-61,94499012;"SPRF-RO";"DEL02-RO";"UOP01-DEL02-RO"
550375;2023-09-23;"sábado";"07:50:00";"SP";116;103,7;"TAUBATE";"Condutor deixou de manter distância do veículo da frente";"Colisão traseira";"Com Vítimas Feridas";"Pleno dia";"Decrescente";"Céu Claro";"Dupla";"Reta";"Não";3;0;1;0;2;0;1;2;-22,99919465;-45,49788917;"SPRF-SP";"DEL02-SP";"UOP02-DEL02-SP"
550377;2023-09-23;"sábado";"06:00:00";"PE";316;286;"BELEM DE SAO FRANCISCO";"Animais na Pista";"Atropelamento de Animal";"Sem Vítimas";"Pleno dia";"Crescente";"Céu Claro";"Simples";"Reta";"Não";4;0;0;0;4;0;0;1;-8,65373918;-38,72438594;"SPRF-PE";"DEL04-PE";"UOP03-DEL04-PE"
550378;2023-09-23;"sábado";"08:45:00";"TO";153;138;"ARAGUAINA";"Acessar a via sem observar a presença dos outros veículos";"Colisão transversal";"Com Vítimas Feridas";"Pleno dia";"Decrescente";"Céu Claro";"Dupla";"Reta";"Sim";3;0;1;0;2;0;1;2;-7,16186138;-48,20550799;"SPRF-TO";"DEL02-TO";"UOP01-DEL02-TO"
550381;2023-09-23;"sábado";"08:30:00";"PR";369;128,5;"JATAIZINHO";"Reação tardia ou ineficiente do condutor";"Colisão traseira";"Com Vítimas Feridas";"Pleno dia";"Crescente";"Céu Claro";"Dupla";"Reta";"Não";2;0;1;0;1;0;1;2;-23,26655;-50,970041;"SPRF-PR";"DEL07-PR";"UOP01-DEL07-PR"
550382;2023-09-23;"sábado";"08:30:00";"SP";116;230;"SAO PAULO";"Reação tardia ou ineficiente do condutor";"Colisão lateral mesmo sentido";"Com Vítimas Feridas";"Pleno dia";"Crescente";"Céu Claro";"Múltipla";"Interseção de Vias;Reta";"Sim";3;0;1;0;2;0;1;3;-23,518453;-46,582181;"SPRF-SP";"DEL01-SP";"UOP01-DEL01-SP"
550384;2023-09-23;"sábado";"09:18:00";"PE";232;100,9;"BEZERROS";"Ausência de reação do condutor";"Engavetamento";"Sem Vítimas";"Pleno dia";"Crescente";"Sol";"Dupla";"Reta";"Sim";3;0;0;0;3;0;0;3;-8,23799406;-35,74340701;"SPRF-PE";"DEL02-PE";"UOP02-DEL02PE"
550385;2023-09-23;"sábado";"07:00:00";"BA";242;259;"BOA VISTA DO TUPIM";"Pista Escorregadia";"Saída de leito carroçável";"Sem Vítimas";"Amanhecer";"Decrescente";"Chuva";"Simples";"Curva";"Não";1;0;0;0;1;0;0;1;-12,47309394;-40,54008887;"SPRF-BA";"DEL06-BA";"UOP02-DEL06-BA"
550387;2023-09-23;"sábado";"08:00:00";"RO";364;716;"PORTO VELHO";"Acessar a via sem observar a presença dos outros veículos";"Colisão lateral mesmo sentido";"Com Vítimas Feridas";"Pleno dia";"Crescente";"Céu Claro";"Simples";"Reta";"Sim";2;0;1;0;0;1;1;2;-8,78573785;-63,89817015;"SPRF-RO";"DEL01-RO";"UOP01-DEL01-RO"
550388;2023-09-23;"sábado";"09:40:00";"RS";116;149;"CAXIAS DO SUL";"Transitar na contramão";"Colisão frontal";"Com Vítimas Feridas";"Pleno dia";"Decrescente";"Nublado";"Dupla";"Interseção de Vias;Reta;Declive";"Sim";2;0;1;0;1;0;1;2;-29,16375023;-51,15842212;"SPRF-RS";"DEL05-RS";"UOP01-DEL05-RS"
550389;2023-09-23;"sábado";"10:00:00";"MG";153;242;"FRONTEIRA";"Reação tardia ou ineficiente do condutor";"Saída de leito carroçável";"Com Vítimas Feridas";"Pleno dia";"Crescente";"Sol";"Simples";"Reta";"Não";1;0;1;0;0;0;1;1;-20,29847332;-49,20614844;"SPRF-MG";"DEL13-MG";"UOP02-DEL13-MG"
550390;2023-09-23;"sábado";"07:40:00";"RJ";101;304;"SAO GONCALO";"Condutor deixou de manter distância do veículo da frente";"Capotamento";"Com Vítimas Feridas";"Pleno dia";"Crescente";"Nublado";"Dupla";"Reta";"Não";4;0;2;0;2;0;2;2;-22,78491869;-42,98627706;"SPRF-RJ";"DEL02-RJ";"UOP02-DEL02-RJ"
550391;2023-09-23;"sábado";"10:15:00";"SC";101;196,5;"BIGUACU";"Reação tardia ou ineficiente do condutor";"Saída de leito carroçável";"Com Vítimas Feridas";"Pleno dia";"Decrescente";"Céu Claro";"Múltipla";"Curva";"Não";1;0;1;0;0;0;1;1;-27,51101091;-48,64322292;"SPRF-SC";"DEL01-SC";"UOP01-DEL01-SC"
550392;2023-09-23;"sábado";"10:00:00";"RN";101;104;"PARNAMIRIM";"Acessar a via sem observar a presença dos outros veículos";"Colisão frontal";"Com Vítimas Feridas";"Pleno dia";"Decrescente";"Céu Claro";"Dupla";"Aclive;Viaduto";"Sim";2;0;1;0;1;0;1;2;-5,89034022;-35,24894996;"SPRF-RN";"DEL01-RN";"UOP01-DEL01-RN"
550394;2023-09-23;"sábado";"10:20:00";"CE";116;21;"ITAITINGA";"Ausência de reação do condutor";"Colisão com objeto";"Com Vítimas Feridas";"Pleno dia";"Crescente";"Céu Claro";"Dupla";"Reta";"Não";1;0;1;0;0;0;1;1;-3,93175901;-38,50825087;"SPRF-CE";"DEL01-CE";"UOP02-DEL01-CE"
550395;2023-09-23;"sábado";"10:30:00";"MG";365;34;"CLARO DOS POCOES";"Afundamento ou ondulação no pavimento";"Tombamento";"Com Vítimas Feridas";"Pleno dia";"Crescente";"Céu Claro";"Simples";"Reta";"Não";1;0;0;1;0;0;1;1;-16,8815547;-44,17556535;"SPRF-MG";"DEL12-MG";"UOP01-DEL12-MG"
550396;2023-09-23;"sábado";"10:10:00";"SC";470;57,4;"BLUMENAU";"Manobra de mudança de faixa";"Colisão lateral mesmo sentido";"Sem Vítimas";"Pleno dia";"Decrescente";"Céu Claro";"Múltipla";"Reta;Desvio Temporário;Em Obras";"Sim";2;0;0;0;2;0;0;2;-26,8823513;-49,13959801;"SPRF-SC";"DEL04-SC";"UOP01-DEL04-SC"
550397;2023-09-23;"sábado";"10:30:00";"BA";116;15,9;"VITORIA DA CONQUISTA";"Transitar no Acostamento";"Colisão transversal";"Com Vítimas Feridas";"Pleno dia";"Crescente";"Sol";"Simples";"Reta";"Sim";3;0;2;0;1;0;2;2;-14,9003208;-40,85345507;"SPRF-BA";"DEL08-BA";"UOP01-DEL08-BA"
550399;2023-09-23;"sábado";"10:40:00";"PI";343;333;"TERESINA";"Reação tardia ou ineficiente do condutor";"Incêndio";"Sem Vítimas";"Pleno dia";"Crescente";"Céu Claro";"Dupla";"Reta";"Sim";1;0;0;0;1;0;0;1;-5,056121;-42,678154;"SPRF-PI";"DEL01-PI";"UOP01-DEL01-PI"
550400;2023-09-23;"sábado";"10:58:00";"GO";40;4;"VALPARAISO DE GOIAS";"Reação tardia ou ineficiente do condutor";"Queda de ocupante de veículo";"Com Vítimas Feridas";"Pleno dia";"Decrescente";"Céu Claro";"Dupla";"Reta";"Sim";1;0;1;0;0;0;1;1;-16,085241;-47,986752;"SPRF-DF";"DEL01-DF";"UOP01-DEL01-DF"
550401;2023-09-23;"sábado";"09:20:00";"SC";101;247,5;"PAULO LOPES";"Ingestão de álcool pelo condutor";"Colisão com objeto";"Com Vítimas Feridas";"Pleno dia";"Crescente";"Nublado";"Dupla";"Reta";"Não";2;0;1;1;0;0;2;1;-27,91824491;-48,65414317;"SPRF-SC";"DEL02-SC";"UOP03-DEL02-SC"
550402;2023-09-23;"sábado";"11:00:00";"SP";116;304;"SAO LOURENCO DA SERRA";"Ausência de reação do condutor";"Colisão traseira";"Com Vítimas Feridas";"Pleno dia";"Decrescente";"Céu Claro";"Múltipla";"Reta;Declive";"Sim";2;0;1;0;1;0;1;2;-23,835151;-46,92964497;"SPRF-SP";"DEL04-SP";"UOP01-DEL04-SP"
550404;2023-09-23;"sábado";"11:10:00";"RJ";393;174;"TRES RIOS";"Ausência de reação do condutor";"Colisão traseira";"Com Vítimas Feridas";"Pleno dia";"Crescente";"Céu Claro";"Simples";"Reta";"Não";4;0;1;0;3;0;1;2;-22,12390702;-43,194329;"SPRF-RJ";"DEL05-RJ";"UOP02-DEL05-RJ"
550405;2023-09-23;"sábado";"11:40:00";"PE";101;154,8;"RIBEIRAO";"Curva acentuada";"Capotamento";"Com Vítimas Feridas";"Pleno dia";"Crescente";"Céu Claro";"Simples";"Curva";"Não";4;0;3;0;0;1;3;2;-8,52860711;-35,38883966;"SPRF-PE";"DEL01-PE";"UOP03-DEL01-PE"
550406;2023-09-23;"sábado";"11:30:00";"PI";343;11;"PARNAIBA";"Acessar a via sem observar a presença dos outros veículos";"Colisão traseira";"Com Vítimas Feridas";"Pleno dia";"Crescente";"Sol";"Dupla";"Reta";"Sim";2;0;1;0;1;0;1;2;-2,90468921;-41,75345605;"SPRF-PI";"DEL05-PI";"UOP01-DEL05-PI"
550407;2023-09-23;"sábado";"12:40:00";"PR";277;132,6;"BALSA NOVA";"Manobra de mudança de faixa";"Colisão traseira";"Com Vítimas Feridas";"Pleno dia";"Crescente";"Céu Claro";"Dupla";"Reta";"Não";6;0;2;0;4;0;2;2;-25,47;-49,659;"SPRF-PR";"DEL03-PR";"UOP03-DEL03-PR"
550408;2023-09-23;"sábado";"13:08:00";"DF";70;16;"BRASILIA";"Avarias e/ou desgaste excessivo no pneu";"Saída de leito carroçável";"Com Vítimas Feridas";"Pleno dia";"Crescente";"Sol";"Dupla";"Reta";"Sim";1;0;1;0;0;0;1;1;-15,796144;-48,194225;"SPRF-DF";"DEL03-DF";"UOP02-DEL03-DF"
550409;2023-09-23;"sábado";"12:30:00";"RN";101;100,2;"PARNAMIRIM";"Reação tardia ou ineficiente do condutor";"Colisão traseira";"Com Vítimas Feridas";"Pleno dia";"Crescente";"Céu Claro";"Dupla";"Reta";"Sim";3;0;1;0;2;0;1;2;-5,88106901;-35,22542396;"SPRF-RN";"DEL01-RN";"UOP01-DEL01-RN"
550411;2023-09-23;"sábado";"07:20:00";"MG";116;90,8;"MEDINA";"Manobra de mudança de faixa";"Tombamento";"Com Vítimas Feridas";"Pleno dia";"Decrescente";"Céu Claro";"Simples";"Curva";"Não";35;0;7;0;28;0;7;1;-16,35068484;-41,47414989;"SPRF-MG";"DEL11-MG";"UOP02-DEL11-MG"
550414;2023-06-16;"sexta-feira";"00:45:00";"RR";401;2;"CANTA";"Reação tardia ou ineficiente do condutor";"Colisão transversal";"Com Vítimas Feridas";"Plena Noite";"Crescente";"Nublado";"Simples";"Ponte";"Não";3;0;2;1;0;0;3;2;2,79508288;-60,66901445;"SPRF-RR";"DEL01-RR";"UOP01-DEL01-RR"
550416;2023-09-23;"sábado";"10:40:00";"GO";153;361,8;"JARAGUA";"Ausência de reação do condutor";"Colisão traseira";"Com Vítimas Feridas";"Pleno dia";"Decrescente";"Céu Claro";"Simples";"Em Obras;Declive;Reta;Desvio Temporário";"Não";2;0;1;0;0;1;1;2;-15,759041;-49,313061;"SPRF-GO";"DEL02-GO";"UOP02-DEL02-GO"
550417;2023-09-23;"sábado";"04:30:00";"RS";386;184;"SANTO ANTONIO DO PLANALTO";"Reação tardia ou ineficiente do condutor";"Saída de leito carroçável";"Com Vítimas Feridas";"Plena Noite";"Crescente";"Céu Claro";"Simples";"Reta";"Não";1;0;0;1;0;0;1;1;-28,330097;-52,722542;"SPRF-RS";"DEL08-RS";"UOP01-DEL08-RS"
550418;2023-09-23;"sábado";"12:30:00";"RO";364;339,7;"JI-PARANA";"Condutor desrespeitou a iluminação vermelha do semáforo";"Colisão transversal";"Com Vítimas Feridas";"Pleno dia";"Crescente";"Céu Claro";"Dupla";"Reta;Interseção de Vias";"Sim";2;0;0;1;1;0;1;2;-10,907816;-61,93017402;"SPRF-RO";"DEL02-RO";"UOP01-DEL02-RO"
550419;2023-09-23;"sábado";"11:00:00";"RJ";465;21;"NOVA IGUACU";"Acessar a via sem observar a presença dos outros veículos";"Colisão transversal";"Com Vítimas Feridas";"Pleno dia";"Decrescente";"Céu Claro";"Simples";"Reta";"Sim";3;0;2;0;1;0;2;2;-22,854782;-43,601933;"SPRF-RJ";"DEL03-RJ";"UOP01-DEL03-RJ"
550421;2023-09-23;"sábado";"14:10:00";"TO";153;334;"GUARAI";"Reação tardia ou ineficiente do condutor";"Tombamento";"Com Vítimas Feridas";"Pleno dia";"Crescente";"Céu Claro";"Dupla";"Reta";"Sim";1;0;0;1;0;0;1;1;-8,835718;-48,512123;"SPRF-TO";"DEL02-TO";"UOP02-DEL02-TO"