"id";"data_inversa";"dia_semana";"horario";"uf";"br";"km";"municipio";"causa_acidente";"tipo_acidente";"classificacao_acidente";"fase_dia";"sentido_via";"condicao_metereologica";"tipo_pista";"tracado_via";"uso_solo";"pessoas";"mortos";"feridos_leves";"feridos_graves";"ilesos";"ignorados";"feridos";"veiculos";"latitude";"longitude";"regional";"delegacia";"uop"
550422;2023-09-23;"sábado";"13:40:00";"GO";60;333,7;"SANTO ANTONIO DA BARRA";"Objeto estático sobre o leito carroçável";"Colisão com objeto";"Com Vítimas Feridas";"Pleno dia";"Decrescente";"Céu Claro";"Dupla";"Ponte";"Não";1;0;1;0;0;0;1;1;-17,5502;-50,5451;"SPRF-GO";"DEL04-GO";"UOP02-DEL04-GO"
550423;2023-09-23;"sábado";"14:15:00";"SC";101;420,5;"ARARANGUA";"Avarias e/ou desgaste excessivo no pneu";"Colisão com objeto";"Com Vítimas Feridas";"Pleno dia";"Decrescente";"Chuva";"Múltipla";"Curva";"Não";1;0;1;0;0;0;1;1;-28,99380392;-49,55081408;"SPRF-SC";"DEL02-SC";"UOP02-DEL02-SC"
550425;2023-09-23;"sábado";"12:55:00";"SC";280;126;"RIO NEGRINHO";"Conversão proibida";"Colisão lateral mesmo sentido";"Com Vítimas Feridas";"Pleno dia";"Decrescente";"Céu Claro";"Simples";"Aclive;Reta";"Não";2;0;1;0;1;0;1;2;-26,23779604;-49,49427399;"SPRF-SC";"DEL06-SC";"UOP03-DEL06-SC"
550429;2023-09-23;"sábado";"14:45:00";"SC";101;178;"GOVERNADOR CELSO RAMOS";"Demais falhas mecânicas ou elétricas";"Queda de ocupante de veículo";"Com Vítimas Feridas";"Pleno dia";"Decrescente";"Nublado";"Dupla";"Reta";"Não";2;0;1;0;1;0;1;1;-27,36408098;-48,63391212;"SPRF-SC";"DEL01-SC";"UOP01-DEL01-SC"
550430;2023-09-23;"sábado";"15:00:00";"RS";386;49;"SEBERI";"Acessar a via sem observar a presença dos outros veículos";"Colisão transversal";"Com Vítimas Feridas";"Pleno dia";"Crescente";"Sol";"Simples";"Curva";"Sim";2;0;0;1;1;0;1;2;-27,482555;-53,392845;"SPRF-RS";"DEL08-RS";"UOP02-DEL08-RS"
550431;2023-09-23;"sábado";"15:07:00";"GO";40;8,3;"LUZIANIA";"Falta de elemento de contenção que evite a saída do leito carroçável";"Capotamento";"Com Vítimas Feridas";"Pleno dia";"Crescente";"Céu Claro";"Dupla";"Reta";"Sim";1;0;1;0;0;0;1;1;-16,116158;-47,96761;"SPRF-DF";"DEL01-DF";"UOP01-DEL01-DF"
550432;2023-09-23;"sábado";"15:00:00";"RS";116;241;"NOVO HAMBURGO";"Demais falhas mecânicas ou elétricas";"Incêndio";"Sem Vítimas";"Pleno dia";"Crescente";"Céu Claro";"Dupla";"Reta";"Sim";1;0;0;0;1;0;0;1;-29,71396796;-51,1476744;"SPRF-RS";"DEL01-RS";"UOP02-DEL01-RS"
550433;2023-09-23;"sábado";"15:15:00";"RJ";101;271;"RIO BONITO";"Condutor deixou de manter distância do veículo da frente";"Colisão lateral mesmo sentido";"Com Vítimas Feridas";"Pleno dia";"Crescente";"Céu Claro";"Dupla";"Reta";"Não";3;0;2;0;1;0;2;2;-22,72443147;-42,69368143;"SPRF-RJ";"DEL02-RJ";"UOP03-DEL02-RJ"
550434;2023-09-23;"sábado";"14:40:00";"RS";287;250;"SANTA MARIA";"Entrada inopinada do pedestre";"Atropelamento de Pedestre";"Com Vítimas Feridas";"Pleno dia";"Decrescente";"Céu Claro";"Dupla";"Em Obras;Reta";"Sim";2;0;1;0;1;0;1;2;-29,69077137;-53,87064812;"SPRF-RS";"DEL09-RS";"UOP01-DEL09-RS"
550438;2023-09-23;"sábado";"15:00:00";"RN";304;41,2;"MOSSORO";"Acessar a via sem observar a presença dos outros veículos";"Colisão transversal";"Com Vítimas Feridas";"Pleno dia";"Decrescente";"Sol";"Dupla";"Reta";"Sim";2;0;2;0;0;0;2;2;-5,20483515;-37,37615746;"SPRF-RN";"DEL04-RN";"UOP01-DEL04-RN"
550440;2023-09-23;"sábado";"13:00:00";"SP";116;67;"GUARATINGUETA";"Ausência de reação do condutor";"Colisão traseira";"Com Vítimas Feridas";"Pleno dia";"Decrescente";"Sol";"Dupla";"Curva";"Sim";5;0;2;0;2;1;2;4;-22,82867578;-45,2088941;"SPRF-SP";"DEL08-SP";"UOP01-DEL08-SP"
550441;2023-09-23;"sábado";"15:30:00";"MG";40;705,4;"BARBACENA";"Velocidade Incompatível";"Saída de leito carroçável";"Com Vítimas Feridas";"Pleno dia";"Decrescente";"Sol";"Dupla";"Curva;Aclive";"Não";5;0;2;0;3;0;2;1;-21,242116;-43,723008;"SPRF-MG";"DEL05-MG";"UOP02-DEL05-MG"
550444;2023-09-23;"sábado";"11:30:00";"SC";280;72,3;"JARAGUA DO SUL";"Condutor deixou de manter distância do veículo da frente";"Colisão traseira";"Com Vítimas Feridas";"Pleno dia";"Crescente";"Sol";"Simples";"Reta";"Não";2;0;1;0;1;0;1;2;-26,45955419;-49,14342101;"SPRF-SC";"DEL03-SC";"UOP03-DEL03-SC"
550446;2023-09-23;"sábado";"16:20:00";"RS";285;499,5;"ENTRE-IJUIS";"Entrada inopinada do pedestre";"Atropelamento de Pedestre";"Com Vítimas Feridas";"Pleno dia";"Decrescente";"Céu Claro";"Simples";"Reta";"Não";2;0;0;1;1;0;1;2;-28,378918;-54,288311;"SPRF-RS";"DEL10-RS";"UOP01-DEL10-RS"
550447;2023-09-23;"sábado";"16:30:00";"SP";116;230;"SAO PAULO";"Reação tardia ou ineficiente do condutor";"Colisão traseira";"Com Vítimas Feridas";"Pleno dia";"Crescente";"Céu Claro";"Múltipla";"Reta";"Não";2;0;2;0;0;0;2;2;-23,52251783;-46,5855702;"SPRF-SP";"DEL01-SP";"UOP01-DEL01-SP"
550448;2023-09-23;"sábado";"16:35:00";"MG";116;277,9;"TEOFILO OTONI";"Desrespeitar a preferência no cruzamento";"Colisão transversal";"Com Vítimas Feridas";"Pleno dia";"Crescente";"Sol";"Dupla";"Interseção de Vias;Reta";"Sim";2;0;1;1;0;0;2;2;-17,867315;-41,516856;"SPRF-MG";"DEL11-MG";"UOP01-DEL11-MG"
550449;2023-07-17;"segunda-feira";"19:30:00";"MG";354;745,5;"POUSO ALTO";"Desrespeitar a preferência no cruzamento";"Colisão transversal";"Sem Vítimas";"Plena Noite";"Decrescente";"Céu Claro";"Simples";"Interseção de Vias;Reta";"Não";4;0;0;0;4;0;0;2;-22,25480842;-44,92814626;"SPRF-MG";"DEL17-MG";"UOP01-DEL17-MG"
550450;2023-09-23;"sábado";"14:20:00";"MT";364;340;"SANTO ANTONIO DO LEVERGER";"Entrada inopinada do pedestre";"Atropelamento de Pedestre";"Com Vítimas Feridas";"Pleno dia";"Decrescente";"Céu Claro";"Dupla";"Reta";"Não";2;0;1;0;1;0;1;2;-15,83698099;-55,494338;"SPRF-MT";"DEL05-MT";"UOP02-DEL05-MT"
550451;2023-09-23;"sábado";"16:00:00";"SP";459;20;"PIQUETE";"Reação tardia ou ineficiente do condutor";"Saída de leito carroçável";"Com Vítimas Feridas";"Pleno dia";"Decrescente";"Céu Claro";"Simples";"Curva;Declive";"Não";2;0;2;0;0;0;2;1;-22,646566;-45,144917;"SPRF-SP";"DEL08-SP";"UOP02-DEL08-SP"
550452;2023-09-23;"sábado";"15:00:00";"MG";40;757,1;"EWBANK DA CAMARA";"Demais falhas mecânicas ou elétricas";"Colisão com objeto";"Sem Vítimas";"Pleno dia";"Crescente";"Céu Claro";"Simples";"Curva";"Não";1;0;0;0;0;1;0;1;-21,50323045;-43,53179519;"SPRF-MG";"DEL05-MG";"UOP01-DEL05-MG"
550454;2023-09-22;"sexta-feira";"17:30:00";"MS";267;657;"PORTO MURTINHO";"Reação tardia ou ineficiente do condutor";"Saída de leito carroçável";"Com Vítimas Feridas";"Pleno dia";"Crescente";"Céu Claro";"Simples";"Reta";"Não";1;0;1;0;0;0;1;1;-21,7123209;-57,62955593;"SPRF-MS";"DEL05-MS";"UOP01-DEL05-MS"
550459;2023-09-23;"sábado";"17:00:00";"RS";290;83;"CACHOEIRINHA";"Manobra de mudança de faixa";"Colisão com objeto";"Com Vítimas Feridas";"Pleno dia";"Crescente";"Sol";"Múltipla";"Reta";"Não";5;0;2;0;3;0;2;1;-29,959141;-51,088791;"SPRF-RS";"DEL01-RS";"UOP01-DEL01-RS"
550460;2023-09-23;"sábado";"17:00:00";"RJ";116;118;"MAGE";"Acumulo de areia ou detritos sobre o pavimento";"Tombamento";"Com Vítimas Feridas";"Pleno dia";"Crescente";"Céu Claro";"Dupla";"Reta";"Não";1;0;1;0;0;0;1;1;-22,60969336;-43,03076263;"SPRF-RJ";"DEL04-RJ";"UOP02-DEL04-RJ"
550461;2023-09-23;"sábado";"17:30:00";"MG";262;360,6;"BETIM";"Demais falhas mecânicas ou elétricas";"Incêndio";"Sem Vítimas";"Anoitecer";"Crescente";"Céu Claro";"Dupla";"Curva;Declive";"Não";1;0;0;0;0;1;0;1;-19,972956;-44,266877;"SPRF-MG";"DEL01-MG";"UOP03-DEL01-MG"
550462;2023-09-23;"sábado";"16:50:00";"PR";277;83;"CURITIBA";"Condutor deixou de manter distância do veículo da frente";"Colisão traseira";"Com Vítimas Feridas";"Pleno dia";"Decrescente";"Céu Claro";"Dupla";"Viaduto;Reta";"Sim";4;0;1;0;1;2;1;3;-25,4482349;-49,23042297;"SPRF-PR";"DEL01-PR";"UOP01-DEL01-PR"
550465;2023-09-23;"sábado";"15:20:00";"SC";280;189,1;"MAFRA";"Ausência de reação do condutor";"Queda de ocupante de veículo";"Com Vítimas Feridas";"Pleno dia";"Decrescente";"Céu Claro";"Simples";"Curva";"Não";1;0;0;1;0;0;1;1;-26,17527846;-49,97184598;"SPRF-SC";"DEL06-SC";"UOP01-DEL06-SC"
550466;2023-09-23;"sábado";"16:30:00";"SP";116;61;"GUARATINGUETA";"Demais falhas mecânicas ou elétricas";"Queda de ocupante de veículo";"Com Vítimas Feridas";"Pleno dia";"Crescente";"Sol";"Dupla";"Aclive;Curva";"Não";2;0;2;0;0;0;2;1;-22,79763613;-45,1674588;"SPRF-SP";"DEL08-SP";"UOP01-DEL08-SP"
550467;2023-09-23;"sábado";"17:30:00";"MG";381;876;"ESTIVA";"Velocidade Incompatível";"Saída de leito carroçável";"Com Vítimas Feridas";"Pleno dia";"Decrescente";"Céu Claro";"Dupla";"Curva";"Não";1;0;1;0;0;0;1;1;-22,472813;-46,01072791;"SPRF-MG";"DEL16-MG";"UOP01-DEL16-MG"
550468;2023-09-23;"sábado";"16:00:00";"PA";230;5;"ALTAMIRA";"Acessar a via sem observar a presença dos outros veículos";"Colisão transversal";"Com Vítimas Feridas";"Pleno dia";"Decrescente";"Céu Claro";"Simples";"Reta";"Sim";2;0;1;1;0;0;2;2;-3,19295;-52,22733;"SPRF-PA";"DEL03-PA";"UOP01-DEL03-PA"
550471;2023-09-23;"sábado";"18:00:00";"GO";40;16;"LUZIANIA";"Ingestão de álcool pelo condutor";"Colisão transversal";"Sem Vítimas";"Anoitecer";"Decrescente";"Céu Claro";"Dupla";"Reta";"Sim";2;0;0;0;2;0;0;2;-16,175176;-47,92964;"SPRF-DF";"DEL01-DF";"UOP01-DEL01-DF"
550475;2023-09-23;"sábado";"17:53:00";"RJ";116;172;"SAO JOAO DE MERITI";"Demais falhas mecânicas ou elétricas";"Queda de ocupante de veículo";"Com Vítimas Feridas";"Anoitecer";"Crescente";"Céu Claro";"Dupla";"Reta";"Sim";2;0;2;0;0;0;2;1;-22,80188151;-43,35043673;"SPRF-RJ";"DEL01-RJ";"UOP02-DEL01-RJ"
550477;2023-09-23;"sábado";"18:50:00";"SP";116;282;"EMBU DAS ARTES";"Manobra de mudança de faixa";"Colisão lateral mesmo sentido";"Com Vítimas Feridas";"Plena Noite";"Decrescente";"Céu Claro";"Dupla";"Reta";"Sim";2;0;1;0;1;0;1;2;-23,68570216;-46,85970975;"SPRF-SP";"DEL04-SP";"UOP01-DEL04-SP"
550478;2023-09-23;"sábado";"18:45:00";"SC";101;204,8;"SAO JOSE";"Manobra de mudança de faixa";"Colisão lateral mesmo sentido";"Com Vítimas Feridas";"Plena Noite";"Decrescente";"Nublado";"Múltipla";"Reta";"Sim";3;0;2;0;1;0;2;2;-27,57413014;-48,61363083;"SPRF-SC";"DEL01-SC";"UOP01-DEL01-SC"
550479;2023-09-23;"sábado";"19:10:00";"RJ";116;108;"GUAPIMIRIM";"Desrespeitar a preferência no cruzamento";"Colisão transversal";"Sem Vítimas";"Plena Noite";"Crescente";"Céu Claro";"Dupla";"Reta";"Não";2;0;0;0;2;0;0;2;-22,535843;-42,99125;"SPRF-RJ";"DEL04-RJ";"UOP01-DEL04-RJ"
550482;2023-09-23;"sábado";"18:00:00";"PR";376;170;"MARINGA";"Acessar a via sem observar a presença dos outros veículos";"Colisão lateral mesmo sentido";"Com Vítimas Feridas";"Anoitecer";"Decrescente";"Céu Claro";"Dupla";"Reta";"Não";2;0;0;1;1;0;1;2;-23,41595703;-51,97950402;"SPRF-PR";"DEL09-PR";"UOP01-DEL09-PR"
550483;2023-09-23;"sábado";"19:10:00";"RJ";40;119;"DUQUE DE CAXIAS";"Transitar na contramão";"Colisão frontal";"Com Vítimas Feridas";"Plena Noite";"Decrescente";"Céu Claro";"Simples";"Curva;Viaduto";"Sim";6;0;4;0;2;0;4;2;-22,76375592;-43,28683062;"SPRF-RJ";"DEL01-RJ";"UOP01-DEL01-RJ"
550485;2023-09-23;"sábado";"19:20:00";"PR";369;142;"IBIPORA";"Ingestão de álcool pelo condutor";"Colisão traseira";"Com Vítimas Feridas";"Plena Noite";"Decrescente";"Céu Claro";"Simples";"Aclive";"Não";2;0;1;0;1;0;1;2;-23,289422;-51,082186;"SPRF-PR";"DEL07-PR";"UOP01-DEL07-PR"
550486;2023-09-23;"sábado";"19:25:00";"PB";101;89,9;"JOAO PESSOA";"Transitar na contramão";"Colisão frontal";"Com Vítimas Feridas";"Plena Noite";"Crescente";"Nublado";"Dupla";"Reta";"Sim";3;0;2;0;1;0;2;2;-7,1710694;-34,89765372;"SPRF-PB";"DEL01-PB";"UOP02-DEL01-PB"
550487;2023-09-23;"sábado";"19:00:00";"BA";101;757;"ITABELA";"Reação tardia ou ineficiente do condutor";"Colisão frontal";"Com Vítimas Feridas";"Plena Noite";"Decrescente";"Céu Claro";"Simples";"Reta";"Não";2;0;1;1;0;0;2;2;-16,81370378;-39,48054248;"SPRF-BA";"DEL09-BA";"UOP01-DEL09-BA"
550488;2023-09-23;"sábado";"19:45:00";"SE";235;13,1;"NOSSA SENHORA DO SOCORRO";"Animais na Pista";"Atropelamento de Animal";"Com Vítimas Feridas";"Plena Noite";"Decrescente";"Céu Claro";"Simples";"Aclive;Reta";"Não";3;0;2;0;1;0;2;1;-10,868567;-37,171078;"SPRF-SE";"DEL01-SE";"UOP01-DEL01-SE"
550489;2023-09-23;"sábado";"19:30:00";"BA";116;399;"SANTA BARBARA";"Velocidade Incompatível";"Colisão com objeto";"Com Vítimas Feridas";"Plena Noite";"Crescente";"Céu Claro";"Dupla";"Aclive;Reta";"Sim";2;0;0;1;0;1;1;2;-12,01948908;-38,97103638;"SPRF-BA";"DEL02-BA";"UOP01-DEL02-BA"
550490;2023-09-23;"sábado";"20:15:00";"GO";414;435;"ANAPOLIS";"Ingestão de álcool pelo condutor";"Saída de leito carroçável";"Com Vítimas Feridas";"Plena Noite";"Crescente";"Céu Claro";"Simples";"Declive;Reta";"Sim";2;0;1;1;0;0;2;1;-16,24594;-48,93446196;"SPRF-GO";"DEL02-GO";"UOP01-DEL02-GO"
550491;2023-09-23;"sábado";"18:41:00";"RR";174;452;"BOA VISTA";"Acessar a via sem observar a presença dos outros veículos";"Colisão lateral mesmo sentido";"Sem Vítimas";"Plena Noite";"Crescente";"Céu Claro";"Simples";"Reta";"Sim";2;0;0;0;1;1;0;2;2,472215;-60,914257;"SPRF-RR";"DEL01-RR";"UOP01-DEL01-RR"
550493;2023-09-23;"sábado";"19:10:00";"SC";282;339,3;"CAMPOS NOVOS";"Ausência de sinalização";"Colisão transversal";"Com Vítimas Feridas";"Plena Noite";"Decrescente";"Céu Claro";"Simples";"Interseção de Vias";"Não";2;0;1;0;1;0;1;2;-27,392731;-51,195118;"SPRF-SC";"DEL07-SC";"UOP06-DEL07-SC"
550494;2023-09-23;"sábado";"19:30:00";"SP";153;169,8;"GUAICARA";"Condutor deixou de manter distância do veículo da frente";"Colisão traseira";"Com Vítimas Feridas";"Plena Noite";"Crescente";"Céu Claro";"Simples";"Reta";"Não";5;0;2;0;3;0;2;2;-21,543305;-49,78222494;"SPRF-SP";"DEL07-SP";"UOP01-DEL07-SP"
550495;2023-09-23;"sábado";"20:20:00";"MG";381;492;"BETIM";"Manobra de mudança de faixa";"Engavetamento";"Com Vítimas Feridas";"Plena Noite";"Decrescente";"Céu Claro";"Dupla";"Curva";"Sim";4;0;1;0;3;0;1;3;-19,97490091;-44,19004301;"SPRF-MG";"DEL01-MG";"UOP03-DEL01-MG"
550496;2023-09-23;"sábado";"19:15:00";"PR";369;135;"IBIPORA";"Acessar a via sem observar a presença dos outros veículos";"Colisão transversal";"Com Vítimas Feridas";"Plena Noite";"Crescente";"Céu Claro";"Simples";"Interseção de Vias";"Sim";2;0;1;0;1;0;1;2;-23,26617367;-51,03772223;"SPRF-PR";"DEL07-PR";"UOP01-DEL07-PR"
550498;2023-09-23;"sábado";"18:20:00";"AL";101;45,5;"FLEXEIRAS";"Reação tardia ou ineficiente do condutor";"Saída de leito carroçável";"Sem Vítimas";"Plena Noite";"Crescente";"Céu Claro";"Dupla";"Reta";"Não";1;0;0;0;0;1;0;1;-9,20251191;-35,78756691;"SPRF-AL";"DEL01-AL";"UOP02-DEL01-AL"
550499;2023-09-23;"sábado";"21:30:00";"MG";116;759,3;"LEOPOLDINA";"Reação tardia ou ineficiente do condutor";"Colisão traseira";"Com Vítimas Feridas";"Plena Noite";"Decrescente";"Céu Claro";"Simples";"Reta";"Não";2;0;1;0;1;0;1;2;-21,50589297;-42,60923908;"SPRF-MG";"DEL07-MG";"UOP01-DEL07-MG"
550500;2023-09-23;"sábado";"19:00:00";"RJ";101;511;"ANGRA DOS REIS";"Acessar a via sem observar a presença dos outros veículos";"Colisão frontal";"Com Vítimas Feridas";"Plena Noite";"Decrescente";"Céu Claro";"Múltipla";"Reta;Retorno Regulamentado";"Sim";4;0;1;0;3;0;1;2;-22,9609111;-44,4382966;"SPRF-RJ";"DEL03-RJ";"UOP03-DEL03-RJ"
550501;2023-09-23;"sábado";"20:00:00";"GO";60;110;"TEREZOPOLIS DE GOIAS";"Ingestão de álcool pelo condutor";"Colisão traseira";"Sem Vítimas";"Plena Noite";"Decrescente";"Céu Claro";"Dupla";"Reta";"Não";2;0;0;0;0;2;0;2;-16,45;-49,0316;"SPRF-GO";"DEL01-GO";"UOP01-DEL01-GO"
550502;2023-09-23;"sábado";"21:55:00";"CE";116;36;"HORIZONTE";"Transitar na contramão";"Colisão frontal";"Com Vítimas Feridas";"Plena Noite";"Crescente";"Céu Claro";"Dupla";"Reta";"Não";2;0;1;0;0;1;1;2;-4,06091689;-38,50402951;"SPRF-CE";"DEL01-CE";"UOP02-DEL01-CE"
550503;2023-09-23;"sábado";"19:45:00";"RO";364;335;"JI-PARANA";"Ausência de reação do condutor";"Saída de leito carroçável";"Com Vítimas Feridas";"Plena Noite";"Decrescente";"Céu Claro";"Simples";"Reta";"Não";4;0;3;0;1;0;3;1;-10,95082426;-61,92353827;"SPRF-RO";"DEL02-RO";"UOP01-DEL02-RO"
550504;2023-09-23;"sábado";"21:10:00";"GO";60;37;"GOIANIA";"Ausência de reação do condutor";"Saída de leito carroçável";"Com Vítimas Feridas";"Plena Noite";"Crescente";"Céu Claro";"Dupla";"Reta";"Sim";1;0;0;1;0;0;1;1;-16,6777;-49,2676;"SPRF-GO";"DEL01-GO";"UOP02-DEL01-GO"
550505;2023-09-23;"sábado";"20:15:00";"RS";392;8,9;"RIO GRANDE";"Pista esburacada";"Tombamento";"Com Vítimas Feridas";"Plena Noite";"Crescente";"Garoa/Chuvisco";"Simples";"Interseção de Vias;Rotatória";"Não";1;0;1;0;0;0;1;1;-32,11062042;-52,11198986;"SPRF-RS";"DEL07-RS";"UOP02-DEL07-RS"
550507;2023-09-23;"sábado";"21:00:00";"RS";285;333;"CARAZINHO";"Reação tardia ou ineficiente do condutor";"Saída de leito carroçável";"Com Vítimas Feridas";"Plena Noite";"Crescente";"Céu Claro";"Simples";"Em Obras;Desvio Temporário";"Sim";3;0;2;0;1;0;2;1;-28,299652;-52,740135;"SPRF-RS";"DEL08-RS";"UOP03-DEL08-RS"
550508;2023-09-23;"sábado";"21:55:00";"PR";277;721;"FOZ DO IGUACU";"Ingestão de álcool pelo condutor";"Saída de leito carroçável";"Com Vítimas Feridas";"Plena Noite";"Crescente";"Céu Claro";"Dupla";"Reta";"Não";1;0;1;0;0;0;1;1;-25,4911505;-54,51185421;"SPRF-PR";"DEL05-PR";"UOP03-DEL05-PR"
550509;2023-09-23;"sábado";"21:50:00";"MG";381;393;"BOM JESUS DO AMPARO";"Ingestão de álcool pelo condutor";"Saída de leito carroçável";"Com Vítimas Feridas";"Plena Noite";"Decrescente";"Nublado";"Dupla";"Reta;Declive";"Não";1;0;0;1;0;0;1;1;-19,75958849;-43,46406908;"SPRF-MG";"DEL01-MG";"UOP01-DEL01-MG"
550510;2023-09-23;"sábado";"22:00:00";"SP";116;226;"GUARULHOS";"Entrada inopinada do pedestre";"Atropelamento de Pedestre";"Com Vítimas Feridas";"Plena Noite";"Decrescente";"Céu Claro";"Múltipla";"Em Obras;Aclive;Reta";"Sim";2;0;1;0;0;1;1;2;-23,49102507;-46,54878195;"SPRF-SP";"DEL01-SP";"UOP01-DEL01-SP"
550511;2023-09-23;"sábado";"21:50:00";"DF";60;8;"BRASILIA";"Ingestão de álcool pelo condutor";"Colisão com objeto";"Sem Vítimas";"Plena Noite";"Decrescente";"Céu Claro";"Dupla";"Aclive;Reta";"Sim";2;0;0;0;2;0;0;1;-15,90324;-48,130695;"SPRF-DF";"DEL03-DF";"UOP01-DEL03-DF"
550513;2023-09-23;"sábado";"20:00:00";"SC";163;70,8;"SAO MIGUEL DO OESTE";"Velocidade Incompatível";"Colisão frontal";"Com Vítimas Feridas";"Plena Noite";"Decrescente";"Céu Claro";"Simples";"Interseção de Vias";"Sim";2;0;1;0;1;0;1;2;-26,72974315;-53,5115397;"SPRF-SC";"DEL07-SC";"UOP03-DEL07-SC"
550514;2023-09-23;"sábado";"22:50:00";"MG";40;530;"CONTAGEM";"Retorno proibido";"Colisão transversal";"Com Vítimas Feridas";"Plena Noite";"Crescente";"Céu Claro";"Dupla";"Retorno Regulamentado";"Sim";2;0;1;0;0;1;1;2;-19,92064782;-44,0335681;"SPRF-MG";"DEL01-MG";"UOP02-DEL01-MG"
550515;2023-09-23;"sábado";"21:50:00";"SC";101;208;"SAO JOSE";"Velocidade Incompatível";"Colisão traseira";"Com Vítimas Feridas";"Plena Noite";"Decrescente";"Céu Claro";"Múltipla";"Aclive";"Sim";3;0;2;1;0;0;3;2;-27,60327979;-48,63201818;"SPRF-SC";"DEL01-SC";"UOP01-DEL01-SC"
550516;2023-09-23;"sábado";"22:50:00";"SP";116;225;"GUARULHOS";"Ausência de reação do condutor";"Colisão traseira";"Com Vítimas Feridas";"Plena Noite";"Crescente";"Nublado";"Múltipla";"Reta";"Não";6;0;1;0;5;0;1;2;-23,48586772;-46,54075317;"SPRF-SP";"DEL01-SP";"UOP01-DEL01-SP"
550517;2023-09-23;"sábado";"21:10:00";"PE";428;189;"PETROLINA";"Animais na Pista";"Atropelamento de Animal";"Com Vítimas Feridas";"Plena Noite";"Crescente";"Céu Claro";"Dupla";"Interseção de Vias;Reta";"Sim";2;0;1;0;1;0;1;1;-9,37767031;-40,50235391;"SPRF-PE";"DEL06-PE";"UOP01-DEL06-PE"
550518;2023-09-23;"sábado";"22:30:00";"GO";40;12,5;"LUZIANIA";"Entrada inopinada do pedestre";"Atropelamento de Pedestre";"Com Vítimas Feridas";"Plena Noite";"Decrescente";"Céu Claro";"Dupla";"Reta";"Sim";2;0;1;0;1;0;1;2;-16,14821507;-47,94221163;"SPRF-DF";"DEL01-DF";"UOP01-DEL01-DF"
550520;2023-09-23;"sábado";"19:30:00";"PR";277;180;"PALMEIRA";"Ausência de reação do condutor";"Saída de leito carroçável";"Com Vítimas Feridas";"Plena Noite";"Decrescente";"Céu Claro";"Simples";"Curva;Aclive";"Não";2;0;1;1;0;0;2;1;-25,43281894;-50,02090395;"SPRF-PR";"DEL08-PR";"UOP02-DEL08-PR"
550522;2023-09-23;"sábado";"23:00:00";"GO";50;261;"CATALAO";"Condutor Dormindo";"Saída de leito carroçável";"Com Vítimas Feridas";"Plena Noite";"Crescente";"Céu Claro";"Dupla";"Reta;Declive";"Não";1;0;1;0;0;0;1;1;-18,0377;-47,853;"SPRF-GO";"DEL06-GO";"UOP01-DEL06-GO"
550523;2023-09-23;"sábado";"21:00:00";"SC";280;25;"ARAQUARI";"Conversão proibida";"Colisão transversal";"Com Vítimas Feridas";"Plena Noite";"Decrescente";"Nublado";"Simples";"Reta";"Não";5;0;4;1;0;0;5;2;-26,38352781;-48,72677516;"SPRF-SC";"DEL03-SC";"UOP03-DEL03-SC"
550524;2023-09-23;"sábado";"23:07:00";"PI";343;2,2;"TERESINA";"Ausência de reação do condutor";"Colisão traseira";"Com Vítimas Feridas";"Plena Noite";"Decrescente";"Céu Claro";"Múltipla";"Reta";"Sim";3;0;1;0;2;0;1;2;-5,0566594;-42,6841402;"SPRF-PI";"DEL01-PI";"UOP01-DEL01-PI"
550525;2023-09-23;"sábado";"20:30:00";"MS";267;45,8;"BATAGUASSU";"Animais na Pista";"Atropelamento de Animal";"Com Vítimas Feridas";"Plena Noite";"Decrescente";"Céu Claro";"Simples";"Reta";"Não";3;0;1;0;2;0;1;1;-21,81401449;-52,53833771;"SPRF-MS";"DEL02-MS";"UOP04-DEL02-MS"
550526;2023-09-23;"sábado";"21:50:00";"SC";282;418;"CATANDUVAS";"Condutor deixou de manter distância do veículo da frente";"Colisão lateral mesmo sentido";"Com Vítimas Feridas";"Plena Noite";"Crescente";"Céu Claro";"Simples";"Reta";"Não";4;0;0;1;2;1;1;2;-27,029184;-51,724043;"SPRF-SC";"DEL07-SC";"UOP05-DEL07-SC"
550529;2023-09-23;"sábado";"22:18:00";"ES";101;374;"ICONHA";"Ausência de reação do condutor";"Colisão frontal";"Com Vítimas Feridas";"Plena Noite";"Crescente";"Céu Claro";"Dupla";"Viaduto";"Não";2;0;1;1;0;0;2;2;-20,78765135;-40,78576496;"SPRF-ES";"DEL03-ES";"UOP01-DEL03-ES"
550530;2023-09-23;"sábado";"22:30:00";"PI";407;423,5;"PICOS";"Ausência de reação do condutor";"Atropelamento de Pedestre";"Com Vítimas Feridas";"Plena Noite";"Decrescente";"Céu Claro";"Simples";"Reta";"Sim";2;0;1;0;0;1;1;2;-7,079333;-41,433254;"SPRF-PI";"DEL04-PI";"UOP01-DEL04-PI"
550531;2023-09-23;"sábado";"21:50:00";"CE";116;1;"FORTALEZA";"Ausência de reação do condutor";"Colisão traseira";"Com Vítimas Feridas";"Plena Noite";"Crescente";"Céu Claro";"Dupla";"Reta";"Sim";3;0;2;0;1;0;2;2;-3,76159894;-38,51900662;"SPRF-CE";"DEL01-CE";"UOP02-DEL01-CE"
550533;2023-09-23;"sábado";"23:05:00";"SC";101;29;"JOINVILLE";"Ingestão de álcool pelo condutor";"Colisão traseira";"Sem Vítimas";"Plena Noite";"Crescente";"Nublado";"Dupla";"Reta;Aclive";"Não";2;0;0;0;2;0;0;2;-26,22618224;-48,91661101;"SPRF-SC";"DEL03-SC";"UOP01-DEL03-SC"