"id";"data_inversa";"dia_semana";"horario";"uf";"br";"km";"municipio";"causa_acidente";"tipo_acidente";"classificacao_acidente";"fase_dia";"sentido_via";"condicao_metereologica";"tipo_pista";"tracado_via";"uso_solo";"pessoas";"mortos";"feridos_leves";"feridos_graves";"ilesos";"ignorados";"feridos";"veiculos";"latitude";"longitude";"regional";"delegacia";"uop"
550640;2023-09-24;"domingo";"13:30:00";"SC";101;223,9;"PALHOCA";"Acessar a via sem observar a presença dos outros veículos";"Colisão lateral mesmo sentido";"Com Vítimas Feridas";"Pleno dia";"Decrescente";"Garoa/Chuvisco";"Dupla";"Reta";"Sim";3;0;1;0;1;1;1;2;-27,71552634;-48,64881251;"SPRF-SC";"DEL01-SC";"UOP02-DEL01-SC"
550641;2023-09-24;"domingo";"13:10:00";"GO";60;436;"RIO VERDE";"Reação tardia ou ineficiente do condutor";"Saída de leito carroçável";"Com Vítimas Feridas";"Pleno dia";"Crescente";"Céu Claro";"Dupla";"Reta";"Não";3;0;1;0;2;0;1;1;-17,833;-51,3849;"SPRF-GO";"DEL04-GO";"UOP02-DEL04-GO"
550643;2023-09-24;"domingo";"13:00:00";"SC";280;56;"GUARAMIRIM";"Desrespeitar a preferência no cruzamento";"Colisão transversal";"Com Vítimas Feridas";"Pleno dia";"Crescente";"Céu Claro";"Dupla";"Interseção de Vias";"Sim";3;0;2;0;1;0;2;2;-26,47947677;-49,00298702;"SPRF-SC";"DEL03-SC";"UOP03-DEL03-SC"
550644;2023-09-24;"domingo";"07:40:00";"PR";376;216;"JANDAIA DO SUL";"Ausência de reação do condutor";"Saída de leito carroçável";"Com Vítimas Feridas";"Pleno dia";"Crescente";"Céu Claro";"Dupla";"Curva";"Não";3;0;0;1;2;0;1;1;-23,59767281;-51,63339596;"SPRF-PR";"DEL09-PR";"UOP01-DEL09-PR"
550645;2023-09-24;"domingo";"14:30:00";"ES";101;159,9;"LINHARES";"Acessar a via sem observar a presença dos outros veículos";"Colisão transversal";"Com Vítimas Feridas";"Pleno dia";"Crescente";"Céu Claro";"Simples";"Reta";"Não";4;0;4;0;0;0;4;2;-19,47662979;-40,11402541;"SPRF-ES";"DEL04-ES";"UOP01-DEL04-ES"
550646;2023-09-24;"domingo";"13:40:00";"MG";40;44;"PARACATU";"Acessar a via sem observar a presença dos outros veículos";"Colisão transversal";"Com Vítimas Feridas";"Pleno dia";"Crescente";"Céu Claro";"Simples";"Reta;Interseção de Vias";"Sim";5;0;1;0;4;0;1;2;-17,23178796;-46,85285926;"SPRF-MG";"DEL14-MG";"UOP01-DEL14-MG"
550647;2023-09-24;"domingo";"10:45:00";"MG";116;471,7;"TARUMIRIM";"Condutor Dormindo";"Saída de leito carroçável";"Com Vítimas Feridas";"Pleno dia";"Crescente";"Céu Claro";"Simples";"Reta";"Não";1;0;0;1;0;0;1;1;-19,32538599;-42,07393491;"SPRF-MG";"DEL06-MG";"UOP02-DEL06-MG"
550649;2023-09-24;"domingo";"11:25:00";"SC";101;271;"IMBITUBA";"Demais falhas mecânicas ou elétricas";"Tombamento";"Com Vítimas Feridas";"Pleno dia";"Crescente";"Céu Claro";"Dupla";"Reta";"Não";2;0;2;0;0;0;2;1;-28,11011972;-48,70211279;"SPRF-SC";"DEL02-SC";"UOP03-DEL02-SC"
550650;2023-09-24;"domingo";"14:20:00";"ES";101;289,9;"CARIACICA";"Mal súbito do condutor";"Queda de ocupante de veículo";"Com Vítimas Feridas";"Pleno dia";"Crescente";"Céu Claro";"Dupla";"Aclive;Reta";"Não";1;0;0;1;0;0;1;1;-20,28029304;-40,39302931;"SPRF-ES";"DEL01-ES";"UOP01-DEL01-ES"
550652;2023-09-24;"domingo";"12:15:00";"MT";163;8,4;"ITIQUIRA";"Reação tardia ou ineficiente do condutor";"Capotamento";"Com Vítimas Feridas";"Pleno dia";"Crescente";"Céu Claro";"Dupla";"Reta";"Não";1;0;1;0;0;0;1;1;-17,44456;-54,74529;"SPRF-MT";"DEL02-MT";"UOP03-DEL02-MT"
550653;2023-09-24;"domingo";"15:05:00";"PE";232;79;"GRAVATA";"Condutor deixou de manter distância do veículo da frente";"Colisão traseira";"Sem Vítimas";"Pleno dia";"Decrescente";"Céu Claro";"Dupla";"Rotatória";"Não";2;0;0;0;2;0;0;2;-8,19460572;-35,56074803;"SPRF-PE";"DEL02-PE";"UOP02-DEL02PE"
550656;2023-09-24;"domingo";"15:22:00";"RN";101;78;"NATAL";"Reação tardia ou ineficiente do condutor";"Tombamento";"Com Vítimas Feridas";"Pleno dia";"Crescente";"Céu Claro";"Dupla";"Reta;Desvio Temporário";"Sim";1;0;1;0;0;0;1;1;-5,74071896;-35,29021064;"SPRF-RN";"DEL02-RN";"UOP01-DEL02-RN"
550657;2023-09-24;"domingo";"15:50:00";"PE";101;76,8;"JABOATAO DOS GUARARAPES";"Entrada inopinada do pedestre";"Atropelamento de Pedestre";"Com Vítimas Fatais";"Pleno dia";"Decrescente";"Céu Claro";"Dupla";"Reta";"Sim";2;1;0;0;1;0;0;2;-8,11813811;-34,94329214;"SPRF-PE";"DEL01-PE";"UOP01-DEL01-PE"
550659;2023-09-24;"domingo";"15:47:00";"RN";101;93,9;"NATAL";"Ultrapassagem Indevida";"Colisão lateral mesmo sentido";"Com Vítimas Feridas";"Pleno dia";"Decrescente";"Céu Claro";"Simples";"Reta";"Sim";3;0;0;1;2;0;1;2;-5,82309126;-35,20879637;"SPRF-RN";"DEL01-RN";"UOP01-DEL01-RN"
550660;2023-09-24;"domingo";"15:00:00";"ES";101;268;"SERRA";"Condutor deixou de manter distância do veículo da frente";"Colisão traseira";"Com Vítimas Feridas";"Pleno dia";"Crescente";"Céu Claro";"Simples";"Reta";"Sim";3;0;0;1;0;2;1;3;-20,20842;-40,269405;"SPRF-ES";"DEL02-ES";"UOP01-DEL02-ES"
550661;2023-09-24;"domingo";"15:20:00";"PR";277;59;"SAO JOSE DOS PINHAIS";"Velocidade Incompatível";"Colisão com objeto";"Sem Vítimas";"Pleno dia";"Decrescente";"Nublado";"Dupla";"Reta";"Não";4;0;0;0;4;0;0;1;-25,555015;-49,030424;"SPRF-PR";"DEL01-PR";"UOP01-DEL01-PR"
550662;2023-09-24;"domingo";"14:30:00";"SC";101;36,1;"JOINVILLE";"Manobra de mudança de faixa";"Tombamento";"Com Vítimas Feridas";"Pleno dia";"Decrescente";"Céu Claro";"Dupla";"Reta";"Sim";3;0;2;0;0;1;2;2;-26,24573198;-48,9101069;"SPRF-SC";"DEL03-SC";"UOP01-DEL03-SC"
550664;2023-09-24;"domingo";"15:50:00";"RN";405;159;"RAFAEL FERNANDES";"Manobra de mudança de faixa";"Colisão lateral mesmo sentido";"Com Vítimas Feridas";"Pleno dia";"Decrescente";"Céu Claro";"Simples";"Reta";"Sim";4;0;3;1;0;0;4;2;-6,1826935;-38,21912468;"SPRF-RN";"DEL04-RN";"UOP02-DEL04-RN"
550665;2023-09-24;"domingo";"16:30:00";"PB";230;36;"SANTA RITA";"Velocidade Incompatível";"Colisão com objeto";"Com Vítimas Feridas";"Pleno dia";"Crescente";"Céu Claro";"Dupla";"Curva;Aclive;Viaduto";"Não";1;0;0;1;0;0;1;1;-7,1246;-34,9473;"SPRF-PB";"DEL01-PB";"UOP03-DEL01-PB"
550666;2023-09-24;"domingo";"16:23:00";"PB";230;71,3;"SOBRADO";"Condutor Dormindo";"Saída de leito carroçável";"Com Vítimas Feridas";"Pleno dia";"Decrescente";"Céu Claro";"Dupla";"Reta";"Não";4;0;1;0;3;0;1;1;-7,1901;-35,2505;"SPRF-PB";"DEL01-PB";"UOP03-DEL01-PB"
550667;2023-08-19;"sábado";"09:17:00";"ES";262;161,9;"IBATIBA";"Transitar na contramão";"Colisão frontal";"Com Vítimas Feridas";"Pleno dia";"Crescente";"Céu Claro";"Simples";"Curva";"Não";2;0;0;1;1;0;1;2;-20,23640217;-41,52254154;"SPRF-ES";"DEL01-ES";"UOP02-DEL01-ES"
550668;2023-09-24;"domingo";"17:20:00";"SC";101;180,6;"BIGUACU";"Manobra de mudança de faixa";"Colisão lateral mesmo sentido";"Com Vítimas Feridas";"Pleno dia";"Crescente";"Nublado";"Dupla";"Reta";"Sim";2;0;1;0;1;0;1;2;-27,3811238;-48,63090648;"SPRF-SC";"DEL01-SC";"UOP01-DEL01-SC"
550669;2023-09-24;"domingo";"14:40:00";"PB";412;137;"MONTEIRO";"Velocidade Incompatível";"Colisão traseira";"Com Vítimas Feridas";"Pleno dia";"Crescente";"Sol";"Simples";"Reta;Declive";"Não";2;0;0;1;1;0;1;2;-7,845642;-37,068237;"SPRF-PB";"DEL02-PB";"UOP02-DEL02-PB"
550671;2023-09-24;"domingo";"16:40:00";"SC";282;47,9;"AGUAS MORNAS";"Acumulo de óleo sobre o pavimento";"Saída de leito carroçável";"Com Vítimas Feridas";"Pleno dia";"Crescente";"Nublado";"Simples";"Curva";"Não";4;0;1;0;3;0;1;1;-27,721771;-48,934837;"SPRF-SC";"DEL01-SC";"UOP03-DEL01-SC"
550672;2023-09-24;"domingo";"16:20:00";"SE";235;91,9;"CARIRA";"Velocidade Incompatível";"Saída de leito carroçável";"Com Vítimas Feridas";"Anoitecer";"Crescente";"Céu Claro";"Simples";"Reta";"Não";1;0;0;1;0;0;1;1;-10,463896;-37,670715;"SPRF-SE";"DEL01-SE";"UOP02-DEL01-SE"
550675;2023-09-24;"domingo";"17:20:00";"SC";101;149;"ITAPEMA";"Trafegar com motocicleta (ou similar) entre as faixas";"Colisão lateral mesmo sentido";"Com Vítimas Feridas";"Pleno dia";"Decrescente";"Chuva";"Dupla";"Reta";"Sim";3;0;1;1;1;0;2;2;-27,1089649;-48,61277586;"SPRF-SC";"DEL04-SC";"UOP03-DEL04-SC"
550676;2023-09-24;"domingo";"16:00:00";"RJ";101;291;"ITABORAI";"Problema com o freio";"Incêndio";"Sem Vítimas";"Pleno dia";"Decrescente";"Sol";"Dupla";"Reta";"Sim";1;0;0;0;1;0;0;1;-22,76457445;-42,86989322;"SPRF-RJ";"DEL02-RJ";"UOP02-DEL02-RJ"
550679;2023-09-24;"domingo";"17:59:00";"MG";40;573,4;"ITABIRITO";"Transitar na contramão";"Colisão lateral mesmo sentido";"Com Vítimas Feridas";"Anoitecer";"Crescente";"Céu Claro";"Simples";"Reta";"Não";3;0;0;1;1;1;1;3;-20,23925113;-43,9663564;"SPRF-MG";"DEL01-MG";"UOP02-DEL01-MG"
550680;2023-09-24;"domingo";"17:45:00";"SP";116;301;"SAO LOURENCO DA SERRA";"Ausência de reação do condutor";"Colisão lateral mesmo sentido";"Com Vítimas Feridas";"Anoitecer";"Decrescente";"Céu Claro";"Dupla";"Aclive;Reta";"Não";2;0;0;1;1;0;1;2;-23,81147602;-46,92298208;"SPRF-SP";"DEL04-SP";"UOP01-DEL04-SP"
550681;2023-09-24;"domingo";"18:10:00";"MG";365;622;"UBERLANDIA";"Ausência de reação do condutor";"Tombamento";"Com Vítimas Feridas";"Anoitecer";"Crescente";"Céu Claro";"Dupla";"Reta";"Sim";1;0;1;0;0;0;1;1;-18,900964;-48,275288;"SPRF-MG";"DEL15-MG";"UOP01-DEL15-MG"
550682;2023-09-24;"domingo";"17:40:00";"PI";343;333,7;"TERESINA";"Acesso irregular";"Colisão transversal";"Com Vítimas Feridas";"Anoitecer";"Crescente";"Céu Claro";"Múltipla";"Retorno Regulamentado";"Não";3;0;0;1;2;0;1;2;-5,055945;-42,680692;"SPRF-PI";"DEL01-PI";"UOP01-DEL01-PI"
550683;2023-09-24;"domingo";"16:30:00";"MG";381;590,8;"CARMOPOLIS DE MINAS";"Reação tardia ou ineficiente do condutor";"Saída de leito carroçável";"Sem Vítimas";"Pleno dia";"Decrescente";"Céu Claro";"Dupla";"Curva";"Não";1;0;0;0;0;1;0;1;-20,547418;-44,658287;"SPRF-MG";"DEL04-MG";"UOP01-DEL04-MG"
550684;2023-09-24;"domingo";"18:00:00";"ES";101;266;"SERRA";"Frear bruscamente";"Queda de ocupante de veículo";"Com Vítimas Feridas";"Anoitecer";"Crescente";"Nublado";"Múltipla";"Reta";"Sim";2;0;1;0;1;0;1;1;-20,190199;-40,26828891;"SPRF-ES";"DEL02-ES";"UOP01-DEL02-ES"
550685;2023-09-24;"domingo";"16:00:00";"BA";498;11,1;"ITAMARAJU";"Reação tardia ou ineficiente do condutor";"Saída de leito carroçável";"Com Vítimas Feridas";"Pleno dia";"Decrescente";"Céu Claro";"Simples";"Reta";"Não";2;0;0;1;1;0;1;1;-16,914175;-39,494229;"SPRF-BA";"DEL09-BA";"UOP01-DEL09-BA"
550687;2023-09-24;"domingo";"17:00:00";"CE";116;168;"RUSSAS";"Conversão proibida";"Colisão transversal";"Com Vítimas Feridas";"Pleno dia";"Crescente";"Céu Claro";"Simples";"Reta";"Não";3;0;1;1;1;0;2;2;-4,97562655;-38,01382028;"SPRF-CE";"DEL03-CE";"UOP01-DEL03-CE"
550688;2023-08-11;"sexta-feira";"16:40:00";"MG";116;443,7;"ENGENHEIRO CALDAS";"Retorno proibido";"Colisão transversal";"Com Vítimas Feridas";"Pleno dia";"Decrescente";"Nublado";"Simples";"Reta";"Não";2;0;0;1;1;0;1;2;-19,09760101;-42,0072935;"SPRF-MG";"DEL06-MG";"UOP01-DEL06-MG"
550690;2023-09-24;"domingo";"17:50:00";"PE";101;57,1;"LAJEDO";"Acessar a via sem observar a presença dos outros veículos";"Colisão lateral mesmo sentido";"Com Vítimas Feridas";"Plena Noite";"Decrescente";"Céu Claro";"Simples";"Reta";"Não";4;0;2;1;1;0;3;2;-8,635009;-36,306463;"SPRF-PE";"DEL01-PE";"UOP02-DEL01-PE"
550691;2023-09-24;"domingo";"17:55:00";"MS";60;401,1;"SIDROLANDIA";"Acessar a via sem observar a presença dos outros veículos";"Colisão transversal";"Com Vítimas Feridas";"Plena Noite";"Crescente";"Céu Claro";"Simples";"Interseção de Vias";"Não";3;0;2;0;1;0;2;2;-20,80828708;-54,79919566;"SPRF-MS";"DEL01-MS";"UOP04-DEL01-MS"
550692;2023-09-24;"domingo";"18:00:00";"MG";381;356;"JOAO MONLEVADE";"Ingestão de álcool pelo condutor";"Colisão lateral mesmo sentido";"Sem Vítimas";"Plena Noite";"Crescente";"Céu Claro";"Simples";"Reta";"Sim";5;0;0;0;5;0;0;2;-19,845547;-43,166976;"SPRF-MG";"DEL03-MG";"UOP01-DEL03-MG"
550694;2023-09-24;"domingo";"18:30:00";"BA";324;609;"SIMOES FILHO";"Velocidade Incompatível";"Colisão traseira";"Com Vítimas Feridas";"Plena Noite";"Crescente";"Céu Claro";"Dupla";"Reta";"Sim";3;0;1;0;2;0;1;3;-12,83508845;-38,41323887;"SPRF-BA";"DEL01-BA";"UOP01-DEL01-BA"
550695;2023-09-24;"domingo";"19:00:00";"PR";369;155;"LONDRINA";"Pedestre andava na pista";"Atropelamento de Pedestre";"Com Vítimas Feridas";"Plena Noite";"Crescente";"Céu Claro";"Dupla";"Reta";"Sim";2;0;1;0;1;0;1;2;-23,297978;-51,20479;"SPRF-PR";"DEL07-PR";"UOP01-DEL07-PR"
550696;2023-09-24;"domingo";"19:02:00";"PR";277;73;"SAO JOSE DOS PINHAIS";"Reação tardia ou ineficiente do condutor";"Colisão traseira";"Sem Vítimas";"Plena Noite";"Crescente";"Nublado";"Dupla";"Reta";"Não";5;0;0;0;4;1;0;2;-25,499523;-49,152537;"SPRF-PR";"DEL01-PR";"UOP01-DEL01-PR"
550697;2023-09-24;"domingo";"16:30:00";"MG";50;176;"UBERABA";"Reação tardia ou ineficiente do condutor";"Colisão traseira";"Com Vítimas Feridas";"Pleno dia";"Decrescente";"Céu Claro";"Dupla";"Reta";"Não";3;0;0;2;1;0;2;2;-19,77919981;-47,960032;"SPRF-MG";"DEL13-MG";"UOP01-DEL13-MG"
550698;2023-09-24;"domingo";"19:00:00";"TO";153;675;"GURUPI";"Acessar a via sem observar a presença dos outros veículos";"Colisão transversal";"Com Vítimas Feridas";"Plena Noite";"Crescente";"Céu Claro";"Simples";"Reta";"Sim";5;0;3;2;0;0;5;2;-11,75312428;-49,09074565;"SPRF-TO";"DEL01-TO";"UOP02-DEL01-TO"
550699;2023-09-24;"domingo";"19:00:00";"RJ";101;307,8;"SAO GONCALO";"Ingestão de álcool pelo condutor";"Queda de ocupante de veículo";"Com Vítimas Feridas";"Plena Noite";"Crescente";"Céu Claro";"Dupla";"Reta";"Não";1;0;1;0;0;0;1;1;-22,79115777;-43,01514205;"SPRF-RJ";"DEL02-RJ";"UOP02-DEL02-RJ"
550700;2023-09-24;"domingo";"19:27:00";"ES";101;142,7;"LINHARES";"Animais na Pista";"Atropelamento de Animal";"Com Vítimas Feridas";"Plena Noite";"Crescente";"Céu Claro";"Múltipla";"Reta";"Sim";1;0;1;0;0;0;1;1;-19,34286596;-40,0638568;"SPRF-ES";"DEL04-ES";"UOP01-DEL04-ES"
550702;2023-09-24;"domingo";"19:40:00";"ES";101;264;"SERRA";"Ausência de reação do condutor";"Capotamento";"Sem Vítimas";"Plena Noite";"Crescente";"Céu Claro";"Múltipla";"Interseção de Vias";"Sim";1;0;0;0;0;1;0;1;-20,17292791;-40,26736384;"SPRF-ES";"DEL02-ES";"UOP01-DEL02-ES"
550704;2023-09-24;"domingo";"19:45:00";"PR";373;243;"GUAMIRANGA";"Ingestão de álcool pelo condutor";"Saída de leito carroçável";"Com Vítimas Fatais";"Plena Noite";"Crescente";"Céu Claro";"Dupla";"Reta";"Não";2;1;0;0;0;1;0;2;-25,197;-50,775;"SPRF-PR";"DEL03-PR";"UOP01-DEL03-PR"
550705;2023-09-24;"domingo";"18:40:00";"MG";116;111,4;"ITAOBIM";"Transitar na contramão";"Colisão frontal";"Com Vítimas Feridas";"Plena Noite";"Decrescente";"Céu Claro";"Simples";"Curva";"Não";5;0;4;1;0;0;5;2;-16,52165195;-41,50569985;"SPRF-MG";"DEL11-MG";"UOP02-DEL11-MG"
550708;2023-09-24;"domingo";"12:20:00";"MT";163;741;"SORRISO";"Ausência de reação do condutor";"Saída de leito carroçável";"Sem Vítimas";"Pleno dia";"Decrescente";"Céu Claro";"Simples";"Reta;Declive";"Não";1;0;0;0;1;0;0;1;-12,74095894;-55,83175247;"SPRF-MT";"DEL06-MT";"UOP01-DEL06-MT"
550709;2023-09-24;"domingo";"17:15:00";"PR";277;707,7;"SANTA TEREZINHA DE ITAIPU";"Avarias e/ou desgaste excessivo no pneu";"Tombamento";"Com Vítimas Feridas";"Pleno dia";"Crescente";"Céu Claro";"Dupla";"Reta";"Sim";2;0;1;0;1;0;1;1;-25,4390402;-54,38645591;"SPRF-PR";"DEL05-PR";"UOP01-DEL05-PR"
550710;2023-09-24;"domingo";"19:40:00";"PE";232;58;"POMBOS";"Pedestre cruzava a pista fora da faixa";"Atropelamento de Pedestre";"Com Vítimas Feridas";"Plena Noite";"Crescente";"Céu Claro";"Múltipla";"Reta";"Sim";2;0;0;1;1;0;1;2;-8,14462866;-35,39034714;"SPRF-PE";"DEL02-PE";"UOP02-DEL02PE"
550711;2023-09-24;"domingo";"17:44:00";"RJ";101;302;"SAO GONCALO";"Ingestão de álcool pelo condutor";"Capotamento";"Com Vítimas Feridas";"Anoitecer";"Decrescente";"Céu Claro";"Dupla";"Reta";"Não";3;0;1;0;2;0;1;1;-22,78069318;-42,96706396;"SPRF-RJ";"DEL02-RJ";"UOP02-DEL02-RJ"
550712;2023-07-04;"terça-feira";"00:05:00";"RS";392;41,4;"RIO GRANDE";"Ingestão de álcool pelo condutor";"Colisão transversal";"Com Vítimas Feridas";"Plena Noite";"Crescente";"Céu Claro";"Dupla";"Reta";"Não";4;0;1;0;2;1;1;3;-31,95483688;-52,30684982;"SPRF-RS";"DEL07-RS";"UOP02-DEL07-RS"
550714;2023-05-19;"sexta-feira";"16:20:00";"SC";282;25,5;"SANTO AMARO DA IMPERATRIZ";"Trafegar com motocicleta (ou similar) entre as faixas";"Colisão frontal";"Com Vítimas Feridas";"Pleno dia";"Crescente";"Céu Claro";"Simples";"Reta";"Não";2;0;0;2;0;0;2;2;-27,678228;-48,752895;"SPRF-SC";"DEL01-SC";"UOP03-DEL01-SC"
550715;2023-09-24;"domingo";"19:45:00";"PR";277;721;"FOZ DO IGUACU";"Ingestão de álcool pelo condutor";"Colisão transversal";"Com Vítimas Feridas";"Plena Noite";"Crescente";"Céu Claro";"Dupla";"Reta;Retorno Regulamentado";"Sim";2;0;1;0;1;0;1;2;-25,4911505;-54,51185421;"SPRF-PR";"DEL05-PR";"UOP03-DEL05-PR"
550716;2023-09-24;"domingo";"17:44:00";"MT";174;16;"PONTES E LACERDA";"Ausência de reação do condutor";"Capotamento";"Com Vítimas Feridas";"Anoitecer";"Crescente";"Céu Claro";"Simples";"Reta";"Não";3;0;2;1;0;0;3;1;-15,226537;-59,335728;"SPRF-MT";"DEL04-MT";"UOP01-DEL04-MT"
550717;2023-09-24;"domingo";"18:35:00";"MT";70;516;"VARZEA GRANDE";"Ultrapassagem Indevida";"Colisão lateral sentido oposto";"Com Vítimas Feridas";"Anoitecer";"Crescente";"Céu Claro";"Simples";"Reta";"Sim";2;0;0;1;1;0;1;2;-15,64964375;-56,14517257;"SPRF-MT";"DEL01-MT";"UOP02-DEL01-MT"
550718;2023-09-24;"domingo";"19:00:00";"PR";116;114;"SAO JOSE DOS PINHAIS";"Velocidade Incompatível";"Capotamento";"Com Vítimas Feridas";"Plena Noite";"Crescente";"Nublado";"Dupla";"Reta";"Sim";1;0;1;0;0;0;1;1;-25,56296907;-49,25643801;"SPRF-PR";"DEL01-PR";"UOP07-DEL01-PR"
550719;2023-09-24;"domingo";"20:20:00";"MG";40;460,2;"CAETANOPOLIS";"Reação tardia ou ineficiente do condutor";"Saída de leito carroçável";"Com Vítimas Feridas";"Plena Noite";"Crescente";"Céu Claro";"Dupla";"Declive;Curva";"Não";3;0;1;1;1;0;2;1;-19,39770694;-44,33528916;"SPRF-MG";"DEL02-MG";"UOP01-DEL02-MG"
550720;2023-09-24;"domingo";"18:33:00";"GO";414;407,3;"ABADIANIA";"Ingestão de álcool ou de substâncias psicoativas pelo pedestre";"Atropelamento de Pedestre";"Com Vítimas Feridas";"Anoitecer";"Crescente";"Céu Claro";"Simples";"Reta";"Não";2;0;0;1;0;1;1;2;-16,02605;-48,844989;"SPRF-GO";"DEL02-GO";"UOP01-DEL02-GO"
550721;2023-09-24;"domingo";"16:00:00";"PI";222;83;"PIRIPIRI";"Objeto estático sobre o leito carroçável";"Colisão com objeto";"Com Vítimas Feridas";"Pleno dia";"Crescente";"Céu Claro";"Simples";"Ponte";"Não";1;0;0;1;0;0;1;1;-4,24635;-41,816875;"SPRF-PI";"DEL02-PI";"UOP01-DEL02-PI"
550722;2023-09-24;"domingo";"20:00:00";"PB";101;81,5;"BAYEUX";"Ausência de reação do condutor";"Colisão com objeto";"Com Vítimas Feridas";"Plena Noite";"Crescente";"Nublado";"Dupla";"Reta";"Sim";1;0;0;1;0;0;1;1;-7,12508575;-34,94513217;"SPRF-PB";"DEL01-PB";"UOP01-DEL01-PB"
550724;2023-09-24;"domingo";"20:20:00";"MG";40;460,1;"CAETANOPOLIS";"Ausência de reação do condutor";"Saída de leito carroçável";"Com Vítimas Feridas";"Plena Noite";"Crescente";"Céu Claro";"Dupla";"Curva";"Não";1;0;1;0;0;0;1;1;-19,398807;-44,335475;"SPRF-MG";"DEL02-MG";"UOP01-DEL02-MG"
550726;2023-09-24;"domingo";"20:50:00";"PE";428;188;"PETROLINA";"Ausência de reação do condutor";"Queda de ocupante de veículo";"Com Vítimas Feridas";"Plena Noite";"Decrescente";"Céu Claro";"Dupla";"Rotatória";"Sim";1;0;1;0;0;0;1;1;-9,36400596;-40,48266808;"SPRF-PE";"DEL06-PE";"UOP01-DEL06-PE"
550728;2023-09-24;"domingo";"20:30:00";"RJ";101;471;"ANGRA DOS REIS";"Ausência de sinalização";"Colisão lateral mesmo sentido";"Com Vítimas Feridas";"Plena Noite";"Decrescente";"Céu Claro";"Simples";"Reta";"Não";3;0;2;0;1;0;2;2;-22,99649604;-44,22906307;"SPRF-RJ";"DEL03-RJ";"UOP03-DEL03-RJ"
550729;2023-09-24;"domingo";"19:30:00";"BA";116;817,4;"VITORIA DA CONQUISTA";"Acessar a via sem observar a presença dos outros veículos";"Colisão transversal";"Com Vítimas Feridas";"Plena Noite";"Decrescente";"Céu Claro";"Simples";"Interseção de Vias";"Sim";3;0;0;2;1;0;2;2;-14,8245;-40,81909;"SPRF-BA";"DEL08-BA";"UOP01-DEL08-BA"
550731;2023-09-24;"domingo";"20:00:00";"PE";232;44,8;"VITORIA DE SANTO ANTAO";"Animais na Pista";"Atropelamento de Animal";"Com Vítimas Feridas";"Plena Noite";"Crescente";"Nublado";"Dupla";"Reta";"Sim";2;0;2;0;0;0;2;1;-8,127002;-35,279994;"SPRF-PE";"DEL01-PE";"UOP01-DEL01-PE"
550732;2023-09-24;"domingo";"20:30:00";"MG";381;519,7;"IGARAPE";"Ausência de reação do condutor";"Tombamento";"Com Vítimas Feridas";"Plena Noite";"Decrescente";"Céu Claro";"Dupla";"Curva";"Não";2;0;2;0;0;0;2;1;-20,12834104;-44,30330781;"SPRF-MG";"DEL04-MG";"UOP03-DEL04-MG"
550734;2023-09-24;"domingo";"20:50:00";"RJ";116;190;"NOVA IGUACU";"Manobra de mudança de faixa";"Colisão com objeto";"Com Vítimas Feridas";"Pleno dia";"Crescente";"Céu Claro";"Dupla";"Reta";"Sim";2;0;1;0;1;0;1;1;-22,74123776;-43,5007311;"SPRF-RJ";"DEL01-RJ";"UOP02-DEL01-RJ"
550735;2023-09-24;"domingo";"21:40:00";"SP";116;230;"SAO PAULO";"Ausência de reação do condutor";"Colisão traseira";"Com Vítimas Feridas";"Plena Noite";"Crescente";"Ignorado";"Múltipla";"Reta";"Sim";5;0;1;0;3;1;1;3;-23,52251783;-46,5855702;"SPRF-SP";"DEL01-SP";"UOP01-DEL01-SP"
550736;2023-09-24;"domingo";"19:40:00";"PR";116;126;"FAZENDA RIO GRANDE";"Reação tardia ou ineficiente do condutor";"Tombamento";"Com Vítimas Feridas";"Plena Noite";"Decrescente";"Nublado";"Dupla";"Reta";"Sim";1;0;1;0;0;0;1;1;-25,60389895;-49,31824423;"SPRF-PR";"DEL01-PR";"UOP03-DEL01-PR"
550737;2023-09-24;"domingo";"19:30:00";"SP";153;138;"PROMISSAO";"Ingestão de álcool pelo condutor";"Tombamento";"Com Vítimas Feridas";"Plena Noite";"Crescente";"Céu Claro";"Simples";"Reta";"Não";1;0;1;0;0;0;1;1;-21,31002302;-49,79450084;"SPRF-SP";"DEL07-SP";"UOP01-DEL07-SP"
550739;2023-09-24;"domingo";"20:20:00";"SC";101;105,1;"PENHA";"Ingestão de álcool pelo condutor";"Colisão com objeto";"Com Vítimas Feridas";"Plena Noite";"Decrescente";"Céu Claro";"Simples";"Curva;Interseção de Vias";"Não";3;0;1;0;1;1;1;1;-26,80215497;-48,67891041;"SPRF-SC";"DEL03-SC";"UOP02-DEL03-SC"
550740;2023-09-24;"domingo";"19:15:00";"SC";470;8;"NAVEGANTES";"Retorno proibido";"Colisão lateral mesmo sentido";"Com Vítimas Feridas";"Plena Noite";"Crescente";"Nublado";"Simples";"Em Obras;Viaduto";"Não";3;0;2;0;1;0;2;2;-26,83688;-48,718853;"SPRF-SC";"DEL04-SC";"UOP04-DEL04-SC"
550741;2023-09-24;"domingo";"21:10:00";"PR";277;117;"CAMPO LARGO";"Ingestão de álcool pelo condutor";"Saída de leito carroçável";"Sem Vítimas";"Plena Noite";"Crescente";"Céu Claro";"Dupla";"Reta";"Sim";2;0;0;0;1;1;0;2;-25,434195;-49,415613;"SPRF-PR";"DEL03-PR";"UOP03-DEL03-PR"
550742;2023-09-24;"domingo";"19:30:00";"SC";101;212;"PALHOCA";"Condutor Dormindo";"Queda de ocupante de veículo";"Com Vítimas Feridas";"Plena Noite";"Crescente";"Céu Claro";"Simples";"Reta";"Sim";2;0;1;0;0;1;1;2;-27,634549;-48,66365;"SPRF-SC";"DEL01-SC";"UOP02-DEL01-SC"