"id";"data_inversa";"dia_semana";"horario";"uf";"br";"km";"municipio";"causa_acidente";"tipo_acidente";"classificacao_acidente";"fase_dia";"sentido_via";"condicao_metereologica";"tipo_pista";"tracado_via";"uso_solo";"pessoas";"mortos";"feridos_leves";"feridos_graves";"ilesos";"ignorados";"feridos";"veiculos";"latitude";"longitude";"regional";"delegacia";"uop"
550743;2023-09-24;"domingo";"21:30:00";"PR";277;58;"SAO JOSE DOS PINHAIS";"Demais falhas mecânicas ou elétricas";"Incêndio";"Sem Vítimas";"Plena Noite";"Crescente";"Nevoeiro/Neblina";"Dupla";"Reta";"Não";1;0;0;0;0;1;0;1;-25,561826;-49,01499;"SPRF-PR";"DEL01-PR";"UOP01-DEL01-PR"
550744;2023-09-24;"domingo";"20:30:00";"RJ";116;292;"BARRA MANSA";"Avarias e/ou desgaste excessivo no pneu";"Queda de ocupante de veículo";"Com Vítimas Feridas";"Plena Noite";"Decrescente";"Nublado";"Dupla";"Reta";"Não";2;0;2;0;0;0;2;1;-22,46511993;-44,28491095;"SPRF-RJ";"DEL07-RJ";"UOP02-DEL07-RJ"
550745;2023-09-24;"domingo";"18:30:00";"MT";70;541;"VARZEA GRANDE";"Condutor deixou de manter distância do veículo da frente";"Colisão traseira";"Com Vítimas Feridas";"Plena Noite";"Crescente";"Céu Claro";"Simples";"Reta";"Não";3;0;2;0;1;0;2;2;-15,6628675;-56,22620722;"SPRF-MT";"DEL03-MT";"UOP02-DEL03-MT"
550753;2023-09-24;"domingo";"17:10:00";"RO";364;392;"OURO PRETO DO OESTE";"Manobra de mudança de faixa";"Colisão lateral mesmo sentido";"Com Vítimas Feridas";"Pleno dia";"Crescente";"Céu Claro";"Simples";"Reta";"Não";5;0;1;0;3;1;1;3;-10,65915181;-62,29698377;"SPRF-RO";"DEL03-RO";"UOP02-DEL03-RO"
550754;2023-09-24;"domingo";"19:36:00";"RO";429;86;"ALVORADA DOESTE";"Ausência de reação do condutor";"Colisão traseira";"Com Vítimas Fatais";"Plena Noite";"Crescente";"Céu Claro";"Simples";"Reta";"Não";3;1;0;0;1;1;0;3;-11,307507;-62,248367;"SPRF-RO";"DEL02-RO";"UOP03-DEL02-RO"
550755;2023-09-24;"domingo";"21:30:00";"RJ";116;181;"NOVA IGUACU";"Condutor deixou de manter distância do veículo da frente";"Colisão traseira";"Sem Vítimas";"Plena Noite";"Decrescente";"Céu Claro";"Múltipla";"Reta;Aclive";"Sim";3;0;0;0;3;0;0;3;-22,761312;-43,423492;"SPRF-RJ";"DEL01-RJ";"UOP02-DEL01-RJ"
550756;2023-09-24;"domingo";"23:13:00";"RN";110;46,4;"MOSSORO";"Ingestão de álcool pelo condutor";"Colisão frontal";"Com Vítimas Feridas";"Plena Noite";"Crescente";"Céu Claro";"Simples";"Reta";"Sim";5;0;3;0;2;0;3;2;-5,19797675;-37,31839819;"SPRF-RN";"DEL04-RN";"UOP01-DEL04-RN"
550757;2023-09-24;"domingo";"18:30:00";"AC";364;154;"RIO BRANCO";"Transitar na contramão";"Colisão frontal";"Com Vítimas Fatais";"Plena Noite";"Decrescente";"Céu Claro";"Simples";"Reta";"Não";2;1;0;0;0;1;0;2;-9,84378009;-67,93232506;"SPRF-AC";"DEL01-AC";"UOP01-DEL01-AC"
550758;2023-09-24;"domingo";"18:10:00";"SC";282;298,3;"VARGEM";"Ingestão de álcool pelo condutor";"Colisão frontal";"Com Vítimas Feridas";"Plena Noite";"Crescente";"Céu Claro";"Simples";"Curva;Aclive";"Não";5;0;5;0;0;0;5;2;-27,523823;-50,901402;"SPRF-SC";"DEL07-SC";"UOP06-DEL07-SC"
550760;2023-09-24;"domingo";"23:10:00";"SC";101;3,5;"ARARANGUA";"Acessar a via sem observar a presença dos outros veículos";"Colisão transversal";"Com Vítimas Feridas";"Plena Noite";"Decrescente";"Céu Claro";"Simples";"Reta";"Não";4;0;0;1;2;1;1;3;-28,94605997;-49,50428402;"SPRF-SC";"DEL02-SC";"UOP02-DEL02-SC"
550761;2023-09-24;"domingo";"22:00:00";"RO";174;14;"VILHENA";"Ausência de reação do condutor";"Queda de ocupante de veículo";"Com Vítimas Feridas";"Plena Noite";"Crescente";"Céu Claro";"Simples";"Interseção de Vias";"Sim";1;0;0;1;0;0;1;1;-12,73306632;-60,12981255;"SPRF-RO";"DEL04-RO";"UOP01-DEL04-RO"
550762;2023-09-24;"domingo";"23:20:00";"RS";290;37,7;"SANTO ANTONIO DA PATRULHA";"Condutor deixou de manter distância do veículo da frente";"Colisão traseira";"Com Vítimas Feridas";"Plena Noite";"Crescente";"Céu Claro";"Múltipla";"Reta";"Não";5;0;1;0;4;0;1;2;-29,886354;-50,635795;"SPRF-RS";"DEL03-RS";"UOP01-DEL03-RS"
550763;2023-09-24;"domingo";"23:26:00";"ES";101;268,2;"SERRA";"Ingestão de álcool pelo condutor";"Colisão traseira";"Com Vítimas Feridas";"Plena Noite";"Decrescente";"Céu Claro";"Dupla";"Reta";"Sim";3;0;2;0;1;0;2;2;-20,20842;-40,269405;"SPRF-ES";"DEL02-ES";"UOP01-DEL02-ES"
550764;2023-09-25;"segunda-feira";"00:02:00";"RS";386;52,8;"SEBERI";"Transitar na contramão";"Colisão lateral sentido oposto";"Sem Vítimas";"Plena Noite";"Decrescente";"Céu Claro";"Simples";"Reta";"Não";6;0;0;0;5;1;0;2;-27,508551;-53,381039;"SPRF-RS";"DEL08-RS";"UOP02-DEL08-RS"
550765;2023-09-24;"domingo";"23:10:00";"SP";116;215;"SAO PAULO";"Ausência de reação do condutor";"Saída de leito carroçável";"Sem Vítimas";"Plena Noite";"Decrescente";"Nublado";"Múltipla";"Reta";"Sim";1;0;0;0;0;1;0;1;-23,44695693;-46,45394103;"SPRF-SP";"DEL01-SP";"UOP01-DEL01-SP"
550766;2023-09-24;"domingo";"23:20:00";"RO";319;64;"PORTO VELHO";"Condutor desrespeitou a iluminação vermelha do semáforo";"Colisão transversal";"Com Vítimas Feridas";"Plena Noite";"Crescente";"Céu Claro";"Múltipla";"Reta;Interseção de Vias";"Sim";4;0;0;1;3;0;1;2;-8,76749447;-63,88422652;"SPRF-RO";"DEL01-RO";"UOP01-DEL01-RO"
550768;2023-09-24;"domingo";"23:40:00";"SC";470;129,7;"LONTRAS";"Velocidade Incompatível";"Colisão traseira";"Com Vítimas Fatais";"Plena Noite";"Decrescente";"Garoa/Chuvisco";"Simples";"Reta";"Sim";5;2;0;0;2;1;0;3;-27,157606;-49,5565;"SPRF-SC";"DEL04-SC";"UOP02-DEL04-SC"
550769;2023-09-25;"segunda-feira";"00:25:00";"PB";101;97,5;"CONDE";"Velocidade Incompatível";"Colisão com objeto";"Com Vítimas Fatais";"Plena Noite";"Crescente";"Nublado";"Dupla";"Reta";"Sim";1;1;0;0;0;0;0;1;-7,243551;-34,929684;"SPRF-PB";"DEL01-PB";"UOP02-DEL01-PB"
550770;2023-09-25;"segunda-feira";"01:05:00";"RS";116;254,9;"ESTEIO";"Condutor deixou de manter distância do veículo da frente";"Colisão traseira";"Com Vítimas Feridas";"Plena Noite";"Decrescente";"Nublado";"Dupla";"Reta";"Sim";2;0;1;0;1;0;1;2;-29,83090532;-51,17364466;"SPRF-RS";"DEL01-RS";"UOP02-DEL01-RS"
550771;2023-09-24;"domingo";"19:30:00";"PE";232;5;"RECIFE";"Ausência de reação do condutor";"Colisão traseira";"Com Vítimas Feridas";"Plena Noite";"Decrescente";"Nublado";"Múltipla";"Reta";"Não";2;0;1;0;1;0;1;2;-8,06970365;-34,94954824;"SPRF-PE";"DEL01-PE";"UOP01-DEL01-PE"
550773;2023-09-25;"segunda-feira";"02:40:00";"PE";232;164;"TACAIMBO";"Animais na Pista";"Atropelamento de Animal";"Sem Vítimas";"Plena Noite";"Crescente";"Céu Claro";"Simples";"Reta";"Não";1;0;0;0;1;0;0;1;-8,337289;-36,303152;"SPRF-PE";"DEL03-PE";"UOP02-DEL03-PE"
550774;2023-09-25;"segunda-feira";"02:30:00";"PR";277;142;"BALSA NOVA";"Ausência de reação do condutor";"Colisão lateral sentido oposto";"Sem Vítimas";"Plena Noite";"Crescente";"Céu Claro";"Simples";"Reta";"Não";2;0;0;0;1;1;0;2;-25,4655;-49,7495;"SPRF-PR";"DEL03-PR";"UOP03-DEL03-PR"
550776;2023-09-25;"segunda-feira";"03:00:00";"SP";116;110;"TAUBATE";"Ausência de reação do condutor";"Saída de leito carroçável";"Com Vítimas Feridas";"Plena Noite";"Decrescente";"Céu Claro";"Dupla";"Reta";"Sim";1;0;0;1;0;0;1;1;-23,03412614;-45,5526999;"SPRF-SP";"DEL02-SP";"UOP02-DEL02-SP"
550779;2023-09-25;"segunda-feira";"03:50:00";"BA";135;160;"BARREIRAS";"Manobra de mudança de faixa";"Colisão frontal";"Com Vítimas Feridas";"Plena Noite";"Decrescente";"Céu Claro";"Simples";"Reta";"Não";3;0;0;2;0;1;2;2;-12,00950304;-44,94374581;"SPRF-BA";"DEL08-BA";"UOP04-DEL08-BA"
550782;2023-09-25;"segunda-feira";"03:00:00";"RJ";40;105;"DUQUE DE CAXIAS";"Demais falhas mecânicas ou elétricas";"Queda de ocupante de veículo";"Com Vítimas Feridas";"Plena Noite";"Crescente";"Céu Claro";"Dupla";"Reta";"Sim";2;0;1;0;1;0;1;1;-22,63784806;-43,28428824;"SPRF-RJ";"DEL01-RJ";"UOP01-DEL01-RJ"
550784;2023-09-24;"domingo";"18:45:00";"BA";110;397;"SAO SEBASTIAO DO PASSE";"Ingestão de álcool pelo condutor";"Colisão traseira";"Com Vítimas Feridas";"Plena Noite";"Crescente";"Céu Claro";"Simples";"Reta";"Não";2;0;0;1;1;0;1;2;-12,53210636;-38,50336205;"SPRF-BA";"DEL01-BA";"UOP01-DEL01-BA"
550787;2023-09-25;"segunda-feira";"05:25:00";"RS";290;81;"GRAVATAI";"Acumulo de água sobre o pavimento";"Colisão com objeto";"Sem Vítimas";"Plena Noite";"Decrescente";"Chuva";"Múltipla";"Curva;Rotatória";"Não";1;0;0;0;0;1;0;1;-29,95476723;-51,0587883;"SPRF-RS";"DEL01-RS";"UOP01-DEL01-RS"
550788;2023-09-24;"domingo";"18:35:00";"PR";277;713,5;"SANTA TEREZINHA DE ITAIPU";"Avarias e/ou desgaste excessivo no pneu";"Tombamento";"Com Vítimas Feridas";"Anoitecer";"Decrescente";"Céu Claro";"Dupla";"Reta;Declive";"Não";2;0;2;0;0;0;2;1;-25,46144154;-54,44010119;"SPRF-PR";"DEL05-PR";"UOP01-DEL05-PR"
550789;2023-09-25;"segunda-feira";"02:08:00";"PE";101;190,1;"PALMARES";"Velocidade Incompatível";"Tombamento";"Com Vítimas Feridas";"Plena Noite";"Crescente";"Céu Claro";"Dupla";"Reta";"Não";1;0;0;1;0;0;1;1;-8,69573052;-35,6103118;"SPRF-PE";"DEL01-PE";"UOP03-DEL01-PE"
550793;2023-09-24;"domingo";"19:00:00";"BA";110;359;"CATU";"Velocidade Incompatível";"Capotamento";"Com Vítimas Feridas";"Plena Noite";"Crescente";"Céu Claro";"Simples";"Reta";"Não";1;0;1;0;0;0;1;1;-12,35866502;-38,39208618;"SPRF-BA";"DEL01-BA";"UOP04-DEL01-BA"
550799;2023-09-24;"domingo";"20:00:00";"BA";110;381;"CATU";"Acessar a via sem observar a presença dos outros veículos";"Colisão transversal";"Com Vítimas Feridas";"Plena Noite";"Decrescente";"Céu Claro";"Simples";"Curva";"Não";3;0;2;0;0;1;2;2;-12,45933698;-38,47539153;"SPRF-BA";"DEL01-BA";"UOP01-DEL01-BA"
550800;2023-09-25;"segunda-feira";"07:16:00";"RS";285;465,3;"IJUI";"Reação tardia ou ineficiente do condutor";"Saída de leito carroçável";"Com Vítimas Feridas";"Pleno dia";"Crescente";"Nublado";"Simples";"Reta";"Não";1;0;1;0;0;0;1;1;-28,39819579;-53,96153927;"SPRF-RS";"DEL10-RS";"UOP01-DEL10-RS"
550802;2023-09-25;"segunda-feira";"06:20:00";"SP";116;115,5;"TAUBATE";"Manobra de mudança de faixa";"Queda de ocupante de veículo";"Com Vítimas Feridas";"Pleno dia";"Crescente";"Céu Claro";"Dupla";"Reta";"Sim";1;0;0;1;0;0;1;1;-23,0496047;-45,59973712;"SPRF-SP";"DEL02-SP";"UOP02-DEL02-SP"
550803;2023-09-24;"domingo";"13:15:00";"ES";262;65;"MARECHAL FLORIANO";"Acessar a via sem observar a presença dos outros veículos";"Colisão transversal";"Com Vítimas Feridas";"Pleno dia";"Crescente";"Céu Claro";"Simples";"Curva";"Não";2;0;1;0;1;0;1;2;-20,41443354;-40,82302074;"SPRF-ES";"DEL01-ES";"UOP02-DEL01-ES"
550804;2023-09-25;"segunda-feira";"07:10:00";"MG";381;486;"BETIM";"Ausência de reação do condutor";"Tombamento";"Com Vítimas Feridas";"Pleno dia";"Decrescente";"Sol";"Dupla";"Reta";"Não";2;0;2;0;0;0;2;1;-19,95644414;-44,13611598;"SPRF-MG";"DEL01-MG";"UOP03-DEL01-MG"
550805;2023-09-25;"segunda-feira";"07:20:00";"SP";116;216;"GUARULHOS";"Trafegar com motocicleta (ou similar) entre as faixas";"Colisão traseira";"Com Vítimas Feridas";"Pleno dia";"Crescente";"Nublado";"Múltipla";"Reta";"Sim";2;0;1;0;0;1;1;2;-23,45056589;-46,46258105;"SPRF-SP";"DEL01-SP";"UOP01-DEL01-SP"
550807;2023-09-25;"segunda-feira";"07:30:00";"BA";324;585;"CANDEIAS";"Avarias e/ou desgaste excessivo no pneu";"Saída de leito carroçável";"Com Vítimas Feridas";"Pleno dia";"Crescente";"Céu Claro";"Dupla";"Reta";"Não";2;0;2;0;0;0;2;1;-12,63012705;-38,47968619;"SPRF-BA";"DEL01-BA";"UOP01-DEL01-BA"
550808;2023-09-25;"segunda-feira";"07:43:00";"MG";365;626;"UBERLANDIA";"Animais na Pista";"Tombamento";"Com Vítimas Feridas";"Pleno dia";"Decrescente";"Céu Claro";"Dupla";"Reta";"Não";1;0;1;0;0;0;1;1;-18,90659356;-48,33469405;"SPRF-MG";"DEL15-MG";"UOP01-DEL15-MG"
550809;2023-09-25;"segunda-feira";"05:45:00";"MT";163;838;"SINOP";"Acumulo de areia ou detritos sobre o pavimento";"Queda de ocupante de veículo";"Com Vítimas Feridas";"Pleno dia";"Decrescente";"Céu Claro";"Dupla";"Reta";"Não";1;0;1;0;0;0;1;1;-11,960007;-55,516914;"SPRF-MT";"DEL06-MT";"UOP02-DEL06-MT"
550813;2023-09-24;"domingo";"21:50:00";"MG";251;333;"FRUTA DE LEITE";"Reação tardia ou ineficiente do condutor";"Colisão com objeto";"Com Vítimas Fatais";"Plena Noite";"Decrescente";"Céu Claro";"Simples";"Curva;Declive";"Não";43;1;36;6;0;0;42;1;-16,25683842;-42,43114276;"SPRF-MG";"DEL12-MG";"UOP02-DEL12-MG"
550814;2023-09-25;"segunda-feira";"07:10:00";"MG";116;415;"GOVERNADOR VALADARES";"Desrespeitar a preferência no cruzamento";"Colisão transversal";"Com Vítimas Feridas";"Pleno dia";"Crescente";"Sol";"Simples";"Reta";"Sim";3;0;1;0;2;0;1;2;-18,88401297;-41,94924399;"SPRF-MG";"DEL06-MG";"UOP01-DEL06-MG"
550815;2023-09-25;"segunda-feira";"08:10:00";"MG";40;510;"RIBEIRAO DAS NEVES";"Trafegar com motocicleta (ou similar) entre as faixas";"Atropelamento de Pedestre";"Com Vítimas Feridas";"Pleno dia";"Crescente";"Céu Claro";"Dupla";"Reta;Aclive";"Não";2;0;0;2;0;0;2;2;-19,77463885;-44,12321882;"SPRF-MG";"DEL01-MG";"UOP02-DEL01-MG"
550816;2023-09-25;"segunda-feira";"00:10:00";"MG";116;614,3;"ORIZANIA";"Animais na Pista";"Atropelamento de Animal";"Com Vítimas Feridas";"Plena Noite";"Decrescente";"Céu Claro";"Simples";"Reta";"Não";3;0;1;0;2;0;1;1;-20,44629501;-42,16775098;"SPRF-MG";"DEL07-MG";"UOP02-DEL07-MG"
550817;2023-09-25;"segunda-feira";"05:45:00";"RO";364;244;"CACOAL";"Reação tardia ou ineficiente do condutor";"Saída de leito carroçável";"Com Vítimas Feridas";"Amanhecer";"Crescente";"Céu Claro";"Simples";"Reta";"Não";1;0;0;1;0;0;1;1;-11,44010534;-61,50592399;"SPRF-RO";"DEL02-RO";"UOP02-DEL02-RO"
550819;2023-09-25;"segunda-feira";"08:30:00";"SC";101;146;"ITAPEMA";"Condutor deixou de manter distância do veículo da frente";"Colisão traseira";"Com Vítimas Feridas";"Pleno dia";"Decrescente";"Nublado";"Dupla";"Reta";"Não";2;0;1;0;1;0;1;2;-27,08666525;-48,60955587;"SPRF-SC";"DEL04-SC";"UOP03-DEL04-SC"
550820;2023-09-25;"segunda-feira";"08:50:00";"ES";101;264;"SERRA";"Manobra de mudança de faixa";"Colisão lateral mesmo sentido";"Com Vítimas Feridas";"Pleno dia";"Crescente";"Céu Claro";"Dupla";"Aclive;Reta";"Sim";2;0;1;0;1;0;1;2;-20,17292791;-40,26736384;"SPRF-ES";"DEL02-ES";"UOP01-DEL02-ES"
550821;2023-09-25;"segunda-feira";"09:00:00";"RJ";101;320;"NITEROI";"Manobra de mudança de faixa";"Colisão traseira";"Com Vítimas Feridas";"Pleno dia";"Crescente";"Céu Claro";"Dupla";"Reta";"Sim";3;0;1;0;2;0;1;2;-22,86171098;-43,10714015;"SPRF-RJ";"DEL02-RJ";"UOP01-DEL02-RJ"
550822;2023-08-13;"domingo";"14:45:00";"MG";381;422;"CAETE";"Ausência de reação do condutor";"Colisão com objeto";"Com Vítimas Feridas";"Pleno dia";"Crescente";"Sol";"Dupla";"Declive";"Não";2;0;1;1;0;0;2;1;-19,78353087;-43,66633394;"SPRF-MG";"DEL01-MG";"UOP01-DEL01-MG"
550825;2023-09-25;"segunda-feira";"07:30:00";"PR";116;54;"CAMPINA GRANDE DO SUL";"Reação tardia ou ineficiente do condutor";"Saída de leito carroçável";"Com Vítimas Feridas";"Amanhecer";"Crescente";"Nublado";"Dupla";"Reta";"Não";4;0;1;0;3;0;1;1;-25,2656158;-48,91632335;"SPRF-PR";"DEL01-PR";"UOP02-DEL01-PR"
550828;2023-09-25;"segunda-feira";"08:40:00";"RS";392;35;"RIO GRANDE";"Demais falhas mecânicas ou elétricas";"Tombamento";"Com Vítimas Feridas";"Pleno dia";"Crescente";"Nublado";"Dupla";"Curva";"Não";2;0;2;0;0;0;2;1;-32,00664701;-52,28813637;"SPRF-RS";"DEL07-RS";"UOP02-DEL07-RS"
550830;2023-09-25;"segunda-feira";"07:20:00";"SC";282;51,1;"AGUAS MORNAS";"Chuva";"Saída de leito carroçável";"Com Vítimas Fatais";"Pleno dia";"Decrescente";"Chuva";"Simples";"Curva;Declive";"Não";2;1;0;1;0;0;1;1;-27,70239198;-48,9611882;"SPRF-SC";"DEL01-SC";"UOP03-DEL01-SC"
550831;2023-09-25;"segunda-feira";"09:50:00";"SC";470;54,4;"BLUMENAU";"Desrespeitar a preferência no cruzamento";"Colisão transversal";"Com Vítimas Feridas";"Pleno dia";"Crescente";"Nublado";"Simples";"Interseção de Vias";"Sim";2;0;1;0;1;0;1;2;-26,8731949;-49,11423785;"SPRF-SC";"DEL04-SC";"UOP01-DEL04-SC"
550832;2023-09-25;"segunda-feira";"09:00:00";"RS";116;142;"CAXIAS DO SUL";"Semáforo com defeito";"Colisão transversal";"Sem Vítimas";"Pleno dia";"Decrescente";"Chuva";"Dupla";"Interseção de Vias;Reta";"Sim";2;0;0;0;2;0;0;2;-29,11727;-51,115208;"SPRF-RS";"DEL05-RS";"UOP01-DEL05-RS"
550834;2023-09-25;"segunda-feira";"09:30:00";"RS";392;351;"SANTA MARIA";"Acessar a via sem observar a presença dos outros veículos";"Colisão transversal";"Sem Vítimas";"Pleno dia";"Decrescente";"Chuva";"Dupla";"Interseção de Vias";"Sim";4;0;0;0;4;0;0;2;-29,7284269;-53,80323691;"SPRF-RS";"DEL09-RS";"UOP01-DEL09-RS"
550835;2023-09-25;"segunda-feira";"09:10:00";"PR";376;170,3;"MARINGA";"Reação tardia ou ineficiente do condutor";"Saída de leito carroçável";"Com Vítimas Feridas";"Pleno dia";"Decrescente";"Céu Claro";"Dupla";"Aclive;Reta";"Sim";1;0;0;1;0;0;1;1;-23,41595703;-51,97950402;"SPRF-PR";"DEL09-PR";"UOP01-DEL09-PR"
550836;2023-09-25;"segunda-feira";"10:05:00";"SC";101;118,4;"ITAJAI";"Condutor deixou de manter distância do veículo da frente";"Colisão traseira";"Com Vítimas Feridas";"Pleno dia";"Crescente";"Céu Claro";"Múltipla";"Reta";"Não";3;0;1;0;2;0;1;3;-26,895859;-48,71903;"SPRF-SC";"DEL04-SC";"UOP04-DEL04-SC"
550839;2023-09-25;"segunda-feira";"08:40:00";"SP";116;155;"SAO JOSE DOS CAMPOS";"Reação tardia ou ineficiente do condutor";"Engavetamento";"Com Vítimas Feridas";"Pleno dia";"Crescente";"Céu Claro";"Dupla";"Reta";"Não";6;0;3;0;3;0;3;4;-23,24524337;-45,92772774;"SPRF-SP";"DEL02-SP";"UOP01-DEL02-SP"
550841;2023-09-25;"segunda-feira";"08:50:00";"ES";262;105;"VENDA NOVA DO IMIGRANTE";"Frear bruscamente";"Tombamento";"Com Vítimas Feridas";"Pleno dia";"Crescente";"Céu Claro";"Simples";"Reta";"Sim";1;0;1;0;0;0;1;1;-20,32624656;-41,13598921;"SPRF-ES";"DEL01-ES";"UOP02-DEL01-ES"
550842;2023-09-25;"segunda-feira";"10:10:00";"PR";277;685;"SAO MIGUEL DO IGUACU";"Avarias e/ou desgaste excessivo no pneu";"Colisão com objeto";"Com Vítimas Feridas";"Pleno dia";"Crescente";"Céu Claro";"Dupla";"Curva;Declive";"Sim";5;0;2;0;2;1;2;1;-25,3350861;-54,207268;"SPRF-PR";"DEL05-PR";"UOP01-DEL05-PR"
550845;2023-09-25;"segunda-feira";"09:40:00";"ES";101;270;"SERRA";"Acessar a via sem observar a presença dos outros veículos";"Colisão lateral mesmo sentido";"Com Vítimas Feridas";"Pleno dia";"Crescente";"Nublado";"Dupla";"Curva";"Sim";2;0;1;0;1;0;1;2;-20,22662056;-40,27075088;"SPRF-ES";"DEL02-ES";"UOP01-DEL02-ES"
550846;2023-09-25;"segunda-feira";"04:30:00";"MT";163;1043;"MATUPA";"Demais falhas na via";"Saída de leito carroçável";"Sem Vítimas";"Amanhecer";"Decrescente";"Céu Claro";"Simples";"Reta";"Não";1;0;0;0;1;0;0;1;-10,137728;-54,930828;"SPRF-MT";"DEL06-MT";"UOP03-DEL06-MT"
550848;2023-09-25;"segunda-feira";"09:40:00";"MG";40;602,9;"CONGONHAS";"Acessar a via sem observar a presença dos outros veículos";"Colisão transversal";"Com Vítimas Feridas";"Pleno dia";"Crescente";"Céu Claro";"Simples";"Curva";"Não";4;0;2;2;0;0;4;2;-20,44652376;-43,8396675;"SPRF-MG";"DEL05-MG";"UOP02-DEL05-MG"
550849;2023-07-08;"sábado";"13:45:00";"PI";343;1;"TERESINA";"Retorno proibido";"Colisão traseira";"Com Vítimas Feridas";"Pleno dia";"Crescente";"Sol";"Múltipla";"Reta";"Sim";2;0;0;1;1;0;1;2;-5,089569;-42,802288;"SPRF-PI";"DEL01-PI";"UOP01-DEL01-PI"
550850;2023-09-25;"segunda-feira";"11:10:00";"SP";116;224;"GUARULHOS";"Reação tardia ou ineficiente do condutor";"Queda de ocupante de veículo";"Com Vítimas Feridas";"Pleno dia";"Decrescente";"Céu Claro";"Múltipla";"Reta";"Sim";2;0;1;0;0;1;1;2;-23,48071896;-46,53271603;"SPRF-SP";"DEL01-SP";"UOP01-DEL01-SP"
550851;2023-09-25;"segunda-feira";"08:50:00";"SE";101;63;"ROSARIO DO CATETE";"Ausência de reação do condutor";"Colisão traseira";"Sem Vítimas";"Pleno dia";"Crescente";"Céu Claro";"Simples";"Reta";"Não";2;0;0;0;2;0;0;2;-10,6919344;-37,04082067;"SPRF-SE";"DEL02-SE";"UOP02-DEL02-SE"
550854;2023-07-07;"sexta-feira";"21:30:00";"RS";470;63;"LAGOA VERMELHA";"Ingestão de álcool pelo condutor";"Saída de leito carroçável";"Com Vítimas Feridas";"Plena Noite";"Crescente";"Garoa/Chuvisco";"Simples";"Reta";"Não";2;0;1;0;1;0;1;1;-28,203287;-51,525436;"SPRF-RS";"DEL08-RS";"UOP05-DEL08-RS"
550855;2023-09-22;"sexta-feira";"23:15:00";"BA";116;529;"ITATIM";"Velocidade Incompatível";"Colisão traseira";"Com Vítimas Feridas";"Plena Noite";"Crescente";"Céu Claro";"Simples";"Curva;Aclive";"Não";3;0;0;1;2;0;1;2;-12,71959614;-39,75288696;"SPRF-BA";"DEL03-BA";"UOP02-DEL03-BA"
550857;2023-09-25;"segunda-feira";"07:30:00";"PI";343;597,5;"FLORIANO";"Reação tardia ou ineficiente do condutor";"Saída de leito carroçável";"Com Vítimas Feridas";"Amanhecer";"Crescente";"Sol";"Simples";"Em Obras;Curva;Declive";"Não";1;0;0;1;0;0;1;1;-6,815488;-43,059173;"SPRF-PI";"DEL03-PI";"UOP01-DEL03-PI"
550858;2023-09-25;"segunda-feira";"12:10:00";"MG";381;530;"ITATIAIUCU";"Condutor Dormindo";"Saída de leito carroçável";"Sem Vítimas";"Pleno dia";"Crescente";"Sol";"Dupla";"Curva";"Não";1;0;0;0;1;0;0;1;-20,17327539;-44,37545454;"SPRF-MG";"DEL04-MG";"UOP03-DEL04-MG"
550859;2023-09-25;"segunda-feira";"11:50:00";"MG";381;533,2;"ITATIAIUCU";"Condutor Dormindo";"Saída de leito carroçável";"Com Vítimas Feridas";"Pleno dia";"Decrescente";"Céu Claro";"Dupla";"Reta";"Não";1;0;1;0;0;0;1;1;-20,19896036;-44,38641307;"SPRF-MG";"DEL04-MG";"UOP03-DEL04-MG"
550861;2023-08-12;"sábado";"08:00:00";"PR";467;105;"CASCAVEL";"Chuva";"Saída de leito carroçável";"Com Vítimas Feridas";"Pleno dia";"Decrescente";"Chuva";"Dupla";"Reta";"Não";1;0;1;0;0;0;1;1;-24,9142;-53,492;"SPRF-PR";"DEL04-PR";"UOP01-DEL04-PR"
550862;2023-09-25;"segunda-feira";"09:00:00";"AC";364;272;"SENA MADUREIRA";"Ausência de reação do condutor";"Colisão com objeto";"Com Vítimas Feridas";"Pleno dia";"Crescente";"Céu Claro";"Simples";"Reta;Ponte";"Não";1;0;0;1;0;0;1;1;-9,08103945;-68,66158449;"SPRF-AC";"DEL01-AC";"UOP01-DEL01-AC"
550863;2023-09-25;"segunda-feira";"12:10:00";"MG";40;633,4;"CONSELHEIRO LAFAIETE";"Acessar a via sem observar a presença dos outros veículos";"Colisão transversal";"Com Vítimas Feridas";"Pleno dia";"Crescente";"Céu Claro";"Simples";"Reta;Rotatória";"Não";3;0;2;0;1;0;2;2;-20,68168197;-43,79419779;"SPRF-MG";"DEL05-MG";"UOP02-DEL05-MG"
550865;2023-09-25;"segunda-feira";"09:45:00";"BA";101;526;"BUERAREMA";"Acessar a via sem observar a presença dos outros veículos";"Colisão traseira";"Com Vítimas Feridas";"Pleno dia";"Decrescente";"Nublado";"Simples";"Reta";"Não";2;0;1;0;1;0;1;2;-14,967448;-39,318094;"SPRF-BA";"DEL05-BA";"UOP01-DEL05-BA"
550866;2023-09-25;"segunda-feira";"07:10:00";"MG";116;528,5;"CARATINGA";"Desrespeitar a preferência no cruzamento";"Colisão transversal";"Com Vítimas Feridas";"Pleno dia";"Decrescente";"Céu Claro";"Simples";"Interseção de Vias";"Sim";2;0;1;0;1;0;1;2;-19,80209596;-42,13678193;"SPRF-MG";"DEL06-MG";"UOP02-DEL06-MG"