"id";"data_inversa";"dia_semana";"horario";"uf";"br";"km";"municipio";"causa_acidente";"tipo_acidente";"classificacao_acidente";"fase_dia";"sentido_via";"condicao_metereologica";"tipo_pista";"tracado_via";"uso_solo";"pessoas";"mortos";"feridos_leves";"feridos_graves";"ilesos";"ignorados";"feridos";"veiculos";"latitude";"longitude";"regional";"delegacia";"uop"
550867;2023-09-25;"segunda-feira";"09:50:00";"MG";116;466,7;"TARUMIRIM";"Transitar na contramão";"Colisão lateral sentido oposto";"Com Vítimas Feridas";"Pleno dia";"Crescente";"Céu Claro";"Simples";"Aclive;Reta";"Não";5;0;4;1;0;0;5;2;-19,2852902;-42,07293963;"SPRF-MG";"DEL06-MG";"UOP02-DEL06-MG"
550868;2023-07-23;"domingo";"19:00:00";"MG";146;486;"POCOS DE CALDAS";"Ingestão de álcool pelo condutor";"Colisão lateral sentido oposto";"Com Vítimas Feridas";"Plena Noite";"Crescente";"Céu Claro";"Simples";"Declive;Curva";"Não";3;0;2;0;1;0;2;3;-21,79070479;-46,44242764;"SPRF-MG";"DEL09-MG";"UOP01-DEL09-MG"
550870;2023-09-25;"segunda-feira";"11:40:00";"MG";116;800,3;"ALEM PARAIBA";"Reação tardia ou ineficiente do condutor";"Colisão com objeto";"Com Vítimas Feridas";"Pleno dia";"Crescente";"Sol";"Simples";"Curva";"Não";1;0;1;0;0;0;1;1;-21,762259;-42,73448298;"SPRF-MG";"DEL07-MG";"UOP01-DEL07-MG"
550871;2023-09-25;"segunda-feira";"13:10:00";"RS";290;459,4;"ROSARIO DO SUL";"Condutor Dormindo";"Colisão lateral sentido oposto";"Com Vítimas Feridas";"Pleno dia";"Decrescente";"Chuva";"Simples";"Curva";"Não";2;0;1;0;1;0;1;2;-30,226423;-54,706081;"SPRF-RS";"DEL11-RS";"UOP02-DEL11-RS"
550877;2023-09-25;"segunda-feira";"14:05:00";"RN";304;36;"MOSSORO";"Condutor deixou de manter distância do veículo da frente";"Colisão traseira";"Com Vítimas Feridas";"Pleno dia";"Decrescente";"Céu Claro";"Dupla";"Reta";"Sim";2;0;0;1;1;0;1;2;-5,170207;-37,35786;"SPRF-RN";"DEL04-RN";"UOP02-DEL04-RN"
550879;2023-09-25;"segunda-feira";"10:30:00";"ES";262;143,1;"IBATIBA";"Condutor deixou de manter distância do veículo da frente";"Colisão lateral mesmo sentido";"Com Vítimas Feridas";"Pleno dia";"Decrescente";"Céu Claro";"Simples";"Reta;Aclive";"Não";2;0;1;0;1;0;1;2;-20,23248492;-41,39486117;"SPRF-ES";"DEL01-ES";"UOP02-DEL01-ES"
550883;2023-09-21;"quinta-feira";"21:04:00";"MS";376;32,5;"FATIMA DO SUL";"Iluminação deficiente";"Colisão traseira";"Com Vítimas Feridas";"Plena Noite";"Decrescente";"Céu Claro";"Simples";"Reta";"Não";2;0;1;0;1;0;1;2;-22,38920803;-54,48517701;"SPRF-MS";"DEL04-MS";"UOP01-DEL04-MS"
550888;2023-09-25;"segunda-feira";"09:20:00";"MG";116;497,3;"INHAPIM";"Acessar a via sem observar a presença dos outros veículos";"Colisão transversal";"Com Vítimas Feridas";"Pleno dia";"Crescente";"Céu Claro";"Simples";"Curva;Rotatória";"Sim";2;0;1;0;1;0;1;2;-19,53642905;-42,12651952;"SPRF-MG";"DEL06-MG";"UOP02-DEL06-MG"
550890;2023-09-25;"segunda-feira";"12:30:00";"RJ";101;510;"ANGRA DOS REIS";"Reação tardia ou ineficiente do condutor";"Tombamento";"Com Vítimas Feridas";"Pleno dia";"Crescente";"Nublado";"Simples";"Reta";"Não";2;0;2;0;0;0;2;1;-22,95213203;-44,4361139;"SPRF-RJ";"DEL03-RJ";"UOP03-DEL03-RJ"
550891;2023-08-23;"quarta-feira";"14:00:00";"PI";343;345,5;"TERESINA";"Conversão proibida";"Colisão transversal";"Com Vítimas Feridas";"Pleno dia";"Crescente";"Céu Claro";"Simples";"Reta";"Sim";2;0;0;1;1;0;1;2;-5,102889;-42,766506;"SPRF-PI";"DEL01-PI";"UOP01-DEL01-PI"
550892;2023-09-25;"segunda-feira";"13:15:00";"GO";251;27;"CRISTALINA";"Acessar a via sem observar a presença dos outros veículos";"Colisão transversal";"Com Vítimas Feridas";"Pleno dia";"Crescente";"Céu Claro";"Simples";"Reta";"Sim";2;0;1;0;1;0;1;2;-16,100465;-47,501367;"SPRF-DF";"DEL01-DF";"UOP01-DEL01-DF"
550893;2023-09-25;"segunda-feira";"11:00:00";"MT";163;1031;"PEIXOTO DE AZEVEDO";"Acessar a via sem observar a presença dos outros veículos";"Colisão transversal";"Com Vítimas Feridas";"Pleno dia";"Decrescente";"Céu Claro";"Simples";"Declive;Reta";"Sim";2;0;1;0;1;0;1;2;-10,238264;-54,983547;"SPRF-MT";"DEL06-MT";"UOP03-DEL06-MT"
550894;2023-09-25;"segunda-feira";"14:15:00";"SC";101;88,4;"BARRA VELHA";"Ausência de reação do condutor";"Colisão traseira";"Com Vítimas Feridas";"Pleno dia";"Crescente";"Nublado";"Múltipla";"Reta";"Sim";2;0;1;0;1;0;1;2;-26,65394759;-48,68759215;"SPRF-SC";"DEL03-SC";"UOP02-DEL03-SC"
550895;2023-09-25;"segunda-feira";"15:50:00";"RJ";116;181;"NOVA IGUACU";"Acumulo de óleo sobre o pavimento";"Queda de ocupante de veículo";"Com Vítimas Feridas";"Pleno dia";"Decrescente";"Nublado";"Múltipla";"Reta";"Sim";2;0;1;0;1;0;1;1;-22,761312;-43,423492;"SPRF-RJ";"DEL01-RJ";"UOP02-DEL01-RJ"
550896;2023-09-25;"segunda-feira";"14:50:00";"PE";408;93;"SAO LOURENCO DA MATA";"Frear bruscamente";"Queda de ocupante de veículo";"Com Vítimas Feridas";"Pleno dia";"Decrescente";"Céu Claro";"Dupla";"Reta;Aclive";"Não";1;0;1;0;0;0;1;1;-8,00201425;-35,05473707;"SPRF-PE";"DEL01-PE";"UOP01-DEL01-PE"
550897;2023-09-25;"segunda-feira";"12:10:00";"PR";376;140,6;"NOVA ESPERANCA";"Mal súbito do condutor";"Saída de leito carroçável";"Com Vítimas Feridas";"Pleno dia";"Decrescente";"Céu Claro";"Dupla";"Viaduto;Reta";"Não";1;0;0;1;0;0;1;1;-23,23651;-52,17315;"SPRF-PR";"DEL09-PR";"UOP02-DEL09-PR"
550898;2023-09-25;"segunda-feira";"12:30:00";"RO";364;330;"JI-PARANA";"Demais falhas mecânicas ou elétricas";"Incêndio";"Sem Vítimas";"Pleno dia";"Decrescente";"Céu Claro";"Simples";"Reta";"Não";1;0;0;0;0;1;0;1;-10,984673;-61,9171;"SPRF-RO";"DEL02-RO";"UOP01-DEL02-RO"
550899;2023-09-25;"segunda-feira";"15:20:00";"RJ";356;76;"ITALVA";"Mal súbito do condutor";"Colisão lateral sentido oposto";"Com Vítimas Feridas";"Pleno dia";"Crescente";"Céu Claro";"Simples";"Reta";"Sim";2;0;1;0;1;0;1;2;-21,4292092;-41,6933554;"SPRF-RJ";"DEL08-RJ";"UOP03-DEL08-RJ"
550901;2023-09-25;"segunda-feira";"15:30:00";"SC";101;202;"SAO JOSE";"Condutor deixou de manter distância do veículo da frente";"Colisão traseira";"Com Vítimas Feridas";"Pleno dia";"Decrescente";"Chuva";"Dupla";"Reta";"Sim";6;0;2;0;4;0;2;2;-27,55711595;-48,61897889;"SPRF-SC";"DEL01-SC";"UOP01-DEL01-SC"
550902;2023-09-25;"segunda-feira";"15:58:00";"PE";428;189;"PETROLINA";"Retorno proibido";"Colisão lateral mesmo sentido";"Com Vítimas Feridas";"Pleno dia";"Decrescente";"Sol";"Dupla";"Reta";"Sim";2;0;1;0;1;0;1;2;-9,37197508;-40,48679585;"SPRF-PE";"DEL06-PE";"UOP01-DEL06-PE"
550904;2023-09-25;"segunda-feira";"15:58:00";"TO";153;336;"GUARAI";"Reação tardia ou ineficiente do condutor";"Colisão traseira";"Com Vítimas Feridas";"Pleno dia";"Decrescente";"Garoa/Chuvisco";"Simples";"Reta";"Não";2;0;1;0;1;0;1;2;-8,85386;-48,508884;"SPRF-TO";"DEL02-TO";"UOP02-DEL02-TO"
550907;2023-09-25;"segunda-feira";"16:10:00";"SP";116;67;"APARECIDA";"Velocidade Incompatível";"Tombamento";"Com Vítimas Feridas";"Pleno dia";"Decrescente";"Chuva";"Dupla";"Rotatória";"Sim";1;0;1;0;0;0;1;1;-22,82867578;-45,2088941;"SPRF-SP";"DEL08-SP";"UOP01-DEL08-SP"
550908;2023-08-28;"segunda-feira";"10:35:00";"PR";376;182,5;"SARANDI";"Condutor deixou de manter distância do veículo da frente";"Colisão traseira";"Com Vítimas Feridas";"Pleno dia";"Crescente";"Céu Claro";"Múltipla";"Reta";"Sim";2;0;0;1;1;0;1;2;-23,43684112;-51,87880764;"SPRF-PR";"DEL09-PR";"UOP01-DEL09-PR"
550913;2023-07-27;"quinta-feira";"20:29:00";"PR";376;186,8;"MARIALVA";"Ausência de reação do condutor";"Queda de ocupante de veículo";"Com Vítimas Feridas";"Plena Noite";"Crescente";"Nublado";"Dupla";"Aclive";"Não";1;0;0;1;0;0;1;1;-23,45643624;-51,84510713;"SPRF-PR";"DEL09-PR";"UOP01-DEL09-PR"
550915;2023-09-25;"segunda-feira";"16:30:00";"BA";116;6,3;"VITORIA DA CONQUISTA";"Acessar a via sem observar a presença dos outros veículos";"Colisão transversal";"Com Vítimas Feridas";"Pleno dia";"Crescente";"Céu Claro";"Simples";"Reta;Declive";"Sim";2;0;1;0;1;0;1;2;-14,82577874;-40,86611939;"SPRF-BA";"DEL08-BA";"UOP01-DEL08-BA"
550916;2023-09-25;"segunda-feira";"15:20:00";"MS";163;582,9;"BANDEIRANTES";"Condutor Dormindo";"Saída de leito carroçável";"Com Vítimas Feridas";"Pleno dia";"Crescente";"Céu Claro";"Dupla";"Reta;Declive";"Não";3;0;0;1;2;0;1;1;-19,63055621;-54,37370329;"SPRF-MS";"DEL06-MS";"UOP02-DEL06-MS"
550917;2023-09-25;"segunda-feira";"17:20:00";"PB";101;107,7;"ALHANDRA";"Ingestão de substâncias psicoativas pelo condutor";"Colisão com objeto";"Sem Vítimas";"Pleno dia";"Crescente";"Céu Claro";"Dupla";"Reta";"Não";1;0;0;0;1;0;0;1;-7,32549201;-34,94709877;"SPRF-PB";"DEL01-PB";"UOP02-DEL01-PB"
550919;2023-09-25;"segunda-feira";"17:35:00";"PR";277;723;"FOZ DO IGUACU";"Acessar a via sem observar a presença dos outros veículos";"Colisão transversal";"Com Vítimas Feridas";"Pleno dia";"Decrescente";"Céu Claro";"Dupla";"Reta;Retorno Regulamentado";"Sim";2;0;0;1;1;0;1;2;-25,49878215;-54,52985294;"SPRF-PR";"DEL05-PR";"UOP03-DEL05-PR"
550920;2023-09-02;"sábado";"15:30:00";"PR";373;224;"IMBITUVA";"Reação tardia ou ineficiente do condutor";"Colisão frontal";"Com Vítimas Feridas";"Pleno dia";"Crescente";"Chuva";"Simples";"Reta";"Não";4;0;1;0;3;0;1;2;-25,17817278;-50,60127502;"SPRF-PR";"DEL03-PR";"UOP01-DEL03-PR"
550922;2023-09-25;"segunda-feira";"17:15:00";"RS";116;144,2;"CAXIAS DO SUL";"Reação tardia ou ineficiente do condutor";"Colisão traseira";"Com Vítimas Feridas";"Pleno dia";"Crescente";"Chuva";"Dupla";"Aclive;Reta";"Não";3;0;1;0;1;1;1;3;-29,12974627;-51,12790346;"SPRF-RS";"DEL05-RS";"UOP01-DEL05-RS"
550923;2023-09-25;"segunda-feira";"17:38:00";"RN";304;31;"MOSSORO";"Acessar a via sem observar a presença dos outros veículos";"Colisão lateral mesmo sentido";"Com Vítimas Feridas";"Anoitecer";"Crescente";"Céu Claro";"Simples";"Reta;Em Obras";"Sim";2;0;1;0;1;0;1;2;-5,12587296;-37,34293919;"SPRF-RN";"DEL04-RN";"UOP02-DEL04-RN"
550924;2023-09-25;"segunda-feira";"15:45:00";"SC";101;397;"MARACAJA";"Chuva";"Colisão com objeto";"Com Vítimas Feridas";"Pleno dia";"Crescente";"Chuva";"Múltipla";"Reta;Interseção de Vias;Viaduto";"Não";1;0;1;0;0;0;1;1;-28,82482381;-49,40483093;"SPRF-SC";"DEL02-SC";"UOP02-DEL02-SC"
550926;2023-09-25;"segunda-feira";"18:00:00";"DF";80;8;"BRASILIA";"Acumulo de areia ou detritos sobre o pavimento";"Queda de ocupante de veículo";"Com Vítimas Feridas";"Pleno dia";"Crescente";"Céu Claro";"Simples";"Rotatória";"Sim";2;0;1;0;1;0;1;1;-15,731198;-48,168598;"SPRF-DF";"DEL03-DF";"UOP02-DEL03-DF"
550929;2023-09-25;"segunda-feira";"15:00:00";"PR";277;104,3;"CAMPO LARGO";"Condutor deixou de manter distância do veículo da frente";"Colisão traseira";"Com Vítimas Feridas";"Pleno dia";"Crescente";"Céu Claro";"Simples";"Reta";"Sim";2;0;1;0;1;0;1;2;-25,433322;-49,407232;"SPRF-PR";"DEL03-PR";"UOP03-DEL03-PR"
550930;2023-09-25;"segunda-feira";"11:45:00";"BA";116;543;"MILAGRES";"Ingestão de álcool e/ou substâncias psicoativas pelo pedestre";"Atropelamento de Pedestre";"Com Vítimas Feridas";"Pleno dia";"Decrescente";"Sol";"Simples";"Interseção de Vias;Reta";"Não";2;0;0;1;0;1;1;2;-12,84695027;-39,84091043;"SPRF-BA";"DEL03-BA";"UOP02-DEL03-BA"
550933;2023-09-25;"segunda-feira";"17:45:00";"PR";476;150,2;"ARAUCARIA";"Manobra de mudança de faixa";"Colisão lateral mesmo sentido";"Com Vítimas Feridas";"Anoitecer";"Crescente";"Chuva";"Dupla";"Reta";"Sim";2;0;1;0;1;0;1;2;-25,558477;-49,368313;"SPRF-PR";"DEL01-PR";"UOP06-DEL01-PR"
550935;2023-09-25;"segunda-feira";"13:00:00";"SC";101;206;"SAO JOSE";"Chuva";"Queda de ocupante de veículo";"Com Vítimas Feridas";"Pleno dia";"Crescente";"Chuva";"Múltipla";"Reta";"Sim";2;0;2;0;0;0;2;1;-27,59193546;-48,61824557;"SPRF-SC";"DEL01-SC";"UOP01-DEL01-SC"
550936;2023-09-25;"segunda-feira";"18:25:00";"RS";392;351;"SANTA MARIA";"Reação tardia ou ineficiente do condutor";"Colisão traseira";"Com Vítimas Feridas";"Anoitecer";"Crescente";"Nublado";"Simples";"Reta;Em Obras";"Sim";2;0;1;0;0;1;1;2;-29,71904523;-53,80823677;"SPRF-RS";"DEL09-RS";"UOP01-DEL09-RS"
550937;2023-09-25;"segunda-feira";"18:00:00";"BA";101;264;"SANTO ANTONIO DE JESUS";"Ausência de reação do condutor";"Queda de ocupante de veículo";"Com Vítimas Feridas";"Plena Noite";"Crescente";"Céu Claro";"Simples";"Aclive;Reta";"Sim";1;0;1;0;0;0;1;1;-12,98443166;-39,29042123;"SPRF-BA";"DEL01-BA";"UOP02-DEL01-BA"
550938;2023-09-25;"segunda-feira";"18:40:00";"SP";116;222;"GUARULHOS";"Demais falhas mecânicas ou elétricas";"Incêndio";"Sem Vítimas";"Plena Noite";"Decrescente";"Céu Claro";"Dupla";"Reta";"Não";1;0;0;0;1;0;0;1;-23,47093408;-46,51631097;"SPRF-SP";"DEL01-SP";"UOP01-DEL01-SP"
550939;2023-09-25;"segunda-feira";"18:00:00";"SC";101;6;"GARUVA";"Demais falhas mecânicas ou elétricas";"Incêndio";"Sem Vítimas";"Plena Noite";"Decrescente";"Chuva";"Dupla";"Aclive";"Sim";4;0;0;0;4;0;0;1;-26,02692002;-48,86142017;"SPRF-SC";"DEL03-SC";"UOP01-DEL03-SC"
550940;2023-09-25;"segunda-feira";"15:40:00";"SC";282;54;"AGUAS MORNAS";"Velocidade Incompatível";"Saída de leito carroçável";"Com Vítimas Feridas";"Pleno dia";"Crescente";"Chuva";"Simples";"Curva";"Não";2;0;1;0;1;0;1;1;-27,685799;-48,974514;"SPRF-SC";"DEL01-SC";"UOP03-DEL01-SC"
550944;2023-09-25;"segunda-feira";"18:40:00";"SC";101;5,8;"GARUVA";"Avarias e/ou desgaste excessivo no pneu";"Colisão com objeto";"Com Vítimas Feridas";"Plena Noite";"Crescente";"Chuva";"Múltipla";"Reta";"Não";2;0;1;0;1;0;1;1;-26,01779797;-48,86233322;"SPRF-SC";"DEL03-SC";"UOP01-DEL03-SC"
550945;2023-09-25;"segunda-feira";"18:30:00";"RS";290;45;"GLORINHA";"Acumulo de água sobre o pavimento";"Saída de leito carroçável";"Com Vítimas Feridas";"Plena Noite";"Crescente";"Chuva";"Dupla";"Reta";"Não";2;0;1;0;1;0;1;1;-29,890269;-50,7114332;"SPRF-RS";"DEL03-RS";"UOP01-DEL03-RS"
550946;2023-09-25;"segunda-feira";"14:00:00";"PR";153;336;"IRATI";"Acumulo de água sobre o pavimento";"Capotamento";"Com Vítimas Feridas";"Pleno dia";"Crescente";"Chuva";"Simples";"Reta";"Não";1;0;1;0;0;0;1;1;-25,49753795;-50,64815515;"SPRF-PR";"DEL08-PR";"UOP02-DEL08-PR"
550947;2023-09-25;"segunda-feira";"17:05:00";"BA";116;908,6;"CANDIDO SALES";"Acessar a via sem observar a presença dos outros veículos";"Colisão transversal";"Com Vítimas Feridas";"Pleno dia";"Crescente";"Céu Claro";"Simples";"Reta";"Sim";2;0;0;1;1;0;1;2;-15,503477;-41,235163;"SPRF-BA";"DEL08-BA";"UOP03-DEL08-BA"
550948;2023-09-25;"segunda-feira";"19:20:00";"SC";101;142,9;"BALNEARIO CAMBORIU";"Transitar na contramão";"Colisão frontal";"Com Vítimas Feridas";"Plena Noite";"Crescente";"Chuva";"Dupla";"Interseção de Vias";"Sim";2;0;2;0;0;0;2;2;-27,056089;-48,599449;"SPRF-SC";"DEL04-SC";"UOP03-DEL04-SC"
550950;2023-09-25;"segunda-feira";"19:30:00";"SP";116;224;"GUARULHOS";"Reação tardia ou ineficiente do condutor";"Colisão traseira";"Com Vítimas Feridas";"Pleno dia";"Decrescente";"Céu Claro";"Dupla";"Reta";"Sim";4;0;1;0;3;0;1;2;-23,48071896;-46,53271603;"SPRF-SP";"DEL01-SP";"UOP01-DEL01-SP"
550952;2023-09-25;"segunda-feira";"17:50:00";"PE";232;411;"SERRA TALHADA";"Acessar a via sem observar a presença dos outros veículos";"Colisão transversal";"Com Vítimas Feridas";"Anoitecer";"Decrescente";"Céu Claro";"Simples";"Interseção de Vias";"Não";2;0;0;1;1;0;1;2;-7,97976163;-38,31087404;"SPRF-PE";"DEL04-PE";"UOP01-DEL04-PE"
550954;2023-09-25;"segunda-feira";"17:05:00";"AC";364;122,9;"RIO BRANCO";"Ausência de reação do condutor";"Tombamento";"Com Vítimas Feridas";"Anoitecer";"Crescente";"Céu Claro";"Dupla";"Reta";"Sim";2;0;1;1;0;0;2;1;-10,01188291;-67,773345;"SPRF-AC";"DEL01-AC";"UOP01-DEL01-AC"
550955;2023-08-09;"quarta-feira";"07:01:00";"RN";304;302;"MACAIBA";"Demais falhas mecânicas ou elétricas";"Colisão traseira";"Com Vítimas Feridas";"Pleno dia";"Crescente";"Chuva";"Dupla";"Reta";"Sim";3;0;0;1;2;0;1;2;-5,88217905;-35,28934802;"SPRF-RN";"DEL01-RN";"UOP02-DEL01-RN"
550957;2023-09-23;"sábado";"06:15:00";"SC";282;537,7;"CHAPECO";"Ausência de reação do condutor";"Saída de leito carroçável";"Com Vítimas Feridas";"Amanhecer";"Decrescente";"Céu Claro";"Simples";"Declive;Curva";"Não";1;0;0;1;0;0;1;1;-27,000544;-52,670329;"SPRF-SC";"DEL07-SC";"UOP01-DEL07-SC"
550958;2023-09-25;"segunda-feira";"18:30:00";"RO";425;142;"GUAJARA-MIRIM";"Animais na Pista";"Atropelamento de Animal";"Com Vítimas Fatais";"Anoitecer";"Decrescente";"Céu Claro";"Dupla";"Reta";"Sim";1;1;0;0;0;0;0;1;-10,754345;-65,30587;"SPRF-RO";"DEL01-RO";"UOP03-DEL01-RO"
550961;2023-09-25;"segunda-feira";"19:30:00";"RO";319;63;"PORTO VELHO";"Acessar a via sem observar a presença dos outros veículos";"Colisão frontal";"Sem Vítimas";"Plena Noite";"Crescente";"Céu Claro";"Dupla";"Reta";"Sim";5;0;0;0;5;0;0;2;-8,766685;-63,884052;"SPRF-RO";"DEL01-RO";"UOP01-DEL01-RO"
550962;2023-09-25;"segunda-feira";"19:40:00";"RJ";116;147;"DUQUE DE CAXIAS";"Manobra de mudança de faixa";"Queda de ocupante de veículo";"Com Vítimas Feridas";"Plena Noite";"Crescente";"Céu Claro";"Múltipla";"Reta";"Não";1;0;1;0;0;0;1;1;-22,66978425;-43,27286493;"SPRF-RJ";"DEL01-RJ";"UOP01-DEL01-RJ"
550965;2023-09-25;"segunda-feira";"17:49:00";"PE";232;408,4;"SERRA TALHADA";"Animais na Pista";"Atropelamento de Animal";"Com Vítimas Feridas";"Plena Noite";"Decrescente";"Céu Claro";"Simples";"Interseção de Vias";"Sim";3;0;2;0;0;1;2;2;-7,98371447;-38,28047709;"SPRF-PE";"DEL04-PE";"UOP01-DEL04-PE"
550967;2023-09-25;"segunda-feira";"20:00:00";"RJ";116;135;"MAGE";"Demais falhas mecânicas ou elétricas";"Incêndio";"Sem Vítimas";"Plena Noite";"Crescente";"Ignorado";"Dupla";"Reta";"Sim";3;0;0;0;3;0;0;1;-22,65225773;-43,16309893;"SPRF-RJ";"DEL04-RJ";"UOP02-DEL04-RJ"
550968;2023-09-25;"segunda-feira";"19:30:00";"PE";232;210,7;"PESQUEIRA";"Transitar na contramão";"Colisão frontal";"Com Vítimas Feridas";"Plena Noite";"Crescente";"Céu Claro";"Simples";"Reta";"Sim";3;0;1;1;1;0;2;2;-8,36537624;-36,69766903;"SPRF-PE";"DEL03-PE";"UOP02-DEL03-PE"
550970;2023-09-25;"segunda-feira";"21:55:00";"PE";101;68;"RECIFE";"Ausência de reação do condutor";"Queda de ocupante de veículo";"Com Vítimas Feridas";"Plena Noite";"Crescente";"Céu Claro";"Dupla";"Reta";"Não";1;0;1;0;0;0;1;1;-8,05074296;-34,94580619;"SPRF-PE";"DEL01-PE";"UOP01-DEL01-PE"
550971;2023-08-04;"sexta-feira";"08:10:00";"PR";376;182,6;"SARANDI";"Condutor deixou de manter distância do veículo da frente";"Colisão traseira";"Com Vítimas Feridas";"Pleno dia";"Decrescente";"Céu Claro";"Múltipla";"Reta";"Sim";2;0;1;0;1;0;1;2;-23,43537;-51,88128;"SPRF-PR";"DEL09-PR";"UOP01-DEL09-PR"
550972;2023-09-25;"segunda-feira";"21:00:00";"MG";116;700,9;"MURIAE";"Ausência de reação do condutor";"Colisão com objeto";"Com Vítimas Feridas";"Plena Noite";"Crescente";"Céu Claro";"Simples";"Interseção de Vias;Curva";"Sim";1;0;1;0;0;0;1;1;-21,10816314;-42,37984657;"SPRF-MG";"DEL07-MG";"UOP02-DEL07-MG"
550975;2023-09-25;"segunda-feira";"22:20:00";"ES";101;271;"SERRA";"Pedestre cruzava a pista fora da faixa";"Atropelamento de Pedestre";"Com Vítimas Feridas";"Plena Noite";"Crescente";"Céu Claro";"Dupla";"Curva";"Sim";2;0;1;0;1;0;1;2;-20,23267;-40,27658;"SPRF-ES";"DEL02-ES";"UOP01-DEL02-ES"
550976;2023-09-25;"segunda-feira";"22:45:00";"MG";381;932;"EXTREMA";"Transitar na contramão";"Colisão frontal";"Com Vítimas Feridas";"Plena Noite";"Decrescente";"Céu Claro";"Dupla";"Curva";"Não";4;0;0;1;1;2;1;3;-22,81198015;-46,28431295;"SPRF-MG";"DEL16-MG";"UOP03-DEL16-MG"
550977;2023-09-25;"segunda-feira";"22:15:00";"SP";116;269;"TABOAO DA SERRA";"Ingestão de álcool pelo condutor";"Colisão transversal";"Com Vítimas Fatais";"Plena Noite";"Decrescente";"Céu Claro";"Múltipla";"Reta;Interseção de Vias";"Sim";4;1;0;1;1;1;1;4;-23,61593059;-46,78826044;"SPRF-SP";"DEL04-SP";"UOP01-DEL04-SP"
550978;2023-09-25;"segunda-feira";"21:10:00";"SC";282;101,7;"ALFREDO WAGNER";"Velocidade Incompatível";"Saída de leito carroçável";"Com Vítimas Feridas";"Plena Noite";"Decrescente";"Céu Claro";"Simples";"Curva";"Sim";5;0;4;1;0;0;5;1;-27,694626;-49,305317;"SPRF-SC";"DEL01-SC";"UOP03-DEL01-SC"
550979;2023-08-27;"domingo";"14:50:00";"TO";153;676;"GURUPI";"Acessar a via sem observar a presença dos outros veículos";"Colisão transversal";"Com Vítimas Fatais";"Pleno dia";"Decrescente";"Céu Claro";"Simples";"Reta;Declive";"Sim";3;1;0;2;0;0;2;2;-11,76028512;-49,09631084;"SPRF-TO";"DEL01-TO";"UOP02-DEL01-TO"
550980;2023-09-25;"segunda-feira";"21:35:00";"RO";364;341;"JI-PARANA";"Desrespeitar a preferência no cruzamento";"Colisão transversal";"Com Vítimas Feridas";"Plena Noite";"Crescente";"Céu Claro";"Simples";"Viaduto;Interseção de Vias";"Sim";2;0;1;0;1;0;1;2;-10,88987987;-61,93126772;"SPRF-RO";"DEL02-RO";"UOP01-DEL02-RO"
550982;2023-09-25;"segunda-feira";"23:45:00";"PB";230;144,1;"CAMPINA GRANDE";"Ingestão de álcool pelo condutor";"Colisão frontal";"Com Vítimas Feridas";"Plena Noite";"Crescente";"Céu Claro";"Dupla";"Reta";"Sim";2;0;0;1;0;1;1;2;-7,2536;-35,8317;"SPRF-PB";"DEL02-PB";"UOP01-DEL02-PB"
550984;2023-09-25;"segunda-feira";"22:30:00";"RJ";393;224;"VASSOURAS";"Ausência de reação do condutor";"Tombamento";"Com Vítimas Feridas";"Plena Noite";"Decrescente";"Céu Claro";"Simples";"Reta";"Não";1;0;1;0;0;0;1;1;-22,3547926;-43,587116;"SPRF-RJ";"DEL05-RJ";"UOP03-DEL05-RJ"
550985;2023-09-25;"segunda-feira";"23:45:00";"SC";101;205;"SAO JOSE";"Ausência de reação do condutor";"Tombamento";"Com Vítimas Feridas";"Plena Noite";"Decrescente";"Chuva";"Dupla";"Declive;Curva";"Sim";1;0;1;0;0;0;1;1;-27,58313237;-48,61532885;"SPRF-SC";"DEL01-SC";"UOP01-DEL01-SC"
550987;2023-09-25;"segunda-feira";"22:00:00";"PI";316;313;"PICOS";"Ausência de reação do condutor";"Capotamento";"Com Vítimas Feridas";"Pleno dia";"Crescente";"Céu Claro";"Simples";"Reta";"Sim";1;0;0;1;0;0;1;1;-7,07959049;-41,44975182;"SPRF-PI";"DEL04-PI";"UOP01-DEL04-PI"
550988;2023-09-25;"segunda-feira";"23:37:00";"PE";232;30;"MORENO";"Demais falhas mecânicas ou elétricas";"Incêndio";"Sem Vítimas";"Plena Noite";"Crescente";"Céu Claro";"Dupla";"Reta";"Não";1;0;0;0;0;1;0;1;-8,11063325;-35,15197001;"SPRF-PE";"DEL01-PE";"UOP01-DEL01-PE"
550989;2023-09-26;"terça-feira";"00:15:00";"MS";262;56;"TRES LAGOAS";"Velocidade Incompatível";"Saída de leito carroçável";"Com Vítimas Feridas";"Plena Noite";"Crescente";"Céu Claro";"Simples";"Reta;Aclive";"Não";1;0;1;0;0;0;1;1;-20,73389877;-52,11479188;"SPRF-MS";"DEL07-MS";"UOP01-DEL07-MS"
550991;2023-09-26;"terça-feira";"00:55:00";"PR";277;532,5;"IBEMA";"Condutor Dormindo";"Tombamento";"Com Vítimas Feridas";"Plena Noite";"Decrescente";"Nublado";"Simples";"Reta";"Não";1;0;1;0;0;0;1;1;-25,10207755;-52,98173904;"SPRF-PR";"DEL04-PR";"UOP04-DEL04-PR"