"id";"data_inversa";"dia_semana";"horario";"uf";"br";"km";"municipio";"causa_acidente";"tipo_acidente";"classificacao_acidente";"fase_dia";"sentido_via";"condicao_metereologica";"tipo_pista";"tracado_via";"uso_solo";"pessoas";"mortos";"feridos_leves";"feridos_graves";"ilesos";"ignorados";"feridos";"veiculos";"latitude";"longitude";"regional";"delegacia";"uop"
551252;2023-09-27;"quarta-feira";"10:20:00";"PE";232;34;"MORENO";"Ultrapassagem Indevida";"Colisão lateral mesmo sentido";"Com Vítimas Feridas";"Pleno dia";"Crescente";"Sol";"Dupla";"Curva;Declive";"Não";4;0;1;1;1;1;2;3;-8,10702537;-35,18394691;"SPRF-PE";"DEL01-PE";"UOP01-DEL01-PE"
551256;2023-09-27;"quarta-feira";"09:40:00";"SC";101;169,3;"TIJUCAS";"Ausência de reação do condutor";"Colisão traseira";"Com Vítimas Feridas";"Pleno dia";"Decrescente";"Garoa/Chuvisco";"Dupla";"Reta";"Sim";2;0;1;0;1;0;1;2;-27,28790602;-48,63095745;"SPRF-SC";"DEL04-SC";"UOP03-DEL04-SC"
551259;2023-09-27;"quarta-feira";"09:00:00";"RO";364;224;"PIMENTA BUENO";"Velocidade Incompatível";"Colisão traseira";"Com Vítimas Feridas";"Pleno dia";"Crescente";"Céu Claro";"Simples";"Reta";"Não";4;0;0;1;3;0;1;3;-11,51492614;-61,3539081;"SPRF-RO";"DEL02-RO";"UOP02-DEL02-RO"
551262;2023-09-27;"quarta-feira";"11:20:00";"ES";101;253,2;"SERRA";"Reação tardia ou ineficiente do condutor";"Saída de leito carroçável";"Com Vítimas Feridas";"Pleno dia";"Crescente";"Céu Claro";"Simples";"Reta";"Não";1;0;1;0;0;0;1;1;-20,10336754;-40,33383553;"SPRF-ES";"DEL02-ES";"UOP01-DEL02-ES"
551264;2023-09-27;"quarta-feira";"10:00:00";"RS";285;208;"LAGOA VERMELHA";"Acessar a via sem observar a presença dos outros veículos";"Colisão transversal";"Com Vítimas Feridas";"Pleno dia";"Decrescente";"Chuva";"Simples";"Interseção de Vias";"Não";2;0;1;0;1;0;1;2;-28,221825;-51,598278;"SPRF-RS";"DEL08-RS";"UOP05-DEL08-RS"
551265;2023-09-27;"quarta-feira";"09:00:00";"PR";277;153,8;"PORTO AMAZONAS";"Ultrapassagem Indevida";"Saída de leito carroçável";"Com Vítimas Feridas";"Pleno dia";"Crescente";"Garoa/Chuvisco";"Simples";"Reta";"Não";1;0;1;0;0;0;1;1;-25,479;-49,863;"SPRF-PR";"DEL03-PR";"UOP03-DEL03-PR"
551267;2023-09-27;"quarta-feira";"10:00:00";"PR";277;103,5;"CAMPO LARGO";"Reação tardia ou ineficiente do condutor";"Saída de leito carroçável";"Com Vítimas Feridas";"Pleno dia";"Decrescente";"Nevoeiro/Neblina";"Dupla";"Reta";"Não";1;0;1;0;0;0;1;1;-25,42931696;-49,39383388;"SPRF-PR";"DEL01-PR";"UOP06-DEL01-PR"
551268;2023-09-27;"quarta-feira";"12:15:00";"GO";40;2,4;"VALPARAISO DE GOIAS";"Trafegar com motocicleta (ou similar) entre as faixas";"Colisão lateral mesmo sentido";"Com Vítimas Feridas";"Pleno dia";"Decrescente";"Sol";"Dupla";"Reta";"Sim";2;0;1;0;1;0;1;2;-16,067129;-47,984235;"SPRF-DF";"DEL01-DF";"UOP01-DEL01-DF"
551271;2023-09-27;"quarta-feira";"11:40:00";"ES";101;292;"CARIACICA";"Acessar a via sem observar a presença dos outros veículos";"Colisão transversal";"Com Vítimas Feridas";"Pleno dia";"Crescente";"Sol";"Dupla";"Retorno Regulamentado;Reta;Interseção de Vias";"Sim";3;0;0;1;2;0;1;3;-20,30650512;-40,39488717;"SPRF-ES";"DEL01-ES";"UOP01-DEL01-ES"
551272;2023-09-27;"quarta-feira";"11:40:00";"RS";290;101,2;"PORTO ALEGRE";"Animais na Pista";"Atropelamento de Animal";"Sem Vítimas";"Pleno dia";"Decrescente";"Nublado";"Dupla";"Reta";"Sim";1;0;0;0;1;0;0;1;-29,985779;-51,246201;"SPRF-RS";"DEL01-RS";"UOP01-DEL01-RS"
551274;2023-06-07;"quarta-feira";"16:44:00";"RN";406;170;"NATAL";"Animais na Pista";"Atropelamento de Animal";"Com Vítimas Feridas";"Pleno dia";"Crescente";"Céu Claro";"Simples";"Reta";"Não";2;0;1;1;0;0;2;1;-5,75872063;-35,29921986;"SPRF-RN";"DEL02-RN";"UOP01-DEL02-RN"
551275;2023-09-27;"quarta-feira";"10:50:00";"SC";282;294;"SAO JOSE DO CERRITO";"Ausência de reação do condutor";"Saída de leito carroçável";"Com Vítimas Feridas";"Pleno dia";"Decrescente";"Nublado";"Simples";"Curva";"Não";1;0;0;1;0;0;1;1;-27,534777;-50,869865;"SPRF-SC";"DEL07-SC";"UOP06-DEL07-SC"
551276;2023-09-03;"domingo";"20:30:00";"RN";101;84;"NATAL";"Acessar a via sem observar a presença dos outros veículos";"Atropelamento de Pedestre";"Com Vítimas Feridas";"Plena Noite";"Crescente";"Céu Claro";"Simples";"Reta";"Não";2;0;0;2;0;0;2;2;-5,774175;-35,2578;"SPRF-RN";"DEL02-RN";"UOP01-DEL02-RN"
551278;2023-09-27;"quarta-feira";"13:18:00";"GO";40;10;"LUZIANIA";"Acessar a via sem observar a presença dos outros veículos";"Colisão lateral mesmo sentido";"Sem Vítimas";"Pleno dia";"Crescente";"Céu Claro";"Dupla";"Reta";"Sim";2;0;0;0;2;0;0;2;-16,131285;-47,957923;"SPRF-DF";"DEL01-DF";"UOP01-DEL01-DF"
551279;2023-09-27;"quarta-feira";"12:40:00";"SC";101;146;"ITAPEMA";"Ausência de reação do condutor";"Colisão traseira";"Sem Vítimas";"Pleno dia";"Decrescente";"Céu Claro";"Dupla";"Reta";"Não";3;0;0;0;3;0;0;3;-27,08666525;-48,60955587;"SPRF-SC";"DEL04-SC";"UOP03-DEL04-SC"
551280;2023-08-04;"sexta-feira";"12:50:00";"BA";116;426;"FEIRA DE SANTANA";"Retorno proibido";"Colisão transversal";"Com Vítimas Feridas";"Pleno dia";"Decrescente";"Nublado";"Dupla";"Reta;Aclive";"Sim";2;0;1;0;1;0;1;2;-12,24420407;-38,98563987;"SPRF-BA";"DEL02-BA";"UOP01-DEL02-BA"
551281;2023-09-27;"quarta-feira";"13:19:00";"PE";101;67;"RECIFE";"Condutor deixou de manter distância do veículo da frente";"Colisão traseira";"Com Vítimas Feridas";"Pleno dia";"Crescente";"Céu Claro";"Dupla";"Reta";"Não";2;0;1;0;1;0;1;2;-8,042334;-34,943096;"SPRF-PE";"DEL01-PE";"UOP01-DEL01-PE"
551282;2023-09-27;"quarta-feira";"12:56:00";"PE";101;63,6;"RECIFE";"Condutor deixou de manter distância do veículo da frente";"Colisão traseira";"Com Vítimas Feridas";"Pleno dia";"Crescente";"Céu Claro";"Simples";"Reta";"Sim";2;0;2;0;0;0;2;2;-8,013351;-34,939139;"SPRF-PE";"DEL01-PE";"UOP01-DEL01-PE"
551285;2023-09-27;"quarta-feira";"13:25:00";"MG";262;829,4;"UBERABA";"Ausência de reação do condutor";"Saída de leito carroçável";"Com Vítimas Feridas";"Pleno dia";"Crescente";"Céu Claro";"Dupla";"Reta";"Não";1;0;1;0;0;0;1;1;-19,74500245;-48,18176508;"SPRF-MG";"DEL13-MG";"UOP01-DEL13-MG"
551286;2023-09-27;"quarta-feira";"13:50:00";"PB";230;155,4;"CAMPINA GRANDE";"Acessar a via sem observar a presença dos outros veículos";"Colisão transversal";"Com Vítimas Feridas";"Pleno dia";"Crescente";"Céu Claro";"Simples";"Curva;Declive";"Sim";2;0;1;0;1;0;1;2;-7,273727;-35,908118;"SPRF-PB";"DEL02-PB";"UOP01-DEL02-PB"
551287;2023-09-07;"quinta-feira";"07:20:00";"RN";101;79;"SAO GONCALO DO AMARANTE";"Acessar a via sem observar a presença dos outros veículos";"Colisão transversal";"Com Vítimas Feridas";"Pleno dia";"Crescente";"Céu Claro";"Dupla";"Reta";"Sim";3;0;3;0;0;0;3;2;-5,74962896;-35,28918369;"SPRF-RN";"DEL02-RN";"UOP01-DEL02-RN"
551290;2023-09-27;"quarta-feira";"07:10:00";"MS";60;381,9;"CAMPO GRANDE";"Reação tardia ou ineficiente do condutor";"Saída de leito carroçável";"Com Vítimas Feridas";"Pleno dia";"Crescente";"Céu Claro";"Simples";"Reta";"Não";1;0;0;1;0;0;1;1;-20,63419592;-54,7524692;"SPRF-MS";"DEL01-MS";"UOP04-DEL01-MS"
551291;2023-09-27;"quarta-feira";"11:35:00";"MG";381;677;"PERDOES";"Desrespeitar a preferência no cruzamento";"Colisão transversal";"Com Vítimas Feridas";"Pleno dia";"Crescente";"Nublado";"Simples";"Interseção de Vias";"Sim";2;0;1;0;1;0;1;2;-21,13158479;-45,10263635;"SPRF-MG";"DEL04-MG";"UOP02-DEL04-MG"
551293;2023-05-26;"sexta-feira";"16:15:00";"RS";471;609;"SANTA VITORIA DO PALMAR";"Chuva";"Saída de leito carroçável";"Com Vítimas Feridas";"Anoitecer";"Decrescente";"Chuva";"Simples";"Reta";"Não";3;0;0;2;1;0;2;1;-33,225796;-53,051579;"SPRF-RS";"DEL07-RS";"UOP04-DEL07-RS"
551294;2023-09-27;"quarta-feira";"11:15:00";"SP";0;0;"BARRA DO TURVO";"Sinalização mal posicionada";"Colisão com objeto";"Sem Vítimas";"Pleno dia";"Não Informado";"Céu Claro";"Dupla";"Reta";"Não";2;0;0;0;2;0;0;1;-24,953383;-48,324095;"SPRF-SP";"DEL05-SP";"UOP02-DEL05-SP"
551295;2023-09-27;"quarta-feira";"15:00:00";"MG";262;354;"BETIM";"Demais falhas mecânicas ou elétricas";"Incêndio";"Sem Vítimas";"Pleno dia";"Decrescente";"Nublado";"Dupla";"Aclive;Reta";"Não";1;0;0;0;1;0;0;1;-19,96216513;-44,16346396;"SPRF-MG";"DEL01-MG";"UOP03-DEL01-MG"
551297;2023-09-27;"quarta-feira";"14:40:00";"SP";381;72;"SAO PAULO";"Condutor Dormindo";"Colisão com objeto";"Sem Vítimas";"Pleno dia";"Decrescente";"Nublado";"Múltipla";"Reta;Aclive";"Não";1;0;0;0;1;0;0;1;-23,36674249;-46,55223727;"SPRF-SP";"DEL03-SP";"UOP01-DEL03-SP"
551298;2023-09-27;"quarta-feira";"15:40:00";"PE";101;186;"PALMARES";"Acesso irregular";"Colisão transversal";"Com Vítimas Feridas";"Pleno dia";"Crescente";"Céu Claro";"Simples";"Reta";"Sim";3;0;2;0;1;0;2;2;-8,68263674;-35,57938824;"SPRF-PE";"DEL01-PE";"UOP03-DEL01-PE"
551299;2023-09-27;"quarta-feira";"14:40:00";"RS";386;45,3;"SEBERI";"Ausência de reação do condutor";"Saída de leito carroçável";"Com Vítimas Feridas";"Pleno dia";"Crescente";"Céu Claro";"Simples";"Reta";"Não";3;0;2;0;1;0;2;1;-27,448933;-53,414272;"SPRF-RS";"DEL08-RS";"UOP02-DEL08-RS"
551302;2023-02-25;"sábado";"19:30:00";"PB";230;515,4;"BOM JESUS";"Transitar na contramão";"Colisão frontal";"Com Vítimas Feridas";"Plena Noite";"Decrescente";"Céu Claro";"Simples";"Reta;Declive";"Não";2;0;0;1;1;0;1;2;-6,8847;-38,6229;"SPRF-PB";"DEL03-PB";"UOP03-DEL03-PB"
551303;2023-09-27;"quarta-feira";"15:45:00";"MG";381;492;"BETIM";"Entrada inopinada do pedestre";"Atropelamento de Pedestre";"Com Vítimas Feridas";"Pleno dia";"Decrescente";"Nublado";"Dupla";"Reta";"Sim";2;0;2;0;0;0;2;2;-19,97490091;-44,19004301;"SPRF-MG";"DEL01-MG";"UOP03-DEL01-MG"
551305;2023-09-27;"quarta-feira";"14:45:00";"PE";101;86;"JABOATAO DOS GUARARAPES";"Manobra de mudança de faixa";"Queda de ocupante de veículo";"Com Vítimas Feridas";"Pleno dia";"Crescente";"Sol";"Dupla";"Reta";"Sim";1;0;1;0;0;0;1;1;-8,18470013;-34,96816895;"SPRF-PE";"DEL01-PE";"UOP01-DEL01-PE"
551306;2023-09-27;"quarta-feira";"14:10:00";"SC";280;128;"RIO NEGRINHO";"Acessar a via sem observar a presença dos outros veículos";"Colisão transversal";"Com Vítimas Feridas";"Pleno dia";"Crescente";"Nublado";"Simples";"Aclive";"Não";2;0;1;0;1;0;1;2;-26,24317941;-49,51320018;"SPRF-SC";"DEL06-SC";"UOP03-DEL06-SC"
551307;2023-09-27;"quarta-feira";"12:05:00";"MT";364;203;"RONDONOPOLIS";"Condutor deixou de manter distância do veículo da frente";"Colisão traseira";"Com Vítimas Feridas";"Pleno dia";"Crescente";"Céu Claro";"Simples";"Aclive;Viaduto";"Sim";2;0;1;0;1;0;1;2;-16,47555256;-54,65344724;"SPRF-MT";"DEL02-MT";"UOP01-DEL02-MT"
551309;2023-09-27;"quarta-feira";"13:30:00";"PA";308;164;"CAPANEMA";"Ausência de reação do condutor";"Saída de leito carroçável";"Com Vítimas Fatais";"Pleno dia";"Decrescente";"Sol";"Simples";"Reta;Em Obras";"Não";1;1;0;0;0;0;0;1;-1,20098065;-47,07047912;"SPRF-PA";"DEL01-PA";"UOP03-DEL01-PA"
551311;2023-09-27;"quarta-feira";"15:30:00";"MT";364;301;"JACIARA";"Reação tardia ou ineficiente do condutor";"Saída de leito carroçável";"Com Vítimas Feridas";"Pleno dia";"Decrescente";"Chuva";"Dupla";"Reta";"Não";2;0;2;0;0;0;2;1;-15,838373;-55,16146;"SPRF-MT";"DEL05-MT";"UOP02-DEL05-MT"
551313;2023-09-27;"quarta-feira";"15:36:00";"PR";376;176,7;"MARINGA";"Condutor desrespeitou a iluminação vermelha do semáforo";"Colisão transversal";"Sem Vítimas";"Pleno dia";"Crescente";"Céu Claro";"Múltipla";"Reta;Interseção de Vias";"Sim";2;0;0;0;2;0;0;2;-23,41269173;-51,93158327;"SPRF-PR";"DEL09-PR";"UOP01-DEL09-PR"
551314;2023-09-10;"domingo";"01:30:00";"BA";324;583;"CANDEIAS";"Ingestão de álcool pelo condutor";"Saída de leito carroçável";"Com Vítimas Feridas";"Plena Noite";"Crescente";"Nublado";"Dupla";"Reta";"Não";1;0;1;0;0;0;1;1;-12,6141891;-38,48700311;"SPRF-BA";"DEL01-BA";"UOP01-DEL01-BA"
551316;2023-09-07;"quinta-feira";"21:38:00";"PR";376;156;"MANDAGUACU";"Animais na Pista";"Tombamento";"Com Vítimas Feridas";"Plena Noite";"Crescente";"Nublado";"Dupla";"Reta";"Sim";2;0;1;0;1;0;1;1;-23,3431911;-52,09041624;"SPRF-PR";"DEL09-PR";"UOP01-DEL09-PR"
551319;2023-09-16;"sábado";"17:30:00";"MS";262;324;"CAMPO GRANDE";"Acessar a via sem observar a presença dos outros veículos";"Colisão frontal";"Com Vítimas Feridas";"Plena Noite";"Crescente";"Ignorado";"Simples";"Reta";"Sim";6;0;0;5;1;0;5;2;-20,4686491;-54,51559;"SPRF-MS";"DEL01-MS";"UOP01-DEL01-MS"
551320;2023-09-27;"quarta-feira";"14:00:00";"GO";60;443;"JATAI";"Reação tardia ou ineficiente do condutor";"Saída de leito carroçável";"Com Vítimas Feridas";"Pleno dia";"Crescente";"Chuva";"Dupla";"Reta";"Não";3;0;2;0;1;0;2;1;-17,8433;-51,4598;"SPRF-GO";"DEL05-GO";"UOP01-DEL05-GO"
551321;2023-09-27;"quarta-feira";"16:40:00";"AL";101;180;"TEOTONIO VILELA";"Acesso irregular";"Colisão transversal";"Com Vítimas Feridas";"Pleno dia";"Decrescente";"Céu Claro";"Dupla";"Reta";"Não";3;0;3;0;0;0;3;2;-9,89373101;-36,40518514;"SPRF-AL";"DEL02-AL";"UOP02-DEL02-AL"
551322;2023-09-27;"quarta-feira";"14:00:00";"GO";364;193;"JATAI";"Acessar a via sem observar a presença dos outros veículos";"Colisão transversal";"Sem Vítimas";"Pleno dia";"Crescente";"Chuva";"Dupla";"Declive;Curva;Retorno Regulamentado";"Não";2;0;0;0;2;0;0;2;-17,917818;-51,696274;"SPRF-GO";"DEL05-GO";"UOP01-DEL05-GO"
551325;2023-09-18;"segunda-feira";"13:45:00";"SC";101;148;"ITAPEMA";"Acessar a via sem observar a presença dos outros veículos";"Colisão transversal";"Com Vítimas Feridas";"Pleno dia";"Crescente";"Céu Claro";"Dupla";"Interseção de Vias";"Sim";3;0;2;0;1;0;2;2;-27,10123686;-48,61807962;"SPRF-SC";"DEL04-SC";"UOP03-DEL04-SC"
551326;2023-07-03;"segunda-feira";"17:59:00";"RS";290;92;"PORTO ALEGRE";"Deficiência do Sistema de Iluminação/Sinalização";"Colisão traseira";"Com Vítimas Feridas";"Anoitecer";"Crescente";"Céu Claro";"Múltipla";"Reta";"Não";2;0;1;0;1;0;1;2;-29,96960115;-51,17627442;"SPRF-RS";"DEL01-RS";"UOP01-DEL01-RS"
551328;2023-09-27;"quarta-feira";"16:40:00";"PB";230;432;"APARECIDA";"Condutor deixou de manter distância do veículo da frente";"Colisão traseira";"Sem Vítimas";"Plena Noite";"Decrescente";"Céu Claro";"Simples";"Reta";"Não";3;0;0;0;2;1;0;2;-6,7447;-37,9609;"SPRF-PB";"DEL03-PB";"UOP02-DEL03-PB"
551329;2023-09-27;"quarta-feira";"17:00:00";"MG";381;488,6;"BETIM";"Trafegar com motocicleta (ou similar) entre as faixas";"Tombamento";"Com Vítimas Feridas";"Pleno dia";"Crescente";"Céu Claro";"Dupla";"Reta";"Não";2;0;2;0;0;0;2;1;-19,955801;-44,129771;"SPRF-MG";"DEL01-MG";"UOP03-DEL01-MG"
551330;2023-09-27;"quarta-feira";"16:30:00";"PR";116;126;"FAZENDA RIO GRANDE";"Condutor desrespeitou a iluminação vermelha do semáforo";"Colisão transversal";"Com Vítimas Feridas";"Pleno dia";"Decrescente";"Céu Claro";"Dupla";"Reta;Interseção de Vias";"Sim";2;0;1;0;1;0;1;2;-25,60389895;-49,31824423;"SPRF-PR";"DEL01-PR";"UOP03-DEL01-PR"
551331;2023-09-27;"quarta-feira";"17:00:00";"PI";343;340;"TERESINA";"Mal súbito do condutor";"Saída de leito carroçável";"Com Vítimas Feridas";"Pleno dia";"Decrescente";"Chuva";"Múltipla";"Curva";"Sim";1;0;1;0;0;0;1;1;-5,074137;-42,73629;"SPRF-PI";"DEL01-PI";"UOP01-DEL01-PI"
551332;2023-09-27;"quarta-feira";"17:20:00";"BA";242;586;"MUQUEM DE SAO FRANCISCO";"Reação tardia ou ineficiente do condutor";"Saída de leito carroçável";"Sem Vítimas";"Pleno dia";"Crescente";"Céu Claro";"Simples";"Curva;Declive";"Não";2;0;0;0;2;0;0;1;-12,182035;-43,232451;"SPRF-BA";"DEL10-BA";"UOP02-DEL10-BA"
551334;2023-09-27;"quarta-feira";"16:15:00";"CE";222;231,5;"SOBRAL";"Acessar a via sem observar a presença dos outros veículos";"Colisão transversal";"Com Vítimas Feridas";"Pleno dia";"Decrescente";"Céu Claro";"Simples";"Reta";"Não";3;0;0;2;0;1;2;2;-3,70387638;-40,40089124;"SPRF-CE";"DEL04-CE";"UOP01-DEL04-CE"
551336;2023-09-27;"quarta-feira";"17:00:00";"RJ";40;33,3;"AREAL";"Avarias e/ou desgaste excessivo no pneu";"Queda de ocupante de veículo";"Com Vítimas Feridas";"Pleno dia";"Crescente";"Nublado";"Dupla";"Reta";"Não";1;0;1;0;0;0;1;1;-22,20148139;-43,15009735;"SPRF-RJ";"DEL05-RJ";"UOP02-DEL05-RJ"
551337;2023-09-27;"quarta-feira";"14:40:00";"GO";80;126;"BARRO ALTO";"Acumulo de água sobre o pavimento";"Saída de leito carroçável";"Com Vítimas Feridas";"Pleno dia";"Decrescente";"Chuva";"Simples";"Curva";"Não";1;0;1;0;0;0;1;1;-15,02172773;-48,89602661;"SPRF-GO";"DEL07-GO";"UOP02-DEL07-GO"
551338;2023-09-27;"quarta-feira";"18:00:00";"DF";40;0;"BRASILIA";"Manobra de mudança de faixa";"Queda de ocupante de veículo";"Com Vítimas Feridas";"Anoitecer";"Crescente";"Céu Claro";"Dupla";"Reta";"Não";2;0;1;0;0;1;1;2;-15,976897;-47,990129;"SPRF-DF";"DEL01-DF";"UOP01-DEL01-DF"
551340;2023-09-27;"quarta-feira";"08:40:00";"MG";146;478,4;"POCOS DE CALDAS";"Demais falhas mecânicas ou elétricas";"Tombamento";"Com Vítimas Feridas";"Pleno dia";"Decrescente";"Céu Claro";"Simples";"Reta;Ponte";"Não";4;0;2;0;0;2;2;2;-21,748262;-46,405355;"SPRF-MG";"DEL09-MG";"UOP01-DEL09-MG"
551342;2023-09-27;"quarta-feira";"18:25:00";"PE";101;64,9;"RECIFE";"Entrada inopinada do pedestre";"Atropelamento de Pedestre";"Com Vítimas Feridas";"Plena Noite";"Crescente";"Céu Claro";"Dupla";"Reta";"Sim";2;0;0;1;1;0;1;2;-8,0162921;-34,94045886;"SPRF-PE";"DEL01-PE";"UOP01-DEL01-PE"
551345;2023-09-27;"quarta-feira";"17:30:00";"RO";319;62;"PORTO VELHO";"Pedestre cruzava a pista fora da faixa";"Atropelamento de Pedestre";"Com Vítimas Feridas";"Anoitecer";"Crescente";"Céu Claro";"Múltipla";"Interseção de Vias;Retorno Regulamentado";"Sim";2;0;1;0;1;0;1;2;-8,7492483;-63,8880467;"SPRF-RO";"DEL01-RO";"UOP01-DEL01-RO"
551346;2023-09-27;"quarta-feira";"18:30:00";"ES";101;269,5;"SERRA";"Manobra de mudança de faixa";"Colisão lateral mesmo sentido";"Com Vítimas Feridas";"Anoitecer";"Decrescente";"Céu Claro";"Múltipla";"Reta";"Sim";2;0;1;0;1;0;1;2;-20,21740496;-40,26990578;"SPRF-ES";"DEL02-ES";"UOP01-DEL02-ES"
551348;2023-09-27;"quarta-feira";"19:15:00";"SP";116;221;"GUARULHOS";"Manobra de mudança de faixa";"Colisão lateral mesmo sentido";"Com Vítimas Feridas";"Anoitecer";"Decrescente";"Garoa/Chuvisco";"Múltipla";"Reta";"Sim";2;0;1;0;1;0;1;2;-23,46802395;-46,50704901;"SPRF-SP";"DEL01-SP";"UOP01-DEL01-SP"
551350;2023-09-27;"quarta-feira";"19:40:00";"SP";153;95,9;"JACI";"Entrada inopinada do pedestre";"Atropelamento de Pedestre";"Com Vítimas Feridas";"Plena Noite";"Crescente";"Nublado";"Simples";"Reta";"Não";4;0;1;0;3;0;1;2;-20,97062;-49,605372;"SPRF-SP";"DEL09-SP";"UOP01-DEL09-SP"
551351;2023-09-27;"quarta-feira";"19:10:00";"MG";365;776,6;"ITUIUTABA";"Velocidade Incompatível";"Atropelamento de Animal";"Com Vítimas Fatais";"Plena Noite";"Decrescente";"Chuva";"Simples";"Reta";"Não";6;1;2;0;2;1;2;3;-18,95879718;-49,67757062;"SPRF-MG";"DEL15-MG";"UOP03-DEL15-MG"
551353;2023-09-27;"quarta-feira";"19:20:00";"RN";110;47;"MOSSORO";"Acessar a via sem observar a presença dos outros veículos";"Colisão lateral mesmo sentido";"Com Vítimas Feridas";"Plena Noite";"Decrescente";"Céu Claro";"Simples";"Reta;Em Obras";"Sim";2;0;1;0;1;0;1;2;-5,20338376;-37,32563418;"SPRF-RN";"DEL04-RN";"UOP01-DEL04-RN"
551354;2023-09-27;"quarta-feira";"19:05:00";"SC";101;206,6;"SAO JOSE";"Reação tardia ou ineficiente do condutor";"Queda de ocupante de veículo";"Com Vítimas Feridas";"Plena Noite";"Decrescente";"Nublado";"Múltipla";"Reta";"Sim";1;0;1;0;0;0;1;1;-27,59193546;-48,61824557;"SPRF-SC";"DEL01-SC";"UOP01-DEL01-SC"
551355;2023-09-27;"quarta-feira";"16:30:00";"BA";330;797,8;"JEQUIE";"Ingestão de álcool pelo condutor";"Atropelamento de Pedestre";"Com Vítimas Feridas";"Pleno dia";"Crescente";"Sol";"Simples";"Reta";"Não";3;0;1;0;1;1;1;2;-13,93784888;-39,9880558;"SPRF-BA";"DEL03-BA";"UOP01-DEL03-BA"
551357;2023-09-24;"domingo";"09:30:00";"RJ";116;172;"SAO JOAO DE MERITI";"Condutor deixou de manter distância do veículo da frente";"Colisão lateral mesmo sentido";"Com Vítimas Feridas";"Pleno dia";"Decrescente";"Céu Claro";"Dupla";"Reta";"Sim";4;0;1;0;3;0;1;2;-22,79423806;-43,36403759;"SPRF-RJ";"DEL01-RJ";"UOP02-DEL01-RJ"
551359;2023-09-27;"quarta-feira";"18:10:00";"PR";376;89;"PARANAVAI";"Acessar a via sem observar a presença dos outros veículos";"Colisão transversal";"Com Vítimas Feridas";"Anoitecer";"Decrescente";"Céu Claro";"Simples";"Interseção de Vias;Rotatória;Reta";"Não";4;0;3;0;1;0;3;2;-22,9912;-52,59409;"SPRF-PR";"DEL09-PR";"UOP02-DEL09-PR"
551360;2023-09-27;"quarta-feira";"19:50:00";"PR";272;367;"CAMPO MOURAO";"Entrada inopinada do pedestre";"Atropelamento de Pedestre";"Com Vítimas Feridas";"Pleno dia";"Crescente";"Nublado";"Dupla";"Reta";"Sim";2;0;1;1;0;0;2;2;-24,05063682;-52,40169964;"SPRF-PR";"DEL09-PR";"UOP03-DEL09-PR"
551361;2023-09-27;"quarta-feira";"20:05:00";"RS";290;108;"ELDORADO DO SUL";"Ingestão de álcool pelo condutor";"Saída de leito carroçável";"Sem Vítimas";"Plena Noite";"Crescente";"Céu Claro";"Dupla";"Reta";"Sim";1;0;0;0;1;0;0;1;-30,006546;-51,312927;"SPRF-RS";"DEL02-RS";"UOP01-DEL02-RS"
551363;2023-09-27;"quarta-feira";"17:00:00";"GO";364;214;"JATAI";"Ausência de reação do condutor";"Saída de leito carroçável";"Com Vítimas Feridas";"Pleno dia";"Decrescente";"Chuva";"Simples";"Declive;Curva";"Não";1;0;1;0;0;0;1;1;-17,876808;-51,872562;"SPRF-GO";"DEL05-GO";"UOP01-DEL05-GO"
551364;2023-09-27;"quarta-feira";"19:45:00";"RS";158;555;"SANTANA DO LIVRAMENTO";"Acessar a via sem observar a presença dos outros veículos";"Colisão transversal";"Com Vítimas Feridas";"Anoitecer";"Decrescente";"Céu Claro";"Simples";"Rotatória";"Sim";3;0;3;0;0;0;3;2;-30,83981319;-55,41545102;"SPRF-RS";"DEL11-RS";"UOP01-DEL11-RS"
551365;2023-09-23;"sábado";"16:50:00";"PR";277;111;"CAMPO LARGO";"Condutor deixou de manter distância do veículo da frente";"Colisão traseira";"Sem Vítimas";"Pleno dia";"Crescente";"Céu Claro";"Dupla";"Reta";"Não";1;0;0;0;1;0;0;1;-25,44160247;-49,44788575;"SPRF-PR";"DEL03-PR";"UOP03-DEL03-PR"
551366;2023-09-27;"quarta-feira";"20:15:00";"DF";70;9;"BRASILIA";"Manobra de mudança de faixa";"Saída de leito carroçável";"Com Vítimas Feridas";"Plena Noite";"Crescente";"Céu Claro";"Dupla";"Reta";"Sim";2;0;1;0;1;0;1;1;-15,784615;-48,132023;"SPRF-DF";"DEL03-DF";"UOP02-DEL03-DF"
551367;2023-08-26;"sábado";"14:00:00";"SP";381;71;"MAIRIPORA";"Acumulo de água sobre o pavimento";"Colisão com objeto";"Com Vítimas Feridas";"Pleno dia";"Crescente";"Garoa/Chuvisco";"Múltipla";"Curva";"Não";3;0;2;0;1;0;2;1;-23,35047979;-46,55267274;"SPRF-SP";"DEL03-SP";"UOP01-DEL03-SP"
551368;2023-09-27;"quarta-feira";"18:29:00";"SP";116;87;"PINDAMONHANGABA";"Demais Fenômenos da natureza";"Colisão com objeto";"Com Vítimas Feridas";"Plena Noite";"Crescente";"Chuva";"Múltipla";"Reta";"Não";1;0;1;0;0;0;1;1;-22,93065267;-45,36166116;"SPRF-SP";"DEL08-SP";"UOP01-DEL08-SP"