"id";"data_inversa";"dia_semana";"horario";"uf";"br";"km";"municipio";"causa_acidente";"tipo_acidente";"classificacao_acidente";"fase_dia";"sentido_via";"condicao_metereologica";"tipo_pista";"tracado_via";"uso_solo";"pessoas";"mortos";"feridos_leves";"feridos_graves";"ilesos";"ignorados";"feridos";"veiculos";"latitude";"longitude";"regional";"delegacia";"uop"
551614;2023-09-28;"quinta-feira";"21:40:00";"BA";116;276;"TUCANO";"Acessar a via sem observar a presença dos outros veículos";"Colisão transversal";"Com Vítimas Feridas";"Plena Noite";"Decrescente";"Céu Claro";"Simples";"Reta";"Não";2;0;2;0;0;0;2;2;-10,97836001;-38,79537498;"SPRF-BA";"DEL07-BA";"UOP02-DEL07-BA"
551615;2023-09-29;"sexta-feira";"08:10:00";"PR";369;151,2;"LONDRINA";"Ausência de reação do condutor";"Colisão traseira";"Com Vítimas Feridas";"Pleno dia";"Crescente";"Céu Claro";"Dupla";"Aclive";"Sim";2;0;1;0;1;0;1;2;-23,29282461;-51,1732918;"SPRF-PR";"DEL07-PR";"UOP01-DEL07-PR"
551616;2023-09-29;"sexta-feira";"08:25:00";"PI";316;3;"TERESINA";"Manobra de mudança de faixa";"Colisão traseira";"Com Vítimas Feridas";"Pleno dia";"Decrescente";"Céu Claro";"Dupla";"Reta";"Sim";2;0;0;1;1;0;1;2;-5,12826443;-42,79292384;"SPRF-PI";"DEL01-PI";"UOP02-DEL01-PI"
551617;2023-02-19;"domingo";"04:00:00";"BA";235;235;"UAUA";"Animais na Pista";"Atropelamento de Animal";"Com Vítimas Fatais";"Pleno dia";"Decrescente";"Céu Claro";"Simples";"Reta";"Não";1;1;0;0;0;0;0;1;-9,80920768;-39,53834683;"SPRF-BA";"DEL07-BA";"UOP01-DEL07-BA"
551618;2023-09-29;"sexta-feira";"07:50:00";"BA";116;828,5;"VITORIA DA CONQUISTA";"Acessar a via sem observar a presença dos outros veículos";"Colisão transversal";"Com Vítimas Feridas";"Pleno dia";"Crescente";"Céu Claro";"Simples";"Reta";"Sim";2;0;1;0;1;0;1;2;-14,82955364;-40,83059006;"SPRF-BA";"DEL08-BA";"UOP01-DEL08-BA"
551619;2023-09-29;"sexta-feira";"08:25:00";"RJ";116;171;"RIO DE JANEIRO";"Reação tardia ou ineficiente do condutor";"Colisão traseira";"Com Vítimas Feridas";"Pleno dia";"Decrescente";"Nublado";"Múltipla";"Reta";"Sim";2;0;1;0;1;0;1;2;-22,8060415;-43,34289573;"SPRF-RJ";"DEL01-RJ";"UOP02-DEL01-RJ"
551620;2023-09-29;"sexta-feira";"07:31:00";"DF";40;5;"BRASILIA";"Condutor deixou de manter distância do veículo da frente";"Queda de ocupante de veículo";"Com Vítimas Feridas";"Pleno dia";"Decrescente";"Céu Claro";"Dupla";"Reta";"Não";1;0;1;0;0;0;1;1;-16,020903;-47,980541;"SPRF-DF";"DEL01-DF";"UOP01-DEL01-DF"
551623;2023-09-29;"sexta-feira";"08:35:00";"DF";70;10;"BRASILIA";"Acessar a via sem observar a presença dos outros veículos";"Colisão transversal";"Sem Vítimas";"Pleno dia";"Decrescente";"Céu Claro";"Múltipla";"Reta";"Sim";3;0;0;0;3;0;0;2;-15,787066;-48,140709;"SPRF-DF";"DEL03-DF";"UOP02-DEL03-DF"
551624;2023-09-29;"sexta-feira";"05:20:00";"BA";418;43;"CARAVELAS";"Transitar na contramão";"Colisão frontal";"Com Vítimas Feridas";"Amanhecer";"Crescente";"Nevoeiro/Neblina";"Simples";"Reta;Em Obras";"Não";5;0;5;0;0;0;5;2;-17,70401298;-39,48808601;"SPRF-BA";"DEL09-BA";"UOP02-DEL09-BA"
551625;2023-09-29;"sexta-feira";"09:00:00";"SC";470;137;"RIO DO SUL";"Condutor deixou de manter distância do veículo da frente";"Colisão traseira";"Com Vítimas Feridas";"Pleno dia";"Crescente";"Nublado";"Simples";"Reta";"Sim";2;0;0;1;1;0;1;2;-27,188492;-49,61232;"SPRF-SC";"DEL04-SC";"UOP02-DEL04-SC"
551626;2023-09-29;"sexta-feira";"08:10:00";"SC";470;139;"RIO DO SUL";"Acessar a via sem observar a presença dos outros veículos";"Colisão transversal";"Com Vítimas Feridas";"Pleno dia";"Decrescente";"Nublado";"Simples";"Rotatória";"Sim";4;0;4;0;0;0;4;2;-27,193869;-49,624071;"SPRF-SC";"DEL04-SC";"UOP02-DEL04-SC"
551627;2023-09-25;"segunda-feira";"23:30:00";"RJ";101;294;"ITABORAI";"Ausência de reação do condutor";"Colisão traseira";"Com Vítimas Feridas";"Plena Noite";"Crescente";"Céu Claro";"Dupla";"Reta";"Sim";3;0;1;0;2;0;1;3;-22,7584434;-42,89502344;"SPRF-RJ";"DEL02-RJ";"UOP02-DEL02-RJ"
551630;2023-09-29;"sexta-feira";"07:50:00";"MG";50;74,7;"UBERLANDIA";"Ausência de reação do condutor";"Colisão traseira";"Com Vítimas Feridas";"Pleno dia";"Decrescente";"Sol";"Simples";"Reta;Declive";"Sim";2;0;1;0;1;0;1;2;-18,85140204;-48,25345932;"SPRF-MG";"DEL15-MG";"UOP01-DEL15-MG"
551631;2023-02-13;"segunda-feira";"17:00:00";"RJ";101;328;"NITEROI";"Obstrução na via";"Tombamento";"Com Vítimas Fatais";"Pleno dia";"Decrescente";"Nublado";"Dupla";"Aclive";"Não";3;1;0;0;2;0;0;3;-22,87028692;-43,16579699;"SPRF-RJ";"DEL02-RJ";"UOP01-DEL02-RJ"
551632;2023-09-29;"sexta-feira";"08:30:00";"SP";116;512;"CAJATI";"Reação tardia ou ineficiente do condutor";"Capotamento";"Com Vítimas Feridas";"Pleno dia";"Decrescente";"Chuva";"Simples";"Declive;Curva";"Não";4;0;2;0;2;0;2;1;-24,84304306;-48,22027915;"SPRF-SP";"DEL05-SP";"UOP02-DEL05-SP"
551633;2023-09-29;"sexta-feira";"08:30:00";"RJ";40;111,5;"DUQUE DE CAXIAS";"Reação tardia ou ineficiente do condutor";"Tombamento";"Com Vítimas Feridas";"Pleno dia";"Crescente";"Nublado";"Múltipla";"Reta";"Sim";1;0;1;0;0;0;1;1;-22,691868;-43,287453;"SPRF-RJ";"DEL01-RJ";"UOP01-DEL01-RJ"
551634;2023-09-29;"sexta-feira";"07:20:00";"PI";343;590;"FLORIANO";"Ausência de reação do condutor";"Tombamento";"Com Vítimas Feridas";"Pleno dia";"Decrescente";"Céu Claro";"Dupla";"Reta";"Sim";1;0;1;0;0;0;1;1;-6,783895;-43,015095;"SPRF-PI";"DEL03-PI";"UOP01-DEL03-PI"
551637;2023-09-29;"sexta-feira";"09:48:00";"DF";70;16;"BRASILIA";"Acessar a via sem observar a presença dos outros veículos";"Saída de leito carroçável";"Com Vítimas Feridas";"Pleno dia";"Crescente";"Céu Claro";"Dupla";"Reta;Interseção de Vias;Rotatória";"Não";2;0;1;0;1;0;1;2;-15,798888;-48,185043;"SPRF-DF";"DEL03-DF";"UOP02-DEL03-DF"
551639;2023-08-12;"sábado";"14:05:00";"RJ";101;139;"CARAPEBUS";"Ausência de reação do condutor";"Saída de leito carroçável";"Com Vítimas Feridas";"Pleno dia";"Decrescente";"Céu Claro";"Dupla";"Curva";"Não";4;0;1;0;3;0;1;1;-22,1716385;-41,74330435;"SPRF-RJ";"DEL08-RJ";"UOP04-DEL08-RJ"
551640;2023-09-29;"sexta-feira";"08:55:00";"SC";470;140;"RIO DO SUL";"Transitar na contramão";"Colisão frontal";"Com Vítimas Feridas";"Pleno dia";"Decrescente";"Nublado";"Simples";"Reta";"Sim";2;0;0;1;1;0;1;2;-27,222485;-49,662827;"SPRF-SC";"DEL04-SC";"UOP02-DEL04-SC"
551641;2023-09-29;"sexta-feira";"09:40:00";"SP";116;515;"CAJATI";"Acumulo de água sobre o pavimento";"Capotamento";"Com Vítimas Feridas";"Pleno dia";"Decrescente";"Chuva";"Simples";"Curva";"Não";2;0;1;0;1;0;1;1;-24,87235508;-48,20931538;"SPRF-SP";"DEL05-SP";"UOP02-DEL05-SP"
551644;2023-09-29;"sexta-feira";"10:00:00";"PI";316;4;"TERESINA";"Condutor Dormindo";"Tombamento";"Com Vítimas Feridas";"Pleno dia";"Decrescente";"Sol";"Múltipla";"Reta";"Sim";1;0;0;1;0;0;1;1;-5,13655894;-42,78900388;"SPRF-PI";"DEL01-PI";"UOP02-DEL01-PI"
551646;2023-09-29;"sexta-feira";"10:30:00";"PR";277;3;"PARANAGUA";"Acessar a via sem observar a presença dos outros veículos";"Colisão frontal";"Com Vítimas Feridas";"Pleno dia";"Decrescente";"Nublado";"Simples";"Reta";"Sim";2;0;1;0;1;0;1;2;-25,53313466;-48,55126981;"SPRF-PR";"DEL01-PR";"UOP05-DEL01-PR"
551648;2023-09-29;"sexta-feira";"10:00:00";"SP";116;514;"CAJATI";"Reação tardia ou ineficiente do condutor";"Colisão com objeto";"Com Vítimas Feridas";"Pleno dia";"Decrescente";"Chuva";"Dupla";"Declive;Curva";"Não";2;0;1;0;1;0;1;1;-24,85874304;-48,21731282;"SPRF-SP";"DEL05-SP";"UOP02-DEL05-SP"
551649;2023-09-29;"sexta-feira";"11:20:00";"SC";101;119,7;"ITAJAI";"Manobra de mudança de faixa";"Colisão lateral mesmo sentido";"Com Vítimas Feridas";"Pleno dia";"Crescente";"Céu Claro";"Dupla";"Reta";"Não";2;0;0;1;1;0;1;2;-26,9043179;-48,71555481;"SPRF-SC";"DEL04-SC";"UOP04-DEL04-SC"
551651;2023-09-29;"sexta-feira";"10:15:00";"MG";50;3,8;"ARAGUARI";"Velocidade Incompatível";"Colisão com objeto";"Com Vítimas Feridas";"Pleno dia";"Crescente";"Sol";"Dupla";"Retorno Regulamentado;Aclive;Curva";"Não";1;0;1;0;0;0;1;1;-18,453038;-48,048571;"SPRF-MG";"DEL15-MG";"UOP02-DEL15-MG"
551652;2023-09-20;"quarta-feira";"18:25:00";"SC";116;251,5;"LAGES";"Acessar a via sem observar a presença dos outros veículos";"Colisão transversal";"Com Vítimas Feridas";"Amanhecer";"Decrescente";"Céu Claro";"Simples";"Rotatória";"Não";5;0;5;0;0;0;5;2;-27,84512201;-50,37880391;"SPRF-SC";"DEL05-SC";"UOP02-DEL05-SC"
551655;2023-09-29;"sexta-feira";"12:15:00";"SC";101;207,2;"SAO JOSE";"Manobra de mudança de faixa";"Colisão traseira";"Com Vítimas Feridas";"Pleno dia";"Decrescente";"Céu Claro";"Dupla";"Reta";"Sim";3;0;1;0;2;0;1;3;-27,60001226;-48,6226467;"SPRF-SC";"DEL01-SC";"UOP01-DEL01-SC"
551656;2023-09-29;"sexta-feira";"11:00:00";"MG";40;277;"TRES MARIAS";"Acessar a via sem observar a presença dos outros veículos";"Colisão traseira";"Com Vítimas Feridas";"Pleno dia";"Decrescente";"Céu Claro";"Simples";"Curva";"Não";2;0;1;0;1;0;1;2;-18,21264695;-45,22480595;"SPRF-MG";"DEL14-MG";"UOP02-DEL14-MG"
551657;2023-09-29;"sexta-feira";"11:45:00";"ES";101;144;"LINHARES";"Reação tardia ou ineficiente do condutor";"Colisão lateral mesmo sentido";"Com Vítimas Feridas";"Pleno dia";"Crescente";"Céu Claro";"Múltipla";"Reta";"Sim";3;0;1;0;2;0;1;2;-19,35188295;-40,0636685;"SPRF-ES";"DEL04-ES";"UOP01-DEL04-ES"
551658;2023-09-29;"sexta-feira";"12:10:00";"MG";262;742,7;"PERDIZES";"Ausência de reação do condutor";"Colisão frontal";"Com Vítimas Feridas";"Pleno dia";"Crescente";"Sol";"Simples";"Reta";"Não";2;0;1;1;0;0;2;2;-19,611961;-47,403942;"SPRF-MG";"DEL08-MG";"UOP01-DEL08-MG"
551661;2023-09-29;"sexta-feira";"09:20:00";"BA";116;161,7;"CANUDOS";"Condutor Dormindo";"Saída de leito carroçável";"Com Vítimas Feridas";"Pleno dia";"Crescente";"Céu Claro";"Simples";"Aclive;Reta";"Não";2;0;2;0;0;0;2;1;-10,02462899;-39,15984983;"SPRF-BA";"DEL07-BA";"UOP02-DEL07-BA"
551663;2023-09-29;"sexta-feira";"13:00:00";"SC";101;209,8;"SAO JOSE";"Ausência de reação do condutor";"Queda de ocupante de veículo";"Com Vítimas Feridas";"Pleno dia";"Decrescente";"Nublado";"Múltipla";"Reta";"Sim";1;0;1;0;0;0;1;1;-27,61000542;-48,63895057;"SPRF-SC";"DEL01-SC";"UOP01-DEL01-SC"
551665;2023-09-15;"sexta-feira";"19:30:00";"PR";277;411,9;"CANDOI";"Transitar na contramão";"Colisão frontal";"Sem Vítimas";"Plena Noite";"Decrescente";"Céu Claro";"Simples";"Curva";"Não";3;0;0;0;2;1;0;2;-25,417203;-52,058488;"SPRF-PR";"DEL04-PR";"UOP02-DEL04-PR"
551666;2023-09-29;"sexta-feira";"13:35:00";"PE";101;64;"RECIFE";"Condutor deixou de manter distância do veículo da frente";"Colisão traseira";"Com Vítimas Feridas";"Pleno dia";"Crescente";"Céu Claro";"Dupla";"Reta";"Sim";2;0;2;0;0;0;2;2;-8,0162921;-34,94045886;"SPRF-PE";"DEL01-PE";"UOP01-DEL01-PE"
551667;2023-09-29;"sexta-feira";"08:40:00";"MT";174;382;"CONQUISTA DOESTE";"Reação tardia ou ineficiente do condutor";"Saída de leito carroçável";"Com Vítimas Feridas";"Pleno dia";"Decrescente";"Céu Claro";"Simples";"Declive";"Não";1;0;1;0;0;0;1;1;-14,52689853;-59,56019353;"SPRF-MT";"DEL04-MT";"UOP01-DEL04-MT"
551670;2023-09-29;"sexta-feira";"12:10:00";"RJ";40;93,1;"PETROPOLIS";"Curva acentuada";"Saída de leito carroçável";"Sem Vítimas";"Pleno dia";"Decrescente";"Nublado";"Simples";"Aclive;Curva";"Não";1;0;0;0;1;0;0;1;-22,55314748;-43,25111389;"SPRF-RJ";"DEL01-RJ";"UOP01-DEL01-RJ"
551672;2023-09-13;"quarta-feira";"21:50:00";"RJ";493;5;"ITABORAI";"Pedestre andava na pista";"Atropelamento de Pedestre";"Com Vítimas Feridas";"Plena Noite";"Crescente";"Céu Claro";"Simples";"Reta";"Sim";2;0;1;0;1;0;1;2;-22,73998606;-42,95374823;"SPRF-RJ";"DEL02-RJ";"UOP02-DEL02-RJ"
551674;2023-09-29;"sexta-feira";"14:00:00";"ES";262;51,9;"MARECHAL FLORIANO";"Acessar a via sem observar a presença dos outros veículos";"Colisão lateral mesmo sentido";"Com Vítimas Feridas";"Pleno dia";"Crescente";"Nublado";"Simples";"Reta";"Não";2;0;1;0;1;0;1;2;-20,41382467;-40,71438155;"SPRF-ES";"DEL01-ES";"UOP01-DEL01-ES"
551675;2023-09-29;"sexta-feira";"12:40:00";"PE";428;168,9;"PETROLINA";"Acumulo de areia ou detritos sobre o pavimento";"Saída de leito carroçável";"Com Vítimas Feridas";"Pleno dia";"Crescente";"Sol";"Simples";"Reta";"Não";5;0;3;1;0;1;4;2;-9,22276016;-40,40874481;"SPRF-PE";"DEL06-PE";"UOP01-DEL06-PE"
551676;2023-09-29;"sexta-feira";"13:30:00";"RN";101;43;"MAXARANGUAPE";"Transitar na contramão";"Colisão lateral sentido oposto";"Sem Vítimas";"Pleno dia";"Decrescente";"Céu Claro";"Simples";"Aclive;Curva";"Não";5;0;0;0;5;0;0;2;-5,47619087;-35,32581621;"SPRF-RN";"DEL02-RN";"UOP01-DEL02-RN"
551678;2023-09-29;"sexta-feira";"14:10:00";"RS";290;137;"ELDORADO DO SUL";"Ingestão de álcool pelo condutor";"Colisão traseira";"Com Vítimas Feridas";"Pleno dia";"Crescente";"Céu Claro";"Simples";"Reta";"Não";3;0;1;0;2;0;1;2;-30,070183;-51,581722;"SPRF-RS";"DEL02-RS";"UOP01-DEL02-RS"
551680;2023-09-27;"quarta-feira";"20:00:00";"BA";324;603;"SIMOES FILHO";"Demais falhas mecânicas ou elétricas";"Incêndio";"Sem Vítimas";"Plena Noite";"Crescente";"Céu Claro";"Dupla";"Reta";"Não";1;0;0;0;1;0;0;1;-12,78311363;-38,41352463;"SPRF-BA";"DEL01-BA";"UOP01-DEL01-BA"
551681;2023-09-24;"domingo";"17:40:00";"MS";163;206;"CAARAPO";"Reação tardia ou ineficiente do condutor";"Tombamento";"Com Vítimas Feridas";"Plena Noite";"Crescente";"Nublado";"Simples";"Rotatória";"Não";2;0;2;0;0;0;2;1;-22,65390994;-54,80646392;"SPRF-MS";"DEL04-MS";"UOP02-DEL04-MS"
551682;2023-09-29;"sexta-feira";"14:20:00";"SP";116;125;"CACAPAVA";"Reação tardia ou ineficiente do condutor";"Colisão traseira";"Sem Vítimas";"Pleno dia";"Crescente";"Céu Claro";"Dupla";"Reta";"Não";3;0;0;0;3;0;0;2;-23,09872598;-45,68608201;"SPRF-SP";"DEL02-SP";"UOP02-DEL02-SP"
551685;2023-09-29;"sexta-feira";"13:00:00";"RO";435;34;"VILHENA";"Acumulo de água sobre o pavimento";"Saída de leito carroçável";"Sem Vítimas";"Pleno dia";"Crescente";"Garoa/Chuvisco";"Simples";"Curva;Aclive";"Não";1;0;0;0;1;0;0;1;-12,83939085;-60,37593022;"SPRF-RO";"DEL04-RO";"UOP02-DEL04-RO"
551686;2023-09-29;"sexta-feira";"15:10:00";"SC";101;146;"ITAPEMA";"Manobra de mudança de faixa";"Colisão lateral mesmo sentido";"Com Vítimas Feridas";"Pleno dia";"Decrescente";"Céu Claro";"Dupla";"Reta";"Sim";2;0;0;1;1;0;1;2;-27,08666525;-48,60955587;"SPRF-SC";"DEL04-SC";"UOP03-DEL04-SC"
551690;2023-09-29;"sexta-feira";"14:20:00";"GO";60;416;"RIO VERDE";"Chuva";"Saída de leito carroçável";"Com Vítimas Feridas";"Pleno dia";"Crescente";"Chuva";"Dupla";"Reta";"Não";3;0;1;0;2;0;1;1;-17,819588;-51,204558;"SPRF-GO";"DEL04-GO";"UOP02-DEL04-GO"
551691;2023-09-02;"sábado";"04:05:00";"MG";381;892,8;"CAMBUI";"Ingestão de álcool pelo condutor";"Saída de leito carroçável";"Sem Vítimas";"Plena Noite";"Crescente";"Nublado";"Dupla";"Aclive;Reta";"Não";1;0;0;0;1;0;0;1;-22,60214538;-46,05862156;"SPRF-MG";"DEL16-MG";"UOP03-DEL16-MG"
551694;2023-09-29;"sexta-feira";"15:00:00";"SC";101;144;"ITAPEMA";"Manobra de mudança de faixa";"Colisão lateral mesmo sentido";"Com Vítimas Feridas";"Pleno dia";"Decrescente";"Céu Claro";"Dupla";"Reta";"Sim";2;0;0;1;1;0;1;2;-27,0732659;-48,59672716;"SPRF-SC";"DEL04-SC";"UOP03-DEL04-SC"
551696;2023-09-29;"sexta-feira";"15:30:00";"RS";116;234;"NOVO HAMBURGO";"Conversão proibida";"Colisão lateral mesmo sentido";"Com Vítimas Feridas";"Pleno dia";"Decrescente";"Céu Claro";"Simples";"Reta;Aclive";"Sim";2;0;1;0;1;0;1;2;-29,65121313;-51,1444433;"SPRF-RS";"DEL01-RS";"UOP02-DEL01-RS"
551697;2023-09-29;"sexta-feira";"15:30:00";"AP";156;820;"OIAPOQUE";"Acessar a via sem observar a presença dos outros veículos";"Colisão lateral mesmo sentido";"Com Vítimas Feridas";"Pleno dia";"Crescente";"Sol";"Simples";"Reta";"Sim";2;0;1;1;0;0;2;2;3,8387884229;-51,8177452273;"SPRF-AP";"DEL01-AP";"UOP03-DEL01-AP"
551699;2023-09-29;"sexta-feira";"13:25:00";"SC";280;29,2;"ARAQUARI";"Ausência de reação do condutor";"Saída de leito carroçável";"Com Vítimas Feridas";"Pleno dia";"Crescente";"Garoa/Chuvisco";"Simples";"Reta";"Sim";1;0;1;0;0;0;1;1;-26,41066264;-48,75295628;"SPRF-SC";"DEL03-SC";"UOP03-DEL03-SC"
551700;2023-07-12;"quarta-feira";"18:10:00";"PR";277;99;"CURITIBA";"Reação tardia ou ineficiente do condutor";"Colisão traseira";"Com Vítimas Feridas";"Anoitecer";"Crescente";"Nublado";"Dupla";"Declive;Reta";"Sim";2;0;0;1;1;0;1;2;-25,4311152;-49,3592082;"SPRF-PR";"DEL01-PR";"UOP06-DEL01-PR"
551701;2023-09-05;"terça-feira";"10:20:00";"ES";101;264;"SERRA";"Reação tardia ou ineficiente do condutor";"Colisão traseira";"Com Vítimas Feridas";"Pleno dia";"Decrescente";"Sol";"Dupla";"Reta";"Sim";4;0;1;0;2;1;1;3;-20,17292791;-40,26736384;"SPRF-ES";"DEL02-ES";"UOP01-DEL02-ES"
551703;2023-09-29;"sexta-feira";"14:35:00";"RS";392;294,7;"SAO SEPE";"Ingestão de álcool pelo condutor";"Colisão traseira";"Com Vítimas Feridas";"Pleno dia";"Decrescente";"Céu Claro";"Simples";"Reta;Em Obras";"Não";6;0;1;0;5;0;1;2;-30,18664127;-53,5656134;"SPRF-RS";"DEL09-RS";"UOP02-DEL09-RS"
551704;2023-09-29;"sexta-feira";"16:10:00";"GO";70;6;"AGUAS LINDAS DE GOIAS";"Condutor deixou de manter distância do veículo da frente";"Colisão lateral mesmo sentido";"Com Vítimas Feridas";"Pleno dia";"Crescente";"Céu Claro";"Múltipla";"Reta";"Sim";4;0;1;0;3;0;1;4;-15,7504938076;-48,2612380986;"SPRF-DF";"DEL03-DF";"UOP02-DEL03-DF"
551705;2023-09-29;"sexta-feira";"15:00:00";"PR";369;3,3;"CAMPO MOURAO";"Desrespeitar a preferência no cruzamento";"Colisão transversal";"Sem Vítimas";"Pleno dia";"Crescente";"Céu Claro";"Simples";"Declive;Reta;Interseção de Vias";"Não";2;0;0;0;2;0;0;2;-24,0617;-52,3897;"SPRF-PR";"DEL07-PR";"UOP05-DEL07-PR"
551707;2023-09-29;"sexta-feira";"12:10:00";"PE";232;408;"SERRA TALHADA";"Ausência de reação do condutor";"Tombamento";"Com Vítimas Feridas";"Pleno dia";"Crescente";"Céu Claro";"Simples";"Reta;Aclive";"Sim";1;0;1;0;0;0;1;1;-7,98371447;-38,28047709;"SPRF-PE";"DEL04-PE";"UOP01-DEL04-PE"
551709;2023-09-29;"sexta-feira";"13:30:00";"MA";316;575;"CAXIAS";"Animais na Pista";"Atropelamento de Animal";"Com Vítimas Feridas";"Pleno dia";"Crescente";"Céu Claro";"Simples";"Reta";"Não";4;0;2;0;2;0;2;2;-4,93836562;-43,16850185;"SPRF-MA";"DEL03-MA";"UOP02-DEL03-MA"
551710;2023-09-29;"sexta-feira";"13:15:00";"SC";280;102,4;"SAO BENTO DO SUL";"Velocidade Incompatível";"Saída de leito carroçável";"Sem Vítimas";"Pleno dia";"Decrescente";"Chuva";"Simples";"Declive;Curva";"Não";1;0;0;0;0;1;0;1;-26,36381888;-49,34016753;"SPRF-SC";"DEL06-SC";"UOP03-DEL06-SC"
551711;2023-09-29;"sexta-feira";"17:00:00";"MG";381;495;"BETIM";"Manobra de mudança de faixa";"Colisão lateral mesmo sentido";"Com Vítimas Feridas";"Pleno dia";"Decrescente";"Céu Claro";"Dupla";"Reta";"Sim";3;0;1;0;2;0;1;2;-19,98890883;-44,20522016;"SPRF-MG";"DEL04-MG";"UOP03-DEL04-MG"
551712;2023-09-05;"terça-feira";"14:00:00";"PR";277;667,2;"MEDIANEIRA";"Reação tardia ou ineficiente do condutor";"Capotamento";"Com Vítimas Feridas";"Pleno dia";"Crescente";"Sol";"Dupla";"Reta";"Sim";1;0;1;0;0;0;1;1;-25,26577498;-54,05432901;"SPRF-PR";"DEL05-PR";"UOP02-DEL05-PR"
551713;2023-09-29;"sexta-feira";"15:30:00";"PE";232;80;"GRAVATA";"Velocidade Incompatível";"Engavetamento";"Com Vítimas Feridas";"Pleno dia";"Crescente";"Céu Claro";"Simples";"Reta";"Sim";5;0;1;0;2;2;1;4;-8,19579864;-35,56962305;"SPRF-PE";"DEL02-PE";"UOP02-DEL02PE"
551714;2023-09-29;"sexta-feira";"15:10:00";"RJ";101;318;"SAO GONCALO";"Demais falhas mecânicas ou elétricas";"Queda de ocupante de veículo";"Com Vítimas Feridas";"Pleno dia";"Crescente";"Céu Claro";"Dupla";"Reta";"Sim";2;0;1;0;1;0;1;1;-22,84562994;-43,09841211;"SPRF-RJ";"DEL02-RJ";"UOP02-DEL02-RJ"
551715;2023-09-29;"sexta-feira";"16:35:00";"MS";267;30;"BATAGUASSU";"Acessar a via sem observar a presença dos outros veículos";"Colisão transversal";"Com Vítimas Feridas";"Pleno dia";"Crescente";"Céu Claro";"Dupla";"Reta";"Sim";3;0;0;1;1;1;1;3;-21,72165451;-52,43258025;"SPRF-MS";"DEL02-MS";"UOP04-DEL02-MS"
551716;2023-09-29;"sexta-feira";"17:35:00";"DF";20;19;"BRASILIA";"Trafegar com motocicleta (ou similar) entre as faixas";"Atropelamento de Pedestre";"Com Vítimas Feridas";"Pleno dia";"Crescente";"Nublado";"Dupla";"Reta";"Sim";2;0;1;0;1;0;1;2;-15,612175;-47,700928;"SPRF-DF";"DEL02-DF";"UOP01-DEL02-DF"
551717;2023-09-29;"sexta-feira";"16:50:00";"GO";153;507;"APARECIDA DE GOIANIA";"Reação tardia ou ineficiente do condutor";"Capotamento";"Sem Vítimas";"Pleno dia";"Crescente";"Céu Claro";"Dupla";"Reta;Aclive";"Sim";6;0;0;0;6;0;0;1;-16,7715;-49,2387;"SPRF-GO";"DEL01-GO";"UOP03-DEL01-GO"
551718;2023-09-29;"sexta-feira";"17:17:00";"RN";101;107;"PARNAMIRIM";"Condutor deixou de manter distância do veículo da frente";"Colisão traseira";"Com Vítimas Feridas";"Anoitecer";"Decrescente";"Céu Claro";"Múltipla";"Reta";"Sim";2;0;1;0;1;0;1;2;-5,91920796;-35,26412409;"SPRF-RN";"DEL01-RN";"UOP01-DEL01-RN"
551720;2023-09-29;"sexta-feira";"07:00:00";"PB";230;391;"SAO BENTINHO";"Acessar a via sem observar a presença dos outros veículos";"Colisão transversal";"Com Vítimas Feridas";"Pleno dia";"Decrescente";"Céu Claro";"Simples";"Curva";"Sim";3;0;2;0;1;0;2;2;-6,8904;-37,7258;"SPRF-PB";"DEL03-PB";"UOP02-DEL03-PB"
551721;2023-09-29;"sexta-feira";"17:12:00";"PR";369;442;"UBIRATA";"Ingestão de álcool pelo condutor";"Colisão traseira";"Com Vítimas Feridas";"Pleno dia";"Crescente";"Nublado";"Simples";"Reta";"Não";3;0;0;1;2;0;1;3;-24,5236;-52,9404;"SPRF-PR";"DEL04-PR";"UOP03-DEL04-PR"
551723;2023-09-29;"sexta-feira";"17:00:00";"BA";116;827,6;"VITORIA DA CONQUISTA";"Manobra de mudança de faixa";"Colisão frontal";"Com Vítimas Feridas";"Pleno dia";"Crescente";"Céu Claro";"Simples";"Reta";"Sim";3;0;0;1;2;0;1;2;-14,890208;-40,861912;"SPRF-BA";"DEL08-BA";"UOP01-DEL08-BA"
551724;2023-09-29;"sexta-feira";"14:00:00";"MA";135;29,6;"SAO LUIS";"Fumaça";"Colisão traseira";"Com Vítimas Feridas";"Pleno dia";"Decrescente";"Céu Claro";"Dupla";"Reta";"Não";3;0;1;0;2;0;1;2;-2,795072;-44,374203;"SPRF-MA";"DEL01-MA";"UOP01-DEL01-MA"
551725;2023-09-29;"sexta-feira";"07:45:00";"GO";153;691,8;"ITUMBIARA";"Mal súbito do condutor";"Saída de leito carroçável";"Com Vítimas Feridas";"Anoitecer";"Crescente";"Nublado";"Dupla";"Reta";"Não";3;0;3;0;0;0;3;1;-18,3173;-49,2302;"SPRF-GO";"DEL03-GO";"UOP02-DEL03-GO"
551726;2023-09-29;"sexta-feira";"17:30:00";"PR";369;164;"CAMBE";"Reação tardia ou ineficiente do condutor";"Queda de ocupante de veículo";"Com Vítimas Feridas";"Pleno dia";"Crescente";"Céu Claro";"Dupla";"Reta;Declive";"Não";1;0;1;0;0;0;1;1;-23,29527341;-51,29150748;"SPRF-PR";"DEL07-PR";"UOP01-DEL07-PR"
551733;2023-09-29;"sexta-feira";"12:20:00";"SC";101;253,4;"PAULO LOPES";"Ausência de reação do condutor";"Saída de leito carroçável";"Com Vítimas Feridas";"Pleno dia";"Crescente";"Céu Claro";"Múltipla";"Reta";"Sim";2;0;0;1;1;0;1;1;-27,96492999;-48,67962057;"SPRF-SC";"DEL02-SC";"UOP03-DEL02-SC"