"id";"data_inversa";"dia_semana";"horario";"uf";"br";"km";"municipio";"causa_acidente";"tipo_acidente";"classificacao_acidente";"fase_dia";"sentido_via";"condicao_metereologica";"tipo_pista";"tracado_via";"uso_solo";"pessoas";"mortos";"feridos_leves";"feridos_graves";"ilesos";"ignorados";"feridos";"veiculos";"latitude";"longitude";"regional";"delegacia";"uop"
551735;2023-09-29;"sexta-feira";"17:10:00";"PB";104;155,8;"QUEIMADAS";"Ultrapassagem Indevida";"Colisão frontal";"Com Vítimas Feridas";"Amanhecer";"Crescente";"Céu Claro";"Simples";"Reta";"Sim";2;0;0;1;1;0;1;2;-7,49197162;-35,95038343;"SPRF-PB";"DEL02-PB";"UOP03-DEL02-PB"
551736;2023-09-29;"sexta-feira";"18:37:00";"ES";101;296;"CARIACICA";"Acumulo de areia ou detritos sobre o pavimento";"Tombamento";"Com Vítimas Feridas";"Plena Noite";"Crescente";"Nublado";"Dupla";"Curva";"Sim";2;0;2;0;0;0;2;1;-20,33223667;-40,40004683;"SPRF-ES";"DEL01-ES";"UOP01-DEL01-ES"
551737;2023-09-29;"sexta-feira";"19:15:00";"MG";381;481;"BETIM";"Trafegar com motocicleta (ou similar) entre as faixas";"Queda de ocupante de veículo";"Com Vítimas Feridas";"Plena Noite";"Crescente";"Céu Claro";"Múltipla";"Reta";"Sim";2;0;1;0;1;0;1;1;-19,95931561;-44,08825597;"SPRF-MG";"DEL01-MG";"UOP03-DEL01-MG"
551739;2023-09-29;"sexta-feira";"18:50:00";"SP";381;44;"ATIBAIA";"Reação tardia ou ineficiente do condutor";"Engavetamento";"Sem Vítimas";"Plena Noite";"Decrescente";"Nublado";"Dupla";"Reta";"Sim";5;0;0;0;5;0;0;3;-23,16458615;-46,57418959;"SPRF-SP";"DEL03-SP";"UOP01-DEL03-SP"
551741;2023-09-29;"sexta-feira";"17:15:00";"MT";70;508;"CUIABA";"Ausência de reação do condutor";"Colisão traseira";"Com Vítimas Feridas";"Pleno dia";"Crescente";"Céu Claro";"Simples";"Reta";"Não";4;0;1;0;3;0;1;3;-15,69710734;-56,0869373;"SPRF-MT";"DEL01-MT";"UOP02-DEL01-MT"
551743;2023-09-29;"sexta-feira";"17:00:00";"MG";116;528,6;"CARATINGA";"Desrespeitar a preferência no cruzamento";"Colisão transversal";"Com Vítimas Feridas";"Pleno dia";"Crescente";"Céu Claro";"Simples";"Curva;Interseção de Vias";"Sim";2;0;1;0;1;0;1;2;-19,794033;-42,13731414;"SPRF-MG";"DEL06-MG";"UOP02-DEL06-MG"
551744;2023-09-29;"sexta-feira";"19:00:00";"SP";116;309;"SAO LOURENCO DA SERRA";"Acessar a via sem observar a presença dos outros veículos";"Colisão traseira";"Com Vítimas Feridas";"Plena Noite";"Crescente";"Céu Claro";"Dupla";"Reta";"Não";2;0;1;0;1;0;1;2;-23,86766013;-46,95354593;"SPRF-SP";"DEL04-SP";"UOP01-DEL04-SP"
551745;2023-09-29;"sexta-feira";"18:10:00";"SC";101;207;"SAO JOSE";"Trafegar com motocicleta (ou similar) entre as faixas";"Queda de ocupante de veículo";"Com Vítimas Feridas";"Plena Noite";"Crescente";"Garoa/Chuvisco";"Múltipla";"Reta";"Sim";2;0;1;0;1;0;1;2;-27,60001226;-48,6226467;"SPRF-SC";"DEL01-SC";"UOP01-DEL01-SC"
551750;2023-09-29;"sexta-feira";"19:10:00";"SC";101;208,5;"SAO JOSE";"Manobra de mudança de faixa";"Colisão lateral mesmo sentido";"Com Vítimas Feridas";"Plena Noite";"Decrescente";"Nublado";"Dupla";"Reta";"Sim";1;0;1;0;0;0;1;1;-27,59193546;-48,61824557;"SPRF-SC";"DEL01-SC";"UOP01-DEL01-SC"
551751;2023-09-29;"sexta-feira";"19:00:00";"MS";163;368;"NOVA ALVORADA DO SUL";"Acessar a via sem observar a presença dos outros veículos";"Colisão transversal";"Com Vítimas Feridas";"Plena Noite";"Crescente";"Céu Claro";"Simples";"Reta";"Sim";3;0;2;1;0;0;3;2;-21,43831812;-54,37684031;"SPRF-MS";"DEL02-MS";"UOP01-DEL02-MS"
551752;2023-09-29;"sexta-feira";"17:40:00";"MG";116;538;"SANTA RITA DE MINAS";"Mal súbito do condutor";"Tombamento";"Com Vítimas Feridas";"Anoitecer";"Crescente";"Nublado";"Simples";"Reta";"Sim";1;0;1;0;0;0;1;1;-19,87457783;-42,13216953;"SPRF-MG";"DEL06-MG";"UOP02-DEL06-MG"
551753;2023-09-29;"sexta-feira";"19:26:00";"RN";101;165,8;"CANGUARETAMA";"Animais na Pista";"Atropelamento de Animal";"Com Vítimas Feridas";"Plena Noite";"Decrescente";"Céu Claro";"Dupla";"Reta";"Não";1;0;1;0;0;0;1;1;-6,41690408;-35,12638614;"SPRF-RN";"DEL01-RN";"UOP01-DEL01-RN"
551755;2023-09-29;"sexta-feira";"18:45:00";"SP";116;112;"TAUBATE";"Reação tardia ou ineficiente do condutor";"Capotamento";"Com Vítimas Feridas";"Plena Noite";"Crescente";"Céu Claro";"Dupla";"Reta";"Sim";1;0;1;0;0;0;1;1;-23,04159343;-45,57065616;"SPRF-SP";"DEL02-SP";"UOP02-DEL02-SP"
551756;2023-09-29;"sexta-feira";"18:30:00";"SP";116;110;"TAUBATE";"Reação tardia ou ineficiente do condutor";"Tombamento";"Com Vítimas Feridas";"Anoitecer";"Crescente";"Céu Claro";"Dupla";"Reta";"Sim";1;0;0;1;0;0;1;1;-23,03412614;-45,5526999;"SPRF-SP";"DEL02-SP";"UOP02-DEL02-SP"
551757;2023-09-29;"sexta-feira";"20:20:00";"RS";386;229,8;"SOLEDADE";"Ultrapassagem Indevida";"Colisão frontal";"Com Vítimas Fatais";"Plena Noite";"Decrescente";"Nublado";"Simples";"Reta";"Não";6;1;1;2;2;0;3;3;-28,68824;-52,586773;"SPRF-RS";"DEL04-RS";"UOP03-DEL04-RS"
551758;2023-09-29;"sexta-feira";"13:47:00";"MT";163;590;"NOVA MUTUM";"Chuva";"Saída de leito carroçável";"Com Vítimas Feridas";"Pleno dia";"Decrescente";"Chuva";"Simples";"Reta";"Não";4;0;4;0;0;0;4;1;-13,996329;-56,09697208;"SPRF-MT";"DEL01-MT";"UOP01-DEL01-MT"
551759;2023-09-29;"sexta-feira";"20:10:00";"CE";116;9,5;"FORTALEZA";"Ingestão de álcool pelo condutor";"Colisão com objeto";"Com Vítimas Feridas";"Plena Noite";"Decrescente";"Céu Claro";"Múltipla";"Reta";"Não";1;0;1;0;0;0;1;1;-3,82779096;-38,50486117;"SPRF-CE";"DEL01-CE";"UOP02-DEL01-CE"
551760;2023-09-29;"sexta-feira";"20:20:00";"RS";116;243;"SAO LEOPOLDO";"Transitar na contramão";"Colisão frontal";"Com Vítimas Feridas";"Plena Noite";"Crescente";"Céu Claro";"Múltipla";"Interseção de Vias";"Sim";3;0;1;0;2;0;1;2;-29,74088003;-51,15039566;"SPRF-RS";"DEL01-RS";"UOP02-DEL01-RS"
551761;2023-09-29;"sexta-feira";"19:15:00";"SP";116;465;"PARIQUERA-ACU";"Ingestão de álcool pelo condutor";"Colisão com objeto";"Com Vítimas Feridas";"Plena Noite";"Decrescente";"Nublado";"Simples";"Reta";"Não";1;0;1;0;0;0;1;1;-24,64131463;-47,91527636;"SPRF-SP";"DEL05-SP";"UOP01-DEL05-SP"
551762;2023-09-29;"sexta-feira";"18:00:00";"BA";30;374,2;"BRUMADO";"Velocidade Incompatível";"Colisão frontal";"Com Vítimas Feridas";"Amanhecer";"Decrescente";"Céu Claro";"Simples";"Reta";"Não";6;0;5;1;0;0;6;2;-14,19909873;-41,61205595;"SPRF-BA";"DEL08-BA";"UOP01-DEL08-BA"
551763;2023-09-29;"sexta-feira";"19:20:00";"BA";110;186;"RIBEIRA DO POMBAL";"Pedestre andava na pista";"Atropelamento de Pedestre";"Com Vítimas Fatais";"Plena Noite";"Decrescente";"Céu Claro";"Simples";"Reta";"Não";4;1;0;0;2;1;0;3;-10,940846;-38,519765;"SPRF-BA";"DEL07-BA";"UOP02-DEL07-BA"
551764;2023-09-29;"sexta-feira";"19:30:00";"SP";381;42,8;"ATIBAIA";"Ausência de reação do condutor";"Colisão traseira";"Sem Vítimas";"Plena Noite";"Decrescente";"Céu Claro";"Dupla";"Reta";"Sim";2;0;0;0;2;0;0;2;-23,147306;-46,57493202;"SPRF-SP";"DEL03-SP";"UOP01-DEL03-SP"
551766;2023-09-29;"sexta-feira";"16:40:00";"PB";230;0,4;"CAMPINA GRANDE";"Ausência de reação do condutor";"Tombamento";"Com Vítimas Fatais";"Pleno dia";"Decrescente";"Céu Claro";"Simples";"Reta";"Não";1;1;0;0;0;0;0;1;-7,20717544;-35,94829559;"SPRF-PB";"DEL02-PB";"UOP01-DEL02-PB"
551767;2023-09-29;"sexta-feira";"17:00:00";"RO";364;215;"PIMENTA BUENO";"Velocidade Incompatível";"Engavetamento";"Com Vítimas Feridas";"Pleno dia";"Decrescente";"Chuva";"Simples";"Reta";"Não";3;0;1;0;2;0;1;3;-11,560266;-61,287688;"SPRF-RO";"DEL02-RO";"UOP02-DEL02-RO"
551768;2023-09-29;"sexta-feira";"20:40:00";"RJ";116;303;"PORTO REAL";"Animais na Pista";"Atropelamento de Animal";"Com Vítimas Fatais";"Plena Noite";"Decrescente";"Nublado";"Dupla";"Reta;Ponte";"Não";2;1;0;1;0;0;1;1;-22,45434989;-44,37845201;"SPRF-RJ";"DEL07-RJ";"UOP02-DEL07-RJ"
551769;2023-09-29;"sexta-feira";"20:00:00";"PA";316;71;"CASTANHAL";"Transitar na contramão";"Colisão frontal";"Com Vítimas Fatais";"Plena Noite";"Crescente";"Céu Claro";"Simples";"Reta";"Não";3;1;0;0;1;1;0;3;-1,29062917;-47,85733898;"SPRF-PA";"DEL01-PA";"UOP01-DEL01-PA"
551770;2023-09-29;"sexta-feira";"21:15:00";"RS";290;85;"PORTO ALEGRE";"Reação tardia ou ineficiente do condutor";"Colisão traseira";"Com Vítimas Feridas";"Plena Noite";"Crescente";"Céu Claro";"Dupla";"Reta";"Não";2;0;1;0;1;0;1;2;-29,967936;-51,106873;"SPRF-RS";"DEL01-RS";"UOP01-DEL01-RS"
551771;2023-09-29;"sexta-feira";"18:00:00";"MG";50;147,7;"UBERABA";"Animais na Pista";"Atropelamento de Animal";"Com Vítimas Feridas";"Anoitecer";"Crescente";"Céu Claro";"Dupla";"Declive;Ponte;Reta";"Não";2;0;2;0;0;0;2;1;-19,53778804;-48,03695932;"SPRF-MG";"DEL13-MG";"UOP01-DEL13-MG"
551772;2023-09-29;"sexta-feira";"20:40:00";"RJ";101;509;"ANGRA DOS REIS";"Conversão proibida";"Colisão transversal";"Com Vítimas Feridas";"Plena Noite";"Decrescente";"Nublado";"Simples";"Reta";"Não";3;0;2;0;1;0;2;2;-22,944515;-44,431107;"SPRF-RJ";"DEL03-RJ";"UOP03-DEL03-RJ"
551774;2023-09-29;"sexta-feira";"20:35:00";"SC";101;90,3;"BARRA VELHA";"Reação tardia ou ineficiente do condutor";"Saída de leito carroçável";"Sem Vítimas";"Plena Noite";"Crescente";"Nublado";"Simples";"Reta";"Sim";1;0;0;0;1;0;0;1;-26,66513991;-48,68973255;"SPRF-SC";"DEL03-SC";"UOP02-DEL03-SC"
551775;2023-09-17;"domingo";"05:00:00";"PE";232;58;"POMBOS";"Condutor Dormindo";"Saída de leito carroçável";"Com Vítimas Feridas";"Amanhecer";"Crescente";"Garoa/Chuvisco";"Dupla";"Reta";"Sim";3;0;0;3;0;0;3;1;-8,14462866;-35,39034714;"SPRF-PE";"DEL02-PE";"UOP02-DEL02PE"
551776;2023-09-29;"sexta-feira";"15:00:00";"MT";163;1010;"TERRA NOVA DO NORTE";"Reação tardia ou ineficiente do condutor";"Saída de leito carroçável";"Com Vítimas Feridas";"Pleno dia";"Crescente";"Céu Claro";"Simples";"Reta";"Não";1;0;1;0;0;0;1;1;-10,53593598;-55,08238905;"SPRF-MT";"DEL06-MT";"UOP03-DEL06-MT"
551777;2023-09-29;"sexta-feira";"21:10:00";"SC";101;204;"SAO JOSE";"Ausência de reação do condutor";"Capotamento";"Sem Vítimas";"Plena Noite";"Decrescente";"Nublado";"Dupla";"Reta";"Sim";1;0;0;0;0;1;0;1;-27,57413014;-48,61363083;"SPRF-SC";"DEL01-SC";"UOP01-DEL01-SC"
551778;2023-09-29;"sexta-feira";"22:00:00";"CE";116;4,5;"FORTALEZA";"Acessar a via sem observar a presença dos outros veículos";"Colisão lateral mesmo sentido";"Com Vítimas Feridas";"Plena Noite";"Decrescente";"Céu Claro";"Simples";"Reta";"Sim";2;0;1;0;1;0;1;2;-3,7867209;-38,5114568;"SPRF-CE";"DEL01-CE";"UOP02-DEL01-CE"
551780;2023-09-29;"sexta-feira";"21:50:00";"PR";369;137,3;"IBIPORA";"Reação tardia ou ineficiente do condutor";"Colisão traseira";"Com Vítimas Feridas";"Plena Noite";"Crescente";"Céu Claro";"Simples";"Reta";"Sim";2;0;1;0;1;0;1;2;-23,27130963;-51,04313159;"SPRF-PR";"DEL07-PR";"UOP01-DEL07-PR"
551781;2023-09-29;"sexta-feira";"22:00:00";"RS";470;233,1;"CARLOS BARBOSA";"Ultrapassagem Indevida";"Colisão frontal";"Com Vítimas Fatais";"Plena Noite";"Crescente";"Céu Claro";"Simples";"Declive;Curva";"Não";3;1;2;0;0;0;2;2;-29,29975503;-51,48318122;"SPRF-RS";"DEL06-RS";"UOP01-DEL06-RS"
551783;2023-09-29;"sexta-feira";"21:10:00";"SP";262;319;"CASTILHO";"Reação tardia ou ineficiente do condutor";"Colisão lateral mesmo sentido";"Com Vítimas Feridas";"Anoitecer";"Decrescente";"Céu Claro";"Múltipla";"Reta";"Não";4;0;0;1;2;1;1;2;-20,7805198312;-51,5951352379;"SPRF-MS";"DEL07-MS";"UOP01-DEL07-MS"
551784;2023-09-29;"sexta-feira";"22:00:00";"SC";470;169;"POUSO REDONDO";"Ingestão de álcool pelo condutor";"Colisão transversal";"Com Vítimas Feridas";"Plena Noite";"Decrescente";"Nublado";"Múltipla";"Reta";"Não";4;0;2;0;2;0;2;2;-27,265471;-49,882442;"SPRF-SC";"DEL04-SC";"UOP02-DEL04-SC"
551786;2023-09-29;"sexta-feira";"22:40:00";"PA";316;185;"SANTA LUZIA DO PARA";"Ausência de reação do condutor";"Colisão frontal";"Com Vítimas Fatais";"Plena Noite";"Crescente";"Céu Claro";"Simples";"Declive;Reta";"Não";2;1;0;0;0;1;0;2;-1,40583911;-47,00639613;"SPRF-PA";"DEL01-PA";"UOP03-DEL01-PA"
551787;2023-09-29;"sexta-feira";"19:00:00";"RO";364;441;"JARU";"Deficiência do Sistema de Iluminação/Sinalização";"Colisão traseira";"Com Vítimas Feridas";"Plena Noite";"Decrescente";"Nublado";"Simples";"Reta";"Não";2;0;0;1;1;0;1;2;-10,34928269;-62,58865075;"SPRF-RO";"DEL03-RO";"UOP02-DEL03-RO"
551788;2023-09-29;"sexta-feira";"22:20:00";"SC";101;147;"ITAPEMA";"Acessar a via sem observar a presença dos outros veículos";"Colisão transversal";"Com Vítimas Feridas";"Plena Noite";"Crescente";"Nublado";"Múltipla";"Reta";"Sim";2;0;2;0;0;0;2;2;-27,09237407;-48,61730888;"SPRF-SC";"DEL04-SC";"UOP03-DEL04-SC"
551789;2023-09-29;"sexta-feira";"19:30:00";"MG";116;498,3;"INHAPIM";"Transitar na contramão";"Colisão frontal";"Sem Vítimas";"Pleno dia";"Crescente";"Céu Claro";"Simples";"Curva";"Sim";2;0;0;0;2;0;0;2;-19,54911394;-42,12606668;"SPRF-MG";"DEL06-MG";"UOP02-DEL06-MG"
551790;2023-09-29;"sexta-feira";"17:23:00";"RJ";493;66;"NOVA IGUACU";"Condutor Dormindo";"Saída de leito carroçável";"Com Vítimas Feridas";"Anoitecer";"Decrescente";"Céu Claro";"Dupla";"Reta";"Não";1;0;1;0;0;0;1;1;-22,68292517;-43,53263855;"SPRF-RJ";"DEL01-RJ";"UOP03-DEL01-RJ"
551791;2023-09-29;"sexta-feira";"23:00:00";"MG";40;511;"RIBEIRAO DAS NEVES";"Trafegar com motocicleta (ou similar) entre as faixas";"Tombamento";"Com Vítimas Feridas";"Plena Noite";"Crescente";"Céu Claro";"Dupla";"Reta;Aclive";"Sim";2;0;2;0;0;0;2;1;-19,781542;-44,117635;"SPRF-MG";"DEL01-MG";"UOP02-DEL01-MG"
551792;2023-09-29;"sexta-feira";"23:10:00";"RJ";101;321;"NITEROI";"Condutor deixou de manter distância do veículo da frente";"Colisão traseira";"Com Vítimas Feridas";"Plena Noite";"Decrescente";"Céu Claro";"Dupla";"Reta";"Sim";2;0;1;0;1;0;1;2;-22,86981096;-43,11046465;"SPRF-RJ";"DEL02-RJ";"UOP01-DEL02-RJ"
551793;2023-09-29;"sexta-feira";"22:20:00";"MA";10;252,5;"IMPERATRIZ";"Estacionar ou parar em local proibido";"Colisão traseira";"Com Vítimas Feridas";"Plena Noite";"Decrescente";"Céu Claro";"Simples";"Reta";"Sim";2;0;1;0;1;0;1;2;-5,53562;-47,469585;"SPRF-MA";"DEL04-MA";"UOP01-DEL04-MA"
551796;2023-09-29;"sexta-feira";"21:30:00";"PR";376;389;"IMBAU";"Velocidade Incompatível";"Saída de leito carroçável";"Sem Vítimas";"Plena Noite";"Crescente";"Céu Claro";"Dupla";"Curva";"Não";1;0;0;0;0;1;0;1;-24,51777497;-50,71118238;"SPRF-PR";"DEL03-PR";"UOP02-DEL03-PR"
551797;2023-09-29;"sexta-feira";"22:30:00";"PR";369;135,8;"IBIPORA";"Ausência de reação do condutor";"Colisão com objeto";"Sem Vítimas";"Plena Noite";"Crescente";"Céu Claro";"Simples";"Declive;Reta";"Sim";1;0;0;0;0;1;0;1;-23,2672283;-51,03838742;"SPRF-PR";"DEL07-PR";"UOP01-DEL07-PR"
551800;2023-09-29;"sexta-feira";"16:20:00";"RO";364;409;"JARU";"Velocidade Incompatível";"Colisão traseira";"Sem Vítimas";"Pleno dia";"Crescente";"Céu Claro";"Simples";"Reta";"Não";6;0;0;0;6;0;0;2;-10,54019698;-62,39333998;"SPRF-RO";"DEL03-RO";"UOP02-DEL03-RO"
551802;2023-06-08;"quinta-feira";"00:15:00";"RS";116;521;"PELOTAS";"Reação tardia ou ineficiente do condutor";"Colisão lateral mesmo sentido";"Com Vítimas Fatais";"Plena Noite";"Crescente";"Céu Claro";"Dupla";"Reta";"Não";3;1;2;0;0;0;2;2;-31,70752405;-52,36800695;"SPRF-RS";"DEL07-RS";"UOP01-DEL07-RS"
551803;2023-09-29;"sexta-feira";"13:50:00";"RS";290;302,2;"CACHOEIRA DO SUL";"Demais falhas mecânicas ou elétricas";"Incêndio";"Sem Vítimas";"Pleno dia";"Decrescente";"Céu Claro";"Simples";"Reta";"Não";1;0;0;0;1;0;0;1;-30,321455;-53,228436;"SPRF-RS";"DEL09-RS";"UOP02-DEL09-RS"
551804;2023-09-29;"sexta-feira";"23:50:00";"RJ";101;65;"CAMPOS DOS GOYTACAZES";"Demais falhas na via";"Tombamento";"Com Vítimas Feridas";"Plena Noite";"Decrescente";"Céu Claro";"Dupla";"Curva;Em Obras";"Sim";1;0;1;0;0;0;1;1;-21,75371806;-41,344292;"SPRF-RJ";"DEL08-RJ";"UOP02-DEL08-RJ"
551808;2023-09-29;"sexta-feira";"23:10:00";"SC";101;383,4;"ICARA";"Acessar a via sem observar a presença dos outros veículos";"Colisão transversal";"Com Vítimas Feridas";"Plena Noite";"Decrescente";"Nublado";"Dupla";"Reta";"Sim";2;0;0;1;1;0;1;2;-28,7644284;-49,29379981;"SPRF-SC";"DEL02-SC";"UOP02-DEL02-SC"
551809;2023-09-30;"sábado";"00:05:00";"SC";101;131;"BALNEARIO CAMBORIU";"Acessar a via sem observar a presença dos outros veículos";"Colisão transversal";"Com Vítimas Feridas";"Plena Noite";"Crescente";"Nublado";"Simples";"Reta;Interseção de Vias";"Sim";2;0;0;1;1;0;1;2;-26,99064209;-48,66310912;"SPRF-SC";"DEL04-SC";"UOP03-DEL04-SC"
551810;2023-09-30;"sábado";"00:40:00";"SP";116;269,9;"TABOAO DA SERRA";"Acessar a via sem observar a presença dos outros veículos";"Colisão lateral mesmo sentido";"Com Vítimas Feridas";"Plena Noite";"Crescente";"Nublado";"Dupla";"Reta";"Sim";3;0;1;0;0;2;1;3;-23,61593059;-46,78826044;"SPRF-SP";"DEL04-SP";"UOP01-DEL04-SP"
551811;2023-09-30;"sábado";"00:15:00";"PR";476;120,5;"COLOMBO";"Acessar a via sem observar a presença dos outros veículos";"Colisão frontal";"Com Vítimas Feridas";"Plena Noite";"Crescente";"Nublado";"Múltipla";"Reta;Interseção de Vias";"Sim";4;0;2;0;1;1;2;3;-25,375102;-49,193863;"SPRF-PR";"DEL01-PR";"UOP01-DEL01-PR"
551815;2023-09-30;"sábado";"02:00:00";"RS";101;87;"OSORIO";"Velocidade Incompatível";"Saída de leito carroçável";"Com Vítimas Feridas";"Plena Noite";"Crescente";"Nublado";"Simples";"Reta";"Não";1;0;1;0;0;0;1;1;-29,88995526;-50,28034687;"SPRF-RS";"DEL03-RS";"UOP01-DEL03-RS"
551818;2023-09-30;"sábado";"02:30:00";"RS";392;344,9;"SANTA MARIA";"Reação tardia ou ineficiente do condutor";"Colisão com objeto";"Sem Vítimas";"Plena Noite";"Decrescente";"Céu Claro";"Dupla";"Rotatória";"Sim";1;0;0;0;0;1;0;1;-29,7877691;-53,78226228;"SPRF-RS";"DEL09-RS";"UOP01-DEL09-RS"
551819;2023-09-30;"sábado";"02:40:00";"ES";101;302;"VIANA";"Animais na Pista";"Atropelamento de Animal";"Com Vítimas Feridas";"Plena Noite";"Crescente";"Chuva";"Dupla";"Reta";"Sim";2;0;1;0;0;1;1;2;-20,36958283;-40,44384551;"SPRF-ES";"DEL01-ES";"UOP01-DEL01-ES"
551820;2023-09-30;"sábado";"02:40:00";"SC";101;191;"BIGUACU";"Reação tardia ou ineficiente do condutor";"Capotamento";"Sem Vítimas";"Plena Noite";"Crescente";"Garoa/Chuvisco";"Dupla";"Curva";"Não";2;0;0;0;0;2;0;1;-27,47730273;-48,64127329;"SPRF-SC";"DEL01-SC";"UOP01-DEL01-SC"
551822;2023-09-30;"sábado";"03:30:00";"SC";101;202;"SAO JOSE";"Ingestão de álcool pelo condutor";"Colisão com objeto";"Sem Vítimas";"Plena Noite";"Crescente";"Garoa/Chuvisco";"Simples";"Interseção de Vias";"Sim";2;0;0;0;2;0;0;2;-27,55711595;-48,61897889;"SPRF-SC";"DEL01-SC";"UOP01-DEL01-SC"
551823;2023-09-30;"sábado";"02:40:00";"RJ";40;111;"DUQUE DE CAXIAS";"Ausência de reação do condutor";"Saída de leito carroçável";"Sem Vítimas";"Plena Noite";"Decrescente";"Céu Claro";"Múltipla";"Reta";"Sim";2;0;0;0;2;0;0;2;-22,691868;-43,287453;"SPRF-RJ";"DEL01-RJ";"UOP01-DEL01-RJ"
551825;2023-09-30;"sábado";"04:00:00";"SC";101;206;"SAO JOSE";"Reação tardia ou ineficiente do condutor";"Colisão transversal";"Sem Vítimas";"Plena Noite";"Crescente";"Garoa/Chuvisco";"Dupla";"Reta";"Não";2;0;0;0;2;0;0;2;-27,59193546;-48,61824557;"SPRF-SC";"DEL01-SC";"UOP01-DEL01-SC"
551826;2023-09-30;"sábado";"04:20:00";"PE";232;5,6;"RECIFE";"Ausência de reação do condutor";"Colisão traseira";"Com Vítimas Feridas";"Amanhecer";"Decrescente";"Céu Claro";"Múltipla";"Reta";"Sim";3;0;1;1;0;1;2;2;-8,06795766;-34,94535414;"SPRF-PE";"DEL01-PE";"UOP01-DEL01-PE"
551828;2023-09-30;"sábado";"03:25:00";"RS";116;332;"BARRA DO RIBEIRO";"Ausência de reação do condutor";"Saída de leito carroçável";"Sem Vítimas";"Plena Noite";"Crescente";"Céu Claro";"Dupla";"Curva";"Não";1;0;0;0;0;1;0;1;-30,39620212;-51,44091884;"SPRF-RS";"DEL02-RS";"UOP02-DEL02-RS"
551829;2023-09-30;"sábado";"05:06:00";"SP";153;19,9;"NOVA GRANADA";"Ausência de reação do condutor";"Saída de leito carroçável";"Com Vítimas Feridas";"Plena Noite";"Crescente";"Céu Claro";"Simples";"Reta";"Não";2;0;1;0;1;0;1;1;-20,45211107;-49,28473186;"SPRF-SP";"DEL09-SP";"UOP01-DEL09-SP"
551831;2023-09-30;"sábado";"04:30:00";"SC";101;357,5;"SANGAO";"Ingestão de álcool pelo condutor";"Saída de leito carroçável";"Com Vítimas Feridas";"Plena Noite";"Crescente";"Céu Claro";"Dupla";"Reta";"Não";1;0;1;0;0;0;1;1;-28,647651;-49,103666;"SPRF-SC";"DEL02-SC";"UOP01-DEL02-SC"
551832;2023-09-30;"sábado";"02:00:00";"PI";316;30;"DEMERVAL LOBAO";"Objeto estático sobre o leito carroçável";"Colisão com objeto";"Sem Vítimas";"Amanhecer";"Crescente";"Céu Claro";"Dupla";"Reta";"Não";1;0;0;0;0;1;0;1;-5,33309;-42,69755301;"SPRF-PI";"DEL01-PI";"UOP02-DEL01-PI"
551834;2023-09-29;"sexta-feira";"19:40:00";"BA";242;885;"LUIS EDUARDO MAGALHAES";"Iluminação deficiente";"Saída de leito carroçável";"Com Vítimas Feridas";"Plena Noite";"Crescente";"Céu Claro";"Dupla";"Reta";"Sim";1;0;1;0;0;0;1;1;-12,093696;-45,815771;"SPRF-BA";"DEL10-BA";"UOP01-DEL10-BA"
551835;2023-09-30;"sábado";"04:20:00";"SC";470;271;"BRUNOPOLIS";"Acumulo de água sobre o pavimento";"Capotamento";"Com Vítimas Feridas";"Plena Noite";"Decrescente";"Chuva";"Simples";"Reta";"Não";1;0;1;0;0;0;1;1;-27,321873;-50,775558;"SPRF-SC";"DEL07-SC";"UOP06-DEL07-SC"
551836;2023-09-30;"sábado";"05:00:00";"TO";10;456;"PALMAS";"Condutor deixou de manter distância do veículo da frente";"Colisão traseira";"Com Vítimas Feridas";"Amanhecer";"Decrescente";"Céu Claro";"Múltipla";"Reta";"Sim";2;0;0;1;0;1;1;2;-10,295347;-48,297585;"SPRF-TO";"DEL01-TO";"UOP03-DEL01-TO"
551837;2023-09-30;"sábado";"06:10:00";"PI";343;348,5;"TERESINA";"Ingestão de álcool pelo condutor";"Colisão traseira";"Sem Vítimas";"Pleno dia";"Crescente";"Céu Claro";"Dupla";"Reta";"Sim";2;0;0;0;2;0;0;2;-5,11609973;-42,78118014;"SPRF-PI";"DEL01-PI";"UOP01-DEL01-PI"
551839;2023-09-30;"sábado";"05:05:00";"PR";116;113;"CURITIBA";"Reação tardia ou ineficiente do condutor";"Colisão traseira";"Sem Vítimas";"Amanhecer";"Crescente";"Nublado";"Múltipla";"Reta;Interseção de Vias";"Sim";2;0;0;0;2;0;0;2;-25,546614;-49,291288;"SPRF-PR";"DEL01-PR";"UOP07-DEL01-PR"
551841;2023-09-30;"sábado";"05:30:00";"MT";364;334;"SANTO ANTONIO DO LEVERGER";"Condutor Dormindo";"Saída de leito carroçável";"Com Vítimas Feridas";"Amanhecer";"Crescente";"Nublado";"Dupla";"Reta;Declive";"Não";1;0;1;0;0;0;1;1;-15,830169;-55,44363;"SPRF-MT";"DEL05-MT";"UOP02-DEL05-MT"
551842;2023-09-30;"sábado";"02:45:00";"RJ";101;333;"RIO DE JANEIRO";"Avarias e/ou desgaste excessivo no pneu";"Tombamento";"Com Vítimas Feridas";"Plena Noite";"Crescente";"Nublado";"Dupla";"Reta";"Sim";2;0;1;0;1;0;1;1;-22,87827816;-43,21053578;"SPRF-RJ";"DEL02-RJ";"UOP01-DEL02-RJ"
551843;2023-09-30;"sábado";"04:20:00";"SC";470;156;"TROMBUDO CENTRAL";"Transitar na contramão";"Colisão frontal";"Com Vítimas Feridas";"Plena Noite";"Decrescente";"Chuva";"Simples";"Declive";"Não";2;0;0;2;0;0;2;2;-27,281332;-49,760201;"SPRF-SC";"DEL04-SC";"UOP02-DEL04-SC"