"id";"data_inversa";"dia_semana";"horario";"uf";"br";"km";"municipio";"causa_acidente";"tipo_acidente";"classificacao_acidente";"fase_dia";"sentido_via";"condicao_metereologica";"tipo_pista";"tracado_via";"uso_solo";"pessoas";"mortos";"feridos_leves";"feridos_graves";"ilesos";"ignorados";"feridos";"veiculos";"latitude";"longitude";"regional";"delegacia";"uop"
551965;2023-09-30;"sábado";"18:40:00";"CE";222;1,7;"FORTALEZA";"Ingestão de álcool ou de substâncias psicoativas pelo pedestre";"Atropelamento de Pedestre";"Com Vítimas Feridas";"Plena Noite";"Crescente";"Céu Claro";"Dupla";"Reta";"Sim";2;0;1;0;0;1;1;2;-3,737804;-38,578061;"SPRF-CE";"DEL01-CE";"UOP01-DEL01-CE"
551966;2023-09-30;"sábado";"18:02:00";"RS";290;21;"SANTO ANTONIO DA PATRULHA";"Avarias e/ou desgaste excessivo no pneu";"Tombamento";"Com Vítimas Feridas";"Anoitecer";"Crescente";"Garoa/Chuvisco";"Múltipla";"Aclive;Curva";"Não";1;0;1;0;0;0;1;1;-29,889786;-50,464596;"SPRF-RS";"DEL03-RS";"UOP01-DEL03-RS"
551968;2023-09-30;"sábado";"16:10:00";"TO";153;731;"FIGUEIROPOLIS";"Ultrapassagem Indevida";"Colisão lateral sentido oposto";"Com Vítimas Feridas";"Pleno dia";"Decrescente";"Céu Claro";"Simples";"Aclive;Reta";"Não";4;0;2;0;2;0;2;2;-12,21690999;-49,15715329;"SPRF-TO";"DEL01-TO";"UOP02-DEL01-TO"
551969;2023-09-30;"sábado";"18:20:00";"SC";101;204,8;"SAO JOSE";"Ausência de reação do condutor";"Atropelamento de Pedestre";"Com Vítimas Feridas";"Plena Noite";"Crescente";"Garoa/Chuvisco";"Múltipla";"Reta";"Não";2;0;0;1;1;0;1;2;-27,57413014;-48,61363083;"SPRF-SC";"DEL01-SC";"UOP01-DEL01-SC"
551970;2023-09-30;"sábado";"18:30:00";"PR";277;36;"MORRETES";"Chuva";"Capotamento";"Com Vítimas Feridas";"Plena Noite";"Decrescente";"Chuva";"Dupla";"Curva";"Não";1;0;1;0;0;0;1;1;-25,5585949;-48,80593311;"SPRF-PR";"DEL01-PR";"UOP05-DEL01-PR"
551973;2023-09-30;"sábado";"14:00:00";"CE";116;354;"ICO";"Reação tardia ou ineficiente do condutor";"Queda de ocupante de veículo";"Com Vítimas Feridas";"Plena Noite";"Decrescente";"Céu Claro";"Simples";"Reta";"Não";2;0;0;1;0;1;1;2;-6,26942983;-38,7079132;"SPRF-CE";"DEL05-CE";"UOP02-DEL05-CE"
551974;2023-09-30;"sábado";"19:00:00";"SP";116;152,9;"SAO JOSE DOS CAMPOS";"Manobra de mudança de faixa";"Colisão lateral mesmo sentido";"Com Vítimas Feridas";"Plena Noite";"Decrescente";"Céu Claro";"Múltipla";"Reta";"Sim";2;0;0;1;1;0;1;2;-23,22620401;-45,90682999;"SPRF-SP";"DEL02-SP";"UOP01-DEL02-SP"
551975;2023-08-28;"segunda-feira";"02:49:00";"RJ";101;311;"SAO GONCALO";"Animais na Pista";"Atropelamento de Animal";"Com Vítimas Feridas";"Plena Noite";"Decrescente";"Garoa/Chuvisco";"Dupla";"Reta";"Não";5;0;1;0;4;0;1;4;-22,83707798;-43,09492006;"SPRF-RJ";"DEL02-RJ";"UOP02-DEL02-RJ"
551976;2023-09-30;"sábado";"18:51:00";"MG";116;277;"TEOFILO OTONI";"Acessar a via sem observar a presença dos outros veículos";"Colisão transversal";"Sem Vítimas";"Plena Noite";"Decrescente";"Céu Claro";"Dupla";"Reta;Interseção de Vias";"Sim";2;0;0;0;2;0;0;2;-17,859945;-41,515144;"SPRF-MG";"DEL11-MG";"UOP01-DEL11-MG"
551977;2023-09-30;"sábado";"19:45:00";"PR";277;664;"MEDIANEIRA";"Reação tardia ou ineficiente do condutor";"Colisão traseira";"Sem Vítimas";"Plena Noite";"Crescente";"Céu Claro";"Dupla";"Reta";"Não";2;0;0;0;2;0;0;2;-25,25301037;-54,02857196;"SPRF-PR";"DEL05-PR";"UOP02-DEL05-PR"
551978;2023-09-30;"sábado";"19:20:00";"RJ";116;183;"NOVA IGUACU";"Manobra de mudança de faixa";"Colisão traseira";"Com Vítimas Feridas";"Plena Noite";"Crescente";"Céu Claro";"Dupla";"Reta";"Sim";2;0;1;0;1;0;1;2;-22,7516014;-43,43849831;"SPRF-RJ";"DEL01-RJ";"UOP02-DEL01-RJ"
551980;2023-09-30;"sábado";"20:00:00";"PB";361;0,2;"PATOS";"Acessar a via sem observar a presença dos outros veículos";"Colisão transversal";"Com Vítimas Feridas";"Plena Noite";"Decrescente";"Céu Claro";"Simples";"Reta;Interseção de Vias";"Sim";3;0;2;0;1;0;2;2;-7,0185995;-37,26078;"SPRF-PB";"DEL03-PB";"UOP01-DEL03-PB"
551981;2023-09-30;"sábado";"16:15:00";"MG";262;446;"NOVA SERRANA";"Desrespeitar a preferência no cruzamento";"Colisão transversal";"Com Vítimas Feridas";"Pleno dia";"Crescente";"Céu Claro";"Simples";"Reta;Interseção de Vias";"Sim";2;0;1;0;1;0;1;2;-19,87514825;-44,95031205;"SPRF-MG";"DEL08-MG";"UOP03-DEL08-MG"
551982;2023-09-30;"sábado";"17:30:00";"MG";381;611,7;"OLIVEIRA";"Ingestão de álcool pelo condutor";"Saída de leito carroçável";"Com Vítimas Feridas";"Pleno dia";"Crescente";"Céu Claro";"Dupla";"Curva";"Não";1;0;1;0;0;0;1;1;-20,71328969;-44,76134722;"SPRF-MG";"DEL04-MG";"UOP01-DEL04-MG"
551984;2023-09-30;"sábado";"19:10:00";"RS";290;21;"SANTO ANTONIO DA PATRULHA";"Ingestão de álcool pelo condutor";"Colisão traseira";"Sem Vítimas";"Plena Noite";"Decrescente";"Céu Claro";"Dupla";"Reta";"Não";2;0;0;0;2;0;0;2;-29,889786;-50,464596;"SPRF-RS";"DEL03-RS";"UOP01-DEL03-RS"
551985;2023-09-30;"sábado";"19:15:00";"DF";70;5;"BRASILIA";"Reação tardia ou ineficiente do condutor";"Colisão traseira";"Sem Vítimas";"Plena Noite";"Decrescente";"Céu Claro";"Dupla";"Reta";"Sim";2;0;0;0;1;1;0;2;-15,794656;-48,096779;"SPRF-DF";"DEL03-DF";"UOP02-DEL03-DF"
551986;2023-09-30;"sábado";"20:20:00";"SC";282;72;"RANCHO QUEIMADO";"Avarias e/ou desgaste excessivo no pneu";"Saída de leito carroçável";"Com Vítimas Feridas";"Plena Noite";"Decrescente";"Chuva";"Simples";"Curva;Declive";"Não";5;0;1;0;4;0;1;1;-27,6837466;-49,10513163;"SPRF-SC";"DEL01-SC";"UOP03-DEL01-SC"
551987;2023-09-30;"sábado";"20:00:00";"MG";116;635,5;"DIVINO";"Animais na Pista";"Atropelamento de Animal";"Com Vítimas Feridas";"Plena Noite";"Decrescente";"Nublado";"Simples";"Reta";"Não";1;0;1;0;0;0;1;1;-20,61446897;-42,21496582;"SPRF-MG";"DEL07-MG";"UOP02-DEL07-MG"
551989;2023-09-30;"sábado";"20:10:00";"SC";101;78,5;"ARAQUARI";"Ausência de reação do condutor";"Saída de leito carroçável";"Sem Vítimas";"Plena Noite";"Crescente";"Chuva";"Múltipla";"Reta";"Não";5;0;0;0;5;0;0;1;-26,57672096;-48,72270551;"SPRF-SC";"DEL03-SC";"UOP02-DEL03-SC"
551991;2023-09-30;"sábado";"20:00:00";"PE";316;24;"ARARIPINA";"Ingestão de álcool pelo condutor";"Colisão transversal";"Com Vítimas Feridas";"Plena Noite";"Decrescente";"Céu Claro";"Simples";"Reta";"Sim";2;0;1;0;1;0;1;2;-7,588004;-40,49662;"SPRF-PE";"DEL05-PE";"UOP02-DEL05-PE"
551992;2023-09-30;"sábado";"21:15:00";"SC";282;70;"RANCHO QUEIMADO";"Chuva";"Saída de leito carroçável";"Com Vítimas Feridas";"Plena Noite";"Decrescente";"Chuva";"Simples";"Curva";"Não";2;0;2;0;0;0;2;1;-27,692705;-49,091351;"SPRF-SC";"DEL01-SC";"UOP03-DEL01-SC"
551993;2023-09-30;"sábado";"19:55:00";"SC";153;109,8;"CONCORDIA";"Ingestão de álcool pelo condutor";"Colisão lateral sentido oposto";"Com Vítimas Feridas";"Plena Noite";"Crescente";"Garoa/Chuvisco";"Simples";"Curva";"Não";4;0;1;0;3;0;1;2;-27,308092;-51,980938;"SPRF-SC";"DEL07-SC";"UOP04-DEL07-SC"
551994;2023-09-30;"sábado";"21:15:00";"MG";381;486,9;"BETIM";"Ingestão de álcool pelo condutor";"Saída de leito carroçável";"Sem Vítimas";"Plena Noite";"Crescente";"Céu Claro";"Múltipla";"Reta";"Sim";1;0;0;0;0;1;0;1;-19,9543592;-44,114099;"SPRF-MG";"DEL01-MG";"UOP03-DEL01-MG"
551995;2023-09-30;"sábado";"20:50:00";"MG";262;368,4;"JUATUBA";"Entrada inopinada do pedestre";"Atropelamento de Pedestre";"Com Vítimas Feridas";"Plena Noite";"Crescente";"Céu Claro";"Simples";"Curva";"Sim";2;0;2;0;0;0;2;2;-19,9608044;-44,34006929;"SPRF-MG";"DEL01-MG";"UOP03-DEL01-MG"
551996;2023-09-30;"sábado";"16:30:00";"GO";153;619,5;"MORRINHOS";"Condutor Dormindo";"Saída de leito carroçável";"Com Vítimas Feridas";"Pleno dia";"Crescente";"Nublado";"Dupla";"Declive";"Não";1;0;0;1;0;0;1;1;-17,7129;-49,1549;"SPRF-GO";"DEL03-GO";"UOP01-DEL03-GO"
551997;2023-09-30;"sábado";"21:15:00";"RN";101;107;"PARNAMIRIM";"Acessar a via sem observar a presença dos outros veículos";"Colisão lateral mesmo sentido";"Com Vítimas Feridas";"Plena Noite";"Decrescente";"Céu Claro";"Dupla";"Reta";"Sim";2;0;1;0;1;0;1;2;-5,91920796;-35,26412409;"SPRF-RN";"DEL01-RN";"UOP01-DEL01-RN"
551999;2023-09-30;"sábado";"20:00:00";"PR";476;118,8;"COLOMBO";"Reação tardia ou ineficiente do condutor";"Colisão com objeto";"Com Vítimas Feridas";"Plena Noite";"Decrescente";"Chuva";"Dupla";"Declive;Reta";"Sim";1;0;1;0;0;0;1;1;-25,36060256;-49,18285668;"SPRF-PR";"DEL01-PR";"UOP01-DEL01-PR"
552000;2023-09-30;"sábado";"20:10:00";"RJ";40;24,7;"TRES RIOS";"Demais falhas mecânicas ou elétricas";"Incêndio";"Sem Vítimas";"Plena Noite";"Crescente";"Céu Claro";"Dupla";"Curva";"Não";2;0;0;0;2;0;0;1;-22,13812601;-43,1592825;"SPRF-RJ";"DEL05-RJ";"UOP02-DEL05-RJ"
552001;2023-09-30;"sábado";"18:39:00";"CE";222;164;"IRAUCUBA";"Transitar na contramão";"Colisão lateral sentido oposto";"Sem Vítimas";"Anoitecer";"Crescente";"Ignorado";"Dupla";"Reta";"Não";2;0;0;0;0;2;0;2;-3,73022624;-39,91092176;"SPRF-CE";"DEL04-CE";"UOP03-DEL04-CE"
552002;2023-09-30;"sábado";"17:20:00";"RJ";40;121;"DUQUE DE CAXIAS";"Demais falhas mecânicas ou elétricas";"Incêndio";"Sem Vítimas";"Pleno dia";"Crescente";"Céu Claro";"Múltipla";"Reta";"Sim";1;0;0;0;1;0;0;1;-22,78185499;-43,28571273;"SPRF-RJ";"DEL01-RJ";"UOP01-DEL01-RJ"
552004;2023-09-30;"sábado";"19:00:00";"SC";280;126;"RIO NEGRINHO";"Condutor deixou de manter distância do veículo da frente";"Colisão traseira";"Sem Vítimas";"Plena Noite";"Crescente";"Chuva";"Simples";"Reta";"Sim";2;0;0;0;2;0;0;2;-26,23779604;-49,49427399;"SPRF-SC";"DEL06-SC";"UOP03-DEL06-SC"
552005;2023-09-30;"sábado";"20:30:00";"PE";428;187;"PETROLINA";"Condutor Dormindo";"Colisão com objeto";"Sem Vítimas";"Plena Noite";"Crescente";"Céu Claro";"Dupla";"Reta";"Sim";1;0;0;0;0;1;0;1;-9,35604301;-40,47854198;"SPRF-PE";"DEL06-PE";"UOP01-DEL06-PE"
552006;2023-09-30;"sábado";"22:20:00";"PI";316;313;"PICOS";"Acessar a via sem observar a presença dos outros veículos";"Colisão transversal";"Com Vítimas Feridas";"Plena Noite";"Crescente";"Céu Claro";"Simples";"Reta";"Sim";4;0;2;0;2;0;2;2;-7,07959049;-41,44975182;"SPRF-PI";"DEL04-PI";"UOP01-DEL04-PI"
552007;2023-09-30;"sábado";"22:00:00";"PR";369;155;"LONDRINA";"Ingestão de álcool pelo condutor";"Colisão traseira";"Sem Vítimas";"Plena Noite";"Decrescente";"Garoa/Chuvisco";"Dupla";"Retorno Regulamentado";"Sim";4;0;0;0;4;0;0;2;-23,29498071;-51,21008098;"SPRF-PR";"DEL07-PR";"UOP01-DEL07-PR"
552008;2023-09-30;"sábado";"19:10:00";"PI";316;10;"TERESINA";"Transitar na contramão";"Colisão lateral sentido oposto";"Com Vítimas Feridas";"Plena Noite";"Crescente";"Céu Claro";"Dupla";"Reta";"Sim";3;0;2;0;0;1;2;2;-5,18280197;-42,76350291;"SPRF-PI";"DEL01-PI";"UOP02-DEL01-PI"
552009;2023-09-30;"sábado";"20:15:00";"AC";364;136;"RIO BRANCO";"Ausência de reação do condutor";"Colisão traseira";"Com Vítimas Feridas";"Plena Noite";"Decrescente";"Céu Claro";"Dupla";"Curva;Declive";"Sim";3;0;0;1;2;0;1;2;-9,97701868;-67,84927726;"SPRF-AC";"DEL01-AC";"UOP01-DEL01-AC"
552010;2023-09-30;"sábado";"21:00:00";"PR";369;162;"CAMBE";"Ausência de reação do condutor";"Saída de leito carroçável";"Com Vítimas Feridas";"Plena Noite";"Crescente";"Nublado";"Dupla";"Declive;Reta";"Não";1;0;1;0;0;0;1;1;-23,294845;-51,269845;"SPRF-PR";"DEL07-PR";"UOP01-DEL07-PR"
552012;2023-09-30;"sábado";"18:50:00";"PB";104;192,9;"ALCANTIL";"Ausência de sinalização";"Colisão traseira";"Sem Vítimas";"Plena Noite";"Crescente";"Céu Claro";"Simples";"Reta";"Sim";3;0;0;0;1;2;0;2;-7,76107074;-36,09318327;"SPRF-PB";"DEL02-PB";"UOP03-DEL02-PB"
552013;2023-09-30;"sábado";"21:20:00";"PB";104;149;"QUEIMADAS";"Ingestão de álcool pelo condutor";"Tombamento";"Com Vítimas Feridas";"Plena Noite";"Decrescente";"Céu Claro";"Simples";"Reta";"Não";1;0;1;0;0;0;1;1;-7,45300306;-35,91331495;"SPRF-PB";"DEL02-PB";"UOP03-DEL02-PB"
552014;2023-09-30;"sábado";"21:40:00";"PR";476;112,7;"COLOMBO";"Velocidade Incompatível";"Colisão lateral sentido oposto";"Sem Vítimas";"Plena Noite";"Crescente";"Chuva";"Simples";"Curva;Aclive";"Não";2;0;0;0;1;1;0;2;-25,31429011;-49,15802479;"SPRF-PR";"DEL01-PR";"UOP01-DEL01-PR"
552016;2023-09-30;"sábado";"18:45:00";"RJ";116;232;"PIRAI";"Curva acentuada";"Queda de ocupante de veículo";"Com Vítimas Feridas";"Plena Noite";"Decrescente";"Céu Claro";"Dupla";"Curva";"Sim";1;0;1;0;0;0;1;1;-22,65604007;-43,83713888;"SPRF-RJ";"DEL07-RJ";"UOP01-DEL07-RJ"
552017;2023-09-30;"sábado";"20:40:00";"MG";40;618;"CONGONHAS";"Ausência de reação do condutor";"Colisão com objeto";"Com Vítimas Feridas";"Plena Noite";"Crescente";"Céu Claro";"Simples";"Reta";"Sim";1;0;1;0;0;0;1;1;-20,5615888;-43,81227278;"SPRF-MG";"DEL05-MG";"UOP02-DEL05-MG"
552018;2023-09-30;"sábado";"21:20:00";"MG";40;623,3;"CONSELHEIRO LAFAIETE";"Animais na Pista";"Atropelamento de Animal";"Com Vítimas Feridas";"Plena Noite";"Crescente";"Nublado";"Simples";"Curva";"Não";1;0;1;0;0;0;1;1;-20,60972913;-43,80703926;"SPRF-MG";"DEL05-MG";"UOP02-DEL05-MG"
552020;2023-09-30;"sábado";"21:50:00";"PR";369;108;"URAI";"Ausência de reação do condutor";"Saída de leito carroçável";"Com Vítimas Feridas";"Pleno dia";"Crescente";"Chuva";"Dupla";"Reta;Declive";"Não";4;0;2;0;2;0;2;1;-23,26405746;-50,78636169;"SPRF-PR";"DEL07-PR";"UOP05-DEL07-PR"
552021;2023-09-30;"sábado";"21:30:00";"RO";319;45;"PORTO VELHO";"Sinalização mal posicionada";"Capotamento";"Com Vítimas Feridas";"Plena Noite";"Decrescente";"Céu Claro";"Simples";"Reta";"Não";1;0;1;0;0;0;1;1;-8,68379899;-63,99440378;"SPRF-RO";"DEL01-RO";"UOP01-DEL01-RO"
552022;2023-09-30;"sábado";"23:15:00";"TO";153;144;"ARAGUAINA";"Ingestão de álcool pelo condutor";"Queda de ocupante de veículo";"Com Vítimas Feridas";"Plena Noite";"Decrescente";"Céu Claro";"Dupla";"Reta;Declive";"Sim";1;0;1;0;0;0;1;1;-7,19662811;-48,23636977;"SPRF-TO";"DEL02-TO";"UOP01-DEL02-TO"
552024;2023-09-30;"sábado";"23:00:00";"PR";277;599;"CASCAVEL";"Transitar na contramão";"Colisão frontal";"Com Vítimas Feridas";"Plena Noite";"Decrescente";"Céu Claro";"Dupla";"Reta";"Não";2;0;1;1;0;0;2;2;-24,996818;-53,516253;"SPRF-PR";"DEL04-PR";"UOP01-DEL04-PR"
552025;2023-09-30;"sábado";"23:35:00";"DF";40;7;"BRASILIA";"Trafegar com motocicleta (ou similar) entre as faixas";"Colisão lateral mesmo sentido";"Com Vítimas Feridas";"Plena Noite";"Decrescente";"Céu Claro";"Dupla";"Reta";"Sim";2;0;1;0;1;0;1;2;-16,038666;-47,979691;"SPRF-DF";"DEL01-DF";"UOP01-DEL01-DF"
552026;2023-09-30;"sábado";"20:00:00";"MA";316;110,5;"SANTA LUZIA DO PARUA";"Ultrapassagem Indevida";"Colisão lateral sentido oposto";"Com Vítimas Feridas";"Plena Noite";"Crescente";"Céu Claro";"Simples";"Reta";"Sim";4;0;2;1;1;0;3;2;-2,4878044;-45,76295301;"SPRF-MA";"DEL02-MA";"UOP02-DEL02-MA"
552027;2023-09-30;"sábado";"23:00:00";"MG";381;454;"BELO HORIZONTE";"Acessar a via sem observar a presença dos outros veículos";"Atropelamento de Pedestre";"Com Vítimas Feridas";"Plena Noite";"Decrescente";"Céu Claro";"Simples";"Reta";"Não";3;0;0;1;1;1;1;2;-19,85593827;-43,89662047;"SPRF-MG";"DEL01-MG";"UOP01-DEL01-MG"
552029;2023-10-01;"domingo";"00:00:00";"GO";414;438;"ANAPOLIS";"Ingestão de álcool pelo condutor";"Queda de ocupante de veículo";"Com Vítimas Feridas";"Plena Noite";"Decrescente";"Céu Claro";"Simples";"Reta;Aclive";"Não";2;0;2;0;0;0;2;1;-16,27247393;-48,94040427;"SPRF-GO";"DEL02-GO";"UOP01-DEL02-GO"
552030;2023-09-30;"sábado";"21:30:00";"RJ";101;390;"RIO DE JANEIRO";"Ausência de reação do condutor";"Saída de leito carroçável";"Com Vítimas Feridas";"Plena Noite";"Crescente";"Nublado";"Múltipla";"Reta";"Não";1;0;0;1;0;0;1;1;-22,89346927;-43,67542992;"SPRF-RJ";"DEL03-RJ";"UOP01-DEL03-RJ"
552031;2023-10-01;"domingo";"01:06:00";"MG";50;34;"ARAGUARI";"Acumulo de água sobre o pavimento";"Saída de leito carroçável";"Com Vítimas Feridas";"Plena Noite";"Crescente";"Chuva";"Dupla";"Reta";"Não";3;0;3;0;0;0;3;1;-18,64695507;-48,13009097;"SPRF-MG";"DEL15-MG";"UOP02-DEL15-MG"
552033;2023-09-30;"sábado";"23:30:00";"MG";50;136,2;"UBERABA";"Chuva";"Saída de leito carroçável";"Com Vítimas Feridas";"Plena Noite";"Crescente";"Chuva";"Dupla";"Reta;Aclive";"Não";1;0;0;1;0;0;1;1;-19,44189098;-48,06412595;"SPRF-MG";"DEL13-MG";"UOP01-DEL13-MG"
552034;2023-09-30;"sábado";"23:00:00";"PR";153;51;"SANTO ANTONIO DA PLATINA";"Acessar a via sem observar a presença dos outros veículos";"Colisão transversal";"Com Vítimas Feridas";"Plena Noite";"Crescente";"Chuva";"Simples";"Reta";"Não";4;0;4;0;0;0;4;2;-23,37173099;-50,06416197;"SPRF-PR";"DEL07-PR";"UOP04-DEL07-PR"
552035;2023-10-01;"domingo";"00:40:00";"SP";116;143;"SAO JOSE DOS CAMPOS";"Chuva";"Colisão com objeto";"Com Vítimas Feridas";"Plena Noite";"Decrescente";"Chuva";"Dupla";"Reta";"Não";2;0;1;0;1;0;1;2;-23,17849879;-45,83787411;"SPRF-SP";"DEL02-SP";"UOP01-DEL02-SP"
552037;2023-10-01;"domingo";"00:30:00";"PI";343;318,3;"ALTOS";"Ingestão de álcool pelo condutor";"Colisão lateral sentido oposto";"Com Vítimas Feridas";"Plena Noite";"Decrescente";"Céu Claro";"Simples";"Reta";"Não";2;0;1;0;1;0;1;2;-5,043957;-42,553181;"SPRF-PI";"DEL01-PI";"UOP01-DEL01-PI"
552038;2023-09-30;"sábado";"22:45:00";"RS";116;75;"CAMPESTRE DA SERRA";"Transitar na contramão";"Colisão frontal";"Com Vítimas Feridas";"Plena Noite";"Crescente";"Céu Claro";"Simples";"Reta";"Não";3;0;2;0;0;1;2;2;-28,76118;-51,09338399;"SPRF-RS";"DEL05-RS";"UOP03-DEL05-RS"
552039;2023-10-01;"domingo";"00:51:00";"ES";101;144,9;"LINHARES";"Ingestão de álcool pelo condutor";"Colisão traseira";"Com Vítimas Feridas";"Plena Noite";"Crescente";"Céu Claro";"Dupla";"Reta";"Sim";3;0;3;0;0;0;3;2;-19,35188295;-40,0636685;"SPRF-ES";"DEL04-ES";"UOP01-DEL04-ES"
552040;2023-10-01;"domingo";"01:15:00";"PR";376;176;"MARINGA";"Ingestão de álcool pelo condutor";"Colisão lateral mesmo sentido";"Com Vítimas Feridas";"Plena Noite";"Crescente";"Céu Claro";"Dupla";"Reta";"Sim";2;0;1;0;1;0;1;2;-23,41269173;-51,93158327;"SPRF-PR";"DEL09-PR";"UOP01-DEL09-PR"
552042;2023-10-01;"domingo";"00:50:00";"PR";376;587,9;"CURITIBA";"Reação tardia ou ineficiente do condutor";"Colisão com objeto";"Sem Vítimas";"Plena Noite";"Crescente";"Garoa/Chuvisco";"Simples";"Reta";"Não";1;0;0;0;0;1;0;1;-25,43339218;-49,36588526;"SPRF-PR";"DEL01-PR";"UOP06-DEL01-PR"
552043;2023-10-01;"domingo";"01:20:00";"MG";365;474;"PATROCINIO";"Reação tardia ou ineficiente do condutor";"Colisão frontal";"Com Vítimas Feridas";"Plena Noite";"Crescente";"Chuva";"Dupla";"Curva";"Sim";4;0;2;0;2;0;2;2;-18,92118495;-47,024216;"SPRF-MG";"DEL10-MG";"UOP01-DEL10-MG"
552046;2023-10-01;"domingo";"03:30:00";"PR";469;15,4;"FOZ DO IGUACU";"Iluminação deficiente";"Colisão com objeto";"Com Vítimas Feridas";"Plena Noite";"Crescente";"Céu Claro";"Simples";"Curva;Em Obras";"Não";1;0;1;0;0;0;1;1;-25,5813;-54,5315;"SPRF-PR";"DEL05-PR";"UOP04-DEL05-PR"
552047;2023-10-01;"domingo";"03:00:00";"PI";343;348,4;"TERESINA";"Ingestão de álcool pelo condutor";"Colisão com objeto";"Sem Vítimas";"Plena Noite";"Crescente";"Céu Claro";"Simples";"Reta";"Não";1;0;0;0;1;0;0;1;-5,118706;-42,786411;"SPRF-PI";"DEL01-PI";"UOP01-DEL01-PI"
552048;2023-10-01;"domingo";"00:30:00";"MG";146;489,9;"POCOS DE CALDAS";"Velocidade Incompatível";"Saída de leito carroçável";"Com Vítimas Feridas";"Plena Noite";"Crescente";"Chuva";"Simples";"Reta";"Não";3;0;3;0;0;0;3;1;-21,807791;-46,477454;"SPRF-MG";"DEL09-MG";"UOP01-DEL09-MG"
552049;2023-10-01;"domingo";"03:40:00";"CE";116;9,8;"FORTALEZA";"Manobra de mudança de faixa";"Colisão lateral mesmo sentido";"Com Vítimas Feridas";"Plena Noite";"Crescente";"Céu Claro";"Dupla";"Reta";"Sim";2;0;1;0;1;0;1;2;-3,82779096;-38,50486117;"SPRF-CE";"DEL01-CE";"UOP02-DEL01-CE"
552050;2023-10-01;"domingo";"04:25:00";"PI";343;348,4;"TERESINA";"Ingestão de álcool pelo condutor";"Colisão com objeto";"Com Vítimas Feridas";"Plena Noite";"Decrescente";"Céu Claro";"Simples";"Reta;Interseção de Vias";"Sim";1;0;1;0;0;0;1;1;-5,118706;-42,786411;"SPRF-PI";"DEL01-PI";"UOP01-DEL01-PI"
552051;2023-10-01;"domingo";"03:00:00";"MG";40;759,4;"JUIZ DE FORA";"Ingestão de álcool pelo condutor";"Colisão com objeto";"Sem Vítimas";"Plena Noite";"Decrescente";"Nublado";"Simples";"Reta";"Não";1;0;0;0;1;0;0;1;-21,520757;-43,52314305;"SPRF-MG";"DEL05-MG";"UOP01-DEL05-MG"
552052;2023-10-01;"domingo";"04:40:00";"SC";101;28;"JOINVILLE";"Reação tardia ou ineficiente do condutor";"Colisão traseira";"Com Vítimas Feridas";"Plena Noite";"Decrescente";"Chuva";"Dupla";"Reta";"Não";2;0;1;0;1;0;1;2;-26,20708302;-48,91468406;"SPRF-SC";"DEL03-SC";"UOP01-DEL03-SC"
552053;2023-10-01;"domingo";"01:10:00";"SC";470;239,4;"SAO CRISTOVAO DO SUL";"Ingestão de álcool pelo condutor";"Saída de leito carroçável";"Sem Vítimas";"Plena Noite";"Decrescente";"Nevoeiro/Neblina";"Simples";"Reta";"Não";2;0;0;0;2;0;0;1;-27,305603;-50,47327;"SPRF-SC";"DEL05-SC";"UOP03-DEL05-SC"
552056;2023-10-01;"domingo";"03:30:00";"PR";369;164,2;"CAMBE";"Ingestão de álcool pelo condutor";"Saída de leito carroçável";"Com Vítimas Feridas";"Plena Noite";"Crescente";"Céu Claro";"Dupla";"Reta";"Não";3;0;2;0;0;1;2;1;-23,295505;-51,284744;"SPRF-PR";"DEL07-PR";"UOP01-DEL07-PR"
552057;2023-10-01;"domingo";"04:30:00";"PR";277;237,8;"IRATI";"Reação tardia ou ineficiente do condutor";"Saída de leito carroçável";"Com Vítimas Feridas";"Plena Noite";"Crescente";"Chuva";"Simples";"Reta;Interseção de Vias";"Não";1;0;1;0;0;0;1;1;-25,45815486;-50,60725451;"SPRF-PR";"DEL08-PR";"UOP02-DEL08-PR"
552058;2023-10-01;"domingo";"04:45:00";"SC";101;28;"JOINVILLE";"Reação tardia ou ineficiente do condutor";"Colisão traseira";"Com Vítimas Feridas";"Plena Noite";"Decrescente";"Chuva";"Dupla";"Reta";"Não";2;0;1;0;1;0;1;2;-26,20702527;-48,91469479;"SPRF-SC";"DEL03-SC";"UOP01-DEL03-SC"
552059;2023-10-01;"domingo";"02:00:00";"SC";470;263;"CURITIBANOS";"Reação tardia ou ineficiente do condutor";"Capotamento";"Com Vítimas Feridas";"Plena Noite";"Decrescente";"Céu Claro";"Simples";"Reta";"Não";1;0;1;0;0;0;1;1;-27,302788;-50,701061;"SPRF-SC";"DEL05-SC";"UOP03-DEL05-SC"
552060;2023-10-01;"domingo";"05:20:00";"SC";280;20;"ARAQUARI";"Ausência de reação do condutor";"Colisão com objeto";"Com Vítimas Feridas";"Plena Noite";"Crescente";"Chuva";"Simples";"Interseção de Vias";"Não";3;0;2;0;1;0;2;1;-26,36990477;-48,68224301;"SPRF-SC";"DEL03-SC";"UOP03-DEL03-SC"
552061;2023-10-01;"domingo";"05:45:00";"MG";40;719,6;"BARBACENA";"Velocidade Incompatível";"Saída de leito carroçável";"Com Vítimas Feridas";"Pleno dia";"Decrescente";"Nublado";"Dupla";"Curva";"Não";2;0;1;0;1;0;1;1;-21,2713795;-43,64890282;"SPRF-MG";"DEL05-MG";"UOP01-DEL05-MG"