"id";"data_inversa";"dia_semana";"horario";"uf";"br";"km";"municipio";"causa_acidente";"tipo_acidente";"classificacao_acidente";"fase_dia";"sentido_via";"condicao_metereologica";"tipo_pista";"tracado_via";"uso_solo";"pessoas";"mortos";"feridos_leves";"feridos_graves";"ilesos";"ignorados";"feridos";"veiculos";"latitude";"longitude";"regional";"delegacia";"uop"
552166;2023-10-01;"domingo";"15:00:00";"MG";40;510,6;"RIBEIRAO DAS NEVES";"Chuva";"Colisão lateral mesmo sentido";"Com Vítimas Feridas";"Pleno dia";"Decrescente";"Chuva";"Dupla";"Reta;Declive";"Não";3;0;0;1;2;0;1;2;-19,77776312;-44,12057173;"SPRF-MG";"DEL01-MG";"UOP02-DEL01-MG"
552169;2023-10-01;"domingo";"15:20:00";"MG";381;498,1;"BETIM";"Ausência de reação do condutor";"Saída de leito carroçável";"Com Vítimas Feridas";"Pleno dia";"Decrescente";"Chuva";"Dupla";"Rotatória;Curva";"Sim";2;0;2;0;0;0;2;1;-20,01172662;-44,21976041;"SPRF-MG";"DEL04-MG";"UOP03-DEL04-MG"
552170;2023-10-01;"domingo";"15:30:00";"PE";101;0,5;"GOIANA";"Ausência de reação do condutor";"Colisão lateral mesmo sentido";"Com Vítimas Feridas";"Pleno dia";"Crescente";"Céu Claro";"Dupla";"Reta";"Não";3;0;1;1;1;0;2;2;-7,5001955;-34,985073;"SPRF-PE";"DEL01-PE";"UOP02-DEL01-PE"
552171;2023-10-01;"domingo";"15:30:00";"MG";381;482,8;"BETIM";"Ausência de reação do condutor";"Colisão com objeto";"Com Vítimas Feridas";"Pleno dia";"Crescente";"Chuva";"Múltipla";"Curva";"Sim";1;0;1;0;0;0;1;1;-19,955532;-44,097209;"SPRF-MG";"DEL01-MG";"UOP03-DEL01-MG"
552172;2023-10-01;"domingo";"11:30:00";"MG";40;771,8;"JUIZ DE FORA";"Velocidade Incompatível";"Colisão com objeto";"Com Vítimas Feridas";"Pleno dia";"Decrescente";"Chuva";"Simples";"Curva";"Sim";3;0;0;2;1;0;2;1;-21,60932712;-43,45892723;"SPRF-MG";"DEL05-MG";"UOP01-DEL05-MG"
552173;2023-10-01;"domingo";"12:08:00";"MG";381;704,6;"LAVRAS";"Reação tardia ou ineficiente do condutor";"Colisão com objeto";"Com Vítimas Feridas";"Pleno dia";"Crescente";"Chuva";"Dupla";"Curva";"Não";2;0;2;0;0;0;2;1;-21,34177704;-45,17643719;"SPRF-MG";"DEL04-MG";"UOP02-DEL04-MG"
552174;2023-10-01;"domingo";"10:30:00";"MG";40;801;"MATIAS BARBOSA";"Manobra de mudança de faixa";"Colisão traseira";"Com Vítimas Feridas";"Pleno dia";"Decrescente";"Chuva";"Dupla";"Declive;Curva";"Não";3;0;1;0;2;0;1;2;-21,83817686;-43,37478518;"SPRF-MG";"DEL05-MG";"UOP01-DEL05-MG"
552175;2023-10-01;"domingo";"12:39:00";"MG";381;636,1;"SANTO ANTONIO DO AMPARO";"Reação tardia ou ineficiente do condutor";"Saída de leito carroçável";"Com Vítimas Feridas";"Pleno dia";"Decrescente";"Chuva";"Dupla";"Curva";"Não";4;0;2;0;2;0;2;1;-20,89141186;-44,8525565;"SPRF-MG";"DEL04-MG";"UOP01-DEL04-MG"
552176;2023-10-01;"domingo";"13:00:00";"RJ";101;148;"MACAE";"Chuva";"Tombamento";"Com Vítimas Feridas";"Pleno dia";"Crescente";"Chuva";"Simples";"Curva";"Não";2;0;2;0;0;0;2;1;-22,2325541;-41,78406897;"SPRF-RJ";"DEL08-RJ";"UOP04-DEL08-RJ"
552177;2023-10-01;"domingo";"16:20:00";"RJ";393;282,9;"VOLTA REDONDA";"Velocidade Incompatível";"Colisão com objeto";"Com Vítimas Feridas";"Pleno dia";"Decrescente";"Chuva";"Simples";"Reta;Declive";"Sim";1;0;1;0;0;0;1;1;-22,48082784;-44,04047201;"SPRF-RJ";"DEL05-RJ";"UOP04-DEL05-RJ"
552178;2023-10-01;"domingo";"14:00:00";"RS";285;402,4;"PANAMBI";"Condutor Dormindo";"Saída de leito carroçável";"Com Vítimas Feridas";"Pleno dia";"Crescente";"Céu Claro";"Simples";"Declive;Reta";"Não";1;0;1;0;0;0;1;1;-28,379646;-53,372883;"SPRF-RS";"DEL10-RS";"UOP02-DEL10-RS"
552179;2023-10-01;"domingo";"15:40:00";"GO";153;511,4;"APARECIDA DE GOIANIA";"Condutor deixou de manter distância do veículo da frente";"Colisão traseira";"Com Vítimas Feridas";"Pleno dia";"Crescente";"Céu Claro";"Dupla";"Reta";"Sim";4;0;1;0;2;1;1;4;-16,8067;-49,2394;"SPRF-GO";"DEL01-GO";"UOP03-DEL01-GO"
552181;2023-10-01;"domingo";"16:35:00";"BA";324;530;"FEIRA DE SANTANA";"Acumulo de óleo sobre o pavimento";"Saída de leito carroçável";"Com Vítimas Feridas";"Pleno dia";"Decrescente";"Chuva";"Dupla";"Declive;Curva";"Sim";1;0;1;0;0;0;1;1;-12,32818491;-38,86174193;"SPRF-BA";"DEL01-BA";"UOP03-DEL01-BA"
552183;2023-10-01;"domingo";"16:30:00";"BA";324;530;"FEIRA DE SANTANA";"Acumulo de óleo sobre o pavimento";"Saída de leito carroçável";"Com Vítimas Feridas";"Pleno dia";"Decrescente";"Chuva";"Dupla";"Declive;Curva";"Sim";3;0;1;0;2;0;1;1;-12,32818491;-38,86174193;"SPRF-BA";"DEL01-BA";"UOP03-DEL01-BA"
552185;2023-10-01;"domingo";"16:40:00";"RJ";40;22;"TRES RIOS";"Chuva";"Colisão com objeto";"Com Vítimas Feridas";"Pleno dia";"Decrescente";"Chuva";"Dupla";"Curva";"Sim";4;0;2;0;2;0;2;1;-22,12244792;-43,1568498;"SPRF-RJ";"DEL05-RJ";"UOP02-DEL05-RJ"
552187;2023-10-01;"domingo";"17:00:00";"RJ";393;283;"VOLTA REDONDA";"Velocidade Incompatível";"Saída de leito carroçável";"Sem Vítimas";"Pleno dia";"Decrescente";"Chuva";"Simples";"Reta";"Sim";1;0;0;0;0;1;0;1;-22,47606388;-44,04976392;"SPRF-RJ";"DEL05-RJ";"UOP04-DEL05-RJ"
552189;2023-10-01;"domingo";"17:00:00";"CE";116;508,8;"BREJO SANTO";"Ingestão de álcool pelo condutor";"Saída de leito carroçável";"Com Vítimas Fatais";"Anoitecer";"Crescente";"Céu Claro";"Simples";"Reta";"Sim";1;1;0;0;0;0;0;1;-7,54032;-39,01173;"SPRF-CE";"DEL05-CE";"UOP03-DEL05-CE"
552191;2023-10-01;"domingo";"15:10:00";"MG";116;780,3;"LEOPOLDINA";"Reação tardia ou ineficiente do condutor";"Saída de leito carroçável";"Com Vítimas Feridas";"Pleno dia";"Crescente";"Nublado";"Simples";"Curva";"Não";3;0;3;0;0;0;3;1;-21,61482397;-42,69263203;"SPRF-MG";"DEL07-MG";"UOP01-DEL07-MG"
552194;2023-10-01;"domingo";"13:45:00";"RO";364;354,6;"JI-PARANA";"Manobra de mudança de faixa";"Colisão frontal";"Com Vítimas Fatais";"Pleno dia";"Decrescente";"Chuva";"Simples";"Reta";"Não";7;1;4;2;0;0;6;2;-10,81618198;-62,01768595;"SPRF-RO";"DEL02-RO";"UOP01-DEL02-RO"
552195;2023-10-01;"domingo";"17:10:00";"MG";381;903,6;"CAMBUI";"Velocidade Incompatível";"Capotamento";"Com Vítimas Feridas";"Anoitecer";"Decrescente";"Chuva";"Dupla";"Curva";"Não";1;0;1;0;0;0;1;1;-22,68185904;-46,10140424;"SPRF-MG";"DEL16-MG";"UOP03-DEL16-MG"
552198;2023-10-01;"domingo";"17:00:00";"MG";40;732,6;"SANTOS DUMONT";"Velocidade Incompatível";"Saída de leito carroçável";"Com Vítimas Feridas";"Pleno dia";"Crescente";"Chuva";"Dupla";"Declive;Curva";"Não";1;0;1;0;0;0;1;1;-21,34762119;-43,58122534;"SPRF-MG";"DEL05-MG";"UOP01-DEL05-MG"
552200;2023-10-01;"domingo";"10:50:00";"MG";262;593;"CAMPOS ALTOS";"Chuva";"Saída de leito carroçável";"Com Vítimas Feridas";"Pleno dia";"Crescente";"Chuva";"Simples";"Aclive;Curva";"Não";1;0;1;0;0;0;1;1;-19,65681404;-46,17794037;"SPRF-MG";"DEL08-MG";"UOP02-DEL08-MG"
552201;2023-10-01;"domingo";"17:26:00";"PR";376;109;"CURITIBA";"Carga excessiva e/ou mal acondicionada";"Tombamento";"Com Vítimas Feridas";"Anoitecer";"Decrescente";"Sol";"Dupla";"Reta";"Não";1;0;1;0;0;0;1;1;-25,56588478;-49,24445629;"SPRF-PR";"DEL09-PR";"UOP02-DEL09-PR"
552202;2023-10-01;"domingo";"18:05:00";"SE";101;156;"ESTANCIA";"Afundamento ou ondulação no pavimento";"Tombamento";"Com Vítimas Feridas";"Plena Noite";"Crescente";"Céu Claro";"Simples";"Reta;Aclive";"Não";2;0;0;1;0;1;1;2;-11,2859163;-37,45833996;"SPRF-SE";"DEL02-SE";"UOP01-DEL02-SE"
552204;2023-10-01;"domingo";"14:20:00";"SC";282;535,2;"CHAPECO";"Acumulo de óleo sobre o pavimento";"Tombamento";"Com Vítimas Feridas";"Pleno dia";"Crescente";"Céu Claro";"Simples";"Interseção de Vias;Rotatória";"Não";1;0;1;0;0;0;1;1;-26,99944837;-52,64613748;"SPRF-SC";"DEL07-SC";"UOP01-DEL07-SC"
552205;2023-10-01;"domingo";"18:00:00";"PB";101;81;"BAYEUX";"Ultrapassagem Indevida";"Colisão lateral mesmo sentido";"Com Vítimas Feridas";"Pleno dia";"Crescente";"Céu Claro";"Dupla";"Reta";"Sim";2;0;1;0;0;1;1;2;-7,12508575;-34,94513217;"SPRF-PB";"DEL01-PB";"UOP01-DEL01-PB"
552206;2023-10-01;"domingo";"18:30:00";"SP";116;226,6;"GUARULHOS";"Demais falhas mecânicas ou elétricas";"Queda de ocupante de veículo";"Com Vítimas Feridas";"Anoitecer";"Decrescente";"Céu Claro";"Múltipla";"Reta";"Sim";1;0;1;0;0;0;1;1;-23,49102507;-46,54878195;"SPRF-SP";"DEL01-SP";"UOP01-DEL01-SP"
552208;2023-10-01;"domingo";"17:10:00";"MS";163;491;"CAMPO GRANDE";"Reação tardia ou ineficiente do condutor";"Colisão traseira";"Com Vítimas Feridas";"Anoitecer";"Decrescente";"Céu Claro";"Simples";"Reta";"Sim";4;0;1;0;3;0;1;2;-20,38916423;-54,55042362;"SPRF-MS";"DEL01-MS";"UOP02-DEL01-MS"
552209;2023-10-01;"domingo";"18:02:00";"PB";230;109;"INGA";"Ausência de reação do condutor";"Saída de leito carroçável";"Com Vítimas Feridas";"Anoitecer";"Crescente";"Céu Claro";"Dupla";"Reta";"Não";4;0;2;0;2;0;2;1;-7,2026;-35,5573;"SPRF-PB";"DEL01-PB";"UOP03-DEL01-PB"
552210;2023-10-01;"domingo";"18:30:00";"SE";235;105,3;"CARIRA";"Condutor deixou de manter distância do veículo da frente";"Colisão traseira";"Com Vítimas Feridas";"Plena Noite";"Decrescente";"Céu Claro";"Simples";"Reta;Declive";"Não";2;0;0;1;1;0;1;2;-10,37863289;-37,68490255;"SPRF-SE";"DEL01-SE";"UOP02-DEL01-SE"
552212;2023-10-01;"domingo";"18:00:00";"SP";116;74;"APARECIDA";"Manobra de mudança de faixa";"Colisão lateral mesmo sentido";"Com Vítimas Feridas";"Plena Noite";"Crescente";"Chuva";"Dupla";"Reta";"Não";2;0;1;0;1;0;1;2;-22,87353809;-45,25320023;"SPRF-SP";"DEL08-SP";"UOP01-DEL08-SP"
552213;2023-10-01;"domingo";"18:40:00";"MG";365;645;"UBERLANDIA";"Acumulo de água sobre o pavimento";"Colisão traseira";"Com Vítimas Feridas";"Anoitecer";"Decrescente";"Chuva";"Dupla";"Reta";"Não";5;0;1;0;4;0;1;3;-18,87775999;-48,512251;"SPRF-MG";"DEL15-MG";"UOP01-DEL15-MG"
552214;2023-10-01;"domingo";"19:20:00";"RS";285;292;"PASSO FUNDO";"Ingestão de álcool pelo condutor";"Colisão traseira";"Sem Vítimas";"Plena Noite";"Crescente";"Céu Claro";"Simples";"Interseção de Vias";"Sim";2;0;0;0;2;0;0;2;-28,239017;-52,365276;"SPRF-RS";"DEL08-RS";"UOP03-DEL08-RS"
552215;2023-10-01;"domingo";"19:00:00";"MG";262;384;"MATEUS LEME";"Ausência de reação do condutor";"Saída de leito carroçável";"Sem Vítimas";"Plena Noite";"Crescente";"Nublado";"Dupla";"Reta;Declive";"Não";4;0;0;0;4;0;0;1;-19,93073825;-44,41148997;"SPRF-MG";"DEL01-MG";"UOP03-DEL01-MG"
552216;2023-10-01;"domingo";"18:46:00";"PE";407;116,3;"PETROLINA";"Manobra de mudança de faixa";"Colisão frontal";"Com Vítimas Fatais";"Plena Noite";"Decrescente";"Chuva";"Simples";"Reta";"Não";2;1;0;0;0;1;0;2;-9,313899;-40,57385;"SPRF-PE";"DEL06-PE";"UOP01-DEL06-PE"
552217;2023-10-01;"domingo";"19:15:00";"GO";153;514,3;"APARECIDA DE GOIANIA";"Ausência de reação do condutor";"Atropelamento de Animal";"Com Vítimas Feridas";"Plena Noite";"Decrescente";"Céu Claro";"Múltipla";"Reta";"Sim";1;0;1;0;0;0;1;1;-16,8315;-49,2434;"SPRF-GO";"DEL01-GO";"UOP03-DEL01-GO"
552218;2023-10-01;"domingo";"16:20:00";"PR";277;379,8;"CANDOI";"Condutor deixou de manter distância do veículo da frente";"Colisão traseira";"Com Vítimas Feridas";"Pleno dia";"Decrescente";"Céu Claro";"Simples";"Declive;Reta";"Não";6;0;2;0;4;0;2;2;-25,42018;-51,78399;"SPRF-PR";"DEL08-PR";"UOP01-DEL08-PR"
552219;2023-10-01;"domingo";"18:40:00";"PE";104;43,5;"CARUARU";"Ingestão de álcool pelo condutor";"Colisão lateral sentido oposto";"Sem Vítimas";"Plena Noite";"Decrescente";"Céu Claro";"Dupla";"Declive;Reta";"Sim";4;0;0;0;3;1;0;4;-8,1133;-36,0155;"SPRF-PE";"DEL02-PE";"UOP01-DEL02-PE"
552220;2023-10-01;"domingo";"19:30:00";"RS";101;2,5;"TORRES";"Ausência de reação do condutor";"Tombamento";"Com Vítimas Feridas";"Plena Noite";"Crescente";"Nublado";"Simples";"Curva";"Não";1;0;1;0;0;0;1;1;-29,316784;-49,774467;"SPRF-RS";"DEL03-RS";"UOP02-DEL03-RS"
552221;2023-10-01;"domingo";"18:50:00";"MG";153;183;"FRUTAL";"Pista Escorregadia";"Saída de leito carroçável";"Sem Vítimas";"Plena Noite";"Crescente";"Chuva";"Simples";"Declive";"Não";1;0;0;0;0;1;0;1;-19,88094003;-48,97505084;"SPRF-MG";"DEL13-MG";"UOP02-DEL13-MG"
552223;2023-10-01;"domingo";"18:48:00";"PE";423;55;"LAJEDO";"Transitar na contramão";"Colisão frontal";"Com Vítimas Fatais";"Plena Noite";"Crescente";"Céu Claro";"Simples";"Reta";"Não";3;2;0;0;0;1;0;2;-8,61537298;-36,29867707;"SPRF-PE";"DEL03-PE";"UOP01-DEL03-PE"
552224;2023-10-01;"domingo";"18:00:00";"PE";316;334,8;"FLORESTA";"Animais na Pista";"Atropelamento de Animal";"Com Vítimas Feridas";"Pleno dia";"Crescente";"Céu Claro";"Simples";"Reta";"Não";5;0;1;2;2;0;3;1;-8,76232433;-38,37693312;"SPRF-PE";"DEL04-PE";"UOP03-DEL04-PE"
552225;2023-10-01;"domingo";"19:30:00";"AL";104;36,8;"UNIAO DOS PALMARES";"Ingestão de álcool pelo condutor";"Atropelamento de Pedestre";"Com Vítimas Feridas";"Plena Noite";"Decrescente";"Céu Claro";"Simples";"Reta";"Não";2;0;2;0;0;0;2;2;-9,16859247;-36,02287647;"SPRF-AL";"DEL01-AL";"UOP02-DEL01-AL"
552226;2023-10-01;"domingo";"19:35:00";"AL";104;36,8;"UNIAO DOS PALMARES";"Deficiência do Sistema de Iluminação/Sinalização";"Colisão com objeto";"Com Vítimas Feridas";"Plena Noite";"Decrescente";"Céu Claro";"Simples";"Reta";"Não";2;0;2;0;0;0;2;2;-9,1616676;-36,01701171;"SPRF-AL";"DEL01-AL";"UOP02-DEL01-AL"
552227;2023-10-01;"domingo";"17:20:00";"MG";40;645,4;"CRISTIANO OTONI";"Reação tardia ou ineficiente do condutor";"Saída de leito carroçável";"Com Vítimas Feridas";"Pleno dia";"Decrescente";"Garoa/Chuvisco";"Simples";"Declive;Reta";"Não";1;0;1;0;0;0;1;1;-20,790588;-43,810559;"SPRF-MG";"DEL05-MG";"UOP02-DEL05-MG"
552228;2023-10-01;"domingo";"19:20:00";"GO";60;62;"ABADIANIA";"Pista Escorregadia";"Saída de leito carroçável";"Com Vítimas Feridas";"Plena Noite";"Decrescente";"Garoa/Chuvisco";"Dupla";"Curva";"Sim";1;0;1;0;0;0;1;1;-16,1881;-48,7205;"SPRF-GO";"DEL02-GO";"UOP01-DEL02-GO"
552229;2023-10-01;"domingo";"20:00:00";"RJ";116;27;"SAPUCAIA";"Velocidade Incompatível";"Tombamento";"Com Vítimas Feridas";"Plena Noite";"Crescente";"Chuva";"Simples";"Curva";"Não";1;0;1;0;0;0;1;1;-22,05084092;-42,78853;"SPRF-RJ";"DEL05-RJ";"UOP01-DEL05-RJ"
552232;2023-10-01;"domingo";"18:40:00";"PE";428;94;"SANTA MARIA DA BOA VISTA";"Animais na Pista";"Atropelamento de Animal";"Com Vítimas Feridas";"Plena Noite";"Crescente";"Céu Claro";"Simples";"Reta";"Não";5;0;5;0;0;0;5;1;-8,81058587;-39,91203508;"SPRF-PE";"DEL06-PE";"UOP03-DEL06-PE"
552235;2023-10-01;"domingo";"20:00:00";"MG";50;8,2;"ARAGUARI";"Chuva";"Colisão com objeto";"Com Vítimas Feridas";"Plena Noite";"Crescente";"Chuva";"Dupla";"Reta;Declive";"Não";2;0;2;0;0;0;2;1;-18,48857586;-48,04613852;"SPRF-MG";"DEL15-MG";"UOP02-DEL15-MG"
552236;2023-10-01;"domingo";"20:30:00";"SE";235;99;"CARIRA";"Transitar no Acostamento";"Atropelamento de Pedestre";"Com Vítimas Feridas";"Plena Noite";"Decrescente";"Céu Claro";"Simples";"Reta";"Sim";3;0;0;1;1;1;1;2;-10,428057;-37,676685;"SPRF-SE";"DEL01-SE";"UOP02-DEL01-SE"
552237;2023-10-01;"domingo";"15:35:00";"AL";101;75;"MESSIAS";"Fumaça";"Engavetamento";"Sem Vítimas";"Pleno dia";"Crescente";"Céu Claro";"Dupla";"Curva";"Não";3;0;0;0;2;1;0;3;-9,40436484;-35,83998111;"SPRF-AL";"DEL01-AL";"UOP01-DEL01-AL"
552238;2023-10-01;"domingo";"18:00:00";"RJ";40;38,7;"AREAL";"Velocidade Incompatível";"Saída de leito carroçável";"Com Vítimas Feridas";"Anoitecer";"Decrescente";"Chuva";"Dupla";"Curva";"Não";2;0;0;2;0;0;2;1;-22,22751025;-43,11963242;"SPRF-RJ";"DEL05-RJ";"UOP02-DEL05-RJ"
552239;2023-10-01;"domingo";"19:50:00";"MG";381;923;"CAMANDUCAIA";"Velocidade Incompatível";"Saída de leito carroçável";"Com Vítimas Feridas";"Plena Noite";"Decrescente";"Chuva";"Dupla";"Curva";"Não";2;0;1;0;1;0;1;1;-22,7671484;-46,22667493;"SPRF-MG";"DEL16-MG";"UOP03-DEL16-MG"
552240;2023-10-01;"domingo";"19:40:00";"AL";104;36,8;"UNIAO DOS PALMARES";"Ingestão de álcool pelo condutor";"Colisão com objeto";"Com Vítimas Feridas";"Plena Noite";"Decrescente";"Céu Claro";"Simples";"Reta";"Sim";5;0;2;0;3;0;2;2;-9,16859247;-36,02287647;"SPRF-AL";"DEL01-AL";"UOP02-DEL01-AL"
552241;2023-10-01;"domingo";"18:50:00";"RS";470;157,6;"NOVA PRATA";"Conversão proibida";"Colisão lateral mesmo sentido";"Com Vítimas Feridas";"Plena Noite";"Crescente";"Céu Claro";"Simples";"Reta";"Sim";2;0;1;0;1;0;1;2;-28,79507068;-51,61584453;"SPRF-RS";"DEL06-RS";"UOP02-DEL06-RS"
552242;2023-10-01;"domingo";"02:00:00";"PI";407;476;"JAICOS";"Reação tardia ou ineficiente do condutor";"Saída de leito carroçável";"Com Vítimas Feridas";"Pleno dia";"Decrescente";"Céu Claro";"Simples";"Declive;Reta";"Não";1;0;1;0;0;0;1;1;-7,41294771;-41,18581832;"SPRF-PI";"DEL04-PI";"UOP01-DEL04-PI"
552243;2023-10-01;"domingo";"20:00:00";"CE";222;4,5;"CAUCAIA";"Condutor deixou de manter distância do veículo da frente";"Colisão traseira";"Com Vítimas Feridas";"Plena Noite";"Crescente";"Céu Claro";"Dupla";"Reta";"Sim";3;0;1;0;2;0;1;2;-3,74164754;-38,60449792;"SPRF-CE";"DEL01-CE";"UOP01-DEL01-CE"
552244;2023-10-01;"domingo";"18:50:00";"PE";232;330;"CUSTODIA";"Animais na Pista";"Tombamento";"Com Vítimas Feridas";"Plena Noite";"Decrescente";"Céu Claro";"Simples";"Reta";"Sim";1;0;0;1;0;0;1;1;-8,09012961;-37,60830897;"SPRF-PE";"DEL04-PE";"UOP02-DEL04-PE"
552245;2023-10-01;"domingo";"17:00:00";"MG";381;527;"BRUMADINHO";"Acumulo de água sobre o pavimento";"Saída de leito carroçável";"Com Vítimas Feridas";"Pleno dia";"Crescente";"Chuva";"Dupla";"Curva";"Não";1;0;1;0;0;0;1;1;-20,16283256;-44,35072739;"SPRF-MG";"DEL04-MG";"UOP03-DEL04-MG"
552246;2023-10-01;"domingo";"19:15:00";"MG";116;735,4;"LARANJAL";"Chuva";"Saída de leito carroçável";"Com Vítimas Feridas";"Plena Noite";"Crescente";"Chuva";"Simples";"Declive;Curva";"Não";1;0;1;0;0;0;1;1;-21,36045358;-42,47029066;"SPRF-MG";"DEL07-MG";"UOP02-DEL07-MG"
552247;2023-10-01;"domingo";"14:10:00";"PB";104;96;"ESPERANCA";"Reação tardia ou ineficiente do condutor";"Colisão lateral sentido oposto";"Com Vítimas Feridas";"Pleno dia";"Crescente";"Céu Claro";"Simples";"Reta";"Sim";3;0;1;0;2;0;1;2;-7,01186036;-35,85589407;"SPRF-PB";"DEL02-PB";"UOP04-DEL02-PB"
552248;2023-10-01;"domingo";"19:40:00";"RJ";40;29;"TRES RIOS";"Chuva";"Colisão com objeto";"Sem Vítimas";"Plena Noite";"Decrescente";"Chuva";"Dupla";"Reta";"Não";1;0;0;0;1;0;0;1;-22,17756692;-43,16802216;"SPRF-RJ";"DEL05-RJ";"UOP02-DEL05-RJ"
552249;2023-10-01;"domingo";"18:03:00";"RJ";116;243;"PIRAI";"Velocidade Incompatível";"Capotamento";"Com Vítimas Feridas";"Plena Noite";"Crescente";"Chuva";"Dupla";"Reta";"Não";1;0;1;0;0;0;1;1;-22,63023454;-43,91033921;"SPRF-RJ";"DEL07-RJ";"UOP01-DEL07-RJ"
552251;2023-10-01;"domingo";"21:00:00";"RN";405;149,8;"PAU DOS FERROS";"Ingestão de álcool pelo condutor";"Colisão com objeto";"Sem Vítimas";"Plena Noite";"Decrescente";"Céu Claro";"Simples";"Reta";"Sim";3;0;0;0;3;0;0;3;-6,09699302;-38,2075711;"SPRF-RN";"DEL04-RN";"UOP02-DEL04-RN"
552252;2023-10-01;"domingo";"21:10:00";"RN";101;124,6;"SAO JOSE DE MIPIBU";"Transitar na contramão";"Colisão frontal";"Com Vítimas Fatais";"Plena Noite";"Crescente";"Céu Claro";"Dupla";"Reta";"Sim";3;1;0;2;0;0;2;2;-6,06166101;-35,24094602;"SPRF-RN";"DEL01-RN";"UOP01-DEL01-RN"
552255;2023-10-01;"domingo";"20:25:00";"BA";116;319,7;"ARACI";"Acessar a via sem observar a presença dos outros veículos";"Colisão transversal";"Com Vítimas Feridas";"Plena Noite";"Decrescente";"Céu Claro";"Simples";"Reta";"Não";3;0;1;2;0;0;3;2;-11,32295708;-38,94963686;"SPRF-BA";"DEL02-BA";"UOP01-DEL02-BA"
552257;2023-10-01;"domingo";"17:00:00";"MA";10;371,1;"ITINGA DO MARANHAO";"Manobra de mudança de faixa";"Colisão frontal";"Com Vítimas Fatais";"Anoitecer";"Crescente";"Céu Claro";"Simples";"Reta";"Não";3;2;0;0;1;0;0;2;-4,505193;-47,507431;"SPRF-MA";"DEL04-MA";"UOP03-DEL04-MA"
552258;2023-10-01;"domingo";"21:00:00";"RS";116;218;"MORRO REUTER";"Reação tardia ou ineficiente do condutor";"Colisão com objeto";"Com Vítimas Feridas";"Plena Noite";"Crescente";"Céu Claro";"Simples";"Reta";"Não";1;0;1;0;0;0;1;1;-29,55121993;-51,08906202;"SPRF-RS";"DEL05-RS";"UOP02-DEL05-RS"
552260;2023-09-11;"segunda-feira";"19:28:00";"SP";116;211;"GUARULHOS";"Manobra de mudança de faixa";"Colisão traseira";"Com Vítimas Feridas";"Plena Noite";"Decrescente";"Ignorado";"Múltipla";"Declive";"Não";2;0;1;0;0;1;1;2;-23,4324306;-46,4194352;"SPRF-SP";"DEL01-SP";"UOP01-DEL01-SP"
552261;2023-10-01;"domingo";"21:36:00";"DF";20;12;"BRASILIA";"Condutor deixou de manter distância do veículo da frente";"Colisão traseira";"Com Vítimas Feridas";"Plena Noite";"Decrescente";"Chuva";"Dupla";"Reta";"Sim";3;0;1;0;2;0;1;2;-15,642812;-47,757786;"SPRF-DF";"DEL02-DF";"UOP01-DEL02-DF"
552262;2023-10-01;"domingo";"21:00:00";"RS";468;74,8;"CAMPO NOVO";"Ingestão de álcool pelo condutor";"Colisão lateral sentido oposto";"Sem Vítimas";"Plena Noite";"Decrescente";"Céu Claro";"Simples";"Reta";"Não";2;0;0;0;2;0;0;2;-27,67787124;-53,84962121;"SPRF-RS";"DEL08-RS";"UOP02-DEL08-RS"
552263;2023-09-16;"sábado";"16:25:00";"BA";116;462;"SANTO ESTEVAO";"Ingestão de álcool pelo condutor";"Colisão traseira";"Sem Vítimas";"Pleno dia";"Crescente";"Sol";"Dupla";"Reta";"Sim";2;0;0;0;2;0;0;2;-12,435528;-39,221752;"SPRF-BA";"DEL02-BA";"UOP01-DEL02-BA"
552264;2023-10-01;"domingo";"19:40:00";"SC";282;1,3;"FLORIANOPOLIS";"Condutor deixou de manter distância do veículo da frente";"Colisão traseira";"Com Vítimas Feridas";"Anoitecer";"Decrescente";"Céu Claro";"Múltipla";"Reta";"Sim";3;0;0;1;1;1;1;2;-27,602955;-48,580509;"SPRF-SC";"DEL01-SC";"UOP01-DEL01-SC"
552265;2023-10-01;"domingo";"18:00:00";"MS";267;34;"BATAGUASSU";"Transitar na contramão";"Colisão frontal";"Com Vítimas Fatais";"Plena Noite";"Crescente";"Nublado";"Simples";"Interseção de Vias;Curva";"Não";4;1;0;3;0;0;3;2;-21,74042791;-52,46505607;"SPRF-MS";"DEL02-MS";"UOP04-DEL02-MS"
552266;2023-10-01;"domingo";"20:30:00";"MG";116;515,8;"UBAPORANGA";"Condutor deixou de manter distância do veículo da frente";"Colisão traseira";"Com Vítimas Feridas";"Plena Noite";"Decrescente";"Chuva";"Simples";"Reta";"Não";3;0;1;0;2;0;1;2;-19,68778501;-42,11758577;"SPRF-MG";"DEL06-MG";"UOP02-DEL06-MG"
552267;2023-10-01;"domingo";"19:30:00";"MG";153;182;"FRUTAL";"Reação tardia ou ineficiente do condutor";"Saída de leito carroçável";"Sem Vítimas";"Plena Noite";"Decrescente";"Chuva";"Simples";"Reta";"Não";1;0;0;0;0;1;0;1;-19,87197386;-48,97350839;"SPRF-MG";"DEL13-MG";"UOP02-DEL13-MG"
552268;2023-10-01;"domingo";"22:30:00";"MG";262;803;"UBERABA";"Pista Escorregadia";"Tombamento";"Com Vítimas Feridas";"Plena Noite";"Decrescente";"Chuva";"Dupla";"Curva";"Sim";2;0;2;0;0;0;2;1;-19,77509606;-47,97201785;"SPRF-MG";"DEL13-MG";"UOP01-DEL13-MG"