"id";"data_inversa";"dia_semana";"horario";"uf";"br";"km";"municipio";"causa_acidente";"tipo_acidente";"classificacao_acidente";"fase_dia";"sentido_via";"condicao_metereologica";"tipo_pista";"tracado_via";"uso_solo";"pessoas";"mortos";"feridos_leves";"feridos_graves";"ilesos";"ignorados";"feridos";"veiculos";"latitude";"longitude";"regional";"delegacia";"uop"
552379;2023-10-02;"segunda-feira";"09:25:00";"BA";324;5;"FEIRA DE SANTANA";"Ausência de reação do condutor";"Queda de ocupante de veículo";"Com Vítimas Feridas";"Pleno dia";"Crescente";"Céu Claro";"Dupla";"Reta";"Sim";1;0;1;0;0;0;1;1;-12,267113;-38,966988;"SPRF-BA";"DEL02-BA";"UOP01-DEL02-BA"
552380;2023-10-02;"segunda-feira";"07:40:00";"SC";101;44,5;"JOINVILLE";"Reação tardia ou ineficiente do condutor";"Queda de ocupante de veículo";"Com Vítimas Feridas";"Pleno dia";"Decrescente";"Nublado";"Dupla";"Interseção de Vias";"Não";1;0;1;0;0;0;1;1;-26,31238996;-48,87458997;"SPRF-SC";"DEL03-SC";"UOP01-DEL03-SC"
552381;2023-10-02;"segunda-feira";"08:15:00";"SC";101;328;"CAPIVARI DE BAIXO";"Reação tardia ou ineficiente do condutor";"Colisão lateral mesmo sentido";"Com Vítimas Feridas";"Pleno dia";"Crescente";"Sol";"Dupla";"Reta;Aclive";"Não";2;0;1;0;1;0;1;2;-28,43648094;-48,95989307;"SPRF-SC";"DEL02-SC";"UOP01-DEL02-SC"
552382;2023-06-04;"domingo";"18:30:00";"SC";470;166,6;"POUSO REDONDO";"Reação tardia ou ineficiente do condutor";"Saída de leito carroçável";"Com Vítimas Feridas";"Plena Noite";"Crescente";"Céu Claro";"Simples";"Reta;Declive";"Não";2;0;0;1;1;0;1;1;-27,27179615;-49,859519;"SPRF-SC";"DEL04-SC";"UOP02-DEL04-SC"
552383;2023-10-02;"segunda-feira";"09:48:00";"ES";101;386,5;"RIO NOVO DO SUL";"Ausência de reação do condutor";"Saída de leito carroçável";"Com Vítimas Feridas";"Pleno dia";"Crescente";"Céu Claro";"Simples";"Curva";"Não";2;0;0;1;0;1;1;2;-20,84937594;-40,87581007;"SPRF-ES";"DEL03-ES";"UOP01-DEL03-ES"
552384;2023-10-02;"segunda-feira";"07:00:00";"SC";101;1,1;"ARARANGUA";"Ausência de reação do condutor";"Saída de leito carroçável";"Sem Vítimas";"Amanhecer";"Decrescente";"Céu Claro";"Simples";"Rotatória";"Não";1;0;0;0;0;1;0;1;-28,9356;-49,4864;"SPRF-SC";"DEL02-SC";"UOP02-DEL02-SC"
552385;2023-10-02;"segunda-feira";"09:55:00";"GO";153;491;"GOIANIA";"Acumulo de óleo sobre o pavimento";"Colisão com objeto";"Com Vítimas Feridas";"Pleno dia";"Crescente";"Céu Claro";"Simples";"Curva;Interseção de Vias";"Sim";2;0;1;0;1;0;1;1;-16,639;-49,2063;"SPRF-GO";"DEL01-GO";"UOP01-DEL01-GO"
552387;2023-10-02;"segunda-feira";"09:30:00";"PE";101;54,9;"PAULISTA";"Trafegar com motocicleta (ou similar) entre as faixas";"Colisão lateral mesmo sentido";"Com Vítimas Feridas";"Pleno dia";"Crescente";"Céu Claro";"Dupla";"Reta";"Não";2;0;0;1;0;1;1;2;-7,94806621;-34,9062148;"SPRF-PE";"DEL01-PE";"UOP02-DEL01-PE"
552388;2023-10-02;"segunda-feira";"06:42:00";"GO";452;8;"RIO VERDE";"Reação tardia ou ineficiente do condutor";"Colisão traseira";"Com Vítimas Feridas";"Pleno dia";"Decrescente";"Céu Claro";"Simples";"Aclive";"Não";5;0;2;1;2;0;3;2;-17,82421698;-50,83685499;"SPRF-GO";"DEL04-GO";"UOP01-DEL04-GO"
552390;2023-10-02;"segunda-feira";"09:40:00";"RN";101;94,4;"NATAL";"Condutor deixou de manter distância do veículo da frente";"Colisão traseira";"Com Vítimas Feridas";"Pleno dia";"Decrescente";"Sol";"Múltipla";"Reta";"Sim";2;0;1;0;1;0;1;2;-5,83098725;-35,21169662;"SPRF-RN";"DEL01-RN";"UOP01-DEL01-RN"
552391;2023-10-02;"segunda-feira";"10:17:00";"PB";230;23,8;"JOAO PESSOA";"Manobra de mudança de faixa";"Colisão lateral mesmo sentido";"Com Vítimas Feridas";"Pleno dia";"Decrescente";"Sol";"Dupla";"Em Obras;Interseção de Vias;Curva;Desvio Temporário";"Sim";4;0;2;0;2;0;2;2;-7,16783355;-34,86403813;"SPRF-PB";"DEL01-PB";"UOP01-DEL01-PB"
552393;2023-10-02;"segunda-feira";"07:30:00";"RJ";101;296;"ITABORAI";"Condutor Dormindo";"Colisão lateral mesmo sentido";"Com Vítimas Feridas";"Pleno dia";"Decrescente";"Nublado";"Dupla";"Reta";"Sim";3;0;1;0;2;0;1;1;-22,7670498;-42,91019601;"SPRF-RJ";"DEL02-RJ";"UOP02-DEL02-RJ"
552395;2023-10-02;"segunda-feira";"08:10:00";"PR";153;11,5;"JACAREZINHO";"Reação tardia ou ineficiente do condutor";"Colisão transversal";"Com Vítimas Feridas";"Pleno dia";"Decrescente";"Céu Claro";"Simples";"Reta";"Não";2;0;1;0;1;0;1;2;-23,08444598;-49,93636609;"SPRF-PR";"DEL07-PR";"UOP04-DEL07-PR"
552396;2023-10-02;"segunda-feira";"10:15:00";"AL";104;26,9;"UNIAO DOS PALMARES";"Avarias e/ou desgaste excessivo no pneu";"Colisão frontal";"Com Vítimas Feridas";"Pleno dia";"Crescente";"Céu Claro";"Simples";"Curva";"Não";4;0;3;1;0;0;4;3;-9,1067628;-36,05271491;"SPRF-AL";"DEL01-AL";"UOP02-DEL01-AL"
552398;2023-09-16;"sábado";"13:30:00";"MT";70;589;"POCONE";"Velocidade Incompatível";"Queda de ocupante de veículo";"Com Vítimas Feridas";"Pleno dia";"Decrescente";"Céu Claro";"Simples";"Em Obras;Reta;Declive";"Não";1;0;1;0;0;0;1;1;-15,78702094;-56,63928103;"SPRF-MT";"DEL03-MT";"UOP02-DEL03-MT"
552399;2023-10-02;"segunda-feira";"10:00:00";"MG";40;532,2;"BELO HORIZONTE";"Manobra de mudança de faixa";"Colisão lateral mesmo sentido";"Com Vítimas Feridas";"Pleno dia";"Crescente";"Céu Claro";"Dupla";"Declive;Reta";"Sim";3;0;2;0;1;0;2;2;-19,9240327;-44,01660562;"SPRF-MG";"DEL01-MG";"UOP02-DEL01-MG"
552400;2023-10-02;"segunda-feira";"10:40:00";"PE";101;42,6;"IGARASSU";"Velocidade Incompatível";"Colisão transversal";"Com Vítimas Feridas";"Pleno dia";"Crescente";"Sol";"Múltipla";"Reta;Interseção de Vias;Retorno Regulamentado";"Sim";2;0;1;0;1;0;1;2;-7,83887431;-34,91196739;"SPRF-PE";"DEL01-PE";"UOP02-DEL01-PE"
552404;2023-10-02;"segunda-feira";"11:50:00";"SC";480;129,1;"CHAPECO";"Ausência de reação do condutor";"Saída de leito carroçável";"Com Vítimas Feridas";"Pleno dia";"Crescente";"Céu Claro";"Simples";"Reta";"Sim";1;0;1;0;0;0;1;1;-27,04656607;-52,63577131;"SPRF-SC";"DEL07-SC";"UOP01-DEL07-SC"
552407;2023-10-02;"segunda-feira";"11:28:00";"GO";60;381;"RIO VERDE";"Reação tardia ou ineficiente do condutor";"Saída de leito carroçável";"Sem Vítimas";"Pleno dia";"Decrescente";"Céu Claro";"Dupla";"Interseção de Vias";"Sim";1;0;0;0;1;0;0;1;-17,7727;-50,8862;"SPRF-GO";"DEL04-GO";"UOP02-DEL04-GO"
552409;2023-10-02;"segunda-feira";"12:00:00";"SP";116;128,8;"CACAPAVA";"Avarias e/ou desgaste excessivo no pneu";"Tombamento";"Com Vítimas Feridas";"Pleno dia";"Crescente";"Nublado";"Dupla";"Reta";"Sim";1;0;1;0;0;0;1;1;-23,11454664;-45,71105567;"SPRF-SP";"DEL02-SP";"UOP02-DEL02-SP"
552411;2023-10-02;"segunda-feira";"12:35:00";"RS";386;261,2;"FONTOURA XAVIER";"Condutor usando celular";"Saída de leito carroçável";"Com Vítimas Feridas";"Pleno dia";"Decrescente";"Céu Claro";"Simples";"Curva";"Não";1;0;1;0;0;0;1;1;-28,899998;-52,404556;"SPRF-RS";"DEL04-RS";"UOP03-DEL04-RS"
552412;2023-10-02;"segunda-feira";"12:10:00";"RS";158;333;"SANTA MARIA";"Reação tardia ou ineficiente do condutor";"Engavetamento";"Sem Vítimas";"Pleno dia";"Decrescente";"Céu Claro";"Simples";"Interseção de Vias;Rotatória";"Sim";3;0;0;0;3;0;0;3;-29,70846948;-53,86426102;"SPRF-RS";"DEL09-RS";"UOP01-DEL09-RS"
552414;2023-10-02;"segunda-feira";"11:55:00";"MG";262;801;"UBERABA";"Velocidade Incompatível";"Engavetamento";"Com Vítimas Feridas";"Pleno dia";"Crescente";"Céu Claro";"Dupla";"Reta";"Não";3;0;0;1;2;0;1;3;-19,77920263;-47,955319;"SPRF-MG";"DEL13-MG";"UOP01-DEL13-MG"
552416;2023-10-02;"segunda-feira";"11:45:00";"PE";408;103;"SAO LOURENCO DA MATA";"Condutor deixou de manter distância do veículo da frente";"Colisão lateral mesmo sentido";"Sem Vítimas";"Pleno dia";"Decrescente";"Céu Claro";"Dupla";"Viaduto;Interseção de Vias";"Não";2;0;0;0;2;0;0;2;-8,05746154;-34,99468175;"SPRF-PE";"DEL01-PE";"UOP01-DEL01-PE"
552417;2023-10-02;"segunda-feira";"12:20:00";"PE";101;68;"RECIFE";"Ausência de reação do condutor";"Colisão traseira";"Com Vítimas Feridas";"Pleno dia";"Decrescente";"Céu Claro";"Dupla";"Viaduto";"Sim";3;0;2;0;1;0;2;2;-8,052233;-34,946182;"SPRF-PE";"DEL01-PE";"UOP01-DEL01-PE"
552419;2023-10-02;"segunda-feira";"07:33:00";"RS";470;216,2;"BENTO GONCALVES";"Condutor deixou de manter distância do veículo da frente";"Colisão traseira";"Com Vítimas Feridas";"Pleno dia";"Crescente";"Céu Claro";"Simples";"Curva";"Sim";2;0;1;0;1;0;1;2;-29,15887096;-51,53142395;"SPRF-RS";"DEL06-RS";"UOP01-DEL06-RS"
552420;2023-10-02;"segunda-feira";"13:05:00";"SC";101;341,8;"TUBARAO";"Ausência de reação do condutor";"Tombamento";"Com Vítimas Feridas";"Pleno dia";"Decrescente";"Céu Claro";"Múltipla";"Reta";"Sim";1;0;1;0;0;0;1;1;-28,50999405;-49,05070686;"SPRF-SC";"DEL02-SC";"UOP01-DEL02-SC"
552422;2023-10-02;"segunda-feira";"13:30:00";"MG";40;799;"JUIZ DE FORA";"Pista Escorregadia";"Queda de ocupante de veículo";"Com Vítimas Feridas";"Pleno dia";"Crescente";"Nublado";"Dupla";"Reta;Aclive";"Não";1;0;1;0;0;0;1;1;-21,82857001;-43,37364401;"SPRF-MG";"DEL05-MG";"UOP01-DEL05-MG"
552423;2023-10-02;"segunda-feira";"04:00:00";"BA";116;345,8;"TEOFILANDIA";"Ausência de reação do condutor";"Saída de leito carroçável";"Com Vítimas Fatais";"Plena Noite";"Crescente";"Céu Claro";"Simples";"Reta";"Não";1;1;0;0;0;0;0;1;-11,5545;-38,98999;"SPRF-BA";"DEL02-BA";"UOP01-DEL02-BA"
552427;2023-10-02;"segunda-feira";"09:15:00";"RJ";40;91;"PETROPOLIS";"Pista Escorregadia";"Queda de ocupante de veículo";"Com Vítimas Feridas";"Pleno dia";"Decrescente";"Chuva";"Simples";"Curva";"Não";2;0;1;0;1;0;1;1;-22,54903566;-43,24229724;"SPRF-RJ";"DEL06-RJ";"UOP01-DEL06-RJ"
552428;2023-10-02;"segunda-feira";"13:45:00";"MG";40;526;"CONTAGEM";"Avarias e/ou desgaste excessivo no pneu";"Tombamento";"Com Vítimas Feridas";"Pleno dia";"Decrescente";"Nublado";"Dupla";"Declive;Reta";"Sim";1;0;1;0;0;0;1;1;-19,89383034;-44,0496397;"SPRF-MG";"DEL01-MG";"UOP02-DEL01-MG"
552432;2023-10-02;"segunda-feira";"07:50:00";"RJ";101;57;"CAMPOS DOS GOYTACAZES";"Conversão proibida";"Colisão transversal";"Com Vítimas Feridas";"Pleno dia";"Crescente";"Céu Claro";"Simples";"Reta";"Não";3;0;2;0;1;0;2;2;-21,69602101;-41,31017467;"SPRF-RJ";"DEL08-RJ";"UOP01-DEL08-RJ"
552433;2023-10-02;"segunda-feira";"13:30:00";"PE";101;51;"ABREU E LIMA";"Condutor deixou de manter distância do veículo da frente";"Colisão traseira";"Com Vítimas Feridas";"Pleno dia";"Crescente";"Céu Claro";"Dupla";"Reta";"Sim";4;0;1;0;1;2;1;4;-7,9169968;-34,89689272;"SPRF-PE";"DEL01-PE";"UOP02-DEL01-PE"
552436;2023-08-28;"segunda-feira";"06:30:00";"BA";116;674;"JEQUIE";"Acessar a via sem observar a presença dos outros veículos";"Saída de leito carroçável";"Com Vítimas Feridas";"Pleno dia";"Decrescente";"Céu Claro";"Simples";"Interseção de Vias";"Sim";2;0;1;0;1;0;1;2;-13,87099692;-40,11294723;"SPRF-BA";"DEL03-BA";"UOP01-DEL03-BA"
552437;2023-10-02;"segunda-feira";"14:25:00";"RJ";101;443;"MANGARATIBA";"Velocidade Incompatível";"Colisão transversal";"Com Vítimas Feridas";"Pleno dia";"Crescente";"Chuva";"Simples";"Curva";"Não";3;0;1;0;2;0;1;2;-22,98107919;-44,08441596;"SPRF-RJ";"DEL03-RJ";"UOP02-DEL03-RJ"
552439;2023-10-02;"segunda-feira";"14:45:00";"RS";285;455,2;"IJUI";"Acessar a via sem observar a presença dos outros veículos";"Colisão transversal";"Sem Vítimas";"Pleno dia";"Decrescente";"Sol";"Simples";"Em Obras;Interseção de Vias";"Sim";4;0;0;0;4;0;0;2;-28,38489714;-53,88778925;"SPRF-RS";"DEL10-RS";"UOP01-DEL10-RS"
552441;2023-10-02;"segunda-feira";"15:20:00";"ES";101;266,7;"SERRA";"Avarias e/ou desgaste excessivo no pneu";"Tombamento";"Com Vítimas Feridas";"Pleno dia";"Crescente";"Sol";"Múltipla";"Reta";"Sim";2;0;2;0;0;0;2;1;-20,190199;-40,26828891;"SPRF-ES";"DEL02-ES";"UOP01-DEL02-ES"
552442;2023-10-02;"segunda-feira";"15:20:00";"PR";277;38;"MORRETES";"Reação tardia ou ineficiente do condutor";"Colisão com objeto";"Com Vítimas Feridas";"Pleno dia";"Decrescente";"Chuva";"Dupla";"Reta";"Não";1;0;1;0;0;0;1;1;-25,56584471;-48,81116269;"SPRF-PR";"DEL01-PR";"UOP05-DEL01-PR"
552444;2023-10-02;"segunda-feira";"14:00:00";"MG";40;467;"SETE LAGOAS";"Velocidade Incompatível";"Colisão com objeto";"Sem Vítimas";"Pleno dia";"Crescente";"Céu Claro";"Dupla";"Reta;Aclive";"Sim";1;0;0;0;0;1;0;1;-19,44990074;-44,31745291;"SPRF-MG";"DEL02-MG";"UOP01-DEL02-MG"
552447;2023-10-02;"segunda-feira";"16:10:00";"PI";316;316,4;"PICOS";"Ausência de reação do condutor";"Colisão transversal";"Com Vítimas Feridas";"Pleno dia";"Decrescente";"Céu Claro";"Simples";"Reta";"Sim";3;0;2;1;0;0;3;2;-7,08133721;-41,42347604;"SPRF-PI";"DEL04-PI";"UOP01-DEL04-PI"
552450;2023-10-02;"segunda-feira";"16:05:00";"PB";101;83,7;"BAYEUX";"Avarias e/ou desgaste excessivo no pneu";"Tombamento";"Sem Vítimas";"Pleno dia";"Crescente";"Céu Claro";"Dupla";"Reta;Em Obras";"Sim";1;0;0;0;1;0;0;1;-7,1337703;-34,92963914;"SPRF-PB";"DEL01-PB";"UOP01-DEL01-PB"
552451;2023-09-16;"sábado";"19:20:00";"RS";290;94;"PORTO ALEGRE";"Afundamento ou ondulação no pavimento";"Tombamento";"Com Vítimas Feridas";"Plena Noite";"Decrescente";"Céu Claro";"Múltipla";"Reta";"Sim";2;0;2;0;0;0;2;1;-29,973856;-51,197853;"SPRF-RS";"DEL01-RS";"UOP01-DEL01-RS"
552452;2023-10-02;"segunda-feira";"15:40:00";"GO";60;28,4;"ALEXANIA";"Reação tardia ou ineficiente do condutor";"Colisão lateral mesmo sentido";"Sem Vítimas";"Pleno dia";"Decrescente";"Chuva";"Dupla";"Reta";"Não";2;0;0;0;2;0;0;2;-16,0963;-48,5202;"SPRF-DF";"DEL03-DF";"UOP01-DEL03-DF"
552453;2023-10-02;"segunda-feira";"11:00:00";"RO";174;72;"VILHENA";"Ausência de reação do condutor";"Capotamento";"Com Vítimas Feridas";"Pleno dia";"Crescente";"Céu Claro";"Simples";"Reta";"Não";1;0;1;0;0;0;1;1;-12,35695886;-59,84989631;"SPRF-RO";"DEL04-RO";"UOP01-DEL04-RO"
552454;2023-08-20;"domingo";"02:50:00";"MG";381;525,5;"BRUMADINHO";"Problema com o freio";"Saída de leito carroçável";"Com Vítimas Fatais";"Plena Noite";"Crescente";"Céu Claro";"Dupla";"Declive;Curva";"Não";44;7;13;23;0;1;36;2;-20,147837;-44,324317;"SPRF-MG";"DEL04-MG";"UOP03-DEL04-MG"
552458;2023-10-02;"segunda-feira";"16:30:00";"AL";316;204;"MARIBONDO";"Mal súbito do condutor";"Eventos atípicos";"Com Vítimas Fatais";"Anoitecer";"Decrescente";"Céu Claro";"Simples";"Reta";"Sim";1;1;0;0;0;0;0;1;-9,57189615;-36,29419392;"SPRF-AL";"DEL03-AL";"UOP01-DEL03-AL"
552460;2023-10-02;"segunda-feira";"17:05:00";"GO";153;500;"GOIANIA";"Condutor deixou de manter distância do veículo da frente";"Colisão traseira";"Com Vítimas Feridas";"Pleno dia";"Crescente";"Nublado";"Dupla";"Reta";"Sim";5;0;1;0;4;0;1;3;-16,70470137;-49,23100417;"SPRF-GO";"DEL01-GO";"UOP01-DEL01-GO"
552461;2023-10-02;"segunda-feira";"16:35:00";"MG";116;529;"CARATINGA";"Ausência de reação do condutor";"Colisão traseira";"Com Vítimas Feridas";"Pleno dia";"Decrescente";"Céu Claro";"Simples";"Curva";"Não";2;0;1;0;1;0;1;2;-19,80681;-42,13514;"SPRF-MG";"DEL06-MG";"UOP02-DEL06-MG"
552464;2023-10-02;"segunda-feira";"17:00:00";"SC";470;58;"BLUMENAU";"Retorno proibido";"Colisão lateral mesmo sentido";"Com Vítimas Feridas";"Pleno dia";"Decrescente";"Garoa/Chuvisco";"Simples";"Em Obras;Reta;Interseção de Vias";"Não";2;0;1;0;1;0;1;2;-26,883879;-49,145622;"SPRF-SC";"DEL04-SC";"UOP01-DEL04-SC"
552465;2023-10-02;"segunda-feira";"16:15:00";"SP";381;86;"SAO PAULO";"Velocidade Incompatível";"Capotamento";"Com Vítimas Feridas";"Pleno dia";"Crescente";"Sol";"Múltipla";"Curva";"Não";2;0;2;0;0;0;2;1;-23,45930499;-46,57161179;"SPRF-SP";"DEL03-SP";"UOP01-DEL03-SP"
552466;2023-10-02;"segunda-feira";"17:25:00";"MG";262;34,8;"MANHUACU";"Acessar a via sem observar a presença dos outros veículos";"Colisão transversal";"Com Vítimas Feridas";"Pleno dia";"Decrescente";"Céu Claro";"Simples";"Reta";"Sim";2;0;1;0;1;0;1;2;-20,25692664;-42,01099203;"SPRF-MG";"DEL06-MG";"UOP03-DEL06-MG"
552467;2023-09-24;"domingo";"09:45:00";"AM";230;214;"HUMAITA";"Acessar a via sem observar a presença dos outros veículos";"Colisão transversal";"Com Vítimas Feridas";"Pleno dia";"Decrescente";"Céu Claro";"Simples";"Reta";"Sim";3;0;1;0;2;0;1;2;-7,5211791;-63,0362624;"SPRF-AM";"DEL01-AM";"UOP05-DEL01-AM"
552468;2023-10-02;"segunda-feira";"17:00:00";"SC";101;257;"PAULO LOPES";"Manobra de mudança de faixa";"Colisão traseira";"Com Vítimas Feridas";"Pleno dia";"Crescente";"Sol";"Dupla";"Reta";"Não";2;0;1;0;1;0;1;2;-27,99701205;-48,68755194;"SPRF-SC";"DEL02-SC";"UOP03-DEL02-SC"
552470;2023-10-02;"segunda-feira";"17:00:00";"PR";153;335,1;"IRATI";"Pedestre cruzava a pista fora da faixa";"Atropelamento de Pedestre";"Com Vítimas Feridas";"Pleno dia";"Decrescente";"Céu Claro";"Simples";"Reta";"Sim";2;0;1;0;1;0;1;2;-25,48894141;-50,64508883;"SPRF-PR";"DEL08-PR";"UOP02-DEL08-PR"
552471;2023-10-02;"segunda-feira";"18:05:00";"MG";381;484;"BETIM";"Reação tardia ou ineficiente do condutor";"Colisão traseira";"Com Vítimas Feridas";"Plena Noite";"Crescente";"Céu Claro";"Dupla";"Reta";"Não";2;0;0;1;1;0;1;2;-19,95531717;-44,11722196;"SPRF-MG";"DEL01-MG";"UOP03-DEL01-MG"
552472;2023-10-02;"segunda-feira";"17:21:00";"RN";101;97;"NATAL";"Reação tardia ou ineficiente do condutor";"Colisão traseira";"Com Vítimas Feridas";"Anoitecer";"Crescente";"Céu Claro";"Múltipla";"Reta";"Sim";2;0;1;0;1;0;1;2;-5,85758898;-35,21271205;"SPRF-RN";"DEL01-RN";"UOP01-DEL01-RN"
552473;2023-10-02;"segunda-feira";"18:30:00";"DF";40;2,2;"BRASILIA";"Chuva";"Queda de ocupante de veículo";"Com Vítimas Feridas";"Anoitecer";"Crescente";"Chuva";"Múltipla";"Reta";"Sim";1;0;1;0;0;0;1;1;-15,99435;-47,985947;"SPRF-DF";"DEL01-DF";"UOP01-DEL01-DF"
552475;2023-10-02;"segunda-feira";"18:00:00";"PB";230;154;"CAMPINA GRANDE";"Transitar na contramão";"Colisão frontal";"Com Vítimas Feridas";"Anoitecer";"Decrescente";"Céu Claro";"Simples";"Reta";"Sim";2;0;1;0;1;0;1;2;-7,2777;-35,8985;"SPRF-PB";"DEL02-PB";"UOP01-DEL02-PB"
552476;2023-10-02;"segunda-feira";"18:30:00";"MG";146;399,4;"GUAXUPE";"Objeto estático sobre o leito carroçável";"Colisão com objeto";"Com Vítimas Feridas";"Plena Noite";"Crescente";"Nublado";"Simples";"Reta";"Não";1;0;1;0;0;0;1;1;-21,29637459;-46,67638259;"SPRF-MG";"DEL09-MG";"UOP01-DEL09-MG"
552477;2023-10-02;"segunda-feira";"10:56:00";"GO";60;282,8;"JANDAIA";"Ausência de reação do condutor";"Saída de leito carroçável";"Com Vítimas Feridas";"Pleno dia";"Crescente";"Ignorado";"Dupla";"Reta";"Não";1;0;1;0;0;0;1;1;-17,2511;-50,2196;"SPRF-GO";"DEL04-GO";"UOP02-DEL04-GO"
552479;2023-10-02;"segunda-feira";"18:00:00";"SC";101;131;"BALNEARIO CAMBORIU";"Manobra de mudança de faixa";"Colisão traseira";"Com Vítimas Feridas";"Anoitecer";"Crescente";"Céu Claro";"Dupla";"Reta";"Não";2;0;0;1;1;0;1;2;-26,99064209;-48,66310912;"SPRF-SC";"DEL04-SC";"UOP03-DEL04-SC"
552482;2023-09-25;"segunda-feira";"12:20:00";"MS";376;123,7;"IVINHEMA";"Ausência de reação do condutor";"Saída de leito carroçável";"Com Vítimas Feridas";"Pleno dia";"Crescente";"Sol";"Simples";"Reta";"Não";1;0;1;0;0;0;1;1;-22,32375462;-53,79878587;"SPRF-MS";"DEL04-MS";"UOP04-DEL04-MS"
552483;2023-10-02;"segunda-feira";"19:20:00";"ES";101;268;"SERRA";"Manobra de mudança de faixa";"Colisão lateral mesmo sentido";"Com Vítimas Feridas";"Plena Noite";"Crescente";"Céu Claro";"Dupla";"Reta";"Sim";2;0;1;0;1;0;1;2;-20,20842;-40,269405;"SPRF-ES";"DEL02-ES";"UOP01-DEL02-ES"
552484;2023-10-02;"segunda-feira";"18:10:00";"MS";163;212;"CAARAPO";"Acessar a via sem observar a presença dos outros veículos";"Colisão transversal";"Com Vítimas Feridas";"Plena Noite";"Decrescente";"Céu Claro";"Simples";"Reta";"Não";2;0;1;1;0;0;2;2;-22,603966;-54,81612005;"SPRF-MS";"DEL04-MS";"UOP02-DEL04-MS"
552485;2023-10-02;"segunda-feira";"19:20:00";"SP";116;219;"GUARULHOS";"Reação tardia ou ineficiente do condutor";"Colisão traseira";"Com Vítimas Feridas";"Plena Noite";"Crescente";"Nublado";"Múltipla";"Reta";"Sim";2;0;1;0;1;0;1;2;-23,46143954;-46,48885316;"SPRF-SP";"DEL01-SP";"UOP01-DEL01-SP"
552486;2023-10-02;"segunda-feira";"17:40:00";"SP";381;32;"ATIBAIA";"Reação tardia ou ineficiente do condutor";"Tombamento";"Com Vítimas Feridas";"Anoitecer";"Crescente";"Sol";"Dupla";"Reta";"Não";1;0;1;0;0;0;1;1;-23,06461405;-46,57048121;"SPRF-SP";"DEL03-SP";"UOP02-DEL03-SP"
552487;2023-10-02;"segunda-feira";"19:20:00";"PE";104;67,7;"CARUARU";"Reação tardia ou ineficiente do condutor";"Colisão traseira";"Com Vítimas Feridas";"Plena Noite";"Crescente";"Céu Claro";"Dupla";"Declive;Reta";"Não";3;0;1;0;2;0;1;2;-8,288699;-35,984418;"SPRF-PE";"DEL02-PE";"UOP01-DEL02-PE"
552488;2023-10-02;"segunda-feira";"19:15:00";"BA";324;598;"CANDEIAS";"Demais falhas mecânicas ou elétricas";"Capotamento";"Com Vítimas Feridas";"Plena Noite";"Crescente";"Céu Claro";"Dupla";"Reta";"Não";3;0;2;1;0;0;3;1;-12,73432323;-38,44227717;"SPRF-BA";"DEL01-BA";"UOP01-DEL01-BA"
552490;2023-10-02;"segunda-feira";"20:00:00";"MG";40;507;"RIBEIRAO DAS NEVES";"Suicídio (presumido)";"Atropelamento de Pedestre";"Com Vítimas Feridas";"Plena Noite";"Decrescente";"Nublado";"Dupla";"Reta";"Sim";2;0;0;1;1;0;1;2;-19,7539;-44,14185;"SPRF-MG";"DEL02-MG";"UOP01-DEL02-MG"
552491;2023-10-02;"segunda-feira";"17:50:00";"BA";324;618,5;"SALVADOR";"Objeto estático sobre o leito carroçável";"Colisão com objeto";"Com Vítimas Feridas";"Anoitecer";"Decrescente";"Céu Claro";"Múltipla";"Reta";"Sim";1;0;1;0;0;0;1;1;-12,891109;-38,445374;"SPRF-BA";"DEL01-BA";"UOP01-DEL01-BA"
552493;2023-10-02;"segunda-feira";"18:40:00";"RJ";40;114;"DUQUE DE CAXIAS";"Ausência de reação do condutor";"Colisão traseira";"Com Vítimas Feridas";"Plena Noite";"Crescente";"Nublado";"Múltipla";"Reta";"Não";2;0;1;0;1;0;1;2;-22,71853604;-43,28993324;"SPRF-RJ";"DEL01-RJ";"UOP01-DEL01-RJ"
552494;2023-10-02;"segunda-feira";"19:35:00";"SC";101;156;"PORTO BELO";"Animais na Pista";"Atropelamento de Animal";"Com Vítimas Feridas";"Plena Noite";"Decrescente";"Nublado";"Múltipla";"Reta";"Não";1;0;1;0;0;0;1;1;-27,172272;-48,61170204;"SPRF-SC";"DEL04-SC";"UOP03-DEL04-SC"
552495;2023-08-28;"segunda-feira";"05:40:00";"AM";174;962;"MANAUS";"Animais na Pista";"Saída de leito carroçável";"Com Vítimas Feridas";"Pleno dia";"Crescente";"Ignorado";"Simples";"Reta";"Não";3;0;1;0;2;0;1;1;-2,29260605;-60,04313663;"SPRF-AM";"DEL01-AM";"UOP01-DEL01-AM"
552497;2023-10-02;"segunda-feira";"18:45:00";"SC";101;274,2;"IMBITUBA";"Falta de elemento de contenção que evite a saída do leito carroçável";"Saída de leito carroçável";"Com Vítimas Feridas";"Plena Noite";"Decrescente";"Céu Claro";"Dupla";"Reta";"Sim";1;0;0;1;0;0;1;1;-28,129852;-48,69322;"SPRF-SC";"DEL02-SC";"UOP03-DEL02-SC"