"id";"data_inversa";"dia_semana";"horario";"uf";"br";"km";"municipio";"causa_acidente";"tipo_acidente";"classificacao_acidente";"fase_dia";"sentido_via";"condicao_metereologica";"tipo_pista";"tracado_via";"uso_solo";"pessoas";"mortos";"feridos_leves";"feridos_graves";"ilesos";"ignorados";"feridos";"veiculos";"latitude";"longitude";"regional";"delegacia";"uop"
552784;2023-10-04;"quarta-feira";"13:00:00";"SC";282;49;"AGUAS MORNAS";"Velocidade Incompatível";"Colisão frontal";"Com Vítimas Feridas";"Pleno dia";"Crescente";"Chuva";"Simples";"Curva";"Não";2;0;2;0;0;0;2;2;-27,712931;-48,943741;"SPRF-SC";"DEL01-SC";"UOP03-DEL01-SC"
552785;2023-10-04;"quarta-feira";"12:30:00";"PR";376;3;"APUCARANA";"Demais falhas mecânicas ou elétricas";"Saída de leito carroçável";"Com Vítimas Feridas";"Pleno dia";"Decrescente";"Céu Claro";"Simples";"Reta";"Sim";1;0;0;1;0;0;1;1;-23,558392;-51,440423;"SPRF-PR";"DEL07-PR";"UOP03-DEL07-PR"
552786;2023-10-04;"quarta-feira";"11:50:00";"RJ";116;110;"GUAPIMIRIM";"Reação tardia ou ineficiente do condutor";"Tombamento";"Com Vítimas Feridas";"Pleno dia";"Crescente";"Céu Claro";"Simples";"Curva";"Não";1;0;1;0;0;0;1;1;-22,55073275;-42,98968744;"SPRF-RJ";"DEL04-RJ";"UOP01-DEL04-RJ"
552790;2023-10-04;"quarta-feira";"11:45:00";"PA";230;9,1;"ALTAMIRA";"Demais falhas mecânicas ou elétricas";"Saída de leito carroçável";"Com Vítimas Feridas";"Pleno dia";"Decrescente";"Céu Claro";"Simples";"Reta;Em Obras";"Sim";3;0;2;1;0;0;3;1;-3,21488495;-52,24161744;"SPRF-PA";"DEL03-PA";"UOP01-DEL03-PA"
552792;2023-10-04;"quarta-feira";"12:09:00";"MT";163;91,3;"RONDONOPOLIS";"Carga excessiva e/ou mal acondicionada";"Queda de ocupante de veículo";"Com Vítimas Feridas";"Pleno dia";"Crescente";"Nublado";"Dupla";"Reta";"Não";1;0;1;0;0;0;1;1;-16,73218193;-54,64350269;"SPRF-MT";"DEL02-MT";"UOP03-DEL02-MT"
552794;2023-09-08;"sexta-feira";"21:47:00";"SC";101;417,2;"ARARANGUA";"Ausência de reação do condutor";"Colisão transversal";"Com Vítimas Fatais";"Plena Noite";"Decrescente";"Céu Claro";"Múltipla";"Reta";"Não";2;1;0;0;1;0;0;2;-28,980735;-49,536989;"SPRF-SC";"DEL02-SC";"UOP02-DEL02-SC"
552798;2023-10-04;"quarta-feira";"13:00:00";"PR";277;75;"SAO JOSE DOS PINHAIS";"Reação tardia ou ineficiente do condutor";"Colisão traseira";"Com Vítimas Feridas";"Pleno dia";"Crescente";"Chuva";"Dupla";"Reta";"Não";2;0;1;0;1;0;1;2;-25,51327981;-49,12433291;"SPRF-PR";"DEL01-PR";"UOP01-DEL01-PR"
552802;2023-10-04;"quarta-feira";"14:15:00";"MG";50;141;"UBERABA";"Reação tardia ou ineficiente do condutor";"Saída de leito carroçável";"Com Vítimas Feridas";"Pleno dia";"Decrescente";"Céu Claro";"Dupla";"Reta;Aclive";"Não";1;0;1;0;0;0;1;1;-19,48525501;-48,05065502;"SPRF-MG";"DEL13-MG";"UOP01-DEL13-MG"
552803;2023-10-04;"quarta-feira";"11:55:00";"RO";364;343,5;"JI-PARANA";"Condutor deixou de manter distância do veículo da frente";"Colisão traseira";"Com Vítimas Feridas";"Pleno dia";"Crescente";"Céu Claro";"Dupla";"Reta";"Sim";2;0;1;0;1;0;1;2;-10,87644392;-61,94864273;"SPRF-RO";"DEL02-RO";"UOP01-DEL02-RO"
552804;2023-10-03;"terça-feira";"19:40:00";"BA";116;217;"EUCLIDES DA CUNHA";"Conversão proibida";"Atropelamento de Pedestre";"Com Vítimas Feridas";"Plena Noite";"Crescente";"Céu Claro";"Simples";"Reta;Aclive;Em Obras";"Sim";2;0;0;1;1;0;1;2;-10,51076695;-39,00798798;"SPRF-BA";"DEL07-BA";"UOP02-DEL07-BA"
552805;2023-07-17;"segunda-feira";"06:55:00";"MT";174;385;"CONQUISTA DOESTE";"Transitar na contramão";"Colisão frontal";"Com Vítimas Feridas";"Pleno dia";"Decrescente";"Céu Claro";"Simples";"Curva";"Não";3;0;0;3;0;0;3;2;-14,49543353;-59,56911564;"SPRF-MT";"DEL04-MT";"UOP01-DEL04-MT"
552806;2023-10-04;"quarta-feira";"13:40:00";"RJ";393;235;"VASSOURAS";"Acessar a via sem observar a presença dos outros veículos";"Colisão transversal";"Com Vítimas Feridas";"Pleno dia";"Decrescente";"Céu Claro";"Simples";"Reta";"Não";2;0;1;0;1;0;1;2;-22,41053259;-43,67175937;"SPRF-RJ";"DEL05-RJ";"UOP03-DEL05-RJ"
552809;2023-10-04;"quarta-feira";"11:30:00";"PR";376;460,2;"TIBAGI";"Velocidade Incompatível";"Colisão com objeto";"Sem Vítimas";"Pleno dia";"Crescente";"Chuva";"Dupla";"Declive;Curva";"Não";2;0;0;0;2;0;0;1;-24,984;-50,371;"SPRF-PR";"DEL03-PR";"UOP01-DEL03-PR"
552810;2023-10-04;"quarta-feira";"15:15:00";"MG";50;170;"UBERABA";"Ausência de reação do condutor";"Colisão com objeto";"Com Vítimas Feridas";"Pleno dia";"Decrescente";"Céu Claro";"Dupla";"Reta";"Não";1;0;0;1;0;0;1;1;-19,73661208;-47,98290957;"SPRF-MG";"DEL13-MG";"UOP01-DEL13-MG"
552813;2023-09-16;"sábado";"15:20:00";"BA";324;478;"TANQUINHO";"Velocidade Incompatível";"Saída de leito carroçável";"Com Vítimas Feridas";"Pleno dia";"Decrescente";"Céu Claro";"Simples";"Curva";"Não";1;0;0;1;0;0;1;1;-11,98345519;-39,0855312;"SPRF-BA";"DEL02-BA";"UOP01-DEL02-BA"
552818;2023-10-04;"quarta-feira";"13:50:00";"DF";40;5;"BRASILIA";"Acessar a via sem observar a presença dos outros veículos";"Colisão traseira";"Com Vítimas Feridas";"Pleno dia";"Decrescente";"Céu Claro";"Dupla";"Reta";"Sim";5;0;2;1;2;0;3;2;-16,020903;-47,980541;"SPRF-DF";"DEL01-DF";"UOP01-DEL01-DF"
552819;2023-10-04;"quarta-feira";"16:30:00";"RJ";116;185;"NOVA IGUACU";"Ausência de reação do condutor";"Tombamento";"Com Vítimas Feridas";"Pleno dia";"Crescente";"Céu Claro";"Dupla";"Reta";"Sim";1;0;1;0;0;0;1;1;-22,74151051;-43,45351823;"SPRF-RJ";"DEL01-RJ";"UOP02-DEL01-RJ"
552820;2023-10-04;"quarta-feira";"16:00:00";"BA";242;800;"BARREIRAS";"Condutor deixou de manter distância do veículo da frente";"Colisão traseira";"Sem Vítimas";"Pleno dia";"Crescente";"Céu Claro";"Simples";"Reta";"Não";2;0;0;0;2;0;0;2;-12,1186;-45,0499;"SPRF-BA";"DEL10-BA";"UOP01-DEL10-BA"
552821;2023-10-04;"quarta-feira";"16:50:00";"SP";116;382;"MIRACATU";"Demais falhas mecânicas ou elétricas";"Incêndio";"Sem Vítimas";"Pleno dia";"Decrescente";"Nublado";"Dupla";"Reta";"Não";1;0;0;0;1;0;0;1;-24,233543;-47,36028094;"SPRF-SP";"DEL04-SP";"UOP02-DEL04-SP"
552822;2023-10-04;"quarta-feira";"16:56:00";"PE";408;89;"SAO LOURENCO DA MATA";"Acessar a via sem observar a presença dos outros veículos";"Colisão transversal";"Com Vítimas Feridas";"Anoitecer";"Crescente";"Céu Claro";"Dupla";"Retorno Regulamentado;Reta;Aclive";"Não";2;0;1;0;1;0;1;2;-7,98149086;-35,08112279;"SPRF-PE";"DEL01-PE";"UOP01-DEL01-PE"
552824;2023-10-04;"quarta-feira";"17:12:00";"SC";101;209;"SAO JOSE";"Manobra de mudança de faixa";"Colisão lateral mesmo sentido";"Sem Vítimas";"Pleno dia";"Decrescente";"Nublado";"Dupla";"Reta";"Sim";2;0;0;0;2;0;0;2;-27,61000542;-48,63895057;"SPRF-SC";"DEL01-SC";"UOP01-DEL01-SC"
552825;2023-10-04;"quarta-feira";"10:00:00";"RJ";101;483;"ANGRA DOS REIS";"Trafegar com motocicleta (ou similar) entre as faixas";"Colisão lateral mesmo sentido";"Com Vítimas Feridas";"Pleno dia";"Decrescente";"Nublado";"Simples";"Reta";"Sim";2;0;1;0;1;0;1;2;-22,99719001;-44,30136205;"SPRF-RJ";"DEL03-RJ";"UOP03-DEL03-RJ"
552826;2023-08-13;"domingo";"23:55:00";"PI";343;308,3;"ALTOS";"Transitar na contramão";"Colisão frontal";"Com Vítimas Feridas";"Plena Noite";"Crescente";"Céu Claro";"Simples";"Reta";"Sim";2;0;0;1;1;0;1;2;-5,038669;-42,468166;"SPRF-PI";"DEL01-PI";"UOP01-DEL01-PI"
552827;2023-05-07;"domingo";"04:20:00";"MS";163;481;"CAMPO GRANDE";"Avarias e/ou desgaste excessivo no pneu";"Tombamento";"Com Vítimas Feridas";"Amanhecer";"Crescente";"Céu Claro";"Simples";"Reta";"Sim";2;0;1;0;1;0;1;1;-20,469381;-54,55955;"SPRF-MS";"DEL01-MS";"UOP01-DEL01-MS"
552829;2023-09-12;"terça-feira";"09:00:00";"PB";230;401;"POMBAL";"Reação tardia ou ineficiente do condutor";"Colisão frontal";"Com Vítimas Feridas";"Pleno dia";"Decrescente";"Céu Claro";"Simples";"Reta";"Não";2;0;0;1;1;0;1;2;-6,8152;-37,7667;"SPRF-PB";"DEL03-PB";"UOP02-DEL03-PB"
552831;2023-10-04;"quarta-feira";"16:55:00";"RN";226;47;"BOM JESUS";"Condutor deixou de manter distância do veículo da frente";"Colisão traseira";"Com Vítimas Feridas";"Anoitecer";"Crescente";"Céu Claro";"Simples";"Reta";"Sim";2;0;1;0;1;0;1;2;-5,97947077;-35,57733515;"SPRF-RN";"DEL01-RN";"UOP02-DEL01-RN"
552832;2023-10-04;"quarta-feira";"16:00:00";"RJ";40;118;"DUQUE DE CAXIAS";"Ultrapassagem Indevida";"Colisão traseira";"Com Vítimas Feridas";"Pleno dia";"Decrescente";"Céu Claro";"Dupla";"Reta";"Não";2;0;0;1;0;1;1;2;-22,75470802;-43,28737838;"SPRF-RJ";"DEL01-RJ";"UOP01-DEL01-RJ"
552833;2023-10-04;"quarta-feira";"17:30:00";"RS";116;531;"CAPAO DO LEAO";"Acessar a via sem observar a presença dos outros veículos";"Colisão transversal";"Com Vítimas Feridas";"Pleno dia";"Decrescente";"Nublado";"Simples";"Interseção de Vias";"Sim";3;0;1;0;2;0;1;2;-31,76484347;-52,44483238;"SPRF-RS";"DEL07-RS";"UOP01-DEL07-RS"
552835;2023-10-04;"quarta-feira";"17:00:00";"GO";153;668,9;"GOIATUBA";"Ausência de reação do condutor";"Saída de leito carroçável";"Com Vítimas Feridas";"Anoitecer";"Decrescente";"Nublado";"Dupla";"Reta";"Não";2;0;2;0;0;0;2;1;-18,1241;-49,283;"SPRF-GO";"DEL03-GO";"UOP02-DEL03-GO"
552836;2023-10-04;"quarta-feira";"18:00:00";"MG";381;494,3;"BETIM";"Condutor deixou de manter distância do veículo da frente";"Colisão traseira";"Com Vítimas Feridas";"Anoitecer";"Decrescente";"Céu Claro";"Dupla";"Reta";"Sim";3;0;1;0;2;0;1;2;-19,96806494;-44,18010235;"SPRF-MG";"DEL04-MG";"UOP03-DEL04-MG"
552837;2023-10-04;"quarta-feira";"15:15:00";"RJ";40;105;"DUQUE DE CAXIAS";"Transitar na contramão";"Colisão frontal";"Com Vítimas Feridas";"Pleno dia";"Decrescente";"Céu Claro";"Múltipla";"Reta";"Sim";2;0;1;0;1;0;1;2;-22,63784806;-43,28428824;"SPRF-RJ";"DEL01-RJ";"UOP01-DEL01-RJ"
552838;2023-10-04;"quarta-feira";"15:40:00";"MA";135;2,2;"SAO LUIS";"Manobra de mudança de faixa";"Colisão lateral mesmo sentido";"Com Vítimas Feridas";"Pleno dia";"Crescente";"Sol";"Dupla";"Retorno Regulamentado";"Sim";2;0;1;0;1;0;1;2;-2,59806699;-44,24573511;"SPRF-MA";"DEL01-MA";"UOP01-DEL01-MA"
552840;2023-10-04;"quarta-feira";"13:00:00";"RJ";101;152;"MACAE";"Reação tardia ou ineficiente do condutor";"Saída de leito carroçável";"Com Vítimas Feridas";"Pleno dia";"Crescente";"Céu Claro";"Simples";"Reta";"Não";1;0;1;0;0;0;1;1;-22,24915138;-41,81529996;"SPRF-RJ";"DEL08-RJ";"UOP04-DEL08-RJ"
552841;2023-10-04;"quarta-feira";"15:20:00";"SP";116;561;"BARRA DO TURVO";"Pista Escorregadia";"Capotamento";"Sem Vítimas";"Pleno dia";"Decrescente";"Chuva";"Dupla";"Curva";"Não";1;0;0;0;0;1;0;1;-25,02045097;-48,51586004;"SPRF-SP";"DEL05-SP";"UOP02-DEL05-SP"
552843;2023-10-04;"quarta-feira";"18:00:00";"PR";376;499,5;"PONTA GROSSA";"Velocidade Incompatível";"Colisão traseira";"Sem Vítimas";"Anoitecer";"Decrescente";"Chuva";"Dupla";"Reta";"Sim";4;0;0;0;4;0;0;2;-25,156;-50,132;"SPRF-PR";"DEL03-PR";"UOP04-DEL03-PR"
552844;2023-10-04;"quarta-feira";"15:00:00";"RJ";101;197,9;"CASIMIRO DE ABREU";"Condutor deixou de manter distância do veículo da frente";"Colisão traseira";"Sem Vítimas";"Pleno dia";"Crescente";"Céu Claro";"Dupla";"Reta;Aclive";"Não";1;0;0;0;1;0;0;1;-22,49157051;-42,11796332;"SPRF-RJ";"DEL08-RJ";"UOP04-DEL08-RJ"
552846;2023-09-26;"terça-feira";"18:30:00";"BA";324;608;"SIMOES FILHO";"Condutor deixou de manter distância do veículo da frente";"Engavetamento";"Com Vítimas Feridas";"Plena Noite";"Crescente";"Céu Claro";"Dupla";"Reta";"Não";2;0;2;0;0;0;2;1;-12,83155228;-38,412323;"SPRF-BA";"DEL01-BA";"UOP01-DEL01-BA"
552847;2023-10-04;"quarta-feira";"19:00:00";"SE";101;89;"NOSSA SENHORA DO SOCORRO";"Acesso irregular";"Colisão transversal";"Com Vítimas Feridas";"Plena Noite";"Crescente";"Céu Claro";"Dupla";"Reta";"Sim";2;0;0;2;0;0;2;2;-10,88051024;-37,13355535;"SPRF-SE";"DEL01-SE";"UOP01-DEL01-SE"
552850;2023-10-04;"quarta-feira";"19:15:00";"MG";40;517,1;"RIBEIRAO DAS NEVES";"Avarias e/ou desgaste excessivo no pneu";"Queda de ocupante de veículo";"Com Vítimas Feridas";"Plena Noite";"Decrescente";"Nublado";"Dupla";"Reta";"Sim";2;0;2;0;0;0;2;1;-19,82351202;-44,08438913;"SPRF-MG";"DEL01-MG";"UOP02-DEL01-MG"
552851;2023-10-04;"quarta-feira";"18:30:00";"MG";116;409;"GOVERNADOR VALADARES";"Condutor deixou de manter distância do veículo da frente";"Colisão traseira";"Com Vítimas Feridas";"Anoitecer";"Crescente";"Céu Claro";"Dupla";"Reta";"Sim";2;0;1;0;1;0;1;2;-18,84936788;-41,97891368;"SPRF-MG";"DEL06-MG";"UOP01-DEL06-MG"
552853;2023-10-04;"quarta-feira";"19:50:00";"AL";101;138;"SAO MIGUEL DOS CAMPOS";"Acesso irregular";"Colisão transversal";"Com Vítimas Feridas";"Plena Noite";"Crescente";"Céu Claro";"Dupla";"Reta";"Sim";3;0;2;0;1;0;2;2;-9,80975158;-36,11701903;"SPRF-AL";"DEL02-AL";"UOP01-DEL02-AL"
552854;2023-10-04;"quarta-feira";"18:40:00";"PR";116;119;"CURITIBA";"Reação tardia ou ineficiente do condutor";"Colisão traseira";"Com Vítimas Feridas";"Plena Noite";"Crescente";"Chuva";"Dupla";"Reta;Declive;Interseção de Vias";"Não";5;0;3;0;2;0;3;4;-25,580735;-49,313171;"SPRF-PR";"DEL01-PR";"UOP03-DEL01-PR"
552855;2023-09-30;"sábado";"20:30:00";"BA";116;230;"EUCLIDES DA CUNHA";"Velocidade Incompatível";"Colisão traseira";"Com Vítimas Fatais";"Plena Noite";"Crescente";"Céu Claro";"Simples";"Reta";"Não";5;1;0;4;0;0;4;3;-10,62456901;-38,96349803;"SPRF-BA";"DEL07-BA";"UOP02-DEL07-BA"
552857;2023-10-04;"quarta-feira";"10:10:00";"SC";282;388,6;"JOACABA";"Acumulo de água sobre o pavimento";"Saída de leito carroçável";"Com Vítimas Feridas";"Pleno dia";"Decrescente";"Chuva";"Simples";"Reta;Declive";"Não";2;0;2;0;0;0;2;1;-27,179003;-51,531616;"SPRF-SC";"DEL07-SC";"UOP05-DEL07-SC"
552858;2023-10-04;"quarta-feira";"20:00:00";"PB";230;21,8;"JOAO PESSOA";"Condutor deixou de manter distância do veículo da frente";"Engavetamento";"Sem Vítimas";"Plena Noite";"Decrescente";"Céu Claro";"Dupla";"Reta";"Sim";3;0;0;0;3;0;0;3;-7,1415;-34,8519;"SPRF-PB";"DEL01-PB";"UOP01-DEL01-PB"
552860;2023-10-04;"quarta-feira";"18:45:00";"CE";116;6,6;"FORTALEZA";"Área urbana sem a presença de local apropriado para a travessia de pedestres";"Atropelamento de Pedestre";"Com Vítimas Feridas";"Plena Noite";"Decrescente";"Céu Claro";"Dupla";"Reta";"Sim";2;0;1;1;0;0;2;2;-3,808117;-38,501264;"SPRF-CE";"DEL01-CE";"UOP02-DEL01-CE"
552862;2023-10-04;"quarta-feira";"19:20:00";"PR";163;85,9;"CAPANEMA";"Desrespeitar a preferência no cruzamento";"Colisão transversal";"Com Vítimas Feridas";"Plena Noite";"Decrescente";"Nublado";"Simples";"Reta;Interseção de Vias";"Não";4;0;1;0;3;0;1;2;-25,689358;-53,784006;"SPRF-PR";"DEL02-PR";"UOP02-DEL02-PR"
552863;2023-10-04;"quarta-feira";"18:35:00";"PR";476;120,5;"COLOMBO";"Reação tardia ou ineficiente do condutor";"Colisão traseira";"Com Vítimas Feridas";"Plena Noite";"Crescente";"Garoa/Chuvisco";"Múltipla";"Reta";"Sim";7;0;2;0;5;0;2;3;-25,37191;-49,19146;"SPRF-PR";"DEL01-PR";"UOP01-DEL01-PR"
552864;2023-10-04;"quarta-feira";"10:27:00";"SC";282;435,7;"VARGEM BONITA";"Acumulo de água sobre o pavimento";"Saída de leito carroçável";"Com Vítimas Feridas";"Pleno dia";"Decrescente";"Chuva";"Simples";"Curva";"Não";2;0;1;0;1;0;1;1;-26,97752;-51,823841;"SPRF-SC";"DEL07-SC";"UOP04-DEL07-SC"
552866;2023-10-04;"quarta-feira";"20:00:00";"RN";101;108,3;"PARNAMIRIM";"Pedestre cruzava a pista fora da faixa";"Atropelamento de Pedestre";"Com Vítimas Feridas";"Plena Noite";"Crescente";"Céu Claro";"Múltipla";"Reta";"Sim";2;0;1;0;0;1;1;2;-5,927042;-35,264878;"SPRF-RN";"DEL01-RN";"UOP01-DEL01-RN"
552867;2023-10-04;"quarta-feira";"18:30:00";"SP";116;488;"CAJATI";"Reação tardia ou ineficiente do condutor";"Colisão transversal";"Com Vítimas Feridas";"Plena Noite";"Decrescente";"Chuva";"Simples";"Rotatória;Retorno Regulamentado";"Sim";5;0;1;0;4;0;1;2;-24,72991531;-48,09900284;"SPRF-SP";"DEL05-SP";"UOP01-DEL05-SP"
552868;2023-10-04;"quarta-feira";"19:15:00";"SC";163;74,1;"SAO MIGUEL DO OESTE";"Reação tardia ou ineficiente do condutor";"Saída de leito carroçável";"Sem Vítimas";"Plena Noite";"Decrescente";"Garoa/Chuvisco";"Simples";"Curva";"Não";1;0;0;0;1;0;0;1;-26,70200479;-53,51350653;"SPRF-SC";"DEL07-SC";"UOP03-DEL07-SC"
552870;2023-10-04;"quarta-feira";"17:10:00";"SP";153;256;"MARILIA";"Ausência de reação do condutor";"Colisão traseira";"Com Vítimas Feridas";"Pleno dia";"Decrescente";"Nublado";"Simples";"Reta";"Sim";2;0;1;0;1;0;1;2;-22,231552;-49,91968;"SPRF-SP";"DEL07-SP";"UOP02-DEL07-SP"
552871;2023-10-03;"terça-feira";"17:00:00";"MS";158;2;"CASSILANDIA";"Acessar a via sem observar a presença dos outros veículos";"Queda de ocupante de veículo";"Com Vítimas Feridas";"Anoitecer";"Crescente";"Vento";"Simples";"Reta";"Não";1;0;1;0;0;0;1;1;-19,119783;-51,73276;"SPRF-MS";"DEL08-MS";"UOP01-DEL08-MS"
552872;2023-10-04;"quarta-feira";"20:25:00";"MS";267;481,1;"JARDIM";"Acessar a via sem observar a presença dos outros veículos";"Colisão transversal";"Com Vítimas Feridas";"Plena Noite";"Crescente";"Céu Claro";"Simples";"Interseção de Vias";"Sim";2;0;1;0;1;0;1;2;-21,478745;-56,13899;"SPRF-MS";"DEL05-MS";"UOP01-DEL05-MS"
552876;2023-10-04;"quarta-feira";"19:00:00";"MG";356;266;"MURIAE";"Velocidade Incompatível";"Colisão lateral sentido oposto";"Com Vítimas Feridas";"Plena Noite";"Decrescente";"Céu Claro";"Simples";"Reta";"Sim";4;0;2;1;0;1;3;2;-21,1285372;-42,3631891;"SPRF-MG";"DEL07-MG";"UOP02-DEL07-MG"
552877;2023-10-04;"quarta-feira";"19:00:00";"MG";365;398;"PATOS DE MINAS";"Demais Fenômenos da natureza";"Colisão com objeto";"Com Vítimas Feridas";"Plena Noite";"Decrescente";"Céu Claro";"Simples";"Reta";"Não";2;0;0;1;1;0;1;1;-18,62844934;-46,40554592;"SPRF-MG";"DEL10-MG";"UOP01-DEL10-MG"
552878;2023-10-04;"quarta-feira";"16:30:00";"PB";361;69;"OLHO DAGUA";"Condutor Dormindo";"Saída de leito carroçável";"Com Vítimas Feridas";"Pleno dia";"Crescente";"Céu Claro";"Simples";"Reta";"Não";1;0;1;0;0;0;1;1;-7,201715;-37,799699;"SPRF-PB";"DEL03-PB";"UOP01-DEL03-PB"
552879;2023-09-19;"terça-feira";"07:40:00";"SP";116;220;"GUARULHOS";"Trafegar com motocicleta (ou similar) entre as faixas";"Colisão traseira";"Com Vítimas Feridas";"Pleno dia";"Crescente";"Céu Claro";"Múltipla";"Reta";"Não";2;0;1;0;0;1;1;2;-23,46472809;-46,49793962;"SPRF-SP";"DEL01-SP";"UOP01-DEL01-SP"
552880;2023-10-04;"quarta-feira";"20:40:00";"RS";116;117,4;"SAO MARCOS";"Reação tardia ou ineficiente do condutor";"Saída de leito carroçável";"Com Vítimas Feridas";"Plena Noite";"Crescente";"Chuva";"Simples";"Reta";"Não";1;0;1;0;0;0;1;1;-28,98310299;-51,06761081;"SPRF-RS";"DEL05-RS";"UOP01-DEL05-RS"
552881;2023-10-04;"quarta-feira";"21:50:00";"RJ";101;295;"ITABORAI";"Entrada inopinada do pedestre";"Queda de ocupante de veículo";"Com Vítimas Feridas";"Plena Noite";"Crescente";"Céu Claro";"Dupla";"Reta";"Sim";2;0;1;0;1;0;1;2;-22,76365068;-42,90223623;"SPRF-RJ";"DEL02-RJ";"UOP02-DEL02-RJ"
552883;2023-10-04;"quarta-feira";"18:00:00";"AP";210;114;"PORTO GRANDE";"Manobra de mudança de faixa";"Capotamento";"Com Vítimas Feridas";"Plena Noite";"Decrescente";"Ignorado";"Simples";"Reta";"Não";2;0;2;0;0;0;2;1;0,70564616;-51,41271608;"SPRF-AP";"DEL01-AP";"UOP01-DEL01-AP"
552885;2023-10-04;"quarta-feira";"23:00:00";"SC";101;197;"BIGUACU";"Velocidade Incompatível";"Colisão com objeto";"Com Vítimas Feridas";"Plena Noite";"Decrescente";"Nublado";"Dupla";"Aclive;Reta";"Sim";2;0;0;1;0;1;1;2;-27,51844497;-48,63848496;"SPRF-SC";"DEL01-SC";"UOP01-DEL01-SC"
552889;2023-10-04;"quarta-feira";"20:30:00";"PA";230;690;"BRASIL NOVO";"Transitar na contramão";"Colisão frontal";"Com Vítimas Fatais";"Plena Noite";"Crescente";"Ignorado";"Dupla";"Reta;Aclive";"Não";3;1;0;2;0;0;2;2;-3,28903706;-52,49003432;"SPRF-PA";"DEL04-PA";"UOP01-DEL04-PA"
552891;2023-10-05;"quinta-feira";"01:10:00";"GO";60;164;"GOIANIA";"Ausência de reação do condutor";"Colisão traseira";"Com Vítimas Feridas";"Plena Noite";"Crescente";"Céu Claro";"Dupla";"Declive";"Sim";2;0;1;0;1;0;1;2;-16,7036;-49,342;"SPRF-GO";"DEL01-GO";"UOP02-DEL01-GO"
552894;2023-10-05;"quinta-feira";"03:30:00";"MG";50;15;"UBERLANDIA";"Velocidade Incompatível";"Saída de leito carroçável";"Com Vítimas Fatais";"Plena Noite";"Crescente";"Nublado";"Dupla";"Interseção de Vias;Curva;Aclive";"Não";54;2;43;7;2;0;50;1;-18,91375674;-48,17174435;"SPRF-MG";"DEL15-MG";"UOP01-DEL15-MG"
552895;2023-10-05;"quinta-feira";"03:00:00";"PE";428;153;"PETROLINA";"Ingestão de álcool pelo condutor";"Colisão transversal";"Sem Vítimas";"Plena Noite";"Decrescente";"Ignorado";"Simples";"Reta";"Não";4;0;0;0;4;0;0;2;-9,09314887;-40,32502723;"SPRF-PE";"DEL06-PE";"UOP01-DEL06-PE"
552899;2023-10-05;"quinta-feira";"02:00:00";"MA";222;283;"VITORIA DO MEARIM";"Animais na Pista";"Atropelamento de Animal";"Com Vítimas Feridas";"Plena Noite";"Crescente";"Céu Claro";"Simples";"Reta";"Não";1;0;0;1;0;0;1;1;-3,4565814;-44,80021309;"SPRF-MA";"DEL02-MA";"UOP01-DEL02-MA"
552900;2023-10-05;"quinta-feira";"04:00:00";"RJ";465;11;"SEROPEDICA";"Animais na Pista";"Atropelamento de Animal";"Sem Vítimas";"Amanhecer";"Decrescente";"Céu Claro";"Simples";"Reta";"Sim";1;0;0;0;1;0;0;1;-22,784172;-43,656998;"SPRF-RJ";"DEL01-RJ";"UOP03-DEL01-RJ"
552903;2023-10-05;"quinta-feira";"00:30:00";"RJ";116;109;"GUAPIMIRIM";"Reação tardia ou ineficiente do condutor";"Tombamento";"Com Vítimas Feridas";"Plena Noite";"Decrescente";"Céu Claro";"Dupla";"Curva";"Não";1;0;1;0;0;0;1;1;-22,54280711;-42,98518617;"SPRF-RJ";"DEL04-RJ";"UOP01-DEL04-RJ"
552904;2023-10-05;"quinta-feira";"01:40:00";"RJ";101;311;"SAO GONCALO";"Ingestão de substâncias psicoativas pelo condutor";"Capotamento";"Sem Vítimas";"Plena Noite";"Crescente";"Nublado";"Dupla";"Reta";"Sim";1;0;0;0;1;0;0;1;-22,80062246;-43,05318779;"SPRF-RJ";"DEL02-RJ";"UOP02-DEL02-RJ"
552907;2023-10-05;"quinta-feira";"07:00:00";"MG";116;427;"GOVERNADOR VALADARES";"Acessar a via sem observar a presença dos outros veículos";"Colisão lateral sentido oposto";"Com Vítimas Feridas";"Pleno dia";"Crescente";"Céu Claro";"Simples";"Reta";"Não";2;0;1;0;1;0;1;2;-18,97690994;-41,98253806;"SPRF-MG";"DEL06-MG";"UOP01-DEL06-MG"
552908;2023-10-05;"quinta-feira";"07:15:00";"PB";104;117,9;"CAMPINA GRANDE";"Ausência de reação do condutor";"Queda de ocupante de veículo";"Com Vítimas Feridas";"Pleno dia";"Crescente";"Céu Claro";"Simples";"Reta";"Sim";1;0;1;0;0;0;1;1;-7,19637839;-35,87571339;"SPRF-PB";"DEL02-PB";"UOP04-DEL02-PB"
552911;2023-10-05;"quinta-feira";"07:50:00";"PE";104;62;"CARUARU";"Condutor deixou de manter distância do veículo da frente";"Colisão traseira";"Com Vítimas Feridas";"Pleno dia";"Decrescente";"Céu Claro";"Múltipla";"Reta";"Sim";2;0;1;0;1;0;1;2;-8,2618;-35,976;"SPRF-PE";"DEL02-PE";"UOP01-DEL02-PE"