"id";"data_inversa";"dia_semana";"horario";"uf";"br";"km";"municipio";"causa_acidente";"tipo_acidente";"classificacao_acidente";"fase_dia";"sentido_via";"condicao_metereologica";"tipo_pista";"tracado_via";"uso_solo";"pessoas";"mortos";"feridos_leves";"feridos_graves";"ilesos";"ignorados";"feridos";"veiculos";"latitude";"longitude";"regional";"delegacia";"uop"
553171;2023-10-06;"sexta-feira";"14:10:00";"ES";101;66,3;"SAO MATEUS";"Pedestre cruzava a pista fora da faixa";"Atropelamento de Pedestre";"Com Vítimas Feridas";"Pleno dia";"Crescente";"Céu Claro";"Simples";"Reta";"Sim";2;0;0;2;0;0;2;2;-18,7165195;-39,87436378;"SPRF-ES";"DEL04-ES";"UOP02-DEL04-ES"
553172;2023-10-01;"domingo";"07:00:00";"SC";282;535,2;"CHAPECO";"Desrespeitar a preferência no cruzamento";"Colisão transversal";"Com Vítimas Feridas";"Pleno dia";"Decrescente";"Nublado";"Simples";"Interseção de Vias;Rotatória";"Não";2;0;1;0;1;0;1;2;-26,99949985;-52,64601231;"SPRF-SC";"DEL07-SC";"UOP01-DEL07-SC"
553173;2023-05-17;"quarta-feira";"20:35:00";"BA";101;250;"CONCEICAO DO ALMEIDA";"Acessar a via sem observar a presença dos outros veículos";"Saída de leito carroçável";"Com Vítimas Feridas";"Anoitecer";"Decrescente";"Ignorado";"Simples";"Reta";"Não";2;0;1;1;0;0;2;1;-12,8930392;-39,23189342;"SPRF-BA";"DEL01-BA";"UOP02-DEL01-BA"
553175;2023-10-06;"sexta-feira";"13:30:00";"AL";316;149;"PALMEIRA DOS INDIOS";"Conversão proibida";"Colisão lateral mesmo sentido";"Com Vítimas Feridas";"Pleno dia";"Crescente";"Céu Claro";"Simples";"Reta;Interseção de Vias";"Sim";2;0;2;0;0;0;2;2;-9,41201539;-36,68062126;"SPRF-AL";"DEL03-AL";"UOP01-DEL03-AL"
553176;2023-10-06;"sexta-feira";"13:57:00";"PB";230;23;"JOAO PESSOA";"Reação tardia ou ineficiente do condutor";"Tombamento";"Com Vítimas Feridas";"Pleno dia";"Decrescente";"Sol";"Dupla";"Reta";"Sim";1;0;1;0;0;0;1;1;-7,1562;-34,8574;"SPRF-PB";"DEL01-PB";"UOP01-DEL01-PB"
553177;2023-10-02;"segunda-feira";"23:00:00";"RJ";40;68;"PETROPOLIS";"Reação tardia ou ineficiente do condutor";"Saída de leito carroçável";"Com Vítimas Feridas";"Plena Noite";"Decrescente";"Chuva";"Dupla";"Curva";"Não";1;0;1;0;0;0;1;1;-22,4381808;-43,18488009;"SPRF-RJ";"DEL06-RJ";"UOP01-DEL06-RJ"
553180;2023-10-06;"sexta-feira";"12:40:00";"MA";316;562;"CAXIAS";"Condutor deixou de manter distância do veículo da frente";"Colisão traseira";"Com Vítimas Feridas";"Pleno dia";"Decrescente";"Sol";"Simples";"Reta";"Não";2;0;1;0;1;0;1;2;-4,89508;-43,267281;"SPRF-MA";"DEL03-MA";"UOP02-DEL03-MA"
553181;2023-10-06;"sexta-feira";"15:00:00";"MG";267;30;"ARGIRITA";"Demais falhas na via";"Tombamento";"Com Vítimas Feridas";"Pleno dia";"Crescente";"Céu Claro";"Simples";"Reta";"Não";2;0;2;0;0;0;2;1;-21,64157078;-42,83885402;"SPRF-MG";"DEL07-MG";"UOP01-DEL07-MG"
553182;2023-10-06;"sexta-feira";"14:20:00";"GO";40;23;"LUZIANIA";"Objeto estático sobre o leito carroçável";"Saída de leito carroçável";"Com Vítimas Feridas";"Pleno dia";"Decrescente";"Chuva";"Dupla";"Reta";"Sim";1;0;1;0;0;0;1;1;-16,236391;-47,912182;"SPRF-DF";"DEL01-DF";"UOP01-DEL01-DF"
553183;2023-08-11;"sexta-feira";"19:00:00";"BA";324;6;"FEIRA DE SANTANA";"Transitar na contramão";"Colisão frontal";"Com Vítimas Feridas";"Plena Noite";"Crescente";"Céu Claro";"Múltipla";"Reta;Aclive;Interseção de Vias";"Sim";3;0;2;0;1;0;2;2;-12,2749984;-38,9836111;"SPRF-BA";"DEL02-BA";"UOP01-DEL02-BA"
553184;2023-10-06;"sexta-feira";"15:15:00";"MA";135;88;"ITAPECURU MIRIM";"Demais falhas mecânicas ou elétricas";"Colisão traseira";"Sem Vítimas";"Pleno dia";"Decrescente";"Céu Claro";"Simples";"Reta";"Não";3;0;0;0;3;0;0;2;-3,27744287;-44,40572822;"SPRF-MA";"DEL01-MA";"UOP02-DEL01-MA"
553185;2023-10-06;"sexta-feira";"15:00:00";"MG";262;408,3;"PARA DE MINAS";"Problema com o freio";"Saída de leito carroçável";"Com Vítimas Feridas";"Pleno dia";"Crescente";"Céu Claro";"Dupla";"Reta";"Não";1;0;1;0;0;0;1;1;-19,88464192;-44,61618402;"SPRF-MG";"DEL08-MG";"UOP03-DEL08-MG"
553186;2023-10-06;"sexta-feira";"13:10:00";"RO";364;343,9;"JI-PARANA";"Conversão proibida";"Colisão transversal";"Com Vítimas Feridas";"Pleno dia";"Decrescente";"Céu Claro";"Múltipla";"Reta";"Sim";5;0;2;0;1;2;2;3;-10,87878519;-61,94499012;"SPRF-RO";"DEL02-RO";"UOP01-DEL02-RO"
553190;2023-10-06;"sexta-feira";"15:30:00";"CE";304;51;"ARACATI";"Acessar a via sem observar a presença dos outros veículos";"Colisão transversal";"Com Vítimas Feridas";"Pleno dia";"Decrescente";"Céu Claro";"Simples";"Curva;Interseção de Vias";"Sim";2;0;1;0;1;0;1;2;-4,56942301;-37,75341799;"SPRF-CE";"DEL03-CE";"UOP03-DEL03-CE"
553192;2023-10-06;"sexta-feira";"14:15:00";"SC";101;327;"CAPIVARI DE BAIXO";"Ausência de reação do condutor";"Colisão com objeto";"Sem Vítimas";"Pleno dia";"Crescente";"Chuva";"Múltipla";"Viaduto;Aclive";"Sim";1;0;0;0;1;0;0;1;-28,43023306;-48,95205197;"SPRF-SC";"DEL02-SC";"UOP01-DEL02-SC"
553193;2023-10-06;"sexta-feira";"11:30:00";"RJ";40;91;"PETROPOLIS";"Reação tardia ou ineficiente do condutor";"Saída de leito carroçável";"Sem Vítimas";"Pleno dia";"Crescente";"Nublado";"Simples";"Curva;Declive";"Não";1;0;0;0;0;1;0;1;-22,54903566;-43,24229724;"SPRF-RJ";"DEL06-RJ";"UOP01-DEL06-RJ"
553194;2023-10-06;"sexta-feira";"15:10:00";"GO";60;388;"RIO VERDE";"Retorno proibido";"Colisão transversal";"Com Vítimas Feridas";"Pleno dia";"Crescente";"Céu Claro";"Simples";"Reta";"Sim";2;0;1;0;1;0;1;2;-17,8151;-50,9343;"SPRF-GO";"DEL04-GO";"UOP02-DEL04-GO"
553196;2023-10-06;"sexta-feira";"15:20:00";"SP";116;277;"TABOAO DA SERRA";"Manobra de mudança de faixa";"Colisão traseira";"Com Vítimas Feridas";"Pleno dia";"Crescente";"Céu Claro";"Dupla";"Reta";"Não";2;0;1;0;1;0;1;2;-23,64870535;-46,84395469;"SPRF-SP";"DEL04-SP";"UOP01-DEL04-SP"
553198;2023-10-03;"terça-feira";"07:00:00";"MG";262;877;"CAMPO FLORIDO";"Reação tardia ou ineficiente do condutor";"Colisão com objeto";"Sem Vítimas";"Pleno dia";"Decrescente";"Céu Claro";"Simples";"Reta";"Sim";3;0;0;0;3;0;0;2;-19,7835568;-48,51504105;"SPRF-MG";"DEL13-MG";"UOP01-DEL13-MG"
553199;2023-10-06;"sexta-feira";"11:35:00";"MT";70;734;"CACERES";"Demais falhas mecânicas ou elétricas";"Incêndio";"Sem Vítimas";"Pleno dia";"Decrescente";"Sol";"Simples";"Reta";"Sim";1;0;0;0;1;0;0;1;-16,082198;-57,698872;"SPRF-MT";"DEL03-MT";"UOP01-DEL03-MT"
553200;2023-10-06;"sexta-feira";"12:40:00";"MG";381;358;"JOAO MONLEVADE";"Reação tardia ou ineficiente do condutor";"Atropelamento de Pedestre";"Com Vítimas Feridas";"Pleno dia";"Decrescente";"Nublado";"Simples";"Reta";"Sim";2;0;2;0;0;0;2;2;-19,85592801;-43,21689055;"SPRF-MG";"DEL03-MG";"UOP01-DEL03-MG"
553202;2023-10-06;"sexta-feira";"16:25:00";"SC";470;1,4;"NAVEGANTES";"Ausência de reação do condutor";"Colisão lateral mesmo sentido";"Com Vítimas Feridas";"Pleno dia";"Crescente";"Nublado";"Simples";"Reta";"Não";2;0;0;1;1;0;1;2;-26,875383;-48,668285;"SPRF-SC";"DEL04-SC";"UOP04-DEL04-SC"
553203;2023-10-06;"sexta-feira";"16:40:00";"SP";116;228,5;"GUARULHOS";"Reação tardia ou ineficiente do condutor";"Queda de ocupante de veículo";"Com Vítimas Feridas";"Pleno dia";"Decrescente";"Ignorado";"Múltipla";"Reta";"Sim";2;0;0;1;0;1;1;2;-23,50343484;-46,56638712;"SPRF-SP";"DEL01-SP";"UOP01-DEL01-SP"
553207;2023-10-06;"sexta-feira";"16:35:00";"CE";222;153;"IRAUCUBA";"Desrespeitar a preferência no cruzamento";"Colisão traseira";"Sem Vítimas";"Pleno dia";"Crescente";"Céu Claro";"Simples";"Reta";"Não";3;0;0;0;1;2;0;3;-3,73519213;-39,82552528;"SPRF-CE";"DEL04-CE";"UOP03-DEL04-CE"
553209;2023-10-06;"sexta-feira";"17:00:00";"MG";116;554,1;"SANTA BARBARA DO LESTE";"Estacionar ou parar em local proibido";"Colisão lateral mesmo sentido";"Com Vítimas Feridas";"Pleno dia";"Crescente";"Nublado";"Simples";"Reta";"Não";2;0;0;1;1;0;1;2;-20,00117809;-42,14034158;"SPRF-MG";"DEL06-MG";"UOP02-DEL06-MG"
553210;2023-10-06;"sexta-feira";"17:25:00";"RS";158;330;"SANTA MARIA";"Desrespeitar a preferência no cruzamento";"Colisão transversal";"Com Vítimas Feridas";"Pleno dia";"Decrescente";"Céu Claro";"Múltipla";"Interseção de Vias;Rotatória;Reta;Viaduto;Retorno Regulamentado";"Sim";2;0;0;1;1;0;1;2;-29,70037371;-53,84064674;"SPRF-RS";"DEL09-RS";"UOP01-DEL09-RS"
553212;2023-10-06;"sexta-feira";"16:00:00";"PR";153;74;"CONSELHEIRO MAIRINCK";"Ausência de reação do condutor";"Saída de leito carroçável";"Com Vítimas Feridas";"Pleno dia";"Decrescente";"Céu Claro";"Simples";"Reta";"Não";2;0;1;0;1;0;1;1;-23,558799;-50,140682;"SPRF-PR";"DEL07-PR";"UOP04-DEL07-PR"
553213;2023-10-06;"sexta-feira";"17:55:00";"PB";101;86;"JOAO PESSOA";"Acostamento em desnível";"Tombamento";"Com Vítimas Feridas";"Plena Noite";"Decrescente";"Céu Claro";"Dupla";"Reta";"Não";1;0;1;0;0;0;1;1;-7,15118983;-34,91012184;"SPRF-PB";"DEL01-PB";"UOP01-DEL01-PB"
553214;2023-10-06;"sexta-feira";"16:30:00";"ES";101;268,5;"SERRA";"Pedestre cruzava a pista fora da faixa";"Atropelamento de Pedestre";"Com Vítimas Feridas";"Pleno dia";"Crescente";"Céu Claro";"Múltipla";"Reta";"Sim";2;0;0;1;1;0;1;2;-20,20842;-40,269405;"SPRF-ES";"DEL02-ES";"UOP01-DEL02-ES"
553216;2023-10-06;"sexta-feira";"14:01:00";"SC";470;343,8;"CAMPOS NOVOS";"Condutor Dormindo";"Saída de leito carroçável";"Com Vítimas Feridas";"Pleno dia";"Crescente";"Chuva";"Simples";"Reta";"Não";1;0;0;1;0;0;1;1;-27,533686;-51,399784;"SPRF-SC";"DEL07-SC";"UOP06-DEL07-SC"
553218;2023-10-06;"sexta-feira";"18:07:00";"ES";101;297;"CARIACICA";"Trafegar com motocicleta (ou similar) entre as faixas";"Queda de ocupante de veículo";"Com Vítimas Feridas";"Plena Noite";"Decrescente";"Céu Claro";"Dupla";"Reta";"Sim";3;0;2;0;1;0;2;2;-20,34529844;-40,41026774;"SPRF-ES";"DEL01-ES";"UOP01-DEL01-ES"
553219;2023-10-06;"sexta-feira";"17:15:00";"PR";487;147,8;"CIANORTE";"Demais falhas mecânicas ou elétricas";"Incêndio";"Sem Vítimas";"Pleno dia";"Crescente";"Céu Claro";"Simples";"Reta;Aclive;Interseção de Vias";"Não";1;0;0;0;1;0;0;1;-23,93938482;-52,66653394;"SPRF-PR";"DEL09-PR";"UOP03-DEL09-PR"
553220;2023-10-06;"sexta-feira";"18:06:00";"RS";285;457,7;"IJUI";"Acessar a via sem observar a presença dos outros veículos";"Colisão lateral mesmo sentido";"Com Vítimas Feridas";"Anoitecer";"Crescente";"Garoa/Chuvisco";"Simples";"Reta";"Sim";4;0;2;0;2;0;2;3;-28,392351;-53,894886;"SPRF-RS";"DEL10-RS";"UOP01-DEL10-RS"
553221;2023-10-06;"sexta-feira";"18:25:00";"SC";282;3;"FLORIANOPOLIS";"Condutor deixou de manter distância do veículo da frente";"Tombamento";"Com Vítimas Feridas";"Anoitecer";"Crescente";"Chuva";"Dupla";"Reta";"Não";1;0;1;0;0;0;1;1;-27,600384;-48,599705;"SPRF-SC";"DEL01-SC";"UOP01-DEL01-SC"
553222;2023-10-06;"sexta-feira";"18:00:00";"MG";381;487;"BETIM";"Ausência de reação do condutor";"Engavetamento";"Com Vítimas Feridas";"Amanhecer";"Crescente";"Céu Claro";"Múltipla";"Reta";"Sim";4;0;1;0;3;0;1;3;-19,95586853;-44,14609501;"SPRF-MG";"DEL01-MG";"UOP03-DEL01-MG"
553223;2023-10-06;"sexta-feira";"17:40:00";"BA";116;805;"VITORIA DA CONQUISTA";"Desrespeitar a preferência no cruzamento";"Colisão transversal";"Com Vítimas Feridas";"Anoitecer";"Crescente";"Céu Claro";"Simples";"Retorno Regulamentado";"Não";2;0;1;1;0;0;2;2;-14,76827103;-40,71257656;"SPRF-BA";"DEL08-BA";"UOP01-DEL08-BA"
553224;2023-10-06;"sexta-feira";"17:10:00";"MG";381;560,8;"ITAGUARA";"Chuva";"Saída de leito carroçável";"Com Vítimas Feridas";"Pleno dia";"Crescente";"Chuva";"Dupla";"Reta;Declive";"Não";1;0;1;0;0;0;1;1;-20,38551554;-44,48916608;"SPRF-MG";"DEL04-MG";"UOP03-DEL04-MG"
553225;2023-10-06;"sexta-feira";"18:30:00";"SP";153;33,7;"NOVA GRANADA";"Demais falhas mecânicas ou elétricas";"Tombamento";"Com Vítimas Feridas";"Anoitecer";"Crescente";"Nublado";"Simples";"Curva";"Não";2;0;1;0;1;0;1;1;-20,56326998;-49,32052397;"SPRF-SP";"DEL09-SP";"UOP01-DEL09-SP"
553226;2023-10-06;"sexta-feira";"18:15:00";"PE";101;30;"IGARASSU";"Demais falhas mecânicas ou elétricas";"Incêndio";"Sem Vítimas";"Plena Noite";"Decrescente";"Céu Claro";"Dupla";"Reta;Aclive";"Não";1;0;0;0;1;0;0;1;-7,73816195;-34,94265811;"SPRF-PE";"DEL01-PE";"UOP02-DEL01-PE"
553227;2023-10-06;"sexta-feira";"18:50:00";"PR";376;626;"SAO JOSE DOS PINHAIS";"Acessar a via sem observar a presença dos outros veículos";"Colisão transversal";"Com Vítimas Feridas";"Plena Noite";"Decrescente";"Céu Claro";"Dupla";"Interseção de Vias";"Sim";4;0;2;0;2;0;2;2;-25,66095117;-49,15500053;"SPRF-PR";"DEL01-PR";"UOP04-DEL01-PR"
553228;2023-10-06;"sexta-feira";"18:40:00";"CE";116;10;"FORTALEZA";"Manobra de mudança de faixa";"Colisão traseira";"Com Vítimas Feridas";"Plena Noite";"Crescente";"Céu Claro";"Dupla";"Reta";"Sim";3;0;1;0;2;0;1;2;-3,83583066;-38,50281352;"SPRF-CE";"DEL01-CE";"UOP02-DEL01-CE"
553230;2023-10-06;"sexta-feira";"15:30:00";"SP";459;18,5;"PIQUETE";"Ausência de reação do condutor";"Saída de leito carroçável";"Com Vítimas Feridas";"Pleno dia";"Crescente";"Sol";"Simples";"Curva;Declive";"Não";1;0;0;1;0;0;1;1;-22,633976;-45,15704;"SPRF-SP";"DEL08-SP";"UOP02-DEL08-SP"
553232;2023-10-06;"sexta-feira";"16:40:00";"SC";116;267,7;"CAPAO ALTO";"Desrespeitar a preferência no cruzamento";"Colisão transversal";"Com Vítimas Feridas";"Pleno dia";"Decrescente";"Chuva";"Simples";"Interseção de Vias";"Não";6;0;1;0;5;0;1;2;-27,95646288;-50,48443079;"SPRF-SC";"DEL05-SC";"UOP02-DEL05-SC"
553233;2023-10-06;"sexta-feira";"18:38:00";"CE";222;295;"TIANGUA";"Deixar de acionar o farol da motocicleta (ou similar)";"Atropelamento de Pedestre";"Com Vítimas Feridas";"Plena Noite";"Crescente";"Céu Claro";"Simples";"Reta";"Sim";2;0;0;1;0;1;1;2;-3,65963633;-40,91951251;"SPRF-CE";"DEL04-CE";"UOP02-DEL04-CE"
553234;2023-10-06;"sexta-feira";"17:20:00";"MG";381;503;"BETIM";"Pedestre cruzava a pista fora da faixa";"Atropelamento de Pedestre";"Com Vítimas Feridas";"Pleno dia";"Decrescente";"Céu Claro";"Dupla";"Reta";"Sim";2;0;2;0;0;0;2;2;-20,03855134;-44,25495493;"SPRF-MG";"DEL04-MG";"UOP03-DEL04-MG"
553236;2023-10-06;"sexta-feira";"19:00:00";"BA";101;715;"ITABELA";"Reação tardia ou ineficiente do condutor";"Colisão lateral sentido oposto";"Sem Vítimas";"Plena Noite";"Decrescente";"Céu Claro";"Simples";"Reta";"Sim";2;0;0;0;2;0;0;2;-16,52316411;-39,56899918;"SPRF-BA";"DEL09-BA";"UOP01-DEL09-BA"
553240;2023-10-06;"sexta-feira";"19:20:00";"SP";116;85,9;"PINDAMONHANGABA";"Acessar a via sem observar a presença dos outros veículos";"Atropelamento de Pedestre";"Com Vítimas Feridas";"Plena Noite";"Decrescente";"Céu Claro";"Dupla";"Reta";"Não";3;0;1;0;2;0;1;2;-22,92211829;-45,34450085;"SPRF-SP";"DEL08-SP";"UOP01-DEL08-SP"
553241;2023-10-06;"sexta-feira";"17:40:00";"MG";40;42;"PARACATU";"Acessar a via sem observar a presença dos outros veículos";"Colisão transversal";"Com Vítimas Feridas";"Anoitecer";"Crescente";"Céu Claro";"Simples";"Reta;Interseção de Vias;Rotatória";"Sim";2;0;1;0;1;0;1;2;-17,2188441;-46,8666753;"SPRF-MG";"DEL14-MG";"UOP01-DEL14-MG"
553243;2023-10-06;"sexta-feira";"19:12:00";"PR";277;587;"CASCAVEL";"Mal súbito do condutor";"Tombamento";"Com Vítimas Feridas";"Plena Noite";"Crescente";"Céu Claro";"Simples";"Reta;Declive";"Sim";1;0;0;1;0;0;1;1;-24,96941255;-53,42959722;"SPRF-PR";"DEL04-PR";"UOP01-DEL04-PR"
553244;2023-10-02;"segunda-feira";"22:00:00";"BA";101;350;"TEOLANDIA";"Condutor deixou de manter distância do veículo da frente";"Colisão traseira";"Com Vítimas Feridas";"Plena Noite";"Crescente";"Céu Claro";"Simples";"Reta";"Sim";2;0;2;0;0;0;2;1;-13,601173;-39,485418;"SPRF-BA";"DEL05-BA";"UOP03-DEL05-BA"
553247;2023-10-06;"sexta-feira";"19:45:00";"RS";386;177;"CARAZINHO";"Pedestre cruzava a pista fora da faixa";"Atropelamento de Pedestre";"Com Vítimas Feridas";"Plena Noite";"Crescente";"Chuva";"Simples";"Reta";"Sim";2;0;1;0;1;0;1;2;-28,281309;-52,765053;"SPRF-RS";"DEL08-RS";"UOP01-DEL08-RS"
553248;2023-10-06;"sexta-feira";"17:50:00";"SP";116;339;"MIRACATU";"Demais falhas na via";"Colisão lateral mesmo sentido";"Sem Vítimas";"Pleno dia";"Crescente";"Céu Claro";"Dupla";"Curva";"Não";2;0;0;0;1;1;0;2;-24,00328505;-47,15633198;"SPRF-SP";"DEL04-SP";"UOP03-DEL04-SP"
553249;2023-10-06;"sexta-feira";"18:10:00";"BA";110;7;"PAULO AFONSO";"Entrada inopinada do pedestre";"Atropelamento de Pedestre";"Com Vítimas Feridas";"Plena Noite";"Decrescente";"Céu Claro";"Simples";"Reta";"Não";2;0;0;1;1;0;1;2;-9,50555005;-38,21663173;"SPRF-BA";"DEL07-BA";"UOP01-DEL07-BA"
553250;2023-10-06;"sexta-feira";"19:00:00";"PE";408;83;"PAUDALHO";"Entrada inopinada do pedestre";"Atropelamento de Pedestre";"Com Vítimas Feridas";"Plena Noite";"Decrescente";"Céu Claro";"Dupla";"Reta";"Sim";4;0;0;1;3;0;1;2;-7,94549251;-35,11580722;"SPRF-PE";"DEL01-PE";"UOP01-DEL01-PE"
553251;2023-10-06;"sexta-feira";"11:30:00";"PI";343;1,6;"LUIS CORREIA";"Retorno proibido";"Colisão lateral mesmo sentido";"Sem Vítimas";"Pleno dia";"Crescente";"Sol";"Simples";"Curva";"Sim";2;0;0;0;2;0;0;2;-2,89428;-41,670211;"SPRF-PI";"DEL05-PI";"UOP01-DEL05-PI"
553252;2023-10-06;"sexta-feira";"16:50:00";"RR";174;546;"BOA VISTA";"Reação tardia ou ineficiente do condutor";"Colisão traseira";"Com Vítimas Feridas";"Pleno dia";"Crescente";"Sol";"Simples";"Reta;Em Obras";"Não";5;0;0;1;3;1;1;2;3,158221;-60,8316;"SPRF-RR";"DEL01-RR";"UOP01-DEL01-RR"
553253;2023-10-06;"sexta-feira";"18:30:00";"SC";101;92,5;"BARRA VELHA";"Avarias e/ou desgaste excessivo no pneu";"Tombamento";"Com Vítimas Feridas";"Plena Noite";"Decrescente";"Nublado";"Dupla";"Reta";"Sim";2;0;2;0;0;0;2;1;-26,6806041;-48,6931497;"SPRF-SC";"DEL03-SC";"UOP02-DEL03-SC"
553254;2023-10-06;"sexta-feira";"16:45:00";"RJ";116;52,9;"TERESOPOLIS";"Ultrapassagem Indevida";"Colisão lateral mesmo sentido";"Com Vítimas Feridas";"Anoitecer";"Decrescente";"Céu Claro";"Simples";"Reta;Aclive";"Não";2;0;1;0;1;0;1;2;-22,19520095;-42,86582258;"SPRF-RJ";"DEL04-RJ";"UOP01-DEL04-RJ"
553255;2023-10-06;"sexta-feira";"19:35:00";"PA";316;260;"CACHOEIRA DO PIRIA";"Ausência de reação do condutor";"Colisão traseira";"Com Vítimas Feridas";"Pleno dia";"Decrescente";"Céu Claro";"Simples";"Reta";"Não";4;0;1;2;0;1;3;2;-1,81175878;-46,43153493;"SPRF-PA";"DEL01-PA";"UOP04-DEL01-PA"
553257;2023-10-06;"sexta-feira";"19:05:00";"CE";116;5;"FORTALEZA";"Manobra de mudança de faixa";"Colisão lateral mesmo sentido";"Com Vítimas Feridas";"Plena Noite";"Decrescente";"Céu Claro";"Múltipla";"Reta";"Sim";2;0;1;0;1;0;1;2;-3,79467116;-38,50772734;"SPRF-CE";"DEL01-CE";"UOP02-DEL01-CE"
553258;2023-10-06;"sexta-feira";"19:05:00";"SC";282;400,2;"JOACABA";"Transitar na contramão";"Colisão frontal";"Com Vítimas Feridas";"Plena Noite";"Decrescente";"Chuva";"Simples";"Curva;Aclive";"Não";5;0;1;0;4;0;1;3;-27,134572;-51,624986;"SPRF-SC";"DEL07-SC";"UOP05-DEL07-SC"
553259;2023-10-06;"sexta-feira";"15:00:00";"RJ";465;21;"NOVA IGUACU";"Acessar a via sem observar a presença dos outros veículos";"Colisão transversal";"Com Vítimas Feridas";"Pleno dia";"Crescente";"Céu Claro";"Simples";"Reta";"Sim";3;0;1;0;1;1;1;2;-22,854782;-43,601933;"SPRF-RJ";"DEL03-RJ";"UOP01-DEL03-RJ"
553261;2023-10-06;"sexta-feira";"19:15:00";"RS";287;397;"SANTIAGO";"Acessar a via sem observar a presença dos outros veículos";"Colisão transversal";"Com Vítimas Feridas";"Plena Noite";"Crescente";"Nublado";"Simples";"Interseção de Vias;Reta";"Sim";2;0;1;0;1;0;1;2;-29,18174686;-54,84887838;"SPRF-RS";"DEL12-RS";"UOP02-DEL12-RS"
553262;2023-10-06;"sexta-feira";"20:40:00";"RS";116;486;"TURUCU";"Manobra de mudança de faixa";"Capotamento";"Com Vítimas Feridas";"Plena Noite";"Crescente";"Nublado";"Dupla";"Reta";"Sim";4;0;0;4;0;0;4;1;-31,43719298;-52,19160503;"SPRF-RS";"DEL07-RS";"UOP01-DEL07-RS"
553263;2023-10-06;"sexta-feira";"17:40:00";"AC";317;344;"BRASILEIA";"Reação tardia ou ineficiente do condutor";"Colisão frontal";"Com Vítimas Feridas";"Anoitecer";"Crescente";"Céu Claro";"Simples";"Reta";"Não";3;0;1;0;2;0;1;2;-10,86879358;-69,07573414;"SPRF-AC";"DEL01-AC";"UOP02-DEL01-AC"
553264;2023-10-06;"sexta-feira";"21:00:00";"MG";40;504,3;"ESMERALDAS";"Modificação proibida";"Tombamento";"Com Vítimas Feridas";"Plena Noite";"Crescente";"Céu Claro";"Dupla";"Reta";"Sim";2;0;1;0;1;0;1;2;-19,73146;-44,15211;"SPRF-MG";"DEL02-MG";"UOP01-DEL02-MG"
553265;2023-10-06;"sexta-feira";"18:00:00";"PI";343;16,6;"PARNAIBA";"Animais na Pista";"Atropelamento de Animal";"Com Vítimas Feridas";"Anoitecer";"Decrescente";"Céu Claro";"Simples";"Reta";"Sim";2;0;2;0;0;0;2;1;-2,95453324;-41,75799891;"SPRF-PI";"DEL05-PI";"UOP01-DEL05-PI"
553267;2023-10-06;"sexta-feira";"18:10:00";"RJ";116;184;"NOVA IGUACU";"Condutor deixou de manter distância do veículo da frente";"Colisão traseira";"Com Vítimas Feridas";"Plena Noite";"Decrescente";"Nublado";"Dupla";"Reta;Aclive";"Sim";3;0;1;0;2;0;1;2;-22,74040646;-43,49933624;"SPRF-RJ";"DEL01-RJ";"UOP02-DEL01-RJ"
553268;2023-10-06;"sexta-feira";"17:40:00";"RJ";116;175;"RIO DE JANEIRO";"Condutor deixou de manter distância do veículo da frente";"Colisão traseira";"Com Vítimas Feridas";"Anoitecer";"Crescente";"Nublado";"Múltipla";"Reta";"Sim";4;0;2;0;2;0;2;2;-22,78923555;-43,37275272;"SPRF-RJ";"DEL01-RJ";"UOP02-DEL01-RJ"
553269;2023-10-06;"sexta-feira";"19:07:00";"MG";381;621,5;"OLIVEIRA";"Ausência de reação do condutor";"Saída de leito carroçável";"Com Vítimas Feridas";"Plena Noite";"Decrescente";"Nublado";"Dupla";"Curva";"Sim";1;0;1;0;0;0;1;1;-20,79358497;-44,78938914;"SPRF-MG";"DEL04-MG";"UOP01-DEL04-MG"
553271;2023-10-06;"sexta-feira";"18:45:00";"PR";373;178,5;"PONTA GROSSA";"Iluminação deficiente";"Atropelamento de Pedestre";"Com Vítimas Fatais";"Plena Noite";"Crescente";"Nublado";"Simples";"Reta;Retorno Regulamentado";"Sim";2;1;0;0;1;0;0;2;-25,04712243;-50,23591071;"SPRF-PR";"DEL03-PR";"UOP01-DEL03-PR"
553274;2023-10-06;"sexta-feira";"17:45:00";"RJ";116;184;"NOVA IGUACU";"Reação tardia ou ineficiente do condutor";"Colisão traseira";"Com Vítimas Feridas";"Anoitecer";"Crescente";"Céu Claro";"Dupla";"Reta";"Não";2;0;2;0;0;0;2;1;-22,74647215;-43,44594311;"SPRF-RJ";"DEL01-RJ";"UOP02-DEL01-RJ"
553276;2023-10-06;"sexta-feira";"19:40:00";"RJ";116;182;"NOVA IGUACU";"Trafegar com motocicleta (ou similar) entre as faixas";"Colisão transversal";"Com Vítimas Feridas";"Plena Noite";"Crescente";"Céu Claro";"Dupla";"Reta";"Não";2;0;0;1;1;0;1;2;-22,7567755;-43,43107234;"SPRF-RJ";"DEL01-RJ";"UOP02-DEL01-RJ"
553278;2023-10-06;"sexta-feira";"20:10:00";"SC";282;502,3;"XANXERE";"Acessar a via sem observar a presença dos outros veículos";"Colisão transversal";"Com Vítimas Feridas";"Plena Noite";"Decrescente";"Garoa/Chuvisco";"Dupla";"Rotatória";"Sim";2;0;1;0;1;0;1;2;-26,88561443;-52,39498788;"SPRF-SC";"DEL07-SC";"UOP01-DEL07-SC"