"id";"data_inversa";"dia_semana";"horario";"uf";"br";"km";"municipio";"causa_acidente";"tipo_acidente";"classificacao_acidente";"fase_dia";"sentido_via";"condicao_metereologica";"tipo_pista";"tracado_via";"uso_solo";"pessoas";"mortos";"feridos_leves";"feridos_graves";"ilesos";"ignorados";"feridos";"veiculos";"latitude";"longitude";"regional";"delegacia";"uop"
553500;2023-10-07;"sábado";"20:30:00";"SP";116;84;"PINDAMONHANGABA";"Ingestão de álcool pelo condutor";"Atropelamento de Pedestre";"Com Vítimas Feridas";"Plena Noite";"Decrescente";"Chuva";"Dupla";"Reta";"Não";3;0;1;1;0;1;2;2;-22,91777173;-45,33596814;"SPRF-SP";"DEL08-SP";"UOP01-DEL08-SP"
553501;2023-10-07;"sábado";"17:00:00";"PR";376;650;"TIJUCAS DO SUL";"Chuva";"Capotamento";"Com Vítimas Feridas";"Pleno dia";"Crescente";"Chuva";"Dupla";"Reta";"Não";1;0;1;0;0;0;1;1;-25,84564757;-49,08816197;"SPRF-PR";"DEL01-PR";"UOP04-DEL01-PR"
553503;2023-10-07;"sábado";"17:30:00";"MG";40;489;"ESMERALDAS";"Condutor usando celular";"Colisão traseira";"Com Vítimas Feridas";"Anoitecer";"Crescente";"Céu Claro";"Dupla";"Reta";"Não";3;0;2;0;1;0;2;2;-19,61486882;-44,21456588;"SPRF-MG";"DEL02-MG";"UOP01-DEL02-MG"
553504;2023-10-07;"sábado";"21:45:00";"CE";116;9;"FORTALEZA";"Animais na Pista";"Atropelamento de Animal";"Com Vítimas Feridas";"Plena Noite";"Decrescente";"Céu Claro";"Múltipla";"Reta";"Sim";3;0;0;1;2;0;1;3;-3,82779096;-38,50486117;"SPRF-CE";"DEL01-CE";"UOP02-DEL01-CE"
553505;2023-10-07;"sábado";"20:10:00";"BA";116;812,6;"VITORIA DA CONQUISTA";"Ausência de reação do condutor";"Colisão traseira";"Com Vítimas Feridas";"Plena Noite";"Decrescente";"Céu Claro";"Simples";"Reta";"Não";3;0;0;1;0;2;1;3;-14,800962;-40,775215;"SPRF-BA";"DEL08-BA";"UOP01-DEL08-BA"
553507;2023-10-07;"sábado";"20:50:00";"RJ";493;24;"MAGE";"Velocidade Incompatível";"Saída de leito carroçável";"Com Vítimas Feridas";"Plena Noite";"Decrescente";"Chuva";"Simples";"Reta";"Não";5;0;3;1;0;1;4;1;-22,65715069;-43,07072902;"SPRF-RJ";"DEL04-RJ";"UOP02-DEL04-RJ"
553508;2023-10-07;"sábado";"21:40:00";"MS";163;91,8;"ITAQUIRAI";"Ausência de reação do condutor";"Saída de leito carroçável";"Com Vítimas Feridas";"Plena Noite";"Crescente";"Céu Claro";"Simples";"Reta";"Não";3;0;0;3;0;0;3;1;-23,36116304;-54,2147073;"SPRF-MS";"DEL09-MS";"UOP01-DEL09-MS"
553509;2023-10-07;"sábado";"20:10:00";"MG";381;185,6;"PERIQUITO";"Transitar na contramão";"Colisão lateral sentido oposto";"Com Vítimas Feridas";"Plena Noite";"Decrescente";"Céu Claro";"Simples";"Reta";"Não";6;0;2;0;4;0;2;2;-19,07143196;-42,17623006;"SPRF-MG";"DEL06-MG";"UOP01-DEL06-MG"
553510;2023-10-07;"sábado";"19:00:00";"MA";316;125;"NOVA OLINDA DO MARANHAO";"Acessar a via sem observar a presença dos outros veículos";"Colisão frontal";"Sem Vítimas";"Anoitecer";"Decrescente";"Céu Claro";"Simples";"Reta;Declive";"Não";2;0;0;0;2;0;0;2;-2,634497;-45,750965;"SPRF-MA";"DEL02-MA";"UOP02-DEL02-MA"
553511;2023-10-07;"sábado";"23:00:00";"SC";282;17,5;"PALHOCA";"Pista esburacada";"Tombamento";"Com Vítimas Feridas";"Plena Noite";"Crescente";"Chuva";"Simples";"Reta";"Sim";1;0;1;0;0;0;1;1;-27,665707;-48,688065;"SPRF-SC";"DEL01-SC";"UOP02-DEL01-SC"
553512;2023-10-07;"sábado";"23:10:00";"ES";101;68;"SAO MATEUS";"Ausência de reação do condutor";"Tombamento";"Com Vítimas Feridas";"Plena Noite";"Crescente";"Céu Claro";"Simples";"Reta;Aclive";"Sim";2;0;2;0;0;0;2;1;-18,726597;-39,85975;"SPRF-ES";"DEL04-ES";"UOP02-DEL04-ES"
553513;2023-10-07;"sábado";"20:00:00";"RJ";101;456;"MANGARATIBA";"Ausência de reação do condutor";"Colisão transversal";"Com Vítimas Feridas";"Plena Noite";"Decrescente";"Garoa/Chuvisco";"Dupla";"Reta";"Sim";3;0;1;0;2;0;1;2;-23,03288558;-44,16793391;"SPRF-RJ";"DEL03-RJ";"UOP02-DEL03-RJ"
553514;2023-10-07;"sábado";"23:30:00";"PI";402;35,5;"PARNAIBA";"Ausência de reação do condutor";"Colisão com objeto";"Com Vítimas Feridas";"Plena Noite";"Crescente";"Céu Claro";"Simples";"Rotatória";"Sim";1;0;1;0;0;0;1;1;-2,93842127;-41,74276823;"SPRF-PI";"DEL05-PI";"UOP01-DEL05-PI"
553515;2023-10-07;"sábado";"20:50:00";"PI";230;0;"FRONTEIRAS";"Ausência de reação do condutor";"Colisão com objeto";"Com Vítimas Feridas";"Plena Noite";"Crescente";"Céu Claro";"Simples";"Reta";"Não";1;0;0;1;0;0;1;1;-7,0784745;-40,45842;"SPRF-PI";"DEL04-PI";"UOP03-DEL04-PI"
553516;2023-10-07;"sábado";"21:50:00";"RJ";465;1;"SEROPEDICA";"Chuva";"Queda de ocupante de veículo";"Com Vítimas Feridas";"Plena Noite";"Crescente";"Chuva";"Simples";"Reta";"Não";3;0;1;0;1;1;1;2;-22,719835;-43,725739;"SPRF-RJ";"DEL01-RJ";"UOP03-DEL01-RJ"
553517;2023-10-07;"sábado";"22:00:00";"RJ";116;321;"ITATIAIA";"Velocidade Incompatível";"Colisão com objeto";"Com Vítimas Feridas";"Plena Noite";"Decrescente";"Céu Claro";"Simples";"Reta;Interseção de Vias";"Não";1;0;1;0;0;0;1;1;-22,48093378;-44,53547807;"SPRF-RJ";"DEL07-RJ";"UOP02-DEL07-RJ"
553519;2023-10-07;"sábado";"23:20:00";"RJ";101;418;"MANGARATIBA";"Chuva";"Queda de ocupante de veículo";"Com Vítimas Feridas";"Plena Noite";"Crescente";"Chuva";"Dupla";"Curva;Aclive";"Sim";2;0;2;0;0;0;2;1;-22,9178274;-43,90471593;"SPRF-RJ";"DEL03-RJ";"UOP02-DEL03-RJ"
553521;2023-10-07;"sábado";"22:35:00";"RS";470;254,5;"SALVADOR DO SUL";"Ingestão de álcool pelo condutor";"Saída de leito carroçável";"Sem Vítimas";"Plena Noite";"Decrescente";"Garoa/Chuvisco";"Simples";"Curva";"Sim";1;0;0;0;1;0;0;1;-29,40393116;-51,51140849;"SPRF-RS";"DEL06-RS";"UOP01-DEL06-RS"
553522;2023-10-07;"sábado";"22:40:00";"MT";163;831;"SINOP";"Afundamento ou ondulação no pavimento";"Queda de ocupante de veículo";"Com Vítimas Feridas";"Plena Noite";"Decrescente";"Céu Claro";"Dupla";"Retorno Regulamentado";"Sim";1;0;1;0;0;0;1;1;-11,89187046;-55,50334107;"SPRF-MT";"DEL06-MT";"UOP02-DEL06-MT"
553526;2023-10-07;"sábado";"23:00:00";"RJ";40;117;"DUQUE DE CAXIAS";"Demais falhas mecânicas ou elétricas";"Incêndio";"Sem Vítimas";"Plena Noite";"Decrescente";"Chuva";"Múltipla";"Reta";"Sim";2;0;0;0;2;0;0;1;-22,745676;-43,2881;"SPRF-RJ";"DEL01-RJ";"UOP01-DEL01-RJ"
553527;2023-10-07;"sábado";"21:44:00";"PA";10;162,1;"PARAGOMINAS";"Ausência de sinalização";"Colisão frontal";"Com Vítimas Fatais";"Plena Noite";"Decrescente";"Nublado";"Simples";"Reta;Aclive";"Não";9;2;4;1;1;1;5;4;-3,01841204;-47,46319881;"SPRF-PA";"DEL02-PA";"UOP01-DEL02-PA"
553528;2023-10-07;"sábado";"22:00:00";"MA";10;316,5;"ACAILANDIA";"Condutor deixou de manter distância do veículo da frente";"Colisão traseira";"Com Vítimas Feridas";"Plena Noite";"Crescente";"Céu Claro";"Simples";"Reta";"Sim";2;0;1;0;0;1;1;2;-4,982702;-47,522224;"SPRF-MA";"DEL04-MA";"UOP03-DEL04-MA"
553529;2023-10-07;"sábado";"23:40:00";"SP";116;51,3;"LORENA";"Pedestre andava na pista";"Atropelamento de Pedestre";"Com Vítimas Feridas";"Plena Noite";"Crescente";"Chuva";"Dupla";"Reta";"Sim";2;0;0;1;0;1;1;2;-22,74367;-45,09533912;"SPRF-SP";"DEL08-SP";"UOP02-DEL08-SP"
553530;2023-10-07;"sábado";"23:30:00";"ES";259;92,7;"BAIXO GUANDU";"Reação tardia ou ineficiente do condutor";"Colisão traseira";"Com Vítimas Fatais";"Plena Noite";"Decrescente";"Céu Claro";"Simples";"Reta";"Não";4;1;0;1;0;2;1;3;-19,50812432;-40,92563706;"SPRF-ES";"DEL02-ES";"UOP01-DEL02-ES"
553535;2023-10-08;"domingo";"01:45:00";"SC";101;3;"ARARANGUA";"Pedestre andava na pista";"Atropelamento de Pedestre";"Com Vítimas Feridas";"Plena Noite";"Crescente";"Chuva";"Simples";"Reta";"Sim";2;0;1;0;0;1;1;2;-28,9397752;-49,49810548;"SPRF-SC";"DEL02-SC";"UOP02-DEL02-SC"
553536;2023-10-08;"domingo";"01:00:00";"RS";392;673,7;"SALVADOR DAS MISSOES";"Ingestão de álcool pelo condutor";"Colisão transversal";"Com Vítimas Feridas";"Plena Noite";"Crescente";"Céu Claro";"Simples";"Reta;Interseção de Vias;Declive";"Não";8;0;6;0;2;0;6;2;-28,11989933;-54,84627128;"SPRF-RS";"DEL10-RS";"UOP01-DEL10-RS"
553537;2023-10-08;"domingo";"01:40:00";"SC";101;155;"PORTO BELO";"Ingestão de álcool pelo condutor";"Saída de leito carroçável";"Sem Vítimas";"Plena Noite";"Crescente";"Garoa/Chuvisco";"Dupla";"Curva";"Sim";1;0;0;0;1;0;0;1;-27,16292;-48,61129;"SPRF-SC";"DEL04-SC";"UOP03-DEL04-SC"
553539;2023-10-08;"domingo";"00:15:00";"ES";101;128;"SOORETAMA";"Transitar na contramão";"Colisão traseira";"Sem Vítimas";"Plena Noite";"Crescente";"Céu Claro";"Dupla";"Reta";"Sim";6;0;0;0;6;0;0;3;-19,21191395;-40,09457556;"SPRF-ES";"DEL04-ES";"UOP01-DEL04-ES"
553540;2023-10-08;"domingo";"03:00:00";"PR";376;107;"PARANAVAI";"Acessar a via sem observar a presença dos outros veículos";"Colisão traseira";"Com Vítimas Feridas";"Plena Noite";"Decrescente";"Chuva";"Dupla";"Declive";"Sim";3;0;0;1;2;0;1;2;-23,06897758;-52,42454766;"SPRF-PR";"DEL09-PR";"UOP02-DEL09-PR"
553542;2023-10-07;"sábado";"21:00:00";"RO";364;343;"JI-PARANA";"Ingestão de álcool pelo condutor";"Colisão transversal";"Com Vítimas Feridas";"Plena Noite";"Decrescente";"Céu Claro";"Dupla";"Reta;Interseção de Vias";"Sim";3;0;1;0;2;0;1;2;-10,87878519;-61,94499012;"SPRF-RO";"DEL02-RO";"UOP01-DEL02-RO"
553543;2023-10-08;"domingo";"02:40:00";"PB";101;87;"JOAO PESSOA";"Acostamento em desnível";"Tombamento";"Com Vítimas Feridas";"Plena Noite";"Decrescente";"Chuva";"Dupla";"Curva";"Não";1;0;1;0;0;0;1;1;-7,15886802;-34,90628504;"SPRF-PB";"DEL01-PB";"UOP01-DEL01-PB"
553544;2023-10-08;"domingo";"03:00:00";"SC";101;138;"BALNEARIO CAMBORIU";"Ingestão de álcool pelo condutor";"Saída de leito carroçável";"Sem Vítimas";"Plena Noite";"Decrescente";"Chuva";"Dupla";"Curva";"Não";2;0;0;0;0;2;0;1;-27,02397426;-48,60761649;"SPRF-SC";"DEL04-SC";"UOP03-DEL04-SC"
553545;2023-10-07;"sábado";"19:50:00";"MG";40;795,5;"JUIZ DE FORA";"Transitar na contramão";"Colisão frontal";"Com Vítimas Feridas";"Plena Noite";"Decrescente";"Céu Claro";"Dupla";"Reta";"Não";3;0;1;0;2;0;1;2;-21,80351702;-43,39998309;"SPRF-MG";"DEL05-MG";"UOP01-DEL05-MG"
553546;2023-10-07;"sábado";"13:30:00";"BA";116;411;"FEIRA DE SANTANA";"Desvio temporário";"Colisão lateral mesmo sentido";"Com Vítimas Feridas";"Pleno dia";"Decrescente";"Sol";"Dupla";"Reta;Retorno Regulamentado";"Não";2;0;0;1;1;0;1;2;-12,12521099;-38,96820175;"SPRF-BA";"DEL02-BA";"UOP01-DEL02-BA"
553547;2023-10-08;"domingo";"03:20:00";"SC";101;145;"ITAPEMA";"Ingestão de álcool pelo condutor";"Saída de leito carroçável";"Sem Vítimas";"Plena Noite";"Crescente";"Nublado";"Dupla";"Reta";"Sim";1;0;0;0;1;0;0;1;-27,08139206;-48,60130993;"SPRF-SC";"DEL04-SC";"UOP03-DEL04-SC"
553548;2023-10-08;"domingo";"02:55:00";"DF";20;6;"BRASILIA";"Ingestão de álcool pelo condutor";"Atropelamento de Pedestre";"Com Vítimas Feridas";"Plena Noite";"Crescente";"Chuva";"Dupla";"Reta";"Sim";2;0;0;1;1;0;1;2;-15,665888;-47,808308;"SPRF-DF";"DEL02-DF";"UOP01-DEL02-DF"
553549;2023-10-08;"domingo";"03:20:00";"PR";376;590,9;"CURITIBA";"Chuva";"Saída de leito carroçável";"Com Vítimas Feridas";"Plena Noite";"Decrescente";"Chuva";"Múltipla";"Reta;Aclive";"Sim";1;0;0;1;0;0;1;1;-25,45999605;-49,35895013;"SPRF-PR";"DEL01-PR";"UOP06-DEL01-PR"
553551;2023-10-08;"domingo";"03:40:00";"RS";293;4;"PELOTAS";"Ausência de reação do condutor";"Colisão traseira";"Com Vítimas Feridas";"Plena Noite";"Crescente";"Céu Claro";"Simples";"Reta";"Não";2;0;2;0;0;0;2;2;-31,73357732;-52,37275615;"SPRF-RS";"DEL07-RS";"UOP01-DEL07-RS"
553552;2023-10-08;"domingo";"03:35:00";"SC";116;239;"LAGES";"Ausência de reação do condutor";"Saída de leito carroçável";"Sem Vítimas";"Plena Noite";"Decrescente";"Garoa/Chuvisco";"Simples";"Curva;Rotatória";"Não";1;0;0;0;1;0;0;1;-27,74970872;-50,33489227;"SPRF-SC";"DEL05-SC";"UOP01-DEL05-SC"
553553;2023-10-08;"domingo";"01:06:00";"RO";364;650;"CANDEIAS DO JAMARI";"Reação tardia ou ineficiente do condutor";"Saída de leito carroçável";"Com Vítimas Feridas";"Plena Noite";"Crescente";"Nublado";"Simples";"Reta";"Não";1;0;0;1;0;0;1;1;-8,92132905;-63,43426829;"SPRF-RO";"DEL01-RO";"UOP01-DEL01-RO"
553555;2023-10-08;"domingo";"03:00:00";"SP";116;168,5;"JACAREI";"Ausência de reação do condutor";"Tombamento";"Com Vítimas Feridas";"Plena Noite";"Decrescente";"Chuva";"Dupla";"Reta;Declive";"Não";1;0;1;0;0;0;1;1;-23,30545902;-46,03567599;"SPRF-SP";"DEL02-SP";"UOP01-DEL02-SP"
553556;2023-10-08;"domingo";"00:30:00";"PB";230;7;"CABEDELO";"Ingestão de álcool pelo condutor";"Colisão com objeto";"Com Vítimas Feridas";"Plena Noite";"Crescente";"Céu Claro";"Dupla";"Reta";"Sim";2;0;2;0;0;0;2;1;-7,026;-34,8385;"SPRF-PB";"DEL01-PB";"UOP01-DEL01-PB"
553557;2023-10-08;"domingo";"04:00:00";"DF";20;22;"BRASILIA";"Reação tardia ou ineficiente do condutor";"Colisão traseira";"Com Vítimas Feridas";"Plena Noite";"Crescente";"Chuva";"Dupla";"Reta;Retorno Regulamentado";"Sim";2;0;1;0;0;1;1;2;-15,59834;-47,676186;"SPRF-DF";"DEL02-DF";"UOP01-DEL02-DF"
553558;2023-10-08;"domingo";"04:50:00";"SP";116;228;"SAO PAULO";"Reação tardia ou ineficiente do condutor";"Colisão traseira";"Com Vítimas Feridas";"Plena Noite";"Decrescente";"Chuva";"Múltipla";"Reta;Declive";"Sim";2;0;0;1;0;1;1;2;-23,50343484;-46,56638712;"SPRF-SP";"DEL01-SP";"UOP01-DEL01-SP"
553559;2023-10-08;"domingo";"05:00:00";"SC";101;135;"BALNEARIO CAMBORIU";"Ingestão de álcool pelo condutor";"Saída de leito carroçável";"Com Vítimas Feridas";"Plena Noite";"Crescente";"Nublado";"Múltipla";"Reta";"Sim";2;0;1;0;0;1;1;1;-27,0050108;-48,62677494;"SPRF-SC";"DEL04-SC";"UOP03-DEL04-SC"
553560;2023-10-08;"domingo";"05:00:00";"SC";116;235;"LAGES";"Ausência de reação do condutor";"Saída de leito carroçável";"Sem Vítimas";"Plena Noite";"Decrescente";"Garoa/Chuvisco";"Simples";"Curva";"Não";1;0;0;0;0;1;0;1;-27,711685;-50,33625903;"SPRF-SC";"DEL05-SC";"UOP01-DEL05-SC"
553561;2023-10-08;"domingo";"04:45:00";"SC";101;198,8;"SAO JOSE";"Ingestão de álcool pelo condutor";"Colisão traseira";"Sem Vítimas";"Plena Noite";"Crescente";"Chuva";"Dupla";"Reta";"Sim";2;0;0;0;2;0;0;2;-27,52658712;-48,63506019;"SPRF-SC";"DEL01-SC";"UOP01-DEL01-SC"
553562;2023-10-08;"domingo";"01:20:00";"RS";471;156,2;"SANTA CRUZ DO SUL";"Ingestão de álcool pelo condutor";"Saída de leito carroçável";"Sem Vítimas";"Plena Noite";"Decrescente";"Céu Claro";"Simples";"Reta";"Não";1;0;0;0;1;0;0;1;-29,83404782;-52,39817619;"SPRF-RS";"DEL02-RS";"UOP03-DEL02-RS"
553563;2023-10-08;"domingo";"04:30:00";"GO";153;526;"HIDROLANDIA";"Reação tardia ou ineficiente do condutor";"Saída de leito carroçável";"Com Vítimas Feridas";"Plena Noite";"Crescente";"Céu Claro";"Dupla";"Curva";"Não";1;0;0;1;0;0;1;1;-16,9376;-49,2532;"SPRF-GO";"DEL01-GO";"UOP03-DEL01-GO"
553564;2023-10-08;"domingo";"05:08:00";"SP";116;145;"SAO JOSE DOS CAMPOS";"Chuva";"Tombamento";"Com Vítimas Feridas";"Amanhecer";"Crescente";"Chuva";"Dupla";"Reta;Interseção de Vias";"Não";1;0;1;0;0;0;1;1;-23,1869844;-45,8548078;"SPRF-SP";"DEL02-SP";"UOP01-DEL02-SP"
553565;2023-10-08;"domingo";"05:40:00";"GO";60;87,4;"ANAPOLIS";"Condutor deixou de manter distância do veículo da frente";"Colisão traseira";"Com Vítimas Feridas";"Amanhecer";"Decrescente";"Céu Claro";"Dupla";"Declive";"Não";2;0;1;0;0;1;1;2;-16,3258;-48,8803;"SPRF-GO";"DEL02-GO";"UOP01-DEL02-GO"
553566;2023-10-08;"domingo";"05:30:00";"CE";116;10,4;"FORTALEZA";"Manobra de mudança de faixa";"Colisão com objeto";"Com Vítimas Feridas";"Amanhecer";"Crescente";"Céu Claro";"Dupla";"Reta";"Sim";4;0;4;0;0;0;4;1;-3,83603805;-38,5027281;"SPRF-CE";"DEL01-CE";"UOP02-DEL01-CE"
553567;2023-10-08;"domingo";"05:40:00";"RS";116;247;"SAO LEOPOLDO";"Reação tardia ou ineficiente do condutor";"Colisão com objeto";"Com Vítimas Feridas";"Amanhecer";"Decrescente";"Nublado";"Dupla";"Curva";"Sim";1;0;1;0;0;0;1;1;-29,76855902;-51,15324497;"SPRF-RS";"DEL01-RS";"UOP02-DEL01-RS"
553568;2023-10-07;"sábado";"17:30:00";"MT";364;231;"RONDONOPOLIS";"Ausência de reação do condutor";"Saída de leito carroçável";"Com Vítimas Feridas";"Plena Noite";"Crescente";"Céu Claro";"Dupla";"Curva";"Não";2;0;0;2;0;0;2;1;-16,25764398;-54,77848492;"SPRF-MT";"DEL02-MT";"UOP01-DEL02-MT"
553569;2023-10-08;"domingo";"05:20:00";"PR";277;656;"MATELANDIA";"Ingestão de álcool pelo condutor";"Colisão frontal";"Sem Vítimas";"Plena Noite";"Decrescente";"Chuva";"Simples";"Reta";"Não";2;0;0;0;1;1;0;2;-25,23423637;-53,96184188;"SPRF-PR";"DEL05-PR";"UOP02-DEL05-PR"
553570;2023-10-08;"domingo";"05:05:00";"MG";40;519,1;"RIBEIRAO DAS NEVES";"Condutor Dormindo";"Saída de leito carroçável";"Com Vítimas Feridas";"Pleno dia";"Crescente";"Céu Claro";"Dupla";"Reta;Aclive";"Não";1;0;1;0;0;0;1;1;-19,83957589;-44,07684485;"SPRF-MG";"DEL01-MG";"UOP02-DEL01-MG"
553571;2023-10-07;"sábado";"19:20:00";"RS";470;339,7;"TRIUNFO";"Pedestre andava na pista";"Atropelamento de Pedestre";"Com Vítimas Feridas";"Plena Noite";"Crescente";"Nublado";"Simples";"Reta";"Sim";2;0;0;1;1;0;1;2;-29,93505397;-51,71804218;"SPRF-RS";"DEL04-RS";"UOP02-DEL04-RS"
553575;2023-10-08;"domingo";"06:00:00";"MG";50;83,3;"UBERLANDIA";"Condutor Dormindo";"Saída de leito carroçável";"Com Vítimas Feridas";"Pleno dia";"Crescente";"Céu Claro";"Dupla";"Reta;Aclive";"Não";1;0;1;0;0;0;1;1;-18,986906;-48,211853;"SPRF-MG";"DEL15-MG";"UOP01-DEL15-MG"
553576;2023-10-08;"domingo";"03:45:00";"RJ";101;417;"MANGARATIBA";"Chuva";"Saída de leito carroçável";"Sem Vítimas";"Plena Noite";"Crescente";"Chuva";"Simples";"Curva";"Não";1;0;0;0;0;1;0;1;-22,91293797;-43,89732384;"SPRF-RJ";"DEL03-RJ";"UOP02-DEL03-RJ"
553577;2023-10-08;"domingo";"06:15:00";"SP";153;72;"SAO JOSE DO RIO PRETO";"Demais falhas mecânicas ou elétricas";"Colisão lateral mesmo sentido";"Sem Vítimas";"Amanhecer";"Crescente";"Chuva";"Dupla";"Reta";"Sim";2;0;0;0;2;0;0;2;-20,86715501;-49,41334398;"SPRF-SP";"DEL09-SP";"UOP01-DEL09-SP"
553578;2023-10-08;"domingo";"06:35:00";"SP";116;217;"GUARULHOS";"Acumulo de água sobre o pavimento";"Colisão com objeto";"Sem Vítimas";"Pleno dia";"Decrescente";"Chuva";"Múltipla";"Reta";"Não";1;0;0;0;0;1;0;1;-23,45423824;-46,47119028;"SPRF-SP";"DEL01-SP";"UOP01-DEL01-SP"
553580;2023-10-08;"domingo";"05:50:00";"RS";285;391,3;"SANTA BARBARA DO SUL";"Ingestão de álcool pelo condutor";"Saída de leito carroçável";"Com Vítimas Feridas";"Amanhecer";"Crescente";"Céu Claro";"Simples";"Reta";"Não";2;0;2;0;0;0;2;1;-28,386761;-53,26305;"SPRF-RS";"DEL10-RS";"UOP02-DEL10-RS"
553581;2023-10-07;"sábado";"23:40:00";"SC";101;211,3;"PALHOCA";"Chuva";"Capotamento";"Sem Vítimas";"Plena Noite";"Crescente";"Chuva";"Múltipla";"Reta";"Não";1;0;0;0;1;0;0;1;-27,62329313;-48,65245588;"SPRF-SC";"DEL01-SC";"UOP02-DEL01-SC"
553582;2023-10-08;"domingo";"01:20:00";"SC";101;221;"PALHOCA";"Chuva";"Tombamento";"Sem Vítimas";"Plena Noite";"Crescente";"Chuva";"Dupla";"Reta";"Não";1;0;0;0;1;0;0;1;-27,70012652;-48,66021182;"SPRF-SC";"DEL01-SC";"UOP02-DEL01-SC"
553583;2023-10-08;"domingo";"06:20:00";"SP";116;419;"JUQUIA";"Reação tardia ou ineficiente do condutor";"Saída de leito carroçável";"Com Vítimas Feridas";"Amanhecer";"Decrescente";"Garoa/Chuvisco";"Dupla";"Curva";"Não";2;0;1;0;1;0;1;1;-24,35575938;-47,66795511;"SPRF-SP";"DEL05-SP";"UOP01-DEL05-SP"
553584;2023-10-08;"domingo";"06:30:00";"SC";101;213,2;"PALHOCA";"Chuva";"Colisão com objeto";"Sem Vítimas";"Pleno dia";"Decrescente";"Chuva";"Múltipla";"Reta";"Não";2;0;0;0;2;0;0;2;-27,63697369;-48,66514142;"SPRF-SC";"DEL01-SC";"UOP02-DEL01-SC"
553585;2023-10-07;"sábado";"23:00:00";"MG";262;29,8;"REDUTO";"Ausência de reação do condutor";"Saída de leito carroçável";"Sem Vítimas";"Plena Noite";"Crescente";"Céu Claro";"Simples";"Reta";"Não";1;0;0;0;1;0;0;1;-20,247223;-41,982025;"SPRF-MG";"DEL06-MG";"UOP03-DEL06-MG"
553586;2023-10-08;"domingo";"06:20:00";"SC";101;121;"ITAJAI";"Ausência de reação do condutor";"Queda de ocupante de veículo";"Com Vítimas Feridas";"Pleno dia";"Crescente";"Garoa/Chuvisco";"Múltipla";"Reta";"Não";1;0;1;0;0;0;1;1;-26,92103178;-48,70856446;"SPRF-SC";"DEL04-SC";"UOP04-DEL04-SC"
553589;2023-10-08;"domingo";"05:40:00";"MG";381;480;"CONTAGEM";"Ausência de reação do condutor";"Colisão com objeto";"Sem Vítimas";"Amanhecer";"Decrescente";"Céu Claro";"Dupla";"Reta";"Sim";1;0;0;0;0;1;0;1;-19,95749597;-44,07899901;"SPRF-MG";"DEL01-MG";"UOP03-DEL01-MG"
553590;2023-10-07;"sábado";"18:15:00";"SC";116;138,7;"SANTA CECILIA";"Acessar a via sem observar a presença dos outros veículos";"Colisão transversal";"Sem Vítimas";"Anoitecer";"Crescente";"Garoa/Chuvisco";"Simples";"Reta;Interseção de Vias";"Sim";3;0;0;0;2;1;0;2;-26,95365013;-50,42351412;"SPRF-SC";"DEL06-SC";"UOP02-DEL06-SC"
553591;2023-10-07;"sábado";"22:00:00";"RJ";101;414;"MANGARATIBA";"Demais falhas mecânicas ou elétricas";"Incêndio";"Sem Vítimas";"Plena Noite";"Decrescente";"Chuva";"Múltipla";"Reta";"Não";1;0;0;0;1;0;0;1;-22,90390285;-43,87258001;"SPRF-RJ";"DEL03-RJ";"UOP01-DEL03-RJ"
553593;2023-10-08;"domingo";"06:10:00";"PR";277;101,9;"CURITIBA";"Reação tardia ou ineficiente do condutor";"Saída de leito carroçável";"Com Vítimas Feridas";"Pleno dia";"Crescente";"Chuva";"Dupla";"Declive;Curva";"Não";3;0;2;0;1;0;2;1;-25,4268684;-49,38324988;"SPRF-PR";"DEL01-PR";"UOP06-DEL01-PR"
553595;2023-10-08;"domingo";"07:30:00";"AP";156;472;"TARTARUGALZINHO";"Ingestão de álcool pelo condutor";"Colisão transversal";"Com Vítimas Feridas";"Pleno dia";"Decrescente";"Sol";"Simples";"Reta";"Sim";4;0;2;0;2;0;2;2;1,50507817;-50,91184859;"SPRF-AP";"DEL01-AP";"UOP02-DEL01-AP"
553596;2023-10-08;"domingo";"05:50:00";"MG";40;273;"TRES MARIAS";"Demais falhas mecânicas ou elétricas";"Incêndio";"Sem Vítimas";"Amanhecer";"Crescente";"Céu Claro";"Simples";"Aclive;Reta";"Não";2;0;0;0;0;2;0;2;-18,18834859;-45,25219384;"SPRF-MG";"DEL14-MG";"UOP02-DEL14-MG"
553597;2023-10-07;"sábado";"20:40:00";"MG";381;626,3;"OLIVEIRA";"Pedestre andava na pista";"Atropelamento de Pedestre";"Com Vítimas Fatais";"Plena Noite";"Decrescente";"Chuva";"Dupla";"Reta";"Não";3;1;0;0;0;2;0;2;-20,809055;-44,791287;"SPRF-MG";"DEL04-MG";"UOP01-DEL04-MG"
553598;2023-10-08;"domingo";"08:00:00";"RJ";40;108;"DUQUE DE CAXIAS";"Demais falhas mecânicas ou elétricas";"Saída de leito carroçável";"Com Vítimas Feridas";"Pleno dia";"Decrescente";"Céu Claro";"Dupla";"Curva";"Não";1;0;1;0;0;0;1;1;-22,66476979;-43,28495144;"SPRF-RJ";"DEL01-RJ";"UOP01-DEL01-RJ"
553600;2023-10-08;"domingo";"07:10:00";"SP";116;488,8;"CAJATI";"Chuva";"Colisão com objeto";"Com Vítimas Feridas";"Pleno dia";"Crescente";"Chuva";"Dupla";"Curva";"Não";1;0;1;0;0;0;1;1;-24,73097634;-48,09815591;"SPRF-SP";"DEL05-SP";"UOP01-DEL05-SP"
553601;2023-10-08;"domingo";"05:00:00";"RS";153;393,3;"CACHOEIRA DO SUL";"Condutor Dormindo";"Colisão traseira";"Com Vítimas Feridas";"Plena Noite";"Crescente";"Céu Claro";"Simples";"Reta";"Não";5;0;3;0;2;0;3;2;-29,95379289;-52,94617279;"SPRF-RS";"DEL02-RS";"UOP03-DEL02-RS"