"id";"data_inversa";"dia_semana";"horario";"uf";"br";"km";"municipio";"causa_acidente";"tipo_acidente";"classificacao_acidente";"fase_dia";"sentido_via";"condicao_metereologica";"tipo_pista";"tracado_via";"uso_solo";"pessoas";"mortos";"feridos_leves";"feridos_graves";"ilesos";"ignorados";"feridos";"veiculos";"latitude";"longitude";"regional";"delegacia";"uop"
553710;2023-10-08;"domingo";"19:30:00";"PR";277;452,2;"LARANJEIRAS DO SUL";"Ingestão de álcool pelo condutor";"Colisão transversal";"Com Vítimas Feridas";"Plena Noite";"Crescente";"Nublado";"Simples";"Reta";"Sim";2;0;1;0;1;0;1;2;-25,37059917;-52,36924101;"SPRF-PR";"DEL04-PR";"UOP02-DEL04-PR"
553711;2023-10-08;"domingo";"19:45:00";"MG";381;884,3;"ESTIVA";"Chuva";"Saída de leito carroçável";"Com Vítimas Feridas";"Plena Noite";"Crescente";"Chuva";"Dupla";"Reta";"Não";3;0;1;0;2;0;1;1;-22,49469786;-46,01305116;"SPRF-MG";"DEL16-MG";"UOP03-DEL16-MG"
553713;2023-10-08;"domingo";"20:15:00";"SC";480;124;"CHAPECO";"Reação tardia ou ineficiente do condutor";"Colisão traseira";"Com Vítimas Feridas";"Plena Noite";"Decrescente";"Nublado";"Dupla";"Reta";"Sim";4;0;1;0;3;0;1;2;-27,00359519;-52,64391044;"SPRF-SC";"DEL07-SC";"UOP01-DEL07-SC"
553715;2023-10-08;"domingo";"20:00:00";"RJ";393;110;"SAPUCAIA";"Ausência de reação do condutor";"Tombamento";"Com Vítimas Feridas";"Plena Noite";"Crescente";"Céu Claro";"Simples";"Reta";"Não";1;0;1;0;0;0;1;1;-21,88984417;-42,70395997;"SPRF-RJ";"DEL05-RJ";"UOP01-DEL05-RJ"
553716;2023-10-08;"domingo";"19:05:00";"RS";153;403,8;"CACHOEIRA DO SUL";"Acessar a via sem observar a presença dos outros veículos";"Colisão transversal";"Com Vítimas Feridas";"Pleno dia";"Decrescente";"Chuva";"Simples";"Reta";"Não";2;0;0;1;1;0;1;2;-29,99474918;-52,9242754;"SPRF-RS";"DEL02-RS";"UOP03-DEL02-RS"
553717;2023-10-08;"domingo";"19:10:00";"GO";414;436;"ANAPOLIS";"Pista esburacada";"Queda de ocupante de veículo";"Com Vítimas Feridas";"Pleno dia";"Decrescente";"Céu Claro";"Simples";"Reta;Declive";"Sim";2;0;1;1;0;0;2;1;-16,25482505;-48,9361188;"SPRF-GO";"DEL02-GO";"UOP01-DEL02-GO"
553719;2023-10-08;"domingo";"16:00:00";"BA";324;518,1;"FEIRA DE SANTANA";"Entrada inopinada do pedestre";"Atropelamento de Pedestre";"Com Vítimas Feridas";"Pleno dia";"Decrescente";"Céu Claro";"Simples";"Reta";"Sim";5;0;1;0;3;1;1;3;-12,2606;-38,9322;"SPRF-BA";"DEL02-BA";"UOP01-DEL02-BA"
553721;2023-10-08;"domingo";"20:20:00";"BA";330;826,7;"IPIAU";"Transitar na contramão";"Colisão frontal";"Com Vítimas Feridas";"Plena Noite";"Crescente";"Céu Claro";"Simples";"Reta";"Não";5;0;4;1;0;0;5;2;-14,05617432;-39,80408506;"SPRF-BA";"DEL03-BA";"UOP01-DEL03-BA"
553722;2023-10-08;"domingo";"18:05:00";"MT";163;843;"SINOP";"Ingestão de álcool pelo condutor";"Colisão traseira";"Sem Vítimas";"Plena Noite";"Decrescente";"Céu Claro";"Simples";"Reta";"Sim";3;0;0;0;2;1;0;2;-11,91612191;-55,50952235;"SPRF-MT";"DEL06-MT";"UOP02-DEL06-MT"
553723;2023-10-08;"domingo";"21:00:00";"BA";324;516,5;"FEIRA DE SANTANA";"Ultrapassagem Indevida";"Colisão transversal";"Com Vítimas Feridas";"Plena Noite";"Crescente";"Céu Claro";"Simples";"Reta";"Sim";2;0;0;1;1;0;1;2;-12,249;-38,9337;"SPRF-BA";"DEL02-BA";"UOP01-DEL02-BA"
553724;2023-10-08;"domingo";"15:00:00";"MG";381;371;"SAO GONCALO DO RIO ABAIXO";"Demais falhas mecânicas ou elétricas";"Incêndio";"Sem Vítimas";"Pleno dia";"Crescente";"Céu Claro";"Simples";"Reta";"Não";1;0;0;0;0;1;0;1;-19,84407789;-43,30732499;"SPRF-MG";"DEL01-MG";"UOP01-DEL01-MG"
553726;2023-10-08;"domingo";"20:58:00";"RN";101;94;"NATAL";"Acessar a via sem observar a presença dos outros veículos";"Colisão lateral mesmo sentido";"Com Vítimas Feridas";"Plena Noite";"Decrescente";"Céu Claro";"Dupla";"Interseção de Vias";"Sim";2;0;1;0;0;1;1;2;-5,83176615;-35,21191342;"SPRF-RN";"DEL01-RN";"UOP01-DEL01-RN"
553727;2023-10-08;"domingo";"19:15:00";"MS";262;479,9;"ANASTACIO";"Reação tardia ou ineficiente do condutor";"Colisão com objeto";"Com Vítimas Feridas";"Plena Noite";"Crescente";"Chuva";"Simples";"Reta";"Não";2;0;1;0;1;0;1;1;-20,505545;-55,719184;"SPRF-MS";"DEL03-MS";"UOP01-DEL03-MS"
553728;2023-10-08;"domingo";"20:30:00";"BA";116;11;"VITORIA DA CONQUISTA";"Conversão proibida";"Colisão transversal";"Com Vítimas Feridas";"Plena Noite";"Crescente";"Nublado";"Simples";"Reta";"Sim";3;0;2;0;0;1;2;2;-14,86591678;-40,87212324;"SPRF-BA";"DEL08-BA";"UOP01-DEL08-BA"
553729;2023-10-08;"domingo";"19:26:00";"PE";232;412;"SERRA TALHADA";"Ultrapassagem Indevida";"Colisão lateral sentido oposto";"Com Vítimas Feridas";"Plena Noite";"Decrescente";"Céu Claro";"Simples";"Curva";"Não";3;0;1;0;1;1;1;3;-7,98377927;-38,3208774;"SPRF-PE";"DEL04-PE";"UOP01-DEL04-PE"
553731;2023-10-01;"domingo";"00:35:00";"SC";101;199,1;"SAO JOSE";"Reação tardia ou ineficiente do condutor";"Colisão traseira";"Com Vítimas Feridas";"Plena Noite";"Decrescente";"Garoa/Chuvisco";"Dupla";"Reta";"Sim";5;0;0;2;3;0;2;2;-27,53413705;-48,63003205;"SPRF-SC";"DEL01-SC";"UOP01-DEL01-SC"
553732;2023-10-08;"domingo";"16:10:00";"RO";364;232;"CACOAL";"Demais falhas mecânicas ou elétricas";"Incêndio";"Sem Vítimas";"Anoitecer";"Decrescente";"Céu Claro";"Simples";"Declive";"Não";1;0;0;0;0;1;0;1;-11,46557676;-61,40744887;"SPRF-RO";"DEL02-RO";"UOP02-DEL02-RO"
553733;2023-10-08;"domingo";"21:10:00";"RJ";116;185;"NOVA IGUACU";"Ausência de reação do condutor";"Colisão traseira";"Com Vítimas Feridas";"Plena Noite";"Decrescente";"Céu Claro";"Dupla";"Reta";"Não";2;0;0;1;1;0;1;2;-22,74151051;-43,45351823;"SPRF-RJ";"DEL01-RJ";"UOP02-DEL01-RJ"
553734;2023-10-08;"domingo";"21:50:00";"RN";427;27,9;"ACARI";"Manobra de mudança de faixa";"Queda de ocupante de veículo";"Com Vítimas Feridas";"Plena Noite";"Crescente";"Céu Claro";"Simples";"Curva";"Sim";3;0;1;0;1;1;1;2;-6,43823031;-36,63916826;"SPRF-RN";"DEL03-RN";"UOP02-DEL03-RN"
553735;2023-10-08;"domingo";"19:10:00";"MG";40;131,5;"JOAO PINHEIRO";"Reação tardia ou ineficiente do condutor";"Saída de leito carroçável";"Sem Vítimas";"Plena Noite";"Decrescente";"Céu Claro";"Simples";"Reta";"Não";4;0;0;0;0;4;0;2;-17,70829976;-46,27637793;"SPRF-MG";"DEL14-MG";"UOP01-DEL14-MG"
553736;2023-10-08;"domingo";"19:05:00";"GO";364;17,5;"SAO SIMAO";"Reação tardia ou ineficiente do condutor";"Saída de leito carroçável";"Sem Vítimas";"Plena Noite";"Crescente";"Céu Claro";"Simples";"Reta";"Não";1;0;0;0;0;1;0;1;-18,949745;-50,628994;"SPRF-GO";"DEL05-GO";"UOP02-DEL05-GO"
553739;2023-10-08;"domingo";"21:31:00";"MG";267;268;"AIURUOCA";"Reação tardia ou ineficiente do condutor";"Colisão frontal";"Com Vítimas Fatais";"Plena Noite";"Crescente";"Nublado";"Simples";"Reta";"Não";2;1;0;0;1;0;0;2;-21,92646389;-44,61847298;"SPRF-MG";"DEL17-MG";"UOP01-DEL17-MG"
553740;2023-10-08;"domingo";"19:00:00";"MA";10;257;"IMPERATRIZ";"Acesso irregular";"Colisão transversal";"Sem Vítimas";"Plena Noite";"Crescente";"Céu Claro";"Simples";"Reta";"Sim";2;0;0;0;1;1;0;2;-5,490634;-47,471973;"SPRF-MA";"DEL04-MA";"UOP01-DEL04-MA"
553742;2023-10-08;"domingo";"14:00:00";"RO";364;481;"ARIQUEMES";"Condutor deixou de manter distância do veículo da frente";"Colisão traseira";"Com Vítimas Feridas";"Pleno dia";"Decrescente";"Chuva";"Simples";"Reta";"Não";5;0;1;0;4;0;1;2;-10,13388468;-62,87095286;"SPRF-RO";"DEL03-RO";"UOP01-DEL03-RO"
553743;2023-10-08;"domingo";"19:40:00";"RJ";393;235;"VASSOURAS";"Acessar a via sem observar a presença dos outros veículos";"Colisão transversal";"Com Vítimas Feridas";"Plena Noite";"Crescente";"Céu Claro";"Simples";"Reta";"Sim";2;0;1;0;1;0;1;2;-22,38370934;-43,64221072;"SPRF-RJ";"DEL05-RJ";"UOP03-DEL05-RJ"
553744;2023-10-08;"domingo";"18:40:00";"MA";135;185;"SAO MATEUS DO MARANHAO";"Ausência de reação do condutor";"Colisão frontal";"Com Vítimas Fatais";"Plena Noite";"Crescente";"Céu Claro";"Simples";"Ponte";"Não";2;1;0;1;0;0;1;2;-4,06423698;-44,47427456;"SPRF-MA";"DEL03-MA";"UOP01-DEL03-MA"
553745;2023-10-08;"domingo";"21:30:00";"RN";304;160;"ANGICOS";"Problema na suspensão";"Saída de leito carroçável";"Com Vítimas Feridas";"Plena Noite";"Crescente";"Céu Claro";"Simples";"Reta;Em Obras";"Não";21;0;8;0;13;0;8;1;-5,68956173;-36,51082051;"SPRF-RN";"DEL01-RN";"UOP03-DEL01-RN"
553747;2023-10-08;"domingo";"20:50:00";"RS";386;375,3;"PAVERAMA";"Acessar a via sem observar a presença dos outros veículos";"Colisão lateral mesmo sentido";"Com Vítimas Feridas";"Plena Noite";"Decrescente";"Chuva";"Dupla";"Reta";"Não";5;0;1;0;4;0;1;2;-29,616631;-51,78643;"SPRF-RS";"DEL04-RS";"UOP01-DEL04-RS"
553748;2023-10-08;"domingo";"21:17:00";"RJ";101;46;"CAMPOS DOS GOYTACAZES";"Reação tardia ou ineficiente do condutor";"Tombamento";"Com Vítimas Feridas";"Plena Noite";"Crescente";"Céu Claro";"Simples";"Reta";"Não";1;0;1;0;0;0;1;1;-21,59839998;-41,3168335;"SPRF-RJ";"DEL08-RJ";"UOP01-DEL08-RJ"
553749;2023-10-08;"domingo";"22:45:00";"MG";381;911,9;"CAMANDUCAIA";"Velocidade Incompatível";"Capotamento";"Com Vítimas Feridas";"Plena Noite";"Crescente";"Chuva";"Dupla";"Curva";"Não";1;0;1;0;0;0;1;1;-22,70544848;-46,11977935;"SPRF-MG";"DEL16-MG";"UOP03-DEL16-MG"
553751;2023-10-08;"domingo";"22:15:00";"RS";290;41,9;"SANTO ANTONIO DA PATRULHA";"Condutor Dormindo";"Saída de leito carroçável";"Sem Vítimas";"Pleno dia";"Decrescente";"Chuva";"Dupla";"Reta";"Não";1;0;0;0;1;0;0;1;-29,889887;-50,699654;"SPRF-RS";"DEL03-RS";"UOP01-DEL03-RS"
553752;2023-10-08;"domingo";"22:50:00";"SP";153;59;"SAO JOSE DO RIO PRETO";"Acumulo de água sobre o pavimento";"Capotamento";"Com Vítimas Feridas";"Plena Noite";"Decrescente";"Chuva";"Dupla";"Reta;Declive";"Sim";4;0;3;1;0;0;4;1;-20,78733103;-49,35399276;"SPRF-SP";"DEL09-SP";"UOP01-DEL09-SP"
553754;2023-10-08;"domingo";"22:30:00";"RS";285;345,6;"CARAZINHO";"Ingestão de álcool pelo condutor";"Saída de leito carroçável";"Com Vítimas Feridas";"Plena Noite";"Decrescente";"Nublado";"Simples";"Aclive;Reta";"Não";1;0;1;0;0;0;1;1;-28,330267;-52,839966;"SPRF-RS";"DEL08-RS";"UOP03-DEL08-RS"
553755;2023-10-08;"domingo";"23:20:00";"ES";101;263,9;"SERRA";"Acesso irregular";"Colisão com objeto";"Com Vítimas Feridas";"Plena Noite";"Crescente";"Céu Claro";"Múltipla";"Reta";"Sim";4;0;1;2;0;1;3;2;-20,1737;-40,2671;"SPRF-ES";"DEL02-ES";"UOP01-DEL02-ES"
553756;2023-10-08;"domingo";"23:00:00";"SE";235;41,5;"ITABAIANA";"Ausência de reação do condutor";"Colisão traseira";"Com Vítimas Feridas";"Plena Noite";"Crescente";"Céu Claro";"Simples";"Reta";"Não";2;0;1;0;1;0;1;2;-10,769856;-37,373135;"SPRF-SE";"DEL01-SE";"UOP02-DEL01-SE"
553757;2023-10-08;"domingo";"20:08:00";"MT";174;11;"PONTES E LACERDA";"Reação tardia ou ineficiente do condutor";"Atropelamento de Pedestre";"Com Vítimas Feridas";"Plena Noite";"Decrescente";"Céu Claro";"Simples";"Reta";"Não";3;0;1;0;2;0;1;2;-15,20224;-59,384588;"SPRF-MT";"DEL04-MT";"UOP01-DEL04-MT"
553760;2023-10-08;"domingo";"23:10:00";"PE";104;64,6;"CARUARU";"Condutor Dormindo";"Saída de leito carroçável";"Sem Vítimas";"Plena Noite";"Crescente";"Céu Claro";"Dupla";"Curva";"Sim";1;0;0;0;0;1;0;1;-8,27311727;-35,98212361;"SPRF-PE";"DEL02-PE";"UOP01-DEL02-PE"
553761;2023-10-08;"domingo";"19:30:00";"RJ";101;272;"RIO BONITO";"Ausência de reação do condutor";"Colisão lateral mesmo sentido";"Com Vítimas Feridas";"Plena Noite";"Crescente";"Céu Claro";"Dupla";"Reta";"Não";2;0;2;0;0;0;2;1;-22,72935968;-42,70112512;"SPRF-RJ";"DEL02-RJ";"UOP03-DEL02-RJ"
553762;2023-10-08;"domingo";"23:30:00";"MG";381;490;"BETIM";"Velocidade Incompatível";"Saída de leito carroçável";"Sem Vítimas";"Plena Noite";"Crescente";"Céu Claro";"Múltipla";"Reta";"Sim";1;0;0;0;0;1;0;1;-19,95562097;-44,14551258;"SPRF-MG";"DEL01-MG";"UOP03-DEL01-MG"
553763;2023-10-08;"domingo";"23:00:00";"PR";116;155;"MANDIRITUBA";"Velocidade Incompatível";"Saída de leito carroçável";"Com Vítimas Feridas";"Plena Noite";"Crescente";"Nublado";"Simples";"Curva;Declive";"Não";1;0;1;0;0;0;1;1;-25,8652;-49,3836;"SPRF-PR";"DEL01-PR";"UOP03-DEL01-PR"
553764;2023-10-08;"domingo";"22:30:00";"SC";470;2;"NAVEGANTES";"Pedestre cruzava a pista fora da faixa";"Atropelamento de Pedestre";"Com Vítimas Feridas";"Plena Noite";"Crescente";"Chuva";"Dupla";"Reta;Em Obras";"Sim";2;0;1;1;0;0;2;2;-26,868551;-48,674831;"SPRF-SC";"DEL04-SC";"UOP04-DEL04-SC"
553765;2023-10-08;"domingo";"22:00:00";"SC";282;575;"PINHALZINHO";"Condutor Dormindo";"Saída de leito carroçável";"Com Vítimas Feridas";"Plena Noite";"Crescente";"Céu Claro";"Simples";"Reta";"Sim";1;0;1;0;0;0;1;1;-26,863194;-52,974529;"SPRF-SC";"DEL07-SC";"UOP02-DEL07-SC"
553767;2023-10-08;"domingo";"19:40:00";"PR";376;474,5;"PONTA GROSSA";"Chuva";"Colisão com objeto";"Com Vítimas Feridas";"Plena Noite";"Decrescente";"Chuva";"Dupla";"Reta;Declive;Viaduto";"Não";1;0;1;0;0;0;1;1;-25,13202399;-50,16933024;"SPRF-PR";"DEL03-PR";"UOP01-DEL03-PR"
553771;2023-10-09;"segunda-feira";"00:50:00";"SP";116;340;"MIRACATU";"Reação tardia ou ineficiente do condutor";"Saída de leito carroçável";"Com Vítimas Feridas";"Plena Noite";"Decrescente";"Chuva";"Dupla";"Declive;Curva";"Não";1;0;1;0;0;0;1;1;-24,00328505;-47,15633198;"SPRF-SP";"DEL04-SP";"UOP03-DEL04-SP"
553773;2023-10-09;"segunda-feira";"00:55:00";"MT";163;838;"SINOP";"Reação tardia ou ineficiente do condutor";"Queda de ocupante de veículo";"Com Vítimas Feridas";"Plena Noite";"Crescente";"Céu Claro";"Simples";"Reta";"Sim";2;0;2;0;0;0;2;1;-11,829;-55,487;"SPRF-MT";"DEL06-MT";"UOP02-DEL06-MT"
553774;2023-10-08;"domingo";"22:00:00";"SC";101;396,3;"MARACAJA";"Ingestão de álcool pelo condutor";"Saída de leito carroçável";"Sem Vítimas";"Plena Noite";"Crescente";"Chuva";"Dupla";"Reta;Declive";"Não";1;0;0;0;1;0;0;1;-28,82459572;-49,40472033;"SPRF-SC";"DEL02-SC";"UOP02-DEL02-SC"
553775;2023-10-08;"domingo";"19:15:00";"PR";373;250,5;"GUAMIRANGA";"Ingestão de álcool pelo condutor";"Colisão lateral sentido oposto";"Com Vítimas Feridas";"Plena Noite";"Crescente";"Chuva";"Simples";"Reta;Aclive";"Não";2;0;0;1;1;0;1;2;-25,18941826;-50,85337501;"SPRF-PR";"DEL03-PR";"UOP01-DEL03-PR"
553776;2023-10-09;"segunda-feira";"01:03:00";"RJ";116;204;"QUEIMADOS";"Demais falhas mecânicas ou elétricas";"Incêndio";"Sem Vítimas";"Plena Noite";"Crescente";"Céu Claro";"Dupla";"Reta";"Não";2;0;0;0;2;0;0;1;-22,72895007;-43,63189001;"SPRF-RJ";"DEL01-RJ";"UOP03-DEL01-RJ"
553777;2023-10-09;"segunda-feira";"01:35:00";"SC";116;210,9;"PONTE ALTA";"Velocidade Incompatível";"Saída de leito carroçável";"Sem Vítimas";"Plena Noite";"Crescente";"Garoa/Chuvisco";"Simples";"Curva;Declive";"Não";1;0;0;0;1;0;0;1;-27,50285695;-50,36575969;"SPRF-SC";"DEL05-SC";"UOP03-DEL05-SC"
553778;2023-10-09;"segunda-feira";"02:00:00";"SP";459;28;"LORENA";"Demais falhas mecânicas ou elétricas";"Incêndio";"Sem Vítimas";"Plena Noite";"Crescente";"Chuva";"Dupla";"Reta";"Sim";1;0;0;0;0;1;0;1;-22,71099415;-45,11226962;"SPRF-SP";"DEL08-SP";"UOP02-DEL08-SP"
553782;2023-10-09;"segunda-feira";"02:50:00";"RJ";493;1;"ITABORAI";"Conversão proibida";"Colisão frontal";"Com Vítimas Fatais";"Plena Noite";"Crescente";"Céu Claro";"Simples";"Reta";"Sim";2;1;0;0;1;0;0;2;-22,76398788;-42,92731895;"SPRF-RJ";"DEL02-RJ";"UOP02-DEL02-RJ"
553783;2023-10-09;"segunda-feira";"03:15:00";"RS";116;234,9;"NOVO HAMBURGO";"Ausência de reação do condutor";"Saída de leito carroçável";"Sem Vítimas";"Plena Noite";"Decrescente";"Garoa/Chuvisco";"Dupla";"Reta;Aclive";"Sim";2;0;0;0;2;0;0;1;-29,65121313;-51,1444433;"SPRF-RS";"DEL01-RS";"UOP02-DEL01-RS"
553785;2023-10-09;"segunda-feira";"02:05:00";"SC";282;16,8;"PALHOCA";"Ingestão de álcool pelo condutor";"Colisão com objeto";"Sem Vítimas";"Plena Noite";"Crescente";"Nublado";"Simples";"Desvio Temporário";"Sim";1;0;0;0;1;0;0;1;-27,658611;-48,681847;"SPRF-SC";"DEL01-SC";"UOP02-DEL01-SC"
553787;2023-10-09;"segunda-feira";"04:00:00";"SP";116;178;"GUARAREMA";"Ausência de reação do condutor";"Atropelamento de Pedestre";"Com Vítimas Fatais";"Plena Noite";"Decrescente";"Chuva";"Dupla";"Interseção de Vias";"Não";3;1;0;0;1;1;0;2;-23,327667;-46,128108;"SPRF-SP";"DEL01-SP";"UOP01-DEL01-SP"
553788;2023-10-09;"segunda-feira";"03:00:00";"RJ";356;180;"SAO JOAO DA BARRA";"Transitar na contramão";"Colisão frontal";"Sem Vítimas";"Plena Noite";"Decrescente";"Céu Claro";"Simples";"Reta";"Não";3;0;0;0;1;2;0;2;-21,66803744;-41,05457783;"SPRF-RJ";"DEL08-RJ";"UOP02-DEL08-RJ"
553791;2023-10-09;"segunda-feira";"05:20:00";"RN";101;54,5;"CEARA-MIRIM";"Ausência de reação do condutor";"Colisão com objeto";"Com Vítimas Feridas";"Amanhecer";"Crescente";"Nublado";"Simples";"Reta";"Não";1;0;0;1;0;0;1;1;-5,564726;-35,297129;"SPRF-RN";"DEL02-RN";"UOP01-DEL02-RN"
553792;2023-10-09;"segunda-feira";"04:20:00";"MS";376;59;"GLORIA DE DOURADOS";"Deficiência do Sistema de Iluminação/Sinalização";"Colisão traseira";"Com Vítimas Feridas";"Amanhecer";"Decrescente";"Nublado";"Simples";"Reta;Declive";"Não";2;0;1;0;1;0;1;2;-22,449787;-54,246383;"SPRF-MS";"DEL04-MS";"UOP01-DEL04-MS"
553793;2023-10-09;"segunda-feira";"05:00:00";"MG";40;524;"CONTAGEM";"Animais na Pista";"Atropelamento de Animal";"Com Vítimas Feridas";"Pleno dia";"Decrescente";"Céu Claro";"Dupla";"Reta";"Sim";1;0;0;1;0;0;1;1;-19,8754469;-44,05345586;"SPRF-MG";"DEL01-MG";"UOP02-DEL01-MG"
553795;2023-10-09;"segunda-feira";"06:00:00";"MG";40;550,8;"NOVA LIMA";"Trafegar com motocicleta (ou similar) entre as faixas";"Colisão lateral mesmo sentido";"Com Vítimas Feridas";"Pleno dia";"Crescente";"Céu Claro";"Dupla";"Reta";"Sim";2;0;0;1;1;0;1;2;-20,0477638;-43,96439441;"SPRF-MG";"DEL01-MG";"UOP02-DEL01-MG"
553796;2023-10-09;"segunda-feira";"05:00:00";"MG";40;81;"PARACATU";"Animais na Pista";"Atropelamento de Animal";"Com Vítimas Feridas";"Plena Noite";"Decrescente";"Ignorado";"Simples";"Aclive;Reta";"Não";2;0;1;0;1;0;1;1;-17,46554886;-46,65217693;"SPRF-MG";"DEL14-MG";"UOP01-DEL14-MG"
553797;2023-10-08;"domingo";"19:00:00";"SC";280;55;"GUARAMIRIM";"Acessar a via sem observar a presença dos outros veículos";"Atropelamento de Pedestre";"Com Vítimas Feridas";"Plena Noite";"Crescente";"Chuva";"Dupla";"Reta";"Não";2;0;1;0;1;0;1;2;-26,47584353;-48,9937858;"SPRF-SC";"DEL03-SC";"UOP03-DEL03-SC"
553798;2023-10-09;"segunda-feira";"05:30:00";"RS";386;411,2;"TRIUNFO";"Chuva";"Colisão com objeto";"Com Vítimas Feridas";"Plena Noite";"Decrescente";"Chuva";"Dupla";"Reta";"Não";1;0;1;0;0;0;1;1;-29,80394;-51,509174;"SPRF-RS";"DEL04-RS";"UOP02-DEL04-RS"
553800;2023-10-09;"segunda-feira";"04:50:00";"MS";163;13;"MUNDO NOVO";"Reação tardia ou ineficiente do condutor";"Saída de leito carroçável";"Com Vítimas Feridas";"Amanhecer";"Crescente";"Nevoeiro/Neblina";"Simples";"Curva";"Não";4;0;2;0;2;0;2;1;-23,94930913;-54,31242811;"SPRF-MS";"DEL09-MS";"UOP02-DEL09-MS"
553801;2023-10-08;"domingo";"18:00:00";"MG";116;414;"GOVERNADOR VALADARES";"Acessar a via sem observar a presença dos outros veículos";"Colisão transversal";"Com Vítimas Feridas";"Plena Noite";"Crescente";"Céu Claro";"Simples";"Interseção de Vias";"Não";2;0;1;0;1;0;1;2;-18,88102703;-41,95910802;"SPRF-MG";"DEL06-MG";"UOP01-DEL06-MG"
553804;2023-10-09;"segunda-feira";"05:50:00";"MG";262;54;"MANHUACU";"Demais falhas mecânicas ou elétricas";"Saída de leito carroçável";"Com Vítimas Feridas";"Amanhecer";"Crescente";"Nublado";"Simples";"Reta";"Não";1;0;1;0;0;0;1;1;-20,26134902;-42,16469099;"SPRF-MG";"DEL06-MG";"UOP03-DEL06-MG"
553806;2023-10-09;"segunda-feira";"00:01:00";"SC";101;6;"ARARANGUA";"Velocidade Incompatível";"Saída de leito carroçável";"Sem Vítimas";"Plena Noite";"Crescente";"Chuva";"Simples";"Rotatória";"Sim";1;0;0;0;1;0;0;1;-28,96320522;-49,51915741;"SPRF-SC";"DEL03-SC";"UOP01-DEL03-SC"
553807;2023-10-09;"segunda-feira";"06:14:00";"PE";232;9;"RECIFE";"Reação tardia ou ineficiente do condutor";"Saída de leito carroçável";"Sem Vítimas";"Pleno dia";"Crescente";"Sol";"Dupla";"Reta";"Sim";2;0;0;0;2;0;0;2;-8,076922;-34,974585;"SPRF-PE";"DEL01-PE";"UOP01-DEL01-PE"
553810;2023-10-09;"segunda-feira";"07:19:00";"TO";153;347;"GUARAI";"Ingestão de álcool pelo condutor";"Saída de leito carroçável";"Com Vítimas Feridas";"Pleno dia";"Crescente";"Céu Claro";"Simples";"Reta";"Não";2;0;1;0;0;1;1;2;-8,95229538;-48,5001081;"SPRF-TO";"DEL02-TO";"UOP02-DEL02-TO"
553812;2023-08-02;"quarta-feira";"18:00:00";"RN";110;45;"MOSSORO";"Conversão proibida";"Colisão transversal";"Com Vítimas Feridas";"Plena Noite";"Decrescente";"Céu Claro";"Simples";"Reta";"Sim";2;0;0;1;0;1;1;2;-5,19797675;-37,31839819;"SPRF-RN";"DEL04-RN";"UOP01-DEL04-RN"
553813;2023-10-09;"segunda-feira";"06:30:00";"TO";153;189;"NOVA OLINDA";"Condutor deixou de manter distância do veículo da frente";"Colisão traseira";"Com Vítimas Feridas";"Pleno dia";"Decrescente";"Céu Claro";"Simples";"Curva";"Não";2;0;1;0;1;0;1;2;-7,55100628;-48,41761059;"SPRF-TO";"DEL02-TO";"UOP01-DEL02-TO"
553814;2023-10-09;"segunda-feira";"03:21:00";"SP";381;82;"SAO PAULO";"Reação tardia ou ineficiente do condutor";"Colisão com objeto";"Com Vítimas Feridas";"Plena Noite";"Crescente";"Chuva";"Múltipla";"Reta";"Não";1;0;1;0;0;0;1;1;-23,42399;-46,575112;"SPRF-SP";"DEL03-SP";"UOP01-DEL03-SP"
553815;2023-10-08;"domingo";"20:42:00";"SP";381;76;"SAO PAULO";"Reação tardia ou ineficiente do condutor";"Capotamento";"Com Vítimas Feridas";"Plena Noite";"Crescente";"Chuva";"Dupla";"Curva;Declive";"Não";3;0;2;0;1;0;2;1;-23,38372401;-46,56502116;"SPRF-SP";"DEL03-SP";"UOP01-DEL03-SP"
553817;2023-10-09;"segunda-feira";"06:50:00";"RJ";101;416;"MANGARATIBA";"Pista Escorregadia";"Tombamento";"Com Vítimas Feridas";"Pleno dia";"Decrescente";"Chuva";"Dupla";"Reta;Declive";"Não";10;0;9;1;0;0;10;1;-22,90729503;-43,89024997;"SPRF-RJ";"DEL03-RJ";"UOP02-DEL03-RJ"
553820;2023-10-09;"segunda-feira";"08:15:00";"RS";386;434,7;"NOVA SANTA RITA";"Acessar a via sem observar a presença dos outros veículos";"Colisão transversal";"Com Vítimas Feridas";"Pleno dia";"Crescente";"Nublado";"Dupla";"Reta;Rotatória";"Sim";2;0;1;0;1;0;1;2;-29,84585531;-51,2783432;"SPRF-RS";"DEL04-RS";"UOP02-DEL04-RS"
553821;2023-10-09;"segunda-feira";"07:50:00";"CE";116;502,6;"BREJO SANTO";"Ausência de reação do condutor";"Atropelamento de Pedestre";"Com Vítimas Feridas";"Pleno dia";"Crescente";"Céu Claro";"Simples";"Reta";"Sim";2;0;0;1;1;0;1;2;-7,46246999;-38,97595702;"SPRF-CE";"DEL05-CE";"UOP03-DEL05-CE"
553822;2023-10-09;"segunda-feira";"07:40:00";"PR";163;284;"MARECHAL CANDIDO RONDON";"Desrespeitar a preferência no cruzamento";"Colisão transversal";"Com Vítimas Feridas";"Pleno dia";"Decrescente";"Céu Claro";"Dupla";"Rotatória;Em Obras";"Sim";7;0;1;0;6;0;1;3;-24,568102;-54,034168;"SPRF-PR";"DEL06-PR";"UOP02-DEL06-PR"