"id";"data_inversa";"dia_semana";"horario";"uf";"br";"km";"municipio";"causa_acidente";"tipo_acidente";"classificacao_acidente";"fase_dia";"sentido_via";"condicao_metereologica";"tipo_pista";"tracado_via";"uso_solo";"pessoas";"mortos";"feridos_leves";"feridos_graves";"ilesos";"ignorados";"feridos";"veiculos";"latitude";"longitude";"regional";"delegacia";"uop"
554056;2023-10-10;"terça-feira";"08:00:00";"TO";242;453;"FORMOSO DO ARAGUAIA";"Acessar a via sem observar a presença dos outros veículos";"Colisão lateral mesmo sentido";"Com Vítimas Feridas";"Pleno dia";"Decrescente";"Céu Claro";"Dupla";"Curva";"Não";2;0;0;1;1;0;1;2;-11,8117766;-49,5289078;"SPRF-TO";"DEL01-TO";"UOP02-DEL01-TO"
554057;2023-10-10;"terça-feira";"09:15:00";"SC";101;214,6;"PALHOCA";"Condutor deixou de manter distância do veículo da frente";"Colisão traseira";"Com Vítimas Feridas";"Pleno dia";"Decrescente";"Céu Claro";"Múltipla";"Reta";"Sim";3;0;1;0;2;0;1;2;-27,64443;-48,67057;"SPRF-SC";"DEL01-SC";"UOP02-DEL01-SC"
554059;2023-10-10;"terça-feira";"08:40:00";"PR";376;597;"CURITIBA";"Manobra de mudança de faixa";"Colisão lateral mesmo sentido";"Com Vítimas Feridas";"Pleno dia";"Crescente";"Nublado";"Dupla";"Reta";"Sim";3;0;1;0;2;0;1;3;-25,5205176;-49,33435321;"SPRF-PR";"DEL01-PR";"UOP06-DEL01-PR"
554065;2023-10-10;"terça-feira";"09:34:00";"PE";232;10;"JABOATAO DOS GUARARAPES";"Condutor deixou de manter distância do veículo da frente";"Colisão traseira";"Com Vítimas Feridas";"Pleno dia";"Crescente";"Céu Claro";"Dupla";"Reta";"Sim";3;0;1;0;2;0;1;3;-8,07917241;-34,98718609;"SPRF-PE";"DEL01-PE";"UOP01-DEL01-PE"
554066;2023-10-10;"terça-feira";"09:35:00";"RN";101;94;"NATAL";"Reação tardia ou ineficiente do condutor";"Engavetamento";"Sem Vítimas";"Pleno dia";"Decrescente";"Céu Claro";"Múltipla";"Reta";"Sim";3;0;0;0;3;0;0;3;-5,82899267;-35,21099207;"SPRF-RN";"DEL01-RN";"UOP01-DEL01-RN"
554067;2023-10-10;"terça-feira";"10:10:00";"RN";101;94;"NATAL";"Condutor deixou de manter distância do veículo da frente";"Colisão traseira";"Sem Vítimas";"Pleno dia";"Decrescente";"Céu Claro";"Simples";"Reta";"Sim";3;0;0;0;3;0;0;3;-5,83176615;-35,21191342;"SPRF-RN";"DEL01-RN";"UOP01-DEL01-RN"
554068;2023-10-10;"terça-feira";"07:45:00";"PR";277;669;"MEDIANEIRA";"Condutor deixou de manter distância do veículo da frente";"Saída de leito carroçável";"Com Vítimas Feridas";"Pleno dia";"Decrescente";"Céu Claro";"Dupla";"Reta;Declive";"Sim";1;0;1;0;0;0;1;1;-25,27562214;-54,0709859;"SPRF-PR";"DEL05-PR";"UOP02-DEL05-PR"
554069;2023-10-10;"terça-feira";"09:20:00";"GO";60;164;"GOIANIA";"Ausência de reação do condutor";"Colisão lateral mesmo sentido";"Com Vítimas Feridas";"Pleno dia";"Decrescente";"Céu Claro";"Dupla";"Reta;Declive";"Não";2;0;1;0;1;0;1;2;-16,7002;-49,3335;"SPRF-GO";"DEL01-GO";"UOP02-DEL01-GO"
554070;2023-10-10;"terça-feira";"09:20:00";"PB";230;292;"SANTA LUZIA";"Acessar a via sem observar a presença dos outros veículos";"Colisão transversal";"Com Vítimas Feridas";"Pleno dia";"Decrescente";"Céu Claro";"Simples";"Reta";"Sim";2;0;2;0;0;0;2;2;-6,8684;-36,9222;"SPRF-PB";"DEL03-PB";"UOP01-DEL03-PB"
554071;2023-09-28;"quinta-feira";"17:30:00";"RJ";116;176;"SAO JOAO DE MERITI";"Acesso irregular";"Colisão transversal";"Com Vítimas Feridas";"Pleno dia";"Crescente";"Céu Claro";"Múltipla";"Reta;Interseção de Vias";"Não";1;0;1;0;0;0;1;1;-22,7839538;-43,38195488;"SPRF-RJ";"DEL01-RJ";"UOP02-DEL01-RJ"
554072;2023-10-10;"terça-feira";"11:10:00";"PB";230;16,8;"JOAO PESSOA";"Ausência de reação do condutor";"Engavetamento";"Com Vítimas Feridas";"Pleno dia";"Decrescente";"Céu Claro";"Dupla";"Reta";"Não";4;0;1;0;3;0;1;3;-7,1039;-34,8458;"SPRF-PB";"DEL01-PB";"UOP01-DEL01-PB"
554074;2023-10-10;"terça-feira";"11:07:00";"RN";101;96,5;"NATAL";"Manobra de mudança de faixa";"Colisão traseira";"Com Vítimas Feridas";"Pleno dia";"Decrescente";"Céu Claro";"Múltipla";"Reta";"Sim";2;0;1;0;1;0;1;2;-5,85217339;-35,2100122;"SPRF-RN";"DEL01-RN";"UOP01-DEL01-RN"
554076;2023-10-10;"terça-feira";"12:00:00";"SC";101;333,7;"TUBARAO";"Desrespeitar a preferência no cruzamento";"Colisão transversal";"Com Vítimas Feridas";"Pleno dia";"Decrescente";"Céu Claro";"Múltipla";"Interseção de Vias;Viaduto";"Sim";2;0;0;1;1;0;1;2;-28,46630107;-48,99653096;"SPRF-SC";"DEL02-SC";"UOP01-DEL02-SC"
554077;2023-10-10;"terça-feira";"12:00:00";"SP";116;147;"SAO JOSE DOS CAMPOS";"Trafegar com motocicleta (ou similar) entre as faixas";"Colisão lateral mesmo sentido";"Com Vítimas Feridas";"Pleno dia";"Decrescente";"Céu Claro";"Dupla";"Reta";"Sim";3;0;0;1;2;0;1;3;-23,19542994;-45,87176303;"SPRF-SP";"DEL02-SP";"UOP01-DEL02-SP"
554079;2023-10-10;"terça-feira";"10:15:00";"RJ";101;574;"PARATY";"Acessar a via sem observar a presença dos outros veículos";"Colisão lateral mesmo sentido";"Com Vítimas Feridas";"Pleno dia";"Crescente";"Nublado";"Simples";"Curva";"Sim";4;0;0;1;1;2;1;3;-23,21358252;-44,73484755;"SPRF-RJ";"DEL03-RJ";"UOP04-DEL03-RJ"
554080;2023-10-09;"segunda-feira";"17:40:00";"AL";316;269;"SATUBA";"Ingestão de álcool ou de substâncias psicoativas pelo pedestre";"Atropelamento de Pedestre";"Com Vítimas Feridas";"Anoitecer";"Crescente";"Céu Claro";"Simples";"Reta";"Sim";2;0;0;1;1;0;1;2;-9,57589005;-35,83163597;"SPRF-AL";"DEL02-AL";"UOP01-DEL02-AL"
554081;2023-10-09;"segunda-feira";"06:50:00";"RS";470;216;"BENTO GONCALVES";"Condutor deixou de manter distância do veículo da frente";"Colisão traseira";"Sem Vítimas";"Pleno dia";"Decrescente";"Céu Claro";"Dupla";"Reta";"Sim";3;0;0;0;3;0;0;2;-29,15887096;-51,53142395;"SPRF-RS";"DEL06-RS";"UOP01-DEL06-RS"
554082;2023-09-26;"terça-feira";"19:00:00";"SC";116;112,5;"SANTA CECILIA";"Reação tardia ou ineficiente do condutor";"Saída de leito carroçável";"Com Vítimas Feridas";"Plena Noite";"Decrescente";"Chuva";"Simples";"Declive;Reta";"Não";2;0;2;0;0;0;2;1;-26,77723709;-50,3477023;"SPRF-SC";"DEL06-SC";"UOP02-DEL06-SC"
554086;2023-10-10;"terça-feira";"10:55:00";"RO";364;423;"JARU";"Acesso irregular";"Colisão com objeto";"Com Vítimas Feridas";"Pleno dia";"Decrescente";"Sol";"Simples";"Reta";"Não";2;0;1;0;1;0;1;2;-10,45220802;-62,46072003;"SPRF-RO";"DEL03-RO";"UOP02-DEL03-RO"
554087;2023-10-10;"terça-feira";"13:10:00";"MG";40;46,6;"PARACATU";"Acessar a via sem observar a presença dos outros veículos";"Colisão transversal";"Com Vítimas Feridas";"Pleno dia";"Crescente";"Sol";"Simples";"Reta;Aclive";"Não";2;0;1;0;1;0;1;2;-17,23875763;-46,83697693;"SPRF-MG";"DEL14-MG";"UOP01-DEL14-MG"
554088;2023-10-06;"sexta-feira";"01:30:00";"SC";101;372;"ICARA";"Chuva";"Saída de leito carroçável";"Com Vítimas Feridas";"Plena Noite";"Crescente";"Chuva";"Dupla";"Reta";"Sim";2;0;2;0;0;0;2;1;-28,70864509;-49,20924696;"SPRF-SC";"DEL02-SC";"UOP01-DEL02-SC"
554089;2023-10-10;"terça-feira";"09:00:00";"RJ";116;173;"SAO JOAO DE MERITI";"Trafegar com motocicleta (ou similar) entre as faixas";"Colisão traseira";"Com Vítimas Feridas";"Pleno dia";"Decrescente";"Nublado";"Dupla";"Reta";"Sim";3;0;1;0;1;1;1;3;-22,79810324;-43,35726614;"SPRF-RJ";"DEL01-RJ";"UOP02-DEL01-RJ"
554090;2023-09-29;"sexta-feira";"06:00:00";"SC";282;17;"PALHOCA";"Reação tardia ou ineficiente do condutor";"Colisão lateral mesmo sentido";"Com Vítimas Feridas";"Pleno dia";"Crescente";"Nublado";"Simples";"Reta";"Não";2;0;1;0;1;0;1;2;-27,665707;-48,688065;"SPRF-SC";"DEL01-SC";"UOP02-DEL01-SC"
554091;2023-10-10;"terça-feira";"12:10:00";"GO";40;1,7;"VALPARAISO DE GOIAS";"Condutor deixou de manter distância do veículo da frente";"Colisão traseira";"Com Vítimas Feridas";"Pleno dia";"Crescente";"Céu Claro";"Dupla";"Reta";"Sim";2;0;1;0;1;0;1;2;-16,058245;-47,982825;"SPRF-DF";"DEL01-DF";"UOP01-DEL01-DF"
554092;2023-10-10;"terça-feira";"13:00:00";"MG";116;276;"TEOFILO OTONI";"Manobra de mudança de faixa";"Colisão lateral mesmo sentido";"Com Vítimas Feridas";"Pleno dia";"Crescente";"Céu Claro";"Simples";"Reta";"Sim";3;0;2;0;1;0;2;2;-17,85105696;-41,51454492;"SPRF-MG";"DEL11-MG";"UOP01-DEL11-MG"
554094;2023-10-10;"terça-feira";"09:05:00";"AP";210;105;"PORTO GRANDE";"Reação tardia ou ineficiente do condutor";"Colisão transversal";"Com Vítimas Feridas";"Pleno dia";"Crescente";"Céu Claro";"Simples";"Curva;Interseção de Vias";"Sim";2;0;0;1;1;0;1;2;0,70239423;-51,40504681;"SPRF-AP";"DEL01-AP";"UOP01-DEL01-AP"
554095;2023-10-10;"terça-feira";"14:00:00";"PE";101;40;"IGARASSU";"Transitar no Acostamento";"Atropelamento de Pedestre";"Com Vítimas Feridas";"Pleno dia";"Decrescente";"Céu Claro";"Dupla";"Reta";"Sim";2;0;1;0;1;0;1;2;-7,821475;-34,916545;"SPRF-PE";"DEL01-PE";"UOP02-DEL01-PE"
554097;2023-09-30;"sábado";"17:51:00";"DF";20;4;"BRASILIA";"Ausência de reação do condutor";"Colisão traseira";"Com Vítimas Feridas";"Pleno dia";"Decrescente";"Céu Claro";"Dupla";"Reta";"Sim";2;0;1;0;1;0;1;2;-15,675484;-47,823761;"SPRF-DF";"DEL02-DF";"UOP01-DEL02-DF"
554098;2023-10-10;"terça-feira";"14:25:00";"RS";116;247;"SAO LEOPOLDO";"Declive acentuado";"Colisão com objeto";"Com Vítimas Feridas";"Pleno dia";"Decrescente";"Céu Claro";"Dupla";"Viaduto;Reta;Declive";"Sim";2;0;2;0;0;0;2;1;-29,77241454;-51,15406036;"SPRF-RS";"DEL01-RS";"UOP02-DEL01-RS"
554099;2023-10-10;"terça-feira";"09:10:00";"RJ";465;4;"SEROPEDICA";"Conversão proibida";"Colisão lateral mesmo sentido";"Com Vítimas Feridas";"Pleno dia";"Decrescente";"Nublado";"Simples";"Reta";"Não";2;0;1;0;1;0;1;2;-22,740971;-43,705597;"SPRF-RJ";"DEL01-RJ";"UOP03-DEL01-RJ"
554102;2023-10-10;"terça-feira";"13:50:00";"RN";101;95;"NATAL";"Condutor deixou de manter distância do veículo da frente";"Colisão traseira";"Sem Vítimas";"Pleno dia";"Decrescente";"Céu Claro";"Múltipla";"Reta";"Sim";4;0;0;0;4;0;0;4;-5,84076841;-35,21035949;"SPRF-RN";"DEL01-RN";"UOP01-DEL01-RN"
554103;2023-10-10;"terça-feira";"14:30:00";"RJ";101;66;"CAMPOS DOS GOYTACAZES";"Transitar no Acostamento";"Colisão transversal";"Com Vítimas Feridas";"Pleno dia";"Crescente";"Céu Claro";"Dupla";"Reta";"Sim";3;0;1;0;2;0;1;3;-21,76090387;-41,34788959;"SPRF-RJ";"DEL08-RJ";"UOP02-DEL08-RJ"
554107;2023-10-10;"terça-feira";"14:10:00";"BA";324;618;"SALVADOR";"Demais falhas mecânicas ou elétricas";"Tombamento";"Com Vítimas Feridas";"Pleno dia";"Decrescente";"Céu Claro";"Dupla";"Reta";"Sim";2;0;2;0;0;0;2;1;-12,891109;-38,445374;"SPRF-BA";"DEL01-BA";"UOP01-DEL01-BA"
554108;2023-10-10;"terça-feira";"13:40:00";"GO";60;312;"ACREUNA";"Reação tardia ou ineficiente do condutor";"Saída de leito carroçável";"Com Vítimas Feridas";"Pleno dia";"Decrescente";"Céu Claro";"Dupla";"Reta";"Não";6;0;4;0;1;1;4;2;-17,4242;-50,4242;"SPRF-GO";"DEL04-GO";"UOP02-DEL04-GO"
554109;2023-10-10;"terça-feira";"14:15:00";"RS";386;321,5;"MARQUES DE SOUZA";"Ingestão de álcool pelo condutor";"Saída de leito carroçável";"Sem Vítimas";"Pleno dia";"Decrescente";"Sol";"Simples";"Curva;Aclive";"Não";1;0;0;0;1;0;0;1;-29,28949;-52,119026;"SPRF-RS";"DEL04-RS";"UOP01-DEL04-RS"
554110;2023-10-10;"terça-feira";"13:30:00";"RJ";40;90;"PETROPOLIS";"Reação tardia ou ineficiente do condutor";"Saída de leito carroçável";"Com Vítimas Feridas";"Pleno dia";"Crescente";"Garoa/Chuvisco";"Simples";"Curva";"Não";2;0;1;0;1;0;1;1;-22,550738;-43,236397;"SPRF-RJ";"DEL06-RJ";"UOP01-DEL06-RJ"
554111;2023-10-10;"terça-feira";"15:10:00";"TO";153;496;"PARAISO DO TOCANTINS";"Acessar a via sem observar a presença dos outros veículos";"Colisão transversal";"Com Vítimas Feridas";"Pleno dia";"Decrescente";"Nublado";"Simples";"Reta;Interseção de Vias";"Sim";2;0;1;0;1;0;1;2;-10,16527794;-48,88094578;"SPRF-TO";"DEL01-TO";"UOP01-DEL01-TO"
554114;2023-09-17;"domingo";"00:30:00";"SC";470;137,6;"RIO DO SUL";"Transitar na contramão";"Colisão frontal";"Com Vítimas Fatais";"Plena Noite";"Crescente";"Nublado";"Simples";"Reta;Ponte";"Sim";4;2;1;1;0;0;2;2;-27,19010444;-49,61962407;"SPRF-SC";"DEL04-SC";"UOP02-DEL04-SC"
554115;2023-10-10;"terça-feira";"15:30:00";"MG";365;626,6;"UBERLANDIA";"Pedestre andava na pista";"Atropelamento de Pedestre";"Com Vítimas Feridas";"Pleno dia";"Crescente";"Céu Claro";"Dupla";"Reta;Declive";"Sim";4;0;2;0;0;2;2;2;-18,90659356;-48,33469405;"SPRF-MG";"DEL15-MG";"UOP01-DEL15-MG"
554117;2023-10-10;"terça-feira";"14:08:00";"RO";364;516;"ARIQUEMES";"Condutor deixou de manter distância do veículo da frente";"Colisão traseira";"Com Vítimas Feridas";"Pleno dia";"Crescente";"Nublado";"Dupla";"Reta";"Sim";2;0;1;0;1;0;1;2;-9,915961;-63,05532;"SPRF-RO";"DEL03-RO";"UOP01-DEL03-RO"
554118;2023-10-10;"terça-feira";"15:40:00";"BA";420;305;"SANTA INES";"Objeto estático sobre o leito carroçável";"Colisão com objeto";"Com Vítimas Fatais";"Pleno dia";"Decrescente";"Céu Claro";"Simples";"Reta";"Não";2;1;0;0;1;0;0;2;-13,27505;-39,80969;"SPRF-BA";"DEL03-BA";"UOP01-DEL03-BA"
554119;2023-10-10;"terça-feira";"15:30:00";"SP";116;108;"TAUBATE";"Transitar no Acostamento";"Atropelamento de Pedestre";"Com Vítimas Feridas";"Pleno dia";"Decrescente";"Nublado";"Dupla";"Reta";"Sim";4;0;1;0;0;3;1;2;-23,0233097;-45,53763622;"SPRF-SP";"DEL02-SP";"UOP02-DEL02-SP"
554120;2023-10-10;"terça-feira";"15:00:00";"MT";70;60,8;"BARRA DO GARCAS";"Acostamento em desnível";"Saída de leito carroçável";"Com Vítimas Feridas";"Pleno dia";"Crescente";"Chuva";"Simples";"Reta;Declive";"Não";3;0;1;0;1;1;1;2;-15,75017401;-52,59685901;"SPRF-MT";"DEL07-MT";"UOP01-DEL07-MT"
554122;2023-10-10;"terça-feira";"16:00:00";"CE";116;1,9;"FORTALEZA";"Manobra de mudança de faixa";"Colisão lateral mesmo sentido";"Com Vítimas Feridas";"Pleno dia";"Decrescente";"Nublado";"Múltipla";"Reta";"Sim";4;0;2;0;2;0;2;2;-3,76159894;-38,51900662;"SPRF-CE";"DEL01-CE";"UOP02-DEL01-CE"
554123;2023-10-10;"terça-feira";"16:00:00";"RN";101;96,5;"NATAL";"Condutor deixou de manter distância do veículo da frente";"Colisão traseira";"Com Vítimas Feridas";"Pleno dia";"Crescente";"Céu Claro";"Múltipla";"Reta";"Sim";2;0;1;0;1;0;1;2;-5,84949622;-35,20890752;"SPRF-RN";"DEL01-RN";"UOP01-DEL01-RN"
554124;2023-10-10;"terça-feira";"16:50:00";"CE";20;286;"CANINDE";"Demais falhas mecânicas ou elétricas";"Queda de ocupante de veículo";"Com Vítimas Feridas";"Pleno dia";"Crescente";"Céu Claro";"Simples";"Reta";"Não";2;0;1;0;1;0;1;1;-4,52856595;-39,3636788;"SPRF-CE";"DEL02-CE";"UOP01-DEL02-CE"
554126;2023-10-10;"terça-feira";"16:40:00";"RS";116;240;"NOVO HAMBURGO";"Condutor deixou de manter distância do veículo da frente";"Engavetamento";"Com Vítimas Feridas";"Pleno dia";"Decrescente";"Céu Claro";"Dupla";"Reta;Aclive";"Sim";6;0;2;0;4;0;2;3;-29,7049401;-51,14677548;"SPRF-RS";"DEL01-RS";"UOP02-DEL01-RS"
554132;2023-10-10;"terça-feira";"17:20:00";"CE";222;3,8;"FORTALEZA";"Condutor deixou de manter distância do veículo da frente";"Colisão traseira";"Com Vítimas Feridas";"Anoitecer";"Crescente";"Céu Claro";"Múltipla";"Reta";"Sim";2;0;2;0;0;0;2;2;-3,7403769;-38,59569202;"SPRF-CE";"DEL01-CE";"UOP01-DEL01-CE"
554134;2023-10-10;"terça-feira";"12:30:00";"MG";40;613;"CONGONHAS";"Pedestre andava na pista";"Atropelamento de Pedestre";"Com Vítimas Feridas";"Pleno dia";"Decrescente";"Sol";"Simples";"Curva";"Não";2;0;1;0;1;0;1;2;-20,52605178;-43,82709866;"SPRF-MG";"DEL05-MG";"UOP02-DEL05-MG"
554135;2023-10-10;"terça-feira";"16:00:00";"RJ";101;456;"ANGRA DOS REIS";"Acessar a via sem observar a presença dos outros veículos";"Colisão transversal";"Com Vítimas Feridas";"Pleno dia";"Crescente";"Chuva";"Simples";"Reta;Interseção de Vias";"Sim";3;0;2;1;0;0;3;2;-23,03288558;-44,16793391;"SPRF-RJ";"DEL03-RJ";"UOP02-DEL03-RJ"
554136;2023-10-10;"terça-feira";"16:20:00";"PR";376;636;"SAO JOSE DOS PINHAIS";"Demais falhas mecânicas ou elétricas";"Saída de leito carroçável";"Com Vítimas Feridas";"Pleno dia";"Decrescente";"Céu Claro";"Dupla";"Reta";"Não";1;0;1;0;0;0;1;1;-25,75424001;-49,12624598;"SPRF-PR";"DEL01-PR";"UOP04-DEL01-PR"
554140;2023-10-05;"quinta-feira";"20:10:00";"RJ";101;327;"NITEROI";"Faixas de trânsito com largura insuficiente";"Queda de ocupante de veículo";"Com Vítimas Feridas";"Plena Noite";"Decrescente";"Chuva";"Múltipla";"Reta;Ponte";"Não";1;0;1;0;0;0;1;1;-22,87117393;-43,15595099;"SPRF-RJ";"DEL02-RJ";"UOP01-DEL02-RJ"
554141;2023-10-10;"terça-feira";"17:50:00";"RN";304;298,9;"MACAIBA";"Condutor deixou de manter distância do veículo da frente";"Colisão traseira";"Com Vítimas Feridas";"Anoitecer";"Decrescente";"Céu Claro";"Dupla";"Retorno Regulamentado";"Sim";4;0;2;0;0;2;2;3;-5,87067993;-35,32372713;"SPRF-RN";"DEL01-RN";"UOP02-DEL01-RN"
554142;2023-10-10;"terça-feira";"18:25:00";"RS";290;91;"PORTO ALEGRE";"Ausência de reação do condutor";"Colisão traseira";"Com Vítimas Feridas";"Anoitecer";"Crescente";"Sol";"Múltipla";"Reta";"Sim";3;0;1;0;1;1;1;3;-29,969055;-51,167439;"SPRF-RS";"DEL01-RS";"UOP01-DEL01-RS"
554143;2023-10-10;"terça-feira";"17:35:00";"MG";354;739;"POUSO ALTO";"Avarias e/ou desgaste excessivo no pneu";"Tombamento";"Com Vítimas Feridas";"Amanhecer";"Crescente";"Nublado";"Simples";"Aclive;Curva";"Não";2;0;2;0;0;0;2;1;-22,21739825;-44,94656131;"SPRF-MG";"DEL17-MG";"UOP01-DEL17-MG"
554145;2023-09-23;"sábado";"16:50:00";"SC";282;424,2;"VARGEM BONITA";"Velocidade Incompatível";"Colisão frontal";"Com Vítimas Feridas";"Pleno dia";"Decrescente";"Céu Claro";"Simples";"Curva";"Não";6;0;0;1;4;1;1;3;-26,993992;-51,753662;"SPRF-SC";"DEL07-SC";"UOP05-DEL07-SC"
554149;2023-09-09;"sábado";"18:30:00";"MT";163;701;"SORRISO";"Reação tardia ou ineficiente do condutor";"Colisão frontal";"Com Vítimas Feridas";"Plena Noite";"Crescente";"Céu Claro";"Simples";"Reta";"Não";3;0;1;0;2;0;1;2;-12,97219109;-55,87573528;"SPRF-MT";"DEL06-MT";"UOP01-DEL06-MT"
554150;2023-10-10;"terça-feira";"16:00:00";"RJ";116;89;"TERESOPOLIS";"Reação tardia ou ineficiente do condutor";"Saída de leito carroçável";"Com Vítimas Feridas";"Pleno dia";"Crescente";"Chuva";"Simples";"Curva";"Não";1;0;1;0;0;0;1;1;-22,45706098;-42,96221791;"SPRF-RJ";"DEL04-RJ";"UOP01-DEL04-RJ"
554151;2023-10-10;"terça-feira";"15:30:00";"RJ";116;99;"GUAPIMIRIM";"Reação tardia ou ineficiente do condutor";"Colisão lateral sentido oposto";"Sem Vítimas";"Pleno dia";"Decrescente";"Garoa/Chuvisco";"Simples";"Curva";"Não";2;0;0;0;2;0;0;2;-22,48851488;-42,99935184;"SPRF-RJ";"DEL04-RJ";"UOP01-DEL04-RJ"
554153;2023-10-10;"terça-feira";"17:25:00";"GO";20;32;"FORMOSA";"Acumulo de água sobre o pavimento";"Capotamento";"Com Vítimas Feridas";"Anoitecer";"Decrescente";"Chuva";"Simples";"Reta";"Não";5;0;3;0;2;0;3;1;-15,482159;-47,101757;"SPRF-DF";"DEL02-DF";"UOP02-DEL02-DF"
554156;2023-10-10;"terça-feira";"18:30:00";"ES";259;102,5;"BAIXO GUANDU";"Acessar a via sem observar a presença dos outros veículos";"Colisão transversal";"Com Vítimas Feridas";"Plena Noite";"Crescente";"Nublado";"Simples";"Reta";"Sim";2;0;1;0;1;0;1;2;-19,51441295;-40,99560702;"SPRF-ES";"DEL02-ES";"UOP01-DEL02-ES"
554157;2023-10-10;"terça-feira";"18:30:00";"RS";392;116;"CANGUCU";"Manobra de mudança de faixa";"Colisão lateral mesmo sentido";"Sem Vítimas";"Anoitecer";"Decrescente";"Céu Claro";"Simples";"Rotatória";"Não";2;0;0;0;2;0;0;2;-31,41577226;-52,67292023;"SPRF-RS";"DEL07-RS";"UOP01-DEL07-RS"
554158;2023-10-10;"terça-feira";"19:15:00";"GO";20;248,9;"GUARANI DE GOIAS";"Velocidade Incompatível";"Saída de leito carroçável";"Com Vítimas Feridas";"Plena Noite";"Crescente";"Céu Claro";"Simples";"Reta";"Não";1;0;0;1;0;0;1;1;-13,99195;-46,201012;"SPRF-DF";"DEL02-DF";"UOP03-DEL02-DF"
554159;2023-10-10;"terça-feira";"19:00:00";"SC";470;56;"BLUMENAU";"Acessar a via sem observar a presença dos outros veículos";"Colisão lateral mesmo sentido";"Com Vítimas Feridas";"Plena Noite";"Decrescente";"Nublado";"Simples";"Reta;Interseção de Vias";"Sim";3;0;1;0;2;0;1;2;-26,87674;-49,127743;"SPRF-SC";"DEL04-SC";"UOP01-DEL04-SC"
554160;2023-10-10;"terça-feira";"16:40:00";"AM";230;695,3;"CANUTAMA";"Ausência de reação do condutor";"Capotamento";"Com Vítimas Fatais";"Pleno dia";"Crescente";"Nublado";"Simples";"Reta";"Não";3;1;1;0;1;0;1;1;-7,48136174;-63,85481585;"SPRF-AM";"DEL01-AM";"UOP05-DEL01-AM"
554161;2023-10-10;"terça-feira";"13:30:00";"RO";435;84;"COLORADO DO OESTE";"Acessar a via sem observar a presença dos outros veículos";"Colisão transversal";"Sem Vítimas";"Pleno dia";"Decrescente";"Chuva";"Dupla";"Rotatória";"Sim";3;0;0;0;2;1;0;2;-13,12110955;-60,54496765;"SPRF-RO";"DEL04-RO";"UOP02-DEL04-RO"
554162;2023-10-10;"terça-feira";"17:30:00";"SP";381;78,9;"SAO PAULO";"Ausência de reação do condutor";"Colisão lateral mesmo sentido";"Sem Vítimas";"Anoitecer";"Decrescente";"Céu Claro";"Dupla";"Curva;Aclive";"Sim";2;0;0;0;2;0;0;2;-23,39620774;-46,57355227;"SPRF-SP";"DEL03-SP";"UOP01-DEL03-SP"
554163;2023-10-10;"terça-feira";"19:20:00";"RS";290;77;"GRAVATAI";"Frear bruscamente";"Colisão traseira";"Sem Vítimas";"Plena Noite";"Decrescente";"Céu Claro";"Múltipla";"Reta";"Não";3;0;0;0;3;0;0;3;-29,955027;-51,027363;"SPRF-RS";"DEL01-RS";"UOP01-DEL01-RS"
554164;2023-10-10;"terça-feira";"19:00:00";"RS";287;247,4;"SANTA MARIA";"Condutor deixou de manter distância do veículo da frente";"Colisão traseira";"Com Vítimas Feridas";"Anoitecer";"Decrescente";"Céu Claro";"Simples";"Reta";"Não";2;0;1;0;1;0;1;2;-29,696018;-53,850956;"SPRF-RS";"DEL09-RS";"UOP01-DEL09-RS"
554165;2023-10-10;"terça-feira";"18:50:00";"SC";101;194,1;"BIGUACU";"Ingestão de álcool pelo condutor";"Colisão lateral mesmo sentido";"Com Vítimas Feridas";"Plena Noite";"Decrescente";"Céu Claro";"Múltipla";"Reta";"Não";2;0;1;0;1;0;1;2;-27,49815117;-48,65661236;"SPRF-SC";"DEL01-SC";"UOP01-DEL01-SC"
554167;2023-10-10;"terça-feira";"19:00:00";"RS";386;216,2;"TIO HUGO";"Acessar a via sem observar a presença dos outros veículos";"Colisão transversal";"Com Vítimas Feridas";"Plena Noite";"Crescente";"Céu Claro";"Simples";"Reta;Declive";"Sim";2;0;2;0;0;0;2;2;-28,584908;-52,599743;"SPRF-RS";"DEL04-RS";"UOP03-DEL04-RS"
554169;2023-10-10;"terça-feira";"18:48:00";"MS";419;310;"NIOAQUE";"Animais na Pista";"Atropelamento de Animal";"Com Vítimas Feridas";"Plena Noite";"Crescente";"Ignorado";"Simples";"Reta";"Não";2;0;1;1;0;0;2;1;-20,990025;-55,76706;"SPRF-MS";"DEL03-MS";"UOP01-DEL03-MS"
554170;2023-10-10;"terça-feira";"20:43:00";"RN";110;51,2;"MOSSORO";"Animais na Pista";"Atropelamento de Animal";"Com Vítimas Feridas";"Plena Noite";"Decrescente";"Céu Claro";"Simples";"Reta";"Sim";1;0;1;0;0;0;1;1;-5,22684393;-37,33197037;"SPRF-RN";"DEL04-RN";"UOP01-DEL04-RN"
554171;2023-10-10;"terça-feira";"20:30:00";"RJ";40;59;"PETROPOLIS";"Pedestre cruzava a pista fora da faixa";"Atropelamento de Pedestre";"Com Vítimas Fatais";"Plena Noite";"Decrescente";"Céu Claro";"Dupla";"Curva";"Não";2;1;0;0;0;1;0;2;-22,38628773;-43,13543464;"SPRF-RJ";"DEL05-RJ";"UOP02-DEL05-RJ"