"id";"data_inversa";"dia_semana";"horario";"uf";"br";"km";"municipio";"causa_acidente";"tipo_acidente";"classificacao_acidente";"fase_dia";"sentido_via";"condicao_metereologica";"tipo_pista";"tracado_via";"uso_solo";"pessoas";"mortos";"feridos_leves";"feridos_graves";"ilesos";"ignorados";"feridos";"veiculos";"latitude";"longitude";"regional";"delegacia";"uop"
554298;2023-10-11;"quarta-feira";"14:00:00";"MG";40;565,2;"NOVA LIMA";"Conversão proibida";"Colisão transversal";"Com Vítimas Fatais";"Pleno dia";"Decrescente";"Nublado";"Simples";"Reta;Declive";"Sim";6;2;1;2;0;1;3;3;-20,16985101;-43,96554788;"SPRF-MG";"DEL01-MG";"UOP02-DEL01-MG"
554300;2023-09-28;"quinta-feira";"00:45:00";"RJ";101;329;"NITEROI";"Ausência de reação do condutor";"Capotamento";"Com Vítimas Feridas";"Plena Noite";"Decrescente";"Chuva";"Múltipla";"Reta";"Não";3;0;3;0;0;0;3;2;-22,86939305;-43,175642;"SPRF-RJ";"DEL02-RJ";"UOP01-DEL02-RJ"
554303;2023-10-11;"quarta-feira";"09:00:00";"PB";230;5,2;"CABEDELO";"Pista esburacada";"Tombamento";"Com Vítimas Feridas";"Pleno dia";"Crescente";"Céu Claro";"Dupla";"Reta";"Sim";1;0;1;0;0;0;1;1;-7,01;-34,8312;"SPRF-PB";"DEL01-PB";"UOP01-DEL01-PB"
554305;2023-10-11;"quarta-feira";"13:20:00";"MG";262;446;"NOVA SERRANA";"Ausência de reação do condutor";"Colisão com objeto";"Sem Vítimas";"Pleno dia";"Crescente";"Céu Claro";"Dupla";"Aclive";"Sim";1;0;0;0;1;0;0;1;-19,87514825;-44,95031205;"SPRF-MG";"DEL08-MG";"UOP03-DEL08-MG"
554307;2023-10-11;"quarta-feira";"15:00:00";"MG";381;485;"BETIM";"Ausência de reação do condutor";"Colisão traseira";"Com Vítimas Feridas";"Pleno dia";"Crescente";"Céu Claro";"Dupla";"Reta;Aclive";"Sim";1;0;1;0;0;0;1;1;-19,95659361;-44,12622893;"SPRF-MG";"DEL01-MG";"UOP03-DEL01-MG"
554309;2023-10-11;"quarta-feira";"15:10:00";"RJ";101;381;"RIO DE JANEIRO";"Frear bruscamente";"Colisão traseira";"Com Vítimas Feridas";"Pleno dia";"Crescente";"Céu Claro";"Múltipla";"Reta";"Sim";3;0;1;0;2;0;1;3;-22,86665409;-43,58896989;"SPRF-RJ";"DEL03-RJ";"UOP01-DEL03-RJ"
554310;2023-10-11;"quarta-feira";"14:50:00";"RJ";465;21;"NOVA IGUACU";"Trafegar com motocicleta (ou similar) entre as faixas";"Colisão lateral mesmo sentido";"Com Vítimas Feridas";"Pleno dia";"Decrescente";"Céu Claro";"Simples";"Reta";"Não";2;0;0;1;1;0;1;2;-22,854782;-43,601933;"SPRF-RJ";"DEL03-RJ";"UOP01-DEL03-RJ"
554311;2023-10-11;"quarta-feira";"12:00:00";"MG";381;766;"CAMPANHA";"Acessar a via sem observar a presença dos outros veículos";"Colisão lateral mesmo sentido";"Com Vítimas Feridas";"Pleno dia";"Crescente";"Céu Claro";"Dupla";"Reta";"Não";3;0;0;2;1;0;2;2;-21,76294597;-45,41241603;"SPRF-MG";"DEL16-MG";"UOP02-DEL16-MG"
554313;2023-10-11;"quarta-feira";"15:10:00";"SP";153;61,8;"SAO JOSE DO RIO PRETO";"Reação tardia ou ineficiente do condutor";"Colisão traseira";"Com Vítimas Feridas";"Pleno dia";"Crescente";"Céu Claro";"Dupla";"Reta";"Sim";2;0;0;1;1;0;1;2;-20,80502876;-49,35574909;"SPRF-SP";"DEL09-SP";"UOP01-DEL09-SP"
554314;2023-10-11;"quarta-feira";"15:45:00";"MG";381;495;"BETIM";"Ausência de reação do condutor";"Queda de ocupante de veículo";"Com Vítimas Feridas";"Pleno dia";"Decrescente";"Céu Claro";"Dupla";"Reta";"Sim";1;0;1;0;0;0;1;1;-19,98890883;-44,20522016;"SPRF-MG";"DEL01-MG";"UOP03-DEL01-MG"
554315;2023-10-11;"quarta-feira";"14:00:00";"ES";101;291;"CARIACICA";"Reação tardia ou ineficiente do condutor";"Colisão lateral mesmo sentido";"Com Vítimas Feridas";"Pleno dia";"Decrescente";"Céu Claro";"Dupla";"Reta";"Sim";2;0;1;0;1;0;1;2;-20,29755744;-40,39445616;"SPRF-ES";"DEL01-ES";"UOP01-DEL01-ES"
554316;2023-10-11;"quarta-feira";"14:00:00";"SC";101;383,1;"ICARA";"Reação tardia ou ineficiente do condutor";"Colisão traseira";"Com Vítimas Feridas";"Pleno dia";"Decrescente";"Chuva";"Dupla";"Reta";"Sim";2;0;1;0;1;0;1;2;-28,75478409;-49,27732095;"SPRF-SC";"DEL02-SC";"UOP02-DEL02-SC"
554317;2023-10-11;"quarta-feira";"15:15:00";"SC";470;57,9;"BLUMENAU";"Acessar a via sem observar a presença dos outros veículos";"Colisão transversal";"Com Vítimas Feridas";"Pleno dia";"Decrescente";"Céu Claro";"Simples";"Reta;Em Obras";"Sim";3;0;1;0;2;0;1;2;-26,88410966;-49,14659347;"SPRF-SC";"DEL04-SC";"UOP01-DEL04-SC"
554321;2023-10-11;"quarta-feira";"15:30:00";"SP";116;101;"PINDAMONHANGABA";"Manobra de mudança de faixa";"Colisão lateral mesmo sentido";"Com Vítimas Feridas";"Pleno dia";"Crescente";"Céu Claro";"Simples";"Reta";"Não";2;0;0;1;1;0;1;2;-22,99074204;-45,48115098;"SPRF-SP";"DEL08-SP";"UOP01-DEL08-SP"
554323;2023-10-11;"quarta-feira";"15:40:00";"MG";262;421,1;"IGARATINGA";"Transitar na contramão";"Colisão frontal";"Com Vítimas Feridas";"Pleno dia";"Decrescente";"Sol";"Dupla";"Reta;Declive";"Não";2;0;0;1;1;0;1;2;-19,88573008;-44,72054503;"SPRF-MG";"DEL08-MG";"UOP03-DEL08-MG"
554325;2023-10-11;"quarta-feira";"13:35:00";"MG";40;768;"JUIZ DE FORA";"Conversão proibida";"Colisão traseira";"Com Vítimas Feridas";"Pleno dia";"Decrescente";"Céu Claro";"Simples";"Reta";"Não";3;0;1;0;2;0;1;2;-21,58240015;-43,46596328;"SPRF-MG";"DEL05-MG";"UOP01-DEL05-MG"
554326;2023-10-11;"quarta-feira";"15:40:00";"RS";386;396,5;"TRIUNFO";"Acumulo de água sobre o pavimento";"Colisão transversal";"Com Vítimas Feridas";"Pleno dia";"Crescente";"Chuva";"Simples";"Reta";"Não";4;0;0;1;3;0;1;2;-29,732574;-51,631935;"SPRF-RS";"DEL04-RS";"UOP02-DEL04-RS"
554328;2023-10-11;"quarta-feira";"15:40:00";"MG";381;290,5;"ANTONIO DIAS";"Velocidade Incompatível";"Capotamento";"Com Vítimas Feridas";"Pleno dia";"Crescente";"Céu Claro";"Dupla";"Reta;Em Obras";"Não";4;0;2;0;2;0;2;1;-19,63642897;-42,83024696;"SPRF-MG";"DEL03-MG";"UOP02-DEL03-MG"
554329;2023-10-11;"quarta-feira";"15:00:00";"MS";267;473,5;"GUIA LOPES DA LAGUNA";"Acessar a via sem observar a presença dos outros veículos";"Colisão transversal";"Sem Vítimas";"Pleno dia";"Decrescente";"Céu Claro";"Simples";"Reta";"Não";5;0;0;0;5;0;0;2;-21,43417506;-56,08103496;"SPRF-MS";"DEL05-MS";"UOP01-DEL05-MS"
554330;2023-10-11;"quarta-feira";"17:00:00";"RJ";116;175;"SAO JOAO DE MERITI";"Condutor deixou de manter distância do veículo da frente";"Colisão lateral mesmo sentido";"Com Vítimas Feridas";"Pleno dia";"Crescente";"Céu Claro";"Dupla";"Reta";"Não";2;0;1;0;1;0;1;2;-22,78923555;-43,37275272;"SPRF-RJ";"DEL01-RJ";"UOP02-DEL01-RJ"
554331;2023-10-11;"quarta-feira";"16:30:00";"SC";101;151;"ITAPEMA";"Acessar a via sem observar a presença dos outros veículos";"Colisão frontal";"Com Vítimas Feridas";"Pleno dia";"Crescente";"Nublado";"Múltipla";"Interseção de Vias";"Sim";3;0;1;1;1;0;2;3;-27,126536;-48,609642;"SPRF-SC";"DEL04-SC";"UOP03-DEL04-SC"
554332;2023-10-11;"quarta-feira";"16:45:00";"PE";101;79,8;"JABOATAO DOS GUARARAPES";"Carga excessiva e/ou mal acondicionada";"Colisão traseira";"Com Vítimas Feridas";"Pleno dia";"Crescente";"Céu Claro";"Dupla";"Reta";"Não";2;0;1;0;1;0;1;2;-8,14366112;-34,94723453;"SPRF-PE";"DEL01-PE";"UOP01-DEL01-PE"
554333;2023-06-15;"quinta-feira";"09:00:00";"BA";324;620;"SALVADOR";"Ausência de reação do condutor";"Colisão lateral mesmo sentido";"Sem Vítimas";"Pleno dia";"Decrescente";"Nublado";"Múltipla";"Reta";"Sim";5;0;0;0;5;0;0;2;-12,90482172;-38,45556535;"SPRF-BA";"DEL01-BA";"UOP01-DEL01-BA"
554334;2023-10-11;"quarta-feira";"17:22:00";"MG";40;486;"CAPIM BRANCO";"Reação tardia ou ineficiente do condutor";"Colisão lateral mesmo sentido";"Com Vítimas Feridas";"Pleno dia";"Crescente";"Céu Claro";"Dupla";"Reta";"Não";3;0;2;0;1;0;2;2;-19,57299;-44,23021;"SPRF-MG";"DEL02-MG";"UOP01-DEL02-MG"
554335;2023-10-11;"quarta-feira";"16:30:00";"SC";101;117,4;"ITAJAI";"Acessar a via sem observar a presença dos outros veículos";"Colisão lateral mesmo sentido";"Com Vítimas Feridas";"Pleno dia";"Crescente";"Céu Claro";"Múltipla";"Reta";"Não";2;0;1;0;1;0;1;2;-26,88747187;-48,72252969;"SPRF-SC";"DEL04-SC";"UOP04-DEL04-SC"
554341;2023-10-11;"quarta-feira";"17:12:00";"PR";153;336,8;"IRATI";"Acessar a via sem observar a presença dos outros veículos";"Colisão transversal";"Sem Vítimas";"Pleno dia";"Crescente";"Céu Claro";"Simples";"Reta;Interseção de Vias";"Sim";14;0;0;0;14;0;0;2;-25,49753795;-50,64815515;"SPRF-PR";"DEL08-PR";"UOP02-DEL08-PR"
554342;2023-10-11;"quarta-feira";"17:50:00";"SE";235;1;"ARACAJU";"Acessar a via sem observar a presença dos outros veículos";"Atropelamento de Pedestre";"Com Vítimas Feridas";"Anoitecer";"Crescente";"Céu Claro";"Dupla";"Reta";"Sim";2;0;2;0;0;0;2;2;-10,9073;-37,0947;"SPRF-SE";"DEL01-SE";"UOP01-DEL01-SE"
554344;2023-10-11;"quarta-feira";"18:00:00";"SC";101;120,8;"ITAJAI";"Condutor deixou de manter distância do veículo da frente";"Colisão traseira";"Com Vítimas Feridas";"Anoitecer";"Crescente";"Céu Claro";"Dupla";"Reta";"Não";2;0;1;0;1;0;1;2;-26,912758;-48,711998;"SPRF-SC";"DEL04-SC";"UOP04-DEL04-SC"
554345;2023-10-11;"quarta-feira";"18:00:00";"RN";101;97;"NATAL";"Condutor deixou de manter distância do veículo da frente";"Colisão traseira";"Com Vítimas Feridas";"Plena Noite";"Crescente";"Céu Claro";"Dupla";"Reta";"Sim";3;0;2;0;1;0;2;2;-5,85758898;-35,21271205;"SPRF-RN";"DEL01-RN";"UOP01-DEL01-RN"
554348;2023-10-11;"quarta-feira";"18:00:00";"CE";222;47,8;"SAO GONCALO DO AMARANTE";"Animais na Pista";"Atropelamento de Animal";"Com Vítimas Feridas";"Pleno dia";"Crescente";"Céu Claro";"Simples";"Reta;Declive";"Não";2;0;2;0;0;0;2;1;-3,67128381;-38,96679811;"SPRF-CE";"DEL01-CE";"UOP03-DEL01-CE"
554352;2023-10-11;"quarta-feira";"18:20:00";"SC";470;70;"INDAIAL";"Retorno proibido";"Colisão transversal";"Com Vítimas Feridas";"Plena Noite";"Decrescente";"Céu Claro";"Simples";"Reta;Aclive";"Sim";2;0;1;0;1;0;1;2;-26,889374;-49,254478;"SPRF-SC";"DEL04-SC";"UOP01-DEL04-SC"
554353;2023-10-11;"quarta-feira";"16:30:00";"SC";101;436,1;"SOMBRIO";"Condutor deixou de manter distância do veículo da frente";"Colisão traseira";"Com Vítimas Feridas";"Pleno dia";"Crescente";"Chuva";"Múltipla";"Reta";"Sim";2;0;1;0;1;0;1;2;-29,10817487;-49,63739835;"SPRF-SC";"DEL02-SC";"UOP02-DEL02-SC"
554354;2023-10-11;"quarta-feira";"18:00:00";"PE";423;185,5;"AGUAS BELAS";"Reação tardia ou ineficiente do condutor";"Colisão frontal";"Com Vítimas Fatais";"Plena Noite";"Crescente";"Céu Claro";"Simples";"Reta";"Não";3;2;1;0;0;0;1;2;-9,13262895;-37,186385;"SPRF-AL";"DEL03-AL";"UOP02-DEL03-AL"
554356;2023-10-11;"quarta-feira";"18:30:00";"GO";414;310,9;"VILA PROPICIO";"Animais na Pista";"Atropelamento de Animal";"Com Vítimas Feridas";"Plena Noite";"Crescente";"Céu Claro";"Simples";"Reta";"Não";2;0;1;1;0;0;2;1;-15,20091703;-48,70185812;"SPRF-GO";"DEL02-GO";"UOP01-DEL02-GO"
554357;2023-10-11;"quarta-feira";"13:00:00";"GO";60;112;"GOIANAPOLIS";"Demais falhas na via";"Queda de ocupante de veículo";"Com Vítimas Feridas";"Pleno dia";"Crescente";"Céu Claro";"Dupla";"Declive";"Não";1;0;1;0;0;0;1;1;-16,4511;-49,0498;"SPRF-GO";"DEL01-GO";"UOP01-DEL01-GO"
554359;2023-10-11;"quarta-feira";"18:40:00";"TO";153;414;"MIRANORTE";"Ausência de sinalização";"Colisão lateral mesmo sentido";"Com Vítimas Feridas";"Plena Noite";"Crescente";"Céu Claro";"Dupla";"Interseção de Vias";"Sim";4;0;2;0;2;0;2;2;-9,53069144;-48,59351635;"SPRF-TO";"DEL02-TO";"UOP02-DEL02-TO"
554361;2023-10-11;"quarta-feira";"16:30:00";"MG";50;169;"UBERABA";"Condutor deixou de manter distância do veículo da frente";"Colisão traseira";"Com Vítimas Feridas";"Pleno dia";"Crescente";"Céu Claro";"Dupla";"Reta";"Sim";3;0;1;0;2;0;1;2;-19,72771598;-47,98120608;"SPRF-MG";"DEL13-MG";"UOP01-DEL13-MG"
554363;2023-09-29;"sexta-feira";"05:20:00";"BA";20;189;"LUIS EDUARDO MAGALHAES";"Transitar na contramão";"Colisão frontal";"Com Vítimas Fatais";"Amanhecer";"Crescente";"Sol";"Simples";"Reta";"Não";9;3;0;4;1;1;4;3;-12,2830974;-45,8453417;"SPRF-BA";"DEL10-BA";"UOP01-DEL10-BA"
554364;2023-09-21;"quinta-feira";"08:15:00";"PR";476;159,7;"ARAUCARIA";"Ultrapassagem Indevida";"Colisão lateral mesmo sentido";"Com Vítimas Feridas";"Pleno dia";"Crescente";"Céu Claro";"Simples";"Reta;Declive";"Sim";2;0;0;2;0;0;2;2;-25,617157;-49,43169;"SPRF-PR";"DEL01-PR";"UOP06-DEL01-PR"
554365;2023-10-11;"quarta-feira";"18:30:00";"SE";235;103;"CARIRA";"Transitar no Acostamento";"Atropelamento de Pedestre";"Com Vítimas Fatais";"Plena Noite";"Crescente";"Céu Claro";"Simples";"Reta";"Não";2;1;0;1;0;0;1;2;-10,391935;-37,678921;"SPRF-SE";"DEL01-SE";"UOP02-DEL01-SE"
554366;2023-10-11;"quarta-feira";"19:10:00";"DF";20;3;"BRASILIA";"Trafegar com motocicleta (ou similar) entre as faixas";"Queda de ocupante de veículo";"Com Vítimas Feridas";"Plena Noite";"Crescente";"Céu Claro";"Múltipla";"Declive";"Não";1;0;1;0;0;0;1;1;-15,679851;-47,832211;"SPRF-DF";"DEL02-DF";"UOP01-DEL02-DF"
554367;2023-10-11;"quarta-feira";"18:30:00";"SC";101;328,7;"CAPIVARI DE BAIXO";"Objeto estático sobre o leito carroçável";"Colisão com objeto";"Com Vítimas Feridas";"Anoitecer";"Decrescente";"Garoa/Chuvisco";"Dupla";"Reta";"Não";1;0;1;0;0;0;1;1;-28,44930783;-48,97040963;"SPRF-SC";"DEL02-SC";"UOP01-DEL02-SC"
554371;2023-10-11;"quarta-feira";"19:04:00";"SC";163;84;"GUARACIABA";"Ingestão de álcool pelo condutor";"Saída de leito carroçável";"Com Vítimas Feridas";"Pleno dia";"Decrescente";"Chuva";"Simples";"Reta";"Não";1;0;1;0;0;0;1;1;-26,61594101;-53,51942819;"SPRF-SC";"DEL07-SC";"UOP03-DEL07-SC"
554372;2023-10-11;"quarta-feira";"18:15:00";"MT";163;833;"SINOP";"Ausência de reação do condutor";"Colisão traseira";"Com Vítimas Feridas";"Anoitecer";"Crescente";"Céu Claro";"Dupla";"Reta;Retorno Regulamentado";"Sim";9;0;2;0;7;0;2;4;-11,87446949;-55,49868107;"SPRF-MT";"DEL06-MT";"UOP02-DEL06-MT"
554374;2023-10-11;"quarta-feira";"18:50:00";"SP";116;280;"EMBU DAS ARTES";"Reação tardia ou ineficiente do condutor";"Colisão traseira";"Com Vítimas Feridas";"Anoitecer";"Crescente";"Céu Claro";"Dupla";"Declive";"Sim";2;0;1;0;1;0;1;2;-23,66996108;-46,85590758;"SPRF-SP";"DEL04-SP";"UOP01-DEL04-SP"
554375;2023-10-11;"quarta-feira";"19:00:00";"TO";235;172;"TUPIRAMA";"Animais na Pista";"Atropelamento de Animal";"Com Vítimas Feridas";"Plena Noite";"Crescente";"Céu Claro";"Simples";"Reta";"Não";2;0;1;1;0;0;2;1;-8,97543157;-48,35706711;"SPRF-TO";"DEL02-TO";"UOP02-DEL02-TO"
554376;2023-10-11;"quarta-feira";"19:00:00";"GO";60;96,4;"ANAPOLIS";"Acessar a via sem observar a presença dos outros veículos";"Colisão lateral mesmo sentido";"Com Vítimas Feridas";"Plena Noite";"Crescente";"Nublado";"Múltipla";"Reta;Retorno Regulamentado";"Sim";3;0;2;0;1;0;2;3;-16,371;-48,9422;"SPRF-GO";"DEL02-GO";"UOP01-DEL02-GO"
554378;2023-10-11;"quarta-feira";"18:30:00";"BA";101;196;"CONCEICAO DA FEIRA";"Ausência de reação do condutor";"Colisão traseira";"Com Vítimas Feridas";"Plena Noite";"Crescente";"Céu Claro";"Simples";"Reta";"Não";4;0;1;0;2;1;1;3;-12,59679696;-39,038245;"SPRF-BA";"DEL01-BA";"UOP03-DEL01-BA"
554379;2023-10-11;"quarta-feira";"17:30:00";"SP";116;270,5;"TABOAO DA SERRA";"Ausência de reação do condutor";"Colisão traseira";"Com Vítimas Feridas";"Plena Noite";"Decrescente";"Céu Claro";"Dupla";"Reta";"Sim";2;0;0;1;1;0;1;2;-23,61799728;-46,79677694;"SPRF-SP";"DEL04-SP";"UOP01-DEL04-SP"
554380;2023-10-11;"quarta-feira";"18:00:00";"BA";101;207,5;"CRUZ DAS ALMAS";"Acessar a via sem observar a presença dos outros veículos";"Colisão transversal";"Com Vítimas Feridas";"Plena Noite";"Decrescente";"Nublado";"Simples";"Reta";"Sim";2;0;1;0;1;0;1;2;-12,64807481;-39,11532806;"SPRF-BA";"DEL01-BA";"UOP02-DEL01-BA"
554381;2023-10-11;"quarta-feira";"18:55:00";"DF";80;19;"BRASILIA";"Ausência de reação do condutor";"Saída de leito carroçável";"Com Vítimas Feridas";"Plena Noite";"Crescente";"Céu Claro";"Dupla";"Retorno Regulamentado";"Sim";4;0;2;0;2;0;2;1;-15,675205;-48,204636;"SPRF-DF";"DEL03-DF";"UOP02-DEL03-DF"
554382;2023-10-11;"quarta-feira";"19:35:00";"DF";20;4;"BRASILIA";"Ingestão de álcool pelo condutor";"Colisão traseira";"Sem Vítimas";"Plena Noite";"Crescente";"Céu Claro";"Dupla";"Reta";"Sim";3;0;0;0;3;0;0;3;-15,675484;-47,823761;"SPRF-DF";"DEL02-DF";"UOP01-DEL02-DF"
554383;2023-10-11;"quarta-feira";"13:50:00";"SC";282;274,5;"SAO JOSE DO CERRITO";"Velocidade Incompatível";"Colisão frontal";"Com Vítimas Fatais";"Pleno dia";"Crescente";"Nublado";"Simples";"Declive;Curva";"Não";5;2;1;0;2;0;1;2;-27,6079413;-50,71849108;"SPRF-SC";"DEL05-SC";"UOP02-DEL05-SC"
554384;2023-10-11;"quarta-feira";"19:45:00";"RS";293;0,9;"PELOTAS";"Reação tardia ou ineficiente do condutor";"Engavetamento";"Sem Vítimas";"Plena Noite";"Crescente";"Chuva";"Simples";"Reta";"Sim";3;0;0;0;2;1;0;3;-31,75477311;-52,35783577;"SPRF-RS";"DEL07-RS";"UOP01-DEL07-RS"
554387;2023-10-11;"quarta-feira";"18:00:00";"GO";153;690;"ITUMBIARA";"Velocidade Incompatível";"Saída de leito carroçável";"Com Vítimas Feridas";"Pleno dia";"Decrescente";"Sol";"Dupla";"Reta";"Não";1;0;1;0;0;0;1;1;-18,3085;-49,233;"SPRF-GO";"DEL03-GO";"UOP02-DEL03-GO"
554388;2023-10-11;"quarta-feira";"14:10:00";"BA";101;942;"MUCURI";"Afundamento ou ondulação no pavimento";"Tombamento";"Com Vítimas Feridas";"Pleno dia";"Crescente";"Céu Claro";"Simples";"Reta";"Não";1;0;0;1;0;0;1;1;-18,16840196;-39,91873914;"SPRF-BA";"DEL09-BA";"UOP02-DEL09-BA"
554389;2023-10-11;"quarta-feira";"18:00:00";"SP";116;285;"ITAPECERICA DA SERRA";"Reação tardia ou ineficiente do condutor";"Tombamento";"Com Vítimas Feridas";"Anoitecer";"Decrescente";"Céu Claro";"Dupla";"Reta";"Sim";1;0;0;1;0;0;1;1;-23,70407794;-46,87249709;"SPRF-SP";"DEL04-SP";"UOP01-DEL04-SP"
554392;2023-10-11;"quarta-feira";"17:30:00";"RJ";393;179;"PARAIBA DO SUL";"Reação tardia ou ineficiente do condutor";"Saída de leito carroçável";"Com Vítimas Feridas";"Anoitecer";"Crescente";"Céu Claro";"Simples";"Reta;Aclive";"Não";2;0;2;0;0;0;2;1;-22,1394335;-43,27038288;"SPRF-RJ";"DEL05-RJ";"UOP03-DEL05-RJ"
554394;2023-10-11;"quarta-feira";"17:40:00";"PE";232;125;"CARUARU";"Acessar a via sem observar a presença dos outros veículos";"Colisão transversal";"Sem Vítimas";"Anoitecer";"Crescente";"Céu Claro";"Simples";"Curva";"Sim";2;0;0;0;2;0;0;2;-8,30807114;-35,94580097;"SPRF-PE";"DEL02-PE";"UOP01-DEL02-PE"
554395;2023-10-11;"quarta-feira";"19:00:00";"RO";364;15;"VILHENA";"Ausência de reação do condutor";"Colisão lateral mesmo sentido";"Com Vítimas Feridas";"Plena Noite";"Crescente";"Céu Claro";"Simples";"Reta";"Sim";2;0;1;0;1;0;1;2;-12,73672751;-60,14804088;"SPRF-RO";"DEL04-RO";"UOP01-DEL04-RO"
554397;2023-10-11;"quarta-feira";"18:00:00";"MS";158;270;"TRES LAGOAS";"Ausência de reação do condutor";"Engavetamento";"Com Vítimas Feridas";"Anoitecer";"Crescente";"Céu Claro";"Simples";"Reta";"Sim";5;0;2;0;3;0;2;4;-20,77842452;-51,67007446;"SPRF-MS";"DEL07-MS";"UOP01-DEL07-MS"
554398;2023-10-11;"quarta-feira";"20:50:00";"SP";116;207;"GUARULHOS";"Ausência de reação do condutor";"Queda de ocupante de veículo";"Com Vítimas Feridas";"Anoitecer";"Decrescente";"Céu Claro";"Múltipla";"Reta";"Não";1;0;1;0;0;0;1;1;-23,41972188;-46,38419203;"SPRF-SP";"DEL01-SP";"UOP01-DEL01-SP"
554399;2023-10-11;"quarta-feira";"20:12:00";"DF";40;6;"BRASILIA";"Trafegar com motocicleta (ou similar) entre as faixas";"Colisão lateral mesmo sentido";"Com Vítimas Feridas";"Plena Noite";"Crescente";"Céu Claro";"Dupla";"Reta";"Não";3;0;1;0;2;0;1;2;-16,029741;-47,978867;"SPRF-DF";"DEL01-DF";"UOP01-DEL01-DF"
554401;2023-10-11;"quarta-feira";"18:20:00";"MG";153;29;"CENTRALINA";"Velocidade Incompatível";"Saída de leito carroçável";"Com Vítimas Feridas";"Anoitecer";"Decrescente";"Céu Claro";"Dupla";"Reta";"Não";1;0;1;0;0;0;1;1;-18,67127517;-49,16066329;"SPRF-MG";"DEL15-MG";"UOP03-DEL15-MG"
554402;2023-10-11;"quarta-feira";"19:50:00";"MA";10;322;"ACAILANDIA";"Ausência de reação do condutor";"Atropelamento de Pedestre";"Com Vítimas Feridas";"Plena Noite";"Crescente";"Céu Claro";"Simples";"Reta";"Sim";2;0;0;1;0;1;1;2;-4,934355;-47,502777;"SPRF-MA";"DEL04-MA";"UOP03-DEL04-MA"
554404;2023-10-11;"quarta-feira";"19:45:00";"SC";116;3,8;"MAFRA";"Ingestão de álcool pelo condutor";"Colisão lateral mesmo sentido";"Sem Vítimas";"Plena Noite";"Crescente";"Céu Claro";"Simples";"Reta;Aclive";"Sim";2;0;0;0;2;0;0;2;-26,13073161;-49,79922442;"SPRF-SC";"DEL06-SC";"UOP01-DEL06-SC"
554406;2023-10-11;"quarta-feira";"20:50:00";"MG";40;502;"ESMERALDAS";"Problema com o freio";"Tombamento";"Com Vítimas Feridas";"Plena Noite";"Decrescente";"Céu Claro";"Dupla";"Reta";"Não";1;0;1;0;0;0;1;1;-19,714002;-44,160929;"SPRF-MG";"DEL02-MG";"UOP01-DEL02-MG"
554408;2023-10-11;"quarta-feira";"21:10:00";"PE";232;100,6;"BEZERROS";"Manobra de mudança de faixa";"Colisão frontal";"Com Vítimas Feridas";"Plena Noite";"Decrescente";"Céu Claro";"Simples";"Reta";"Sim";3;0;0;2;1;0;2;2;-8,23791176;-35,74297705;"SPRF-PE";"DEL02-PE";"UOP02-DEL02PE"
554409;2023-10-11;"quarta-feira";"17:30:00";"MG";40;652,4;"CRISTIANO OTONI";"Demais falhas mecânicas ou elétricas";"Tombamento";"Com Vítimas Feridas";"Pleno dia";"Crescente";"Céu Claro";"Simples";"Reta";"Não";1;0;0;1;0;0;1;1;-20,84838175;-43,79860288;"SPRF-MG";"DEL05-MG";"UOP02-DEL05-MG"
554410;2023-10-11;"quarta-feira";"21:20:00";"MG";381;498;"BETIM";"Ingestão de álcool e/ou substâncias psicoativas pelo pedestre";"Saída de leito carroçável";"Sem Vítimas";"Plena Noite";"Crescente";"Céu Claro";"Dupla";"Curva";"Não";1;0;0;0;1;0;0;1;-20,01172662;-44,21976041;"SPRF-MG";"DEL01-MG";"UOP03-DEL01-MG"
554412;2023-10-11;"quarta-feira";"21:00:00";"MG";40;413,8;"CURVELO";"Acessar a via sem observar a presença dos outros veículos";"Colisão transversal";"Com Vítimas Feridas";"Plena Noite";"Decrescente";"Céu Claro";"Simples";"Reta;Interseção de Vias";"Não";5;0;3;0;2;0;3;2;-19,13248388;-44,62252053;"SPRF-MG";"DEL02-MG";"UOP01-DEL02-MG"
554413;2023-10-06;"sexta-feira";"06:30:00";"PA";230;730;"MEDICILANDIA";"Pista esburacada";"Saída de leito carroçável";"Com Vítimas Feridas";"Pleno dia";"Crescente";"Ignorado";"Simples";"Reta;Declive";"Não";3;0;3;0;0;0;3;1;-3,40953413;-52,77087895;"SPRF-PA";"DEL04-PA";"UOP01-DEL04-PA"
554414;2023-10-11;"quarta-feira";"18:40:00";"ES";393;10;"CACHOEIRO DE ITAPEMIRIM";"Acumulo de areia ou detritos sobre o pavimento";"Queda de ocupante de veículo";"Com Vítimas Feridas";"Plena Noite";"Crescente";"Nublado";"Simples";"Reta";"Não";1;0;1;0;0;0;1;1;-20,84255004;-41,24026997;"SPRF-ES";"DEL03-ES";"UOP02-DEL03-ES"
554416;2023-10-11;"quarta-feira";"18:40:00";"MG";116;9,9;"DIVISA ALEGRE";"Pedestre andava na pista";"Atropelamento de Pedestre";"Com Vítimas Fatais";"Plena Noite";"Crescente";"Céu Claro";"Simples";"Reta";"Não";2;1;1;0;0;0;1;2;-15,77536218;-41,33750254;"SPRF-BA";"DEL08-BA";"UOP03-DEL08-BA"