"id";"data_inversa";"dia_semana";"horario";"uf";"br";"km";"municipio";"causa_acidente";"tipo_acidente";"classificacao_acidente";"fase_dia";"sentido_via";"condicao_metereologica";"tipo_pista";"tracado_via";"uso_solo";"pessoas";"mortos";"feridos_leves";"feridos_graves";"ilesos";"ignorados";"feridos";"veiculos";"latitude";"longitude";"regional";"delegacia";"uop"
554750;2023-10-13;"sexta-feira";"16:00:00";"RJ";116;100;"GUAPIMIRIM";"Pista Escorregadia";"Queda de ocupante de veículo";"Com Vítimas Feridas";"Anoitecer";"Decrescente";"Chuva";"Simples";"Curva;Declive";"Não";3;0;2;0;1;0;2;2;-22,48909312;-43,00437599;"SPRF-RJ";"DEL04-RJ";"UOP01-DEL04-RJ"
554751;2023-10-13;"sexta-feira";"07:10:00";"RS";116;249;"SAO LEOPOLDO";"Reação tardia ou ineficiente do condutor";"Colisão com objeto";"Sem Vítimas";"Amanhecer";"Crescente";"Céu Claro";"Múltipla";"Viaduto;Curva;Declive";"Sim";1;0;0;0;1;0;0;1;-29,7831804;-51,16099063;"SPRF-RS";"DEL01-RS";"UOP02-DEL01-RS"
554752;2023-10-13;"sexta-feira";"13:40:00";"RJ";493;13;"GUAPIMIRIM";"Avarias e/ou desgaste excessivo no pneu";"Engavetamento";"Com Vítimas Feridas";"Pleno dia";"Crescente";"Chuva";"Simples";"Reta";"Não";4;0;1;0;3;0;1;3;-22,68099881;-42,96670886;"SPRF-RJ";"DEL04-RJ";"UOP02-DEL04-RJ"
554753;2023-10-13;"sexta-feira";"14:50:00";"GO";60;333;"ACREUNA";"Animais na Pista";"Saída de leito carroçável";"Com Vítimas Feridas";"Pleno dia";"Crescente";"Garoa/Chuvisco";"Dupla";"Declive;Curva";"Não";1;0;1;0;0;0;1;1;-17,5502;-50,5451;"SPRF-GO";"DEL04-GO";"UOP02-DEL04-GO"
554754;2023-10-13;"sexta-feira";"15:05:00";"SC";470;2;"NAVEGANTES";"Transitar na contramão";"Colisão transversal";"Sem Vítimas";"Pleno dia";"Crescente";"Céu Claro";"Múltipla";"Reta";"Não";2;0;0;0;2;0;0;2;-26,868551;-48,674831;"SPRF-SC";"DEL04-SC";"UOP04-DEL04-SC"
554755;2023-10-13;"sexta-feira";"14:00:00";"RS";153;3,9;"CACHOEIRA DO SUL";"Acessar a via sem observar a presença dos outros veículos";"Colisão frontal";"Com Vítimas Feridas";"Pleno dia";"Decrescente";"Céu Claro";"Simples";"Reta";"Não";2;0;0;1;1;0;1;2;-30,02363361;-52,86584616;"SPRF-RS";"DEL02-RS";"UOP03-DEL02-RS"
554756;2023-10-12;"quinta-feira";"21:40:00";"RS";386;109;"SAO JOSE DAS MISSOES";"Reação tardia ou ineficiente do condutor";"Saída de leito carroçável";"Sem Vítimas";"Plena Noite";"Crescente";"Nublado";"Simples";"Curva";"Não";1;0;0;0;0;1;0;1;-27,79609869;-53,05946611;"SPRF-RS";"DEL08-RS";"UOP01-DEL08-RS"
554758;2023-10-13;"sexta-feira";"16:50:00";"SP";116;217;"GUARULHOS";"Manobra de mudança de faixa";"Colisão lateral mesmo sentido";"Com Vítimas Feridas";"Pleno dia";"Crescente";"Garoa/Chuvisco";"Múltipla";"Reta;Aclive";"Não";2;0;1;0;1;0;1;2;-23,45423824;-46,47119028;"SPRF-SP";"DEL01-SP";"UOP01-DEL01-SP"
554759;2023-07-11;"terça-feira";"10:30:00";"BA";349;286;"CORRENTINA";"Afundamento ou ondulação no pavimento";"Capotamento";"Com Vítimas Feridas";"Pleno dia";"Crescente";"Céu Claro";"Simples";"Reta";"Não";2;0;2;0;0;0;2;1;-13,78173562;-46,06374649;"SPRF-BA";"DEL08-BA";"UOP04-DEL08-BA"
554760;2023-10-13;"sexta-feira";"16:35:00";"RS";116;151,7;"CAXIAS DO SUL";"Manobra de mudança de faixa";"Colisão lateral mesmo sentido";"Com Vítimas Feridas";"Pleno dia";"Decrescente";"Céu Claro";"Dupla";"Reta;Aclive;Retorno Regulamentado";"Sim";2;0;1;0;1;0;1;2;-29,17694502;-51,16173896;"SPRF-RS";"DEL05-RS";"UOP01-DEL05-RS"
554761;2023-10-13;"sexta-feira";"16:20:00";"BA";101;183,2;"CONCEICAO DA FEIRA";"Manobra de mudança de faixa";"Colisão frontal";"Com Vítimas Feridas";"Pleno dia";"Crescente";"Céu Claro";"Simples";"Reta";"Não";5;0;1;0;4;0;1;2;-12,53594197;-38,97745507;"SPRF-BA";"DEL01-BA";"UOP03-DEL01-BA"
554762;2023-10-13;"sexta-feira";"16:50:00";"PI";343;8,4;"PARNAIBA";"Acessar a via sem observar a presença dos outros veículos";"Colisão transversal";"Com Vítimas Feridas";"Pleno dia";"Decrescente";"Céu Claro";"Simples";"Reta";"Sim";2;0;1;0;1;0;1;2;-2,89996705;-41,7276299;"SPRF-PI";"DEL05-PI";"UOP01-DEL05-PI"
554763;2023-10-13;"sexta-feira";"16:34:00";"PB";101;121;"CAAPORA";"Reação tardia ou ineficiente do condutor";"Saída de leito carroçável";"Com Vítimas Feridas";"Pleno dia";"Decrescente";"Céu Claro";"Dupla";"Reta";"Não";2;0;2;0;0;0;2;1;-7,44160988;-34,97799652;"SPRF-PB";"DEL01-PB";"UOP02-DEL01-PB"
554764;2023-10-13;"sexta-feira";"17:10:00";"PB";230;14;"JOAO PESSOA";"Manobra de mudança de faixa";"Colisão transversal";"Com Vítimas Feridas";"Pleno dia";"Decrescente";"Céu Claro";"Dupla";"Reta";"Sim";2;0;1;0;1;0;1;2;-7,0844;-34,8488;"SPRF-PB";"DEL01-PB";"UOP01-DEL01-PB"
554765;2023-10-13;"sexta-feira";"17:15:00";"RN";101;78;"NATAL";"Ausência de reação do condutor";"Queda de ocupante de veículo";"Com Vítimas Feridas";"Anoitecer";"Decrescente";"Céu Claro";"Dupla";"Reta;Em Obras";"Sim";1;0;0;1;0;0;1;1;-5,74071896;-35,29021064;"SPRF-RN";"DEL02-RN";"UOP01-DEL02-RN"
554766;2023-10-13;"sexta-feira";"16:30:00";"SP";116;150;"SAO JOSE DOS CAMPOS";"Reação tardia ou ineficiente do condutor";"Engavetamento";"Com Vítimas Feridas";"Pleno dia";"Crescente";"Chuva";"Múltipla";"Reta;Aclive";"Sim";3;0;2;0;1;0;2;2;-23,21335525;-45,8930588;"SPRF-SP";"DEL02-SP";"UOP01-DEL02-SP"
554768;2023-10-13;"sexta-feira";"17:30:00";"PA";316;59;"CASTANHAL";"Reação tardia ou ineficiente do condutor";"Colisão traseira";"Sem Vítimas";"Pleno dia";"Decrescente";"Céu Claro";"Dupla";"Reta";"Não";5;0;0;0;5;0;0;2;-1,29874;-47,963603;"SPRF-PA";"DEL01-PA";"UOP01-DEL01-PA"
554770;2023-10-13;"sexta-feira";"17:00:00";"RS";392;42;"RIO GRANDE";"Reação tardia ou ineficiente do condutor";"Tombamento";"Com Vítimas Feridas";"Pleno dia";"Decrescente";"Céu Claro";"Dupla";"Reta";"Sim";2;0;2;0;0;0;2;1;-31,94614994;-52,30982265;"SPRF-RS";"DEL07-RS";"UOP02-DEL07-RS"
554773;2023-10-13;"sexta-feira";"17:50:00";"RS";392;352;"SANTA MARIA";"Manobra de mudança de faixa";"Colisão lateral mesmo sentido";"Com Vítimas Feridas";"Pleno dia";"Crescente";"Céu Claro";"Dupla";"Reta";"Sim";2;0;0;1;1;0;1;2;-29,720404;-53,807632;"SPRF-RS";"DEL09-RS";"UOP01-DEL09-RS"
554775;2023-10-13;"sexta-feira";"17:40:00";"RN";101;106,3;"PARNAMIRIM";"Manobra de mudança de faixa";"Colisão transversal";"Com Vítimas Feridas";"Anoitecer";"Crescente";"Céu Claro";"Dupla";"Reta";"Sim";3;0;2;0;1;0;2;2;-5,911313;-35,261797;"SPRF-RN";"DEL01-RN";"UOP01-DEL01-RN"
554776;2023-10-13;"sexta-feira";"17:20:00";"BA";116;13,8;"VITORIA DA CONQUISTA";"Ingestão de álcool pelo condutor";"Colisão transversal";"Com Vítimas Feridas";"Pleno dia";"Crescente";"Céu Claro";"Simples";"Curva";"Sim";2;0;1;1;0;0;2;2;-14,88998;-40,8698;"SPRF-PE";"DEL05-PE";"UOP03-DEL05-PE"
554777;2023-09-11;"segunda-feira";"07:50:00";"MG";381;477,7;"CONTAGEM";"Entrada inopinada do pedestre";"Atropelamento de Pedestre";"Com Vítimas Feridas";"Amanhecer";"Decrescente";"Céu Claro";"Dupla";"Reta";"Não";2;0;0;1;0;1;1;2;-19,95860197;-44,03177257;"SPRF-MG";"DEL01-MG";"UOP03-DEL01-MG"
554778;2023-10-13;"sexta-feira";"17:40:00";"SP";116;311;"SAO LOURENCO DA SERRA";"Reação tardia ou ineficiente do condutor";"Queda de ocupante de veículo";"Com Vítimas Feridas";"Plena Noite";"Decrescente";"Garoa/Chuvisco";"Dupla";"Aclive";"Não";2;0;2;0;0;0;2;1;-23,87725502;-46,96775798;"SPRF-SP";"DEL04-SP";"UOP01-DEL04-SP"
554780;2023-10-13;"sexta-feira";"16:07:00";"MG";381;587,6;"CARMOPOLIS DE MINAS";"Velocidade Incompatível";"Saída de leito carroçável";"Com Vítimas Feridas";"Pleno dia";"Decrescente";"Céu Claro";"Dupla";"Reta;Declive";"Sim";3;0;3;0;0;0;3;1;-20,52620159;-44,63376087;"SPRF-MG";"DEL04-MG";"UOP01-DEL04-MG"
554782;2023-10-13;"sexta-feira";"18:08:00";"RN";101;84,7;"NATAL";"Entrada inopinada do pedestre";"Atropelamento de Pedestre";"Com Vítimas Feridas";"Plena Noite";"Crescente";"Céu Claro";"Dupla";"Curva";"Sim";2;0;1;1;0;0;2;2;-5,77538716;-35,25361419;"SPRF-RN";"DEL02-RN";"UOP01-DEL02-RN"
554783;2023-10-13;"sexta-feira";"15:40:00";"MG";262;759,6;"SACRAMENTO";"Ausência de reação do condutor";"Saída de leito carroçável";"Com Vítimas Feridas";"Pleno dia";"Crescente";"Céu Claro";"Simples";"Reta";"Não";1;0;1;0;0;0;1;1;-19,66389282;-47,59210804;"SPRF-MG";"DEL13-MG";"UOP01-DEL13-MG"
554785;2023-10-13;"sexta-feira";"18:50:00";"SE";235;6;"NOSSA SENHORA DO SOCORRO";"Pedestre andava na pista";"Atropelamento de Pedestre";"Com Vítimas Feridas";"Plena Noite";"Decrescente";"Céu Claro";"Dupla";"Reta;Declive";"Não";2;0;0;1;0;1;1;2;-10,903851;-37,128677;"SPRF-SE";"DEL01-SE";"UOP01-DEL01-SE"
554787;2023-10-13;"sexta-feira";"19:10:00";"PE";101;68;"RECIFE";"Acumulo de óleo sobre o pavimento";"Tombamento";"Com Vítimas Feridas";"Plena Noite";"Crescente";"Céu Claro";"Múltipla";"Rotatória";"Sim";2;0;2;0;0;0;2;1;-8,05074296;-34,94580619;"SPRF-PE";"DEL01-PE";"UOP01-DEL01-PE"
554789;2023-06-07;"quarta-feira";"23:20:00";"ES";101;65,7;"SAO MATEUS";"Entrada inopinada do pedestre";"Atropelamento de Pedestre";"Com Vítimas Feridas";"Plena Noite";"Crescente";"Céu Claro";"Dupla";"Reta";"Sim";3;0;2;1;0;0;3;2;-18,70935945;-39,87762087;"SPRF-ES";"DEL04-ES";"UOP02-DEL04-ES"
554790;2023-10-13;"sexta-feira";"19:10:00";"SP";116;207,3;"GUARULHOS";"Reação tardia ou ineficiente do condutor";"Colisão lateral mesmo sentido";"Com Vítimas Feridas";"Plena Noite";"Decrescente";"Nublado";"Múltipla";"Interseção de Vias";"Sim";3;0;1;0;2;0;1;2;-23,419428;-46,382581;"SPRF-SP";"DEL01-SP";"UOP01-DEL01-SP"
554791;2023-10-13;"sexta-feira";"19:10:00";"MG";40;739,3;"SANTOS DUMONT";"Pedestre andava na pista";"Atropelamento de Pedestre";"Com Vítimas Feridas";"Plena Noite";"Crescente";"Céu Claro";"Simples";"Curva";"Não";2;0;1;0;0;1;1;2;-21,394039;-43,56680295;"SPRF-MG";"DEL05-MG";"UOP01-DEL05-MG"
554793;2023-10-13;"sexta-feira";"19:30:00";"ES";101;335;"GUARAPARI";"Condutor deixou de manter distância do veículo da frente";"Colisão traseira";"Com Vítimas Feridas";"Plena Noite";"Crescente";"Nublado";"Simples";"Interseção de Vias;Reta";"Não";3;0;2;0;1;0;2;2;-20,62669948;-40,5281353;"SPRF-ES";"DEL03-ES";"UOP01-DEL03-ES"
554794;2023-10-13;"sexta-feira";"18:45:00";"PB";104;117,3;"LAGOA SECA";"Desrespeitar a preferência no cruzamento";"Atropelamento de Pedestre";"Com Vítimas Feridas";"Plena Noite";"Decrescente";"Céu Claro";"Simples";"Reta";"Sim";2;0;0;1;1;0;1;2;-7,19030697;-35,86736609;"SPRF-PB";"DEL02-PB";"UOP04-DEL02-PB"
554795;2023-10-13;"sexta-feira";"18:15:00";"BA";116;708;"MANOEL VITORINO";"Transitar na contramão";"Colisão frontal";"Com Vítimas Feridas";"Plena Noite";"Crescente";"Céu Claro";"Simples";"Reta";"Não";2;0;0;1;1;0;1;2;-14,09843687;-40,22015629;"SPRF-BA";"DEL03-BA";"UOP01-DEL03-BA"
554796;2023-10-13;"sexta-feira";"19:20:00";"ES";101;267,5;"SERRA";"Reação tardia ou ineficiente do condutor";"Tombamento";"Com Vítimas Feridas";"Plena Noite";"Crescente";"Céu Claro";"Múltipla";"Reta";"Sim";1;0;1;0;0;0;1;1;-20,19930999;-40,26884609;"SPRF-ES";"DEL02-ES";"UOP01-DEL02-ES"
554798;2023-10-13;"sexta-feira";"19:15:00";"SP";116;52;"LORENA";"Demais falhas mecânicas ou elétricas";"Incêndio";"Sem Vítimas";"Plena Noite";"Decrescente";"Garoa/Chuvisco";"Dupla";"Reta";"Não";1;0;0;0;1;0;0;1;-22,74708138;-45,09973038;"SPRF-SP";"DEL08-SP";"UOP02-DEL08-SP"
554800;2023-10-13;"sexta-feira";"18:00:00";"SP";153;154,1;"PROMISSAO";"Acessar a via sem observar a presença dos outros veículos";"Colisão traseira";"Com Vítimas Feridas";"Anoitecer";"Crescente";"Céu Claro";"Simples";"Reta";"Não";3;0;1;0;2;0;1;2;-21,45570479;-49,78355885;"SPRF-SP";"DEL07-SP";"UOP01-DEL07-SP"
554801;2023-10-08;"domingo";"00:20:00";"MG";381;412,5;"NOVA UNIAO";"Reação tardia ou ineficiente do condutor";"Atropelamento de Animal";"Com Vítimas Feridas";"Plena Noite";"Crescente";"Céu Claro";"Dupla";"Aclive";"Não";2;0;0;1;1;0;1;1;-19,7364715;-43,60024371;"SPRF-MG";"DEL01-MG";"UOP01-DEL01-MG"
554803;2023-10-13;"sexta-feira";"20:05:00";"MG";40;505;"RIBEIRAO DAS NEVES";"Ingestão de álcool pelo condutor";"Colisão traseira";"Sem Vítimas";"Plena Noite";"Decrescente";"Céu Claro";"Dupla";"Aclive;Reta";"Não";4;0;0;0;4;0;0;2;-19,73788;-44,14952;"SPRF-MG";"DEL02-MG";"UOP01-DEL02-MG"
554804;2023-10-13;"sexta-feira";"19:45:00";"SP";116;221;"GUARULHOS";"Trafegar com motocicleta (ou similar) entre as faixas";"Colisão lateral mesmo sentido";"Com Vítimas Feridas";"Plena Noite";"Decrescente";"Nublado";"Múltipla";"Reta";"Sim";2;0;1;0;1;0;1;2;-23,46802395;-46,50704901;"SPRF-SP";"DEL01-SP";"UOP01-DEL01-SP"
554805;2023-10-13;"sexta-feira";"11:30:00";"AM";319;40;"CANUTAMA";"Acessar a via sem observar a presença dos outros veículos";"Colisão lateral mesmo sentido";"Sem Vítimas";"Pleno dia";"Crescente";"Céu Claro";"Simples";"Reta;Em Obras";"Não";5;0;0;0;5;0;0;2;-8,43527321;-63,96874876;"SPRF-AM";"DEL01-AM";"UOP04-DEL01-AM"
554806;2023-10-12;"quinta-feira";"21:00:00";"MT";163;1051;"MATUPA";"Demais falhas mecânicas ou elétricas";"Tombamento";"Sem Vítimas";"Plena Noite";"Crescente";"Céu Claro";"Simples";"Reta";"Não";1;0;0;0;0;1;0;1;-10,19924493;-54,9557021;"SPRF-MT";"DEL06-MT";"UOP03-DEL06-MT"
554808;2023-10-13;"sexta-feira";"15:00:00";"MA";316;394;"BACABAL";"Acumulo de água sobre o pavimento";"Colisão lateral sentido oposto";"Com Vítimas Fatais";"Pleno dia";"Decrescente";"Chuva";"Simples";"Reta";"Não";5;1;2;1;1;0;3;2;-4,18089;-44,5061;"SPRF-MA";"DEL03-MA";"UOP01-DEL03-MA"
554809;2023-10-13;"sexta-feira";"20:45:00";"SC";101;212,1;"PALHOCA";"Manobra de mudança de faixa";"Colisão lateral mesmo sentido";"Com Vítimas Feridas";"Plena Noite";"Decrescente";"Nublado";"Dupla";"Reta";"Não";3;0;1;0;2;0;1;2;-27,62996929;-48,65903871;"SPRF-SC";"DEL01-SC";"UOP02-DEL01-SC"
554810;2023-10-13;"sexta-feira";"19:00:00";"GO";364;47;"CACHOEIRA ALTA";"Acessar a via sem observar a presença dos outros veículos";"Colisão transversal";"Com Vítimas Feridas";"Plena Noite";"Crescente";"Céu Claro";"Simples";"Reta;Declive";"Não";3;0;1;0;2;0;1;2;-18,827602;-50,873455;"SPRF-GO";"DEL05-GO";"UOP02-DEL05-GO"
554811;2023-10-13;"sexta-feira";"19:40:00";"BA";110;285;"INHAMBUPE";"Transitar na contramão";"Colisão frontal";"Com Vítimas Feridas";"Plena Noite";"Crescente";"Céu Claro";"Simples";"Reta";"Não";2;0;1;0;1;0;1;1;-11,78646;-38,348278;"SPRF-BA";"DEL01-BA";"UOP04-DEL01-BA"
554812;2023-10-13;"sexta-feira";"19:38:00";"PI";343;182;"PIRIPIRI";"Acesso irregular";"Colisão frontal";"Sem Vítimas";"Plena Noite";"Decrescente";"Céu Claro";"Simples";"Reta;Em Obras";"Sim";4;0;0;0;3;1;0;2;-4,257154;-41,759956;"SPRF-PI";"DEL02-PI";"UOP01-DEL02-PI"
554813;2023-10-13;"sexta-feira";"21:07:00";"ES";101;220,1;"IBIRACU";"Manobra de mudança de faixa";"Colisão transversal";"Com Vítimas Feridas";"Plena Noite";"Crescente";"Nublado";"Dupla";"Reta";"Sim";3;0;1;1;1;0;2;2;-19,86379124;-40,39171492;"SPRF-ES";"DEL02-ES";"UOP01-DEL02-ES"
554814;2023-10-13;"sexta-feira";"19:30:00";"RS";392;689,3;"ROQUE GONZALES";"Velocidade Incompatível";"Colisão traseira";"Com Vítimas Feridas";"Plena Noite";"Crescente";"Céu Claro";"Simples";"Reta";"Não";3;0;1;0;1;1;1;3;-28,10767958;-54,98770095;"SPRF-RS";"DEL10-RS";"UOP01-DEL10-RS"
554817;2023-10-13;"sexta-feira";"22:20:00";"SC";101;238,8;"PALHOCA";"Reação tardia ou ineficiente do condutor";"Saída de leito carroçável";"Sem Vítimas";"Plena Noite";"Decrescente";"Nublado";"Dupla";"Reta";"Não";1;0;0;0;1;0;0;1;-27,84293889;-48,63471922;"SPRF-SC";"DEL01-SC";"UOP02-DEL01-SC"
554818;2023-10-13;"sexta-feira";"20:45:00";"SC";101;442;"SANTA ROSA DO SUL";"Reação tardia ou ineficiente do condutor";"Tombamento";"Com Vítimas Feridas";"Plena Noite";"Decrescente";"Céu Claro";"Dupla";"Reta";"Não";2;0;2;0;0;0;2;1;-29,132236;-49,697005;"SPRF-SC";"DEL02-SC";"UOP02-DEL02-SC"
554820;2023-10-13;"sexta-feira";"21:30:00";"RS";287;275;"SAO PEDRO DO SUL";"Demais falhas mecânicas ou elétricas";"Incêndio";"Sem Vítimas";"Plena Noite";"Decrescente";"Céu Claro";"Simples";"Reta";"Não";4;0;0;0;4;0;0;1;-29,663656;-54,11613;"SPRF-RS";"DEL09-RS";"UOP01-DEL09-RS"
554821;2023-10-13;"sexta-feira";"21:55:00";"MG";381;455,5;"BELO HORIZONTE";"Iluminação deficiente";"Atropelamento de Pedestre";"Com Vítimas Fatais";"Plena Noite";"Crescente";"Nublado";"Simples";"Reta";"Sim";2;1;0;0;0;1;0;2;-19,8397059;-43,87767792;"SPRF-MG";"DEL01-MG";"UOP01-DEL01-MG"
554822;2023-10-13;"sexta-feira";"19:45:00";"RJ";116;197;"QUEIMADOS";"Iluminação deficiente";"Atropelamento de Pedestre";"Com Vítimas Fatais";"Plena Noite";"Crescente";"Ignorado";"Dupla";"Reta";"Não";2;1;0;0;0;1;0;2;-22,72980637;-43,56512004;"SPRF-RJ";"DEL01-RJ";"UOP02-DEL01-RJ"
554824;2023-10-13;"sexta-feira";"17:30:00";"PR";163;10;"BARRACAO";"Reação tardia ou ineficiente do condutor";"Colisão frontal";"Com Vítimas Feridas";"Pleno dia";"Crescente";"Céu Claro";"Simples";"Declive";"Sim";3;0;2;0;1;0;2;2;-26,25066;-53,635523;"SPRF-PR";"DEL02-PR";"UOP02-DEL02-PR"
554826;2023-10-13;"sexta-feira";"22:30:00";"BA";101;864;"TEIXEIRA DE FREITAS";"Ausência de reação do condutor";"Colisão traseira";"Com Vítimas Feridas";"Plena Noite";"Crescente";"Céu Claro";"Simples";"Reta";"Não";2;0;0;1;1;0;1;2;-17,62991701;-39,76820396;"SPRF-BA";"DEL09-BA";"UOP02-DEL09-BA"
554827;2023-10-13;"sexta-feira";"23:35:00";"SC";101;191,7;"BIGUACU";"Ingestão de álcool pelo condutor";"Colisão traseira";"Com Vítimas Feridas";"Plena Noite";"Decrescente";"Nublado";"Dupla";"Reta";"Sim";2;0;0;1;0;1;1;2;-27,47730273;-48,64127329;"SPRF-SC";"DEL01-SC";"UOP01-DEL01-SC"
554828;2023-10-13;"sexta-feira";"23:10:00";"PR";277;600,7;"CASCAVEL";"Frear bruscamente";"Capotamento";"Com Vítimas Feridas";"Plena Noite";"Decrescente";"Céu Claro";"Dupla";"Reta";"Não";4;0;2;0;2;0;2;1;-25,01271087;-53,5364381;"SPRF-PR";"DEL04-PR";"UOP01-DEL04-PR"
554829;2023-10-13;"sexta-feira";"21:50:00";"MT";70;381;"CAMPO VERDE";"Acessar a via sem observar a presença dos outros veículos";"Colisão transversal";"Com Vítimas Feridas";"Plena Noite";"Crescente";"Céu Claro";"Simples";"Reta";"Sim";2;0;1;0;1;0;1;2;-15,52081988;-55,12450612;"SPRF-MT";"DEL05-MT";"UOP02-DEL05-MT"
554831;2023-10-13;"sexta-feira";"23:30:00";"SP";381;65;"MAIRIPORA";"Ausência de reação do condutor";"Colisão com objeto";"Sem Vítimas";"Plena Noite";"Crescente";"Nublado";"Dupla";"Reta";"Sim";1;0;0;0;0;1;0;1;-23,316547;-46,58251;"SPRF-SP";"DEL03-SP";"UOP01-DEL03-SP"
554832;2023-10-13;"sexta-feira";"20:00:00";"PR";376;2;"MANDAGUARI";"Ingestão de álcool pelo condutor";"Colisão frontal";"Com Vítimas Feridas";"Plena Noite";"Crescente";"Céu Claro";"Simples";"Reta";"Sim";5;0;2;2;1;0;4;2;-23,547966;-51,671265;"SPRF-PR";"DEL07-PR";"UOP03-DEL07-PR"
554833;2023-10-13;"sexta-feira";"22:30:00";"SC";282;543;"NOVA ITABERABA";"Ingestão de álcool e/ou substâncias psicoativas pelo pedestre";"Capotamento";"Com Vítimas Feridas";"Plena Noite";"Crescente";"Céu Claro";"Simples";"Curva";"Não";1;0;0;1;0;0;1;1;-26,93637269;-52,80110836;"SPRF-SC";"DEL07-SC";"UOP01-DEL07-SC"
554835;2023-10-14;"sábado";"00:18:00";"PE";424;91,3;"GARANHUNS";"Acessar a via sem observar a presença dos outros veículos";"Colisão transversal";"Com Vítimas Feridas";"Plena Noite";"Decrescente";"Céu Claro";"Simples";"Reta";"Não";2;0;1;0;1;0;1;2;-8,90409633;-36,49974647;"SPRF-PE";"DEL03-PE";"UOP01-DEL03-PE"
554836;2023-10-14;"sábado";"01:10:00";"MG";40;783,2;"JUIZ DE FORA";"Ausência de reação do condutor";"Saída de leito carroçável";"Com Vítimas Feridas";"Plena Noite";"Crescente";"Nublado";"Dupla";"Curva";"Sim";1;0;0;1;0;0;1;1;-21,70406297;-43,45067808;"SPRF-MG";"DEL05-MG";"UOP01-DEL05-MG"
554838;2023-10-13;"sexta-feira";"22:20:00";"SC";282;30,5;"AGUAS MORNAS";"Velocidade Incompatível";"Capotamento";"Com Vítimas Feridas";"Plena Noite";"Crescente";"Nublado";"Simples";"Reta;Aclive";"Não";1;0;0;1;0;0;1;1;-27,687376;-48,79071;"SPRF-SC";"DEL01-SC";"UOP03-DEL01-SC"
554840;2023-10-14;"sábado";"00:50:00";"MG";381;282;"JAGUARACU";"Animais na Pista";"Atropelamento de Animal";"Com Vítimas Feridas";"Plena Noite";"Decrescente";"Céu Claro";"Simples";"Reta";"Sim";3;0;2;0;1;0;2;2;-19,618552;-42,776355;"SPRF-MG";"DEL03-MG";"UOP02-DEL03-MG"
554842;2023-10-14;"sábado";"02:20:00";"PR";116;138;"MANDIRITUBA";"Ausência de reação do condutor";"Colisão com objeto";"Com Vítimas Feridas";"Plena Noite";"Decrescente";"Garoa/Chuvisco";"Dupla";"Curva";"Não";1;0;1;0;0;0;1;1;-25,75320424;-49,3176055;"SPRF-PR";"DEL01-PR";"UOP03-DEL01-PR"
554843;2023-10-14;"sábado";"02:50:00";"SC";101;211,7;"PALHOCA";"Reação tardia ou ineficiente do condutor";"Capotamento";"Sem Vítimas";"Plena Noite";"Crescente";"Nublado";"Dupla";"Interseção de Vias";"Sim";1;0;0;0;1;0;0;1;-27,62329313;-48,65245588;"SPRF-SC";"DEL01-SC";"UOP02-DEL01-SC"
554845;2023-10-14;"sábado";"03:20:00";"PR";277;671;"MEDIANEIRA";"Reação tardia ou ineficiente do condutor";"Colisão com objeto";"Sem Vítimas";"Plena Noite";"Crescente";"Céu Claro";"Dupla";"Reta";"Sim";2;0;0;0;2;0;0;2;-25,28490106;-54,08744898;"SPRF-PR";"DEL05-PR";"UOP02-DEL05-PR"
554846;2023-10-14;"sábado";"04:50:00";"MG";381;484,7;"BETIM";"Ausência de reação do condutor";"Colisão com objeto";"Com Vítimas Feridas";"Amanhecer";"Decrescente";"Céu Claro";"Múltipla";"Reta";"Sim";2;0;0;2;0;0;2;1;-19,95531717;-44,11722196;"SPRF-MG";"DEL01-MG";"UOP03-DEL01-MG"
554847;2023-10-14;"sábado";"05:00:00";"RJ";116;172;"SAO JOAO DE MERITI";"Ausência de reação do condutor";"Capotamento";"Com Vítimas Feridas";"Amanhecer";"Crescente";"Chuva";"Dupla";"Reta";"Sim";2;0;1;0;1;0;1;1;-22,80188151;-43,35043673;"SPRF-RJ";"DEL01-RJ";"UOP02-DEL01-RJ"
554848;2023-10-14;"sábado";"02:00:00";"AL";104;1,2;"SAO JOSE DA LAJE";"Iluminação deficiente";"Atropelamento de Pedestre";"Com Vítimas Fatais";"Plena Noite";"Crescente";"Nublado";"Simples";"Reta";"Não";2;1;0;0;0;1;0;2;-8,9199443;-36,0158658;"SPRF-AL";"DEL01-AL";"UOP02-DEL01-AL"
554849;2023-10-14;"sábado";"05:55:00";"SC";282;5;"SAO JOSE";"Acessar a via sem observar a presença dos outros veículos";"Colisão lateral mesmo sentido";"Com Vítimas Feridas";"Pleno dia";"Crescente";"Nublado";"Simples";"Curva";"Sim";2;0;1;0;0;1;1;2;-27,588425;-48,612919;"SPRF-SC";"DEL01-SC";"UOP01-DEL01-SC"
554850;2023-10-14;"sábado";"05:20:00";"SC";280;77;"JARAGUA DO SUL";"Reação tardia ou ineficiente do condutor";"Saída de leito carroçável";"Com Vítimas Feridas";"Amanhecer";"Decrescente";"Nublado";"Simples";"Curva";"Não";1;0;1;0;0;0;1;1;-26,45514314;-49,18726132;"SPRF-SC";"DEL03-SC";"UOP03-DEL03-SC"
554851;2023-10-14;"sábado";"00:25:00";"SC";101;333,3;"TUBARAO";"Ingestão de álcool pelo condutor";"Saída de leito carroçável";"Sem Vítimas";"Plena Noite";"Decrescente";"Nublado";"Dupla";"Reta";"Não";1;0;0;0;0;1;0;1;-28,46862528;-49,01174784;"SPRF-SC";"DEL02-SC";"UOP01-DEL02-SC"