"id";"data_inversa";"dia_semana";"horario";"uf";"br";"km";"municipio";"causa_acidente";"tipo_acidente";"classificacao_acidente";"fase_dia";"sentido_via";"condicao_metereologica";"tipo_pista";"tracado_via";"uso_solo";"pessoas";"mortos";"feridos_leves";"feridos_graves";"ilesos";"ignorados";"feridos";"veiculos";"latitude";"longitude";"regional";"delegacia";"uop"
555075;2023-10-15;"domingo";"05:30:00";"SP";153;58;"SAO JOSE DO RIO PRETO";"Transitar no Acostamento";"Atropelamento de Pedestre";"Com Vítimas Feridas";"Amanhecer";"Crescente";"Céu Claro";"Dupla";"Reta";"Sim";3;0;1;1;1;0;2;2;-20,77838195;-49,35300538;"SPRF-SP";"DEL09-SP";"UOP01-DEL09-SP"
555076;2023-10-15;"domingo";"05:25:00";"SC";101;215;"PALHOCA";"Reação tardia ou ineficiente do condutor";"Tombamento";"Com Vítimas Feridas";"Amanhecer";"Decrescente";"Garoa/Chuvisco";"Dupla";"Reta";"Sim";1;0;1;0;0;0;1;1;-27,65184843;-48,67604941;"SPRF-SC";"DEL01-SC";"UOP02-DEL01-SC"
555077;2023-10-15;"domingo";"05:41:00";"RN";405;111,7;"TABOLEIRO GRANDE";"Ingestão de álcool pelo condutor";"Saída de leito carroçável";"Com Vítimas Fatais";"Amanhecer";"Crescente";"Céu Claro";"Simples";"Reta";"Não";2;1;0;1;0;0;1;1;-5,860772;-38,009088;"SPRF-RN";"DEL04-RN";"UOP02-DEL04-RN"
555078;2023-10-15;"domingo";"04:40:00";"SP";116;154,6;"SAO JOSE DOS CAMPOS";"Condutor deixou de manter distância do veículo da frente";"Colisão lateral mesmo sentido";"Com Vítimas Feridas";"Plena Noite";"Decrescente";"Céu Claro";"Dupla";"Reta;Aclive";"Sim";2;0;1;0;0;1;1;2;-23,23903999;-45,92061901;"SPRF-SP";"DEL02-SP";"UOP01-DEL02-SP"
555079;2023-10-15;"domingo";"05:50:00";"RS";392;350,7;"SANTA MARIA";"Ausência de reação do condutor";"Colisão com objeto";"Com Vítimas Feridas";"Plena Noite";"Decrescente";"Nublado";"Simples";"Interseção de Vias";"Não";1;0;0;1;0;0;1;1;-29,73454203;-53,79913688;"SPRF-RS";"DEL09-RS";"UOP01-DEL09-RS"
555080;2023-10-15;"domingo";"04:40:00";"PR";369;137,5;"IBIPORA";"Ingestão de álcool pelo condutor";"Colisão frontal";"Com Vítimas Feridas";"Plena Noite";"Crescente";"Céu Claro";"Simples";"Curva";"Sim";3;0;1;0;2;0;1;2;-23,2703436;-51,0456542;"SPRF-PR";"DEL07-PR";"UOP01-DEL07-PR"
555081;2023-10-15;"domingo";"05:50:00";"RJ";101;333;"RIO DE JANEIRO";"Reação tardia ou ineficiente do condutor";"Colisão com objeto";"Com Vítimas Feridas";"Amanhecer";"Crescente";"Nublado";"Simples";"Curva";"Sim";5;0;1;0;4;0;1;1;-22,87827816;-43,21053578;"SPRF-RJ";"DEL02-RJ";"UOP01-DEL02-RJ"
555083;2023-10-15;"domingo";"04:30:00";"RO";364;13;"VILHENA";"Ingestão de álcool pelo condutor";"Colisão traseira";"Sem Vítimas";"Plena Noite";"Crescente";"Céu Claro";"Simples";"Interseção de Vias";"Sim";2;0;0;0;2;0;0;2;-12,74140004;-60,13026401;"SPRF-RO";"DEL04-RO";"UOP01-DEL04-RO"
555084;2023-10-15;"domingo";"04:45:00";"SC";101;283;"IMBITUBA";"Ausência de reação do condutor";"Saída de leito carroçável";"Sem Vítimas";"Plena Noite";"Decrescente";"Chuva";"Dupla";"Reta";"Não";1;0;0;0;0;1;0;1;-28,20457404;-48,6984006;"SPRF-SC";"DEL02-SC";"UOP03-DEL02-SC"
555085;2023-10-15;"domingo";"06:30:00";"CE";222;166;"IRAUCUBA";"Condutor Dormindo";"Saída de leito carroçável";"Com Vítimas Feridas";"Pleno dia";"Crescente";"Céu Claro";"Simples";"Reta";"Não";1;0;1;0;0;0;1;1;-3,74203095;-39,92430202;"SPRF-CE";"DEL04-CE";"UOP03-DEL04-CE"
555086;2023-10-15;"domingo";"05:00:00";"PA";308;151;"CAPANEMA";"Reação tardia ou ineficiente do condutor";"Colisão frontal";"Sem Vítimas";"Amanhecer";"Crescente";"Céu Claro";"Simples";"Reta";"Sim";2;0;0;0;0;2;0;2;-1,21279075;-47,18200692;"SPRF-PA";"DEL01-PA";"UOP03-DEL01-PA"
555087;2023-10-15;"domingo";"05:50:00";"SC";101;276,7;"IMBITUBA";"Ingestão de álcool pelo condutor";"Queda de ocupante de veículo";"Sem Vítimas";"Amanhecer";"Crescente";"Céu Claro";"Dupla";"Reta";"Não";1;0;0;0;1;0;0;1;-28,14644701;-48,69204746;"SPRF-SC";"DEL02-SC";"UOP03-DEL02-SC"
555088;2023-10-15;"domingo";"04:50:00";"SC";282;562;"NOVA ERECHIM";"Condutor Dormindo";"Saída de leito carroçável";"Sem Vítimas";"Plena Noite";"Decrescente";"Céu Claro";"Simples";"Reta";"Não";1;0;0;0;1;0;0;1;-26,911108;-52,865475;"SPRF-SC";"DEL07-SC";"UOP02-DEL07-SC"
555089;2023-10-15;"domingo";"04:30:00";"PB";104;44,8;"BARRA DE SANTA ROSA";"Reação tardia ou ineficiente do condutor";"Colisão traseira";"Com Vítimas Feridas";"Amanhecer";"Crescente";"Céu Claro";"Simples";"Reta";"Sim";3;0;0;2;0;1;2;2;-6,72243136;-36,05878342;"SPRF-PB";"DEL02-PB";"UOP04-DEL02-PB"
555090;2023-10-14;"sábado";"18:30:00";"PR";277;675;"MEDIANEIRA";"Condutor deixou de manter distância do veículo da frente";"Colisão traseira";"Com Vítimas Feridas";"Anoitecer";"Decrescente";"Céu Claro";"Dupla";"Reta;Declive";"Não";6;0;3;0;2;1;3;3;-25,29891949;-54,12338731;"SPRF-PR";"DEL05-PR";"UOP01-DEL05-PR"
555092;2023-10-15;"domingo";"06:30:00";"PA";316;51;"CASTANHAL";"Ausência de reação do condutor";"Colisão traseira";"Com Vítimas Feridas";"Pleno dia";"Crescente";"Céu Claro";"Dupla";"Reta";"Não";3;0;0;1;1;1;1;3;-1,3007468;-48,02704;"SPRF-PA";"DEL01-PA";"UOP01-DEL01-PA"
555093;2023-10-15;"domingo";"07:25:00";"SP";116;560;"BARRA DO TURVO";"Reação tardia ou ineficiente do condutor";"Queda de ocupante de veículo";"Com Vítimas Feridas";"Amanhecer";"Crescente";"Garoa/Chuvisco";"Dupla";"Curva;Declive";"Não";2;0;2;0;0;0;2;1;-25,01571198;-48,50929106;"SPRF-SP";"DEL05-SP";"UOP02-DEL05-SP"
555094;2023-10-15;"domingo";"05:45:00";"MT";364;205;"RONDONOPOLIS";"Transitar na contramão";"Colisão lateral sentido oposto";"Sem Vítimas";"Amanhecer";"Crescente";"Céu Claro";"Dupla";"Reta";"Sim";4;0;0;0;4;0;0;2;-16,45928621;-54,66092345;"SPRF-MT";"DEL02-MT";"UOP01-DEL02-MT"
555095;2023-10-15;"domingo";"06:00:00";"RJ";356;75;"ITALVA";"Ingestão de álcool pelo condutor";"Queda de ocupante de veículo";"Com Vítimas Feridas";"Amanhecer";"Crescente";"Céu Claro";"Simples";"Curva";"Sim";1;0;0;1;0;0;1;1;-21,42140416;-41,69075621;"SPRF-RJ";"DEL08-RJ";"UOP03-DEL08-RJ"
555096;2023-10-15;"domingo";"05:00:00";"PI";343;247,7;"CAMPO MAIOR";"Ausência de reação do condutor";"Saída de leito carroçável";"Com Vítimas Fatais";"Amanhecer";"Decrescente";"Céu Claro";"Simples";"Curva";"Não";1;1;0;0;0;0;0;1;-4,704566;-42,087029;"SPRF-PI";"DEL01-PI";"UOP03-DEL01-PI"
555097;2023-10-14;"sábado";"19:20:00";"MS";463;106;"PONTA PORA";"Ingestão de álcool pelo condutor";"Colisão lateral sentido oposto";"Com Vítimas Feridas";"Plena Noite";"Crescente";"Céu Claro";"Simples";"Reta;Em Obras";"Não";3;0;1;1;1;0;2;2;-22,59656312;-55,66536809;"SPRF-MS";"DEL04-MS";"UOP03-DEL04-MS"
555098;2023-10-15;"domingo";"07:15:00";"MG";381;503;"BETIM";"Avarias e/ou desgaste excessivo no pneu";"Queda de ocupante de veículo";"Com Vítimas Feridas";"Pleno dia";"Decrescente";"Céu Claro";"Dupla";"Reta;Declive";"Sim";2;0;1;0;1;0;1;1;-20,02002854;-44,22857523;"SPRF-MG";"DEL01-MG";"UOP03-DEL01-MG"
555099;2023-10-15;"domingo";"07:10:00";"SC";101;193;"BIGUACU";"Reação tardia ou ineficiente do condutor";"Colisão com objeto";"Sem Vítimas";"Pleno dia";"Crescente";"Nublado";"Simples";"Reta";"Sim";1;0;0;0;0;1;0;1;-27,48443781;-48,64765238;"SPRF-SC";"DEL01-SC";"UOP01-DEL01-SC"
555100;2023-10-15;"domingo";"07:30:00";"ES";101;287;"CARIACICA";"Avarias e/ou desgaste excessivo no pneu";"Colisão com objeto";"Sem Vítimas";"Pleno dia";"Crescente";"Chuva";"Dupla";"Reta;Retorno Regulamentado";"Sim";1;0;0;0;0;1;0;1;-20,26493528;-40,38471702;"SPRF-ES";"DEL01-ES";"UOP01-DEL01-ES"
555101;2023-10-15;"domingo";"07:20:00";"PR";476;159,7;"ARAUCARIA";"Ingestão de álcool pelo condutor";"Colisão lateral sentido oposto";"Sem Vítimas";"Pleno dia";"Crescente";"Nublado";"Simples";"Reta";"Não";4;0;0;0;3;1;0;3;-25,61753104;-49,43342328;"SPRF-PR";"DEL01-PR";"UOP06-DEL01-PR"
555102;2023-10-15;"domingo";"08:15:00";"PR";116;92,5;"SAO JOSE DOS PINHAIS";"Ausência de reação do condutor";"Saída de leito carroçável";"Com Vítimas Feridas";"Pleno dia";"Crescente";"Nublado";"Simples";"Viaduto;Reta;Interseção de Vias";"Não";1;0;1;0;0;0;1;1;-25,509348;-49,128036;"SPRF-PR";"DEL01-PR";"UOP07-DEL01-PR"
555103;2023-10-15;"domingo";"08:05:00";"MG";116;700;"MURIAE";"Condutor Dormindo";"Tombamento";"Com Vítimas Feridas";"Pleno dia";"Decrescente";"Céu Claro";"Simples";"Curva;Interseção de Vias";"Sim";1;0;1;0;0;0;1;1;-21,10452984;-42,37939596;"SPRF-MG";"DEL07-MG";"UOP02-DEL07-MG"
555105;2023-10-15;"domingo";"08:50:00";"BA";367;33;"PORTO SEGURO";"Transitar no Acostamento";"Colisão lateral mesmo sentido";"Com Vítimas Feridas";"Pleno dia";"Crescente";"Sol";"Simples";"Reta";"Sim";4;0;1;0;2;1;1;3;-16,41808735;-39,15338816;"SPRF-BA";"DEL09-BA";"UOP03-DEL09-BA"
555109;2023-10-15;"domingo";"04:00:00";"BA";407;43,4;"JUAZEIRO";"Transitar na contramão";"Colisão frontal";"Com Vítimas Fatais";"Plena Noite";"Decrescente";"Céu Claro";"Simples";"Reta";"Não";2;1;0;0;0;1;0;2;-9,75607012;-40,34432726;"SPRF-BA";"DEL04-BA";"UOP01-DEL04-BA"
555110;2023-10-15;"domingo";"09:10:00";"SP";116;116;"TAUBATE";"Reação tardia ou ineficiente do condutor";"Colisão lateral mesmo sentido";"Com Vítimas Feridas";"Pleno dia";"Decrescente";"Céu Claro";"Dupla";"Reta";"Não";3;0;2;0;1;0;2;2;-23,05376319;-45,6088049;"SPRF-SP";"DEL02-SP";"UOP02-DEL02-SP"
555111;2023-10-15;"domingo";"08:30:00";"SC";101;203,9;"SAO JOSE";"Reação tardia ou ineficiente do condutor";"Colisão transversal";"Com Vítimas Feridas";"Pleno dia";"Decrescente";"Nublado";"Dupla";"Reta";"Sim";2;0;1;0;0;1;1;2;-27,57398746;-48,61330032;"SPRF-SC";"DEL01-SC";"UOP01-DEL01-SC"
555112;2023-10-15;"domingo";"07:00:00";"RJ";465;19;"NOVA IGUACU";"Transitar na contramão";"Colisão frontal";"Com Vítimas Fatais";"Pleno dia";"Crescente";"Céu Claro";"Simples";"Reta";"Sim";4;1;1;0;2;0;1;2;-22,839184;-43,610451;"SPRF-RJ";"DEL03-RJ";"UOP01-DEL03-RJ"
555113;2023-10-14;"sábado";"23:00:00";"SP";381;44;"ATIBAIA";"Ingestão de álcool pelo condutor";"Colisão frontal";"Com Vítimas Feridas";"Plena Noite";"Crescente";"Céu Claro";"Simples";"Aclive;Curva;Retorno Regulamentado";"Sim";3;0;0;1;2;0;1;2;-23,16458615;-46,57418959;"SPRF-SP";"DEL03-SP";"UOP01-DEL03-SP"
555117;2023-10-15;"domingo";"08:10:00";"PI";343;265;"CAMPO MAIOR";"Acesso irregular";"Colisão lateral mesmo sentido";"Com Vítimas Feridas";"Pleno dia";"Crescente";"Céu Claro";"Simples";"Curva";"Sim";4;0;0;1;3;0;1;2;-4,834697;-42,167046;"SPRF-PI";"DEL01-PI";"UOP03-DEL01-PI"
555119;2023-10-15;"domingo";"09:40:00";"MG";262;114;"RIO CASCA";"Reação tardia ou ineficiente do condutor";"Capotamento";"Com Vítimas Feridas";"Pleno dia";"Decrescente";"Nublado";"Simples";"Curva;Declive";"Não";3;0;2;0;1;0;2;1;-20,24284881;-42,60671889;"SPRF-MG";"DEL03-MG";"UOP03-DEL03-MG"
555120;2023-10-15;"domingo";"10:50:00";"SC";101;146;"ITAPEMA";"Acessar a via sem observar a presença dos outros veículos";"Colisão transversal";"Com Vítimas Feridas";"Pleno dia";"Crescente";"Nublado";"Dupla";"Reta";"Sim";2;0;1;1;0;0;2;2;-27,08666525;-48,60955587;"SPRF-SC";"DEL04-SC";"UOP03-DEL04-SC"
555121;2023-10-15;"domingo";"10:00:00";"MG";40;528;"CONTAGEM";"Ingestão de álcool pelo condutor";"Colisão lateral mesmo sentido";"Sem Vítimas";"Pleno dia";"Decrescente";"Céu Claro";"Múltipla";"Reta;Declive";"Sim";4;0;0;0;4;0;0;2;-19,90883179;-44,04436577;"SPRF-MG";"DEL01-MG";"UOP02-DEL01-MG"
555122;2023-10-15;"domingo";"10:50:00";"PB";230;290,5;"SANTA LUZIA";"Acessar a via sem observar a presença dos outros veículos";"Colisão transversal";"Com Vítimas Feridas";"Pleno dia";"Crescente";"Céu Claro";"Simples";"Interseção de Vias";"Sim";2;0;0;1;1;0;1;2;-6,8742;-36,9085;"SPRF-PB";"DEL03-PB";"UOP01-DEL03-PB"
555124;2023-10-15;"domingo";"11:05:00";"PR";376;676,3;"GUARATUBA";"Condutor deixou de manter distância do veículo da frente";"Colisão traseira";"Com Vítimas Feridas";"Pleno dia";"Decrescente";"Nublado";"Dupla";"Curva;Aclive";"Não";7;0;2;0;5;0;2;2;-25,932993;-48,91024;"SPRF-PR";"DEL01-PR";"UOP04-DEL01-PR"
555125;2023-10-15;"domingo";"10:19:00";"SC";101;194;"BIGUACU";"Reação tardia ou ineficiente do condutor";"Colisão com objeto";"Com Vítimas Feridas";"Pleno dia";"Crescente";"Nublado";"Dupla";"Reta";"Sim";1;0;1;0;0;0;1;1;-27,49815117;-48,65661236;"SPRF-SC";"DEL01-SC";"UOP01-DEL01-SC"
555126;2023-10-15;"domingo";"11:15:00";"PR";277;9;"PARANAGUA";"Reação tardia ou ineficiente do condutor";"Saída de leito carroçável";"Com Vítimas Feridas";"Pleno dia";"Decrescente";"Céu Claro";"Dupla";"Reta";"Não";3;0;3;0;0;0;3;1;-25,568198;-48,615292;"SPRF-PR";"DEL01-PR";"UOP05-DEL01-PR"
555129;2023-10-15;"domingo";"11:10:00";"BA";116;411;"FEIRA DE SANTANA";"Ausência de reação do condutor";"Tombamento";"Com Vítimas Feridas";"Pleno dia";"Decrescente";"Céu Claro";"Dupla";"Reta";"Não";1;0;1;0;0;0;1;1;-12,11649901;-38,96846221;"SPRF-BA";"DEL02-BA";"UOP01-DEL02-BA"
555130;2023-10-15;"domingo";"09:30:00";"GO";452;7;"RIO VERDE";"Ultrapassagem Indevida";"Colisão lateral sentido oposto";"Com Vítimas Feridas";"Pleno dia";"Crescente";"Céu Claro";"Simples";"Reta";"Não";6;0;4;0;2;0;4;3;-17,81950738;-50,84497023;"SPRF-GO";"DEL04-GO";"UOP01-DEL04-GO"
555131;2023-10-15;"domingo";"10:45:00";"PI";343;8,6;"PARNAIBA";"Desrespeitar a preferência no cruzamento";"Colisão transversal";"Com Vítimas Feridas";"Pleno dia";"Crescente";"Céu Claro";"Simples";"Reta";"Sim";3;0;2;0;1;0;2;2;-2,90015992;-41,72929287;"SPRF-PI";"DEL05-PI";"UOP01-DEL05-PI"
555132;2023-10-11;"quarta-feira";"09:39:00";"RJ";101;316;"SAO GONCALO";"Demais falhas mecânicas ou elétricas";"Tombamento";"Com Vítimas Feridas";"Pleno dia";"Decrescente";"Céu Claro";"Dupla";"Reta";"Não";1;0;1;0;0;0;1;1;-22,82835879;-43,09208739;"SPRF-RJ";"DEL02-RJ";"UOP02-DEL02-RJ"
555134;2023-10-15;"domingo";"12:00:00";"MG";354;734,8;"POUSO ALTO";"Condutor deixou de manter distância do veículo da frente";"Colisão traseira";"Com Vítimas Feridas";"Pleno dia";"Crescente";"Céu Claro";"Simples";"Reta";"Não";4;0;2;0;2;0;2;3;-22,18823192;-44,97635454;"SPRF-MG";"DEL17-MG";"UOP01-DEL17-MG"
555135;2023-10-15;"domingo";"11:20:00";"MG";381;867;"POUSO ALEGRE";"Demais falhas mecânicas ou elétricas";"Incêndio";"Sem Vítimas";"Pleno dia";"Crescente";"Céu Claro";"Dupla";"Reta";"Não";1;0;0;0;1;0;0;1;-22,37046648;-45,93597613;"SPRF-MG";"DEL16-MG";"UOP01-DEL16-MG"
555136;2023-10-15;"domingo";"08:30:00";"MA";135;150;"MATOES DO NORTE";"Reação tardia ou ineficiente do condutor";"Capotamento";"Sem Vítimas";"Pleno dia";"Crescente";"Céu Claro";"Simples";"Reta;Declive";"Não";1;0;0;0;0;1;0;1;-3,76035;-44,50991;"SPRF-MA";"DEL01-MA";"UOP02-DEL01-MA"
555137;2023-10-15;"domingo";"09:00:00";"MG";40;659,8;"CARANDAI";"Chuva";"Saída de leito carroçável";"Com Vítimas Feridas";"Pleno dia";"Crescente";"Garoa/Chuvisco";"Simples";"Curva";"Sim";3;0;1;0;2;0;1;1;-20,89806015;-43,8232099;"SPRF-MG";"DEL05-MG";"UOP02-DEL05-MG"
555138;2023-10-15;"domingo";"12:00:00";"PA";308;151;"CAPANEMA";"Manobra de mudança de faixa";"Colisão lateral sentido oposto";"Com Vítimas Feridas";"Pleno dia";"Crescente";"Sol";"Simples";"Reta";"Sim";4;0;0;1;3;0;1;2;-1,21064;-47,182743;"SPRF-PA";"DEL01-PA";"UOP03-DEL01-PA"
555140;2023-10-15;"domingo";"10:36:00";"MT";163;845;"SINOP";"Ausência de reação do condutor";"Queda de ocupante de veículo";"Com Vítimas Feridas";"Pleno dia";"Decrescente";"Céu Claro";"Simples";"Reta";"Não";2;0;1;0;0;1;1;1;-11,89877541;-55,50500735;"SPRF-MT";"DEL06-MT";"UOP02-DEL06-MT"
555142;2023-10-15;"domingo";"12:50:00";"MG";381;451;"SABARA";"Conversão proibida";"Colisão lateral mesmo sentido";"Com Vítimas Feridas";"Pleno dia";"Decrescente";"Céu Claro";"Simples";"Curva";"Não";3;0;2;0;1;0;2;2;-19,83441861;-43,85098394;"SPRF-MG";"DEL01-MG";"UOP01-DEL01-MG"
555143;2023-10-15;"domingo";"12:30:00";"SC";101;112,9;"ITAJAI";"Trafegar com motocicleta (ou similar) entre as faixas";"Colisão lateral mesmo sentido";"Com Vítimas Feridas";"Pleno dia";"Decrescente";"Nublado";"Dupla";"Reta";"Não";4;0;1;0;3;0;1;3;-26,84589005;-48,72131295;"SPRF-SC";"DEL04-SC";"UOP04-DEL04-SC"
555144;2023-10-15;"domingo";"08:40:00";"MG";40;815,4;"SIMAO PEREIRA";"Reação tardia ou ineficiente do condutor";"Capotamento";"Com Vítimas Feridas";"Pleno dia";"Decrescente";"Chuva";"Dupla";"Reta";"Não";4;0;2;0;2;0;2;1;-21,899943;-43,31155704;"SPRF-MG";"DEL05-MG";"UOP01-DEL05-MG"
555145;2023-10-15;"domingo";"09:25:00";"PE";116;57,9;"CABROBO";"Acessar a via sem observar a presença dos outros veículos";"Colisão transversal";"Com Vítimas Feridas";"Pleno dia";"Decrescente";"Céu Claro";"Simples";"Reta";"Não";6;0;0;3;3;0;3;2;-8,335882;-39,135235;"SPRF-PE";"DEL05-PE";"UOP03-DEL05-PE"
555146;2023-10-15;"domingo";"12:46:00";"RJ";116;80;"TERESOPOLIS";"Condutor deixou de manter distância do veículo da frente";"Colisão traseira";"Com Vítimas Feridas";"Pleno dia";"Crescente";"Nublado";"Simples";"Reta";"Não";2;0;1;0;1;0;1;2;-22,39006974;-42,9533628;"SPRF-RJ";"DEL04-RJ";"UOP01-DEL04-RJ"
555149;2023-10-15;"domingo";"09:40:00";"PR";369;387,5;"MAMBORE";"Desrespeitar a preferência no cruzamento";"Colisão transversal";"Com Vítimas Feridas";"Pleno dia";"Decrescente";"Céu Claro";"Simples";"Interseção de Vias";"Não";5;0;4;1;0;0;5;2;-24,2636;-52,5088;"SPRF-PR";"DEL04-PR";"UOP03-DEL04-PR"
555150;2023-10-15;"domingo";"10:40:00";"MG";381;852,3;"POUSO ALEGRE";"Velocidade Incompatível";"Colisão traseira";"Com Vítimas Feridas";"Pleno dia";"Crescente";"Céu Claro";"Dupla";"Reta;Aclive";"Não";4;0;1;0;3;0;1;2;-22,29622613;-45,89935251;"SPRF-MG";"DEL16-MG";"UOP01-DEL16-MG"
555151;2023-10-15;"domingo";"13:30:00";"CE";20;391,2;"CAUCAIA";"Condutor deixou de manter distância do veículo da frente";"Colisão traseira";"Sem Vítimas";"Pleno dia";"Decrescente";"Céu Claro";"Simples";"Reta";"Não";7;0;0;0;7;0;0;2;-3,84905477;-38,77921916;"SPRF-CE";"DEL01-CE";"UOP01-DEL01-CE"
555152;2023-10-15;"domingo";"13:10:00";"SP";116;439;"REGISTRO";"Chuva";"Tombamento";"Com Vítimas Feridas";"Pleno dia";"Decrescente";"Chuva";"Dupla";"Retorno Regulamentado";"Não";1;0;1;0;0;0;1;1;-24,45434475;-47,81204635;"SPRF-SP";"DEL05-SP";"UOP01-DEL05-SP"
555153;2023-10-15;"domingo";"13:50:00";"PR";469;12,9;"FOZ DO IGUACU";"Curva acentuada";"Tombamento";"Com Vítimas Feridas";"Pleno dia";"Decrescente";"Céu Claro";"Simples";"Em Obras;Curva;Desvio Temporário";"Sim";1;0;0;1;0;0;1;1;-25,57414982;-54,55144286;"SPRF-PR";"DEL05-PR";"UOP04-DEL05-PR"
555154;2023-10-15;"domingo";"13:15:00";"RS";471;567;"SANTA VITORIA DO PALMAR";"Animais na Pista";"Atropelamento de Animal";"Com Vítimas Feridas";"Pleno dia";"Decrescente";"Céu Claro";"Simples";"Reta";"Sim";1;0;1;0;0;0;1;1;-32,964893;-52,789398;"SPRF-RS";"DEL07-RS";"UOP04-DEL07-RS"
555155;2023-10-15;"domingo";"14:28:00";"PE";101;52,8;"PAULISTA";"Ausência de sinalização";"Colisão frontal";"Com Vítimas Feridas";"Pleno dia";"Crescente";"Céu Claro";"Simples";"Curva;Declive";"Sim";3;0;3;0;0;0;3;2;-7,93961103;-34,90356584;"SPRF-PE";"DEL01-PE";"UOP02-DEL01-PE"
555157;2023-10-15;"domingo";"14:20:00";"AL";101;207;"SAO SEBASTIAO";"Acessar a via sem observar a presença dos outros veículos";"Atropelamento de Pedestre";"Com Vítimas Feridas";"Pleno dia";"Crescente";"Céu Claro";"Simples";"Reta;Declive";"Não";3;0;0;1;2;0;1;2;-9,98952335;-36,58477684;"SPRF-AL";"DEL02-AL";"UOP02-DEL02-AL"
555158;2023-10-15;"domingo";"14:00:00";"RO";364;193,9;"PIMENTA BUENO";"Ausência de sinalização";"Colisão lateral sentido oposto";"Com Vítimas Feridas";"Pleno dia";"Crescente";"Sol";"Simples";"Reta;Em Obras";"Sim";4;0;1;0;3;0;1;2;-11,699852;-61,17105;"SPRF-RO";"DEL02-RO";"UOP02-DEL02-RO"
555160;2023-10-15;"domingo";"14:45:00";"RS";158;315,9;"ITAARA";"Condutor deixou de manter distância do veículo da frente";"Colisão traseira";"Com Vítimas Feridas";"Pleno dia";"Crescente";"Céu Claro";"Simples";"Declive;Curva";"Não";2;0;1;0;1;0;1;2;-29,65005593;-53,75696211;"SPRF-RS";"DEL09-RS";"UOP01-DEL09-RS"
555161;2023-10-15;"domingo";"15:30:00";"RJ";116;249;"PIRAI";"Condutor deixou de manter distância do veículo da frente";"Engavetamento";"Com Vítimas Feridas";"Pleno dia";"Decrescente";"Nublado";"Dupla";"Reta;Aclive";"Não";7;0;4;0;3;0;4;3;-22,59967462;-43,95005595;"SPRF-RJ";"DEL07-RJ";"UOP01-DEL07-RJ"
555162;2023-10-15;"domingo";"15:30:00";"MG";153;219,6;"FRUTAL";"Ingestão de álcool pelo condutor";"Colisão lateral mesmo sentido";"Sem Vítimas";"Pleno dia";"Crescente";"Céu Claro";"Simples";"Reta";"Sim";2;0;0;0;2;0;0;2;-20,09641;-49,08761;"SPRF-MG";"DEL13-MG";"UOP02-DEL13-MG"
555164;2023-10-15;"domingo";"15:52:00";"ES";101;241,8;"FUNDAO";"Acessar a via sem observar a presença dos outros veículos";"Colisão transversal";"Com Vítimas Feridas";"Pleno dia";"Decrescente";"Garoa/Chuvisco";"Simples";"Reta;Retorno Regulamentado";"Sim";4;0;2;0;2;0;2;2;-20,02389596;-40,39998096;"SPRF-ES";"DEL02-ES";"UOP01-DEL02-ES"
555166;2023-10-15;"domingo";"14:40:00";"SC";282;221;"LAGES";"Acessar a via sem observar a presença dos outros veículos";"Colisão traseira";"Com Vítimas Feridas";"Pleno dia";"Crescente";"Nublado";"Simples";"Reta";"Não";7;0;0;1;4;2;1;3;-27,79777752;-50,35353363;"SPRF-SC";"DEL05-SC";"UOP01-DEL05-SC"
555167;2023-10-15;"domingo";"15:20:00";"PR";116;112;"CURITIBA";"Reação tardia ou ineficiente do condutor";"Tombamento";"Com Vítimas Feridas";"Pleno dia";"Decrescente";"Céu Claro";"Múltipla";"Reta;Interseção de Vias";"Sim";1;0;1;0;0;0;1;1;-25,55859674;-49,26827431;"SPRF-PR";"DEL01-PR";"UOP07-DEL01-PR"
555170;2023-10-15;"domingo";"15:30:00";"BA";116;815;"VITORIA DA CONQUISTA";"Acessar a via sem observar a presença dos outros veículos";"Colisão transversal";"Com Vítimas Feridas";"Pleno dia";"Decrescente";"Céu Claro";"Simples";"Reta";"Não";2;0;0;1;1;0;1;2;-14,77315332;-40,72201784;"SPRF-BA";"DEL08-BA";"UOP01-DEL08-BA"
555171;2023-10-15;"domingo";"16:12:00";"GO";40;0;"VALPARAISO DE GOIAS";"Manobra de mudança de faixa";"Queda de ocupante de veículo";"Com Vítimas Feridas";"Pleno dia";"Crescente";"Céu Claro";"Dupla";"Reta";"Sim";3;0;1;0;2;0;1;2;-16,058273;-47,982655;"SPRF-DF";"DEL01-DF";"UOP01-DEL01-DF"
555172;2023-10-15;"domingo";"16:00:00";"GO";40;14;"LUZIANIA";"Condutor Dormindo";"Saída de leito carroçável";"Com Vítimas Feridas";"Pleno dia";"Crescente";"Céu Claro";"Dupla";"Reta";"Sim";1;0;1;0;0;0;1;1;-16,158753;-47,933136;"SPRF-DF";"DEL01-DF";"UOP01-DEL01-DF"
555173;2023-10-15;"domingo";"15:00:00";"PR";376;4,5;"MARINGA";"Ausência de reação do condutor";"Saída de leito carroçável";"Com Vítimas Feridas";"Pleno dia";"Decrescente";"Céu Claro";"Dupla";"Curva";"Sim";1;0;0;1;0;0;1;1;-23,38064005;-51,95854872;"SPRF-PR";"DEL09-PR";"UOP01-DEL09-PR"