"id";"data_inversa";"dia_semana";"horario";"uf";"br";"km";"municipio";"causa_acidente";"tipo_acidente";"classificacao_acidente";"fase_dia";"sentido_via";"condicao_metereologica";"tipo_pista";"tracado_via";"uso_solo";"pessoas";"mortos";"feridos_leves";"feridos_graves";"ilesos";"ignorados";"feridos";"veiculos";"latitude";"longitude";"regional";"delegacia";"uop"
555381;2023-10-16;"segunda-feira";"12:00:00";"BA";415;58;"ITABUNA";"Velocidade Incompatível";"Colisão frontal";"Com Vítimas Feridas";"Pleno dia";"Crescente";"Céu Claro";"Simples";"Curva";"Não";3;0;1;2;0;0;3;2;-14,8512318;-39,37316537;"SPRF-BA";"DEL05-BA";"UOP01-DEL05-BA"
555382;2023-10-16;"segunda-feira";"16:30:00";"RN";101;103,8;"PARNAMIRIM";"Reação tardia ou ineficiente do condutor";"Colisão traseira";"Com Vítimas Feridas";"Pleno dia";"Crescente";"Sol";"Múltipla";"Reta;Aclive;Viaduto";"Sim";2;0;1;0;1;0;1;2;-5,89034022;-35,24894996;"SPRF-RN";"DEL01-RN";"UOP01-DEL01-RN"
555383;2023-10-16;"segunda-feira";"16:30:00";"SP";116;221;"GUARULHOS";"Trafegar com motocicleta (ou similar) entre as faixas";"Colisão lateral mesmo sentido";"Com Vítimas Feridas";"Pleno dia";"Decrescente";"Céu Claro";"Múltipla";"Reta";"Sim";2;0;0;1;1;0;1;2;-23,46802395;-46,50704901;"SPRF-SP";"DEL01-SP";"UOP01-DEL01-SP"
555384;2023-09-18;"segunda-feira";"11:30:00";"RJ";101;283;"ITABORAI";"Mal súbito do condutor";"Capotamento";"Com Vítimas Feridas";"Pleno dia";"Crescente";"Céu Claro";"Dupla";"Reta";"Não";2;0;1;0;1;0;1;1;-22,73591014;-42,80592689;"SPRF-RJ";"DEL02-RJ";"UOP02-DEL02-RJ"
555387;2023-10-16;"segunda-feira";"17:14:00";"SP";153;70,5;"SAO JOSE DO RIO PRETO";"Acessar a via sem observar a presença dos outros veículos";"Colisão transversal";"Com Vítimas Feridas";"Pleno dia";"Crescente";"Céu Claro";"Dupla";"Reta";"Sim";2;0;1;0;1;0;1;2;-20,85197874;-49,40070263;"SPRF-SP";"DEL09-SP";"UOP01-DEL09-SP"
555388;2023-10-16;"segunda-feira";"12:30:00";"PI";316;268,6;"IPIRANGA DO PIAUI";"Ausência de reação do condutor";"Saída de leito carroçável";"Com Vítimas Feridas";"Pleno dia";"Crescente";"Sol";"Simples";"Reta";"Não";1;0;1;0;0;0;1;1;-6,89830701;-41,74207511;"SPRF-PI";"DEL04-PI";"UOP02-DEL04-PI"
555391;2023-10-16;"segunda-feira";"17:40:00";"RJ";101;403;"ITAGUAI";"Demais falhas mecânicas ou elétricas";"Tombamento";"Com Vítimas Feridas";"Pleno dia";"Decrescente";"Nublado";"Dupla";"Reta";"Não";2;0;1;0;1;0;1;1;-22,85924449;-43,79010059;"SPRF-RJ";"DEL03-RJ";"UOP01-DEL03-RJ"
555392;2023-10-16;"segunda-feira";"16:29:00";"MG";365;600;"UBERLANDIA";"Pista esburacada";"Saída de leito carroçável";"Com Vítimas Feridas";"Pleno dia";"Decrescente";"Céu Claro";"Simples";"Declive";"Não";2;0;2;0;0;0;2;1;-18,89471474;-48,12996205;"SPRF-MG";"DEL15-MG";"UOP01-DEL15-MG"
555393;2023-10-16;"segunda-feira";"17:40:00";"RS";116;266;"CANOAS";"Trafegar com motocicleta (ou similar) entre as faixas";"Colisão lateral mesmo sentido";"Com Vítimas Feridas";"Anoitecer";"Decrescente";"Chuva";"Dupla";"Reta";"Sim";4;0;1;0;3;0;1;4;-29,93242399;-51,17742077;"SPRF-RS";"DEL01-RS";"UOP01-DEL01-RS"
555394;2023-10-16;"segunda-feira";"17:40:00";"PB";101;95;"SANTA RITA";"Manobra de mudança de faixa";"Colisão lateral mesmo sentido";"Sem Vítimas";"Anoitecer";"Decrescente";"Céu Claro";"Dupla";"Reta;Declive";"Não";2;0;0;0;2;0;0;2;-7,08347459;-34,97302294;"SPRF-PB";"DEL01-PB";"UOP02-DEL01-PB"
555396;2023-10-16;"segunda-feira";"17:00:00";"PR";277;7;"PARANAGUA";"Desrespeitar a preferência no cruzamento";"Colisão transversal";"Com Vítimas Feridas";"Plena Noite";"Crescente";"Garoa/Chuvisco";"Simples";"Retorno Regulamentado;Interseção de Vias;Rotatória";"Sim";2;0;1;0;1;0;1;2;-25,568198;-48,615292;"SPRF-PR";"DEL01-PR";"UOP05-DEL01-PR"
555398;2023-10-16;"segunda-feira";"17:05:00";"RN";101;101;"PARNAMIRIM";"Velocidade Incompatível";"Engavetamento";"Sem Vítimas";"Anoitecer";"Crescente";"Céu Claro";"Dupla";"Reta";"Sim";6;0;0;0;6;0;0;6;-5,88681084;-35,23143404;"SPRF-RN";"DEL01-RN";"UOP01-DEL01-RN"
555399;2023-10-16;"segunda-feira";"17:30:00";"PR";277;724,8;"FOZ DO IGUACU";"Manobra de mudança de faixa";"Colisão traseira";"Com Vítimas Feridas";"Pleno dia";"Crescente";"Céu Claro";"Dupla";"Reta";"Sim";2;0;1;0;1;0;1;2;-25,50654833;-54,54424;"SPRF-PR";"DEL05-PR";"UOP03-DEL05-PR"
555400;2023-10-16;"segunda-feira";"16:54:00";"GO";60;118;"TEREZOPOLIS DE GOIAS";"Reação tardia ou ineficiente do condutor";"Atropelamento de Pedestre";"Com Vítimas Fatais";"Pleno dia";"Decrescente";"Céu Claro";"Dupla";"Reta";"Sim";5;1;0;0;4;0;0;2;-16,4848;-49,0935;"SPRF-GO";"DEL01-GO";"UOP01-DEL01-GO"
555402;2023-10-16;"segunda-feira";"18:15:00";"ES";101;269,2;"SERRA";"Trafegar com motocicleta (ou similar) entre as faixas";"Colisão lateral mesmo sentido";"Com Vítimas Feridas";"Plena Noite";"Crescente";"Nublado";"Múltipla";"Reta";"Sim";4;0;2;0;2;0;2;4;-20,21740496;-40,26990578;"SPRF-ES";"DEL02-ES";"UOP01-DEL02-ES"
555403;2023-10-16;"segunda-feira";"17:40:00";"MG";40;418,5;"CURVELO";"Ultrapassagem Indevida";"Colisão frontal";"Com Vítimas Feridas";"Anoitecer";"Decrescente";"Céu Claro";"Dupla";"Reta;Declive";"Não";3;0;2;0;1;0;2;2;-19,15867555;-44,58541806;"SPRF-MG";"DEL02-MG";"UOP01-DEL02-MG"
555405;2023-10-16;"segunda-feira";"18:00:00";"BA";324;513,2;"FEIRA DE SANTANA";"Retorno proibido";"Colisão traseira";"Com Vítimas Feridas";"Anoitecer";"Decrescente";"Céu Claro";"Simples";"Reta";"Sim";3;0;0;1;2;0;1;2;-12,23098007;-38,96101401;"SPRF-BA";"DEL02-BA";"UOP01-DEL02-BA"
555406;2023-10-16;"segunda-feira";"17:10:00";"BA";116;413,1;"FEIRA DE SANTANA";"Velocidade Incompatível";"Colisão com objeto";"Com Vítimas Feridas";"Pleno dia";"Crescente";"Céu Claro";"Dupla";"Desvio Temporário;Em Obras";"Não";3;0;1;1;1;0;2;1;-12,14246805;-38,96658117;"SPRF-BA";"DEL02-BA";"UOP01-DEL02-BA"
555407;2023-10-16;"segunda-feira";"17:00:00";"PR";153;336;"IRATI";"Pista esburacada";"Queda de ocupante de veículo";"Com Vítimas Feridas";"Pleno dia";"Crescente";"Chuva";"Simples";"Reta";"Sim";1;0;1;0;0;0;1;1;-25,49753795;-50,64815515;"SPRF-PR";"DEL08-PR";"UOP02-DEL08-PR"
555408;2023-10-16;"segunda-feira";"15:00:00";"MA";316;256;"PINDARE-MIRIM";"Acumulo de água sobre o pavimento";"Saída de leito carroçável";"Sem Vítimas";"Pleno dia";"Crescente";"Céu Claro";"Simples";"Reta";"Não";1;0;0;0;1;0;0;1;-3,65322;-45,424976;"SPRF-MA";"DEL02-MA";"UOP01-DEL02-MA"
555409;2023-10-16;"segunda-feira";"17:45:00";"PB";230;36;"SANTA RITA";"Manobra de mudança de faixa";"Colisão lateral mesmo sentido";"Com Vítimas Feridas";"Plena Noite";"Decrescente";"Céu Claro";"Simples";"Curva";"Sim";2;0;1;0;0;1;1;2;-7,1246;-34,9473;"SPRF-PB";"DEL01-PB";"UOP03-DEL01-PB"
555412;2023-10-16;"segunda-feira";"19:00:00";"PI";343;10,7;"PARNAIBA";"Animais na Pista";"Atropelamento de Animal";"Com Vítimas Feridas";"Plena Noite";"Crescente";"Céu Claro";"Simples";"Reta";"Não";1;0;1;0;0;0;1;1;-2,903314;-41,750664;"SPRF-PI";"DEL05-PI";"UOP01-DEL05-PI"
555415;2023-10-16;"segunda-feira";"18:35:00";"SC";470;70;"INDAIAL";"Acessar a via sem observar a presença dos outros veículos";"Colisão transversal";"Com Vítimas Feridas";"Plena Noite";"Decrescente";"Chuva";"Simples";"Reta";"Sim";3;0;0;1;1;1;1;3;-26,889374;-49,254478;"SPRF-SC";"DEL04-SC";"UOP01-DEL04-SC"
555416;2023-07-10;"segunda-feira";"08:30:00";"RS";293;63;"PIRATINI";"Neblina";"Saída de leito carroçável";"Com Vítimas Feridas";"Plena Noite";"Crescente";"Nevoeiro/Neblina";"Simples";"Interseção de Vias";"Não";2;0;2;0;0;0;2;1;-31,699327;-52,955135;"SPRF-RS";"DEL07-RS";"UOP01-DEL07-RS"
555418;2023-10-16;"segunda-feira";"19:20:00";"SC";101;216;"PALHOCA";"Manobra de mudança de faixa";"Colisão lateral mesmo sentido";"Com Vítimas Feridas";"Plena Noite";"Crescente";"Chuva";"Dupla";"Reta";"Sim";1;0;1;0;0;0;1;1;-27,65981409;-48,67747798;"SPRF-SC";"DEL01-SC";"UOP02-DEL01-SC"
555419;2023-10-12;"quinta-feira";"11:00:00";"RJ";101;491;"ANGRA DOS REIS";"Demais falhas mecânicas ou elétricas";"Incêndio";"Sem Vítimas";"Pleno dia";"Decrescente";"Nublado";"Simples";"Reta";"Sim";1;0;0;0;1;0;0;1;-22,95442983;-44,32193004;"SPRF-RJ";"DEL03-RJ";"UOP03-DEL03-RJ"
555421;2023-10-16;"segunda-feira";"19:56:00";"MG";365;768;"ITUIUTABA";"Ultrapassagem Indevida";"Colisão lateral sentido oposto";"Sem Vítimas";"Plena Noite";"Crescente";"Céu Claro";"Simples";"Reta";"Não";2;0;0;0;2;0;0;2;-18,96224029;-49,59311301;"SPRF-MG";"DEL15-MG";"UOP03-DEL15-MG"
555422;2023-10-16;"segunda-feira";"19:00:00";"SC";101;48,5;"JOINVILLE";"Velocidade Incompatível";"Tombamento";"Sem Vítimas";"Plena Noite";"Decrescente";"Chuva";"Dupla";"Curva";"Não";1;0;0;0;0;1;0;1;-26,35345909;-48,85867862;"SPRF-SC";"DEL03-SC";"UOP01-DEL03-SC"
555424;2023-10-16;"segunda-feira";"20:20:00";"RJ";101;554;"PARATY";"Pedestre andava na pista";"Atropelamento de Pedestre";"Com Vítimas Fatais";"Plena Noite";"Decrescente";"Nublado";"Simples";"Curva";"Não";2;1;0;0;1;0;0;2;-23,06778628;-44,69358474;"SPRF-RJ";"DEL03-RJ";"UOP04-DEL03-RJ"
555425;2023-10-16;"segunda-feira";"18:45:00";"MG";116;584,8;"MANHUACU";"Manobra de mudança de faixa";"Colisão frontal";"Com Vítimas Feridas";"Plena Noite";"Decrescente";"Céu Claro";"Simples";"Reta";"Não";2;0;2;0;0;0;2;2;-20,22302088;-42,17880872;"SPRF-MG";"DEL06-MG";"UOP03-DEL06-MG"
555426;2023-10-16;"segunda-feira";"19:50:00";"PA";316;49,3;"CASTANHAL";"Chuva";"Queda de ocupante de veículo";"Com Vítimas Feridas";"Plena Noite";"Decrescente";"Chuva";"Dupla";"Curva";"Não";1;0;1;0;0;0;1;1;-1,30696138;-48,03478;"SPRF-PA";"DEL01-PA";"UOP01-DEL01-PA"
555427;2023-10-16;"segunda-feira";"20:00:00";"MG";381;929,8;"ITAPEVA";"Velocidade Incompatível";"Saída de leito carroçável";"Com Vítimas Feridas";"Plena Noite";"Crescente";"Garoa/Chuvisco";"Dupla";"Curva";"Não";1;0;1;0;0;0;1;1;-22,77479164;-46,23882651;"SPRF-MG";"DEL16-MG";"UOP03-DEL16-MG"
555430;2023-10-16;"segunda-feira";"19:00:00";"RS";386;253;"SOLEDADE";"Avarias e/ou desgaste excessivo no pneu";"Saída de leito carroçável";"Sem Vítimas";"Plena Noite";"Crescente";"Chuva";"Simples";"Curva";"Não";2;0;0;0;2;0;0;1;-28,843369;-52,449715;"SPRF-RS";"DEL04-RS";"UOP03-DEL04-RS"
555431;2023-10-16;"segunda-feira";"18:45:00";"MG";262;605;"CAMPOS ALTOS";"Animais na Pista";"Atropelamento de Animal";"Sem Vítimas";"Plena Noite";"Crescente";"Céu Claro";"Simples";"Reta";"Não";3;0;0;0;1;2;0;2;-19,63689174;-46,25586477;"SPRF-MG";"DEL08-MG";"UOP02-DEL08-MG"
555432;2023-10-16;"segunda-feira";"19:00:00";"RJ";116;334;"RESENDE";"Ausência de reação do condutor";"Colisão com objeto";"Com Vítimas Feridas";"Plena Noite";"Crescente";"Céu Claro";"Dupla";"Curva";"Não";2;0;1;0;1;0;1;1;-22,49236889;-44,65204499;"SPRF-RJ";"DEL07-RJ";"UOP02-DEL07-RJ"
555433;2023-10-16;"segunda-feira";"19:15:00";"SC";470;170;"POUSO REDONDO";"Chuva";"Colisão frontal";"Com Vítimas Feridas";"Plena Noite";"Crescente";"Chuva";"Simples";"Curva;Aclive";"Não";3;0;1;0;2;0;1;2;-27,265903;-49,892441;"SPRF-SC";"DEL04-SC";"UOP02-DEL04-SC"
555434;2023-10-16;"segunda-feira";"21:00:00";"RS";290;456,1;"ROSARIO DO SUL";"Acumulo de água sobre o pavimento";"Saída de leito carroçável";"Sem Vítimas";"Plena Noite";"Crescente";"Chuva";"Simples";"Curva";"Não";2;0;0;0;2;0;0;1;-30,227652;-54,675674;"SPRF-RS";"DEL11-RS";"UOP02-DEL11-RS"
555435;2023-10-16;"segunda-feira";"17:30:00";"AM";319;30;"CANUTAMA";"Ausência de reação do condutor";"Saída de leito carroçável";"Com Vítimas Feridas";"Anoitecer";"Crescente";"Nublado";"Simples";"Em Obras;Reta";"Não";1;0;0;1;0;0;1;1;-8,346216;-63,952935;"SPRF-AM";"DEL01-AM";"UOP04-DEL01-AM"
555436;2023-10-16;"segunda-feira";"22:40:00";"PR";277;7;"PARANAGUA";"Reação tardia ou ineficiente do condutor";"Saída de leito carroçável";"Com Vítimas Feridas";"Plena Noite";"Decrescente";"Chuva";"Dupla";"Reta";"Não";2;0;1;0;1;0;1;1;-25,56055006;-48,58023405;"SPRF-PR";"DEL01-PR";"UOP05-DEL01-PR"
555437;2023-10-16;"segunda-feira";"18:00:00";"BA";415;26;"ILHEUS";"Ultrapassagem Indevida";"Colisão frontal";"Com Vítimas Feridas";"Plena Noite";"Crescente";"Nublado";"Simples";"Reta";"Não";4;0;0;1;1;2;1;3;-14,79392072;-39,1823101;"SPRF-BA";"DEL05-BA";"UOP01-DEL05-BA"
555440;2023-10-16;"segunda-feira";"23:00:00";"SC";101;150;"ITAPEMA";"Desrespeitar a preferência no cruzamento";"Colisão transversal";"Com Vítimas Feridas";"Plena Noite";"Crescente";"Chuva";"Múltipla";"Interseção de Vias";"Não";2;0;1;0;0;1;1;2;-27,11744799;-48,60940987;"SPRF-SC";"DEL04-SC";"UOP03-DEL04-SC"
555441;2023-10-16;"segunda-feira";"20:20:00";"RO";364;424;"JARU";"Desrespeitar a preferência no cruzamento";"Colisão transversal";"Com Vítimas Feridas";"Plena Noite";"Decrescente";"Céu Claro";"Simples";"Interseção de Vias";"Sim";2;0;1;1;0;0;2;2;-10,44457274;-62,46568412;"SPRF-RO";"DEL03-RO";"UOP02-DEL03-RO"
555445;2023-10-16;"segunda-feira";"23:00:00";"ES";101;270,3;"SERRA";"Reação tardia ou ineficiente do condutor";"Saída de leito carroçável";"Com Vítimas Feridas";"Plena Noite";"Decrescente";"Nublado";"Múltipla";"Reta";"Sim";3;0;2;0;1;0;2;1;-20,22662056;-40,27075088;"SPRF-ES";"DEL02-ES";"UOP01-DEL02-ES"
555446;2023-10-16;"segunda-feira";"22:58:00";"TO";153;496,6;"PARAISO DO TOCANTINS";"Animais na Pista";"Atropelamento de Animal";"Com Vítimas Feridas";"Plena Noite";"Crescente";"Céu Claro";"Simples";"Reta";"Sim";3;0;3;0;0;0;3;1;-10,16527794;-48,88094578;"SPRF-TO";"DEL01-TO";"UOP01-DEL01-TO"
555447;2023-10-16;"segunda-feira";"23:20:00";"RS";293;208;"DOM PEDRITO";"Animais na Pista";"Atropelamento de Animal";"Com Vítimas Feridas";"Plena Noite";"Crescente";"Nevoeiro/Neblina";"Simples";"Reta";"Não";1;0;1;0;0;0;1;1;-31,19692604;-54,31666102;"SPRF-RS";"DEL11-RS";"UOP03-DEL11-RS"
555449;2023-10-16;"segunda-feira";"14:00:00";"PR";376;179,4;"MARINGA";"Ausência de reação do condutor";"Engavetamento";"Com Vítimas Feridas";"Pleno dia";"Decrescente";"Céu Claro";"Dupla";"Reta";"Sim";3;0;1;0;1;1;1;3;-23,4205657;-51,90932751;"SPRF-PR";"DEL09-PR";"UOP01-DEL09-PR"
555450;2023-10-17;"terça-feira";"00:00:00";"RJ";465;4;"SEROPEDICA";"Transtornos Mentais (exceto suicidio)";"Saída de leito carroçável";"Sem Vítimas";"Plena Noite";"Decrescente";"Nublado";"Simples";"Reta";"Sim";1;0;0;0;1;0;0;1;-22,740971;-43,705597;"SPRF-RJ";"DEL01-RJ";"UOP03-DEL01-RJ"
555451;2023-10-17;"terça-feira";"00:25:00";"GO";153;537;"HIDROLANDIA";"Animais na Pista";"Saída de leito carroçável";"Com Vítimas Feridas";"Plena Noite";"Crescente";"Céu Claro";"Dupla";"Reta;Declive";"Não";1;0;1;0;0;0;1;1;-17,0276;-49,2229;"SPRF-GO";"DEL01-GO";"UOP03-DEL01-GO"
555452;2023-10-17;"terça-feira";"00:35:00";"PR";163;276;"QUATRO PONTES";"Ausência de reação do condutor";"Saída de leito carroçável";"Com Vítimas Feridas";"Plena Noite";"Crescente";"Céu Claro";"Dupla";"Curva";"Não";3;0;1;0;2;0;1;1;-24,61125308;-53,95455801;"SPRF-PR";"DEL06-PR";"UOP02-DEL06-PR"
555453;2023-10-17;"terça-feira";"00:26:00";"RJ";116;327;"ITATIAIA";"Demais falhas mecânicas ou elétricas";"Incêndio";"Sem Vítimas";"Plena Noite";"Crescente";"Céu Claro";"Dupla";"Aclive;Reta";"Não";1;0;0;0;0;1;0;1;-22,50162452;-44,58807495;"SPRF-RJ";"DEL07-RJ";"UOP02-DEL07-RJ"
555458;2023-10-17;"terça-feira";"00:20:00";"RJ";40;121;"DUQUE DE CAXIAS";"Entrada inopinada do pedestre";"Atropelamento de Pedestre";"Com Vítimas Fatais";"Plena Noite";"Decrescente";"Céu Claro";"Múltipla";"Reta";"Não";2;1;0;0;0;1;0;2;-22,78185499;-43,28571273;"SPRF-RJ";"DEL01-RJ";"UOP01-DEL01-RJ"
555461;2023-10-17;"terça-feira";"00:50:00";"MG";116;547,7;"SANTA BARBARA DO LESTE";"Reação tardia ou ineficiente do condutor";"Saída de leito carroçável";"Com Vítimas Feridas";"Plena Noite";"Crescente";"Nublado";"Simples";"Curva";"Não";1;0;1;0;0;0;1;1;-19,94406896;-42,1320258;"SPRF-MG";"DEL06-MG";"UOP02-DEL06-MG"
555462;2023-10-17;"terça-feira";"04:00:00";"MG";381;858,5;"POUSO ALEGRE";"Acumulo de água sobre o pavimento";"Saída de leito carroçável";"Com Vítimas Feridas";"Plena Noite";"Crescente";"Chuva";"Dupla";"Reta";"Sim";2;0;2;0;0;0;2;1;-22,30770206;-45,90240657;"SPRF-MG";"DEL16-MG";"UOP01-DEL16-MG"
555468;2023-10-17;"terça-feira";"06:00:00";"MT";364;214;"RONDONOPOLIS";"Acessar a via sem observar a presença dos outros veículos";"Colisão transversal";"Com Vítimas Fatais";"Pleno dia";"Crescente";"Céu Claro";"Dupla";"Reta";"Não";2;1;1;0;0;0;1;2;-16,390806;-54,713632;"SPRF-MT";"DEL02-MT";"UOP01-DEL02-MT"
555471;2023-10-17;"terça-feira";"07:18:00";"RN";304;133,2;"ITAJA";"Reação tardia ou ineficiente do condutor";"Saída de leito carroçável";"Com Vítimas Feridas";"Pleno dia";"Decrescente";"Sol";"Simples";"Reta;Aclive";"Não";1;0;1;0;0;0;1;1;-5,66041541;-36,74426003;"SPRF-RN";"DEL04-RN";"UOP01-DEL04-RN"
555473;2023-10-17;"terça-feira";"06:40:00";"SC";101;213,3;"PALHOCA";"Desrespeitar a preferência no cruzamento";"Colisão transversal";"Com Vítimas Feridas";"Pleno dia";"Crescente";"Nublado";"Dupla";"Viaduto;Interseção de Vias";"Sim";2;0;1;0;1;0;1;2;-27,63697369;-48,66514142;"SPRF-SC";"DEL01-SC";"UOP02-DEL01-SC"
555474;2023-10-17;"terça-feira";"08:00:00";"SP";116;229;"GUARULHOS";"Trafegar com motocicleta (ou similar) entre as faixas";"Colisão lateral mesmo sentido";"Com Vítimas Feridas";"Pleno dia";"Decrescente";"Nublado";"Múltipla";"Reta";"Sim";3;0;1;0;2;0;1;2;-23,51291902;-46,57604698;"SPRF-SP";"DEL01-SP";"UOP01-DEL01-SP"
555476;2023-10-17;"terça-feira";"07:29:00";"PE";101;76;"RECIFE";"Transitar no Acostamento";"Atropelamento de Pedestre";"Com Vítimas Feridas";"Pleno dia";"Crescente";"Céu Claro";"Dupla";"Reta";"Sim";3;0;2;1;0;0;3;2;-8,11813811;-34,94329214;"SPRF-PE";"DEL01-PE";"UOP01-DEL01-PE"
555477;2023-10-06;"sexta-feira";"18:30:00";"MA";135;73;"SANTA RITA";"Ultrapassagem Indevida";"Colisão frontal";"Com Vítimas Feridas";"Plena Noite";"Crescente";"Céu Claro";"Simples";"Reta;Ponte";"Não";6;0;4;0;2;0;4;3;-3,16549824;-44,33811857;"SPRF-MA";"DEL01-MA";"UOP02-DEL01-MA"
555479;2023-10-17;"terça-feira";"07:41:00";"RN";101;112;"SAO JOSE DE MIPIBU";"Mal súbito do condutor";"Queda de ocupante de veículo";"Com Vítimas Feridas";"Pleno dia";"Decrescente";"Céu Claro";"Dupla";"Aclive";"Não";2;0;1;0;0;1;1;2;-5,96429;-35,264877;"SPRF-RN";"DEL01-RN";"UOP01-DEL01-RN"
555480;2023-10-17;"terça-feira";"07:30:00";"MG";381;791,5;"SAO GONCALO DO SAPUCAI";"Reação tardia ou ineficiente do condutor";"Capotamento";"Com Vítimas Feridas";"Pleno dia";"Decrescente";"Chuva";"Dupla";"Curva";"Não";5;0;5;0;0;0;5;1;-21,91694596;-45,58909701;"SPRF-MG";"DEL16-MG";"UOP02-DEL16-MG"
555481;2023-10-16;"segunda-feira";"15:00:00";"RJ";116;204;"QUEIMADOS";"Demais falhas mecânicas ou elétricas";"Incêndio";"Sem Vítimas";"Pleno dia";"Decrescente";"Céu Claro";"Dupla";"Reta";"Não";1;0;0;0;1;0;0;1;-22,72895007;-43,63189001;"SPRF-RJ";"DEL01-RJ";"UOP03-DEL01-RJ"
555482;2023-10-17;"terça-feira";"07:30:00";"RJ";116;171;"RIO DE JANEIRO";"Ausência de reação do condutor";"Tombamento";"Com Vítimas Feridas";"Pleno dia";"Decrescente";"Nublado";"Dupla";"Reta";"Não";2;0;1;0;1;0;1;1;-22,8060415;-43,34289573;"SPRF-RJ";"DEL01-RJ";"UOP02-DEL01-RJ"
555486;2023-10-17;"terça-feira";"07:20:00";"MG";40;824,9;"SIMAO PEREIRA";"Avarias e/ou desgaste excessivo no pneu";"Colisão com objeto";"Com Vítimas Feridas";"Pleno dia";"Crescente";"Chuva";"Dupla";"Curva;Declive";"Não";1;0;1;0;0;0;1;1;-21,99452596;-43,28667641;"SPRF-MG";"DEL05-MG";"UOP01-DEL05-MG"
555488;2023-10-17;"terça-feira";"07:15:00";"MT";364;204;"RONDONOPOLIS";"Condutor deixou de manter distância do veículo da frente";"Colisão lateral mesmo sentido";"Com Vítimas Feridas";"Pleno dia";"Crescente";"Céu Claro";"Dupla";"Rotatória";"Sim";2;0;1;0;1;0;1;2;-16,467325;-54,657196;"SPRF-MT";"DEL02-MT";"UOP01-DEL02-MT"
555489;2023-10-17;"terça-feira";"08:00:00";"RS";290;175,9;"BUTIA";"Conversão proibida";"Colisão traseira";"Com Vítimas Feridas";"Pleno dia";"Crescente";"Garoa/Chuvisco";"Simples";"Reta;Interseção de Vias";"Sim";2;0;0;1;0;1;1;2;-30,131086;-51,972031;"SPRF-RS";"DEL02-RS";"UOP03-DEL02-RS"
555490;2023-10-17;"terça-feira";"08:20:00";"TO";153;687;"CARIRI DO TOCANTINS";"Avarias e/ou desgaste excessivo no pneu";"Saída de leito carroçável";"Com Vítimas Feridas";"Pleno dia";"Crescente";"Céu Claro";"Simples";"Reta";"Não";2;0;1;0;1;0;1;1;-11,84661586;-49,14494829;"SPRF-TO";"DEL01-TO";"UOP02-DEL01-TO"
555492;2023-10-16;"segunda-feira";"17:50:00";"RJ";40;118;"DUQUE DE CAXIAS";"Condutor deixou de manter distância do veículo da frente";"Colisão traseira";"Com Vítimas Feridas";"Plena Noite";"Crescente";"Céu Claro";"Múltipla";"Reta";"Sim";2;0;1;0;1;0;1;2;-22,75470802;-43,28737838;"SPRF-RJ";"DEL01-RJ";"UOP01-DEL01-RJ"
555493;2023-10-17;"terça-feira";"08:00:00";"PR";373;476,1;"CORONEL VIVIDA";"Acumulo de água sobre o pavimento";"Saída de leito carroçável";"Com Vítimas Feridas";"Pleno dia";"Crescente";"Chuva";"Simples";"Curva";"Não";1;0;1;0;0;0;1;1;-25,96350986;-52,5197692;"SPRF-PR";"DEL02-PR";"UOP01-DEL02-PR"
555495;2023-10-17;"terça-feira";"07:57:00";"CE";222;2;"FORTALEZA";"Desrespeitar a preferência no cruzamento";"Colisão transversal";"Com Vítimas Feridas";"Pleno dia";"Decrescente";"Céu Claro";"Dupla";"Reta";"Sim";2;0;1;0;1;0;1;2;-3,73911117;-38,58687498;"SPRF-CE";"DEL01-CE";"UOP01-DEL01-CE"
555496;2023-10-17;"terça-feira";"07:30:00";"PR";116;9,8;"CAMPINA GRANDE DO SUL";"Avarias e/ou desgaste excessivo no pneu";"Saída de leito carroçável";"Com Vítimas Feridas";"Pleno dia";"Crescente";"Garoa/Chuvisco";"Dupla";"Curva";"Não";2;0;1;0;1;0;1;1;-25,082528;-48,641692;"SPRF-PR";"DEL01-PR";"UOP02-DEL01-PR"
555499;2023-10-17;"terça-feira";"06:00:00";"RJ";0;0;"RIO DE JANEIRO";"Acumulo de água sobre o pavimento";"Saída de leito carroçável";"Com Vítimas Feridas";"Amanhecer";"Não Informado";"Chuva";"Múltipla";"Reta";"Sim";2;0;1;0;1;0;1;1;-22,86041046;-43,51743993;"SPRF-RJ";"DEL03-RJ";"UOP01-DEL03-RJ"
555501;2023-10-17;"terça-feira";"09:10:00";"RS";386;165,6;"CARAZINHO";"Acumulo de água sobre o pavimento";"Saída de leito carroçável";"Com Vítimas Feridas";"Pleno dia";"Crescente";"Chuva";"Simples";"Reta";"Não";2;0;1;1;0;0;2;1;-28,197134;-52,827736;"SPRF-RS";"DEL08-RS";"UOP01-DEL08-RS"
555502;2023-10-17;"terça-feira";"10:30:00";"SC";282;0,5;"FLORIANOPOLIS";"Manobra de mudança de faixa";"Colisão lateral mesmo sentido";"Com Vítimas Feridas";"Pleno dia";"Decrescente";"Nublado";"Múltipla";"Reta;Aclive";"Sim";2;0;1;0;1;0;1;2;-27,59845;-48,571995;"SPRF-SC";"DEL01-SC";"UOP01-DEL01-SC"
555506;2023-10-17;"terça-feira";"10:45:00";"MG";381;448;"SANTA LUZIA";"Acessar a via sem observar a presença dos outros veículos";"Colisão transversal";"Com Vítimas Feridas";"Pleno dia";"Crescente";"Sol";"Simples";"Curva";"Sim";2;0;0;1;1;0;1;2;-19,83435173;-43,85962899;"SPRF-MG";"DEL01-MG";"UOP01-DEL01-MG"