"id";"data_inversa";"dia_semana";"horario";"uf";"br";"km";"municipio";"causa_acidente";"tipo_acidente";"classificacao_acidente";"fase_dia";"sentido_via";"condicao_metereologica";"tipo_pista";"tracado_via";"uso_solo";"pessoas";"mortos";"feridos_leves";"feridos_graves";"ilesos";"ignorados";"feridos";"veiculos";"latitude";"longitude";"regional";"delegacia";"uop"
555628;2023-10-17;"terça-feira";"21:30:00";"PR";116;179,1;"QUITANDINHA";"Reação tardia ou ineficiente do condutor";"Saída de leito carroçável";"Sem Vítimas";"Plena Noite";"Crescente";"Chuva";"Simples";"Reta";"Não";1;0;0;0;1;0;0;1;-25,90048185;-49,56388311;"SPRF-PR";"DEL01-PR";"UOP03-DEL01-PR"
555629;2023-10-17;"terça-feira";"22:55:00";"RJ";116;309,6;"RESENDE";"Reação tardia ou ineficiente do condutor";"Colisão traseira";"Sem Vítimas";"Plena Noite";"Crescente";"Chuva";"Dupla";"Reta";"Não";3;0;0;0;3;0;0;2;-22,4580719;-44,4273143;"SPRF-RJ";"DEL07-RJ";"UOP02-DEL07-RJ"
555630;2023-10-17;"terça-feira";"13:20:00";"PR";153;102,5;"IBAITI";"Chuva";"Colisão com objeto";"Com Vítimas Feridas";"Pleno dia";"Decrescente";"Chuva";"Simples";"Reta";"Não";2;0;2;0;0;0;2;1;-23,78980606;-50,18764213;"SPRF-PR";"DEL07-PR";"UOP04-DEL07-PR"
555633;2023-10-17;"terça-feira";"23:15:00";"RJ";116;193;"QUEIMADOS";"Demais falhas mecânicas ou elétricas";"Colisão traseira";"Sem Vítimas";"Plena Noite";"Decrescente";"Nublado";"Dupla";"Reta";"Não";6;0;0;0;2;4;0;5;-22,73960178;-43,52859094;"SPRF-RJ";"DEL01-RJ";"UOP02-DEL01-RJ"
555634;2023-10-17;"terça-feira";"23:22:00";"PB";230;158,7;"CAMPINA GRANDE";"Ingestão de álcool pelo condutor";"Colisão traseira";"Sem Vítimas";"Plena Noite";"Crescente";"Céu Claro";"Simples";"Reta;Interseção de Vias";"Sim";2;0;0;0;2;0;0;2;-7,256955;-35,92803955;"SPRF-PB";"DEL02-PB";"UOP01-DEL02-PB"
555637;2023-10-17;"terça-feira";"23:40:00";"RJ";356;23;"ITAPERUNA";"Avarias e/ou desgaste excessivo no pneu";"Colisão com objeto";"Sem Vítimas";"Plena Noite";"Crescente";"Nublado";"Simples";"Curva";"Não";3;0;0;0;1;2;0;1;-21,18026434;-41,98292495;"SPRF-RJ";"DEL08-RJ";"UOP03-DEL08-RJ"
555639;2023-10-18;"quarta-feira";"00:20:00";"RS";153;53;"ERECHIM";"Ingestão de álcool pelo condutor";"Saída de leito carroçável";"Com Vítimas Feridas";"Plena Noite";"Crescente";"Nublado";"Simples";"Declive";"Não";1;0;1;0;0;0;1;1;-27,67588411;-52,290501;"SPRF-RS";"DEL08-RS";"UOP04-DEL08-RS"
555640;2023-10-18;"quarta-feira";"00:45:00";"PR";277;141;"BALSA NOVA";"Ausência de reação do condutor";"Saída de leito carroçável";"Com Vítimas Feridas";"Plena Noite";"Decrescente";"Nublado";"Simples";"Reta";"Não";4;0;2;0;2;0;2;1;-25,4650131;-49,7406435;"SPRF-PR";"DEL03-PR";"UOP03-DEL03-PR"
555643;2023-10-18;"quarta-feira";"01:55:00";"MS";163;465;"CAMPO GRANDE";"Ausência de reação do condutor";"Saída de leito carroçável";"Com Vítimas Feridas";"Plena Noite";"Crescente";"Céu Claro";"Simples";"Reta";"Não";1;0;0;1;0;0;1;1;-20,59436908;-54,5809341;"SPRF-MS";"DEL01-MS";"UOP01-DEL01-MS"
555644;2023-10-18;"quarta-feira";"03:30:00";"RS";386;434,1;"NOVA SANTA RITA";"Ausência de reação do condutor";"Colisão com objeto";"Com Vítimas Feridas";"Plena Noite";"Decrescente";"Céu Claro";"Dupla";"Reta";"Não";2;0;2;0;0;0;2;1;-29,843386;-51,285454;"SPRF-RS";"DEL04-RS";"UOP02-DEL04-RS"
555645;2023-10-18;"quarta-feira";"00:33:00";"MS";463;8;"DOURADOS";"Reação tardia ou ineficiente do condutor";"Colisão com objeto";"Com Vítimas Feridas";"Plena Noite";"Crescente";"Céu Claro";"Simples";"Rotatória";"Não";1;0;1;0;0;0;1;1;-22,25406888;-54,87557173;"SPRF-MS";"DEL04-MS";"UOP03-DEL04-MS"
555647;2023-10-18;"quarta-feira";"05:00:00";"ES";262;125,2;"CONCEICAO DO CASTELO";"Condutor Dormindo";"Saída de leito carroçável";"Com Vítimas Feridas";"Amanhecer";"Decrescente";"Nublado";"Simples";"Curva";"Não";3;0;2;0;1;0;2;1;-20,27994144;-41,26114078;"SPRF-ES";"DEL01-ES";"UOP02-DEL01-ES"
555650;2023-10-18;"quarta-feira";"06:35:00";"GO";153;436;"ANAPOLIS";"Condutor Dormindo";"Saída de leito carroçável";"Com Vítimas Feridas";"Pleno dia";"Crescente";"Sol";"Dupla";"Reta";"Sim";1;0;1;0;0;0;1;1;-16,283987;-48,951763;"SPRF-GO";"DEL02-GO";"UOP01-DEL02-GO"
555651;2023-10-18;"quarta-feira";"06:30:00";"SP";116;228,5;"SAO PAULO";"Condutor deixou de manter distância do veículo da frente";"Colisão traseira";"Com Vítimas Feridas";"Pleno dia";"Decrescente";"Céu Claro";"Múltipla";"Reta";"Sim";2;0;1;0;1;0;1;2;-23,50343484;-46,56638712;"SPRF-SP";"DEL01-SP";"UOP01-DEL01-SP"
555652;2023-10-18;"quarta-feira";"07:20:00";"SP";116;206;"GUARULHOS";"Ausência de reação do condutor";"Tombamento";"Com Vítimas Feridas";"Pleno dia";"Crescente";"Céu Claro";"Dupla";"Reta";"Sim";1;0;1;0;0;0;1;1;-23,41722629;-46,37510292;"SPRF-SP";"DEL01-SP";"UOP01-DEL01-SP"
555653;2023-10-18;"quarta-feira";"07:13:00";"BA";324;615,8;"SALVADOR";"Trafegar com motocicleta (ou similar) entre as faixas";"Colisão lateral mesmo sentido";"Com Vítimas Feridas";"Pleno dia";"Crescente";"Sol";"Dupla";"Reta;Aclive";"Sim";2;0;1;0;1;0;1;2;-12,885433;-38,437222;"SPRF-BA";"DEL01-BA";"UOP01-DEL01-BA"
555654;2023-10-18;"quarta-feira";"07:00:00";"PR";277;78;"CURITIBA";"Manobra de mudança de faixa";"Colisão lateral mesmo sentido";"Com Vítimas Feridas";"Pleno dia";"Crescente";"Céu Claro";"Dupla";"Reta";"Sim";3;0;0;1;2;0;1;2;-25,47921843;-49,20030257;"SPRF-PR";"DEL01-PR";"UOP01-DEL01-PR"
555656;2023-10-18;"quarta-feira";"07:00:00";"SC";101;112;"ITAJAI";"Reação tardia ou ineficiente do condutor";"Tombamento";"Com Vítimas Feridas";"Pleno dia";"Crescente";"Nublado";"Dupla";"Reta";"Não";1;0;1;0;0;0;1;1;-26,84589005;-48,72131295;"SPRF-SC";"DEL04-SC";"UOP04-DEL04-SC"
555657;2023-10-18;"quarta-feira";"07:25:00";"BA";324;525;"FEIRA DE SANTANA";"Acessar a via sem observar a presença dos outros veículos";"Colisão lateral mesmo sentido";"Com Vítimas Feridas";"Pleno dia";"Crescente";"Céu Claro";"Dupla";"Reta";"Sim";2;0;0;1;1;0;1;2;-12,31077928;-38,88473511;"SPRF-BA";"DEL01-BA";"UOP03-DEL01-BA"
555662;2023-10-18;"quarta-feira";"07:15:00";"MS";60;414;"SIDROLANDIA";"Acessar a via sem observar a presença dos outros veículos";"Colisão transversal";"Com Vítimas Feridas";"Pleno dia";"Crescente";"Céu Claro";"Simples";"Reta";"Não";3;0;1;1;1;0;2;2;-20,89554922;-54,86568024;"SPRF-MS";"DEL01-MS";"UOP04-DEL01-MS"
555663;2023-10-18;"quarta-feira";"08:20:00";"MG";40;532;"CONTAGEM";"Ausência de reação do condutor";"Colisão traseira";"Com Vítimas Feridas";"Pleno dia";"Crescente";"Céu Claro";"Dupla";"Reta";"Sim";3;0;1;2;0;0;3;2;-19,92372561;-44,01700789;"SPRF-MG";"DEL01-MG";"UOP02-DEL01-MG"
555664;2023-10-17;"terça-feira";"17:35:00";"AC";364;368;"MANOEL URBANO";"Conversão proibida";"Colisão transversal";"Com Vítimas Feridas";"Plena Noite";"Crescente";"Céu Claro";"Simples";"Reta";"Não";2;0;0;1;1;0;1;2;-8,7687014;-69,4485412;"SPRF-AC";"DEL01-AC";"UOP01-DEL01-AC"
555665;2023-10-18;"quarta-feira";"08:08:00";"SC";470;57,1;"BLUMENAU";"Conversão proibida";"Colisão lateral mesmo sentido";"Com Vítimas Feridas";"Pleno dia";"Decrescente";"Nublado";"Simples";"Em Obras;Curva";"Sim";2;0;1;0;1;0;1;2;-26,880428;-49,136532;"SPRF-SC";"DEL04-SC";"UOP01-DEL04-SC"
555666;2023-10-18;"quarta-feira";"06:30:00";"RN";406;117;"POCO BRANCO";"Ausência de reação do condutor";"Colisão traseira";"Com Vítimas Feridas";"Pleno dia";"Decrescente";"Céu Claro";"Simples";"Reta";"Não";2;0;1;0;1;0;1;2;-5,57560522;-35,69347206;"SPRF-RN";"DEL02-RN";"UOP01-DEL02-RN"
555668;2023-10-18;"quarta-feira";"06:30:00";"RO";364;426;"JARU";"Acesso irregular";"Colisão transversal";"Com Vítimas Feridas";"Pleno dia";"Crescente";"Sol";"Simples";"Reta";"Sim";3;0;2;1;0;0;3;2;-10,432443;-62,479584;"SPRF-RO";"DEL03-RO";"UOP02-DEL03-RO"
555670;2023-10-18;"quarta-feira";"08:50:00";"GO";153;534,3;"HIDROLANDIA";"Condutor usando celular";"Saída de leito carroçável";"Com Vítimas Feridas";"Pleno dia";"Crescente";"Céu Claro";"Dupla";"Reta;Declive";"Não";1;0;1;0;0;0;1;1;-17,0016;-49,2231;"SPRF-GO";"DEL01-GO";"UOP03-DEL01-GO"
555673;2023-10-18;"quarta-feira";"08:00:00";"PR";376;185,6;"MARIALVA";"Demais falhas mecânicas ou elétricas";"Queda de ocupante de veículo";"Com Vítimas Feridas";"Pleno dia";"Decrescente";"Céu Claro";"Dupla";"Reta";"Não";2;0;1;1;0;0;2;1;-23,45147413;-51,85361808;"SPRF-PR";"DEL09-PR";"UOP01-DEL09-PR"
555674;2023-10-18;"quarta-feira";"08:30:00";"RJ";40;121;"DUQUE DE CAXIAS";"Acessar a via sem observar a presença dos outros veículos";"Colisão lateral mesmo sentido";"Com Vítimas Feridas";"Pleno dia";"Crescente";"Nublado";"Múltipla";"Reta";"Sim";3;0;3;0;0;0;3;2;-22,78185499;-43,28571273;"SPRF-RJ";"DEL01-RJ";"UOP01-DEL01-RJ"
555675;2023-10-18;"quarta-feira";"00:45:00";"SC";282;302,6;"VARGEM";"Demais falhas mecânicas ou elétricas";"Incêndio";"Sem Vítimas";"Plena Noite";"Decrescente";"Nublado";"Simples";"Reta";"Não";1;0;0;0;1;0;0;1;-27,505852;-50,926998;"SPRF-SC";"DEL07-SC";"UOP06-DEL07-SC"
555677;2023-10-18;"quarta-feira";"09:05:00";"GO";153;496,9;"GOIANIA";"Ausência de reação do condutor";"Engavetamento";"Com Vítimas Feridas";"Pleno dia";"Crescente";"Céu Claro";"Dupla";"Curva";"Sim";3;0;0;1;2;0;1;3;-16,6854;-49,2338;"SPRF-GO";"DEL01-GO";"UOP01-DEL01-GO"
555679;2023-10-18;"quarta-feira";"09:00:00";"ES";101;398;"ITAPEMIRIM";"Ausência de reação do condutor";"Queda de ocupante de veículo";"Com Vítimas Feridas";"Pleno dia";"Crescente";"Nublado";"Múltipla";"Reta";"Não";1;0;1;0;0;0;1;1;-20,87530245;-40,95792915;"SPRF-ES";"DEL03-ES";"UOP02-DEL03-ES"
555681;2023-10-18;"quarta-feira";"07:45:00";"MG";381;491,9;"BETIM";"Ausência de reação do condutor";"Colisão traseira";"Com Vítimas Feridas";"Pleno dia";"Crescente";"Sol";"Dupla";"Reta";"Sim";2;0;1;0;1;0;1;2;-19,9943211;-44,14615631;"SPRF-MG";"DEL01-MG";"UOP03-DEL01-MG"
555682;2023-10-18;"quarta-feira";"08:07:00";"MG";262;37,4;"MANHUACU";"Acessar a via sem observar a presença dos outros veículos";"Colisão frontal";"Com Vítimas Feridas";"Pleno dia";"Decrescente";"Nublado";"Simples";"Reta";"Sim";2;0;1;0;1;0;1;2;-20,25748975;-42,03048732;"SPRF-MG";"DEL06-MG";"UOP03-DEL06-MG"
555683;2023-10-10;"terça-feira";"16:30:00";"SC";282;31;"AGUAS MORNAS";"Demais falhas mecânicas ou elétricas";"Incêndio";"Sem Vítimas";"Pleno dia";"Decrescente";"Nublado";"Simples";"Curva;Declive";"Não";1;0;0;0;1;0;0;1;-27,695198;-48,793308;"SPRF-SC";"DEL01-SC";"UOP03-DEL01-SC"
555685;2023-10-18;"quarta-feira";"10:00:00";"SP";459;29,6;"LORENA";"Manobra de mudança de faixa";"Colisão lateral mesmo sentido";"Com Vítimas Feridas";"Pleno dia";"Crescente";"Céu Claro";"Múltipla";"Rotatória";"Sim";2;0;1;0;1;0;1;2;-22,717228;-45,108387;"SPRF-SP";"DEL08-SP";"UOP02-DEL08-SP"
555686;2023-09-08;"sexta-feira";"22:00:00";"BA";324;626;"SALVADOR";"Condutor deixou de manter distância do veículo da frente";"Colisão lateral mesmo sentido";"Com Vítimas Feridas";"Plena Noite";"Crescente";"Ignorado";"Dupla";"Reta";"Sim";2;0;1;0;1;0;1;2;-12,95020997;-38,47073108;"SPRF-BA";"DEL01-BA";"UOP01-DEL01-BA"
555687;2023-10-11;"quarta-feira";"23:30:00";"PE";232;54;"POMBOS";"Ausência de reação do condutor";"Colisão traseira";"Sem Vítimas";"Pleno dia";"Decrescente";"Céu Claro";"Dupla";"Reta;Aclive";"Não";2;0;0;0;1;1;0;2;-8,12919504;-35,35716398;"SPRF-PE";"DEL02-PE";"UOP02-DEL02PE"
555688;2023-10-18;"quarta-feira";"07:50:00";"AM";230;611,4;"HUMAITA";"Acessar a via sem observar a presença dos outros veículos";"Colisão transversal";"Com Vítimas Feridas";"Pleno dia";"Decrescente";"Céu Claro";"Dupla";"Reta;Interseção de Vias";"Sim";3;0;1;2;0;0;3;2;-7,50288371;-63,02878087;"SPRF-AM";"DEL01-AM";"UOP05-DEL01-AM"
555689;2023-10-18;"quarta-feira";"10:10:00";"PE";101;46,2;"IGARASSU";"Acessar a via sem observar a presença dos outros veículos";"Colisão transversal";"Com Vítimas Feridas";"Pleno dia";"Crescente";"Sol";"Múltipla";"Reta";"Sim";2;0;1;0;1;0;1;2;-7,87406004;-34,90588126;"SPRF-PE";"DEL01-PE";"UOP02-DEL01-PE"
555696;2023-10-18;"quarta-feira";"09:50:00";"BA";116;3;"VITORIA DA CONQUISTA";"Desrespeitar a preferência no cruzamento";"Colisão transversal";"Com Vítimas Feridas";"Pleno dia";"Decrescente";"Céu Claro";"Simples";"Declive;Interseção de Vias";"Sim";3;0;2;0;1;0;2;2;-14,851;-40,8485;"SPRF-BA";"DEL08-BA";"UOP01-DEL08-BA"
555698;2023-10-18;"quarta-feira";"11:40:00";"PE";101;67,3;"RECIFE";"Condutor deixou de manter distância do veículo da frente";"Colisão traseira";"Com Vítimas Feridas";"Pleno dia";"Crescente";"Sol";"Dupla";"Reta";"Sim";5;0;4;0;1;0;4;4;-8,042334;-34,943096;"SPRF-PE";"DEL01-PE";"UOP01-DEL01-PE"
555700;2023-10-18;"quarta-feira";"11:40:00";"PB";230;13,2;"CABEDELO";"Reação tardia ou ineficiente do condutor";"Colisão traseira";"Com Vítimas Feridas";"Pleno dia";"Crescente";"Céu Claro";"Dupla";"Reta";"Sim";3;0;2;0;1;0;2;2;-7,0772;-34,8494;"SPRF-PB";"DEL01-PB";"UOP01-DEL01-PB"
555701;2023-10-18;"quarta-feira";"12:00:00";"RS";116;234,4;"ESTANCIA VELHA";"Reação tardia ou ineficiente do condutor";"Colisão traseira";"Com Vítimas Feridas";"Pleno dia";"Crescente";"Nublado";"Simples";"Reta";"Sim";3;0;2;0;1;0;2;2;-29,65121313;-51,1444433;"SPRF-RS";"DEL01-RS";"UOP02-DEL01-RS"
555702;2023-10-18;"quarta-feira";"11:00:00";"MS";60;399;"SIDROLANDIA";"Reação tardia ou ineficiente do condutor";"Saída de leito carroçável";"Sem Vítimas";"Pleno dia";"Crescente";"Céu Claro";"Simples";"Reta";"Não";1;0;0;0;1;0;0;1;-20,79072805;-54,79479279;"SPRF-MS";"DEL01-MS";"UOP04-DEL01-MS"
555704;2023-10-18;"quarta-feira";"09:30:00";"RJ";40;87;"PETROPOLIS";"Reação tardia ou ineficiente do condutor";"Saída de leito carroçável";"Com Vítimas Feridas";"Pleno dia";"Crescente";"Garoa/Chuvisco";"Simples";"Curva";"Não";1;0;1;0;0;0;1;1;-22,54413793;-43,23287799;"SPRF-RJ";"DEL06-RJ";"UOP01-DEL06-RJ"
555708;2023-10-18;"quarta-feira";"12:15:00";"PI";316;1;"TERESINA";"Acesso irregular";"Colisão lateral mesmo sentido";"Com Vítimas Feridas";"Pleno dia";"Decrescente";"Céu Claro";"Múltipla";"Interseção de Vias;Reta";"Sim";2;0;1;0;1;0;1;2;-5,126578;-42,802826;"SPRF-PI";"DEL01-PI";"UOP02-DEL01-PI"
555709;2023-10-18;"quarta-feira";"12:41:00";"RN";110;47;"MOSSORO";"Reação tardia ou ineficiente do condutor";"Colisão transversal";"Com Vítimas Feridas";"Pleno dia";"Crescente";"Céu Claro";"Simples";"Reta";"Sim";2;0;1;1;0;0;2;2;-5,20338376;-37,32563418;"SPRF-RN";"DEL04-RN";"UOP01-DEL04-RN"
555710;2023-10-18;"quarta-feira";"12:15:00";"SC";101;206;"SAO JOSE";"Manobra de mudança de faixa";"Colisão traseira";"Com Vítimas Feridas";"Pleno dia";"Crescente";"Céu Claro";"Dupla";"Reta";"Sim";3;0;1;0;2;0;1;3;-27,59193546;-48,61824557;"SPRF-SC";"DEL01-SC";"UOP01-DEL01-SC"
555711;2023-10-18;"quarta-feira";"10:20:00";"TO";242;312;"PEIXE";"Reação tardia ou ineficiente do condutor";"Colisão traseira";"Com Vítimas Feridas";"Pleno dia";"Decrescente";"Céu Claro";"Simples";"Reta";"Não";2;0;1;0;1;0;1;2;-12,00975796;-48,58582296;"SPRF-TO";"DEL01-TO";"UOP02-DEL01-TO"
555713;2023-10-18;"quarta-feira";"11:00:00";"RJ";116;145;"DUQUE DE CAXIAS";"Mal súbito do condutor";"Colisão traseira";"Com Vítimas Feridas";"Pleno dia";"Crescente";"Nublado";"Dupla";"Reta";"Sim";3;0;1;0;2;0;1;3;-22,66237951;-43,25529831;"SPRF-RJ";"DEL01-RJ";"UOP01-DEL01-RJ"
555715;2023-10-18;"quarta-feira";"11:00:00";"RJ";40;73;"PETROPOLIS";"Reação tardia ou ineficiente do condutor";"Saída de leito carroçável";"Com Vítimas Feridas";"Pleno dia";"Decrescente";"Garoa/Chuvisco";"Simples";"Curva";"Não";1;0;1;0;0;0;1;1;-22,46352401;-43,22321103;"SPRF-RJ";"DEL06-RJ";"UOP01-DEL06-RJ"
555716;2023-10-18;"quarta-feira";"12:30:00";"RS";116;344,4;"BARRA DO RIBEIRO";"Condutor Dormindo";"Colisão com objeto";"Com Vítimas Feridas";"Pleno dia";"Decrescente";"Sol";"Dupla";"Reta;Declive";"Não";1;0;1;0;0;0;1;1;-30,49030601;-51,48990254;"SPRF-RS";"DEL02-RS";"UOP02-DEL02-RS"
555717;2023-10-18;"quarta-feira";"12:40:00";"RJ";101;506;"ANGRA DOS REIS";"Acessar a via sem observar a presença dos outros veículos";"Colisão transversal";"Com Vítimas Feridas";"Pleno dia";"Crescente";"Céu Claro";"Simples";"Reta";"Sim";2;0;1;0;1;0;1;2;-22,93493041;-44,40487313;"SPRF-RJ";"DEL03-RJ";"UOP03-DEL03-RJ"
555718;2023-10-18;"quarta-feira";"12:30:00";"CE";116;325;"JAGUARIBE";"Reação tardia ou ineficiente do condutor";"Saída de leito carroçável";"Com Vítimas Feridas";"Pleno dia";"Decrescente";"Céu Claro";"Simples";"Curva";"Não";3;0;3;0;0;0;3;1;-6,04308965;-38,64569664;"SPRF-CE";"DEL05-CE";"UOP02-DEL05-CE"
555721;2023-10-18;"quarta-feira";"13:20:00";"BA";324;517;"FEIRA DE SANTANA";"Condutor deixou de manter distância do veículo da frente";"Colisão traseira";"Com Vítimas Feridas";"Pleno dia";"Decrescente";"Céu Claro";"Dupla";"Reta";"Sim";2;0;1;0;1;0;1;2;-12,24953308;-38,93362525;"SPRF-BA";"DEL02-BA";"UOP01-DEL02-BA"
555723;2023-08-26;"sábado";"00:30:00";"RN";304;176;"ANGICOS";"Ausência de reação do condutor";"Colisão frontal";"Com Vítimas Feridas";"Plena Noite";"Decrescente";"Céu Claro";"Simples";"Reta";"Não";4;0;3;1;0;0;4;2;-5,68840912;-36,37424401;"SPRF-RN";"DEL01-RN";"UOP03-DEL01-RN"
555724;2023-10-06;"sexta-feira";"07:50:00";"RN";304;105,7;"ACU";"Ingestão de álcool pelo condutor";"Colisão traseira";"Com Vítimas Feridas";"Pleno dia";"Crescente";"Sol";"Simples";"Curva";"Não";2;0;1;0;1;0;1;2;-5,58751146;-36,98086088;"SPRF-RN";"DEL04-RN";"UOP01-DEL04-RN"
555725;2023-10-18;"quarta-feira";"14:10:00";"RJ";465;13,5;"SEROPEDICA";"Ultrapassagem Indevida";"Colisão transversal";"Com Vítimas Feridas";"Pleno dia";"Crescente";"Nublado";"Simples";"Reta";"Não";2;0;1;0;1;0;1;2;-22,798468;-43,645508;"SPRF-RJ";"DEL01-RJ";"UOP03-DEL01-RJ"
555726;2023-10-18;"quarta-feira";"14:40:00";"RJ";493;74;"NOVA IGUACU";"Avarias e/ou desgaste excessivo no pneu";"Queda de ocupante de veículo";"Com Vítimas Feridas";"Pleno dia";"Crescente";"Céu Claro";"Dupla";"Curva";"Não";2;0;1;1;0;0;2;1;-22,68707897;-43,51901293;"SPRF-RJ";"DEL01-RJ";"UOP03-DEL01-RJ"
555729;2023-10-18;"quarta-feira";"13:40:00";"RJ";101;325;"NITEROI";"Ausência de reação do condutor";"Engavetamento";"Com Vítimas Feridas";"Pleno dia";"Decrescente";"Nublado";"Dupla";"Reta;Declive";"Não";7;0;1;0;6;0;1;5;-22,87292569;-43,13625699;"SPRF-RJ";"DEL02-RJ";"UOP01-DEL02-RJ"
555730;2023-10-18;"quarta-feira";"14:40:00";"PR";116;92,4;"SAO JOSE DOS PINHAIS";"Ausência de reação do condutor";"Tombamento";"Com Vítimas Feridas";"Pleno dia";"Decrescente";"Céu Claro";"Dupla";"Reta";"Sim";1;0;1;0;0;0;1;1;-25,47691403;-49,09767498;"SPRF-PR";"DEL01-PR";"UOP07-DEL01-PR"
555731;2023-10-18;"quarta-feira";"03:00:00";"BA";324;553;"AMELIA RODRIGUES";"Ausência de reação do condutor";"Saída de leito carroçável";"Com Vítimas Feridas";"Plena Noite";"Decrescente";"Céu Claro";"Dupla";"Reta";"Não";2;0;2;0;0;0;2;1;-12,45504393;-38,70402395;"SPRF-BA";"DEL01-BA";"UOP03-DEL01-BA"
555736;2023-10-18;"quarta-feira";"12:00:00";"MG";365;230;"BURITIZEIRO";"Ausência de reação do condutor";"Saída de leito carroçável";"Com Vítimas Fatais";"Pleno dia";"Decrescente";"Céu Claro";"Simples";"Reta";"Não";2;1;0;1;0;0;1;1;-17,67559698;-45,40326105;"SPRF-MG";"DEL10-MG";"UOP02-DEL010-MG"
555737;2023-10-18;"quarta-feira";"11:35:00";"MG";116;389,6;"GOVERNADOR VALADARES";"Ultrapassagem Indevida";"Colisão lateral mesmo sentido";"Com Vítimas Feridas";"Pleno dia";"Decrescente";"Céu Claro";"Simples";"Curva";"Sim";4;0;1;0;3;0;1;2;-18,67254174;-41,98675275;"SPRF-MG";"DEL06-MG";"UOP01-DEL06-MG"
555738;2023-10-13;"sexta-feira";"12:00:00";"ES";262;115,9;"CONCEICAO DO CASTELO";"Acessar a via sem observar a presença dos outros veículos";"Colisão transversal";"Sem Vítimas";"Pleno dia";"Crescente";"Nublado";"Simples";"Reta;Interseção de Vias";"Não";2;0;0;0;1;1;0;2;-20,32053818;-41,21864322;"SPRF-ES";"DEL01-ES";"UOP02-DEL01-ES"
555739;2023-10-14;"sábado";"21:20:00";"PR";369;126,4;"JATAIZINHO";"Ausência de reação do condutor";"Queda de ocupante de veículo";"Com Vítimas Feridas";"Plena Noite";"Decrescente";"Céu Claro";"Dupla";"Em Obras";"Não";2;0;1;1;0;0;2;1;-23,280073;-50,959424;"SPRF-PR";"DEL07-PR";"UOP05-DEL07-PR"
555741;2023-10-05;"quinta-feira";"18:50:00";"SP";116;53;"LORENA";"Desrespeitar a preferência no cruzamento";"Colisão transversal";"Com Vítimas Feridas";"Anoitecer";"Decrescente";"Chuva";"Dupla";"Rotatória";"Sim";2;0;1;0;1;0;1;2;-22,75218885;-45,10507822;"SPRF-SP";"DEL08-SP";"UOP02-DEL08-SP"
555742;2023-10-18;"quarta-feira";"15:30:00";"SC";101;205,7;"SAO JOSE";"Reação tardia ou ineficiente do condutor";"Engavetamento";"Com Vítimas Feridas";"Pleno dia";"Decrescente";"Nublado";"Múltipla";"Reta";"Sim";4;0;1;0;3;0;1;3;-27,58313237;-48,61532885;"SPRF-SC";"DEL01-SC";"UOP01-DEL01-SC"
555743;2023-10-18;"quarta-feira";"16:00:00";"SC";101;222;"PALHOCA";"Objeto estático sobre o leito carroçável";"Colisão com objeto";"Com Vítimas Feridas";"Pleno dia";"Decrescente";"Nublado";"Dupla";"Reta";"Sim";1;0;1;0;0;0;1;1;-27,70865409;-48,65586407;"SPRF-SC";"DEL01-SC";"UOP02-DEL01-SC"
555746;2023-10-18;"quarta-feira";"14:30:00";"SP";153;142,3;"PROMISSAO";"Transitar na contramão";"Colisão frontal";"Com Vítimas Feridas";"Pleno dia";"Decrescente";"Nublado";"Simples";"Reta";"Não";3;0;2;0;0;1;2;2;-21,345443;-49,7928151;"SPRF-SP";"DEL07-SP";"UOP01-DEL07-SP"
555748;2023-09-18;"segunda-feira";"07:30:00";"PR";376;183,1;"SARANDI";"Reação tardia ou ineficiente do condutor";"Engavetamento";"Com Vítimas Feridas";"Pleno dia";"Decrescente";"Céu Claro";"Dupla";"Reta";"Sim";9;0;1;1;7;0;2;7;-23,43684112;-51,87880764;"SPRF-PR";"DEL09-PR";"UOP01-DEL09-PR"
555749;2023-10-18;"quarta-feira";"16:55:00";"SC";101;204,6;"SAO JOSE";"Manobra de mudança de faixa";"Colisão lateral mesmo sentido";"Com Vítimas Feridas";"Pleno dia";"Crescente";"Chuva";"Múltipla";"Reta";"Não";1;0;1;0;0;0;1;1;-27,57413014;-48,61363083;"SPRF-SC";"DEL01-SC";"UOP01-DEL01-SC"
555751;2023-10-18;"quarta-feira";"16:30:00";"PE";232;131;"CARUARU";"Condutor deixou de manter distância do veículo da frente";"Colisão traseira";"Com Vítimas Feridas";"Pleno dia";"Decrescente";"Céu Claro";"Dupla";"Reta";"Sim";3;0;0;1;2;0;1;2;-8,30216482;-36,00052357;"SPRF-PE";"DEL02-PE";"UOP01-DEL02-PE"
555753;2023-10-18;"quarta-feira";"14:30:00";"RJ";116;111,3;"GUAPIMIRIM";"Ausência de reação do condutor";"Saída de leito carroçável";"Sem Vítimas";"Pleno dia";"Crescente";"Garoa/Chuvisco";"Simples";"Reta";"Sim";1;0;0;0;1;0;0;1;-22,55838319;-42,99482067;"SPRF-RJ";"DEL04-RJ";"UOP02-DEL04-RJ"
555754;2023-10-18;"quarta-feira";"13:50:00";"RJ";393;106;"SAPUCAIA";"Transitar no Acostamento";"Colisão transversal";"Com Vítimas Feridas";"Pleno dia";"Crescente";"Nublado";"Simples";"Reta";"Sim";3;0;1;0;2;0;1;2;-21,87764485;-42,67025797;"SPRF-RJ";"DEL05-RJ";"UOP01-DEL05-RJ"