"id";"data_inversa";"dia_semana";"horario";"uf";"br";"km";"municipio";"causa_acidente";"tipo_acidente";"classificacao_acidente";"fase_dia";"sentido_via";"condicao_metereologica";"tipo_pista";"tracado_via";"uso_solo";"pessoas";"mortos";"feridos_leves";"feridos_graves";"ilesos";"ignorados";"feridos";"veiculos";"latitude";"longitude";"regional";"delegacia";"uop"
555757;2023-10-18;"quarta-feira";"17:00:00";"TO";153;145;"ARAGUAINA";"Ausência de reação do condutor";"Colisão traseira";"Com Vítimas Feridas";"Pleno dia";"Decrescente";"Céu Claro";"Múltipla";"Rotatória";"Sim";3;0;1;0;2;0;1;2;-7,20503614;-48,24035166;"SPRF-TO";"DEL02-TO";"UOP01-DEL02-TO"
555759;2023-10-18;"quarta-feira";"17:07:00";"PB";101;90,6;"JOAO PESSOA";"Condutor deixou de manter distância do veículo da frente";"Colisão traseira";"Com Vítimas Feridas";"Anoitecer";"Decrescente";"Céu Claro";"Dupla";"Reta";"Sim";3;0;2;0;1;0;2;2;-7,179652;-34,900417;"SPRF-PB";"DEL01-PB";"UOP02-DEL01-PB"
555761;2023-10-18;"quarta-feira";"17:45:00";"PE";232;71,2;"GRAVATA";"Manobra de mudança de faixa";"Colisão lateral mesmo sentido";"Com Vítimas Feridas";"Anoitecer";"Crescente";"Céu Claro";"Dupla";"Reta";"Não";3;0;2;0;0;1;2;2;-8,18344403;-35,49296599;"SPRF-PE";"DEL02-PE";"UOP02-DEL02PE"
555762;2023-10-18;"quarta-feira";"17:20:00";"ES";101;64;"SAO MATEUS";"Avarias e/ou desgaste excessivo no pneu";"Tombamento";"Com Vítimas Feridas";"Anoitecer";"Crescente";"Céu Claro";"Simples";"Reta";"Não";2;0;2;0;0;0;2;1;-18,70428583;-39,87065983;"SPRF-ES";"DEL04-ES";"UOP02-DEL04-ES"
555763;2023-10-18;"quarta-feira";"17:30:00";"SC";101;94;"BARRA VELHA";"Avarias e/ou desgaste excessivo no pneu";"Tombamento";"Com Vítimas Feridas";"Pleno dia";"Crescente";"Nublado";"Dupla";"Reta";"Não";1;0;1;0;0;0;1;1;-26,69940401;-48,69902784;"SPRF-SC";"DEL03-SC";"UOP02-DEL03-SC"
555764;2023-10-18;"quarta-feira";"17:00:00";"SP";116;279;"EMBU DAS ARTES";"Trafegar com motocicleta (ou similar) entre as faixas";"Colisão lateral mesmo sentido";"Com Vítimas Feridas";"Pleno dia";"Crescente";"Céu Claro";"Dupla";"Reta";"Sim";2;0;1;0;1;0;1;2;-23,66233697;-46,85292907;"SPRF-SP";"DEL04-SP";"UOP01-DEL04-SP"
555769;2023-10-18;"quarta-feira";"17:30:00";"PE";101;54,4;"PAULISTA";"Ausência de reação do condutor";"Colisão traseira";"Com Vítimas Feridas";"Anoitecer";"Decrescente";"Céu Claro";"Simples";"Curva";"Sim";2;0;1;0;1;0;1;2;-7,93961103;-34,90356584;"SPRF-PE";"DEL01-PE";"UOP02-DEL01-PE"
555774;2023-10-18;"quarta-feira";"18:00:00";"PR";158;534;"PATO BRANCO";"Ultrapassagem Indevida";"Colisão frontal";"Com Vítimas Feridas";"Pleno dia";"Crescente";"Nublado";"Simples";"Reta;Declive";"Sim";2;0;1;0;1;0;1;2;-26,22652612;-52,68914074;"SPRF-PR";"DEL02-PR";"UOP01-DEL02-PR"
555777;2023-10-18;"quarta-feira";"18:40:00";"MG";40;529;"CONTAGEM";"Manobra de mudança de faixa";"Colisão traseira";"Com Vítimas Feridas";"Plena Noite";"Decrescente";"Nublado";"Dupla";"Reta;Declive";"Sim";3;0;1;0;2;0;1;2;-19,91635592;-44,03966566;"SPRF-MG";"DEL01-MG";"UOP02-DEL01-MG"
555778;2023-10-18;"quarta-feira";"19:04:00";"BA";324;618;"SALVADOR";"Demais falhas mecânicas ou elétricas";"Incêndio";"Sem Vítimas";"Plena Noite";"Crescente";"Céu Claro";"Dupla";"Reta";"Sim";1;0;0;0;1;0;0;1;-12,891109;-38,445374;"SPRF-BA";"DEL01-BA";"UOP01-DEL01-BA"
555781;2023-10-18;"quarta-feira";"18:20:00";"SC";101;434,7;"SOMBRIO";"Desrespeitar a preferência no cruzamento";"Colisão transversal";"Com Vítimas Feridas";"Plena Noite";"Decrescente";"Céu Claro";"Simples";"Reta;Interseção de Vias";"Sim";3;0;1;0;2;0;1;3;-29,103656;-49,635643;"SPRF-SC";"DEL02-SC";"UOP02-DEL02-SC"
555782;2023-10-18;"quarta-feira";"19:00:00";"MS";158;162,2;"APARECIDA DO TABOADO";"Transitar na contramão";"Colisão lateral sentido oposto";"Com Vítimas Feridas";"Plena Noite";"Decrescente";"Céu Claro";"Simples";"Reta";"Não";2;0;0;1;1;0;1;2;-20,18951623;-51,22788887;"SPRF-MS";"DEL08-MS";"UOP01-DEL08-MS"
555784;2023-10-18;"quarta-feira";"19:25:00";"AL";316;1,9;"PILAR";"Transitar no Acostamento";"Atropelamento de Pedestre";"Com Vítimas Fatais";"Plena Noite";"Decrescente";"Céu Claro";"Simples";"Reta";"Não";2;1;0;0;0;1;0;2;-9,597656;-35,956963;"SPRF-AL";"DEL02-AL";"UOP01-DEL02-AL"
555785;2023-10-18;"quarta-feira";"17:10:00";"MG";40;516,4;"RIBEIRAO DAS NEVES";"Ausência de reação do condutor";"Colisão traseira";"Com Vítimas Feridas";"Anoitecer";"Decrescente";"Céu Claro";"Dupla";"Reta";"Não";3;0;1;1;1;0;2;3;-19,81628624;-44,08960124;"SPRF-MG";"DEL01-MG";"UOP02-DEL01-MG"
555795;2023-10-18;"quarta-feira";"21:30:00";"SP";116;175,2;"SANTA ISABEL";"Entrada inopinada do pedestre";"Atropelamento de Pedestre";"Com Vítimas Fatais";"Plena Noite";"Decrescente";"Céu Claro";"Múltipla";"Reta";"Não";3;1;0;0;2;0;0;2;-23,32173972;-46,100353;"SPRF-SP";"DEL01-SP";"UOP01-DEL01-SP"
555796;2023-10-18;"quarta-feira";"21:45:00";"RS";116;159,8;"CAXIAS DO SUL";"Reação tardia ou ineficiente do condutor";"Tombamento";"Com Vítimas Feridas";"Plena Noite";"Crescente";"Céu Claro";"Simples";"Reta";"Sim";1;0;1;0;0;0;1;1;-29,22511711;-51,16049118;"SPRF-RS";"DEL05-RS";"UOP01-DEL05-RS"
555799;2023-09-29;"sexta-feira";"21:40:00";"PR";476;278;"SAO MATEUS DO SUL";"Ingestão de álcool pelo condutor";"Colisão frontal";"Com Vítimas Fatais";"Plena Noite";"Crescente";"Céu Claro";"Simples";"Reta";"Não";3;1;0;0;2;0;0;3;-25,86928316;-50,39913654;"SPRF-PR";"DEL02-PR";"UOP03-DEL02-PR"
555800;2023-10-18;"quarta-feira";"22:20:00";"RS";293;339;"SANTANA DO LIVRAMENTO";"Animais na Pista";"Atropelamento de Animal";"Com Vítimas Feridas";"Pleno dia";"Decrescente";"Céu Claro";"Simples";"Reta";"Não";2;0;1;0;0;1;1;2;-30,85294393;-55,52435803;"SPRF-RS";"DEL11-RS";"UOP01-DEL11-RS"
555803;2023-10-10;"terça-feira";"20:05:00";"MS";262;610,6;"MIRANDA";"Animais na Pista";"Atropelamento de Animal";"Com Vítimas Feridas";"Plena Noite";"Decrescente";"Céu Claro";"Simples";"Reta";"Não";6;0;2;2;2;0;4;1;-20,03023429;-56,79828737;"SPRF-MS";"DEL03-MS";"UOP02-DEL03-MS"
555805;2023-10-18;"quarta-feira";"23:05:00";"SC";101;207,4;"SAO JOSE";"Reação tardia ou ineficiente do condutor";"Engavetamento";"Com Vítimas Feridas";"Plena Noite";"Decrescente";"Nublado";"Múltipla";"Reta;Aclive";"Sim";5;0;2;0;3;0;2;4;-27,601592;-48,626671;"SPRF-SC";"DEL01-SC";"UOP01-DEL01-SC"
555807;2023-10-18;"quarta-feira";"22:00:00";"MG";116;578,6;"MANHUACU";"Reação tardia ou ineficiente do condutor";"Saída de leito carroçável";"Com Vítimas Feridas";"Plena Noite";"Decrescente";"Céu Claro";"Simples";"Reta";"Não";2;0;1;0;0;1;1;1;-20,18211643;-42,18631312;"SPRF-MG";"DEL06-MG";"UOP03-DEL06-MG"
555808;2023-10-18;"quarta-feira";"23:00:00";"SC";101;330,2;"TUBARAO";"Reação tardia ou ineficiente do condutor";"Saída de leito carroçável";"Sem Vítimas";"Plena Noite";"Decrescente";"Nublado";"Simples";"Reta";"Sim";1;0;0;0;1;0;0;1;-28,45115639;-48,97286879;"SPRF-SC";"DEL02-SC";"UOP01-DEL02-SC"
555810;2023-10-18;"quarta-feira";"22:10:00";"MG";116;584,8;"MANHUACU";"Condutor deixou de manter distância do veículo da frente";"Colisão traseira";"Sem Vítimas";"Pleno dia";"Decrescente";"Nublado";"Simples";"Reta";"Não";2;0;0;0;2;0;0;2;-20,22302088;-42,17880872;"SPRF-MG";"DEL06-MG";"UOP03-DEL06-MG"
555812;2023-10-19;"quinta-feira";"00:30:00";"SC";282;18,3;"PALHOCA";"Acesso irregular";"Colisão transversal";"Com Vítimas Feridas";"Plena Noite";"Decrescente";"Nublado";"Simples";"Reta;Em Obras";"Não";3;0;1;0;2;0;1;2;-27,672798;-48,694286;"SPRF-SC";"DEL01-SC";"UOP02-DEL01-SC"
555815;2023-10-19;"quinta-feira";"02:00:00";"SP";381;45;"ATIBAIA";"Condutor Dormindo";"Colisão com objeto";"Sem Vítimas";"Plena Noite";"Decrescente";"Céu Claro";"Simples";"Declive;Rotatória;Retorno Regulamentado";"Não";1;0;0;0;1;0;0;1;-23,17274184;-46,57748439;"SPRF-SP";"DEL03-SP";"UOP01-DEL03-SP"
555816;2023-10-18;"quarta-feira";"18:31:00";"PI";343;488;"REGENERACAO";"Acessar a via sem observar a presença dos outros veículos";"Colisão transversal";"Com Vítimas Feridas";"Anoitecer";"Crescente";"Céu Claro";"Simples";"Reta;Interseção de Vias";"Não";2;0;0;2;0;0;2;2;-6,228468;-42,707542;"SPRF-PI";"DEL01-PI";"UOP02-DEL01-PI"
555819;2023-10-19;"quinta-feira";"04:30:00";"RN";226;2,5;"NATAL";"Demais falhas mecânicas ou elétricas";"Incêndio";"Sem Vítimas";"Amanhecer";"Crescente";"Garoa/Chuvisco";"Simples";"Reta;Declive";"Sim";1;0;0;0;0;1;0;1;-5,81685559;-35,24954796;"SPRF-RN";"DEL01-RN";"UOP02-DEL01-RN"
555820;2023-10-19;"quinta-feira";"05:00:00";"RS";290;217;"PANTANO GRANDE";"Reação tardia ou ineficiente do condutor";"Atropelamento de Animal";"Com Vítimas Feridas";"Amanhecer";"Decrescente";"Céu Claro";"Simples";"Reta";"Sim";1;0;1;0;0;0;1;1;-30,192993;-52,386555;"SPRF-RS";"DEL02-RS";"UOP03-DEL02-RS"
555821;2023-10-19;"quinta-feira";"05:30:00";"BA";116;831;"VITORIA DA CONQUISTA";"Transitar no Acostamento";"Queda de ocupante de veículo";"Com Vítimas Feridas";"Amanhecer";"Crescente";"Céu Claro";"Simples";"Reta";"Não";1;0;1;0;0;0;1;1;-14,921481;-40,88150024;"SPRF-BA";"DEL08-BA";"UOP01-DEL08-BA"
555823;2023-10-19;"quinta-feira";"05:23:00";"MS";463;0,1;"DOURADOS";"Retorno proibido";"Colisão lateral mesmo sentido";"Com Vítimas Feridas";"Amanhecer";"Crescente";"Céu Claro";"Simples";"Reta;Aclive";"Sim";5;0;1;0;4;0;1;2;-22,25901377;-54,80530858;"SPRF-MS";"DEL04-MS";"UOP01-DEL04-MS"
555824;2023-10-19;"quinta-feira";"06:20:00";"DF";20;7;"BRASILIA";"Área urbana sem a presença de local apropriado para a travessia de pedestres";"Atropelamento de Pedestre";"Com Vítimas Feridas";"Pleno dia";"Crescente";"Céu Claro";"Dupla";"Reta;Aclive";"Sim";2;0;2;0;0;0;2;2;-15,662208;-47,799866;"SPRF-DF";"DEL02-DF";"UOP01-DEL02-DF"
555825;2023-10-19;"quinta-feira";"06:30:00";"ES";101;15,1;"PEDRO CANARIO";"Pista Escorregadia";"Tombamento";"Com Vítimas Feridas";"Amanhecer";"Crescente";"Chuva";"Simples";"Curva;Aclive";"Não";1;0;1;0;0;0;1;1;-18,29002497;-39,95475507;"SPRF-ES";"DEL04-ES";"UOP02-DEL04-ES"
555826;2023-10-19;"quinta-feira";"00:50:00";"MG";116;581,2;"MANHUACU";"Pedestre andava na pista";"Atropelamento de Pedestre";"Com Vítimas Feridas";"Plena Noite";"Decrescente";"Nublado";"Simples";"Reta";"Não";2;0;1;0;1;0;1;2;-20,19603401;-42,18344405;"SPRF-MG";"DEL06-MG";"UOP03-DEL06-MG"
555828;2023-10-19;"quinta-feira";"06:40:00";"MG";40;749;"SANTOS DUMONT";"Curva acentuada";"Tombamento";"Com Vítimas Feridas";"Pleno dia";"Crescente";"Céu Claro";"Simples";"Curva";"Não";1;0;0;1;0;0;1;1;-21,447874;-43,55738803;"SPRF-MG";"DEL05-MG";"UOP01-DEL05-MG"
555830;2023-10-19;"quinta-feira";"07:15:00";"DF";70;19;"BRASILIA";"Manobra de mudança de faixa";"Colisão lateral mesmo sentido";"Sem Vítimas";"Pleno dia";"Decrescente";"Céu Claro";"Dupla";"Reta;Aclive";"Não";5;0;0;0;5;0;0;2;-15,788868;-48,220242;"SPRF-DF";"DEL03-DF";"UOP02-DEL03-DF"
555832;2023-10-19;"quinta-feira";"07:00:00";"SP";153;60;"SAO JOSE DO RIO PRETO";"Condutor deixou de manter distância do veículo da frente";"Engavetamento";"Com Vítimas Feridas";"Pleno dia";"Crescente";"Sol";"Dupla";"Reta";"Sim";10;0;2;0;8;0;2;4;-20,79627979;-49,35480206;"SPRF-SP";"DEL09-SP";"UOP01-DEL09-SP"
555834;2023-10-19;"quinta-feira";"07:30:00";"RS";116;242;"SAO LEOPOLDO";"Acessar a via sem observar a presença dos outros veículos";"Colisão lateral mesmo sentido";"Com Vítimas Feridas";"Pleno dia";"Crescente";"Sol";"Múltipla";"Reta";"Sim";2;0;1;0;0;1;1;2;-29,72297087;-51,14858729;"SPRF-RS";"DEL01-RS";"UOP02-DEL01-RS"
555835;2023-10-19;"quinta-feira";"06:15:00";"MG";40;609,2;"CONGONHAS";"Ausência de reação do condutor";"Queda de ocupante de veículo";"Com Vítimas Feridas";"Pleno dia";"Decrescente";"Nublado";"Simples";"Curva";"Não";1;0;1;0;0;0;1;1;-20,49313702;-43,83689143;"SPRF-MG";"DEL05-MG";"UOP02-DEL05-MG"
555837;2023-10-18;"quarta-feira";"22:10:00";"RJ";465;21;"NOVA IGUACU";"Acessar a via sem observar a presença dos outros veículos";"Colisão transversal";"Com Vítimas Feridas";"Plena Noite";"Decrescente";"Nublado";"Simples";"Reta";"Não";3;0;2;0;0;1;2;2;-22,852381;-43,601924;"SPRF-RJ";"DEL03-RJ";"UOP01-DEL03-RJ"
555840;2023-10-19;"quinta-feira";"08:00:00";"SP";381;85;"SAO PAULO";"Reação tardia ou ineficiente do condutor";"Colisão traseira";"Com Vítimas Feridas";"Pleno dia";"Decrescente";"Céu Claro";"Dupla";"Reta";"Sim";4;0;2;0;2;0;2;2;-23,449343;-46,56983501;"SPRF-SP";"DEL03-SP";"UOP01-DEL03-SP"
555844;2023-10-19;"quinta-feira";"07:40:00";"SC";101;42;"JOINVILLE";"Manobra de mudança de faixa";"Colisão lateral mesmo sentido";"Com Vítimas Feridas";"Pleno dia";"Crescente";"Nevoeiro/Neblina";"Dupla";"Reta";"Não";2;0;1;0;1;0;1;2;-26,29251598;-48,88474385;"SPRF-SC";"DEL03-SC";"UOP01-DEL03-SC"
555845;2023-10-19;"quinta-feira";"07:00:00";"CE";222;2,5;"FORTALEZA";"Desrespeitar a preferência no cruzamento";"Colisão transversal";"Sem Vítimas";"Pleno dia";"Crescente";"Céu Claro";"Múltipla";"Interseção de Vias";"Sim";2;0;0;0;0;2;0;2;-3,739422;-38,591884;"SPRF-CE";"DEL01-CE";"UOP01-DEL01-CE"
555847;2023-10-19;"quinta-feira";"08:15:00";"RJ";116;192;"QUEIMADOS";"Avarias e/ou desgaste excessivo no pneu";"Queda de ocupante de veículo";"Com Vítimas Feridas";"Pleno dia";"Decrescente";"Nublado";"Dupla";"Reta";"Não";2;0;1;0;1;0;1;1;-22,74207737;-43,5192401;"SPRF-RJ";"DEL01-RJ";"UOP02-DEL01-RJ"
555849;2023-10-19;"quinta-feira";"07:30:00";"MG";116;517,9;"UBAPORANGA";"Reação tardia ou ineficiente do condutor";"Saída de leito carroçável";"Com Vítimas Feridas";"Pleno dia";"Crescente";"Nublado";"Simples";"Curva";"Não";1;0;1;0;0;0;1;1;-19,71023301;-42,12282658;"SPRF-MG";"DEL06-MG";"UOP02-DEL06-MG"
555850;2023-10-19;"quinta-feira";"06:10:00";"RJ";116;78;"TERESOPOLIS";"Condutor Dormindo";"Saída de leito carroçável";"Com Vítimas Feridas";"Pleno dia";"Decrescente";"Garoa/Chuvisco";"Simples";"Curva";"Não";1;0;1;0;0;0;1;1;-22,37408687;-42,95260496;"SPRF-RJ";"DEL04-RJ";"UOP01-DEL04-RJ"
555852;2023-10-19;"quinta-feira";"08:45:00";"RN";101;97,4;"NATAL";"Condutor deixou de manter distância do veículo da frente";"Colisão traseira";"Sem Vítimas";"Pleno dia";"Decrescente";"Nublado";"Múltipla";"Viaduto";"Sim";4;0;0;0;4;0;0;4;-5,85758898;-35,21271205;"SPRF-RN";"DEL01-RN";"UOP01-DEL01-RN"
555855;2023-10-19;"quinta-feira";"08:30:00";"SP";381;69;"MAIRIPORA";"Velocidade Incompatível";"Capotamento";"Com Vítimas Feridas";"Pleno dia";"Decrescente";"Céu Claro";"Dupla";"Curva";"Não";5;0;5;0;0;0;5;1;-23,34553108;-46,56787903;"SPRF-SP";"DEL03-SP";"UOP01-DEL03-SP"
555856;2023-10-19;"quinta-feira";"06:20:00";"RJ";116;188;"NOVA IGUACU";"Reação tardia ou ineficiente do condutor";"Engavetamento";"Com Vítimas Feridas";"Pleno dia";"Decrescente";"Céu Claro";"Dupla";"Reta";"Não";8;0;1;0;7;0;1;4;-22,7380709;-43,48213999;"SPRF-RJ";"DEL01-RJ";"UOP02-DEL01-RJ"
555857;2023-10-19;"quinta-feira";"08:20:00";"RO";319;62;"PORTO VELHO";"Condutor deixou de manter distância do veículo da frente";"Colisão traseira";"Com Vítimas Feridas";"Pleno dia";"Crescente";"Céu Claro";"Dupla";"Reta";"Sim";2;0;1;0;1;0;1;2;-8,766685;-63,884052;"SPRF-RO";"DEL01-RO";"UOP01-DEL01-RO"
555858;2023-10-19;"quinta-feira";"09:40:00";"CE";222;4,3;"CAUCAIA";"Manobra de mudança de faixa";"Colisão lateral mesmo sentido";"Com Vítimas Feridas";"Pleno dia";"Crescente";"Céu Claro";"Múltipla";"Reta";"Não";3;0;2;0;1;0;2;2;-3,74164754;-38,60449792;"SPRF-CE";"DEL01-CE";"UOP01-DEL01-CE"
555859;2023-10-19;"quinta-feira";"09:35:00";"RN";101;97;"NATAL";"Condutor deixou de manter distância do veículo da frente";"Colisão traseira";"Sem Vítimas";"Pleno dia";"Decrescente";"Nublado";"Múltipla";"Reta";"Sim";2;0;0;0;2;0;0;2;-5,85758898;-35,21271205;"SPRF-RN";"DEL01-RN";"UOP01-DEL01-RN"
555860;2023-10-19;"quinta-feira";"09:50:00";"PE";101;42;"IGARASSU";"Reação tardia ou ineficiente do condutor";"Colisão traseira";"Com Vítimas Feridas";"Pleno dia";"Decrescente";"Céu Claro";"Dupla";"Reta";"Não";1;0;1;0;0;0;1;1;-7,83887431;-34,91196739;"SPRF-PE";"DEL01-PE";"UOP02-DEL01-PE"
555861;2023-10-19;"quinta-feira";"10:05:00";"PI";343;28;"PARNAIBA";"Ausência de reação do condutor";"Colisão traseira";"Sem Vítimas";"Pleno dia";"Crescente";"Céu Claro";"Simples";"Reta";"Sim";7;0;0;0;7;0;0;2;-3,052351;-41,77544;"SPRF-PI";"DEL05-PI";"UOP01-DEL05-PI"
555863;2023-10-03;"terça-feira";"17:45:00";"PE";423;30,1;"SAO CAITANO";"Deficiência do Sistema de Iluminação/Sinalização";"Colisão traseira";"Com Vítimas Feridas";"Plena Noite";"Decrescente";"Céu Claro";"Simples";"Reta";"Não";3;0;0;1;2;0;1;2;-8,4192339;-36,19365318;"SPRF-PE";"DEL03-PE";"UOP02-DEL03-PE"
555869;2023-10-19;"quinta-feira";"08:15:00";"MG";40;658,5;"CARANDAI";"Demais falhas mecânicas ou elétricas";"Incêndio";"Sem Vítimas";"Pleno dia";"Crescente";"Nublado";"Simples";"Reta";"Não";2;0;0;0;2;0;0;1;-20,89286968;-43,81809773;"SPRF-MG";"DEL05-MG";"UOP02-DEL05-MG"
555870;2023-10-19;"quinta-feira";"11:01:00";"PR";277;717;"SANTA TEREZINHA DE ITAIPU";"Ausência de reação do condutor";"Saída de leito carroçável";"Com Vítimas Feridas";"Pleno dia";"Crescente";"Garoa/Chuvisco";"Dupla";"Reta;Declive";"Não";1;0;1;0;0;0;1;1;-25,47637493;-54,47651902;"SPRF-PR";"DEL05-PR";"UOP01-DEL05-PR"
555871;2023-09-09;"sábado";"04:30:00";"GO";70;12;"AGUAS LINDAS DE GOIAS";"Ausência de reação do condutor";"Capotamento";"Com Vítimas Feridas";"Plena Noite";"Crescente";"Céu Claro";"Dupla";"Reta";"Não";5;0;4;0;0;1;4;1;-15,74037077;-48,3103523;"SPRF-DF";"DEL03-DF";"UOP02-DEL03-DF"
555872;2023-09-13;"quarta-feira";"21:00:00";"BA";101;149;"CONCEICAO DO JACUIPE";"Manobra de mudança de faixa";"Saída de leito carroçável";"Com Vítimas Feridas";"Plena Noite";"Crescente";"Céu Claro";"Simples";"Reta;Em Obras;Desvio Temporário";"Não";1;0;1;0;0;0;1;1;-12,28396;-38,700699;"SPRF-BA";"DEL01-BA";"UOP03-DEL01-BA"
555873;2023-10-19;"quinta-feira";"10:00:00";"PE";232;4;"RECIFE";"Pedestre andava na pista";"Atropelamento de Pedestre";"Sem Vítimas";"Pleno dia";"Crescente";"Sol";"Simples";"Curva";"Sim";2;0;0;0;1;1;0;2;-8,064473;-34,936928;"SPRF-PE";"DEL01-PE";"UOP01-DEL01-PE"
555874;2023-10-19;"quinta-feira";"10:24:00";"PB";101;75;"SANTA RITA";"Condutor Dormindo";"Colisão com objeto";"Sem Vítimas";"Pleno dia";"Crescente";"Céu Claro";"Dupla";"Curva;Declive";"Não";1;0;0;0;1;0;0;1;-7,08342296;-34,97202399;"SPRF-PB";"DEL01-PB";"UOP04-DEL01-PB"
555875;2023-08-04;"sexta-feira";"16:50:00";"MA";135;184;"SAO MATEUS DO MARANHAO";"Reação tardia ou ineficiente do condutor";"Saída de leito carroçável";"Com Vítimas Feridas";"Pleno dia";"Decrescente";"Céu Claro";"Simples";"Reta";"Não";7;0;4;3;0;0;7;1;-4,05539603;-44,47297391;"SPRF-MA";"DEL03-MA";"UOP01-DEL03-MA"
555877;2023-10-19;"quinta-feira";"10:50:00";"RS";116;232;"ESTANCIA VELHA";"Ultrapassagem Indevida";"Colisão com objeto";"Com Vítimas Feridas";"Pleno dia";"Decrescente";"Céu Claro";"Dupla";"Reta;Aclive";"Sim";1;0;1;0;0;0;1;1;-29,63300002;-51,14325106;"SPRF-RS";"DEL01-RS";"UOP02-DEL01-RS"
555880;2023-10-19;"quinta-feira";"12:20:00";"SP";116;230,6;"SAO PAULO";"Trafegar com motocicleta (ou similar) entre as faixas";"Colisão lateral mesmo sentido";"Com Vítimas Feridas";"Pleno dia";"Crescente";"Nublado";"Múltipla";"Reta";"Não";3;0;2;0;1;0;2;2;-23,52251783;-46,5855702;"SPRF-SP";"DEL01-SP";"UOP01-DEL01-SP"
555882;2023-10-19;"quinta-feira";"12:10:00";"SC";101;139;"BALNEARIO CAMBORIU";"Velocidade Incompatível";"Queda de ocupante de veículo";"Com Vítimas Feridas";"Pleno dia";"Decrescente";"Nublado";"Dupla";"Reta";"Sim";1;0;1;0;0;0;1;1;-27,02982303;-48,60115006;"SPRF-SC";"DEL04-SC";"UOP03-DEL04-SC"
555884;2023-09-28;"quinta-feira";"20:18:00";"MT";174;288;"PONTES E LACERDA";"Animais na Pista";"Colisão frontal";"Com Vítimas Feridas";"Anoitecer";"Crescente";"Ignorado";"Simples";"Aclive";"Não";2;0;0;1;1;0;1;1;-15,25196185;-59,31037545;"SPRF-MT";"DEL04-MT";"UOP01-DEL04-MT"
555887;2023-10-19;"quinta-feira";"12:45:00";"SC";280;55,8;"GUARAMIRIM";"Desrespeitar a preferência no cruzamento";"Colisão transversal";"Com Vítimas Feridas";"Pleno dia";"Crescente";"Garoa/Chuvisco";"Dupla";"Reta;Interseção de Vias;Rotatória";"Não";3;0;2;0;1;0;2;2;-26,47584353;-48,9937858;"SPRF-SC";"DEL03-SC";"UOP03-DEL03-SC"
555888;2023-10-19;"quinta-feira";"13:00:00";"SC";470;4;"NAVEGANTES";"Desrespeitar a preferência no cruzamento";"Colisão transversal";"Com Vítimas Feridas";"Pleno dia";"Crescente";"Nublado";"Dupla";"Reta;Rotatória;Em Obras";"Sim";2;0;1;0;1;0;1;2;-26,858473;-48,690788;"SPRF-SC";"DEL04-SC";"UOP04-DEL04-SC"
555890;2023-10-19;"quinta-feira";"12:55:00";"PR";116;126;"FAZENDA RIO GRANDE";"Condutor desrespeitou a iluminação vermelha do semáforo";"Colisão transversal";"Com Vítimas Feridas";"Pleno dia";"Crescente";"Garoa/Chuvisco";"Múltipla";"Reta;Interseção de Vias";"Sim";6;0;2;0;2;2;2;3;-25,63702869;-49,31323886;"SPRF-PR";"DEL01-PR";"UOP03-DEL01-PR"
555892;2023-10-19;"quinta-feira";"12:50:00";"RJ";40;121;"DUQUE DE CAXIAS";"Manobra de mudança de faixa";"Colisão lateral mesmo sentido";"Com Vítimas Feridas";"Pleno dia";"Crescente";"Nublado";"Múltipla";"Reta";"Sim";2;0;1;0;1;0;1;2;-22,78185499;-43,28571273;"SPRF-RJ";"DEL01-RJ";"UOP01-DEL01-RJ"
555897;2023-10-19;"quinta-feira";"11:58:00";"SC";282;531;"CORDILHEIRA ALTA";"Pedestre cruzava a pista fora da faixa";"Atropelamento de Pedestre";"Com Vítimas Feridas";"Pleno dia";"Crescente";"Chuva";"Simples";"Reta";"Sim";3;0;1;0;2;0;1;2;-26,990747;-52,609776;"SPRF-SC";"DEL07-SC";"UOP01-DEL07-SC"
555898;2023-10-19;"quinta-feira";"12:30:00";"MG";354;750,4;"ITANHANDU";"Velocidade Incompatível";"Saída de leito carroçável";"Com Vítimas Feridas";"Pleno dia";"Crescente";"Nublado";"Simples";"Curva";"Não";1;0;1;0;0;0;1;1;-22,26373633;-44,89186808;"SPRF-MG";"DEL17-MG";"UOP01-DEL17-MG"
555902;2023-10-19;"quinta-feira";"14:01:00";"RS";153;50,6;"ERECHIM";"Acessar a via sem observar a presença dos outros veículos";"Colisão transversal";"Com Vítimas Feridas";"Pleno dia";"Crescente";"Nublado";"Simples";"Rotatória";"Sim";2;0;1;0;1;0;1;2;-27,65623359;-52,27554709;"SPRF-RS";"DEL08-RS";"UOP04-DEL08-RS"
555906;2023-10-19;"quinta-feira";"14:35:00";"SP";116;219;"GUARULHOS";"Pedestre andava na pista";"Atropelamento de Pedestre";"Com Vítimas Feridas";"Pleno dia";"Decrescente";"Céu Claro";"Múltipla";"Reta";"Sim";2;0;1;0;0;1;1;2;-23,46143954;-46,48885316;"SPRF-SP";"DEL01-SP";"UOP01-DEL01-SP"
555908;2023-10-19;"quinta-feira";"13:00:00";"MS";267;162,5;"NOVA ANDRADINA";"Condutor Dormindo";"Colisão com objeto";"Com Vítimas Fatais";"Pleno dia";"Decrescente";"Céu Claro";"Simples";"Reta";"Não";2;2;0;0;0;0;0;1;-21,63108076;-53,58710396;"SPRF-MS";"DEL02-MS";"UOP03-DEL02-MS"