"id";"data_inversa";"dia_semana";"horario";"uf";"br";"km";"municipio";"causa_acidente";"tipo_acidente";"classificacao_acidente";"fase_dia";"sentido_via";"condicao_metereologica";"tipo_pista";"tracado_via";"uso_solo";"pessoas";"mortos";"feridos_leves";"feridos_graves";"ilesos";"ignorados";"feridos";"veiculos";"latitude";"longitude";"regional";"delegacia";"uop"
556167;2023-10-20;"sexta-feira";"12:50:00";"CE";20;358;"MARANGUAPE";"Reação tardia ou ineficiente do condutor";"Colisão lateral mesmo sentido";"Sem Vítimas";"Pleno dia";"Crescente";"Céu Claro";"Simples";"Reta";"Não";2;0;0;0;2;0;0;2;-4,03936964;-38,99855442;"SPRF-CE";"DEL02-CE";"UOP01-DEL02-CE"
556169;2023-10-20;"sexta-feira";"18:20:00";"MG";381;512,3;"IGARAPE";"Chuva";"Saída de leito carroçável";"Com Vítimas Feridas";"Plena Noite";"Decrescente";"Chuva";"Múltipla";"Reta";"Sim";2;0;2;0;0;0;2;1;-20,09239724;-44,31458341;"SPRF-MG";"DEL01-MG";"UOP03-DEL01-MG"
556170;2023-10-20;"sexta-feira";"18:50:00";"ES";101;139,4;"LINHARES";"Acessar a via sem observar a presença dos outros veículos";"Colisão lateral mesmo sentido";"Com Vítimas Feridas";"Plena Noite";"Crescente";"Nublado";"Dupla";"Reta";"Sim";4;0;1;0;2;1;1;3;-19,3101728;-40,0799666;"SPRF-ES";"DEL04-ES";"UOP01-DEL04-ES"
556171;2023-10-20;"sexta-feira";"18:40:00";"RS";116;242;"SAO LEOPOLDO";"Condutor deixou de manter distância do veículo da frente";"Colisão traseira";"Com Vítimas Feridas";"Plena Noite";"Crescente";"Nublado";"Múltipla";"Reta";"Sim";2;0;1;0;1;0;1;2;-29,72297087;-51,14858729;"SPRF-RS";"DEL01-RS";"UOP02-DEL01-RS"
556172;2023-10-20;"sexta-feira";"19:20:00";"SC";101;200,8;"SAO JOSE";"Trafegar com motocicleta (ou similar) entre as faixas";"Colisão lateral mesmo sentido";"Com Vítimas Feridas";"Plena Noite";"Decrescente";"Nublado";"Múltipla";"Reta";"Sim";2;0;1;0;1;0;1;2;-27,54018513;-48,62287714;"SPRF-SC";"DEL01-SC";"UOP01-DEL01-SC"
556173;2023-10-20;"sexta-feira";"18:40:00";"BA";116;827,3;"VITORIA DA CONQUISTA";"Conversão proibida";"Colisão transversal";"Com Vítimas Feridas";"Plena Noite";"Crescente";"Nublado";"Simples";"Reta";"Sim";3;0;3;0;0;0;3;2;-14,888457;-40,860924;"SPRF-BA";"DEL08-BA";"UOP01-DEL08-BA"
556174;2023-10-16;"segunda-feira";"14:45:00";"SC";470;139,1;"RIO DO SUL";"Manobra de mudança de faixa";"Colisão transversal";"Com Vítimas Feridas";"Pleno dia";"Decrescente";"Garoa/Chuvisco";"Dupla";"Interseção de Vias;Reta";"Não";2;0;1;0;1;0;1;2;-27,217564;-49,65461;"SPRF-SC";"DEL04-SC";"UOP02-DEL04-SC"
556175;2023-10-20;"sexta-feira";"19:00:00";"PR";277;83;"CURITIBA";"Manobra de mudança de faixa";"Colisão traseira";"Com Vítimas Feridas";"Pleno dia";"Decrescente";"Nublado";"Dupla";"Reta";"Sim";3;0;2;0;1;0;2;3;-25,46223698;-49,21880364;"SPRF-PR";"DEL01-PR";"UOP01-DEL01-PR"
556176;2023-10-20;"sexta-feira";"19:00:00";"ES";101;298,2;"VIANA";"Entrada inopinada do pedestre";"Atropelamento de Pedestre";"Com Vítimas Feridas";"Plena Noite";"Decrescente";"Nublado";"Múltipla";"Reta";"Sim";2;0;2;0;0;0;2;2;-20,35374444;-40,4156433;"SPRF-ES";"DEL01-ES";"UOP01-DEL01-ES"
556177;2023-10-20;"sexta-feira";"17:45:00";"MG";381;876;"ESTIVA";"Velocidade Incompatível";"Capotamento";"Com Vítimas Feridas";"Anoitecer";"Decrescente";"Chuva";"Dupla";"Curva";"Não";4;0;4;0;0;0;4;1;-22,43770088;-45,98375212;"SPRF-MG";"DEL16-MG";"UOP01-DEL16-MG"
556178;2023-10-20;"sexta-feira";"19:40:00";"RJ";495;1;"TERESOPOLIS";"Condutor deixou de manter distância do veículo da frente";"Colisão traseira";"Com Vítimas Feridas";"Plena Noite";"Crescente";"Nublado";"Simples";"Reta";"Sim";2;0;1;0;1;0;1;2;-22,400555;-42,976154;"SPRF-RJ";"DEL04-RJ";"UOP01-DEL04-RJ"
556181;2023-10-20;"sexta-feira";"17:20:00";"GO";60;164;"GOIANIA";"Iluminação deficiente";"Colisão traseira";"Com Vítimas Feridas";"Pleno dia";"Crescente";"Céu Claro";"Dupla";"Reta";"Sim";2;0;1;0;1;0;1;2;-16,71121628;-49,35532272;"SPRF-GO";"DEL01-GO";"UOP02-DEL01-GO"
556183;2023-10-20;"sexta-feira";"18:45:00";"BA";135;171;"BARREIRAS";"Acesso irregular";"Colisão transversal";"Com Vítimas Feridas";"Plena Noite";"Decrescente";"Ignorado";"Simples";"Reta";"Sim";1;0;0;1;0;0;1;1;-12,09737645;-44,97604138;"SPRF-BA";"DEL08-BA";"UOP04-DEL08-BA"
556185;2023-10-20;"sexta-feira";"16:00:00";"AL";101;58,5;"MESSIAS";"Chuva";"Capotamento";"Com Vítimas Feridas";"Pleno dia";"Crescente";"Chuva";"Dupla";"Curva";"Não";3;0;3;0;0;0;3;1;-9,283372;-35,802928;"SPRF-AL";"DEL01-AL";"UOP02-DEL01-AL"
556186;2023-09-04;"segunda-feira";"05:20:00";"RS";116;378;"SENTINELA DO SUL";"Ausência de reação do condutor";"Saída de leito carroçável";"Sem Vítimas";"Plena Noite";"Decrescente";"Chuva";"Dupla";"Curva";"Não";1;0;0;0;1;0;0;1;-30,75375493;-51,63795908;"SPRF-RS";"DEL02-RS";"UOP02-DEL02-RS"
556187;2023-10-20;"sexta-feira";"20:00:00";"PR";376;621;"SAO JOSE DOS PINHAIS";"Iluminação deficiente";"Queda de ocupante de veículo";"Com Vítimas Feridas";"Plena Noite";"Crescente";"Nublado";"Simples";"Reta";"Não";1;0;1;0;0;0;1;1;-25,61783292;-49,1690968;"SPRF-PR";"DEL01-PR";"UOP04-DEL01-PR"
556188;2023-10-20;"sexta-feira";"19:00:00";"SP";116;107;"TAUBATE";"Velocidade Incompatível";"Colisão traseira";"Com Vítimas Feridas";"Plena Noite";"Crescente";"Garoa/Chuvisco";"Dupla";"Reta;Aclive";"Sim";6;0;1;0;5;0;1;2;-23,01791287;-45,53009409;"SPRF-SP";"DEL02-SP";"UOP02-DEL02-SP"
556189;2023-10-20;"sexta-feira";"19:40:00";"PR";277;168;"PALMEIRA";"Acessar a via sem observar a presença dos outros veículos";"Colisão transversal";"Com Vítimas Feridas";"Plena Noite";"Crescente";"Céu Claro";"Dupla";"Reta;Rotatória";"Não";2;0;1;1;0;0;2;2;-25,43474864;-49,98633385;"SPRF-PR";"DEL03-PR";"UOP03-DEL03-PR"
556190;2023-10-20;"sexta-feira";"18:45:00";"BA";324;519;"FEIRA DE SANTANA";"Ausência de reação do condutor";"Colisão traseira";"Sem Vítimas";"Anoitecer";"Decrescente";"Céu Claro";"Dupla";"Reta";"Sim";2;0;0;0;2;0;0;2;-12,279564;-38,925707;"SPRF-BA";"DEL02-BA";"UOP01-DEL02-BA"
556193;2023-10-20;"sexta-feira";"20:40:00";"SC";101;118;"ITAJAI";"Ingestão de álcool pelo condutor";"Colisão traseira";"Com Vítimas Feridas";"Plena Noite";"Crescente";"Céu Claro";"Simples";"Interseção de Vias";"Não";2;0;1;0;1;0;1;2;-26,895859;-48,71903;"SPRF-SC";"DEL04-SC";"UOP04-DEL04-SC"
556195;2023-10-20;"sexta-feira";"20:40:00";"RS";290;102;"PORTO ALEGRE";"Condutor deixou de manter distância do veículo da frente";"Colisão traseira";"Sem Vítimas";"Plena Noite";"Crescente";"Céu Claro";"Simples";"Viaduto;Reta;Aclive";"Sim";5;0;0;0;5;0;0;2;-29,987228;-51,25613;"SPRF-RS";"DEL01-RS";"UOP01-DEL01-RS"
556196;2023-10-20;"sexta-feira";"19:30:00";"MS";163;50;"ELDORADO";"Reação tardia ou ineficiente do condutor";"Queda de ocupante de veículo";"Com Vítimas Feridas";"Plena Noite";"Decrescente";"Céu Claro";"Simples";"Reta";"Não";2;0;1;1;0;0;2;1;-23,70499995;-54,26920532;"SPRF-MS";"DEL09-MS";"UOP02-DEL09-MS"
556197;2023-10-20;"sexta-feira";"21:00:00";"GO";80;123;"BARRO ALTO";"Reação tardia ou ineficiente do condutor";"Saída de leito carroçável";"Com Vítimas Feridas";"Plena Noite";"Crescente";"Céu Claro";"Simples";"Curva";"Não";1;0;1;0;0;0;1;1;-15,04560092;-48,88916016;"SPRF-GO";"DEL07-GO";"UOP02-DEL07-GO"
556198;2023-10-20;"sexta-feira";"19:30:00";"RJ";40;122;"DUQUE DE CAXIAS";"Ausência de reação do condutor";"Colisão com objeto";"Sem Vítimas";"Plena Noite";"Crescente";"Nublado";"Múltipla";"Reta";"Sim";1;0;0;0;1;0;0;1;-22,79083113;-43,28611569;"SPRF-RJ";"DEL01-RJ";"UOP01-DEL01-RJ"
556199;2023-10-20;"sexta-feira";"20:30:00";"SC";101;120;"ITAJAI";"Manobra de mudança de faixa";"Colisão lateral mesmo sentido";"Com Vítimas Feridas";"Plena Noite";"Decrescente";"Nublado";"Múltipla";"Reta";"Sim";2;0;1;0;1;0;1;2;-26,912758;-48,711998;"SPRF-SC";"DEL04-SC";"UOP04-DEL04-SC"
556200;2023-10-20;"sexta-feira";"20:10:00";"MT";158;33;"VILA RICA";"Animais na Pista";"Atropelamento de Animal";"Com Vítimas Feridas";"Plena Noite";"Crescente";"Céu Claro";"Simples";"Reta";"Não";1;0;0;1;0;0;1;1;-9,95733595;-51,13676375;"SPRF-MT";"DEL07-MT";"NPF/DEL07-MT"
556201;2023-10-20;"sexta-feira";"20:30:00";"MT";163;854;"SINOP";"Desrespeitar a preferência no cruzamento";"Colisão transversal";"Com Vítimas Feridas";"Plena Noite";"Crescente";"Céu Claro";"Simples";"Interseção de Vias";"Sim";2;0;0;1;1;0;1;2;-11,820672;-55,48465698;"SPRF-MT";"DEL06-MT";"UOP02-DEL06-MT"
556207;2023-10-20;"sexta-feira";"22:20:00";"SC";101;117,5;"ITAJAI";"Manobra de mudança de faixa";"Colisão lateral mesmo sentido";"Com Vítimas Feridas";"Plena Noite";"Decrescente";"Céu Claro";"Simples";"Reta";"Sim";2;0;1;0;0;1;1;2;-26,88747187;-48,72252969;"SPRF-SC";"DEL04-SC";"UOP04-DEL04-SC"
556208;2023-10-20;"sexta-feira";"17:50:00";"RS";470;205;"BENTO GONCALVES";"Manobra de mudança de faixa";"Colisão traseira";"Com Vítimas Feridas";"Pleno dia";"Crescente";"Céu Claro";"Dupla";"Curva";"Não";2;0;1;0;1;0;1;2;-29,08303999;-51,56096429;"SPRF-RS";"DEL06-RS";"UOP01-DEL06-RS"
556209;2023-10-20;"sexta-feira";"22:15:00";"PI";316;5,6;"TERESINA";"Ausência de reação do condutor";"Queda de ocupante de veículo";"Com Vítimas Feridas";"Plena Noite";"Crescente";"Céu Claro";"Dupla";"Reta";"Sim";2;0;1;0;1;0;1;1;-5,14169858;-42,78157276;"SPRF-PI";"DEL01-PI";"UOP02-DEL01-PI"
556210;2023-10-20;"sexta-feira";"21:05:00";"RR";401;14;"BOA VISTA";"Ingestão de álcool pelo condutor";"Tombamento";"Com Vítimas Feridas";"Plena Noite";"Decrescente";"Céu Claro";"Simples";"Reta;Ponte";"Sim";1;0;1;0;0;0;1;1;2,83410818;-60,5854182;"SPRF-RR";"DEL01-RR";"UOP01-DEL01-RR"
556211;2023-10-20;"sexta-feira";"22:41:00";"SP";116;516;"CAJATI";"Chuva";"Capotamento";"Sem Vítimas";"Plena Noite";"Decrescente";"Garoa/Chuvisco";"Dupla";"Curva";"Não";1;0;0;0;0;1;0;1;-24,87423036;-48,2190838;"SPRF-SP";"DEL05-SP";"UOP02-DEL05-SP"
556212;2023-10-20;"sexta-feira";"22:30:00";"PB";230;112;"INGA";"Animais na Pista";"Saída de leito carroçável";"Com Vítimas Feridas";"Plena Noite";"Crescente";"Céu Claro";"Dupla";"Reta";"Não";1;0;1;0;0;0;1;1;-7,2117;-35,5822;"SPRF-PB";"DEL01-PB";"UOP03-DEL01-PB"
556213;2023-10-20;"sexta-feira";"21:50:00";"MS";463;0,8;"DOURADOS";"Deixar de acionar o farol da motocicleta (ou similar)";"Colisão transversal";"Com Vítimas Feridas";"Plena Noite";"Decrescente";"Céu Claro";"Simples";"Interseção de Vias";"Sim";3;0;0;1;1;1;1;3;-22,258694;-54,804096;"SPRF-MS";"DEL04-MS";"UOP01-DEL04-MS"
556214;2023-09-21;"quinta-feira";"21:28:00";"AL";101;57;"MESSIAS";"Acumulo de óleo sobre o pavimento";"Saída de leito carroçável";"Sem Vítimas";"Plena Noite";"Crescente";"Nublado";"Dupla";"Curva";"Não";2;0;0;0;0;2;0;1;-9,2726282;-35,79226676;"SPRF-AL";"DEL01-AL";"UOP02-DEL01-AL"
556216;2023-10-20;"sexta-feira";"15:30:00";"MA";226;103,2;"CAXIAS";"Transitar na contramão";"Colisão transversal";"Com Vítimas Feridas";"Pleno dia";"Decrescente";"Céu Claro";"Simples";"Reta";"Não";2;0;0;1;1;0;1;2;-5,290309;-43,686221;"SPRF-MA";"DEL03-MA";"UOP02-DEL03-MA"
556217;2023-10-20;"sexta-feira";"22:34:00";"PI";316;24;"TERESINA";"Ausência de reação do condutor";"Saída de leito carroçável";"Com Vítimas Feridas";"Plena Noite";"Decrescente";"Céu Claro";"Simples";"Reta";"Sim";2;0;1;0;1;0;1;1;-5,28895702;-42,71707202;"SPRF-PI";"DEL01-PI";"UOP02-DEL01-PI"
556218;2023-10-21;"sábado";"00:10:00";"PB";230;9,4;"CABEDELO";"Condutor deixou de manter distância do veículo da frente";"Colisão traseira";"Com Vítimas Feridas";"Plena Noite";"Decrescente";"Céu Claro";"Múltipla";"Viaduto;Aclive";"Sim";2;0;1;0;0;1;1;2;-7,0433;-34,8466;"SPRF-PB";"DEL01-PB";"UOP01-DEL01-PB"
556219;2023-10-20;"sexta-feira";"23:43:00";"PI";316;17,1;"TERESINA";"Ausência de reação do condutor";"Saída de leito carroçável";"Com Vítimas Feridas";"Plena Noite";"Decrescente";"Céu Claro";"Dupla";"Curva";"Não";2;0;2;0;0;0;2;1;-5,21837815;-42,75257727;"SPRF-PI";"DEL01-PI";"UOP02-DEL01-PI"
556220;2023-10-21;"sábado";"01:00:00";"PR";116;9;"COLOMBO";"Manobra de mudança de faixa";"Colisão transversal";"Sem Vítimas";"Plena Noite";"Crescente";"Céu Claro";"Dupla";"Reta";"Sim";3;0;0;0;3;0;0;2;-25,3708;-49,1246;"SPRF-PR";"DEL01-PR";"UOP02-DEL01-PR"
556221;2023-10-21;"sábado";"01:00:00";"PR";116;92;"SAO JOSE DOS PINHAIS";"Reação tardia ou ineficiente do condutor";"Colisão com objeto";"Sem Vítimas";"Plena Noite";"Crescente";"Nublado";"Dupla";"Viaduto;Reta";"Sim";1;0;0;0;0;1;0;1;-25,51070249;-49,12754953;"SPRF-PR";"DEL01-PR";"UOP07-DEL01-PR"
556222;2023-10-21;"sábado";"01:20:00";"SP";116;446;"REGISTRO";"Reação tardia ou ineficiente do condutor";"Queda de ocupante de veículo";"Com Vítimas Feridas";"Plena Noite";"Crescente";"Garoa/Chuvisco";"Dupla";"Reta";"Não";1;0;0;1;0;0;1;1;-24,50467087;-47,84772743;"SPRF-SP";"DEL05-SP";"UOP01-DEL05-SP"
556223;2023-10-21;"sábado";"01:20:00";"GO";153;512,6;"APARECIDA DE GOIANIA";"Estacionar ou parar em local proibido";"Colisão traseira";"Sem Vítimas";"Plena Noite";"Decrescente";"Céu Claro";"Múltipla";"Reta";"Não";2;0;0;0;2;0;0;2;-16,8156;-49,2402;"SPRF-GO";"DEL01-GO";"UOP03-DEL01-GO"
556225;2023-10-21;"sábado";"02:00:00";"ES";101;14;"PEDRO CANARIO";"Reação tardia ou ineficiente do condutor";"Tombamento";"Com Vítimas Feridas";"Plena Noite";"Crescente";"Céu Claro";"Simples";"Curva";"Não";1;0;0;1;0;0;1;1;-18,28229192;-39,95687688;"SPRF-ES";"DEL04-ES";"UOP02-DEL04-ES"
556227;2023-10-21;"sábado";"00:15:00";"SC";163;120;"DIONISIO CERQUEIRA";"Ingestão de álcool pelo condutor";"Saída de leito carroçável";"Com Vítimas Feridas";"Plena Noite";"Decrescente";"Céu Claro";"Simples";"Curva";"Não";1;0;1;0;0;0;1;1;-26,32934528;-53,54433775;"SPRF-SC";"DEL07-SC";"UOP03-DEL07-SC"
556231;2023-10-21;"sábado";"02:20:00";"SC";101;282;"IMBITUBA";"Ausência de reação do condutor";"Saída de leito carroçável";"Com Vítimas Feridas";"Plena Noite";"Crescente";"Céu Claro";"Dupla";"Reta";"Não";1;0;0;1;0;0;1;1;-28,19626005;-48,69739859;"SPRF-SC";"DEL02-SC";"UOP03-DEL02-SC"
556232;2023-10-21;"sábado";"01:55:00";"PR";116;120;"CURITIBA";"Ausência de reação do condutor";"Colisão lateral mesmo sentido";"Sem Vítimas";"Plena Noite";"Crescente";"Nublado";"Dupla";"Declive";"Sim";2;0;0;0;2;0;0;2;-25,580735;-49,313171;"SPRF-PR";"DEL01-PR";"UOP03-DEL01-PR"
556233;2023-10-21;"sábado";"03:05:00";"RJ";116;188;"NOVA IGUACU";"Reação tardia ou ineficiente do condutor";"Capotamento";"Com Vítimas Feridas";"Plena Noite";"Crescente";"Céu Claro";"Dupla";"Reta";"Não";6;0;2;2;2;0;4;1;-22,7380709;-43,48213999;"SPRF-RJ";"DEL01-RJ";"UOP02-DEL01-RJ"
556234;2023-10-21;"sábado";"01:30:00";"MG";262;104;"ABRE CAMPO";"Ausência de reação do condutor";"Capotamento";"Com Vítimas Feridas";"Plena Noite";"Crescente";"Céu Claro";"Simples";"Curva";"Não";1;0;1;0;0;0;1;1;-20,29194628;-42,54722618;"SPRF-MG";"DEL03-MG";"UOP03-DEL03-MG"
556235;2023-10-21;"sábado";"01:50:00";"SC";101;136;"BALNEARIO CAMBORIU";"Ingestão de álcool pelo condutor";"Tombamento";"Sem Vítimas";"Plena Noite";"Decrescente";"Garoa/Chuvisco";"Múltipla";"Reta";"Sim";1;0;0;0;0;1;0;1;-27,008113;-48,617245;"SPRF-SC";"DEL04-SC";"UOP03-DEL04-SC"
556237;2023-10-21;"sábado";"01:50:00";"SP";153;168;"GUAICARA";"Ingestão de álcool pelo condutor";"Tombamento";"Sem Vítimas";"Plena Noite";"Crescente";"Nublado";"Simples";"Reta";"Não";1;0;0;0;1;0;0;1;-21,57925698;-49,7840404;"SPRF-SP";"DEL07-SP";"UOP01-DEL07-SP"
556239;2023-10-21;"sábado";"03:40:00";"SC";470;0,1;"NAVEGANTES";"Reação tardia ou ineficiente do condutor";"Colisão com objeto";"Com Vítimas Feridas";"Plena Noite";"Crescente";"Nublado";"Dupla";"Rotatória";"Sim";2;0;0;2;0;0;2;1;-26,88232;-48,66183;"SPRF-SC";"DEL04-SC";"UOP04-DEL04-SC"
556240;2023-10-18;"quarta-feira";"21:00:00";"PA";222;226,2;"MARABA";"Ausência de reação do condutor";"Saída de leito carroçável";"Com Vítimas Fatais";"Plena Noite";"Crescente";"Céu Claro";"Simples";"Reta";"Sim";1;1;0;0;0;0;0;1;-5,21090275;-49,04135299;"SPRF-PA";"DEL03-PA";"UOP01-DEL03-PA"
556241;2023-10-21;"sábado";"02:20:00";"SC";101;136;"BALNEARIO CAMBORIU";"Ingestão de álcool pelo condutor";"Colisão traseira";"Com Vítimas Feridas";"Plena Noite";"Crescente";"Garoa/Chuvisco";"Múltipla";"Reta";"Sim";3;0;1;0;2;0;1;2;-27,008113;-48,617245;"SPRF-SC";"DEL04-SC";"UOP03-DEL04-SC"
556242;2023-10-20;"sexta-feira";"21:45:00";"MG";381;724,8;"CARMO DA CACHOEIRA";"Chuva";"Colisão traseira";"Com Vítimas Feridas";"Plena Noite";"Decrescente";"Chuva";"Dupla";"Curva;Declive";"Não";7;0;1;0;6;0;1;3;-21,49216998;-45,21046112;"SPRF-MG";"DEL04-MG";"UOP02-DEL04-MG"
556243;2023-10-21;"sábado";"04:15:00";"SC";470;65;"INDAIAL";"Manobra de mudança de faixa";"Colisão transversal";"Com Vítimas Feridas";"Plena Noite";"Decrescente";"Garoa/Chuvisco";"Simples";"Reta";"Não";2;0;0;1;0;1;1;2;-26,870411;-49,211864;"SPRF-SC";"DEL04-SC";"UOP01-DEL04-SC"
556244;2023-10-21;"sábado";"04:21:00";"RJ";101;279;"TANGUA";"Manobra de mudança de faixa";"Colisão lateral mesmo sentido";"Com Vítimas Feridas";"Plena Noite";"Decrescente";"Céu Claro";"Dupla";"Reta";"Não";2;0;1;0;1;0;1;2;-22,7383655;-42,76745405;"SPRF-RJ";"DEL02-RJ";"UOP03-DEL02-RJ"
556247;2023-10-21;"sábado";"05:30:00";"RS";386;133;"SARANDI";"Ingestão de álcool pelo condutor";"Colisão com objeto";"Com Vítimas Feridas";"Amanhecer";"Decrescente";"Céu Claro";"Simples";"Curva";"Sim";1;0;1;0;0;0;1;1;-27,951338;-52,92548;"SPRF-RS";"DEL08-RS";"UOP01-DEL08-RS"
556248;2023-10-21;"sábado";"05:45:00";"PR";376;184,9;"SARANDI";"Acessar a via sem observar a presença dos outros veículos";"Colisão lateral mesmo sentido";"Com Vítimas Feridas";"Amanhecer";"Crescente";"Céu Claro";"Dupla";"Reta";"Sim";2;0;1;0;1;0;1;2;-23,45147413;-51,85361808;"SPRF-PR";"DEL09-PR";"UOP01-DEL09-PR"
556249;2023-10-21;"sábado";"05:23:00";"MT";364;402;"CUIABA";"Ausência de reação do condutor";"Colisão com objeto";"Com Vítimas Feridas";"Amanhecer";"Decrescente";"Céu Claro";"Dupla";"Reta;Viaduto";"Sim";2;0;1;0;0;1;1;1;-15,66855019;-55,95476508;"SPRF-MT";"DEL01-MT";"UOP02-DEL01-MT"
556250;2023-10-21;"sábado";"01:00:00";"RS";158;325,7;"SANTA MARIA";"Velocidade Incompatível";"Queda de ocupante de veículo";"Com Vítimas Feridas";"Plena Noite";"Decrescente";"Nublado";"Dupla";"Reta;Em Obras";"Sim";1;0;1;0;0;0;1;1;-29,71347589;-53,8070333;"SPRF-RS";"DEL09-RS";"UOP01-DEL09-RS"
556251;2023-10-21;"sábado";"03:00:00";"PR";116;98;"SAO JOSE DOS PINHAIS";"Ausência de reação do condutor";"Colisão com objeto";"Sem Vítimas";"Plena Noite";"Crescente";"Nublado";"Dupla";"Reta";"Não";1;0;0;0;0;1;0;1;-25,51973222;-49,13431573;"SPRF-PR";"DEL01-PR";"UOP07-DEL01-PR"
556256;2023-10-21;"sábado";"05:30:00";"RJ";393;172;"TRES RIOS";"Ausência de reação do condutor";"Colisão com objeto";"Com Vítimas Feridas";"Amanhecer";"Decrescente";"Céu Claro";"Simples";"Curva";"Não";1;0;1;0;0;0;1;1;-22,12459912;-43,17832824;"SPRF-RJ";"DEL05-RJ";"UOP02-DEL05-RJ"
556257;2023-10-21;"sábado";"06:24:00";"PI";343;2;"TERESINA";"Ingestão de álcool pelo condutor";"Colisão lateral mesmo sentido";"Com Vítimas Feridas";"Amanhecer";"Crescente";"Céu Claro";"Múltipla";"Reta";"Sim";2;0;1;0;1;0;1;2;-5,089569;-42,802288;"SPRF-PI";"DEL05-PI";"UOP01-DEL05-PI"
556258;2023-10-21;"sábado";"01:14:00";"MT";163;878;"SINOP";"Pedestre andava na pista";"Atropelamento de Pedestre";"Com Vítimas Feridas";"Pleno dia";"Crescente";"Céu Claro";"Simples";"Reta";"Não";2;0;0;1;0;1;1;2;-11,61199298;-55,43047506;"SPRF-MT";"DEL06-MT";"UOP02-DEL06-MT"
556259;2023-10-20;"sexta-feira";"23:30:00";"RR";174;513;"BOA VISTA";"Acumulo de areia ou detritos sobre o pavimento";"Colisão com objeto";"Sem Vítimas";"Plena Noite";"Decrescente";"Garoa/Chuvisco";"Simples";"Reta";"Sim";3;0;0;0;3;0;0;1;2,88055;-60,698753;"SPRF-RR";"DEL01-RR";"UOP01-DEL01-RR"
556260;2023-10-21;"sábado";"04:45:00";"MS";163;496;"CAMPO GRANDE";"Falta de elemento de contenção que evite a saída do leito carroçável";"Saída de leito carroçável";"Sem Vítimas";"Amanhecer";"Crescente";"Céu Claro";"Simples";"Reta";"Não";1;0;0;0;0;1;0;1;-20,35985581;-54,52552831;"SPRF-MS";"DEL01-MS";"UOP02-DEL01-MS"
556261;2023-10-21;"sábado";"07:15:00";"AP";210;7;"MACAPA";"Manobra de mudança de faixa";"Colisão lateral mesmo sentido";"Com Vítimas Feridas";"Amanhecer";"Decrescente";"Céu Claro";"Dupla";"Reta";"Não";3;0;2;0;0;1;2;2;0,09828163;-51,11978128;"SPRF-AP";"DEL01-AP";"UOP01-DEL01-AP"
556262;2023-10-21;"sábado";"06:44:00";"RN";101;158,9;"CANGUARETAMA";"Ausência de reação do condutor";"Saída de leito carroçável";"Com Vítimas Fatais";"Pleno dia";"Crescente";"Céu Claro";"Dupla";"Curva";"Sim";2;2;0;0;0;0;0;1;-6,37073486;-35,15280876;"SPRF-RN";"DEL01-RN";"UOP01-DEL01-RN"
556263;2023-10-21;"sábado";"05:30:00";"PR";153;48,5;"SANTO ANTONIO DA PLATINA";"Condutor Dormindo";"Colisão traseira";"Com Vítimas Fatais";"Amanhecer";"Crescente";"Céu Claro";"Simples";"Curva";"Não";2;1;0;0;0;1;0;2;-23,3516217;-50,06261587;"SPRF-PR";"DEL07-PR";"UOP04-DEL07-PR"
556264;2023-10-21;"sábado";"05:35:00";"MG";116;428,2;"ALPERCATA";"Condutor Dormindo";"Colisão frontal";"Com Vítimas Fatais";"Amanhecer";"Decrescente";"Céu Claro";"Simples";"Reta";"Não";3;1;1;1;0;0;2;2;-18,9840019;-41,98837826;"SPRF-MG";"DEL06-MG";"UOP01-DEL06-MG"
556265;2023-10-21;"sábado";"02:10:00";"MG";356;270;"MURIAE";"Ausência de reação do condutor";"Queda de ocupante de veículo";"Com Vítimas Feridas";"Plena Noite";"Decrescente";"Céu Claro";"Simples";"Curva";"Sim";1;0;0;1;0;0;1;1;-21,12839937;-42,32458406;"SPRF-MG";"DEL07-MG";"UOP02-DEL07-MG"
556266;2023-10-21;"sábado";"06:50:00";"PR";116;120;"CURITIBA";"Velocidade Incompatível";"Colisão lateral mesmo sentido";"Sem Vítimas";"Amanhecer";"Decrescente";"Nublado";"Dupla";"Reta;Aclive";"Não";2;0;0;0;2;0;0;2;-25,55122256;-49,30503748;"SPRF-PR";"DEL01-PR";"UOP03-DEL01-PR"
556267;2023-10-21;"sábado";"01:30:00";"PR";277;119;"CAMPO LARGO";"Reação tardia ou ineficiente do condutor";"Colisão com objeto";"Com Vítimas Feridas";"Plena Noite";"Crescente";"Céu Claro";"Dupla";"Reta";"Não";1;0;1;0;0;0;1;1;-25,43540749;-49,54057217;"SPRF-PR";"DEL03-PR";"UOP03-DEL03-PR"
556269;2023-10-21;"sábado";"07:00:00";"MG";381;856;"POUSO ALEGRE";"Reação tardia ou ineficiente do condutor";"Tombamento";"Com Vítimas Feridas";"Pleno dia";"Decrescente";"Céu Claro";"Dupla";"Reta";"Não";1;0;1;0;0;0;1;1;-22,32871415;-45,91398482;"SPRF-MG";"DEL16-MG";"UOP01-DEL16-MG"
556270;2023-10-21;"sábado";"07:50:00";"SE";101;8;"CEDRO DE SAO JOAO";"Velocidade Incompatível";"Tombamento";"Com Vítimas Feridas";"Pleno dia";"Crescente";"Nublado";"Dupla";"Curva";"Não";1;0;0;1;0;0;1;1;-10,26375274;-36,86557237;"SPRF-SE";"DEL02-SE";"UOP02-DEL02-SE"