"id";"data_inversa";"dia_semana";"horario";"uf";"br";"km";"municipio";"causa_acidente";"tipo_acidente";"classificacao_acidente";"fase_dia";"sentido_via";"condicao_metereologica";"tipo_pista";"tracado_via";"uso_solo";"pessoas";"mortos";"feridos_leves";"feridos_graves";"ilesos";"ignorados";"feridos";"veiculos";"latitude";"longitude";"regional";"delegacia";"uop"
556271;2023-09-11;"segunda-feira";"05:50:00";"MT";364;554,7;"ROSARIO OESTE";"Mal súbito do condutor";"Saída de leito carroçável";"Com Vítimas Feridas";"Pleno dia";"Decrescente";"Céu Claro";"Dupla";"Reta";"Não";2;0;1;1;0;0;2;1;-14,81871404;-56,42751626;"SPRF-MT";"DEL01-MT";"UOP01-DEL01-MT"
556273;2023-10-21;"sábado";"06:30:00";"BA";242;378;"PALMEIRAS";"Velocidade Incompatível";"Saída de leito carroçável";"Com Vítimas Feridas";"Pleno dia";"Decrescente";"Nublado";"Simples";"Curva";"Não";1;0;1;0;0;0;1;1;-12,43858813;-41,51390076;"SPRF-BA";"DEL08-BA";"UOP04-DEL08-BA"
556274;2023-10-21;"sábado";"08:40:00";"RS";116;265;"CANOAS";"Ausência de reação do condutor";"Colisão traseira";"Com Vítimas Feridas";"Pleno dia";"Crescente";"Céu Claro";"Dupla";"Reta";"Sim";3;0;2;0;1;0;2;2;-29,92342302;-51,17780944;"SPRF-RS";"DEL01-RS";"UOP01-DEL01-RS"
556275;2023-10-21;"sábado";"08:20:00";"DF";70;3;"BRASILIA";"Manobra de mudança de faixa";"Colisão traseira";"Com Vítimas Feridas";"Pleno dia";"Decrescente";"Céu Claro";"Dupla";"Reta";"Não";2;0;1;0;1;0;1;2;-15,802453;-48,080387;"SPRF-DF";"DEL03-DF";"UOP02-DEL03-DF"
556277;2023-09-23;"sábado";"00:30:00";"MG";116;530;"SANTA RITA DE MINAS";"Transitar na contramão";"Colisão frontal";"Com Vítimas Fatais";"Plena Noite";"Decrescente";"Céu Claro";"Simples";"Reta";"Sim";2;2;0;0;0;0;0;2;-19,81067298;-42,13539446;"SPRF-MG";"DEL06-MG";"UOP02-DEL06-MG"
556278;2023-10-21;"sábado";"08:20:00";"SC";101;211,6;"PALHOCA";"Objeto estático sobre o leito carroçável";"Colisão com objeto";"Com Vítimas Feridas";"Pleno dia";"Crescente";"Nublado";"Múltipla";"Reta;Aclive;Viaduto";"Sim";3;0;0;1;1;1;1;3;-27,62329313;-48,65245588;"SPRF-SC";"DEL01-SC";"UOP02-DEL01-SC"
556279;2023-10-21;"sábado";"08:09:00";"TO";153;144;"ARAGUAINA";"Acessar a via sem observar a presença dos outros veículos";"Colisão transversal";"Com Vítimas Feridas";"Pleno dia";"Crescente";"Céu Claro";"Múltipla";"Rotatória";"Sim";1;0;1;0;0;0;1;1;-7,19662811;-48,23636977;"SPRF-TO";"DEL02-TO";"UOP01-DEL02-TO"
556280;2023-10-21;"sábado";"07:20:00";"PA";316;104,8;"SANTA MARIA DO PARA";"Acessar a via sem observar a presença dos outros veículos";"Colisão transversal";"Com Vítimas Feridas";"Pleno dia";"Decrescente";"Céu Claro";"Simples";"Reta";"Sim";5;0;2;2;0;1;4;3;-1,34280151;-47,55991892;"SPRF-PA";"DEL01-PA";"UOP02-DEL01-PA"
556282;2023-10-21;"sábado";"08:00:00";"SC";101;128,1;"BALNEARIO CAMBORIU";"Ausência de reação do condutor";"Tombamento";"Com Vítimas Feridas";"Pleno dia";"Crescente";"Céu Claro";"Dupla";"Reta";"Sim";2;0;1;0;1;0;1;1;-26,97284292;-48,68299451;"SPRF-SC";"DEL04-SC";"UOP04-DEL04-SC"
556283;2023-10-21;"sábado";"10:20:00";"BA";324;516;"FEIRA DE SANTANA";"Acessar a via sem observar a presença dos outros veículos";"Colisão transversal";"Com Vítimas Feridas";"Pleno dia";"Crescente";"Sol";"Simples";"Reta;Interseção de Vias";"Sim";3;0;2;0;1;0;2;2;-12,24465558;-38,93582225;"SPRF-BA";"DEL02-BA";"UOP01-DEL02-BA"
556285;2023-10-21;"sábado";"10:40:00";"RS";116;265;"CANOAS";"Condutor deixou de manter distância do veículo da frente";"Colisão transversal";"Sem Vítimas";"Pleno dia";"Decrescente";"Céu Claro";"Múltipla";"Reta";"Sim";3;0;0;0;3;0;0;3;-29,92342302;-51,17780944;"SPRF-RS";"DEL01-RS";"UOP01-DEL01-RS"
556287;2023-10-21;"sábado";"10:45:00";"SE";101;183;"UMBAUBA";"Acessar a via sem observar a presença dos outros veículos";"Colisão transversal";"Com Vítimas Feridas";"Pleno dia";"Decrescente";"Céu Claro";"Simples";"Reta";"Sim";3;0;2;0;1;0;2;2;-11,37900039;-37,6630326;"SPRF-SE";"DEL02-SE";"UOP03-DEL02-SE"
556289;2023-10-21;"sábado";"10:15:00";"PR";476;144;"CURITIBA";"Trafegar com motocicleta (ou similar) entre as faixas";"Tombamento";"Sem Vítimas";"Pleno dia";"Crescente";"Nublado";"Dupla";"Curva";"Sim";1;0;0;0;0;1;0;1;-25,542501;-49,313011;"SPRF-PR";"DEL01-PR";"UOP06-DEL01-PR"
556290;2023-10-21;"sábado";"08:04:00";"AC";364;136;"RIO BRANCO";"Ausência de reação do condutor";"Colisão lateral mesmo sentido";"Com Vítimas Feridas";"Pleno dia";"Decrescente";"Céu Claro";"Dupla";"Reta";"Sim";2;0;1;0;1;0;1;2;-9,977578;-67,8489;"SPRF-AC";"DEL01-AC";"UOP01-DEL01-AC"
556292;2023-10-21;"sábado";"10:00:00";"MG";116;330;"CAMPANARIO";"Acessar a via sem observar a presença dos outros veículos";"Colisão transversal";"Com Vítimas Feridas";"Pleno dia";"Decrescente";"Nublado";"Simples";"Reta;Aclive;Interseção de Vias";"Sim";2;0;1;0;1;0;1;2;-18,238482;-41,729185;"SPRF-MG";"DEL11-MG";"UOP01-DEL11-MG"
556293;2023-10-21;"sábado";"09:20:00";"MG";365;752;"ITUIUTABA";"Acessar a via sem observar a presença dos outros veículos";"Colisão transversal";"Com Vítimas Feridas";"Pleno dia";"Decrescente";"Céu Claro";"Simples";"Interseção de Vias;Reta;Declive";"Não";2;0;0;1;1;0;1;2;-18,9594641;-49,47131753;"SPRF-MG";"DEL15-MG";"UOP03-DEL15-MG"
556296;2023-10-21;"sábado";"11:17:00";"DF";80;4;"BRASILIA";"Acessar a via sem observar a presença dos outros veículos";"Colisão transversal";"Com Vítimas Feridas";"Pleno dia";"Crescente";"Céu Claro";"Simples";"Reta";"Sim";5;0;4;0;1;0;4;2;-15,730612;-48,111748;"SPRF-DF";"DEL03-DF";"UOP02-DEL03-DF"
556297;2023-10-21;"sábado";"11:37:00";"MT";70;508;"CUIABA";"Ausência de reação do condutor";"Queda de ocupante de veículo";"Com Vítimas Feridas";"Pleno dia";"Crescente";"Céu Claro";"Simples";"Reta";"Não";2;0;1;0;1;0;1;1;-15,69882166;-56,0835743;"SPRF-MT";"DEL01-MT";"UOP02-DEL01-MT"
556299;2023-10-21;"sábado";"11:00:00";"SP";116;127;"CACAPAVA";"Reação tardia ou ineficiente do condutor";"Tombamento";"Com Vítimas Feridas";"Pleno dia";"Crescente";"Céu Claro";"Dupla";"Reta";"Sim";1;0;1;0;0;0;1;1;-23,10991026;-45,70246044;"SPRF-SP";"DEL02-SP";"UOP02-DEL02-SP"
556301;2023-10-21;"sábado";"09:10:00";"MG";50;100;"UBERLANDIA";"Condutor deixou de manter distância do veículo da frente";"Tombamento";"Com Vítimas Feridas";"Pleno dia";"Decrescente";"Céu Claro";"Dupla";"Reta";"Não";1;0;1;0;0;0;1;1;-19,1360921;-48,17067835;"SPRF-MG";"DEL15-MG";"UOP01-DEL15-MG"
556302;2023-10-21;"sábado";"10:46:00";"MT";70;535;"VARZEA GRANDE";"Reação tardia ou ineficiente do condutor";"Engavetamento";"Sem Vítimas";"Pleno dia";"Crescente";"Sol";"Simples";"Reta";"Não";1;0;0;0;1;0;0;1;-15,67962631;-56,27404734;"SPRF-MT";"DEL01-MT";"UOP02-DEL01-MT"
556303;2023-10-21;"sábado";"04:30:00";"MT";163;1063;"GUARANTA DO NORTE";"Ausência de reação do condutor";"Queda de ocupante de veículo";"Com Vítimas Feridas";"Amanhecer";"Crescente";"Céu Claro";"Simples";"Reta";"Sim";2;0;0;2;0;0;2;1;-9,96632;-54,905058;"SPRF-MT";"DEL06-MT";"UOP03-DEL06-MT"
556304;2023-10-21;"sábado";"12:45:00";"PR";116;77;"PIRAQUARA";"Demais falhas mecânicas ou elétricas";"Queda de ocupante de veículo";"Com Vítimas Feridas";"Pleno dia";"Crescente";"Céu Claro";"Dupla";"Reta";"Não";1;0;0;1;0;0;1;1;-25,39661;-49,05715;"SPRF-PR";"DEL01-PR";"UOP07-DEL01-PR"
556305;2023-10-21;"sábado";"13:20:00";"ES";262;151,8;"IBATIBA";"Condutor Dormindo";"Tombamento";"Com Vítimas Feridas";"Pleno dia";"Decrescente";"Nublado";"Simples";"Curva";"Não";1;0;1;0;0;0;1;1;-20,22016792;-41,44902751;"SPRF-ES";"DEL01-ES";"UOP02-DEL01-ES"
556307;2023-10-21;"sábado";"10:38:00";"RO";364;342;"JI-PARANA";"Condutor desrespeitou a iluminação vermelha do semáforo";"Colisão lateral sentido oposto";"Com Vítimas Feridas";"Pleno dia";"Crescente";"Céu Claro";"Dupla";"Reta;Interseção de Vias";"Sim";3;0;3;0;0;0;3;2;-10,88381227;-61,93741416;"SPRF-RO";"DEL02-RO";"UOP01-DEL02-RO"
556308;2023-10-21;"sábado";"12:50:00";"PR";369;183,4;"ARAPONGAS";"Acessar a via sem observar a presença dos outros veículos";"Colisão transversal";"Sem Vítimas";"Pleno dia";"Crescente";"Sol";"Simples";"Reta;Interseção de Vias";"Sim";2;0;0;0;1;1;0;2;-23,39415609;-51,42414624;"SPRF-PR";"DEL07-PR";"UOP03-DEL07-PR"
556310;2023-10-21;"sábado";"11:40:00";"PE";428;173,2;"PETROLINA";"Manobra de mudança de faixa";"Colisão traseira";"Com Vítimas Feridas";"Pleno dia";"Decrescente";"Céu Claro";"Simples";"Reta";"Não";2;0;0;1;1;0;1;2;-9,24429991;-40,42112617;"SPRF-PE";"DEL06-PE";"UOP01-DEL06-PE"
556312;2023-10-21;"sábado";"13:00:00";"PE";101;57,1;"PAULISTA";"Ausência de reação do condutor";"Colisão traseira";"Com Vítimas Feridas";"Pleno dia";"Decrescente";"Céu Claro";"Dupla";"Reta";"Não";3;0;1;2;0;0;3;2;-7,96346213;-34,91513486;"SPRF-PE";"DEL01-PE";"UOP02-DEL01-PE"
556313;2023-10-21;"sábado";"13:30:00";"RN";101;85;"NATAL";"Reação tardia ou ineficiente do condutor";"Colisão traseira";"Com Vítimas Feridas";"Pleno dia";"Crescente";"Céu Claro";"Simples";"Ponte";"Sim";3;0;1;0;2;0;1;2;-5,78398752;-35,24685144;"SPRF-RN";"DEL02-RN";"UOP01-DEL02-RN"
556314;2023-10-21;"sábado";"13:50:00";"RS";386;412,3;"MONTENEGRO";"Desrespeitar a preferência no cruzamento";"Colisão transversal";"Com Vítimas Feridas";"Pleno dia";"Crescente";"Sol";"Dupla";"Reta";"Sim";2;0;1;1;0;0;2;2;-29,807285;-51,499722;"SPRF-RS";"DEL04-RS";"UOP02-DEL04-RS"
556315;2023-10-21;"sábado";"11:00:00";"MA";222;670;"ACAILANDIA";"Ausência de reação do condutor";"Saída de leito carroçável";"Com Vítimas Feridas";"Pleno dia";"Crescente";"Céu Claro";"Simples";"Reta";"Sim";1;0;1;0;0;0;1;1;-4,91607953;-47,42281928;"SPRF-MA";"DEL04-MA";"UOP03-DEL04-MA"
556316;2023-10-21;"sábado";"14:00:00";"RS";116;319;"BARRA DO RIBEIRO";"Ausência de reação do condutor";"Saída de leito carroçável";"Com Vítimas Feridas";"Pleno dia";"Decrescente";"Céu Claro";"Dupla";"Reta";"Não";2;0;2;0;0;0;2;1;-30,28157609;-51,41240974;"SPRF-RS";"DEL02-RS";"UOP01-DEL02-RS"
556317;2023-10-21;"sábado";"13:30:00";"AL";101;74,7;"MESSIAS";"Retorno proibido";"Colisão traseira";"Com Vítimas Feridas";"Pleno dia";"Decrescente";"Nublado";"Dupla";"Reta";"Não";2;0;1;0;1;0;1;2;-9,395538;-35,8387;"SPRF-AL";"DEL01-AL";"UOP01-DEL01-AL"
556321;2023-10-21;"sábado";"12:26:00";"RN";101;68;"EXTREMOZ";"Fumaça";"Colisão traseira";"Com Vítimas Feridas";"Pleno dia";"Crescente";"Céu Claro";"Simples";"Reta";"Não";3;0;1;0;1;1;1;3;-5,66628678;-35,25303617;"SPRF-RN";"DEL02-RN";"UOP01-DEL02-RN"
556323;2023-10-21;"sábado";"12:20:00";"ES";262;33,1;"DOMINGOS MARTINS";"Chuva";"Saída de leito carroçável";"Com Vítimas Feridas";"Pleno dia";"Decrescente";"Chuva";"Simples";"Curva";"Não";3;0;1;0;2;0;1;1;-20,374156;-40,585466;"SPRF-ES";"DEL01-ES";"UOP01-DEL01-ES"
556324;2023-10-21;"sábado";"15:00:00";"MG";381;942;"EXTREMA";"Ausência de reação do condutor";"Saída de leito carroçável";"Com Vítimas Feridas";"Pleno dia";"Crescente";"Sol";"Dupla";"Reta";"Sim";1;0;1;0;0;0;1;1;-22,86605937;-46,34940386;"SPRF-MG";"DEL16-MG";"UOP03-DEL16-MG"
556325;2023-10-21;"sábado";"10:10:00";"MT";158;628,3;"AGUA BOA";"Reação tardia ou ineficiente do condutor";"Saída de leito carroçável";"Com Vítimas Feridas";"Pleno dia";"Crescente";"Sol";"Simples";"Reta";"Não";1;0;0;1;0;0;1;1;-14,51693522;-52,29860158;"SPRF-MT";"DEL07-MT";"UOP02-DEL07-MT"
556326;2023-10-21;"sábado";"14:15:00";"PR";277;17,2;"PARANAGUA";"Reação tardia ou ineficiente do condutor";"Queda de ocupante de veículo";"Com Vítimas Feridas";"Pleno dia";"Decrescente";"Nublado";"Dupla";"Reta";"Não";1;0;1;0;0;0;1;1;-25,56380488;-48,63457397;"SPRF-PR";"DEL01-PR";"UOP05-DEL01-PR"
556328;2023-10-21;"sábado";"14:40:00";"GO";40;3;"VALPARAISO DE GOIAS";"Manobra de mudança de faixa";"Colisão lateral mesmo sentido";"Com Vítimas Feridas";"Pleno dia";"Decrescente";"Céu Claro";"Dupla";"Reta";"Sim";2;0;1;0;0;1;1;2;-16,076081;-47,985671;"SPRF-DF";"DEL01-DF";"UOP01-DEL01-DF"
556329;2023-10-21;"sábado";"15:15:00";"SP";153;51,2;"SAO JOSE DO RIO PRETO";"Avarias e/ou desgaste excessivo no pneu";"Saída de leito carroçável";"Com Vítimas Feridas";"Pleno dia";"Decrescente";"Céu Claro";"Dupla";"Retorno Regulamentado";"Não";1;0;1;0;0;0;1;1;-20,71801801;-49,33874223;"SPRF-SP";"DEL09-SP";"UOP01-DEL09-SP"
556330;2023-10-21;"sábado";"10:10:00";"BA";101;202,5;"GOVERNADOR MANGABEIRA";"Reação tardia ou ineficiente do condutor";"Capotamento";"Com Vítimas Feridas";"Pleno dia";"Crescente";"Sol";"Dupla";"Reta;Aclive";"Não";1;0;0;1;0;0;1;1;-12,596007;-38,994953;"SPRF-BA";"DEL01-BA";"UOP02-DEL01-BA"
556331;2023-10-21;"sábado";"15:20:00";"PR";277;659,3;"MATELANDIA";"Reação tardia ou ineficiente do condutor";"Colisão com objeto";"Com Vítimas Feridas";"Pleno dia";"Decrescente";"Céu Claro";"Dupla";"Curva;Aclive";"Não";1;0;1;0;0;0;1;1;-25,24664169;-53,98334832;"SPRF-PR";"DEL05-PR";"UOP02-DEL05-PR"
556333;2023-10-21;"sábado";"15:37:00";"PB";101;97,7;"CONDE";"Ausência de reação do condutor";"Colisão com objeto";"Sem Vítimas";"Pleno dia";"Decrescente";"Céu Claro";"Dupla";"Reta";"Não";1;0;0;0;1;0;0;1;-7,24438934;-34,92993236;"SPRF-PB";"DEL01-PB";"UOP02-DEL01-PB"
556334;2023-10-21;"sábado";"15:24:00";"PI";343;337;"TERESINA";"Condutor deixou de manter distância do veículo da frente";"Colisão traseira";"Com Vítimas Feridas";"Pleno dia";"Crescente";"Céu Claro";"Dupla";"Reta";"Não";2;0;1;0;1;0;1;2;-5,061969;-42,714039;"SPRF-PI";"DEL01-PI";"UOP01-DEL01-PI"
556336;2023-10-21;"sábado";"14:45:00";"RJ";116;182;"NOVA IGUACU";"Acessar a via sem observar a presença dos outros veículos";"Colisão lateral mesmo sentido";"Com Vítimas Feridas";"Pleno dia";"Crescente";"Céu Claro";"Dupla";"Reta";"Sim";12;0;6;3;3;0;9;2;-22,7567755;-43,43107234;"SPRF-RJ";"DEL01-RJ";"UOP02-DEL01-RJ"
556337;2023-10-21;"sábado";"16:00:00";"SP";116;200;"ARUJA";"Manobra de mudança de faixa";"Capotamento";"Com Vítimas Feridas";"Pleno dia";"Decrescente";"Nublado";"Dupla";"Reta";"Não";2;0;2;0;0;0;2;1;-23,40281294;-46,3211;"SPRF-SP";"DEL01-SP";"UOP01-DEL01-SP"
556339;2023-10-21;"sábado";"15:30:00";"MG";116;405,6;"GOVERNADOR VALADARES";"Transitar na contramão";"Colisão frontal";"Com Vítimas Feridas";"Pleno dia";"Decrescente";"Céu Claro";"Simples";"Reta";"Não";2;0;0;1;1;0;1;2;-18,81853329;-41,98467936;"SPRF-MG";"DEL06-MG";"UOP01-DEL06-MG"
556341;2023-10-14;"sábado";"18:53:00";"SC";480;131;"CHAPECO";"Ingestão de álcool pelo condutor";"Atropelamento de Pedestre";"Com Vítimas Feridas";"Anoitecer";"Crescente";"Céu Claro";"Dupla";"Reta;Em Obras";"Sim";3;0;2;0;1;0;2;2;-27,06314223;-52,63234636;"SPRF-SC";"DEL07-SC";"UOP01-DEL07-SC"
556342;2023-09-01;"sexta-feira";"04:00:00";"GO";70;19;"COCALZINHO DE GOIAS";"Condutor Dormindo";"Atropelamento de Pedestre";"Com Vítimas Fatais";"Plena Noite";"Decrescente";"Céu Claro";"Múltipla";"Reta";"Não";2;1;0;0;0;1;0;2;-15,74341871;-48,36574849;"SPRF-DF";"DEL03-DF";"UOP02-DEL03-DF"
556343;2023-10-21;"sábado";"15:15:00";"RO";364;356,5;"JI-PARANA";"Transitar no Acostamento";"Tombamento";"Com Vítimas Feridas";"Pleno dia";"Decrescente";"Céu Claro";"Simples";"Reta";"Não";2;0;2;0;0;0;2;1;-10,799147;-62,02713;"SPRF-RO";"DEL02-RO";"UOP01-DEL02-RO"
556345;2023-10-21;"sábado";"11:30:00";"PI";316;136;"ELESBAO VELOSO";"Demais falhas mecânicas ou elétricas";"Incêndio";"Sem Vítimas";"Pleno dia";"Decrescente";"Sol";"Simples";"Reta";"Não";1;0;0;0;0;1;0;1;-6,05645662;-42,26441488;"SPRF-PI";"DEL04-PI";"UOP02-DEL04-PI"
556348;2023-10-21;"sábado";"16:45:00";"RS";116;261;"CANOAS";"Ingestão de álcool pelo condutor";"Colisão transversal";"Com Vítimas Feridas";"Pleno dia";"Decrescente";"Céu Claro";"Múltipla";"Reta";"Sim";6;0;1;1;3;1;2;3;-29,88506243;-51,17998123;"SPRF-RS";"DEL01-RS";"UOP01-DEL01-RS"
556350;2023-10-18;"quarta-feira";"07:15:00";"MG";381;485,4;"BETIM";"Ausência de reação do condutor";"Colisão traseira";"Com Vítimas Feridas";"Amanhecer";"Decrescente";"Céu Claro";"Dupla";"Reta;Declive";"Sim";2;0;1;0;1;0;1;2;-19,95576275;-44,09866851;"SPRF-MG";"DEL01-MG";"UOP03-DEL01-MG"
556352;2023-10-21;"sábado";"16:20:00";"RN";110;2,5;"AREIA BRANCA";"Acessar a via sem observar a presença dos outros veículos";"Colisão transversal";"Com Vítimas Feridas";"Pleno dia";"Decrescente";"Céu Claro";"Simples";"Interseção de Vias";"Sim";4;0;3;0;1;0;3;2;-4,94190078;-37,11632026;"SPRF-RN";"DEL04-RN";"UOP01-DEL04-RN"
556353;2023-10-21;"sábado";"16:50:00";"DF";40;1;"BRASILIA";"Pista Escorregadia";"Queda de ocupante de veículo";"Com Vítimas Feridas";"Pleno dia";"Crescente";"Chuva";"Dupla";"Reta";"Sim";1;0;1;0;0;0;1;1;-15,985532;-47,987747;"SPRF-DF";"DEL01-DF";"UOP01-DEL01-DF"
556354;2023-10-21;"sábado";"16:10:00";"MG";365;765;"ITUIUTABA";"Ingestão de álcool pelo condutor";"Colisão com objeto";"Sem Vítimas";"Pleno dia";"Decrescente";"Céu Claro";"Múltipla";"Reta";"Não";1;0;0;0;1;0;0;1;-18,96344519;-49,56143601;"SPRF-MG";"DEL15-MG";"UOP03-DEL15-MG"
556355;2023-10-21;"sábado";"17:33:00";"RJ";40;123;"DUQUE DE CAXIAS";"Condutor deixou de manter distância do veículo da frente";"Colisão traseira";"Com Vítimas Feridas";"Pleno dia";"Decrescente";"Chuva";"Dupla";"Reta";"Sim";2;0;1;0;1;0;1;2;-22,79907687;-43,29015739;"SPRF-RJ";"DEL01-RJ";"UOP01-DEL01-RJ"
556359;2023-10-21;"sábado";"17:35:00";"SP";381;77;"SAO PAULO";"Demais falhas mecânicas ou elétricas";"Incêndio";"Sem Vítimas";"Anoitecer";"Decrescente";"Nublado";"Múltipla";"Curva;Aclive";"Não";1;0;0;0;1;0;0;1;-23,388839;-46,5693478;"SPRF-SP";"DEL03-SP";"UOP01-DEL03-SP"
556360;2023-10-21;"sábado";"16:25:00";"MG";40;57,8;"PARACATU";"Ausência de reação do condutor";"Saída de leito carroçável";"Com Vítimas Feridas";"Pleno dia";"Decrescente";"Céu Claro";"Simples";"Reta";"Não";1;0;1;0;0;0;1;1;-17,29349791;-46,77346153;"SPRF-MG";"DEL14-MG";"UOP01-DEL14-MG"
556361;2023-10-21;"sábado";"17:10:00";"MS";60;445;"SIDROLANDIA";"Ausência de reação do condutor";"Saída de leito carroçável";"Com Vítimas Feridas";"Anoitecer";"Crescente";"Céu Claro";"Simples";"Reta";"Não";1;0;1;0;0;0;1;1;-20,992288;-55,096561;"SPRF-MS";"DEL01-MS";"UOP04-DEL01-MS"
556363;2023-10-21;"sábado";"18:00:00";"SE";235;52,4;"ITABAIANA";"Demais falhas na via";"Queda de ocupante de veículo";"Com Vítimas Feridas";"Plena Noite";"Decrescente";"Céu Claro";"Simples";"Reta;Em Obras";"Sim";1;0;1;0;0;0;1;1;-10,693279;-37,437557;"SPRF-SE";"DEL01-SE";"UOP02-DEL01-SE"
556365;2023-10-21;"sábado";"12:57:00";"RJ";101;484;"ANGRA DOS REIS";"Condutor Dormindo";"Colisão transversal";"Com Vítimas Feridas";"Pleno dia";"Crescente";"Nublado";"Simples";"Reta";"Sim";3;0;2;1;0;0;3;2;-22,99096308;-44,30429882;"SPRF-RJ";"DEL03-RJ";"UOP03-DEL03-RJ"
556366;2023-10-21;"sábado";"17:00:00";"MG";262;402;"PARA DE MINAS";"Velocidade Incompatível";"Capotamento";"Com Vítimas Feridas";"Pleno dia";"Crescente";"Sol";"Dupla";"Curva";"Não";1;0;0;1;0;0;1;1;-19,89743381;-44,56208695;"SPRF-MG";"DEL01-MG";"UOP03-DEL01-MG"
556367;2023-10-12;"quinta-feira";"18:25:00";"RS";0;0;"VACARIA";"Reação tardia ou ineficiente do condutor";"Colisão traseira";"Sem Vítimas";"Anoitecer";"Não Informado";"Céu Claro";"Simples";"Reta";"Sim";3;0;0;0;2;1;0;2;-28,49268226;-50,90777993;"SPRF-RS";"DEL05-RS";"UOP03-DEL05-RS"
556368;2023-10-21;"sábado";"16:30:00";"RS";470;182;"VERANOPOLIS";"Reação tardia ou ineficiente do condutor";"Saída de leito carroçável";"Com Vítimas Feridas";"Pleno dia";"Crescente";"Céu Claro";"Simples";"Reta";"Não";5;0;5;0;0;0;5;1;-28,99269494;-51,56023264;"SPRF-RS";"DEL06-RS";"UOP02-DEL06-RS"
556369;2023-10-21;"sábado";"15:35:00";"SC";470;80,1;"RODEIO";"Velocidade Incompatível";"Colisão com objeto";"Com Vítimas Feridas";"Pleno dia";"Crescente";"Céu Claro";"Simples";"Declive;Ponte;Curva";"Não";1;0;0;1;0;0;1;1;-26,94818229;-49,31863546;"SPRF-SC";"DEL04-SC";"UOP01-DEL04-SC"
556371;2023-10-21;"sábado";"15:20:00";"MA";222;670;"ACAILANDIA";"Acesso irregular";"Colisão transversal";"Com Vítimas Feridas";"Pleno dia";"Crescente";"Céu Claro";"Simples";"Reta";"Não";1;0;0;1;0;0;1;1;-4,91607953;-47,42281928;"SPRF-MA";"DEL04-MA";"UOP03-DEL04-MA"
556373;2023-10-21;"sábado";"16:15:00";"SC";470;57,9;"BLUMENAU";"Condutor usando celular";"Colisão lateral mesmo sentido";"Sem Vítimas";"Pleno dia";"Crescente";"Nublado";"Simples";"Em Obras";"Não";2;0;0;0;2;0;0;2;-26,880428;-49,136532;"SPRF-SC";"DEL04-SC";"UOP01-DEL04-SC"
556375;2023-10-21;"sábado";"18:35:00";"RN";226;113,8;"SANTA CRUZ";"Animais na Pista";"Atropelamento de Animal";"Com Vítimas Feridas";"Plena Noite";"Decrescente";"Céu Claro";"Simples";"Reta;Declive";"Não";1;0;1;0;0;0;1;1;-6,21120499;-36,01975098;"SPRF-RN";"DEL03-RN";"UOP02-DEL03-RN"
556378;2023-10-21;"sábado";"19:00:00";"GO";60;174;"ABADIA DE GOIAS";"Ingestão de álcool pelo condutor";"Colisão com objeto";"Com Vítimas Feridas";"Plena Noite";"Crescente";"Céu Claro";"Dupla";"Aclive";"Sim";2;0;0;1;1;0;1;2;-16,7474;-49,4238;"SPRF-GO";"DEL01-GO";"UOP02-DEL01-GO"
556380;2023-10-21;"sábado";"18:15:00";"MT";163;679;"LUCAS DO RIO VERDE";"Reação tardia ou ineficiente do condutor";"Colisão lateral sentido oposto";"Com Vítimas Feridas";"Anoitecer";"Decrescente";"Nublado";"Simples";"Reta";"Não";6;0;3;2;1;0;5;2;-13,24099795;-56,01173212;"SPRF-MT";"DEL06-MT";"UOP01-DEL06-MT"
556381;2023-10-18;"quarta-feira";"14:20:00";"MG";381;349;"JOAO MONLEVADE";"Transitar na contramão";"Colisão frontal";"Com Vítimas Feridas";"Pleno dia";"Decrescente";"Céu Claro";"Simples";"Declive;Curva";"Não";3;0;1;0;2;0;1;2;-19,8499239;-43,14868105;"SPRF-MG";"DEL03-MG";"UOP01-DEL03-MG"
556382;2023-10-21;"sábado";"19:40:00";"ES";101;128;"SOORETAMA";"Reação tardia ou ineficiente do condutor";"Queda de ocupante de veículo";"Com Vítimas Feridas";"Plena Noite";"Decrescente";"Nublado";"Dupla";"Reta";"Sim";1;0;0;1;0;0;1;1;-19,21191395;-40,09457556;"SPRF-ES";"DEL04-ES";"UOP01-DEL04-ES"
556384;2023-10-21;"sábado";"19:20:00";"MG";381;497;"BETIM";"Ausência de reação do condutor";"Colisão lateral mesmo sentido";"Sem Vítimas";"Plena Noite";"Decrescente";"Céu Claro";"Dupla";"Curva";"Sim";2;0;0;0;2;0;0;2;-20,00483625;-44,21367172;"SPRF-MG";"DEL01-MG";"UOP03-DEL01-MG"
556385;2023-10-21;"sábado";"19:50:00";"MG";146;422,5;"MUZAMBINHO";"Avarias e/ou desgaste excessivo no pneu";"Tombamento";"Com Vítimas Feridas";"Plena Noite";"Crescente";"Céu Claro";"Simples";"Reta";"Não";3;0;0;2;0;1;2;2;-21,358645;-46,499373;"SPRF-MG";"DEL09-MG";"UOP01-DEL09-MG"
556386;2023-10-21;"sábado";"18:40:00";"MG";116;702,7;"MURIAE";"Pedestre cruzava a pista fora da faixa";"Atropelamento de Pedestre";"Com Vítimas Feridas";"Plena Noite";"Crescente";"Céu Claro";"Simples";"Reta";"Sim";2;0;1;1;0;0;2;2;-21,11938311;-42,38006362;"SPRF-MG";"DEL07-MG";"UOP02-DEL07-MG"