"id";"data_inversa";"dia_semana";"horario";"uf";"br";"km";"municipio";"causa_acidente";"tipo_acidente";"classificacao_acidente";"fase_dia";"sentido_via";"condicao_metereologica";"tipo_pista";"tracado_via";"uso_solo";"pessoas";"mortos";"feridos_leves";"feridos_graves";"ilesos";"ignorados";"feridos";"veiculos";"latitude";"longitude";"regional";"delegacia";"uop"
556592;2023-10-22;"domingo";"18:20:00";"RJ";101;485;"ANGRA DOS REIS";"Velocidade Incompatível";"Colisão lateral mesmo sentido";"Com Vítimas Feridas";"Plena Noite";"Crescente";"Céu Claro";"Dupla";"Reta;Declive";"Sim";3;0;1;1;1;0;2;2;-22,98573526;-44,29709764;"SPRF-RJ";"DEL03-RJ";"UOP03-DEL03-RJ"
556593;2023-10-22;"domingo";"18:40:00";"RS";116;244;"SAO LEOPOLDO";"Condutor deixou de manter distância do veículo da frente";"Colisão traseira";"Sem Vítimas";"Plena Noite";"Crescente";"Nublado";"Dupla";"Reta";"Sim";4;0;0;0;4;0;0;4;-29,73814457;-51,15026778;"SPRF-RS";"DEL01-RS";"UOP02-DEL01-RS"
556594;2023-10-22;"domingo";"19:15:00";"MG";381;492;"BETIM";"Afundamento ou ondulação no pavimento";"Queda de ocupante de veículo";"Com Vítimas Feridas";"Plena Noite";"Crescente";"Céu Claro";"Múltipla";"Reta";"Sim";2;0;1;0;1;0;1;1;-19,97490091;-44,19004301;"SPRF-MG";"DEL01-MG";"UOP03-DEL01-MG"
556595;2023-10-22;"domingo";"18:40:00";"PR";277;80;"CURITIBA";"Ingestão de álcool pelo condutor";"Colisão lateral mesmo sentido";"Sem Vítimas";"Anoitecer";"Decrescente";"Céu Claro";"Dupla";"Reta";"Sim";2;0;0;0;1;1;0;2;-25,568939;-49,181978;"SPRF-PR";"DEL01-PR";"UOP01-DEL01-PR"
556597;2023-10-22;"domingo";"17:55:00";"BA";324;546;"AMELIA RODRIGUES";"Reação tardia ou ineficiente do condutor";"Saída de leito carroçável";"Com Vítimas Feridas";"Anoitecer";"Decrescente";"Céu Claro";"Dupla";"Reta";"Não";1;0;0;1;0;0;1;1;-12,41513603;-38,75158107;"SPRF-BA";"DEL01-BA";"UOP03-DEL01-BA"
556598;2023-10-22;"domingo";"18:50:00";"GO";70;314;"JUSSARA";"Ausência de reação do condutor";"Saída de leito carroçável";"Sem Vítimas";"Pleno dia";"Decrescente";"Céu Claro";"Dupla";"Reta";"Sim";1;0;0;0;0;1;0;1;-15,87445006;-50,86084496;"SPRF-GO";"DEL04-GO";"UOP02-DEL04-GO"
556599;2023-10-22;"domingo";"19:00:00";"RO";364;709;"PORTO VELHO";"Retorno proibido";"Colisão transversal";"Com Vítimas Feridas";"Plena Noite";"Decrescente";"Céu Claro";"Dupla";"Reta";"Sim";2;0;0;1;1;0;1;2;-8,7909383;-63,84895617;"SPRF-RO";"DEL01-RO";"UOP01-DEL01-RO"
556600;2023-10-22;"domingo";"18:19:00";"ES";101;264;"SERRA";"Reação tardia ou ineficiente do condutor";"Saída de leito carroçável";"Sem Vítimas";"Anoitecer";"Crescente";"Céu Claro";"Múltipla";"Reta";"Sim";1;0;0;0;0;1;0;1;-20,17292791;-40,26736384;"SPRF-ES";"DEL02-ES";"UOP01-DEL02-ES"
556601;2023-10-22;"domingo";"18:45:00";"RJ";101;557;"PARATY";"Ausência de reação do condutor";"Saída de leito carroçável";"Com Vítimas Feridas";"Plena Noite";"Decrescente";"Chuva";"Simples";"Curva";"Não";1;0;1;0;0;0;1;1;-23,09154148;-44,6958992;"SPRF-RJ";"DEL03-RJ";"UOP04-DEL03-RJ"
556603;2023-10-22;"domingo";"19:30:00";"DF";20;22,1;"BRASILIA";"Acessar a via sem observar a presença dos outros veículos";"Colisão transversal";"Com Vítimas Feridas";"Plena Noite";"Crescente";"Ignorado";"Dupla";"Interseção de Vias";"Sim";2;0;0;1;1;0;1;2;-15,59834;-47,676186;"SPRF-DF";"DEL02-DF";"UOP01-DEL02-DF"
556604;2023-10-22;"domingo";"17:30:00";"MS";463;107;"PONTA PORA";"Ultrapassagem Indevida";"Colisão traseira";"Sem Vítimas";"Pleno dia";"Crescente";"Céu Claro";"Dupla";"Reta";"Não";3;0;0;0;3;0;0;3;-22,59094101;-55,67301101;"SPRF-MS";"DEL04-MS";"UOP03-DEL04-MS"
556605;2023-10-22;"domingo";"20:40:00";"CE";116;484;"MILAGRES";"Ausência de reação do condutor";"Colisão traseira";"Com Vítimas Feridas";"Plena Noite";"Crescente";"Céu Claro";"Simples";"Reta";"Não";2;0;0;1;0;1;1;2;-7,3092642;-38,93700042;"SPRF-CE";"DEL05-CE";"UOP03-DEL05-CE"
556606;2023-10-22;"domingo";"19:40:00";"PB";104;115,7;"LAGOA SECA";"Conversão proibida";"Colisão transversal";"Com Vítimas Feridas";"Plena Noite";"Decrescente";"Vento";"Simples";"Reta;Aclive";"Não";2;0;0;1;1;0;1;2;-7,172018;-35,85983397;"SPRF-PB";"DEL02-PB";"UOP04-DEL02-PB"
556607;2023-10-22;"domingo";"18:50:00";"PR";277;45;"MORRETES";"Demais falhas mecânicas ou elétricas";"Incêndio";"Sem Vítimas";"Plena Noite";"Crescente";"Nevoeiro/Neblina";"Dupla";"Reta";"Não";4;0;0;0;4;0;0;1;-25,59709055;-48,90350485;"SPRF-PR";"DEL01-PR";"UOP01-DEL01-PR"
556608;2023-10-22;"domingo";"20:15:00";"RN";226;13,5;"MACAIBA";"Ausência de reação do condutor";"Saída de leito carroçável";"Com Vítimas Fatais";"Plena Noite";"Crescente";"Céu Claro";"Simples";"Curva";"Não";2;1;0;0;0;1;0;2;-5,85297459;-35,31897913;"SPRF-RN";"DEL01-RN";"UOP02-DEL01-RN"
556609;2023-10-22;"domingo";"19:25:00";"SC";116;185,9;"SAO CRISTOVAO DO SUL";"Ingestão de álcool pelo condutor";"Colisão com objeto";"Sem Vítimas";"Plena Noite";"Decrescente";"Céu Claro";"Simples";"Reta;Aclive";"Não";2;0;0;0;2;0;0;1;-27,30457329;-50,42005537;"SPRF-SC";"DEL05-SC";"UOP03-DEL05-SC"
556610;2023-10-22;"domingo";"19:30:00";"SP";153;141,5;"PROMISSAO";"Reação tardia ou ineficiente do condutor";"Tombamento";"Com Vítimas Feridas";"Plena Noite";"Decrescente";"Céu Claro";"Simples";"Reta";"Não";2;0;2;0;0;0;2;1;-21,33649697;-49,79200014;"SPRF-SP";"DEL07-SP";"UOP01-DEL07-SP"
556614;2023-10-22;"domingo";"20:20:00";"RJ";116;190;"NOVA IGUACU";"Demais falhas mecânicas ou elétricas";"Queda de ocupante de veículo";"Com Vítimas Feridas";"Plena Noite";"Crescente";"Céu Claro";"Dupla";"Reta";"Não";2;0;2;0;0;0;2;1;-22,74123776;-43,5007311;"SPRF-RJ";"DEL01-RJ";"UOP02-DEL01-RJ"
556615;2023-10-22;"domingo";"19:07:00";"PI";316;237;"INHUMA";"Ultrapassagem Indevida";"Colisão frontal";"Com Vítimas Fatais";"Plena Noite";"Crescente";"Céu Claro";"Simples";"Reta;Aclive";"Não";3;1;1;0;1;0;1;2;-6,62513102;-41,72188019;"SPRF-PI";"DEL04-PI";"UOP02-DEL04-PI"
556617;2023-10-22;"domingo";"15:35:00";"PI";316;163;"ELESBAO VELOSO";"Reação tardia ou ineficiente do condutor";"Capotamento";"Com Vítimas Feridas";"Pleno dia";"Crescente";"Céu Claro";"Simples";"Reta";"Não";2;0;2;0;0;0;2;1;-6,20936287;-42,09802793;"SPRF-PI";"DEL04-PI";"UOP02-DEL04-PI"
556618;2023-10-22;"domingo";"20:30:00";"PE";101;61;"RECIFE";"Conversão proibida";"Colisão transversal";"Com Vítimas Feridas";"Plena Noite";"Crescente";"Céu Claro";"Dupla";"Reta";"Não";3;0;0;2;1;0;2;2;-8,00800604;-34,93756535;"SPRF-PE";"DEL01-PE";"UOP02-DEL01-PE"
556619;2023-10-22;"domingo";"19:00:00";"SC";470;1,2;"NAVEGANTES";"Ausência de reação do condutor";"Tombamento";"Com Vítimas Feridas";"Plena Noite";"Decrescente";"Nublado";"Dupla";"Em Obras";"Não";1;0;1;0;0;0;1;1;-26,875383;-48,668285;"SPRF-SC";"DEL04-SC";"UOP04-DEL04-SC"
556620;2023-10-22;"domingo";"20:00:00";"PB";104;115;"LAGOA SECA";"Manobra de mudança de faixa";"Colisão lateral mesmo sentido";"Com Vítimas Feridas";"Plena Noite";"Decrescente";"Céu Claro";"Simples";"Reta";"Sim";2;0;1;0;0;1;1;2;-7,172018;-35,85983397;"SPRF-PB";"DEL02-PB";"UOP04-DEL02-PB"
556622;2023-09-23;"sábado";"20:45:00";"PE";407;123;"PETROLINA";"Acessar a via sem observar a presença dos outros veículos";"Colisão frontal";"Com Vítimas Feridas";"Plena Noite";"Crescente";"Céu Claro";"Simples";"Reta";"Sim";2;0;1;0;0;1;1;2;-9,36149178;-40,54594462;"SPRF-PE";"DEL06-PE";"UOP01-DEL06-PE"
556623;2023-10-22;"domingo";"19:20:00";"SC";101;331,5;"TUBARAO";"Ausência de reação do condutor";"Colisão traseira";"Sem Vítimas";"Plena Noite";"Crescente";"Céu Claro";"Dupla";"Reta";"Sim";3;0;0;0;3;0;0;3;-28,46386227;-48,99524689;"SPRF-SC";"DEL02-SC";"UOP01-DEL02-SC"
556624;2023-10-22;"domingo";"21:30:00";"SC";101;213,3;"PALHOCA";"Desrespeitar a preferência no cruzamento";"Colisão transversal";"Com Vítimas Feridas";"Plena Noite";"Decrescente";"Nublado";"Dupla";"Interseção de Vias;Reta;Viaduto";"Sim";3;0;1;0;0;2;1;2;-27,63697369;-48,66514142;"SPRF-SC";"DEL01-SC";"UOP02-DEL01-SC"
556625;2023-10-22;"domingo";"17:00:00";"SC";282;37;"AGUAS MORNAS";"Condutor deixou de manter distância do veículo da frente";"Colisão traseira";"Sem Vítimas";"Pleno dia";"Decrescente";"Nublado";"Simples";"Reta";"Não";2;0;0;0;2;0;0;2;-27,707325;-48,842983;"SPRF-SC";"DEL01-SC";"UOP03-DEL01-SC"
556626;2023-10-22;"domingo";"21:51:00";"GO";40;4;"VALPARAISO DE GOIAS";"Manobra de mudança de faixa";"Colisão lateral mesmo sentido";"Com Vítimas Feridas";"Plena Noite";"Decrescente";"Céu Claro";"Dupla";"Reta";"Sim";4;0;0;1;3;0;1;2;-16,085241;-47,986752;"SPRF-DF";"DEL01-DF";"UOP01-DEL01-DF"
556628;2023-10-22;"domingo";"19:00:00";"MG";116;544,1;"SANTA BARBARA DO LESTE";"Ausência de reação do condutor";"Colisão transversal";"Com Vítimas Feridas";"Plena Noite";"Crescente";"Céu Claro";"Simples";"Reta";"Não";2;0;0;1;1;0;1;2;-19,919262;-42,13155389;"SPRF-MG";"DEL06-MG";"UOP02-DEL06-MG"
556629;2023-10-22;"domingo";"21:20:00";"SC";158;102,9;"CUNHA PORA";"Velocidade Incompatível";"Saída de leito carroçável";"Com Vítimas Feridas";"Plena Noite";"Decrescente";"Nublado";"Simples";"Curva";"Não";1;0;0;1;0;0;1;1;-26,85293519;-53,16889316;"SPRF-SC";"DEL07-SC";"UOP02-DEL07-SC"
556631;2023-10-22;"domingo";"21:40:00";"CE";116;489;"MILAGRES";"Ausência de reação do condutor";"Saída de leito carroçável";"Sem Vítimas";"Plena Noite";"Decrescente";"Céu Claro";"Simples";"Reta";"Não";1;0;0;0;0;1;0;1;-7,35213696;-38,94255907;"SPRF-CE";"DEL05-CE";"UOP03-DEL05-CE"
556632;2023-10-22;"domingo";"22:31:00";"RN";101;108,3;"PARNAMIRIM";"Ingestão de álcool e/ou substâncias psicoativas pelo pedestre";"Atropelamento de Pedestre";"Com Vítimas Feridas";"Plena Noite";"Decrescente";"Céu Claro";"Múltipla";"Reta";"Sim";2;0;0;1;1;0;1;2;-5,92825102;-35,26465683;"SPRF-RN";"DEL01-RN";"UOP01-DEL01-RN"
556633;2023-10-22;"domingo";"21:00:00";"MG";459;96,9;"POUSO ALEGRE";"Velocidade Incompatível";"Colisão frontal";"Com Vítimas Fatais";"Plena Noite";"Crescente";"Céu Claro";"Simples";"Curva;Declive";"Não";3;1;1;0;1;0;1;2;-22,191903;-45,979686;"SPRF-MG";"DEL09-MG";"UOP01-DEL09-MG"
556634;2023-10-22;"domingo";"21:30:00";"MA";10;254;"IMPERATRIZ";"Ingestão de álcool pelo condutor";"Colisão transversal";"Sem Vítimas";"Plena Noite";"Crescente";"Céu Claro";"Simples";"Reta";"Sim";4;0;0;0;4;0;0;2;-5,51509786;-47,47136112;"SPRF-MA";"DEL04-MA";"UOP01-DEL04-MA"
556636;2023-10-22;"domingo";"20:20:00";"MG";116;666;"SAO FRANCISCO DO GLORIA";"Demais falhas mecânicas ou elétricas";"Incêndio";"Sem Vítimas";"Plena Noite";"Crescente";"Neve";"Simples";"Reta";"Não";1;0;0;0;1;0;0;1;-20,83594493;-42,32274316;"SPRF-MG";"DEL07-MG";"UOP02-DEL07-MG"
556637;2023-10-22;"domingo";"21:40:00";"PI";316;286;"DOM EXPEDITO LOPES";"Reação tardia ou ineficiente do condutor";"Saída de leito carroçável";"Com Vítimas Feridas";"Plena Noite";"Crescente";"Céu Claro";"Simples";"Curva;Em Obras;Declive";"Não";1;0;0;1;0;0;1;1;-6,97063308;-41,64426908;"SPRF-PI";"DEL04-PI";"UOP01-DEL04-PI"
556639;2023-10-22;"domingo";"22:40:00";"SC";480;130;"CHAPECO";"Ausência de reação do condutor";"Colisão com objeto";"Sem Vítimas";"Plena Noite";"Decrescente";"Céu Claro";"Dupla";"Reta";"Não";1;0;0;0;0;1;0;1;-27,05534298;-52,63652069;"SPRF-SC";"DEL07-SC";"UOP01-DEL07-SC"
556640;2023-10-22;"domingo";"21:50:00";"PA";316;65;"CASTANHAL";"Entrada inopinada do pedestre";"Atropelamento de Pedestre";"Com Vítimas Feridas";"Plena Noite";"Crescente";"Céu Claro";"Simples";"Reta";"Sim";2;0;1;0;1;0;1;2;-1,29580361;-47,91084002;"SPRF-PA";"DEL01-PA";"UOP01-DEL01-PA"
556641;2023-10-22;"domingo";"10:10:00";"RJ";356;88;"CARDOSO MOREIRA";"Reação tardia ou ineficiente do condutor";"Saída de leito carroçável";"Com Vítimas Feridas";"Pleno dia";"Decrescente";"Céu Claro";"Simples";"Reta";"Sim";2;0;1;0;1;0;1;1;-21,49637484;-41,62333588;"SPRF-RJ";"DEL08-RJ";"UOP03-DEL08-RJ"
556642;2023-10-22;"domingo";"22:30:00";"SC";101;230;"PALHOCA";"Velocidade Incompatível";"Colisão com objeto";"Sem Vítimas";"Plena Noite";"Decrescente";"Nublado";"Dupla";"Reta";"Não";2;0;0;0;2;0;0;1;-27,77781898;-48,63489608;"SPRF-SC";"DEL01-SC";"UOP02-DEL01-SC"
556643;2023-10-22;"domingo";"21:30:00";"MT";364;587,3;"DIAMANTINO";"Ingestão de álcool pelo condutor";"Colisão frontal";"Sem Vítimas";"Plena Noite";"Crescente";"Céu Claro";"Dupla";"Reta";"Não";2;0;0;0;2;0;0;2;-14,53177266;-56,2302286;"SPRF-MT";"DEL01-MT";"UOP01-DEL01-MT"
556646;2023-10-22;"domingo";"23:20:00";"RJ";356;63;"CAMPOS DOS GOYTACAZES";"Condutor desrespeitou a iluminação vermelha do semáforo";"Colisão transversal";"Com Vítimas Feridas";"Plena Noite";"Decrescente";"Céu Claro";"Simples";"Interseção de Vias";"Sim";2;0;1;0;0;1;1;2;-21,74351597;-41,33275509;"SPRF-RJ";"DEL08-RJ";"UOP03-DEL08-RJ"
556647;2023-10-22;"domingo";"22:05:00";"MG";381;875,3;"ESTIVA";"Demais falhas mecânicas ou elétricas";"Tombamento";"Com Vítimas Feridas";"Plena Noite";"Crescente";"Nublado";"Dupla";"Reta";"Não";2;0;1;0;0;1;1;2;-22,46421508;-46,00859853;"SPRF-MG";"DEL16-MG";"UOP01-DEL16-MG"
556648;2023-10-23;"segunda-feira";"00:25:00";"SC";101;88,1;"BARRA VELHA";"Reação tardia ou ineficiente do condutor";"Saída de leito carroçável";"Com Vítimas Feridas";"Plena Noite";"Crescente";"Nublado";"Dupla";"Reta";"Sim";2;0;1;0;1;0;1;1;-26,64253985;-48,68950684;"SPRF-SC";"DEL03-SC";"UOP02-DEL03-SC"
556649;2023-10-22;"domingo";"23:15:00";"BA";116;656;"JEQUIE";"Ausência de reação do condutor";"Saída de leito carroçável";"Sem Vítimas";"Plena Noite";"Crescente";"Chuva";"Simples";"Curva";"Não";1;0;0;0;1;0;0;1;-13,66414221;-40,09537258;"SPRF-BA";"DEL03-BA";"UOP01-DEL03-BA"
556650;2023-10-22;"domingo";"23:40:00";"PI";343;345,3;"TERESINA";"Ausência de reação do condutor";"Colisão com objeto";"Com Vítimas Feridas";"Plena Noite";"Crescente";"Céu Claro";"Dupla";"Interseção de Vias";"Sim";1;0;1;0;0;0;1;1;-5,105962;-42,768238;"SPRF-PI";"DEL01-PI";"UOP01-DEL01-PI"
556652;2023-10-22;"domingo";"23:50:00";"RS";116;658,1;"JAGUARAO";"Acessar a via sem observar a presença dos outros veículos";"Colisão transversal";"Com Vítimas Feridas";"Plena Noite";"Decrescente";"Nublado";"Simples";"Reta;Interseção de Vias";"Sim";2;0;1;0;1;0;1;2;-32,568867;-53,37924;"SPRF-RS";"DEL07-RS";"UOP03-DEL07-RS"
556656;2023-10-23;"segunda-feira";"00:05:00";"MG";40;591;"ITABIRITO";"Pedestre andava na pista";"Saída de leito carroçável";"Com Vítimas Feridas";"Plena Noite";"Decrescente";"Nublado";"Dupla";"Curva;Declive";"Não";2;0;1;0;0;1;1;2;-20,37705554;-43,90675306;"SPRF-MG";"DEL01-MG";"UOP02-DEL01-MG"
556663;2023-10-23;"segunda-feira";"03:40:00";"SC";101;207,6;"SAO JOSE";"Reação tardia ou ineficiente do condutor";"Colisão com objeto";"Com Vítimas Feridas";"Plena Noite";"Crescente";"Nublado";"Múltipla";"Curva";"Sim";1;0;1;0;0;0;1;1;-27,60143043;-48,62535954;"SPRF-SC";"DEL01-SC";"UOP01-DEL01-SC"
556668;2023-10-23;"segunda-feira";"04:55:00";"PR";376;179,9;"MARINGA";"Animais na Pista";"Saída de leito carroçável";"Com Vítimas Feridas";"Amanhecer";"Crescente";"Céu Claro";"Dupla";"Reta";"Sim";1;0;1;0;0;0;1;1;-23,42244278;-51,90360392;"SPRF-PR";"DEL09-PR";"UOP01-DEL09-PR"
556669;2023-10-23;"segunda-feira";"04:40:00";"GO";60;340,9;"SANTO ANTONIO DA BARRA";"Animais na Pista";"Atropelamento de Animal";"Com Vítimas Feridas";"Amanhecer";"Decrescente";"Céu Claro";"Dupla";"Reta";"Não";5;0;1;0;4;0;1;1;-17,5515;-50,6056;"SPRF-GO";"DEL04-GO";"UOP02-DEL04-GO"
556670;2023-10-23;"segunda-feira";"02:50:00";"MG";365;824;"SANTA VITORIA";"Reação tardia ou ineficiente do condutor";"Saída de leito carroçável";"Com Vítimas Feridas";"Plena Noite";"Decrescente";"Nublado";"Simples";"Reta";"Não";1;0;1;0;0;0;1;1;-18,87978493;-50,13252903;"SPRF-MG";"DEL15-MG";"UOP03-DEL15-MG"
556671;2023-10-23;"segunda-feira";"04:30:00";"MG";40;476,5;"SETE LAGOAS";"Condutor Dormindo";"Colisão com objeto";"Com Vítimas Feridas";"Amanhecer";"Decrescente";"Céu Claro";"Dupla";"Reta";"Não";1;0;1;0;0;0;1;1;-19,51727;-44,26794;"SPRF-MG";"DEL02-MG";"UOP01-DEL02-MG"
556672;2023-10-23;"segunda-feira";"05:33:00";"RN";406;73,9;"JOAO CAMARA";"Animais na Pista";"Saída de leito carroçável";"Com Vítimas Fatais";"Amanhecer";"Decrescente";"Céu Claro";"Simples";"Reta";"Não";2;1;0;0;0;1;0;2;-5,39658981;-36,04167938;"SPRF-RN";"DEL02-RN";"UOP01-DEL02-RN"
556674;2023-10-23;"segunda-feira";"02:30:00";"GO";153;501;"GOIANIA";"Objeto estático sobre o leito carroçável";"Colisão traseira";"Com Vítimas Feridas";"Plena Noite";"Decrescente";"Céu Claro";"Dupla";"Reta;Aclive";"Sim";2;0;1;0;0;1;1;2;-16,7189;-49,2382;"SPRF-GO";"DEL01-GO";"UOP01-DEL01-GO"
556675;2023-10-23;"segunda-feira";"05:20:00";"GO";40;4;"VALPARAISO DE GOIAS";"Ausência de reação do condutor";"Atropelamento de Pedestre";"Com Vítimas Feridas";"Amanhecer";"Crescente";"Céu Claro";"Dupla";"Reta";"Não";2;0;1;1;0;0;2;2;-16,085241;-47,986752;"SPRF-DF";"DEL01-DF";"UOP01-DEL01-DF"
556678;2023-10-23;"segunda-feira";"04:30:00";"SC";282;190;"LAGES";"Reação tardia ou ineficiente do condutor";"Colisão lateral sentido oposto";"Sem Vítimas";"Amanhecer";"Crescente";"Garoa/Chuvisco";"Simples";"Reta";"Não";3;0;0;0;2;1;0;2;-27,736708;-50,036961;"SPRF-SC";"DEL05-SC";"UOP01-DEL05-SC"
556679;2023-10-23;"segunda-feira";"06:40:00";"MG";40;743;"SANTOS DUMONT";"Velocidade Incompatível";"Capotamento";"Com Vítimas Feridas";"Pleno dia";"Decrescente";"Chuva";"Simples";"Curva";"Não";5;0;3;0;2;0;3;1;-21,41562494;-43,56352376;"SPRF-MG";"DEL05-MG";"UOP01-DEL05-MG"
556680;2023-10-22;"domingo";"00:15:00";"MG";116;401,5;"GOVERNADOR VALADARES";"Ausência de reação do condutor";"Colisão com objeto";"Sem Vítimas";"Plena Noite";"Crescente";"Ignorado";"Simples";"Reta";"Não";1;0;0;0;1;0;0;1;-18,77727878;-41,98724963;"SPRF-MG";"DEL06-MG";"UOP01-DEL06-MG"
556681;2023-10-22;"domingo";"21:30:00";"PR";476;278,4;"SAO MATEUS DO SUL";"Ingestão de álcool pelo condutor";"Colisão frontal";"Com Vítimas Feridas";"Plena Noite";"Crescente";"Céu Claro";"Simples";"Reta";"Sim";3;0;3;0;0;0;3;2;-25,868753;-50,396477;"SPRF-PR";"DEL02-PR";"UOP03-DEL02-PR"
556682;2023-10-23;"segunda-feira";"04:30:00";"ES";262;135;"BREJETUBA";"Velocidade Incompatível";"Capotamento";"Com Vítimas Feridas";"Amanhecer";"Decrescente";"Céu Claro";"Simples";"Curva";"Não";1;0;1;0;0;0;1;1;-20,240876;-41,339102;"SPRF-ES";"DEL01-ES";"UOP02-DEL01-ES"
556683;2023-10-22;"domingo";"22:00:00";"RS";153;553,6;"BAGE";"Reação tardia ou ineficiente do condutor";"Saída de leito carroçável";"Com Vítimas Feridas";"Plena Noite";"Crescente";"Chuva";"Simples";"Aclive";"Não";1;0;1;0;0;0;1;1;-30,85427105;-53,61109595;"SPRF-RS";"DEL11-RS";"UOP03-DEL11-RS"
556684;2023-10-22;"domingo";"22:50:00";"MT";70;531;"VARZEA GRANDE";"Ultrapassagem Indevida";"Colisão lateral sentido oposto";"Com Vítimas Feridas";"Plena Noite";"Crescente";"Nublado";"Simples";"Reta;Em Obras";"Não";4;0;1;0;1;2;1;2;-15,66287489;-56,2262249;"SPRF-MT";"DEL01-MT";"UOP02-DEL01-MT"
556686;2023-10-23;"segunda-feira";"07:15:00";"PR";469;13,5;"FOZ DO IGUACU";"Ausência de reação do condutor";"Colisão traseira";"Com Vítimas Feridas";"Pleno dia";"Decrescente";"Céu Claro";"Simples";"Reta;Interseção de Vias;Em Obras";"Sim";3;0;1;0;2;0;1;2;-25,57682084;-54,54424381;"SPRF-PR";"DEL05-PR";"UOP04-DEL05-PR"
556687;2023-10-23;"segunda-feira";"04:31:00";"MT";70;762;"CACERES";"Animais na Pista";"Atropelamento de Animal";"Com Vítimas Feridas";"Amanhecer";"Crescente";"Sol";"Simples";"Reta";"Não";1;0;0;1;0;0;1;1;-16,02437599;-57,74783609;"SPRF-MT";"DEL03-MT";"UOP01-DEL03-MT"
556689;2023-10-23;"segunda-feira";"07:00:00";"SC";116;204,7;"PONTE ALTA";"Ausência de reação do condutor";"Colisão traseira";"Sem Vítimas";"Pleno dia";"Decrescente";"Nublado";"Simples";"Curva;Aclive";"Não";2;0;0;0;1;1;0;2;-27,45772582;-50,39132057;"SPRF-SC";"DEL05-SC";"UOP03-DEL05-SC"
556693;2023-10-23;"segunda-feira";"07:20:00";"PE";101;46;"IGARASSU";"Entrada inopinada do pedestre";"Atropelamento de Pedestre";"Com Vítimas Feridas";"Pleno dia";"Decrescente";"Céu Claro";"Múltipla";"Reta";"Sim";2;0;1;0;1;0;1;2;-7,87406004;-34,90588126;"SPRF-PE";"DEL01-PE";"UOP02-DEL01-PE"
556694;2023-10-23;"segunda-feira";"07:30:00";"PR";116;116;"CURITIBA";"Manobra de mudança de faixa";"Colisão traseira";"Com Vítimas Feridas";"Pleno dia";"Decrescente";"Nublado";"Múltipla";"Reta";"Sim";6;0;1;1;4;0;2;2;-25,55585535;-49,30591982;"SPRF-PR";"DEL01-PR";"UOP03-DEL01-PR"
556695;2023-08-30;"quarta-feira";"07:00:00";"MG";251;318;"SALINAS";"Ausência de reação do condutor";"Tombamento";"Com Vítimas Feridas";"Pleno dia";"Decrescente";"Céu Claro";"Simples";"Curva";"Não";1;0;1;0;0;0;1;1;-16,19914104;-42,35270596;"SPRF-MG";"DEL12-MG";"UOP02-DEL12-MG"
556696;2023-10-23;"segunda-feira";"07:45:00";"PR";369;184,3;"ARAPONGAS";"Condutor desrespeitou a iluminação vermelha do semáforo";"Colisão transversal";"Com Vítimas Feridas";"Pleno dia";"Decrescente";"Céu Claro";"Simples";"Reta;Interseção de Vias";"Sim";2;0;0;2;0;0;2;2;-23,401467;-51,427595;"SPRF-PR";"DEL07-PR";"UOP03-DEL07-PR"
556697;2023-10-03;"terça-feira";"07:00:00";"MT";174;225;"JAURU";"Animais na Pista";"Saída de leito carroçável";"Com Vítimas Fatais";"Pleno dia";"Crescente";"Céu Claro";"Simples";"Reta";"Não";1;1;0;0;0;0;0;1;-15,59648479;-58,87943099;"SPRF-MT";"DEL04-MT";"UOP01-DEL04-MT"
556698;2023-10-22;"domingo";"10:30:00";"RJ";116;232;"PIRAI";"Ausência de reação do condutor";"Queda de ocupante de veículo";"Com Vítimas Feridas";"Pleno dia";"Decrescente";"Nublado";"Dupla";"Curva";"Não";2;0;2;0;0;0;2;1;-22,65604007;-43,83713888;"SPRF-RJ";"DEL07-RJ";"UOP01-DEL07-RJ"
556700;2023-10-23;"segunda-feira";"07:50:00";"SC";280;58;"GUARAMIRIM";"Manobra de mudança de faixa";"Colisão lateral mesmo sentido";"Com Vítimas Feridas";"Pleno dia";"Crescente";"Nublado";"Dupla";"Reta";"Sim";2;0;1;0;1;0;1;2;-26,47415593;-49,021211;"SPRF-SC";"DEL03-SC";"UOP03-DEL03-SC"
556702;2023-10-23;"segunda-feira";"08:00:00";"SC";280;128;"RIO NEGRINHO";"Conversão proibida";"Colisão lateral mesmo sentido";"Com Vítimas Feridas";"Pleno dia";"Decrescente";"Céu Claro";"Simples";"Reta";"Sim";2;0;0;1;1;0;1;2;-26,24317941;-49,51320018;"SPRF-SC";"DEL06-SC";"UOP03-DEL06-SC"
556703;2023-10-23;"segunda-feira";"08:00:00";"RN";101;96;"NATAL";"Manobra de mudança de faixa";"Colisão lateral mesmo sentido";"Com Vítimas Feridas";"Pleno dia";"Crescente";"Céu Claro";"Dupla";"Reta;Aclive";"Não";4;0;4;0;0;0;4;3;-5,84949622;-35,20890752;"SPRF-RN";"DEL01-RN";"UOP01-DEL01-RN"
556704;2023-10-23;"segunda-feira";"07:50:00";"MG";40;42;"PARACATU";"Entrada inopinada do pedestre";"Atropelamento de Pedestre";"Com Vítimas Feridas";"Pleno dia";"Crescente";"Céu Claro";"Simples";"Reta";"Sim";2;0;1;1;0;0;2;2;-17,2188441;-46,8666753;"SPRF-MG";"DEL14-MG";"UOP01-DEL14-MG"