"id";"data_inversa";"dia_semana";"horario";"uf";"br";"km";"municipio";"causa_acidente";"tipo_acidente";"classificacao_acidente";"fase_dia";"sentido_via";"condicao_metereologica";"tipo_pista";"tracado_via";"uso_solo";"pessoas";"mortos";"feridos_leves";"feridos_graves";"ilesos";"ignorados";"feridos";"veiculos";"latitude";"longitude";"regional";"delegacia";"uop"
556705;2023-10-23;"segunda-feira";"08:10:00";"BA";324;7;"FEIRA DE SANTANA";"Demais falhas mecânicas ou elétricas";"Tombamento";"Com Vítimas Feridas";"Pleno dia";"Decrescente";"Nublado";"Dupla";"Curva";"Sim";2;0;2;0;0;0;2;1;-12,26789487;-38,9890272;"SPRF-BA";"DEL02-BA";"UOP01-DEL02-BA"
556706;2023-10-23;"segunda-feira";"05:35:00";"PE";316;30,8;"ARARIPINA";"Reação tardia ou ineficiente do condutor";"Saída de leito carroçável";"Com Vítimas Fatais";"Pleno dia";"Decrescente";"Sol";"Simples";"Reta";"Sim";1;1;0;0;0;0;0;1;-7,62423193;-40,46471397;"SPRF-PE";"DEL05-PE";"UOP02-DEL05-PE"
556708;2023-10-23;"segunda-feira";"06:50:00";"MG";381;479;"CONTAGEM";"Manobra de mudança de faixa";"Colisão lateral mesmo sentido";"Com Vítimas Feridas";"Pleno dia";"Decrescente";"Céu Claro";"Dupla";"Reta";"Sim";2;0;1;0;1;0;1;2;-19,9643137;-44,04624939;"SPRF-MG";"DEL01-MG";"UOP03-DEL01-MG"
556709;2023-10-23;"segunda-feira";"09:05:00";"SP";116;224;"GUARULHOS";"Ausência de reação do condutor";"Colisão traseira";"Com Vítimas Feridas";"Pleno dia";"Crescente";"Céu Claro";"Múltipla";"Reta";"Não";2;0;1;0;1;0;1;2;-23,48071896;-46,53271603;"SPRF-SP";"DEL01-SP";"UOP01-DEL01-SP"
556710;2023-10-23;"segunda-feira";"09:35:00";"ES";101;140,6;"LINHARES";"Ausência de reação do condutor";"Atropelamento de Pedestre";"Com Vítimas Feridas";"Pleno dia";"Crescente";"Céu Claro";"Dupla";"Reta";"Sim";2;0;0;1;1;0;1;2;-19,31817306;-40,07552313;"SPRF-ES";"DEL04-ES";"UOP01-DEL04-ES"
556712;2023-10-23;"segunda-feira";"09:15:00";"SP";116;154;"SAO JOSE DOS CAMPOS";"Ausência de reação do condutor";"Colisão traseira";"Com Vítimas Feridas";"Pleno dia";"Crescente";"Sol";"Dupla";"Reta";"Não";2;0;1;0;1;0;1;2;-23,23903999;-45,92061901;"SPRF-SP";"DEL02-SP";"UOP01-DEL02-SP"
556717;2023-10-23;"segunda-feira";"09:50:00";"PR";116;126;"FAZENDA RIO GRANDE";"Desrespeitar a preferência no cruzamento";"Colisão transversal";"Sem Vítimas";"Pleno dia";"Crescente";"Céu Claro";"Dupla";"Reta";"Não";2;0;0;0;1;1;0;2;-25,60389895;-49,31824423;"SPRF-PR";"DEL01-PR";"UOP03-DEL01-PR"
556719;2023-10-23;"segunda-feira";"07:50:00";"MT";364;703;"NOVA MARILANDIA";"Ausência de reação do condutor";"Colisão traseira";"Com Vítimas Feridas";"Pleno dia";"Crescente";"Nublado";"Simples";"Reta";"Não";5;0;4;0;1;0;4;3;-14,164263;-57,110653;"SPRF-MT";"DEL01-MT";"NPF/DEL01-MT"
556720;2023-10-05;"quinta-feira";"18:30:00";"AM";174;885;"MANAUS";"Reação tardia ou ineficiente do condutor";"Tombamento";"Com Vítimas Feridas";"Plena Noite";"Decrescente";"Céu Claro";"Dupla";"Reta";"Sim";2;0;1;0;1;0;1;2;-2,96448848;-60,02343676;"SPRF-AM";"DEL01-AM";"UOP01-DEL01-AM"
556722;2023-10-23;"segunda-feira";"10:40:00";"SP";116;222,2;"GUARULHOS";"Problema com o freio";"Tombamento";"Com Vítimas Feridas";"Pleno dia";"Crescente";"Sol";"Múltipla";"Reta";"Não";3;0;1;1;1;0;2;3;-23,48071896;-46,53271603;"SPRF-SP";"DEL01-SP";"UOP01-DEL01-SP"
556723;2023-10-23;"segunda-feira";"09:00:00";"BA";324;611;"SIMOES FILHO";"Chuva";"Tombamento";"Com Vítimas Fatais";"Pleno dia";"Decrescente";"Chuva";"Dupla";"Reta";"Não";3;1;1;0;1;0;1;2;-12,852438;-38,419262;"SPRF-BA";"DEL01-BA";"UOP01-DEL01-BA"
556726;2023-09-03;"domingo";"17:30:00";"AM";174;1021;"PRESIDENTE FIGUEIREDO";"Ausência de reação do condutor";"Tombamento";"Com Vítimas Feridas";"Anoitecer";"Decrescente";"Céu Claro";"Simples";"Reta";"Não";2;0;1;0;1;0;1;1;-1,82204531;-60,14011026;"SPRF-AM";"DEL01-AM";"UOP02-DEL01-AM"
556728;2023-10-23;"segunda-feira";"10:45:00";"PE";428;186;"PETROLINA";"Acessar a via sem observar a presença dos outros veículos";"Colisão transversal";"Sem Vítimas";"Pleno dia";"Decrescente";"Sol";"Dupla";"Reta;Retorno Regulamentado";"Sim";2;0;0;0;2;0;0;2;-9,34559932;-40,48082829;"SPRF-PE";"DEL06-PE";"UOP01-DEL06-PE"
556729;2023-09-15;"sexta-feira";"15:50:00";"AL";101;176;"TEOTONIO VILELA";"Ausência de reação do condutor";"Saída de leito carroçável";"Com Vítimas Feridas";"Pleno dia";"Crescente";"Céu Claro";"Dupla";"Reta";"Não";2;0;1;0;1;0;1;1;-9,89398192;-36,37454896;"SPRF-AL";"DEL02-AL";"UOP02-DEL02-AL"
556730;2023-10-06;"sexta-feira";"19:00:00";"AM";319;15;"CAREIRO DA VARZEA";"Manobra de mudança de faixa";"Colisão frontal";"Sem Vítimas";"Plena Noite";"Crescente";"Céu Claro";"Simples";"Reta";"Não";2;0;0;0;1;1;0;2;-3,20776193;-59,87058395;"SPRF-AM";"DEL01-AM";"UOP04-DEL01-AM"
556731;2023-10-20;"sexta-feira";"07:20:00";"BA";101;329,7;"PRESIDENTE TANCREDO NEVES";"Conversão proibida";"Colisão transversal";"Com Vítimas Feridas";"Pleno dia";"Crescente";"Nublado";"Simples";"Reta";"Sim";3;0;1;1;1;0;2;2;-13,46993;-39,417872;"SPRF-BA";"DEL05-BA";"UOP03-DEL05-BA"
556734;2023-10-23;"segunda-feira";"10:05:00";"MS";60;392,8;"SIDROLANDIA";"Avarias e/ou desgaste excessivo no pneu";"Saída de leito carroçável";"Sem Vítimas";"Pleno dia";"Decrescente";"Sol";"Simples";"Reta";"Não";1;0;0;0;0;1;0;1;-20,7294781;-54,77849564;"SPRF-MS";"DEL01-MS";"UOP04-DEL01-MS"
556735;2023-05-08;"segunda-feira";"06:50:00";"SC";101;112;"ITAJAI";"Ausência de reação do condutor";"Tombamento";"Com Vítimas Feridas";"Pleno dia";"Crescente";"Céu Claro";"Múltipla";"Reta";"Sim";2;0;1;0;1;0;1;1;-26,84589005;-48,72131295;"SPRF-SC";"DEL04-SC";"UOP04-DEL04-SC"
556736;2023-10-23;"segunda-feira";"12:00:00";"RJ";101;323;"NITEROI";"Reação tardia ou ineficiente do condutor";"Colisão traseira";"Com Vítimas Feridas";"Pleno dia";"Decrescente";"Céu Claro";"Dupla";"Reta";"Não";2;0;1;0;1;0;1;2;-22,87684786;-43,11728689;"SPRF-RJ";"DEL02-RJ";"UOP01-DEL02-RJ"
556737;2023-10-23;"segunda-feira";"10:20:00";"SP";381;87;"SAO PAULO";"Ausência de reação do condutor";"Tombamento";"Com Vítimas Feridas";"Pleno dia";"Decrescente";"Céu Claro";"Dupla";"Reta";"Sim";1;0;1;0;0;0;1;1;-23,46885001;-46,56996601;"SPRF-SP";"DEL03-SP";"UOP01-DEL03-SP"
556738;2023-10-23;"segunda-feira";"11:40:00";"ES";262;53,1;"MARECHAL FLORIANO";"Transitar na contramão";"Colisão frontal";"Com Vítimas Fatais";"Pleno dia";"Decrescente";"Céu Claro";"Simples";"Curva;Declive";"Não";4;1;0;1;2;0;1;3;-20,41397156;-40,73317528;"SPRF-ES";"DEL01-ES";"UOP01-DEL01-ES"
556740;2023-10-23;"segunda-feira";"12:00:00";"SC";101;190;"BIGUACU";"Reação tardia ou ineficiente do condutor";"Colisão traseira";"Com Vítimas Feridas";"Pleno dia";"Crescente";"Céu Claro";"Múltipla";"Reta";"Não";4;0;1;0;3;0;1;2;-27,468056;-48,641712;"SPRF-SC";"DEL01-SC";"UOP01-DEL01-SC"
556741;2023-10-23;"segunda-feira";"12:20:00";"ES";101;290,1;"CARIACICA";"Manobra de mudança de faixa";"Colisão traseira";"Com Vítimas Feridas";"Pleno dia";"Crescente";"Céu Claro";"Dupla";"Curva";"Não";2;0;0;1;1;0;1;2;-20,28927747;-40,39181575;"SPRF-ES";"DEL01-ES";"UOP01-DEL01-ES"
556744;2023-10-23;"segunda-feira";"10:40:00";"PI";343;311;"ALTOS";"Acessar a via sem observar a presença dos outros veículos";"Colisão transversal";"Com Vítimas Feridas";"Pleno dia";"Crescente";"Céu Claro";"Simples";"Curva";"Sim";2;0;1;0;1;0;1;2;-5,045269;-42,495929;"SPRF-PI";"DEL01-PI";"UOP01-DEL01-PI"
556745;2023-10-23;"segunda-feira";"11:45:00";"MG";116;415;"GOVERNADOR VALADARES";"Ausência de reação do condutor";"Colisão traseira";"Sem Vítimas";"Pleno dia";"Decrescente";"Sol";"Simples";"Reta";"Sim";3;0;0;0;3;0;0;2;-18,88401297;-41,94924399;"SPRF-MG";"DEL06-MG";"UOP01-DEL06-MG"
556746;2023-10-23;"segunda-feira";"12:25:00";"SC";101;440,9;"SANTA ROSA DO SUL";"Demais falhas mecânicas ou elétricas";"Queda de ocupante de veículo";"Com Vítimas Feridas";"Pleno dia";"Decrescente";"Céu Claro";"Dupla";"Reta";"Não";1;0;1;0;0;0;1;1;-29,12676736;-49,67703089;"SPRF-SC";"DEL02-SC";"UOP02-DEL02-SC"
556748;2023-10-23;"segunda-feira";"11:40:00";"RJ";116;311;"RESENDE";"Manobra de mudança de faixa";"Colisão lateral mesmo sentido";"Sem Vítimas";"Pleno dia";"Crescente";"Céu Claro";"Múltipla";"Rotatória";"Sim";2;0;0;0;2;0;0;2;-22,46086624;-44,44296321;"SPRF-RJ";"DEL07-RJ";"UOP02-DEL07-RJ"
556749;2023-10-23;"segunda-feira";"07:50:00";"PR";369;452,3;"CORBELIA";"Ultrapassagem Indevida";"Colisão frontal";"Com Vítimas Fatais";"Pleno dia";"Decrescente";"Céu Claro";"Simples";"Curva;Aclive";"Não";6;3;0;3;0;0;3;2;-24,582504;-53,159428;"SPRF-PR";"DEL04-PR";"UOP03-DEL04-PR"
556751;2023-10-23;"segunda-feira";"09:00:00";"PE";232;495;"VERDEJANTE";"Reação tardia ou ineficiente do condutor";"Capotamento";"Sem Vítimas";"Pleno dia";"Crescente";"Céu Claro";"Simples";"Curva";"Não";1;0;0;0;0;1;0;1;-8,03855812;-39,06231286;"SPRF-PE";"DEL05-PE";"UOP01-DEL05-PE"
556755;2023-10-23;"segunda-feira";"12:50:00";"RN";226;253;"JUCURUTU";"Condutor Dormindo";"Capotamento";"Com Vítimas Feridas";"Pleno dia";"Crescente";"Céu Claro";"Simples";"Reta";"Não";2;0;1;1;0;0;2;1;-5,97279502;-37,04041731;"SPRF-RN";"DEL03-RN";"UOP01-DEL03-RN"
556758;2023-10-23;"segunda-feira";"14:20:00";"MG";459;59,6;"IPUIUNA";"Acesso irregular";"Colisão traseira";"Com Vítimas Feridas";"Pleno dia";"Crescente";"Céu Claro";"Simples";"Reta";"Não";3;0;0;1;2;0;1;2;-22,088637;-46,223416;"SPRF-MG";"DEL09-MG";"UOP01-DEL09-MG"
556759;2023-10-03;"terça-feira";"19:00:00";"BA";101;67,6;"ENTRE RIOS";"Sinalização mal posicionada";"Capotamento";"Com Vítimas Feridas";"Plena Noite";"Decrescente";"Céu Claro";"Dupla";"Reta";"Não";2;0;2;0;0;0;2;1;-11,96818251;-38,17188685;"SPRF-BA";"DEL01-BA";"UOP04-DEL01-BA"
556760;2023-09-03;"domingo";"18:40:00";"MG";116;503,1;"INHAPIM";"Acessar a via sem observar a presença dos outros veículos";"Colisão transversal";"Com Vítimas Fatais";"Plena Noite";"Crescente";"Nublado";"Simples";"Reta";"Não";2;1;0;1;0;0;1;2;-19,58559493;-42,11244886;"SPRF-MG";"DEL06-MG";"UOP02-DEL06-MG"
556761;2023-10-23;"segunda-feira";"14:40:00";"CE";20;318;"CANINDE";"Acostamento em desnível";"Queda de ocupante de veículo";"Com Vítimas Feridas";"Pleno dia";"Decrescente";"Céu Claro";"Simples";"Reta";"Não";1;0;1;0;0;0;1;1;-4,28533098;-39,24357503;"SPRF-CE";"DEL02-CE";"UOP01-DEL02-CE"
556762;2023-10-23;"segunda-feira";"11:30:00";"BA";330;861;"UBATA";"Acessar a via sem observar a presença dos outros veículos";"Colisão frontal";"Com Vítimas Fatais";"Pleno dia";"Decrescente";"Nublado";"Simples";"Reta";"Não";3;1;0;0;1;1;0;3;-14,193565;-39,557509;"SPRF-BA";"DEL03-BA";"UOP01-DEL03-BA"
556763;2023-09-13;"quarta-feira";"18:50:00";"RS";116;151,4;"CAXIAS DO SUL";"Pista Escorregadia";"Capotamento";"Com Vítimas Feridas";"Plena Noite";"Decrescente";"Chuva";"Dupla";"Curva";"Sim";1;0;0;1;0;0;1;1;-29,18086891;-51,16538709;"SPRF-RS";"DEL05-RS";"UOP01-DEL05-RS"
556764;2023-09-04;"segunda-feira";"08:20:00";"RS";290;92;"PORTO ALEGRE";"Reação tardia ou ineficiente do condutor";"Colisão lateral mesmo sentido";"Sem Vítimas";"Pleno dia";"Decrescente";"Chuva";"Múltipla";"Reta";"Sim";2;0;0;0;2;0;0;2;-29,971916;-51,176838;"SPRF-RS";"DEL01-RS";"UOP01-DEL01-RS"
556767;2023-10-23;"segunda-feira";"12:00:00";"MG";116;540;"SANTA BARBARA DO LESTE";"Ingestão de álcool e/ou substâncias psicoativas pelo pedestre";"Atropelamento de Pedestre";"Com Vítimas Feridas";"Pleno dia";"Decrescente";"Céu Claro";"Simples";"Curva";"Não";3;0;2;0;1;0;2;2;-19,886814;-42,13777186;"SPRF-MG";"DEL06-MG";"UOP02-DEL06-MG"
556768;2023-09-17;"domingo";"19:45:00";"RS";116;268;"CANOAS";"Pedestre cruzava a pista fora da faixa";"Atropelamento de Pedestre";"Com Vítimas Feridas";"Plena Noite";"Decrescente";"Céu Claro";"Múltipla";"Reta";"Sim";5;0;0;1;1;3;1;2;-29,95042502;-51,17652939;"SPRF-RS";"DEL01-RS";"UOP01-DEL01-RS"
556772;2023-10-23;"segunda-feira";"15:00:00";"SC";101;214;"PALHOCA";"Trafegar com motocicleta (ou similar) entre as faixas";"Colisão traseira";"Com Vítimas Feridas";"Pleno dia";"Crescente";"Céu Claro";"Múltipla";"Interseção de Vias";"Sim";2;0;1;0;1;0;1;2;-27,64410088;-48,6706996;"SPRF-SC";"DEL01-SC";"UOP02-DEL01-SC"
556773;2023-10-07;"sábado";"08:15:00";"MS";60;368;"CAMPO GRANDE";"Transitar no Acostamento";"Colisão frontal";"Sem Vítimas";"Pleno dia";"Decrescente";"Céu Claro";"Simples";"Reta";"Não";4;0;0;0;4;0;0;2;-20,55262671;-54,66947898;"SPRF-MS";"DEL01-MS";"UOP04-DEL01-MS"
556775;2023-10-23;"segunda-feira";"14:15:00";"RN";226;149,3;"CURRAIS NOVOS";"Transitar na contramão";"Colisão lateral sentido oposto";"Com Vítimas Fatais";"Pleno dia";"Crescente";"Céu Claro";"Simples";"Curva";"Não";14;1;10;2;1;0;12;2;-6,21053942;-36,29915991;"SPRF-RN";"DEL03-RN";"UOP02-DEL03-RN"
556776;2023-10-23;"segunda-feira";"15:45:00";"SC";280;52,8;"GUARAMIRIM";"Acessar a via sem observar a presença dos outros veículos";"Colisão transversal";"Com Vítimas Feridas";"Pleno dia";"Decrescente";"Céu Claro";"Simples";"Reta";"Não";2;0;1;0;1;0;1;2;-26,468904;-48,96492;"SPRF-SC";"DEL03-SC";"UOP03-DEL03-SC"
556778;2023-10-23;"segunda-feira";"15:10:00";"PA";316;102;"SANTA MARIA DO PARA";"Acumulo de areia ou detritos sobre o pavimento";"Tombamento";"Com Vítimas Feridas";"Pleno dia";"Decrescente";"Céu Claro";"Simples";"Reta;Interseção de Vias";"Sim";1;0;1;0;0;0;1;1;-1,33883688;-47,58247375;"SPRF-PA";"DEL01-PA";"UOP02-DEL01-PA"
556779;2023-10-23;"segunda-feira";"11:26:00";"GO";50;111;"CRISTALINA";"Ausência de reação do condutor";"Saída de leito carroçável";"Com Vítimas Fatais";"Pleno dia";"Decrescente";"Céu Claro";"Dupla";"Reta";"Não";2;1;1;0;0;0;1;1;-16,80782766;-47,6600647;"SPRF-DF";"DEL01-DF";"UOP02-DEL01-DF"
556780;2023-10-23;"segunda-feira";"16:10:00";"PE";101;66,2;"RECIFE";"Condutor deixou de manter distância do veículo da frente";"Colisão traseira";"Com Vítimas Feridas";"Pleno dia";"Crescente";"Céu Claro";"Múltipla";"Viaduto";"Sim";2;0;2;0;0;0;2;2;-8,03368534;-34,94184125;"SPRF-PE";"DEL01-PE";"UOP01-DEL01-PE"
556781;2023-03-06;"segunda-feira";"17:00:00";"PR";376;218;"JANDAIA DO SUL";"Redutor de velocidade em desacordo";"Colisão transversal";"Com Vítimas Feridas";"Pleno dia";"Crescente";"Ignorado";"Simples";"Interseção de Vias";"Sim";1;0;0;1;0;0;1;1;-23,59717604;-51,615043;"SPRF-PR";"DEL09-PR";"UOP01-DEL09-PR"
556786;2023-10-23;"segunda-feira";"15:00:00";"RS";386;118;"SARANDI";"Demais falhas mecânicas ou elétricas";"Saída de leito carroçável";"Com Vítimas Feridas";"Pleno dia";"Decrescente";"Nublado";"Simples";"Reta";"Não";2;0;1;0;1;0;1;1;-27,862652;-53,01236;"SPRF-RS";"DEL08-RS";"UOP01-DEL08-RS"
556787;2023-10-23;"segunda-feira";"15:15:00";"ES";259;46;"COLATINA";"Pista Escorregadia";"Queda de ocupante de veículo";"Com Vítimas Feridas";"Pleno dia";"Crescente";"Céu Claro";"Simples";"Reta";"Não";1;0;1;0;0;0;1;1;-19,5315965;-40,58047635;"SPRF-ES";"DEL02-ES";"UOP01-DEL02-ES"
556789;2023-10-23;"segunda-feira";"16:22:00";"CE";116;11,3;"FORTALEZA";"Manobra de mudança de faixa";"Colisão traseira";"Com Vítimas Feridas";"Pleno dia";"Decrescente";"Céu Claro";"Dupla";"Reta";"Sim";3;0;1;0;2;0;1;2;-3,84394724;-38,49891546;"SPRF-CE";"DEL01-CE";"UOP02-DEL01-CE"
556790;2023-10-23;"segunda-feira";"16:35:00";"RJ";356;161;"CAMPOS DOS GOYTACAZES";"Trafegar com motocicleta (ou similar) entre as faixas";"Colisão lateral mesmo sentido";"Com Vítimas Feridas";"Pleno dia";"Crescente";"Céu Claro";"Simples";"Curva;Interseção de Vias";"Sim";2;0;1;0;1;0;1;2;-21,71362833;-41,1635068;"SPRF-RJ";"DEL08-RJ";"UOP02-DEL08-RJ"
556791;2023-10-23;"segunda-feira";"16:00:00";"PE";101;9;"GOIANA";"Ausência de reação do condutor";"Incêndio";"Sem Vítimas";"Pleno dia";"Decrescente";"Céu Claro";"Dupla";"Reta";"Não";1;0;0;0;0;1;0;1;-7,57788903;-34,98847822;"SPRF-PE";"DEL01-PE";"UOP02-DEL01-PE"
556792;2023-10-23;"segunda-feira";"17:00:00";"ES";101;82;"SAO MATEUS";"Ultrapassagem Indevida";"Colisão frontal";"Com Vítimas Fatais";"Anoitecer";"Crescente";"Céu Claro";"Simples";"Reta";"Não";2;1;0;0;1;0;0;2;-18,83616999;-39,91775501;"SPRF-ES";"DEL04-ES";"UOP02-DEL04-ES"
556793;2023-10-23;"segunda-feira";"11:40:00";"MT";70;276;"PRIMAVERA DO LESTE";"Acessar a via sem observar a presença dos outros veículos";"Atropelamento de Pedestre";"Com Vítimas Feridas";"Pleno dia";"Crescente";"Céu Claro";"Dupla";"Reta";"Sim";2;0;0;1;1;0;1;2;-15,55357814;-54,26204493;"SPRF-MT";"DEL05-MT";"UOP01-DEL05-MT"
556795;2023-10-23;"segunda-feira";"15:50:00";"PR";469;19;"FOZ DO IGUACU";"Mal súbito do condutor";"Colisão traseira";"Com Vítimas Feridas";"Pleno dia";"Decrescente";"Nublado";"Múltipla";"Reta";"Não";2;0;1;0;1;0;1;2;-25,59826423;-54,48811054;"SPRF-PR";"DEL05-PR";"UOP04-DEL05-PR"
556799;2023-10-23;"segunda-feira";"15:30:00";"BA";116;3,6;"VITORIA DA CONQUISTA";"Acessar a via sem observar a presença dos outros veículos";"Colisão transversal";"Com Vítimas Feridas";"Pleno dia";"Decrescente";"Nublado";"Simples";"Reta";"Não";2;0;1;0;1;0;1;2;-14,82491098;-40,86217761;"SPRF-BA";"DEL08-BA";"UOP01-DEL08-BA"
556800;2023-10-23;"segunda-feira";"14:50:00";"PE";232;80,4;"GRAVATA";"Manobra de mudança de faixa";"Colisão lateral mesmo sentido";"Com Vítimas Feridas";"Pleno dia";"Decrescente";"Céu Claro";"Simples";"Reta";"Sim";2;0;1;0;1;0;1;2;-8,19579864;-35,56962305;"SPRF-PE";"DEL02-PE";"UOP02-DEL02PE"
556801;2023-10-23;"segunda-feira";"14:20:00";"PI";343;492,3;"REGENERACAO";"Ausência de reação do condutor";"Colisão traseira";"Com Vítimas Feridas";"Pleno dia";"Crescente";"Sol";"Simples";"Reta;Aclive";"Não";3;0;0;2;1;0;2;2;-6,251369;-42,734444;"SPRF-PI";"DEL01-PI";"UOP02-DEL01-PI"
556803;2023-06-17;"sábado";"20:20:00";"PI";343;0,5;"TERESINA";"Acesso irregular";"Colisão transversal";"Com Vítimas Feridas";"Plena Noite";"Decrescente";"Céu Claro";"Dupla";"Reta";"Não";2;0;1;0;1;0;1;2;-5,089569;-42,802288;"SPRF-PI";"DEL01-PI";"UOP01-DEL01-PI"
556804;2023-10-23;"segunda-feira";"18:00:00";"RS";116;245;"SAO LEOPOLDO";"Ausência de reação do condutor";"Colisão traseira";"Com Vítimas Feridas";"Pleno dia";"Decrescente";"Garoa/Chuvisco";"Dupla";"Reta";"Sim";3;0;1;0;2;0;1;2;-29,74980902;-51,15125361;"SPRF-RS";"DEL01-RS";"UOP02-DEL01-RS"
556806;2023-10-23;"segunda-feira";"17:51:00";"CE";116;18;"EUSEBIO";"Manobra de mudança de faixa";"Colisão lateral mesmo sentido";"Com Vítimas Feridas";"Pleno dia";"Decrescente";"Céu Claro";"Dupla";"Reta";"Sim";2;0;1;0;0;1;1;2;-3,90496605;-38,50518756;"SPRF-CE";"DEL01-CE";"UOP02-DEL01-CE"
556807;2023-10-23;"segunda-feira";"17:30:00";"PR";277;75;"SAO JOSE DOS PINHAIS";"Ausência de reação do condutor";"Colisão traseira";"Com Vítimas Feridas";"Anoitecer";"Decrescente";"Nublado";"Dupla";"Reta";"Sim";2;0;1;0;1;0;1;2;-25,51327981;-49,12433291;"SPRF-PR";"DEL01-PR";"UOP01-DEL01-PR"
556808;2023-10-23;"segunda-feira";"14:30:00";"MG";381;580;"CARMOPOLIS DE MINAS";"Velocidade Incompatível";"Saída de leito carroçável";"Com Vítimas Feridas";"Pleno dia";"Decrescente";"Sol";"Dupla";"Curva;Declive";"Não";5;0;3;1;1;0;4;1;-20,50796117;-44,61144676;"SPRF-MG";"DEL04-MG";"UOP01-DEL04-MG"
556810;2023-10-23;"segunda-feira";"17:00:00";"SC";163;1,2;"DIONISIO CERQUEIRA";"Desrespeitar a preferência no cruzamento";"Colisão transversal";"Com Vítimas Feridas";"Pleno dia";"Crescente";"Chuva";"Simples";"Reta;Aclive;Interseção de Vias;Rotatória";"Sim";2;0;1;0;1;0;1;2;-26,26602704;-53,62585545;"SPRF-SC";"DEL07-SC";"UOP03-DEL07-SC"
556811;2023-10-23;"segunda-feira";"18:10:00";"ES";259;63;"COLATINA";"Desrespeitar a preferência no cruzamento";"Colisão transversal";"Com Vítimas Feridas";"Anoitecer";"Decrescente";"Céu Claro";"Simples";"Interseção de Vias";"Sim";2;0;1;0;1;0;1;2;-19,52753463;-40,69869585;"SPRF-ES";"DEL02-ES";"UOP01-DEL02-ES"
556812;2023-09-01;"sexta-feira";"18:30:00";"RS";290;83;"CACHOEIRINHA";"Reação tardia ou ineficiente do condutor";"Tombamento";"Com Vítimas Feridas";"Plena Noite";"Decrescente";"Céu Claro";"Múltipla";"Reta";"Sim";2;0;1;0;1;0;1;1;-29,959141;-51,088791;"SPRF-RS";"DEL01-RS";"UOP01-DEL01-RS"
556814;2023-10-23;"segunda-feira";"18:30:00";"ES";101;278,8;"SERRA";"Ausência de reação do condutor";"Colisão traseira";"Com Vítimas Feridas";"Plena Noite";"Crescente";"Céu Claro";"Dupla";"Reta";"Não";2;0;1;0;1;0;1;2;-20,21698365;-40,32974606;"SPRF-ES";"DEL02-ES";"UOP01-DEL02-ES"
556817;2023-10-23;"segunda-feira";"18:30:00";"PR";277;81,5;"CURITIBA";"Manobra de mudança de faixa";"Colisão lateral mesmo sentido";"Com Vítimas Feridas";"Anoitecer";"Decrescente";"Nublado";"Dupla";"Reta";"Sim";3;0;1;0;2;0;1;3;-25,461098;-49,21973;"SPRF-PR";"DEL01-PR";"UOP01-DEL01-PR"
556818;2023-10-23;"segunda-feira";"19:13:00";"MG";381;478;"CONTAGEM";"Ausência de reação do condutor";"Colisão traseira";"Com Vítimas Feridas";"Plena Noite";"Crescente";"Céu Claro";"Dupla";"Reta";"Sim";2;0;1;0;1;0;1;2;-19,95826094;-44,05921101;"SPRF-MG";"DEL01-MG";"UOP03-DEL01-MG"
556821;2023-10-23;"segunda-feira";"17:35:00";"RO";364;423,3;"JARU";"Acesso irregular";"Colisão lateral sentido oposto";"Com Vítimas Feridas";"Anoitecer";"Decrescente";"Nublado";"Simples";"Reta";"Sim";2;0;2;0;0;0;2;2;-10,45220802;-62,46072003;"SPRF-RO";"DEL03-RO";"UOP02-DEL03-RO"
556822;2023-10-23;"segunda-feira";"18:18:00";"RJ";101;309;"SAO GONCALO";"Ausência de reação do condutor";"Colisão lateral mesmo sentido";"Com Vítimas Feridas";"Anoitecer";"Crescente";"Céu Claro";"Dupla";"Reta";"Sim";4;0;1;0;3;0;1;3;-22,79309326;-43,02479595;"SPRF-RJ";"DEL02-RJ";"UOP02-DEL02-RJ"
556823;2023-10-23;"segunda-feira";"19:30:00";"RJ";116;173;"SAO JOAO DE MERITI";"Trafegar com motocicleta (ou similar) entre as faixas";"Colisão traseira";"Com Vítimas Feridas";"Plena Noite";"Crescente";"Céu Claro";"Múltipla";"Reta";"Não";2;0;1;0;1;0;1;2;-22,79810324;-43,35726614;"SPRF-RJ";"DEL01-RJ";"UOP02-DEL01-RJ"
556824;2023-10-15;"domingo";"15:00:00";"MT";70;218;"PRIMAVERA DO LESTE";"Acostamento em desnível";"Capotamento";"Com Vítimas Feridas";"Pleno dia";"Crescente";"Céu Claro";"Simples";"Reta";"Não";4;0;4;0;0;0;4;1;-15,5779072;-54,378496;"SPRF-MT";"DEL05-MT";"UOP01-DEL05-MT"
556826;2023-10-23;"segunda-feira";"19:20:00";"MG";40;562,4;"NOVA LIMA";"Ausência de reação do condutor";"Tombamento";"Com Vítimas Feridas";"Plena Noite";"Decrescente";"Céu Claro";"Dupla";"Reta";"Não";1;0;1;0;0;0;1;1;-20,14451602;-43,95966007;"SPRF-MG";"DEL01-MG";"UOP02-DEL01-MG"
556828;2023-10-23;"segunda-feira";"18:00:00";"PR";369;66,8;"SANTA MARIANA";"Ausência de reação do condutor";"Saída de leito carroçável";"Com Vítimas Feridas";"Anoitecer";"Decrescente";"Céu Claro";"Simples";"Declive";"Não";1;0;1;0;0;0;1;1;-23,13172548;-50,47215359;"SPRF-PR";"DEL07-PR";"UOP05-DEL07-PR"
556829;2023-10-23;"segunda-feira";"18:40:00";"DF";60;8;"BRASILIA";"Animais na Pista";"Atropelamento de Animal";"Com Vítimas Feridas";"Plena Noite";"Crescente";"Céu Claro";"Dupla";"Reta;Declive";"Sim";1;0;1;0;0;0;1;1;-15,90324;-48,130695;"SPRF-DF";"DEL03-DF";"UOP01-DEL03-DF"