"id";"data_inversa";"dia_semana";"horario";"uf";"br";"km";"municipio";"causa_acidente";"tipo_acidente";"classificacao_acidente";"fase_dia";"sentido_via";"condicao_metereologica";"tipo_pista";"tracado_via";"uso_solo";"pessoas";"mortos";"feridos_leves";"feridos_graves";"ilesos";"ignorados";"feridos";"veiculos";"latitude";"longitude";"regional";"delegacia";"uop"
556830;2023-10-23;"segunda-feira";"20:15:00";"GO";20;6;"FORMOSA";"Animais na Pista";"Atropelamento de Animal";"Com Vítimas Feridas";"Plena Noite";"Decrescente";"Nublado";"Simples";"Declive";"Sim";1;0;1;0;0;0;1;1;-15,54921;-47,300228;"SPRF-DF";"DEL02-DF";"UOP02-DEL02-DF"
556833;2023-09-09;"sábado";"15:55:00";"RS";470;218,9;"BENTO GONCALVES";"Ausência de reação do condutor";"Tombamento";"Com Vítimas Feridas";"Pleno dia";"Decrescente";"Garoa/Chuvisco";"Dupla";"Curva;Aclive";"Não";1;0;1;0;0;0;1;1;-29,18766358;-51,52142721;"SPRF-RS";"DEL06-RS";"UOP01-DEL06-RS"
556835;2023-09-14;"quinta-feira";"05:50:00";"RS";470;177,9;"VERANOPOLIS";"Acessar a via sem observar a presença dos outros veículos";"Colisão transversal";"Com Vítimas Feridas";"Amanhecer";"Crescente";"Garoa/Chuvisco";"Simples";"Interseção de Vias";"Não";2;0;0;1;1;0;1;2;-28,93915139;-51,54591976;"SPRF-RS";"DEL06-RS";"UOP02-DEL06-RS"
556836;2023-10-23;"segunda-feira";"10:20:00";"RJ";116;147;"DUQUE DE CAXIAS";"Frear bruscamente";"Colisão traseira";"Com Vítimas Feridas";"Pleno dia";"Decrescente";"Céu Claro";"Dupla";"Reta";"Não";2;0;1;0;1;0;1;2;-22,66978425;-43,27286493;"SPRF-RJ";"DEL01-RJ";"UOP01-DEL01-RJ"
556839;2023-10-23;"segunda-feira";"21:30:00";"MG";381;927;"ITAPEVA";"Manobra de mudança de faixa";"Colisão com objeto";"Com Vítimas Feridas";"Plena Noite";"Crescente";"Céu Claro";"Dupla";"Reta;Interseção de Vias;Declive";"Sim";1;0;1;0;0;0;1;1;-22,766637;-46,219803;"SPRF-MG";"DEL16-MG";"UOP03-DEL16-MG"
556841;2023-10-23;"segunda-feira";"21:00:00";"PB";101;86,2;"JOAO PESSOA";"Acumulo de areia ou detritos sobre o pavimento";"Tombamento";"Com Vítimas Feridas";"Plena Noite";"Decrescente";"Céu Claro";"Dupla";"Reta;Em Obras";"Sim";1;0;0;1;0;0;1;1;-7,15348359;-34,90811348;"SPRF-PB";"DEL01-PB";"UOP01-DEL01-PB"
556842;2023-10-23;"segunda-feira";"20:50:00";"PR";376;182;"MARINGA";"Acessar a via sem observar a presença dos outros veículos";"Colisão transversal";"Com Vítimas Feridas";"Plena Noite";"Decrescente";"Céu Claro";"Múltipla";"Rotatória";"Não";2;0;0;1;1;0;1;2;-23,43143403;-51,88774109;"SPRF-PR";"DEL09-PR";"UOP01-DEL09-PR"
556846;2023-10-23;"segunda-feira";"21:30:00";"PA";316;106;"SANTA MARIA DO PARA";"Ingestão de álcool pelo condutor";"Colisão traseira";"Sem Vítimas";"Plena Noite";"Crescente";"Céu Claro";"Simples";"Reta";"Não";4;0;0;0;4;0;0;2;-1,34101996;-47,55122901;"SPRF-PA";"DEL01-PA";"UOP02-DEL01-PA"
556847;2023-10-23;"segunda-feira";"17:40:00";"MG";262;803;"UBERABA";"Ausência de reação do condutor";"Colisão traseira";"Com Vítimas Feridas";"Pleno dia";"Crescente";"Céu Claro";"Dupla";"Reta";"Sim";2;0;1;0;1;0;1;2;-19,77671913;-47,92116165;"SPRF-MG";"DEL13-MG";"UOP01-DEL13-MG"
556848;2023-10-23;"segunda-feira";"22:32:00";"RN";101;99;"NATAL";"Acumulo de areia ou detritos sobre o pavimento";"Tombamento";"Com Vítimas Feridas";"Plena Noite";"Crescente";"Céu Claro";"Dupla";"Retorno Regulamentado;Curva";"Sim";1;0;1;0;0;0;1;1;-5,87359183;-35,22063023;"SPRF-RN";"DEL01-RN";"UOP01-DEL01-RN"
556852;2023-10-23;"segunda-feira";"19:10:00";"RJ";40;121;"DUQUE DE CAXIAS";"Reação tardia ou ineficiente do condutor";"Saída de leito carroçável";"Com Vítimas Feridas";"Plena Noite";"Decrescente";"Céu Claro";"Dupla";"Reta";"Sim";1;0;1;0;0;0;1;1;-22,78185499;-43,28571273;"SPRF-RJ";"DEL01-RJ";"UOP01-DEL01-RJ"
556853;2023-10-23;"segunda-feira";"22:20:00";"SP";116;146;"SAO JOSE DOS CAMPOS";"Ausência de reação do condutor";"Colisão traseira";"Com Vítimas Feridas";"Plena Noite";"Crescente";"Nublado";"Dupla";"Reta";"Não";2;0;1;0;0;1;1;2;-23,19122919;-45,86327591;"SPRF-SP";"DEL02-SP";"UOP01-DEL02-SP"
556854;2023-10-19;"quinta-feira";"16:50:00";"RS";116;232;"ESTANCIA VELHA";"Reação tardia ou ineficiente do condutor";"Colisão com objeto";"Sem Vítimas";"Pleno dia";"Decrescente";"Céu Claro";"Simples";"Aclive;Curva";"Sim";1;0;0;0;1;0;0;1;-29,63300002;-51,14325106;"SPRF-RS";"DEL01-RS";"UOP02-DEL01-RS"
556855;2023-10-23;"segunda-feira";"22:50:00";"RJ";116;216;"PARACAMBI";"Demais falhas mecânicas ou elétricas";"Incêndio";"Sem Vítimas";"Plena Noite";"Decrescente";"Céu Claro";"Dupla";"Reta";"Não";1;0;0;0;1;0;0;1;-22,70521322;-43,74066509;"SPRF-RJ";"DEL01-RJ";"UOP03-DEL01-RJ"
556860;2023-10-24;"terça-feira";"00:20:00";"RJ";116;182;"NOVA IGUACU";"Transtornos Mentais (exceto suicidio)";"Atropelamento de Pedestre";"Com Vítimas Feridas";"Plena Noite";"Decrescente";"Nublado";"Múltipla";"Curva";"Sim";2;0;1;0;0;1;1;2;-22,7567755;-43,43107234;"SPRF-RJ";"DEL01-RJ";"UOP02-DEL01-RJ"
556863;2023-10-24;"terça-feira";"01:30:00";"TO";226;37;"DARCINOPOLIS";"Ausência de reação do condutor";"Saída de leito carroçável";"Com Vítimas Fatais";"Plena Noite";"Crescente";"Céu Claro";"Dupla";"Aclive";"Não";1;1;0;0;0;0;0;1;-6,690203;-47,74395;"SPRF-TO";"DEL02-TO";"UOP03-DEL02-TO"
556865;2023-10-24;"terça-feira";"00:30:00";"BA";101;484;"ILHEUS";"Ausência de reação do condutor";"Saída de leito carroçável";"Com Vítimas Feridas";"Plena Noite";"Decrescente";"Nevoeiro/Neblina";"Simples";"Reta;Ponte";"Não";2;0;0;2;0;0;2;1;-14,77155491;-39,29129392;"SPRF-BA";"DEL05-BA";"UOP01-DEL05-BA"
556868;2023-10-23;"segunda-feira";"19:30:00";"RJ";101;306;"SAO GONCALO";"Pedestre andava na pista";"Atropelamento de Pedestre";"Com Vítimas Fatais";"Plena Noite";"Decrescente";"Céu Claro";"Dupla";"Reta;Ponte";"Sim";2;1;0;0;1;0;0;2;-22,78913759;-43,00550909;"SPRF-RJ";"DEL02-RJ";"UOP02-DEL02-RJ"
556869;2023-10-24;"terça-feira";"05:00:00";"CE";116;40;"HORIZONTE";"Velocidade Incompatível";"Atropelamento de Pedestre";"Com Vítimas Feridas";"Pleno dia";"Crescente";"Nublado";"Dupla";"Reta;Declive";"Sim";2;0;1;1;0;0;2;2;-4,09496999;-38,50351984;"SPRF-CE";"DEL01-CE";"UOP02-DEL01-CE"
556872;2023-10-24;"terça-feira";"05:10:00";"RO";364;513;"ARIQUEMES";"Animais na Pista";"Atropelamento de Animal";"Com Vítimas Feridas";"Amanhecer";"Decrescente";"Céu Claro";"Simples";"Reta";"Não";1;0;1;0;0;0;1;1;-9,94283084;-63,05467875;"SPRF-RO";"DEL03-RO";"UOP01-DEL03-RO"
556874;2023-10-08;"domingo";"09:00:00";"AM";230;530;"HUMAITA";"Reação tardia ou ineficiente do condutor";"Colisão transversal";"Com Vítimas Feridas";"Pleno dia";"Crescente";"Sol";"Simples";"Reta";"Não";2;0;1;0;1;0;1;2;-7,78657387;-62,40084597;"SPRF-AM";"DEL01-AM";"UOP05-DEL01-AM"
556875;2023-10-23;"segunda-feira";"22:00:00";"MT";70;57;"BARRA DO GARCAS";"Transitar na contramão";"Colisão frontal";"Com Vítimas Feridas";"Plena Noite";"Crescente";"Garoa/Chuvisco";"Simples";"Reta";"Não";2;0;1;0;1;0;1;2;-15,7087872;-52,67042618;"SPRF-MT";"DEL07-MT";"UOP01-DEL07-MT"
556877;2023-10-24;"terça-feira";"07:15:00";"PR";116;101,2;"SAO JOSE DOS PINHAIS";"Ausência de reação do condutor";"Queda de ocupante de veículo";"Com Vítimas Feridas";"Pleno dia";"Crescente";"Céu Claro";"Dupla";"Reta;Declive";"Sim";1;0;0;1;0;0;1;1;-25,54167701;-49,1509368;"SPRF-PR";"DEL01-PR";"UOP07-DEL01-PR"
556879;2023-10-24;"terça-feira";"07:55:00";"RJ";393;283;"VOLTA REDONDA";"Acessar a via sem observar a presença dos outros veículos";"Colisão transversal";"Com Vítimas Feridas";"Pleno dia";"Crescente";"Céu Claro";"Simples";"Rotatória";"Sim";2;0;1;0;1;0;1;2;-22,47606388;-44,04976392;"SPRF-RJ";"DEL05-RJ";"UOP04-DEL05-RJ"
556880;2023-10-23;"segunda-feira";"19:00:00";"RJ";356;23,9;"ITAPERUNA";"Reação tardia ou ineficiente do condutor";"Atropelamento de Pedestre";"Com Vítimas Fatais";"Plena Noite";"Decrescente";"Céu Claro";"Simples";"Curva;Aclive";"Não";2;1;0;0;0;1;0;2;-21,18026434;-41,98292495;"SPRF-RJ";"DEL08-RJ";"UOP03-DEL08-RJ"
556882;2023-10-24;"terça-feira";"07:35:00";"ES";101;147;"LINHARES";"Objeto estático sobre o leito carroçável";"Tombamento";"Com Vítimas Feridas";"Pleno dia";"Crescente";"Nublado";"Dupla";"Reta";"Sim";1;0;1;0;0;0;1;1;-19,36990998;-40,06560718;"SPRF-ES";"DEL04-ES";"UOP01-DEL04-ES"
556885;2023-10-24;"terça-feira";"06:55:00";"PR";376;389;"IMBAU";"Avarias e/ou desgaste excessivo no pneu";"Saída de leito carroçável";"Com Vítimas Feridas";"Pleno dia";"Crescente";"Chuva";"Dupla";"Curva;Declive";"Não";3;0;1;0;2;0;1;1;-24,51777497;-50,71118238;"SPRF-PR";"DEL03-PR";"UOP02-DEL03-PR"
556886;2023-10-24;"terça-feira";"08:30:00";"PE";232;9,6;"JABOATAO DOS GUARARAPES";"Falta de elemento de contenção que evite a saída do leito carroçável";"Saída de leito carroçável";"Com Vítimas Feridas";"Pleno dia";"Decrescente";"Céu Claro";"Dupla";"Reta";"Não";1;0;0;1;0;0;1;1;-8,07764447;-34,97863609;"SPRF-PE";"DEL01-PE";"UOP01-DEL01-PE"
556888;2023-10-24;"terça-feira";"08:35:00";"PI";343;4,8;"TERESINA";"Ausência de reação do condutor";"Colisão traseira";"Com Vítimas Feridas";"Pleno dia";"Crescente";"Céu Claro";"Dupla";"Reta;Ponte";"Sim";2;0;1;0;1;0;1;2;-5,08228804;-42,79470921;"SPRF-PI";"DEL01-PI";"UOP01-DEL01-PI"
556889;2023-10-24;"terça-feira";"06:55:00";"MT";70;496;"CUIABA";"Acessar a via sem observar a presença dos outros veículos";"Colisão frontal";"Com Vítimas Feridas";"Pleno dia";"Decrescente";"Céu Claro";"Simples";"Reta";"Não";2;0;1;0;1;0;1;2;-15,65130447;-56,00152016;"SPRF-MT";"DEL01-MT";"UOP02-DEL01-MT"
556895;2023-10-24;"terça-feira";"09:20:00";"RN";304;296,7;"MACAIBA";"Ausência de reação do condutor";"Colisão lateral mesmo sentido";"Sem Vítimas";"Pleno dia";"Decrescente";"Céu Claro";"Dupla";"Rotatória";"Não";3;0;0;0;3;0;0;2;-5,863833;-35,343585;"SPRF-RN";"DEL01-RN";"UOP02-DEL01-RN"
556897;2023-10-24;"terça-feira";"08:15:00";"PR";469;18,9;"FOZ DO IGUACU";"Suicídio (presumido)";"Colisão frontal";"Com Vítimas Fatais";"Pleno dia";"Crescente";"Chuva";"Simples";"Reta;Declive";"Não";8;1;5;1;0;1;6;3;-25,6029533;-54,4997828;"SPRF-PR";"DEL05-PR";"UOP04-DEL05-PR"
556899;2023-10-24;"terça-feira";"07:20:00";"SC";163;72,3;"SAO MIGUEL DO OESTE";"Condutor deixou de manter distância do veículo da frente";"Colisão traseira";"Com Vítimas Feridas";"Pleno dia";"Crescente";"Nublado";"Dupla";"Reta;Interseção de Vias";"Sim";3;0;2;0;1;0;2;2;-26,71908804;-53,5157791;"SPRF-SC";"DEL07-SC";"UOP03-DEL07-SC"
556900;2023-10-24;"terça-feira";"09:30:00";"SP";116;207;"GUARULHOS";"Ausência de reação do condutor";"Engavetamento";"Com Vítimas Feridas";"Pleno dia";"Crescente";"Sol";"Múltipla";"Reta";"Não";4;0;1;0;3;0;1;4;-23,41972188;-46,38419203;"SPRF-SP";"DEL01-SP";"UOP01-DEL01-SP"
556901;2023-08-20;"domingo";"11:40:00";"MG";381;811,9;"CAREACU";"Velocidade Incompatível";"Saída de leito carroçável";"Com Vítimas Fatais";"Pleno dia";"Decrescente";"Chuva";"Dupla";"Curva;Declive";"Não";5;1;3;1;0;0;4;1;-22,00563628;-45,67561926;"SPRF-MG";"DEL16-MG";"UOP02-DEL16-MG"
556905;2023-10-24;"terça-feira";"10:00:00";"MG";381;508,8;"SAO JOAQUIM DE BICAS";"Condutor deixou de manter distância do veículo da frente";"Colisão traseira";"Com Vítimas Feridas";"Pleno dia";"Crescente";"Sol";"Dupla";"Curva;Aclive";"Não";2;0;0;1;1;0;1;2;-20,048191;-44,27387238;"SPRF-MG";"DEL01-MG";"UOP03-DEL01-MG"
556907;2023-10-22;"domingo";"18:50:00";"SP";116;197;"ARUJA";"Iluminação deficiente";"Eventos atípicos";"Com Vítimas Feridas";"Plena Noite";"Crescente";"Céu Claro";"Dupla";"Curva";"Não";1;0;0;1;0;0;1;1;-23,39721625;-46,29284287;"SPRF-SP";"DEL01-SP";"UOP01-DEL01-SP"
556908;2023-10-24;"terça-feira";"10:45:00";"MG";381;493;"BETIM";"Manobra de mudança de faixa";"Colisão traseira";"Com Vítimas Feridas";"Pleno dia";"Crescente";"Céu Claro";"Múltipla";"Reta";"Sim";2;0;1;0;1;0;1;2;-19,97670801;-44,19962698;"SPRF-MG";"DEL01-MG";"UOP03-DEL01-MG"
556909;2023-10-24;"terça-feira";"10:00:00";"SC";280;8;"SAO FRANCISCO DO SUL";"Reação tardia ou ineficiente do condutor";"Colisão lateral sentido oposto";"Com Vítimas Feridas";"Pleno dia";"Crescente";"Céu Claro";"Simples";"Curva";"Não";2;0;1;0;1;0;1;2;-26,27887292;-48,64668626;"SPRF-SC";"DEL03-SC";"UOP03-DEL03-SC"
556912;2023-10-24;"terça-feira";"08:20:00";"MA";135;17;"SAO LUIS";"Condutor deixou de manter distância do veículo da frente";"Colisão traseira";"Com Vítimas Feridas";"Pleno dia";"Crescente";"Céu Claro";"Simples";"Reta";"Não";2;0;1;0;1;0;1;2;-2,53073;-44,3068;"SPRF-MA";"DEL01-MA";"UOP01-DEL01-MA"
556914;2023-10-24;"terça-feira";"11:30:00";"RS";116;263;"CANOAS";"Reação tardia ou ineficiente do condutor";"Tombamento";"Com Vítimas Feridas";"Pleno dia";"Decrescente";"Céu Claro";"Dupla";"Reta";"Sim";2;0;2;0;0;0;2;1;-29,90545398;-51,17674031;"SPRF-RS";"DEL01-RS";"UOP01-DEL01-RS"
556915;2023-10-24;"terça-feira";"10:45:00";"RJ";101;521;"ANGRA DOS REIS";"Acessar a via sem observar a presença dos outros veículos";"Colisão lateral mesmo sentido";"Com Vítimas Feridas";"Pleno dia";"Crescente";"Céu Claro";"Simples";"Retorno Regulamentado";"Não";3;0;1;0;2;0;1;2;-23,00313345;-44,4598209;"SPRF-RJ";"DEL03-RJ";"UOP03-DEL03-RJ"
556916;2023-10-24;"terça-feira";"11:15:00";"BA";242;411;"SEABRA";"Conversão proibida";"Colisão lateral mesmo sentido";"Com Vítimas Feridas";"Pleno dia";"Decrescente";"Céu Claro";"Simples";"Reta";"Não";2;0;1;0;1;0;1;2;-12,44322183;-41,75266558;"SPRF-BA";"DEL06-BA";"UOP01-DEL06-BA"
556917;2023-10-24;"terça-feira";"10:00:00";"SE";101;189;"CRISTINAPOLIS";"Ausência de reação do condutor";"Colisão traseira";"Com Vítimas Feridas";"Pleno dia";"Decrescente";"Céu Claro";"Simples";"Reta";"Não";4;0;1;0;3;0;1;2;-11,41875414;-37,70552492;"SPRF-SE";"DEL02-SE";"UOP03-DEL02-SE"
556918;2023-10-24;"terça-feira";"11:40:00";"ES";101;262,5;"SERRA";"Reação tardia ou ineficiente do condutor";"Tombamento";"Com Vítimas Feridas";"Pleno dia";"Crescente";"Céu Claro";"Múltipla";"Reta";"Sim";1;0;0;1;0;0;1;1;-20,1572331;-40,27678329;"SPRF-ES";"DEL02-ES";"UOP01-DEL02-ES"
556920;2023-10-24;"terça-feira";"10:50:00";"SC";470;89,9;"ASCURRA";"Acessar a via sem observar a presença dos outros veículos";"Colisão frontal";"Com Vítimas Feridas";"Pleno dia";"Decrescente";"Céu Claro";"Simples";"Reta;Interseção de Vias";"Sim";3;0;2;0;1;0;2;2;-26,961573;-49,371918;"SPRF-SC";"DEL04-SC";"UOP01-DEL04-SC"
556921;2023-10-24;"terça-feira";"11:40:00";"RS";116;154,2;"CAXIAS DO SUL";"Reação tardia ou ineficiente do condutor";"Colisão lateral mesmo sentido";"Com Vítimas Feridas";"Pleno dia";"Decrescente";"Nublado";"Simples";"Reta";"Sim";3;0;1;1;0;1;2;3;-29,19074818;-51,18073734;"SPRF-RS";"DEL05-RS";"UOP01-DEL05-RS"
556922;2023-10-24;"terça-feira";"10:57:00";"RO";364;600;"ITAPUA DO OESTE";"Reação tardia ou ineficiente do condutor";"Colisão traseira";"Sem Vítimas";"Pleno dia";"Crescente";"Céu Claro";"Simples";"Reta";"Não";2;0;0;0;2;0;0;2;-9,22239207;-63,1713643;"SPRF-RO";"DEL01-RO";"UOP04-DEL01-RO"
556923;2023-10-24;"terça-feira";"12:00:00";"PE";232;7,7;"RECIFE";"Acessar a via sem observar a presença dos outros veículos";"Colisão transversal";"Com Vítimas Feridas";"Pleno dia";"Crescente";"Sol";"Dupla";"Retorno Regulamentado;Curva";"Sim";2;0;1;0;1;0;1;2;-8,075039;-34,968102;"SPRF-PE";"DEL01-PE";"UOP01-DEL01-PE"
556926;2023-10-24;"terça-feira";"10:00:00";"PR";277;71;"SAO JOSE DOS PINHAIS";"Mal súbito do condutor";"Colisão com objeto";"Com Vítimas Feridas";"Pleno dia";"Decrescente";"Céu Claro";"Dupla";"Viaduto;Curva";"Não";1;0;0;1;0;0;1;1;-25,511959;-49,127279;"SPRF-PR";"DEL01-PR";"UOP01-DEL01-PR"
556928;2023-10-24;"terça-feira";"12:00:00";"MT";70;6,6;"BARRA DO GARCAS";"Demais falhas mecânicas ou elétricas";"Queda de ocupante de veículo";"Com Vítimas Feridas";"Pleno dia";"Crescente";"Céu Claro";"Dupla";"Reta";"Sim";2;0;2;0;0;0;2;1;-15,878268;-52,306705;"SPRF-MT";"DEL07-MT";"UOP01-DEL07-MT"
556929;2023-10-24;"terça-feira";"12:20:00";"MG";40;532;"BELO HORIZONTE";"Ausência de reação do condutor";"Colisão traseira";"Com Vítimas Feridas";"Pleno dia";"Crescente";"Céu Claro";"Dupla";"Reta;Declive";"Sim";3;0;0;1;2;0;1;2;-19,92372561;-44,01700789;"SPRF-MG";"DEL01-MG";"UOP02-DEL01-MG"
556931;2023-10-21;"sábado";"12:41:00";"AP";210;3;"MACAPA";"Reação tardia ou ineficiente do condutor";"Colisão com objeto";"Com Vítimas Feridas";"Pleno dia";"Crescente";"Céu Claro";"Dupla";"Reta;Aclive";"Sim";2;0;1;0;0;1;1;1;0,088881;-51,0981874;"SPRF-AP";"DEL01-AP";"UOP01-DEL01-AP"
556932;2023-09-17;"domingo";"21:20:00";"PB";361;7,4;"PATOS";"Velocidade Incompatível";"Colisão traseira";"Com Vítimas Fatais";"Plena Noite";"Crescente";"Céu Claro";"Simples";"Reta";"Sim";3;1;1;1;0;0;2;2;-7,03750454;-37,3199449;"SPRF-PB";"DEL03-PB";"UOP01-DEL03-PB"
556933;2023-10-24;"terça-feira";"10:20:00";"SC";101;43;"JOINVILLE";"Reação tardia ou ineficiente do condutor";"Tombamento";"Com Vítimas Feridas";"Pleno dia";"Crescente";"Céu Claro";"Dupla";"Reta";"Não";1;0;1;0;0;0;1;1;-26,30357106;-48,88225609;"SPRF-SC";"DEL03-SC";"UOP01-DEL03-SC"
556935;2023-10-24;"terça-feira";"12:50:00";"PA";163;997;"SANTAREM";"Condutor deixou de manter distância do veículo da frente";"Colisão traseira";"Sem Vítimas";"Pleno dia";"Decrescente";"Céu Claro";"Simples";"Reta;Aclive";"Não";2;0;0;0;2;0;0;2;-2,49783536;-54,73382218;"SPRF-PA";"DEL05-PA";"UOP01-DEL05-PA"
556936;2023-10-24;"terça-feira";"12:50:00";"SC";101;239,5;"PALHOCA";"Condutor usando celular";"Saída de leito carroçável";"Com Vítimas Feridas";"Pleno dia";"Crescente";"Sol";"Dupla";"Reta";"Não";1;0;1;0;0;0;1;1;-27,85046883;-48,63955216;"SPRF-SC";"DEL01-SC";"UOP02-DEL01-SC"
556937;2023-10-21;"sábado";"02:30:00";"MS";163;259,9;"DOURADOS";"Transitar no Acostamento";"Atropelamento de Pedestre";"Com Vítimas Feridas";"Pleno dia";"Crescente";"Céu Claro";"Dupla";"Declive";"Sim";3;0;1;1;0;1;2;2;-22,25258409;-54,77697385;"SPRF-MS";"DEL04-MS";"UOP01-DEL04-MS"
556938;2023-10-24;"terça-feira";"12:35:00";"PR";369;363;"CAMPO MOURAO";"Pista Escorregadia";"Saída de leito carroçável";"Sem Vítimas";"Pleno dia";"Decrescente";"Chuva";"Simples";"Reta";"Não";1;0;0;0;1;0;0;1;-24,0928;-52,4229;"SPRF-PR";"DEL09-PR";"UOP03-DEL09-PR"
556941;2023-10-24;"terça-feira";"12:20:00";"PE";101;60,6;"RECIFE";"Ausência de reação do condutor";"Colisão traseira";"Com Vítimas Feridas";"Pleno dia";"Crescente";"Céu Claro";"Dupla";"Reta;Retorno Regulamentado";"Sim";2;0;1;0;1;0;1;2;-7,98344307;-34,93176727;"SPRF-PE";"DEL01-PE";"UOP02-DEL01-PE"
556943;2023-10-24;"terça-feira";"13:52:00";"MT";163;816;"SINOP";"Acessar a via sem observar a presença dos outros veículos";"Colisão transversal";"Com Vítimas Feridas";"Pleno dia";"Decrescente";"Céu Claro";"Simples";"Reta;Retorno Regulamentado";"Não";3;0;0;1;2;0;1;2;-12,025648;-55,517296;"SPRF-MT";"DEL06-MT";"UOP02-DEL06-MT"
556944;2023-10-24;"terça-feira";"14:20:00";"GO";50;290,5;"CATALAO";"Acumulo de água sobre o pavimento";"Saída de leito carroçável";"Com Vítimas Feridas";"Pleno dia";"Crescente";"Chuva";"Dupla";"Curva;Aclive";"Não";1;0;1;0;0;0;1;1;-18,2476;-47,9941;"SPRF-GO";"DEL06-GO";"UOP01-DEL06-GO"
556945;2023-10-24;"terça-feira";"13:00:00";"RS";468;3,9;"PALMEIRA DAS MISSOES";"Desrespeitar a preferência no cruzamento";"Colisão transversal";"Com Vítimas Feridas";"Pleno dia";"Crescente";"Céu Claro";"Simples";"Interseção de Vias";"Não";2;0;1;0;1;0;1;2;-27,86688873;-53,33265781;"SPRF-RS";"DEL08-RS";"UOP01-DEL08-RS"
556948;2023-10-24;"terça-feira";"14:50:00";"PR";277;3;"PARANAGUA";"Acessar a via sem observar a presença dos outros veículos";"Colisão transversal";"Com Vítimas Feridas";"Pleno dia";"Crescente";"Nublado";"Simples";"Reta";"Sim";2;0;2;0;0;0;2;2;-25,568198;-48,615292;"SPRF-PR";"DEL01-PR";"UOP05-DEL01-PR"
556949;2023-10-24;"terça-feira";"10:05:00";"SC";101;427,9;"SOMBRIO";"Ausência de reação do condutor";"Saída de leito carroçável";"Com Vítimas Feridas";"Pleno dia";"Decrescente";"Céu Claro";"Múltipla";"Reta";"Sim";1;0;1;0;0;0;1;1;-29,0329064;-49,60623553;"SPRF-SC";"DEL02-SC";"UOP02-DEL02-SC"
556950;2023-10-24;"terça-feira";"11:15:00";"RO";364;339;"JI-PARANA";"Acessar a via sem observar a presença dos outros veículos";"Colisão transversal";"Com Vítimas Feridas";"Pleno dia";"Decrescente";"Céu Claro";"Simples";"Reta;Interseção de Vias";"Sim";2;0;1;0;1;0;1;2;-10,907816;-61,93017402;"SPRF-RO";"DEL02-RO";"UOP01-DEL02-RO"
556951;2023-10-24;"terça-feira";"13:00:00";"MG";251;333,1;"FRUTA DE LEITE";"Transitar na contramão";"Colisão lateral sentido oposto";"Com Vítimas Feridas";"Pleno dia";"Decrescente";"Céu Claro";"Simples";"Reta;Aclive";"Não";3;0;0;1;2;0;1;2;-16,25683842;-42,43114276;"SPRF-MG";"DEL12-MG";"UOP02-DEL12-MG"
556952;2023-10-24;"terça-feira";"14:15:00";"RJ";116;203;"QUEIMADOS";"Demais falhas mecânicas ou elétricas";"Incêndio";"Sem Vítimas";"Pleno dia";"Crescente";"Céu Claro";"Dupla";"Reta";"Não";1;0;0;0;1;0;0;1;-22,73096751;-43,62245615;"SPRF-RJ";"DEL01-RJ";"UOP03-DEL01-RJ"
556956;2023-03-19;"domingo";"00:52:00";"PI";343;2;"TERESINA";"Ingestão de álcool pelo condutor";"Colisão com objeto";"Com Vítimas Feridas";"Plena Noite";"Crescente";"Céu Claro";"Dupla";"Rotatória";"Sim";1;0;1;0;0;0;1;1;-5,08105908;-42,77456045;"SPRF-PI";"DEL05-PI";"UOP01-DEL05-PI"
556957;2023-10-24;"terça-feira";"15:00:00";"MG";381;874,4;"ESTIVA";"Carga excessiva e/ou mal acondicionada";"Derramamento de carga";"Com Vítimas Feridas";"Pleno dia";"Decrescente";"Céu Claro";"Dupla";"Reta";"Não";2;0;1;0;0;1;1;2;-22,42632699;-45,97108305;"SPRF-MG";"DEL16-MG";"UOP01-DEL16-MG"
556958;2023-10-24;"terça-feira";"15:00:00";"ES";101;317,9;"GUARAPARI";"Condutor Dormindo";"Saída de leito carroçável";"Sem Vítimas";"Pleno dia";"Crescente";"Céu Claro";"Dupla";"Reta;Declive";"Não";1;0;0;0;1;0;0;1;-20,48575596;-40,47626411;"SPRF-ES";"DEL01-ES";"UOP01-DEL01-ES"
556961;2023-10-24;"terça-feira";"16:00:00";"RJ";101;310;"SAO GONCALO";"Condutor deixou de manter distância do veículo da frente";"Engavetamento";"Sem Vítimas";"Pleno dia";"Decrescente";"Céu Claro";"Dupla";"Reta";"Sim";3;0;0;0;3;0;0;3;-22,79717023;-43,04404993;"SPRF-RJ";"DEL02-RJ";"UOP02-DEL02-RJ"
556963;2023-10-14;"sábado";"20:00:00";"RS";392;683,8;"ROQUE GONZALES";"Acessar a via sem observar a presença dos outros veículos";"Colisão transversal";"Com Vítimas Feridas";"Plena Noite";"Crescente";"Céu Claro";"Simples";"Reta";"Não";3;0;0;1;2;0;1;2;-28,1263076;-54,92002007;"SPRF-RS";"DEL10-RS";"UOP01-DEL10-RS"
556966;2023-10-24;"terça-feira";"15:50:00";"SC";282;530,3;"CORDILHEIRA ALTA";"Ultrapassagem Indevida";"Saída de leito carroçável";"Sem Vítimas";"Pleno dia";"Decrescente";"Garoa/Chuvisco";"Simples";"Curva";"Não";2;0;0;0;2;0;0;1;-26,986555;-52,60524;"SPRF-SC";"DEL07-SC";"UOP01-DEL07-SC"