"id";"data_inversa";"dia_semana";"horario";"uf";"br";"km";"municipio";"causa_acidente";"tipo_acidente";"classificacao_acidente";"fase_dia";"sentido_via";"condicao_metereologica";"tipo_pista";"tracado_via";"uso_solo";"pessoas";"mortos";"feridos_leves";"feridos_graves";"ilesos";"ignorados";"feridos";"veiculos";"latitude";"longitude";"regional";"delegacia";"uop"
557082;2023-10-25;"quarta-feira";"02:30:00";"MA";230;405;"BALSAS";"Condutor Dormindo";"Saída de leito carroçável";"Sem Vítimas";"Plena Noite";"Decrescente";"Céu Claro";"Simples";"Reta";"Sim";1;0;0;0;1;0;0;1;-7,520653;-46,051513;"SPRF-MA";"DEL05-MA";"UOP01-DEL05-MA"
557083;2023-10-25;"quarta-feira";"06:40:00";"MG";381;686;"LAVRAS";"Chuva";"Capotamento";"Com Vítimas Feridas";"Pleno dia";"Crescente";"Chuva";"Dupla";"Curva";"Não";1;0;1;0;0;0;1;1;-21,20030689;-45,11944438;"SPRF-MG";"DEL04-MG";"UOP02-DEL04-MG"
557084;2023-10-25;"quarta-feira";"07:25:00";"MT";364;202;"RONDONOPOLIS";"Condutor deixou de manter distância do veículo da frente";"Engavetamento";"Com Vítimas Feridas";"Pleno dia";"Decrescente";"Sol";"Dupla";"Reta;Ponte";"Sim";5;0;2;0;3;0;2;5;-16,48347324;-54,64970354;"SPRF-MT";"DEL02-MT";"UOP01-DEL02-MT"
557085;2023-10-25;"quarta-feira";"07:50:00";"SC";101;334,3;"TUBARAO";"Pista esburacada";"Tombamento";"Com Vítimas Feridas";"Pleno dia";"Crescente";"Céu Claro";"Dupla";"Reta;Declive;Viaduto";"Sim";1;0;1;0;0;0;1;1;-28,47088881;-49,01998758;"SPRF-SC";"DEL02-SC";"UOP01-DEL02-SC"
557086;2023-10-25;"quarta-feira";"08:26:00";"RS";448;0;"SAPUCAIA DO SUL";"Manobra de mudança de faixa";"Colisão lateral mesmo sentido";"Com Vítimas Feridas";"Pleno dia";"Decrescente";"Céu Claro";"Dupla";"Reta";"Sim";3;0;1;0;1;1;1;3;-29,827246;-51,173317;"SPRF-RS";"DEL01-RS";"UOP02-DEL01-RS"
557087;2023-10-25;"quarta-feira";"07:50:00";"RJ";495;0;"TERESOPOLIS";"Acessar a via sem observar a presença dos outros veículos";"Colisão frontal";"Com Vítimas Feridas";"Pleno dia";"Decrescente";"Nublado";"Simples";"Interseção de Vias";"Sim";3;0;0;1;2;0;1;2;-22,4047202;-42,96705723;"SPRF-RJ";"DEL04-RJ";"UOP01-DEL04-RJ"
557088;2023-10-25;"quarta-feira";"07:50:00";"RJ";40;2;"COMENDADOR LEVY GASPARIAN";"Chuva";"Capotamento";"Com Vítimas Feridas";"Pleno dia";"Crescente";"Chuva";"Simples";"Curva";"Não";3;0;3;0;0;0;3;1;-22,01143747;-43,25078935;"SPRF-RJ";"DEL05-RJ";"UOP02-DEL05-RJ"
557089;2023-10-25;"quarta-feira";"09:00:00";"MG";40;739,7;"SANTOS DUMONT";"Chuva";"Tombamento";"Com Vítimas Feridas";"Pleno dia";"Crescente";"Chuva";"Simples";"Curva";"Não";1;0;1;0;0;0;1;1;-21,394039;-43,56680295;"SPRF-MG";"DEL05-MG";"UOP01-DEL05-MG"
557090;2023-09-03;"domingo";"13:00:00";"RS";448;22;"CANOAS";"Pista Escorregadia";"Colisão com objeto";"Com Vítimas Feridas";"Pleno dia";"Crescente";"Chuva";"Dupla";"Viaduto;Declive";"Sim";1;0;1;0;0;0;1;1;-29,972212;-51,199139;"SPRF-RS";"DEL01-RS";"UOP01-DEL01-RS"
557091;2023-10-25;"quarta-feira";"08:40:00";"CE";222;0;"FORTALEZA";"Ausência de reação do condutor";"Colisão traseira";"Com Vítimas Feridas";"Pleno dia";"Crescente";"Céu Claro";"Múltipla";"Reta";"Não";3;0;1;0;2;0;1;2;-3,7367737;-38,56923;"SPRF-CE";"DEL01-CE";"UOP01-DEL01-CE"
557092;2023-10-25;"quarta-feira";"08:30:00";"MG";251;520,1;"MONTES CLAROS";"Ultrapassagem Indevida";"Saída de leito carroçável";"Com Vítimas Feridas";"Pleno dia";"Crescente";"Sol";"Simples";"Reta;Declive";"Não";1;0;1;0;0;0;1;1;-16,66570005;-43,78533097;"SPRF-MG";"DEL12-MG";"UOP01-DEL12-MG"
557098;2023-10-25;"quarta-feira";"09:30:00";"SC";282;4,4;"SAO JOSE";"Trafegar com motocicleta (ou similar) entre as faixas";"Colisão lateral mesmo sentido";"Com Vítimas Feridas";"Pleno dia";"Decrescente";"Nublado";"Múltipla";"Reta";"Não";2;0;0;1;1;0;1;2;-27,592646;-48,604034;"SPRF-SC";"DEL01-SC";"UOP01-DEL01-SC"
557099;2023-10-25;"quarta-feira";"07:40:00";"MG";262;71,2;"MATIPO";"Condutor Dormindo";"Saída de leito carroçável";"Com Vítimas Feridas";"Pleno dia";"Decrescente";"Nublado";"Simples";"Reta";"Não";2;0;2;0;0;0;2;1;-20,31089376;-42,30556201;"SPRF-MG";"DEL06-MG";"UOP03-DEL06-MG"
557100;2023-10-25;"quarta-feira";"10:30:00";"PR";116;125,7;"FAZENDA RIO GRANDE";"Reação tardia ou ineficiente do condutor";"Tombamento";"Com Vítimas Feridas";"Pleno dia";"Decrescente";"Sol";"Dupla";"Reta";"Não";2;0;1;1;0;0;2;1;-25,59499091;-49,31618392;"SPRF-PR";"DEL01-PR";"UOP03-DEL01-PR"
557102;2023-10-25;"quarta-feira";"09:30:00";"RJ";493;21,9;"MAGE";"Entrada inopinada do pedestre";"Atropelamento de Pedestre";"Com Vítimas Feridas";"Pleno dia";"Decrescente";"Nublado";"Simples";"Reta";"Sim";3;0;2;0;0;1;2;2;-22,66151289;-43,04480692;"SPRF-RJ";"DEL04-RJ";"UOP02-DEL04-RJ"
557104;2023-10-25;"quarta-feira";"09:45:00";"MS";376;93;"IVINHEMA";"Transitar na contramão";"Capotamento";"Sem Vítimas";"Pleno dia";"Decrescente";"Céu Claro";"Simples";"Reta";"Não";2;0;0;0;2;0;0;2;-22,30522024;-54,02126312;"SPRF-MS";"DEL04-MS";"UOP04-DEL04-MS"
557105;2023-03-14;"terça-feira";"07:50:00";"GO";60;94,1;"ANAPOLIS";"Condutor deixou de manter distância do veículo da frente";"Colisão traseira";"Com Vítimas Feridas";"Pleno dia";"Crescente";"Chuva";"Dupla";"Reta;Aclive";"Sim";4;0;1;0;3;0;1;2;-16,3611;-48,9328;"SPRF-GO";"DEL02-GO";"UOP01-DEL02-GO"
557106;2023-10-25;"quarta-feira";"10:54:00";"RJ";40;118;"DUQUE DE CAXIAS";"Trafegar com motocicleta (ou similar) entre as faixas";"Colisão traseira";"Com Vítimas Feridas";"Pleno dia";"Crescente";"Nublado";"Múltipla";"Reta";"Sim";3;0;3;0;0;0;3;2;-22,75470802;-43,28737838;"SPRF-RJ";"DEL01-RJ";"UOP01-DEL01-RJ"
557107;2023-10-25;"quarta-feira";"09:25:00";"SC";280;83,9;"CORUPA";"Acessar a via sem observar a presença dos outros veículos";"Colisão transversal";"Com Vítimas Feridas";"Pleno dia";"Crescente";"Nublado";"Simples";"Reta";"Não";2;0;1;0;1;0;1;2;-26,43589072;-49,24351466;"SPRF-SC";"DEL06-SC";"UOP03-DEL06-SC"
557108;2023-10-23;"segunda-feira";"17:20:00";"BA";324;615;"SALVADOR";"Condutor deixou de manter distância do veículo da frente";"Colisão lateral mesmo sentido";"Com Vítimas Feridas";"Anoitecer";"Decrescente";"Céu Claro";"Dupla";"Reta";"Não";2;0;1;0;1;0;1;2;-12,87206398;-38,42746403;"SPRF-BA";"DEL01-BA";"UOP01-DEL01-BA"
557109;2023-10-25;"quarta-feira";"10:25:00";"MA";10;224;"GOVERNADOR EDISON LOBAO";"Acessar a via sem observar a presença dos outros veículos";"Colisão frontal";"Com Vítimas Feridas";"Pleno dia";"Decrescente";"Céu Claro";"Simples";"Reta;Declive";"Sim";2;0;0;1;1;0;1;2;-5,754561;-47,359512;"SPRF-MA";"DEL04-MA";"UOP01-DEL04-MA"
557111;2023-10-25;"quarta-feira";"08:40:00";"MG";381;559;"ITAGUARA";"Velocidade Incompatível";"Saída de leito carroçável";"Com Vítimas Feridas";"Pleno dia";"Crescente";"Nublado";"Dupla";"Curva;Declive";"Não";1;0;1;0;0;0;1;1;-20,38230203;-44,48068397;"SPRF-MG";"DEL04-MG";"UOP03-DEL04-MG"
557114;2023-10-25;"quarta-feira";"11:55:00";"SC";101;151;"ITAPEMA";"Demais falhas mecânicas ou elétricas";"Saída de leito carroçável";"Com Vítimas Feridas";"Pleno dia";"Decrescente";"Céu Claro";"Dupla";"Reta";"Sim";1;0;1;0;0;0;1;1;-27,126536;-48,609642;"SPRF-SC";"DEL04-SC";"UOP03-DEL04-SC"
557116;2023-10-25;"quarta-feira";"13:30:00";"PE";101;43;"IGARASSU";"Acesso irregular";"Colisão transversal";"Com Vítimas Feridas";"Pleno dia";"Crescente";"Céu Claro";"Múltipla";"Reta";"Sim";2;0;1;0;1;0;1;2;-7,84753808;-34,90977038;"SPRF-PE";"DEL01-PE";"UOP02-DEL01-PE"
557117;2023-10-25;"quarta-feira";"09:20:00";"PR";277;410,8;"CANDOI";"Velocidade Incompatível";"Saída de leito carroçável";"Com Vítimas Feridas";"Pleno dia";"Crescente";"Nublado";"Simples";"Curva";"Não";1;0;0;1;0;0;1;1;-25,43184986;-52,00714351;"SPRF-PR";"DEL04-PR";"UOP02-DEL04-PR"
557118;2023-08-19;"sábado";"22:20:00";"ES";262;43,7;"DOMINGOS MARTINS";"Transitar na contramão";"Colisão frontal";"Com Vítimas Feridas";"Plena Noite";"Decrescente";"Nublado";"Simples";"Interseção de Vias";"Não";2;0;1;0;1;0;1;2;-20,387678;-40,66830266;"SPRF-ES";"DEL01-ES";"UOP01-DEL01-ES"
557122;2023-10-25;"quarta-feira";"12:30:00";"ES";262;103,8;"VENDA NOVA DO IMIGRANTE";"Manobra de mudança de faixa";"Colisão lateral mesmo sentido";"Com Vítimas Feridas";"Pleno dia";"Decrescente";"Chuva";"Dupla";"Retorno Regulamentado";"Sim";2;0;1;0;1;0;1;2;-20,33368176;-41,12936854;"SPRF-ES";"DEL01-ES";"UOP02-DEL01-ES"
557124;2023-10-25;"quarta-feira";"13:00:00";"PR";153;329;"IRATI";"Acessar a via sem observar a presença dos outros veículos";"Colisão transversal";"Com Vítimas Feridas";"Pleno dia";"Decrescente";"Sol";"Dupla";"Reta";"Sim";4;0;1;1;2;0;2;3;-25,45881;-50,62148;"SPRF-PR";"DEL08-PR";"UOP02-DEL08-PR"
557127;2023-09-05;"terça-feira";"10:30:00";"SC";282;373,3;"ERVAL VELHO";"Demais falhas mecânicas ou elétricas";"Incêndio";"Sem Vítimas";"Pleno dia";"Crescente";"Sol";"Simples";"Reta";"Não";1;0;0;0;1;0;0;1;-27,243425;-51,44788;"SPRF-SC";"DEL07-SC";"UOP05-DEL07-SC"
557128;2023-10-25;"quarta-feira";"14:00:00";"PR";373;462;"CORONEL VIVIDA";"Acessar a via sem observar a presença dos outros veículos";"Atropelamento de Pedestre";"Com Vítimas Feridas";"Pleno dia";"Crescente";"Céu Claro";"Simples";"Reta";"Não";3;0;0;1;1;1;1;2;-25,951228;-52,40757596;"SPRF-PR";"DEL02-PR";"UOP01-DEL02-PR"
557129;2023-10-25;"quarta-feira";"13:10:00";"RS";470;17,3;"BARRACAO";"Reação tardia ou ineficiente do condutor";"Saída de leito carroçável";"Com Vítimas Feridas";"Pleno dia";"Decrescente";"Céu Claro";"Simples";"Curva";"Não";1;0;0;1;0;0;1;1;-27,727537;-51,455075;"SPRF-RS";"DEL08-RS";"UOP05-DEL08-RS"
557130;2023-10-25;"quarta-feira";"14:00:00";"PR";476;158;"ARAUCARIA";"Desrespeitar a preferência no cruzamento";"Colisão transversal";"Com Vítimas Feridas";"Pleno dia";"Crescente";"Nublado";"Simples";"Reta";"Sim";2;0;1;0;1;0;1;2;-25,613539;-49,424255;"SPRF-PR";"DEL01-PR";"UOP06-DEL01-PR"
557131;2023-10-25;"quarta-feira";"13:45:00";"SC";282;23,4;"SANTO AMARO DA IMPERATRIZ";"Conversão proibida";"Colisão lateral mesmo sentido";"Com Vítimas Feridas";"Pleno dia";"Decrescente";"Céu Claro";"Simples";"Reta";"Sim";2;0;0;1;1;0;1;2;-27,687958;-48,736794;"SPRF-SC";"DEL01-SC";"UOP02-DEL01-SC"
557132;2023-10-25;"quarta-feira";"13:15:00";"MT";163;835;"SINOP";"Reação tardia ou ineficiente do condutor";"Colisão traseira";"Com Vítimas Feridas";"Pleno dia";"Crescente";"Céu Claro";"Simples";"Viaduto";"Sim";2;0;1;0;1;0;1;2;-11,857754;-55,494249;"SPRF-MT";"DEL06-MT";"UOP02-DEL06-MT"
557135;2023-10-25;"quarta-feira";"13:55:00";"PE";101;68;"RECIFE";"Acumulo de óleo sobre o pavimento";"Queda de ocupante de veículo";"Com Vítimas Feridas";"Pleno dia";"Crescente";"Céu Claro";"Dupla";"Rotatória";"Sim";1;0;1;0;0;0;1;1;-8,05074296;-34,94580619;"SPRF-PE";"DEL01-PE";"UOP01-DEL01-PE"
557137;2023-10-25;"quarta-feira";"14:00:00";"SP";116;222;"GUARULHOS";"Trafegar com motocicleta (ou similar) entre as faixas";"Colisão traseira";"Com Vítimas Feridas";"Pleno dia";"Decrescente";"Nublado";"Múltipla";"Reta";"Sim";2;0;1;0;1;0;1;2;-23,47093408;-46,51631097;"SPRF-SP";"DEL01-SP";"UOP01-DEL01-SP"
557139;2023-09-11;"segunda-feira";"07:20:00";"SC";282;23,5;"PALHOCA";"Desrespeitar a preferência no cruzamento";"Colisão transversal";"Com Vítimas Feridas";"Pleno dia";"Crescente";"Céu Claro";"Simples";"Interseção de Vias;Curva;Retorno Regulamentado";"Sim";3;0;0;1;2;0;1;2;-27,687958;-48,736794;"SPRF-SC";"DEL01-SC";"UOP03-DEL01-SC"
557140;2023-09-03;"domingo";"20:30:00";"ES";262;106,1;"VENDA NOVA DO IMIGRANTE";"Ingestão de álcool pelo condutor";"Colisão traseira";"Com Vítimas Feridas";"Plena Noite";"Crescente";"Céu Claro";"Simples";"Reta";"Sim";5;0;2;0;3;0;2;2;-20,327926;-41,148643;"SPRF-ES";"DEL01-ES";"UOP02-DEL01-ES"
557141;2023-10-25;"quarta-feira";"13:30:00";"CE";20;323;"CARIDADE";"Velocidade Incompatível";"Saída de leito carroçável";"Com Vítimas Feridas";"Pleno dia";"Decrescente";"Céu Claro";"Simples";"Curva";"Não";1;0;0;1;0;0;1;1;-4,25742902;-39,21076197;"SPRF-CE";"DEL02-CE";"UOP01-DEL02-CE"
557142;2023-10-25;"quarta-feira";"14:10:00";"PR";376;182;"MARINGA";"Desrespeitar a preferência no cruzamento";"Colisão transversal";"Com Vítimas Feridas";"Pleno dia";"Crescente";"Nublado";"Dupla";"Rotatória";"Sim";3;0;1;0;1;1;1;3;-23,43684112;-51,87880764;"SPRF-PR";"DEL09-PR";"UOP01-DEL09-PR"
557146;2023-10-25;"quarta-feira";"15:40:00";"PR";469;12;"FOZ DO IGUACU";"Acumulo de água sobre o pavimento";"Tombamento";"Com Vítimas Feridas";"Pleno dia";"Decrescente";"Nublado";"Simples";"Em Obras;Curva";"Sim";1;0;1;0;0;0;1;1;-25,5754;-54,5489;"SPRF-PR";"DEL05-PR";"UOP04-DEL05-PR"
557147;2023-10-25;"quarta-feira";"15:39:00";"RS";392;13;"RIO GRANDE";"Demais falhas mecânicas ou elétricas";"Tombamento";"Com Vítimas Feridas";"Pleno dia";"Decrescente";"Céu Claro";"Dupla";"Curva";"Não";1;0;1;0;0;0;1;1;-32,12632387;-52,14931396;"SPRF-RS";"DEL07-RS";"UOP02-DEL07-RS"
557148;2023-06-18;"domingo";"20:30:00";"PE";428;86;"SANTA MARIA DA BOA VISTA";"Acessar a via sem observar a presença dos outros veículos";"Colisão transversal";"Com Vítimas Feridas";"Plena Noite";"Crescente";"Céu Claro";"Simples";"Reta";"Não";2;0;1;1;0;0;2;1;-8,79150024;-39,84821709;"SPRF-PE";"DEL06-PE";"UOP03-DEL06-PE"
557149;2023-10-25;"quarta-feira";"15:30:00";"SP";116;27,7;"SILVEIRAS";"Demais falhas mecânicas ou elétricas";"Incêndio";"Sem Vítimas";"Pleno dia";"Decrescente";"Céu Claro";"Dupla";"Reta;Aclive";"Não";1;0;0;0;1;0;0;1;-22,61994629;-44,90836974;"SPRF-SP";"DEL08-SP";"UOP02-DEL08-SP"
557150;2023-09-03;"domingo";"05:55:00";"RS";448;22;"PORTO ALEGRE";"Ingestão de álcool pelo condutor";"Colisão com objeto";"Sem Vítimas";"Pleno dia";"Crescente";"Chuva";"Dupla";"Curva";"Sim";1;0;0;0;1;0;0;1;-29,97378436;-51,19962573;"SPRF-RS";"DEL01-RS";"UOP01-DEL01-RS"
557152;2023-10-25;"quarta-feira";"16:00:00";"RS";116;263;"CANOAS";"Acessar a via sem observar a presença dos outros veículos";"Colisão lateral mesmo sentido";"Com Vítimas Feridas";"Pleno dia";"Crescente";"Céu Claro";"Múltipla";"Reta";"Sim";2;0;0;1;1;0;1;2;-29,91379274;-51,1777389;"SPRF-RS";"DEL01-RS";"UOP01-DEL01-RS"
557153;2023-10-25;"quarta-feira";"16:20:00";"PE";101;21;"GOIANA";"Animais na Pista";"Tombamento";"Com Vítimas Feridas";"Pleno dia";"Crescente";"Céu Claro";"Dupla";"Reta";"Não";1;0;0;1;0;0;1;1;-7,667766;-34,93266;"SPRF-PE";"DEL01-PE";"UOP02-DEL01-PE"
557155;2023-10-25;"quarta-feira";"16:30:00";"PE";101;72;"RECIFE";"Trafegar com motocicleta (ou similar) entre as faixas";"Colisão lateral mesmo sentido";"Com Vítimas Feridas";"Pleno dia";"Decrescente";"Céu Claro";"Dupla";"Curva";"Sim";1;0;1;0;0;0;1;1;-8,08493106;-34,9450639;"SPRF-PE";"DEL01-PE";"UOP01-DEL01-PE"
557160;2023-09-07;"quinta-feira";"18:40:00";"RS";386;166,8;"CARAZINHO";"Ausência de reação do condutor";"Colisão traseira";"Com Vítimas Feridas";"Pleno dia";"Decrescente";"Nublado";"Simples";"Reta";"Não";3;0;2;0;0;1;2;2;-28,205965;-52,827972;"SPRF-RS";"DEL08-RS";"UOP01-DEL08-RS"
557161;2023-10-25;"quarta-feira";"16:50:00";"SP";101;51;"UBATUBA";"Acessar a via sem observar a presença dos outros veículos";"Colisão lateral mesmo sentido";"Com Vítimas Feridas";"Pleno dia";"Crescente";"Garoa/Chuvisco";"Simples";"Interseção de Vias";"Sim";2;0;2;0;0;0;2;2;-23,45690518;-45,07060111;"SPRF-SP";"DEL06-SP";"UOP01-DEL06-SP"
557163;2023-10-25;"quarta-feira";"17:10:00";"PR";116;125,8;"FAZENDA RIO GRANDE";"Reação tardia ou ineficiente do condutor";"Tombamento";"Com Vítimas Feridas";"Pleno dia";"Decrescente";"Garoa/Chuvisco";"Dupla";"Reta";"Sim";1;0;1;0;0;0;1;1;-25,59505309;-49,31630659;"SPRF-PR";"DEL01-PR";"UOP03-DEL01-PR"
557164;2023-10-25;"quarta-feira";"17:00:00";"SC";280;58;"GUARAMIRIM";"Manobra de mudança de faixa";"Colisão lateral mesmo sentido";"Com Vítimas Feridas";"Pleno dia";"Decrescente";"Nublado";"Dupla";"Reta";"Não";3;0;1;0;2;0;1;3;-26,47415593;-49,021211;"SPRF-SC";"DEL03-SC";"UOP03-DEL03-SC"
557168;2023-10-25;"quarta-feira";"17:30:00";"SE";101;202,3;"CRISTINAPOLIS";"Falta de elemento de contenção que evite a saída do leito carroçável";"Saída de leito carroçável";"Com Vítimas Feridas";"Anoitecer";"Decrescente";"Céu Claro";"Simples";"Reta;Declive";"Não";4;0;3;0;1;0;3;1;-11,4968367;-37,78079941;"SPRF-SE";"DEL02-SE";"UOP03-DEL02-SE"
557169;2023-10-25;"quarta-feira";"18:20:00";"DF";70;10,9;"BRASILIA";"Reação tardia ou ineficiente do condutor";"Colisão lateral mesmo sentido";"Com Vítimas Feridas";"Plena Noite";"Decrescente";"Céu Claro";"Dupla";"Reta";"Sim";4;0;0;1;3;0;1;2;-15,787066;-48,140709;"SPRF-DF";"DEL03-DF";"UOP02-DEL03-DF"
557170;2023-10-25;"quarta-feira";"18:20:00";"GO";40;9;"LUZIANIA";"Condutor usando celular";"Colisão traseira";"Com Vítimas Feridas";"Anoitecer";"Crescente";"Nublado";"Dupla";"Reta";"Sim";3;0;1;1;0;1;2;2;-16,131158;-47,957739;"SPRF-DF";"DEL01-DF";"UOP01-DEL01-DF"
557171;2023-10-25;"quarta-feira";"17:40:00";"SP";116;225;"GUARULHOS";"Mal súbito do condutor";"Colisão com objeto";"Com Vítimas Fatais";"Pleno dia";"Decrescente";"Nublado";"Múltipla";"Reta";"Sim";1;1;0;0;0;0;0;1;-23,48586772;-46,54075317;"SPRF-SP";"DEL01-SP";"UOP01-DEL01-SP"
557175;2023-10-25;"quarta-feira";"18:50:00";"SP";153;39,6;"ONDA VERDE";"Desrespeitar a preferência no cruzamento";"Colisão transversal";"Com Vítimas Feridas";"Plena Noite";"Crescente";"Céu Claro";"Simples";"Retorno Regulamentado;Interseção de Vias;Rotatória";"Não";4;0;0;1;3;0;1;2;-20,61196908;-49,32942891;"SPRF-SP";"DEL09-SP";"UOP01-DEL09-SP"
557176;2023-10-25;"quarta-feira";"18:20:00";"BA";116;11,7;"VITORIA DA CONQUISTA";"Acessar a via sem observar a presença dos outros veículos";"Colisão transversal";"Com Vítimas Feridas";"Anoitecer";"Crescente";"Céu Claro";"Simples";"Interseção de Vias";"Sim";2;0;1;0;1;0;1;2;-14,873258;-40,871374;"SPRF-PE";"DEL05-PE";"UOP03-DEL05-PE"
557177;2023-10-21;"sábado";"23:00:00";"MG";262;66,6;"MATIPO";"Condutor Dormindo";"Saída de leito carroçável";"Com Vítimas Feridas";"Plena Noite";"Decrescente";"Nublado";"Simples";"Curva";"Não";2;0;2;0;0;0;2;1;-20,30403972;-42,26009805;"SPRF-MG";"DEL06-MG";"UOP03-DEL06-MG"
557178;2023-10-25;"quarta-feira";"18:20:00";"RJ";101;574;"PARATY";"Animais na Pista";"Atropelamento de Animal";"Com Vítimas Feridas";"Plena Noite";"Decrescente";"Chuva";"Simples";"Reta";"Não";1;0;1;0;0;0;1;1;-23,21106418;-44,73373262;"SPRF-RJ";"DEL03-RJ";"UOP04-DEL03-RJ"
557179;2023-10-25;"quarta-feira";"19:00:00";"SC";470;54,1;"BLUMENAU";"Acesso irregular";"Colisão transversal";"Com Vítimas Feridas";"Anoitecer";"Crescente";"Nublado";"Simples";"Reta";"Sim";2;0;1;0;1;0;1;2;-26,87159473;-49,11192482;"SPRF-SC";"DEL04-SC";"UOP01-DEL04-SC"
557181;2023-10-25;"quarta-feira";"19:15:00";"DF";60;24;"BRASILIA";"Reação tardia ou ineficiente do condutor";"Colisão com objeto";"Com Vítimas Feridas";"Plena Noite";"Decrescente";"Nublado";"Dupla";"Reta;Declive";"Não";2;0;1;0;1;0;1;1;-15,991807;-48,232067;"SPRF-DF";"DEL03-DF";"UOP01-DEL03-DF"
557183;2023-10-25;"quarta-feira";"19:40:00";"MA";10;257,9;"IMPERATRIZ";"Condutor deixou de manter distância do veículo da frente";"Colisão traseira";"Com Vítimas Feridas";"Plena Noite";"Decrescente";"Céu Claro";"Simples";"Reta;Interseção de Vias";"Sim";2;0;0;1;1;0;1;2;-5,48910397;-47,47196674;"SPRF-MA";"DEL04-MA";"UOP01-DEL04-MA"
557184;2023-10-25;"quarta-feira";"19:46:00";"RJ";116;86,5;"TERESOPOLIS";"Pedestre cruzava a pista fora da faixa";"Atropelamento de Pedestre";"Com Vítimas Fatais";"Plena Noite";"Decrescente";"Garoa/Chuvisco";"Simples";"Viaduto";"Sim";2;1;0;0;1;0;0;2;-22,43483092;-42,94778824;"SPRF-RJ";"DEL04-RJ";"UOP01-DEL04-RJ"
557185;2023-10-25;"quarta-feira";"19:40:00";"PA";316;64,9;"CASTANHAL";"Ausência de reação do condutor";"Atropelamento de Pedestre";"Com Vítimas Feridas";"Plena Noite";"Decrescente";"Céu Claro";"Dupla";"Reta";"Não";2;0;2;0;0;0;2;2;-1,29629557;-47,91983997;"SPRF-PA";"DEL01-PA";"UOP01-DEL01-PA"
557187;2023-10-25;"quarta-feira";"18:20:00";"BA";324;355;"CAPIM GROSSO";"Desrespeitar a preferência no cruzamento";"Colisão traseira";"Sem Vítimas";"Plena Noite";"Crescente";"Céu Claro";"Simples";"Curva";"Sim";2;0;0;0;2;0;0;2;-11,38281472;-40,00426769;"SPRF-BA";"DEL04-BA";"UOP02-DEL04-BA"
557188;2023-10-25;"quarta-feira";"18:15:00";"MT";70;520;"CUIABA";"Ausência de reação do condutor";"Colisão traseira";"Com Vítimas Feridas";"Plena Noite";"Decrescente";"Nublado";"Simples";"Reta";"Sim";2;0;1;0;1;0;1;2;-15,65051022;-55,99823809;"SPRF-MT";"DEL01-MT";"UOP02-DEL01-MT"
557189;2023-10-25;"quarta-feira";"20:15:00";"PE";101;67,2;"RECIFE";"Reação tardia ou ineficiente do condutor";"Colisão lateral mesmo sentido";"Com Vítimas Feridas";"Plena Noite";"Crescente";"Céu Claro";"Dupla";"Reta";"Sim";3;0;0;1;2;0;1;3;-8,042334;-34,943096;"SPRF-PE";"DEL01-PE";"UOP01-DEL01-PE"
557190;2023-10-25;"quarta-feira";"19:09:00";"RO";364;703;"PORTO VELHO";"Ausência de reação do condutor";"Colisão traseira";"Com Vítimas Feridas";"Plena Noite";"Decrescente";"Céu Claro";"Dupla";"Reta";"Sim";2;0;1;0;1;0;1;2;-8,80021523;-63,79557792;"SPRF-RO";"DEL01-RO";"UOP01-DEL01-RO"
557191;2023-10-25;"quarta-feira";"17:00:00";"PI";316;30,9;"DEMERVAL LOBAO";"Manobra de mudança de faixa";"Colisão transversal";"Com Vítimas Feridas";"Anoitecer";"Crescente";"Céu Claro";"Simples";"Reta";"Sim";2;0;1;0;0;1;1;2;-5,33309;-42,69755301;"SPRF-PI";"DEL01-PI";"UOP02-DEL01-PI"
557192;2023-10-25;"quarta-feira";"19:47:00";"RN";427;38,7;"ACARI";"Reação tardia ou ineficiente do condutor";"Capotamento";"Com Vítimas Feridas";"Plena Noite";"Crescente";"Céu Claro";"Simples";"Reta";"Não";1;0;1;0;0;0;1;1;-6,52514996;-36,64447308;"SPRF-RN";"DEL03-RN";"UOP02-DEL03-RN"
557195;2023-10-25;"quarta-feira";"15:25:00";"RS";468;58,7;"CAMPO NOVO";"Transitar na contramão";"Colisão frontal";"Com Vítimas Feridas";"Pleno dia";"Crescente";"Céu Claro";"Simples";"Reta;Aclive";"Não";3;0;1;1;1;0;2;2;-27,75445528;-53,77416803;"SPRF-RS";"DEL08-RS";"UOP02-DEL08-RS"
557196;2023-10-25;"quarta-feira";"19:40:00";"PI";230;308;"FLORIANO";"Ausência de reação do condutor";"Queda de ocupante de veículo";"Com Vítimas Feridas";"Plena Noite";"Decrescente";"Céu Claro";"Simples";"Reta";"Sim";3;0;2;0;1;0;2;2;-6,78159309;-43,00121707;"SPRF-PI";"DEL03-PI";"UOP01-DEL03-PI"
557197;2023-10-25;"quarta-feira";"20:00:00";"RJ";40;112;"DUQUE DE CAXIAS";"Demais falhas mecânicas ou elétricas";"Incêndio";"Sem Vítimas";"Plena Noite";"Crescente";"Chuva";"Múltipla";"Reta";"Não";1;0;0;0;1;0;0;1;-22,7004454;-43,29014851;"SPRF-RJ";"DEL01-RJ";"UOP01-DEL01-RJ"