"id";"data_inversa";"dia_semana";"horario";"uf";"br";"km";"municipio";"causa_acidente";"tipo_acidente";"classificacao_acidente";"fase_dia";"sentido_via";"condicao_metereologica";"tipo_pista";"tracado_via";"uso_solo";"pessoas";"mortos";"feridos_leves";"feridos_graves";"ilesos";"ignorados";"feridos";"veiculos";"latitude";"longitude";"regional";"delegacia";"uop"
557198;2023-10-25;"quarta-feira";"12:20:00";"MS";158;95;"PARANAIBA";"Acessar a via sem observar a presença dos outros veículos";"Colisão transversal";"Com Vítimas Feridas";"Pleno dia";"Crescente";"Céu Claro";"Dupla";"Interseção de Vias";"Sim";2;0;0;1;1;0;1;2;-19,68601922;-51,19995296;"SPRF-MS";"DEL08-MS";"UOP01-DEL08-MS"
557199;2023-10-25;"quarta-feira";"19:30:00";"PR";369;129;"JATAIZINHO";"Conversão proibida";"Colisão transversal";"Com Vítimas Feridas";"Plena Noite";"Crescente";"Nublado";"Simples";"Reta";"Sim";2;0;0;1;1;0;1;2;-23,25796307;-50,98155677;"SPRF-PR";"DEL07-PR";"UOP01-DEL07-PR"
557201;2023-10-25;"quarta-feira";"20:20:00";"MS";163;259;"DOURADOS";"Condutor usando celular";"Saída de leito carroçável";"Sem Vítimas";"Plena Noite";"Decrescente";"Nublado";"Dupla";"Reta";"Sim";1;0;0;0;1;0;0;1;-22,25258409;-54,77697385;"SPRF-MS";"DEL04-MS";"UOP01-DEL04-MS"
557204;2023-10-25;"quarta-feira";"22:30:00";"RN";101;77;"NATAL";"Transitar na contramão";"Colisão frontal";"Com Vítimas Feridas";"Plena Noite";"Crescente";"Céu Claro";"Múltipla";"Curva;Em Obras;Declive";"Sim";2;0;2;0;0;0;2;2;-5,73180495;-35,29112135;"SPRF-RN";"DEL02-RN";"UOP01-DEL02-RN"
557205;2023-09-30;"sábado";"23:43:00";"PE";104;29;"TORITAMA";"Transitar na contramão";"Saída de leito carroçável";"Com Vítimas Feridas";"Plena Noite";"Decrescente";"Céu Claro";"Simples";"Reta";"Sim";2;0;1;1;0;0;2;2;-8,0078;-36,0621;"SPRF-PE";"DEL02-PE";"UOP01-DEL02-PE"
557209;2023-10-25;"quarta-feira";"22:45:00";"SP";116;283,5;"EMBU DAS ARTES";"Pedestre andava na pista";"Atropelamento de Pedestre";"Com Vítimas Fatais";"Pleno dia";"Crescente";"Nublado";"Dupla";"Reta";"Sim";2;1;0;0;0;1;0;2;-23,66962968;-46,85599637;"SPRF-SP";"DEL04-SP";"UOP01-DEL04-SP"
557211;2023-05-22;"segunda-feira";"14:59:00";"PI";343;1;"TERESINA";"Manobra de mudança de faixa";"Colisão com objeto";"Com Vítimas Feridas";"Pleno dia";"Decrescente";"Céu Claro";"Dupla";"Reta";"Sim";1;0;1;0;0;0;1;1;-5,0808956;-42,75957411;"SPRF-PI";"DEL01-PI";"UOP01-DEL01-PI"
557212;2023-10-26;"quinta-feira";"00:00:00";"SP";116;284;"ITAPECERICA DA SERRA";"Animais na Pista";"Atropelamento de Animal";"Com Vítimas Feridas";"Plena Noite";"Crescente";"Nublado";"Dupla";"Reta";"Não";1;0;1;0;0;0;1;1;-23,69998;-46,867767;"SPRF-SP";"DEL04-SP";"UOP01-DEL04-SP"
557213;2023-10-25;"quarta-feira";"22:40:00";"GO";60;356;"RIO VERDE";"Ingestão de álcool pelo condutor";"Saída de leito carroçável";"Sem Vítimas";"Plena Noite";"Crescente";"Céu Claro";"Dupla";"Reta";"Não";2;0;0;0;2;0;0;1;-17,6008;-50,7426;"SPRF-GO";"DEL04-GO";"UOP02-DEL04-GO"
557214;2023-10-25;"quarta-feira";"23:00:00";"SP";116;547;"BARRA DO TURVO";"Reação tardia ou ineficiente do condutor";"Saída de leito carroçável";"Com Vítimas Fatais";"Anoitecer";"Crescente";"Chuva";"Simples";"Reta";"Não";4;1;1;0;1;1;1;2;-24,9503414;-48,4394088;"SPRF-SP";"DEL05-SP";"UOP02-DEL05-SP"
557217;2023-10-25;"quarta-feira";"23:15:00";"GO";153;223;"HIDROLINA";"Velocidade Incompatível";"Colisão com objeto";"Com Vítimas Fatais";"Plena Noite";"Crescente";"Chuva";"Simples";"Reta";"Não";4;2;2;0;0;0;2;2;-14,722175;-49,231752;"SPRF-GO";"DEL07-GO";"UOP02-DEL07-GO"
557219;2023-10-25;"quarta-feira";"20:00:00";"RO";435;57;"VILHENA";"Ingestão de álcool pelo condutor";"Saída de leito carroçável";"Com Vítimas Feridas";"Plena Noite";"Decrescente";"Nublado";"Simples";"Curva;Declive";"Não";2;0;1;0;0;1;1;2;-13,03001699;-60,40250961;"SPRF-RO";"DEL04-RO";"UOP02-DEL04-RO"
557220;2023-10-26;"quinta-feira";"05:40:00";"RS";116;146,6;"CAXIAS DO SUL";"Reação tardia ou ineficiente do condutor";"Saída de leito carroçável";"Com Vítimas Feridas";"Amanhecer";"Crescente";"Céu Claro";"Dupla";"Reta;Declive";"Sim";1;0;1;0;0;0;1;1;-29,14675476;-51,14096045;"SPRF-RS";"DEL05-RS";"UOP01-DEL05-RS"
557222;2023-10-26;"quinta-feira";"06:30:00";"CE";116;4;"FORTALEZA";"Condutor deixou de manter distância do veículo da frente";"Colisão lateral mesmo sentido";"Com Vítimas Feridas";"Pleno dia";"Crescente";"Céu Claro";"Múltipla";"Reta";"Sim";3;0;2;0;1;0;2;2;-3,7867209;-38,5114568;"SPRF-CE";"DEL01-CE";"UOP02-DEL01-CE"
557223;2023-10-26;"quinta-feira";"00:20:00";"PR";373;417;"FOZ DO JORDAO";"Acessar a via sem observar a presença dos outros veículos";"Colisão transversal";"Com Vítimas Fatais";"Plena Noite";"Decrescente";"Céu Claro";"Simples";"Reta;Declive";"Não";58;1;1;3;53;0;4;2;-25,6823182;-52,1459342;"SPRF-PR";"DEL08-PR";"UOP01-DEL08-PR"
557225;2023-10-26;"quinta-feira";"06:40:00";"DF";20;19;"BRASILIA";"Transitar no Acostamento";"Atropelamento de Pedestre";"Com Vítimas Feridas";"Pleno dia";"Decrescente";"Nublado";"Dupla";"Reta;Aclive";"Sim";2;0;1;0;1;0;1;2;-15,612175;-47,700928;"SPRF-DF";"DEL02-DF";"UOP01-DEL02-DF"
557226;2023-10-26;"quinta-feira";"06:26:00";"SP";116;307,1;"SAO LOURENCO DA SERRA";"Reação tardia ou ineficiente do condutor";"Saída de leito carroçável";"Com Vítimas Feridas";"Amanhecer";"Decrescente";"Céu Claro";"Dupla";"Reta";"Sim";2;0;1;0;1;0;1;1;-23,85630016;-46,94096988;"SPRF-SP";"DEL04-SP";"UOP01-DEL04-SP"
557227;2023-10-26;"quinta-feira";"06:45:00";"MG";116;761;"LEOPOLDINA";"Desrespeitar a preferência no cruzamento";"Colisão traseira";"Com Vítimas Feridas";"Amanhecer";"Crescente";"Céu Claro";"Simples";"Reta";"Sim";2;0;1;0;1;0;1;2;-21,52207278;-42,61775334;"SPRF-MG";"DEL07-MG";"UOP01-DEL07-MG"
557228;2023-10-26;"quinta-feira";"06:45:00";"SC";470;22;"ILHOTA";"Avarias e/ou desgaste excessivo no pneu";"Queda de ocupante de veículo";"Com Vítimas Feridas";"Pleno dia";"Crescente";"Nublado";"Dupla";"Reta";"Não";1;0;0;1;0;0;1;1;-26,880066;-48,836224;"SPRF-SC";"DEL04-SC";"UOP04-DEL04-SC"
557229;2023-10-26;"quinta-feira";"05:40:00";"PR";369;411;"JURANDA";"Ultrapassagem Indevida";"Colisão frontal";"Com Vítimas Feridas";"Amanhecer";"Decrescente";"Nevoeiro/Neblina";"Simples";"Reta";"Não";6;0;2;0;4;0;2;3;-24,3419;-52,7176;"SPRF-PR";"DEL04-PR";"UOP03-DEL04-PR"
557230;2023-10-25;"quarta-feira";"13:10:00";"RJ";356;65;"ITAPERUNA";"Curva acentuada";"Capotamento";"Sem Vítimas";"Plena Noite";"Decrescente";"Garoa/Chuvisco";"Simples";"Curva;Aclive";"Não";1;0;0;0;1;0;0;1;-21,34906796;-41,7137759;"SPRF-RJ";"DEL08-RJ";"UOP03-DEL08-RJ"
557231;2023-10-26;"quinta-feira";"05:55:00";"PE";423;27,8;"SAO CAITANO";"Ausência de reação do condutor";"Colisão frontal";"Com Vítimas Feridas";"Pleno dia";"Crescente";"Céu Claro";"Simples";"Reta";"Não";3;0;2;0;1;0;2;2;-8,39548998;-36,18077804;"SPRF-PE";"DEL03-PE";"UOP02-DEL03-PE"
557232;2023-10-26;"quinta-feira";"06:00:00";"MT";364;205;"RONDONOPOLIS";"Condutor deixou de manter distância do veículo da frente";"Colisão traseira";"Com Vítimas Feridas";"Pleno dia";"Decrescente";"Céu Claro";"Dupla";"Retorno Regulamentado";"Sim";2;0;1;0;1;0;1;2;-16,45928621;-54,66092345;"SPRF-MT";"DEL02-MT";"UOP01-DEL02-MT"
557233;2023-10-26;"quinta-feira";"06:20:00";"MS";163;466;"CAMPO GRANDE";"Manobra de mudança de faixa";"Colisão lateral mesmo sentido";"Com Vítimas Feridas";"Pleno dia";"Decrescente";"Céu Claro";"Simples";"Rotatória";"Não";2;0;1;0;1;0;1;2;-20,58366743;-54,58249211;"SPRF-MS";"DEL01-MS";"UOP01-DEL01-MS"
557234;2023-10-26;"quinta-feira";"07:10:00";"MG";40;546;"NOVA LIMA";"Condutor deixou de manter distância do veículo da frente";"Engavetamento";"Com Vítimas Feridas";"Pleno dia";"Crescente";"Céu Claro";"Dupla";"Aclive";"Não";6;0;1;1;4;0;2;6;-20,01444685;-43,96893823;"SPRF-MG";"DEL01-MG";"UOP02-DEL01-MG"
557235;2023-10-26;"quinta-feira";"07:00:00";"RN";101;104;"PARNAMIRIM";"Problema com o freio";"Queda de ocupante de veículo";"Com Vítimas Feridas";"Pleno dia";"Crescente";"Céu Claro";"Múltipla";"Reta";"Sim";2;0;1;1;0;0;2;1;-5,892745;-35,257225;"SPRF-RN";"DEL01-RN";"UOP01-DEL01-RN"
557236;2023-10-26;"quinta-feira";"05:30:00";"MG";381;295;"ANTONIO DIAS";"Ausência de reação do condutor";"Colisão com objeto";"Com Vítimas Fatais";"Amanhecer";"Crescente";"Nublado";"Dupla";"Curva";"Não";3;1;2;0;0;0;2;1;-19,62589942;-42,86308111;"SPRF-MG";"DEL03-MG";"UOP02-DEL03-MG"
557238;2023-10-26;"quinta-feira";"07:20:00";"PI";316;310,6;"PICOS";"Manobra de mudança de faixa";"Colisão transversal";"Com Vítimas Feridas";"Pleno dia";"Crescente";"Céu Claro";"Múltipla";"Reta";"Sim";2;0;1;0;1;0;1;2;-7,07639186;-41,47475001;"SPRF-PI";"DEL04-PI";"UOP01-DEL04-PI"
557242;2023-10-26;"quinta-feira";"08:10:00";"GO";40;5;"VALPARAISO DE GOIAS";"Acessar a via sem observar a presença dos outros veículos";"Colisão transversal";"Com Vítimas Feridas";"Pleno dia";"Decrescente";"Céu Claro";"Dupla";"Reta";"Sim";2;0;1;1;0;0;2;2;-16,093134;-47,982236;"SPRF-DF";"DEL01-DF";"UOP01-DEL01-DF"
557243;2023-10-26;"quinta-feira";"08:05:00";"TO";153;333;"GUARAI";"Acessar a via sem observar a presença dos outros veículos";"Colisão transversal";"Sem Vítimas";"Pleno dia";"Crescente";"Céu Claro";"Múltipla";"Interseção de Vias;Rotatória";"Sim";7;0;0;0;7;0;0;2;-8,826486;-48,51216;"SPRF-TO";"DEL02-TO";"UOP02-DEL02-TO"
557244;2023-10-26;"quinta-feira";"06:35:00";"SP";116;161;"JACAREI";"Reação tardia ou ineficiente do condutor";"Tombamento";"Com Vítimas Feridas";"Pleno dia";"Crescente";"Nublado";"Dupla";"Curva";"Sim";1;0;1;0;0;0;1;1;-23,27617003;-45,97592098;"SPRF-SP";"DEL02-SP";"UOP01-DEL02-SP"
557245;2023-10-26;"quinta-feira";"07:40:00";"PB";230;516,9;"BOM JESUS";"Avarias e/ou desgaste excessivo no pneu";"Saída de leito carroçável";"Com Vítimas Feridas";"Pleno dia";"Crescente";"Céu Claro";"Simples";"Curva";"Não";1;0;1;0;0;0;1;1;-6,859973;-38,662176;"SPRF-PB";"DEL03-PB";"UOP03-DEL03-PB"
557247;2023-10-25;"quarta-feira";"14:30:00";"RN";226;398,8;"PAU DOS FERROS";"Condutor Dormindo";"Saída de leito carroçável";"Com Vítimas Feridas";"Pleno dia";"Decrescente";"Céu Claro";"Simples";"Reta";"Não";1;0;1;0;0;0;1;1;-6,1286;-38,1111;"SPRF-RN";"DEL04-RN";"UOP02-DEL04-RN"
557248;2023-10-26;"quinta-feira";"08:10:00";"RJ";101;478;"ANGRA DOS REIS";"Desrespeitar a preferência no cruzamento";"Colisão lateral mesmo sentido";"Com Vítimas Feridas";"Pleno dia";"Crescente";"Nublado";"Simples";"Retorno Regulamentado";"Não";2;0;1;0;1;0;1;2;-22,998716;-44,264571;"SPRF-RJ";"DEL03-RJ";"UOP03-DEL03-RJ"
557250;2023-10-26;"quinta-feira";"09:00:00";"CE";222;4,5;"CAUCAIA";"Manobra de mudança de faixa";"Colisão traseira";"Com Vítimas Feridas";"Pleno dia";"Crescente";"Sol";"Múltipla";"Reta";"Sim";3;0;2;0;1;0;2;2;-3,74212;-38,609322;"SPRF-CE";"DEL01-CE";"UOP01-DEL01-CE"
557251;2023-10-26;"quinta-feira";"08:30:00";"ES";101;264;"SERRA";"Manobra de mudança de faixa";"Colisão lateral mesmo sentido";"Com Vítimas Feridas";"Pleno dia";"Decrescente";"Céu Claro";"Dupla";"Reta";"Sim";2;0;1;0;1;0;1;2;-20,17292791;-40,26736384;"SPRF-ES";"DEL02-ES";"UOP01-DEL02-ES"
557253;2023-10-26;"quinta-feira";"07:56:00";"PE";232;410;"SERRA TALHADA";"Acesso irregular";"Colisão lateral mesmo sentido";"Com Vítimas Feridas";"Pleno dia";"Crescente";"Céu Claro";"Simples";"Curva";"Não";2;0;1;0;1;0;1;2;-7,98261841;-38,30039606;"SPRF-PE";"DEL04-PE";"UOP01-DEL04-PE"
557256;2023-10-26;"quinta-feira";"07:10:00";"RJ";40;103;"DUQUE DE CAXIAS";"Reação tardia ou ineficiente do condutor";"Colisão traseira";"Com Vítimas Feridas";"Pleno dia";"Decrescente";"Chuva";"Múltipla";"Reta";"Sim";2;0;1;0;1;0;1;2;-22,62009;-43,286922;"SPRF-RJ";"DEL01-RJ";"UOP01-DEL01-RJ"
557259;2023-10-26;"quinta-feira";"08:40:00";"MG";381;542,5;"ITATIAIUCU";"Velocidade Incompatível";"Saída de leito carroçável";"Com Vítimas Feridas";"Pleno dia";"Decrescente";"Céu Claro";"Dupla";"Reta";"Não";1;0;0;1;0;0;1;1;-20,26492509;-44,42256682;"SPRF-MG";"DEL04-MG";"UOP03-DEL04-MG"
557267;2023-07-06;"quinta-feira";"17:30:00";"DF";20;10;"BRASILIA";"Trafegar com motocicleta (ou similar) entre as faixas";"Colisão lateral mesmo sentido";"Com Vítimas Feridas";"Anoitecer";"Crescente";"Céu Claro";"Dupla";"Reta";"Sim";3;0;0;1;2;0;1;2;-15,650243;-47,773872;"SPRF-DF";"DEL02-DF";"UOP01-DEL02-DF"
557268;2023-10-26;"quinta-feira";"06:30:00";"MT";158;3;"BARRA DO GARCAS";"Ausência de reação do condutor";"Colisão com objeto";"Com Vítimas Feridas";"Pleno dia";"Decrescente";"Céu Claro";"Simples";"Reta;Interseção de Vias";"Sim";2;0;1;0;1;0;1;2;-15,88616133;-52,27005525;"SPRF-MT";"DEL07-MT";"NPF/DEL07-MT"
557269;2023-06-14;"quarta-feira";"17:40:00";"PI";343;2,6;"TERESINA";"Trafegar com motocicleta (ou similar) entre as faixas";"Colisão transversal";"Com Vítimas Feridas";"Anoitecer";"Crescente";"Céu Claro";"Dupla";"Reta";"Sim";3;0;1;0;2;0;1;3;-5,089569;-42,802288;"SPRF-PI";"DEL05-PI";"UOP01-DEL05-PI"
557270;2023-10-26;"quinta-feira";"10:20:00";"RS";116;248;"SAO LEOPOLDO";"Reação tardia ou ineficiente do condutor";"Tombamento";"Com Vítimas Feridas";"Pleno dia";"Decrescente";"Nublado";"Dupla";"Reta;Viaduto";"Sim";3;0;1;0;2;0;1;2;-29,77392318;-51,1544466;"SPRF-RS";"DEL01-RS";"UOP02-DEL01-RS"
557271;2023-10-26;"quinta-feira";"07:46:00";"RO";364;236,6;"CACOAL";"Velocidade Incompatível";"Colisão lateral mesmo sentido";"Com Vítimas Feridas";"Pleno dia";"Crescente";"Céu Claro";"Simples";"Interseção de Vias;Retorno Regulamentado;Reta";"Sim";4;0;4;0;0;0;4;3;-11,444005;-61,445124;"SPRF-RO";"DEL02-RO";"UOP02-DEL02-RO"
557274;2023-10-26;"quinta-feira";"10:30:00";"MG";262;827;"UBERABA";"Reação tardia ou ineficiente do condutor";"Saída de leito carroçável";"Sem Vítimas";"Pleno dia";"Crescente";"Nublado";"Dupla";"Reta";"Não";1;0;0;0;0;1;0;1;-19,74647608;-48,17757607;"SPRF-MG";"DEL13-MG";"UOP01-DEL13-MG"
557275;2023-10-26;"quinta-feira";"06:49:00";"GO";40;96;"CRISTALINA";"Pista Escorregadia";"Colisão frontal";"Com Vítimas Feridas";"Pleno dia";"Decrescente";"Garoa/Chuvisco";"Simples";"Reta;Interseção de Vias";"Sim";2;0;1;0;1;0;1;2;-16,75768;-47,601613;"SPRF-DF";"DEL01-DF";"UOP02-DEL01-DF"
557278;2023-10-26;"quinta-feira";"08:07:00";"AC";364;136;"RIO BRANCO";"Acessar a via sem observar a presença dos outros veículos";"Colisão lateral mesmo sentido";"Com Vítimas Feridas";"Pleno dia";"Crescente";"Sol";"Dupla";"Rotatória";"Sim";2;0;1;0;0;1;1;2;-9,977578;-67,8489;"SPRF-AC";"DEL01-AC";"UOP01-DEL01-AC"
557279;2023-10-26;"quinta-feira";"10:00:00";"MA";230;410;"BALSAS";"Acesso irregular";"Colisão lateral mesmo sentido";"Sem Vítimas";"Pleno dia";"Decrescente";"Céu Claro";"Simples";"Reta";"Não";2;0;0;0;1;1;0;2;-7,508463;-46,097347;"SPRF-MA";"DEL05-MA";"UOP01-DEL05-MA"
557282;2023-10-26;"quinta-feira";"10:50:00";"RS";470;216;"BENTO GONCALVES";"Condutor deixou de manter distância do veículo da frente";"Colisão lateral mesmo sentido";"Com Vítimas Feridas";"Pleno dia";"Crescente";"Céu Claro";"Dupla";"Reta";"Sim";2;0;1;0;1;0;1;2;-29,16688678;-51,52598083;"SPRF-RS";"DEL06-RS";"UOP01-DEL06-RS"
557284;2023-10-26;"quinta-feira";"11:15:00";"MG";365;626,1;"UBERLANDIA";"Manobra de mudança de faixa";"Colisão lateral mesmo sentido";"Com Vítimas Feridas";"Pleno dia";"Crescente";"Nublado";"Dupla";"Declive;Curva";"Não";2;0;1;0;0;1;1;2;-18,90659356;-48,33469405;"SPRF-MG";"DEL15-MG";"UOP01-DEL15-MG"
557285;2023-10-26;"quinta-feira";"10:50:00";"RJ";493;1,2;"ITABORAI";"Transitar no Acostamento";"Colisão lateral mesmo sentido";"Com Vítimas Feridas";"Pleno dia";"Decrescente";"Céu Claro";"Simples";"Curva";"Sim";2;0;1;0;1;0;1;2;-22,76700119;-42,92276859;"SPRF-RJ";"DEL02-RJ";"UOP02-DEL02-RJ"
557286;2023-10-26;"quinta-feira";"11:00:00";"ES";101;269,5;"SERRA";"Manobra de mudança de faixa";"Colisão lateral mesmo sentido";"Com Vítimas Feridas";"Pleno dia";"Crescente";"Céu Claro";"Dupla";"Reta";"Sim";2;0;1;0;0;1;1;2;-20,21740496;-40,26990578;"SPRF-ES";"DEL02-ES";"UOP01-DEL02-ES"
557289;2023-10-26;"quinta-feira";"10:00:00";"GO";153;501;"GOIANIA";"Frear bruscamente";"Queda de ocupante de veículo";"Com Vítimas Feridas";"Pleno dia";"Decrescente";"Céu Claro";"Dupla";"Reta;Aclive";"Sim";1;0;1;0;0;0;1;1;-16,7189;-49,2382;"SPRF-GO";"DEL01-GO";"UOP01-DEL01-GO"
557290;2023-10-26;"quinta-feira";"12:50:00";"SP";116;218,6;"GUARULHOS";"Reação tardia ou ineficiente do condutor";"Engavetamento";"Com Vítimas Feridas";"Pleno dia";"Crescente";"Nublado";"Múltipla";"Reta";"Sim";4;0;1;0;3;0;1;4;-23,457972;-46,479927;"SPRF-SP";"DEL01-SP";"UOP01-DEL01-SP"
557291;2023-10-26;"quinta-feira";"12:15:00";"BA";324;517;"FEIRA DE SANTANA";"Conversão proibida";"Colisão transversal";"Com Vítimas Feridas";"Pleno dia";"Crescente";"Céu Claro";"Simples";"Reta";"Sim";2;0;0;1;1;0;1;2;-12,24953308;-38,93362525;"SPRF-BA";"DEL02-BA";"UOP01-DEL02-BA"
557292;2023-10-26;"quinta-feira";"11:10:00";"RJ";116;144;"DUQUE DE CAXIAS";"Reação tardia ou ineficiente do condutor";"Colisão traseira";"Com Vítimas Feridas";"Pleno dia";"Crescente";"Nublado";"Dupla";"Reta";"Não";2;0;1;0;1;0;1;2;-22,65737709;-43,24724694;"SPRF-RJ";"DEL01-RJ";"UOP01-DEL01-RJ"
557296;2023-10-26;"quinta-feira";"13:00:00";"SC";101;333,8;"TUBARAO";"Transitar na contramão";"Colisão frontal";"Com Vítimas Feridas";"Pleno dia";"Crescente";"Nublado";"Dupla";"Reta;Interseção de Vias";"Sim";3;0;2;0;1;0;2;2;-28,46963164;-49,01687086;"SPRF-SC";"DEL02-SC";"UOP01-DEL02-SC"
557299;2023-10-26;"quinta-feira";"13:15:00";"MG";381;654;"SANTO ANTONIO DO AMPARO";"Chuva";"Saída de leito carroçável";"Com Vítimas Feridas";"Pleno dia";"Crescente";"Chuva";"Dupla";"Curva;Aclive";"Não";1;0;1;0;0;0;1;1;-21,00073835;-44,96765656;"SPRF-MG";"DEL04-MG";"UOP02-DEL04-MG"
557300;2023-10-26;"quinta-feira";"13:55:00";"RS";116;243;"SAO LEOPOLDO";"Reação tardia ou ineficiente do condutor";"Colisão com objeto";"Sem Vítimas";"Pleno dia";"Crescente";"Céu Claro";"Dupla";"Reta";"Não";1;0;0;0;1;0;0;1;-29,7280298;-51,14926457;"SPRF-RS";"DEL01-RS";"UOP02-DEL01-RS"
557301;2023-10-26;"quinta-feira";"13:50:00";"MG";381;445;"SABARA";"Transitar na contramão";"Colisão lateral sentido oposto";"Sem Vítimas";"Pleno dia";"Crescente";"Céu Claro";"Simples";"Reta";"Não";3;0;0;0;3;0;0;2;-19,82543027;-43,83409786;"SPRF-MG";"DEL01-MG";"UOP01-DEL01-MG"
557303;2023-10-23;"segunda-feira";"20:00:00";"BA";116;912;"ENCRUZILHADA";"Deixar de acionar o farol da motocicleta (ou similar)";"Colisão transversal";"Com Vítimas Feridas";"Plena Noite";"Crescente";"Céu Claro";"Simples";"Reta";"Não";2;0;1;0;1;0;1;2;-15,45480006;-41,22945884;"SPRF-BA";"DEL08-BA";"UOP03-DEL08-BA"
557305;2023-10-26;"quinta-feira";"13:45:00";"RJ";116;189;"NOVA IGUACU";"Avarias e/ou desgaste excessivo no pneu";"Queda de ocupante de veículo";"Com Vítimas Feridas";"Pleno dia";"Decrescente";"Céu Claro";"Dupla";"Reta";"Não";2;0;2;0;0;0;2;1;-22,73765712;-43,49182298;"SPRF-RJ";"DEL01-RJ";"UOP02-DEL01-RJ"
557307;2023-10-26;"quinta-feira";"07:20:00";"PR";376;388;"IMBAU";"Ausência de reação do condutor";"Saída de leito carroçável";"Com Vítimas Feridas";"Pleno dia";"Crescente";"Céu Claro";"Dupla";"Reta";"Não";1;0;1;0;0;0;1;1;-24,465964;-50,748328;"SPRF-PR";"DEL03-PR";"UOP02-DEL03-PR"
557309;2023-10-26;"quinta-feira";"13:50:00";"MG";50;179;"UBERABA";"Ausência de reação do condutor";"Tombamento";"Com Vítimas Feridas";"Pleno dia";"Decrescente";"Chuva";"Dupla";"Reta";"Sim";2;0;0;1;0;1;1;2;-19,77827047;-47,93140998;"SPRF-MG";"DEL13-MG";"UOP01-DEL13-MG"
557312;2023-06-23;"sexta-feira";"18:00:00";"RO";364;422;"JARU";"Acesso irregular";"Colisão lateral mesmo sentido";"Com Vítimas Feridas";"Plena Noite";"Crescente";"Céu Claro";"Simples";"Reta";"Sim";2;0;0;1;1;0;1;2;-10,4597532;-62,4558043;"SPRF-RO";"DEL03-RO";"UOP02-DEL03-RO"
557313;2023-08-23;"quarta-feira";"18:20:00";"PR";116;129;"FAZENDA RIO GRANDE";"Pedestre cruzava a pista fora da faixa";"Atropelamento de Pedestre";"Com Vítimas Feridas";"Plena Noite";"Decrescente";"Nublado";"Múltipla";"Reta";"Sim";3;0;2;0;1;0;2;2;-25,63027814;-49,31381255;"SPRF-PR";"DEL01-PR";"UOP03-DEL01-PR"
557314;2023-10-26;"quinta-feira";"11:30:00";"SC";280;123;"RIO NEGRINHO";"Acessar a via sem observar a presença dos outros veículos";"Colisão transversal";"Com Vítimas Feridas";"Pleno dia";"Crescente";"Céu Claro";"Simples";"Reta";"Não";3;0;1;0;2;0;1;2;-26,24420169;-49,46557991;"SPRF-SC";"DEL06-SC";"UOP03-DEL06-SC"
557316;2023-10-26;"quinta-feira";"15:00:00";"PE";101;49,3;"ABREU E LIMA";"Reação tardia ou ineficiente do condutor";"Colisão traseira";"Sem Vítimas";"Pleno dia";"Crescente";"Céu Claro";"Dupla";"Reta;Declive";"Sim";2;0;0;0;2;0;0;2;-7,9005152;-34,90180641;"SPRF-PE";"DEL01-PE";"UOP02-DEL01-PE"
557317;2023-10-18;"quarta-feira";"15:33:00";"RJ";116;98,9;"GUAPIMIRIM";"Velocidade Incompatível";"Colisão frontal";"Com Vítimas Feridas";"Pleno dia";"Crescente";"Chuva";"Simples";"Declive;Curva";"Não";3;0;2;0;1;0;2;2;-22,48285706;-42,99723936;"SPRF-RJ";"DEL04-RJ";"UOP01-DEL04-RJ"
557318;2023-09-05;"terça-feira";"12:15:00";"PI";316;310;"PICOS";"Entrada inopinada do pedestre";"Atropelamento de Pedestre";"Com Vítimas Feridas";"Pleno dia";"Decrescente";"Céu Claro";"Múltipla";"Reta";"Sim";3;0;0;1;2;0;1;2;-7,075479;-41,469082;"SPRF-PI";"DEL04-PI";"UOP01-DEL04-PI"
557319;2023-09-24;"domingo";"11:35:00";"SC";280;7;"SAO FRANCISCO DO SUL";"Acessar a via sem observar a presença dos outros veículos";"Colisão lateral mesmo sentido";"Com Vítimas Feridas";"Pleno dia";"Decrescente";"Céu Claro";"Simples";"Rotatória";"Sim";3;0;1;0;2;0;1;2;-26,27038531;-48,64068031;"SPRF-SC";"DEL03-SC";"UOP03-DEL03-SC"
557320;2023-10-25;"quarta-feira";"06:00:00";"PR";376;616;"SAO JOSE DOS PINHAIS";"Ausência de reação do condutor";"Queda de ocupante de veículo";"Com Vítimas Feridas";"Pleno dia";"Decrescente";"Nublado";"Dupla";"Aclive";"Não";1;0;1;0;0;0;1;1;-25,57583659;-49,17953679;"SPRF-PR";"DEL01-PR";"UOP04-DEL01-PR"
557321;2023-10-26;"quinta-feira";"13:45:00";"MT";364;257;"JUSCIMEIRA";"Acumulo de água sobre o pavimento";"Saída de leito carroçável";"Com Vítimas Feridas";"Pleno dia";"Crescente";"Chuva";"Dupla";"Retorno Regulamentado;Curva";"Não";2;0;1;0;1;0;1;1;-16,06135645;-54,87126261;"SPRF-MT";"DEL02-MT";"UOP01-DEL02-MT"
557322;2023-10-26;"quinta-feira";"15:20:00";"RS";290;84;"CACHOEIRINHA";"Manobra de mudança de faixa";"Colisão lateral mesmo sentido";"Com Vítimas Feridas";"Pleno dia";"Crescente";"Sol";"Múltipla";"Reta";"Não";2;0;1;0;0;1;1;2;-29,96376;-51,097771;"SPRF-RS";"DEL01-RS";"UOP01-DEL01-RS"
557323;2023-10-26;"quinta-feira";"15:20:00";"PB";230;152,8;"CAMPINA GRANDE";"Manobra de mudança de faixa";"Colisão lateral mesmo sentido";"Com Vítimas Feridas";"Pleno dia";"Crescente";"Sol";"Dupla";"Reta;Retorno Regulamentado;Em Obras";"Sim";4;0;1;1;1;1;2;3;-7,274873;-35,88824;"SPRF-PB";"DEL02-PB";"UOP01-DEL02-PB"