"id";"data_inversa";"dia_semana";"horario";"uf";"br";"km";"municipio";"causa_acidente";"tipo_acidente";"classificacao_acidente";"fase_dia";"sentido_via";"condicao_metereologica";"tipo_pista";"tracado_via";"uso_solo";"pessoas";"mortos";"feridos_leves";"feridos_graves";"ilesos";"ignorados";"feridos";"veiculos";"latitude";"longitude";"regional";"delegacia";"uop"
557443;2023-10-27;"sexta-feira";"06:10:00";"SC";101;286,9;"IMBITUBA";"Ausência de reação do condutor";"Tombamento";"Com Vítimas Feridas";"Pleno dia";"Crescente";"Sol";"Dupla";"Reta";"Não";1;0;1;0;0;0;1;1;-28,22947996;-48,70163526;"SPRF-SC";"DEL02-SC";"UOP03-DEL02-SC"
557444;2023-10-27;"sexta-feira";"06:50:00";"CE";222;20,8;"CAUCAIA";"Condutor deixou de manter distância do veículo da frente";"Tombamento";"Com Vítimas Fatais";"Pleno dia";"Crescente";"Céu Claro";"Múltipla";"Rotatória";"Não";1;1;0;0;0;0;0;1;-3,7411838;-38,7350389;"SPRF-CE";"DEL01-CE";"UOP01-DEL01-CE"
557446;2023-10-27;"sexta-feira";"07:30:00";"PR";116;126;"FAZENDA RIO GRANDE";"Animais na Pista";"Atropelamento de Animal";"Com Vítimas Feridas";"Pleno dia";"Decrescente";"Nublado";"Múltipla";"Reta";"Sim";1;0;1;0;0;0;1;1;-25,60389895;-49,31824423;"SPRF-PR";"DEL01-PR";"UOP03-DEL01-PR"
557448;2023-10-27;"sexta-feira";"07:00:00";"GO";60;99;"ANAPOLIS";"Animais na Pista";"Atropelamento de Animal";"Com Vítimas Feridas";"Pleno dia";"Decrescente";"Céu Claro";"Dupla";"Viaduto;Reta";"Não";1;0;0;1;0;0;1;1;-16,3924;-48,9588;"SPRF-GO";"DEL02-GO";"UOP01-DEL02-GO"
557449;2023-10-27;"sexta-feira";"07:40:00";"RJ";116;186;"NOVA IGUACU";"Manobra de mudança de faixa";"Colisão lateral mesmo sentido";"Com Vítimas Feridas";"Pleno dia";"Decrescente";"Céu Claro";"Dupla";"Reta";"Não";2;0;1;0;1;0;1;2;-22,73962339;-43,46276495;"SPRF-RJ";"DEL01-RJ";"UOP02-DEL01-RJ"
557450;2023-10-27;"sexta-feira";"07:15:00";"SP";153;117,1;"UBARANA";"Ausência de reação do condutor";"Saída de leito carroçável";"Com Vítimas Feridas";"Pleno dia";"Crescente";"Nublado";"Simples";"Reta";"Não";1;0;0;1;0;0;1;1;-21,14572082;-49,70300934;"SPRF-SP";"DEL09-SP";"UOP01-DEL09-SP"
557451;2023-10-27;"sexta-feira";"07:45:00";"SP";116;224;"GUARULHOS";"Demais falhas mecânicas ou elétricas";"Incêndio";"Sem Vítimas";"Pleno dia";"Decrescente";"Céu Claro";"Múltipla";"Reta";"Não";1;0;0;0;1;0;0;1;-23,48071896;-46,53271603;"SPRF-SP";"DEL01-SP";"UOP01-DEL01-SP"
557454;2023-10-27;"sexta-feira";"08:30:00";"ES";101;266;"SERRA";"Ausência de reação do condutor";"Queda de ocupante de veículo";"Com Vítimas Feridas";"Pleno dia";"Decrescente";"Nublado";"Dupla";"Reta";"Não";1;0;1;0;0;0;1;1;-20,190199;-40,26828891;"SPRF-ES";"DEL02-ES";"UOP01-DEL02-ES"
557455;2023-10-27;"sexta-feira";"08:00:00";"RJ";101;331;"RIO DE JANEIRO";"Condutor deixou de manter distância do veículo da frente";"Colisão traseira";"Com Vítimas Feridas";"Pleno dia";"Crescente";"Nublado";"Simples";"Ponte;Reta";"Sim";2;0;1;0;1;0;1;2;-22,871087;-43,204128;"SPRF-RJ";"DEL02-RJ";"UOP01-DEL02-RJ"
557456;2023-10-27;"sexta-feira";"08:20:00";"SC";101;198,6;"SAO JOSE";"Condutor deixou de manter distância do veículo da frente";"Colisão traseira";"Com Vítimas Feridas";"Pleno dia";"Decrescente";"Nublado";"Dupla";"Reta";"Sim";2;0;1;0;1;0;1;2;-27,52658712;-48,63506019;"SPRF-SC";"DEL01-SC";"UOP01-DEL01-SC"
557457;2023-09-09;"sábado";"12:40:00";"RS";158;526,5;"SANTANA DO LIVRAMENTO";"Afundamento ou ondulação no pavimento";"Tombamento";"Com Vítimas Feridas";"Pleno dia";"Crescente";"Céu Claro";"Simples";"Reta";"Não";1;0;0;1;0;0;1;1;-30,74333418;-55,15364167;"SPRF-RS";"DEL11-RS";"UOP01-DEL11-RS"
557458;2023-10-27;"sexta-feira";"07:55:00";"SC";101;326,6;"CAPIVARI DE BAIXO";"Condutor deixou de manter distância do veículo da frente";"Colisão traseira";"Com Vítimas Feridas";"Pleno dia";"Crescente";"Céu Claro";"Múltipla";"Declive";"Não";3;0;0;1;2;0;1;2;-28,43648094;-48,95989307;"SPRF-SC";"DEL02-SC";"UOP01-DEL02-SC"
557459;2023-10-27;"sexta-feira";"07:30:00";"RJ";101;272;"TANGUA";"Velocidade Incompatível";"Saída de leito carroçável";"Com Vítimas Feridas";"Pleno dia";"Decrescente";"Nublado";"Dupla";"Reta";"Não";2;0;1;0;1;0;1;1;-22,72935968;-42,70112512;"SPRF-RJ";"DEL02-RJ";"UOP03-DEL02-RJ"
557460;2023-10-27;"sexta-feira";"06:30:00";"MG";40;149;"JOAO PINHEIRO";"Reação tardia ou ineficiente do condutor";"Saída de leito carroçável";"Com Vítimas Feridas";"Pleno dia";"Crescente";"Céu Claro";"Simples";"Curva";"Não";3;0;0;1;2;0;1;1;-17,78039598;-46,13709081;"SPRF-MG";"DEL14-MG";"UOP02-DEL14-MG"
557461;2023-10-27;"sexta-feira";"09:00:00";"MG";381;349;"JOAO MONLEVADE";"Velocidade Incompatível";"Colisão frontal";"Com Vítimas Feridas";"Pleno dia";"Crescente";"Céu Claro";"Simples";"Curva";"Não";3;0;1;0;1;1;1;3;-19,8499239;-43,14868105;"SPRF-MG";"DEL03-MG";"UOP01-DEL03-MG"
557463;2023-10-27;"sexta-feira";"04:10:00";"PE";232;64;"POMBOS";"Demais falhas mecânicas ou elétricas";"Incêndio";"Sem Vítimas";"Amanhecer";"Crescente";"Céu Claro";"Dupla";"Reta;Aclive";"Não";1;0;0;0;0;1;0;1;-8,16152271;-35,43959107;"SPRF-PE";"DEL02-PE";"UOP02-DEL02PE"
557464;2023-10-27;"sexta-feira";"09:10:00";"PE";101;73,1;"RECIFE";"Reação tardia ou ineficiente do condutor";"Colisão lateral mesmo sentido";"Com Vítimas Feridas";"Pleno dia";"Crescente";"Céu Claro";"Dupla";"Reta";"Sim";2;0;1;0;1;0;1;2;-8,094075;-34,948194;"SPRF-PE";"DEL01-PE";"UOP01-DEL01-PE"
557465;2023-09-15;"sexta-feira";"14:15:00";"MS";262;658;"MIRANDA";"Reação tardia ou ineficiente do condutor";"Eventos atípicos";"Com Vítimas Feridas";"Pleno dia";"Crescente";"Céu Claro";"Simples";"Reta";"Não";3;0;3;0;0;0;3;1;-19,65883311;-57,0213692;"SPRF-MS";"DEL03-MS";"UOP02-DEL03-MS"
557467;2023-10-15;"domingo";"16:05:00";"ES";101;171;"ARACRUZ";"Avarias e/ou desgaste excessivo no pneu";"Tombamento";"Com Vítimas Feridas";"Pleno dia";"Crescente";"Garoa/Chuvisco";"Simples";"Curva";"Não";2;0;0;1;1;0;1;1;-19,55735391;-40,17329217;"SPRF-ES";"DEL04-ES";"UOP01-DEL04-ES"
557473;2023-10-14;"sábado";"19:37:00";"PR";376;176;"MARINGA";"Condutor deixou de manter distância do veículo da frente";"Colisão traseira";"Com Vítimas Feridas";"Plena Noite";"Crescente";"Céu Claro";"Múltipla";"Reta";"Sim";2;0;1;0;1;0;1;2;-23,41269173;-51,93158327;"SPRF-PR";"DEL09-PR";"UOP01-DEL09-PR"
557474;2023-10-27;"sexta-feira";"11:00:00";"SP";116;223;"GUARULHOS";"Mal súbito do condutor";"Colisão traseira";"Com Vítimas Feridas";"Pleno dia";"Decrescente";"Céu Claro";"Múltipla";"Reta";"Sim";2;0;1;0;1;0;1;2;-23,47559815;-46,5246609;"SPRF-SP";"DEL01-SP";"UOP01-DEL01-SP"
557476;2023-10-27;"sexta-feira";"09:26:00";"PR";163;177,9;"LINDOESTE";"Chuva";"Saída de leito carroçável";"Com Vítimas Feridas";"Pleno dia";"Decrescente";"Chuva";"Dupla";"Declive;Curva";"Não";4;0;4;0;0;0;4;1;-25,2011763;-53,60081316;"SPRF-PR";"DEL05-PR";"UOP05-DEL05-PR"
557477;2023-10-27;"sexta-feira";"10:00:00";"GO";40;3;"VALPARAISO DE GOIAS";"Ausência de reação do condutor";"Colisão traseira";"Sem Vítimas";"Pleno dia";"Decrescente";"Nublado";"Dupla";"Reta";"Sim";2;0;0;0;0;2;0;2;-16,076081;-47,985671;"SPRF-DF";"DEL01-DF";"UOP01-DEL01-DF"
557478;2023-10-27;"sexta-feira";"08:45:00";"RJ";101;587,9;"PARATY";"Frear bruscamente";"Colisão traseira";"Com Vítimas Feridas";"Pleno dia";"Decrescente";"Chuva";"Simples";"Reta";"Não";3;0;1;0;2;0;1;2;-23,29439726;-44,69949557;"SPRF-RJ";"DEL03-RJ";"UOP04-DEL03-RJ"
557480;2023-10-27;"sexta-feira";"10:50:00";"SP";488;2;"APARECIDA";"Reação tardia ou ineficiente do condutor";"Saída de leito carroçável";"Com Vítimas Feridas";"Pleno dia";"Crescente";"Céu Claro";"Dupla";"Reta";"Sim";1;0;0;1;0;0;1;1;-22,849216;-45,236801;"SPRF-SP";"DEL08-SP";"UOP01-DEL08-SP"
557481;2023-10-27;"sexta-feira";"10:00:00";"MS";158;5,4;"CASSILANDIA";"Falta de elemento de contenção que evite a saída do leito carroçável";"Saída de leito carroçável";"Com Vítimas Feridas";"Pleno dia";"Crescente";"Nublado";"Simples";"Reta";"Não";3;0;2;0;1;0;2;1;-19,12678656;-51,71566473;"SPRF-MS";"DEL08-MS";"UOP01-DEL08-MS"
557482;2023-10-27;"sexta-feira";"11:30:00";"PE";232;21,1;"MORENO";"Acessar a via sem observar a presença dos outros veículos";"Colisão transversal";"Com Vítimas Feridas";"Pleno dia";"Crescente";"Céu Claro";"Dupla";"Reta;Retorno Regulamentado";"Não";2;0;1;0;1;0;1;2;-8,096423;-35,081226;"SPRF-PE";"DEL01-PE";"UOP01-DEL01-PE"
557483;2023-10-27;"sexta-feira";"12:23:00";"GO";50;235;"CATALAO";"Reação tardia ou ineficiente do condutor";"Saída de leito carroçável";"Com Vítimas Feridas";"Pleno dia";"Crescente";"Céu Claro";"Dupla";"Reta";"Não";1;0;1;0;0;0;1;1;-17,8451;-47,7721;"SPRF-GO";"DEL06-GO";"UOP01-DEL06-GO"
557484;2023-10-27;"sexta-feira";"12:30:00";"GO";40;2;"VALPARAISO DE GOIAS";"Ausência de reação do condutor";"Atropelamento de Pedestre";"Com Vítimas Feridas";"Pleno dia";"Crescente";"Nublado";"Dupla";"Reta";"Sim";2;0;1;0;0;1;1;2;-16,067129;-47,984235;"SPRF-DF";"DEL01-DF";"UOP01-DEL01-DF"
557491;2023-10-27;"sexta-feira";"13:00:00";"MG";381;493,9;"BETIM";"Condutor deixou de manter distância do veículo da frente";"Colisão traseira";"Com Vítimas Feridas";"Pleno dia";"Crescente";"Céu Claro";"Múltipla";"Reta;Declive";"Sim";2;0;1;0;1;0;1;2;-19,97670801;-44,19962698;"SPRF-MG";"DEL01-MG";"UOP03-DEL01-MG"
557492;2023-10-27;"sexta-feira";"13:00:00";"RJ";116;175;"SAO JOAO DE MERITI";"Reação tardia ou ineficiente do condutor";"Colisão traseira";"Com Vítimas Feridas";"Pleno dia";"Crescente";"Céu Claro";"Dupla";"Reta";"Não";4;0;1;0;3;0;1;2;-22,78923555;-43,37275272;"SPRF-RJ";"DEL01-RJ";"UOP02-DEL01-RJ"
557493;2023-10-27;"sexta-feira";"13:15:00";"RS";392;103;"MORRO REDONDO";"Ausência de reação do condutor";"Colisão com objeto";"Com Vítimas Feridas";"Pleno dia";"Crescente";"Céu Claro";"Simples";"Aclive";"Não";4;0;3;1;0;0;4;1;-31,5163521;-52,5982911;"SPRF-RS";"DEL07-RS";"UOP01-DEL07-RS"
557494;2023-10-27;"sexta-feira";"12:00:00";"MT";163;837;"SINOP";"Retorno proibido";"Colisão transversal";"Com Vítimas Feridas";"Pleno dia";"Crescente";"Céu Claro";"Dupla";"Reta";"Sim";2;0;2;0;0;0;2;2;-11,84544803;-55,49114943;"SPRF-MT";"DEL06-MT";"UOP02-DEL06-MT"
557495;2023-10-27;"sexta-feira";"13:00:00";"SC";101;405,3;"ARARANGUA";"Reação tardia ou ineficiente do condutor";"Saída de leito carroçável";"Com Vítimas Feridas";"Pleno dia";"Decrescente";"Céu Claro";"Dupla";"Reta";"Não";2;0;1;0;1;0;1;1;-28,89456007;-49,47010517;"SPRF-SC";"DEL02-SC";"UOP02-DEL02-SC"
557496;2023-10-27;"sexta-feira";"12:50:00";"SC";101;404;"ARARANGUA";"Demais falhas mecânicas ou elétricas";"Tombamento";"Com Vítimas Feridas";"Pleno dia";"Decrescente";"Céu Claro";"Dupla";"Reta";"Não";2;0;1;0;1;0;1;1;-28,89567198;-49,4713068;"SPRF-SC";"DEL02-SC";"UOP02-DEL02-SC"
557498;2023-10-27;"sexta-feira";"12:05:00";"RS";470;214;"BENTO GONCALVES";"Acessar a via sem observar a presença dos outros veículos";"Colisão traseira";"Com Vítimas Feridas";"Pleno dia";"Crescente";"Céu Claro";"Simples";"Curva;Declive";"Sim";2;0;1;0;1;0;1;2;-29,14408811;-51,53555411;"SPRF-RS";"DEL06-RS";"UOP01-DEL06-RS"
557499;2023-10-27;"sexta-feira";"13:30:00";"MG";381;838,3;"SAO SEBASTIAO DA BELA VISTA";"Reação tardia ou ineficiente do condutor";"Saída de leito carroçável";"Com Vítimas Fatais";"Pleno dia";"Crescente";"Céu Claro";"Dupla";"Curva";"Não";5;1;3;1;0;0;4;1;-22,19252695;-45,84775906;"SPRF-MG";"DEL16-MG";"UOP01-DEL16-MG"
557500;2023-10-27;"sexta-feira";"08:47:00";"AC";364;266;"SENA MADUREIRA";"Pista esburacada";"Colisão traseira";"Sem Vítimas";"Pleno dia";"Crescente";"Céu Claro";"Simples";"Reta";"Não";3;0;0;0;3;0;0;2;-9,10674312;-68,61468718;"SPRF-AC";"DEL01-AC";"UOP01-DEL01-AC"
557503;2023-10-27;"sexta-feira";"13:20:00";"PB";230;22,3;"JOAO PESSOA";"Avarias e/ou desgaste excessivo no pneu";"Tombamento";"Com Vítimas Feridas";"Pleno dia";"Decrescente";"Céu Claro";"Dupla";"Curva";"Sim";3;0;2;1;0;0;3;1;-7,1415;-34,8519;"SPRF-PB";"DEL01-PB";"UOP01-DEL01-PB"
557504;2023-10-27;"sexta-feira";"14:00:00";"DF";20;24,2;"BRASILIA";"Chuva";"Colisão com objeto";"Sem Vítimas";"Pleno dia";"Decrescente";"Chuva";"Dupla";"Viaduto;Curva";"Sim";1;0;0;0;0;1;0;1;-15,594831;-47,658615;"SPRF-DF";"DEL02-DF";"UOP01-DEL02-DF"
557506;2023-10-27;"sexta-feira";"14:10:00";"PB";230;20,7;"JOAO PESSOA";"Acostamento em desnível";"Tombamento";"Com Vítimas Feridas";"Pleno dia";"Crescente";"Céu Claro";"Dupla";"Reta";"Não";1;0;0;1;0;0;1;1;-7,1337;-34,8544;"SPRF-PB";"DEL01-PB";"UOP01-DEL01-PB"
557507;2023-10-27;"sexta-feira";"14:00:00";"SC";101;144;"ITAPEMA";"Condutor deixou de manter distância do veículo da frente";"Colisão traseira";"Sem Vítimas";"Pleno dia";"Decrescente";"Nublado";"Dupla";"Reta";"Sim";2;0;0;0;2;0;0;2;-27,0732659;-48,59672716;"SPRF-SC";"DEL04-SC";"UOP03-DEL04-SC"
557509;2023-10-27;"sexta-feira";"13:30:00";"RO";435;86;"COLORADO DO OESTE";"Condutor deixou de manter distância do veículo da frente";"Colisão traseira";"Com Vítimas Feridas";"Pleno dia";"Crescente";"Céu Claro";"Dupla";"Reta";"Sim";2;0;1;0;1;0;1;2;-13,12026846;-60,54055407;"SPRF-RO";"DEL04-RO";"UOP02-DEL04-RO"
557510;2023-10-27;"sexta-feira";"14:40:00";"GO";50;203;"CAMPO ALEGRE DE GOIAS";"Condutor Dormindo";"Saída de leito carroçável";"Com Vítimas Feridas";"Pleno dia";"Decrescente";"Nublado";"Dupla";"Reta";"Não";2;0;1;0;1;0;1;1;-17,5986;-47,7992;"SPRF-GO";"DEL06-GO";"UOP01-DEL06-GO"
557511;2023-10-27;"sexta-feira";"15:00:00";"PR";116;40;"CAMPINA GRANDE DO SUL";"Chuva";"Colisão com objeto";"Com Vítimas Feridas";"Pleno dia";"Decrescente";"Chuva";"Dupla";"Reta";"Não";2;0;1;0;1;0;1;1;-25,16445203;-48,86237697;"SPRF-PR";"DEL01-PR";"UOP02-DEL01-PR"
557512;2023-10-27;"sexta-feira";"13:30:00";"CE";222;154;"IRAUCUBA";"Reação tardia ou ineficiente do condutor";"Saída de leito carroçável";"Com Vítimas Feridas";"Pleno dia";"Decrescente";"Céu Claro";"Simples";"Reta";"Não";2;0;2;0;0;0;2;1;-3,73501558;-39,82342302;"SPRF-CE";"DEL04-CE";"UOP03-DEL04-CE"
557514;2023-10-27;"sexta-feira";"14:55:00";"PA";316;96;"IGARAPE-ACU";"Transitar na contramão";"Colisão lateral sentido oposto";"Com Vítimas Feridas";"Pleno dia";"Decrescente";"Céu Claro";"Simples";"Reta";"Não";3;0;0;1;1;1;1;3;-1,32878666;-47,63912194;"SPRF-PA";"DEL01-PA";"UOP02-DEL01-PA"
557515;2023-10-27;"sexta-feira";"15:00:00";"PR";116;121;"CURITIBA";"Ausência de reação do condutor";"Colisão traseira";"Com Vítimas Feridas";"Pleno dia";"Crescente";"Garoa/Chuvisco";"Dupla";"Reta;Declive";"Sim";2;0;1;0;1;0;1;2;-25,5599323;-49,30743945;"SPRF-PR";"DEL01-PR";"UOP03-DEL01-PR"
557517;2023-10-27;"sexta-feira";"15:05:00";"DF";20;40;"BRASILIA";"Chuva";"Capotamento";"Sem Vítimas";"Pleno dia";"Decrescente";"Chuva";"Dupla";"Reta";"Não";1;0;0;0;0;1;0;1;-15,581853;-47,512711;"SPRF-DF";"DEL02-DF";"UOP01-DEL02-DF"
557519;2023-10-27;"sexta-feira";"15:30:00";"PR";272;530;"FRANCISCO ALVES";"Velocidade Incompatível";"Saída de leito carroçável";"Com Vítimas Feridas";"Pleno dia";"Crescente";"Chuva";"Simples";"Reta";"Não";2;0;0;2;0;0;2;1;-24,06409538;-53,87042796;"SPRF-PR";"DEL06-PR";"UOP01-DEL06-PR"
557520;2023-09-20;"quarta-feira";"16:15:00";"ES";101;144,9;"LINHARES";"Transitar no Acostamento";"Colisão frontal";"Com Vítimas Feridas";"Pleno dia";"Decrescente";"Céu Claro";"Múltipla";"Reta";"Sim";4;0;2;1;0;1;3;3;-19,35188295;-40,0636685;"SPRF-ES";"DEL04-ES";"UOP01-DEL04-ES"
557523;2023-10-27;"sexta-feira";"11:40:00";"PR";163;182,9;"SANTA TEREZA DO OESTE";"Chuva";"Colisão lateral mesmo sentido";"Sem Vítimas";"Pleno dia";"Crescente";"Chuva";"Dupla";"Curva";"Não";3;0;0;0;3;0;0;2;-25,15864601;-53,59746064;"SPRF-PR";"DEL05-PR";"UOP05-DEL05-PR"
557524;2023-10-27;"sexta-feira";"13:30:00";"RO";421;0;"ARIQUEMES";"Acessar a via sem observar a presença dos outros veículos";"Colisão transversal";"Com Vítimas Feridas";"Pleno dia";"Crescente";"Sol";"Simples";"Reta;Interseção de Vias";"Sim";2;0;1;0;1;0;1;2;-9,916055;-63,05571;"SPRF-RO";"DEL03-RO";"UOP01-DEL03-RO"
557525;2023-10-27;"sexta-feira";"15:30:00";"SC";101;201;"SAO JOSE";"Ausência de reação do condutor";"Queda de ocupante de veículo";"Com Vítimas Feridas";"Pleno dia";"Crescente";"Garoa/Chuvisco";"Dupla";"Reta";"Não";2;0;1;0;1;0;1;2;-27,54836599;-48,61977975;"SPRF-SC";"DEL01-SC";"UOP01-DEL01-SC"
557526;2023-10-27;"sexta-feira";"15:40:00";"PE";408;83;"PAUDALHO";"Manobra de mudança de faixa";"Colisão lateral mesmo sentido";"Com Vítimas Feridas";"Pleno dia";"Decrescente";"Céu Claro";"Dupla";"Curva";"Não";2;0;1;0;1;0;1;2;-7,94549251;-35,11580722;"SPRF-PE";"DEL01-PE";"UOP01-DEL01-PE"
557527;2023-10-27;"sexta-feira";"10:00:00";"RO";364;707;"PORTO VELHO";"Ausência de reação do condutor";"Colisão com objeto";"Com Vítimas Feridas";"Pleno dia";"Crescente";"Céu Claro";"Múltipla";"Reta";"Sim";1;0;1;0;0;0;1;1;-8,80037213;-63,83262707;"SPRF-RO";"DEL01-RO";"UOP01-DEL01-RO"
557528;2023-05-21;"domingo";"21:30:00";"BA";324;621;"SALVADOR";"Ingestão de álcool pelo condutor";"Colisão com objeto";"Com Vítimas Feridas";"Plena Noite";"Crescente";"Céu Claro";"Dupla";"Reta";"Sim";1;0;1;0;0;0;1;1;-12,91233708;-38,45956983;"SPRF-BA";"DEL01-BA";"UOP01-DEL01-BA"
557530;2023-10-27;"sexta-feira";"13:30:00";"PR";476;226;"LAPA";"Acumulo de água sobre o pavimento";"Colisão frontal";"Com Vítimas Feridas";"Pleno dia";"Crescente";"Chuva";"Simples";"Curva";"Não";2;0;1;1;0;0;2;2;-25,855112;-49,958683;"SPRF-PR";"DEL01-PR";"UOP06-DEL01-PR"
557531;2023-06-29;"quinta-feira";"12:00:00";"RJ";465;20;"NOVA IGUACU";"Condutor deixou de manter distância do veículo da frente";"Colisão traseira";"Com Vítimas Feridas";"Pleno dia";"Crescente";"Ignorado";"Simples";"Reta";"Sim";3;0;3;0;0;0;3;2;-22,846828;-43,605339;"SPRF-RJ";"DEL03-RJ";"UOP01-DEL03-RJ"
557534;2023-10-27;"sexta-feira";"14:30:00";"MT";163;515;"DIAMANTINO";"Ausência de reação do condutor";"Saída de leito carroçável";"Com Vítimas Feridas";"Pleno dia";"Crescente";"Céu Claro";"Simples";"Reta";"Não";2;0;2;0;0;0;2;1;-14,46559916;-56,15215302;"SPRF-MT";"DEL01-MT";"UOP01-DEL01-MT"
557535;2023-10-11;"quarta-feira";"17:00:00";"SC";280;276;"IRINEOPOLIS";"Acessar a via sem observar a presença dos outros veículos";"Colisão transversal";"Com Vítimas Feridas";"Pleno dia";"Decrescente";"Céu Claro";"Simples";"Curva;Interseção de Vias";"Não";3;0;0;2;0;1;2;3;-26,29126407;-50,79052397;"SPRF-SC";"DEL06-SC";"UOP04-DEL06-SC"
557537;2023-10-27;"sexta-feira";"14:30:00";"MT";364;404;"CUIABA";"Acessar a via sem observar a presença dos outros veículos";"Colisão transversal";"Com Vítimas Feridas";"Pleno dia";"Decrescente";"Garoa/Chuvisco";"Dupla";"Rotatória";"Sim";2;0;1;0;1;0;1;2;-15,64169953;-56,02014807;"SPRF-MT";"DEL01-MT";"UOP02-DEL01-MT"
557539;2023-10-27;"sexta-feira";"16:40:00";"SC";101;122;"ITAJAI";"Reação tardia ou ineficiente do condutor";"Tombamento";"Com Vítimas Feridas";"Pleno dia";"Decrescente";"Garoa/Chuvisco";"Múltipla";"Reta";"Sim";1;0;1;0;0;0;1;1;-26,92955916;-48,70499836;"SPRF-SC";"DEL04-SC";"UOP04-DEL04-SC"
557540;2023-10-27;"sexta-feira";"13:53:00";"MT";163;115;"RONDONOPOLIS";"Avarias e/ou desgaste excessivo no pneu";"Queda de ocupante de veículo";"Com Vítimas Feridas";"Pleno dia";"Crescente";"Nublado";"Dupla";"Reta;Declive";"Não";2;0;2;0;0;0;2;1;-16,5380672;-54,66648817;"SPRF-MT";"DEL02-MT";"UOP01-DEL02-MT"
557541;2023-10-27;"sexta-feira";"16:35:00";"GO";60;118;"TEREZOPOLIS DE GOIAS";"Desrespeitar a preferência no cruzamento";"Colisão transversal";"Com Vítimas Feridas";"Pleno dia";"Decrescente";"Céu Claro";"Dupla";"Reta;Interseção de Vias;Retorno Regulamentado";"Sim";5;0;2;0;3;0;2;2;-16,4848;-49,0935;"SPRF-GO";"DEL01-GO";"UOP01-DEL01-GO"
557542;2023-10-27;"sexta-feira";"16:30:00";"SP";153;51,6;"SAO JOSE DO RIO PRETO";"Mal súbito do condutor";"Saída de leito carroçável";"Com Vítimas Feridas";"Pleno dia";"Decrescente";"Nublado";"Simples";"Reta";"Não";1;0;1;0;0;0;1;1;-20,723791;-49,338597;"SPRF-SP";"DEL09-SP";"UOP01-DEL09-SP"
557543;2023-10-27;"sexta-feira";"16:55:00";"PR";277;640;"CEU AZUL";"Ausência de reação do condutor";"Saída de leito carroçável";"Com Vítimas Feridas";"Pleno dia";"Decrescente";"Chuva";"Simples";"Reta";"Não";3;0;1;0;2;0;1;1;-25,17177706;-53,85868345;"SPRF-PR";"DEL05-PR";"UOP02-DEL05-PR"
557544;2023-10-27;"sexta-feira";"16:00:00";"PR";277;209,8;"TEIXEIRA SOARES";"Acessar a via sem observar a presença dos outros veículos";"Colisão transversal";"Com Vítimas Feridas";"Pleno dia";"Decrescente";"Chuva";"Simples";"Reta";"Sim";7;0;2;0;4;1;2;3;-25,46499282;-50,35731018;"SPRF-PR";"DEL08-PR";"UOP02-DEL08-PR"
557545;2023-10-27;"sexta-feira";"17:00:00";"SC";101;215,1;"PALHOCA";"Manobra de mudança de faixa";"Colisão traseira";"Com Vítimas Feridas";"Pleno dia";"Crescente";"Chuva";"Múltipla";"Reta";"Não";3;0;2;0;1;0;2;2;-27,65184843;-48,67604941;"SPRF-SC";"DEL01-SC";"UOP02-DEL01-SC"
557547;2023-10-27;"sexta-feira";"17:25:00";"RS";101;26,4;"TRES CACHOEIRAS";"Acessar a via sem observar a presença dos outros veículos";"Atropelamento de Pedestre";"Com Vítimas Feridas";"Pleno dia";"Decrescente";"Céu Claro";"Dupla";"Reta";"Não";2;0;1;0;1;0;1;2;-29,45988893;-49,93472503;"SPRF-RS";"DEL03-RS";"UOP02-DEL03-RS"
557548;2023-10-27;"sexta-feira";"17:45:00";"SP";381;44;"ATIBAIA";"Reação tardia ou ineficiente do condutor";"Engavetamento";"Com Vítimas Feridas";"Anoitecer";"Decrescente";"Chuva";"Dupla";"Reta;Aclive";"Sim";3;0;1;0;2;0;1;3;-23,16458615;-46,57418959;"SPRF-SP";"DEL03-SP";"UOP01-DEL03-SP"
557550;2023-10-27;"sexta-feira";"15:42:00";"AC";364;135;"RIO BRANCO";"Ausência de reação do condutor";"Colisão traseira";"Com Vítimas Feridas";"Pleno dia";"Crescente";"Céu Claro";"Dupla";"Reta";"Não";2;0;1;0;1;0;1;2;-9,98588117;-67,84523538;"SPRF-AC";"DEL01-AC";"UOP01-DEL01-AC"
557553;2023-10-27;"sexta-feira";"17:45:00";"CE";222;4,4;"CAUCAIA";"Condutor deixou de manter distância do veículo da frente";"Colisão traseira";"Com Vítimas Feridas";"Anoitecer";"Decrescente";"Céu Claro";"Dupla";"Reta";"Sim";3;0;0;1;1;1;1;3;-3,74164754;-38,60449792;"SPRF-CE";"DEL01-CE";"UOP01-DEL01-CE"
557554;2023-10-27;"sexta-feira";"18:05:00";"SC";101;201,4;"SAO JOSE";"Trafegar com motocicleta (ou similar) entre as faixas";"Colisão lateral mesmo sentido";"Com Vítimas Feridas";"Pleno dia";"Crescente";"Nublado";"Dupla";"Viaduto";"Sim";2;0;1;0;1;0;1;2;-27,54836599;-48,61977975;"SPRF-SC";"DEL01-SC";"UOP01-DEL01-SC"
557555;2023-10-27;"sexta-feira";"17:00:00";"PR";277;113,2;"CAMPO LARGO";"Acessar a via sem observar a presença dos outros veículos";"Colisão transversal";"Com Vítimas Feridas";"Anoitecer";"Crescente";"Chuva";"Dupla";"Reta;Retorno Regulamentado";"Sim";3;0;0;1;1;1;1;3;-25,446384;-49,487311;"SPRF-PR";"DEL03-PR";"UOP03-DEL03-PR"