"id";"data_inversa";"dia_semana";"horario";"uf";"br";"km";"municipio";"causa_acidente";"tipo_acidente";"classificacao_acidente";"fase_dia";"sentido_via";"condicao_metereologica";"tipo_pista";"tracado_via";"uso_solo";"pessoas";"mortos";"feridos_leves";"feridos_graves";"ilesos";"ignorados";"feridos";"veiculos";"latitude";"longitude";"regional";"delegacia";"uop"
557782;2023-10-28;"sábado";"18:00:00";"MA";316;230;"BOM JARDIM";"Acessar a via sem observar a presença dos outros veículos";"Colisão frontal";"Com Vítimas Feridas";"Pleno dia";"Decrescente";"Céu Claro";"Simples";"Reta";"Sim";2;0;0;2;0;0;2;2;-3,538011;-45,614182;"SPRF-MA";"DEL02-MA";"UOP01-DEL02-MA"
557783;2023-10-28;"sábado";"20:05:00";"MT";364;200;"RONDONOPOLIS";"Pista Escorregadia";"Tombamento";"Com Vítimas Feridas";"Plena Noite";"Decrescente";"Céu Claro";"Dupla";"Reta";"Sim";2;0;1;0;1;0;1;1;-16,49612525;-54,63849716;"SPRF-MT";"DEL02-MT";"UOP01-DEL02-MT"
557788;2023-10-28;"sábado";"20:30:00";"CE";222;4,8;"CAUCAIA";"Acessar a via sem observar a presença dos outros veículos";"Colisão transversal";"Com Vítimas Feridas";"Plena Noite";"Crescente";"Céu Claro";"Múltipla";"Reta";"Não";2;0;1;0;0;1;1;2;-3,74164754;-38,60449792;"SPRF-CE";"DEL01-CE";"UOP01-DEL01-CE"
557789;2023-10-28;"sábado";"18:30:00";"PI";316;96,4;"BARRO DURO";"Ausência de reação do condutor";"Colisão frontal";"Com Vítimas Feridas";"Plena Noite";"Decrescente";"Céu Claro";"Simples";"Reta";"Não";2;0;1;1;0;0;2;2;-5,81557921;-42,51383316;"SPRF-PI";"DEL04-PI";"UOP02-DEL04-PI"
557790;2023-10-28;"sábado";"21:15:00";"SP";381;36;"ATIBAIA";"Ausência de reação do condutor";"Colisão traseira";"Sem Vítimas";"Plena Noite";"Crescente";"Nublado";"Dupla";"Declive;Curva";"Sim";4;0;0;0;4;0;0;2;-23,09707232;-46,57180706;"SPRF-SP";"DEL03-SP";"UOP01-DEL03-SP"
557792;2023-10-28;"sábado";"18:43:00";"TO";10;457;"PALMAS";"Chuva";"Colisão traseira";"Com Vítimas Feridas";"Plena Noite";"Decrescente";"Chuva";"Múltipla";"Reta";"Não";3;0;1;1;0;1;2;2;-10,20499186;-48,16363986;"SPRF-TO";"DEL01-TO";"UOP03-DEL01-TO"
557793;2023-10-28;"sábado";"17:40:00";"BA";116;796;"VITORIA DA CONQUISTA";"Condutor deixou de manter distância do veículo da frente";"Colisão lateral mesmo sentido";"Com Vítimas Feridas";"Pleno dia";"Crescente";"Céu Claro";"Simples";"Reta";"Não";2;0;2;0;0;0;2;2;-14,69237819;-40,5675019;"SPRF-BA";"DEL08-BA";"UOP02-DEL08-BA"
557796;2023-10-28;"sábado";"20:20:00";"AP";210;106;"PORTO GRANDE";"Ingestão de álcool pelo condutor";"Saída de leito carroçável";"Com Vítimas Fatais";"Plena Noite";"Decrescente";"Céu Claro";"Simples";"Reta";"Sim";1;1;0;0;0;0;0;1;0,70564616;-51,41271608;"SPRF-AP";"DEL01-AP";"UOP01-DEL01-AP"
557797;2023-10-28;"sábado";"21:30:00";"TO";153;750;"ALVORADA";"Ultrapassagem Indevida";"Colisão lateral mesmo sentido";"Com Vítimas Feridas";"Plena Noite";"Decrescente";"Céu Claro";"Simples";"Reta;Declive";"Não";2;0;0;1;1;0;1;1;-12,38391;-49,13674;"SPRF-TO";"DEL01-TO";"UOP02-DEL01-TO"
557798;2023-10-28;"sábado";"19:00:00";"PR";163;298;"MERCEDES";"Condutor deixou de manter distância do veículo da frente";"Colisão traseira";"Sem Vítimas";"Plena Noite";"Crescente";"Garoa/Chuvisco";"Simples";"Reta";"Sim";2;0;0;0;2;0;0;2;-24,5138822;-54,11625623;"SPRF-PR";"DEL06-PR";"UOP02-DEL06-PR"
557799;2023-10-28;"sábado";"21:30:00";"PB";230;9;"CABEDELO";"Ausência de reação do condutor";"Tombamento";"Com Vítimas Feridas";"Plena Noite";"Crescente";"Céu Claro";"Dupla";"Reta;Em Obras";"Sim";1;0;1;0;0;0;1;1;-7,0433;-34,8466;"SPRF-PB";"DEL01-PB";"UOP01-DEL01-PB"
557801;2023-10-28;"sábado";"20:50:00";"SP";381;87,5;"GUARULHOS";"Pedestre cruzava a pista fora da faixa";"Atropelamento de Pedestre";"Com Vítimas Fatais";"Plena Noite";"Crescente";"Céu Claro";"Múltipla";"Reta";"Não";3;1;0;2;0;0;2;2;-23,473651;-46,56197;"SPRF-SP";"DEL03-SP";"UOP01-DEL03-SP"
557802;2023-10-28;"sábado";"19:50:00";"SC";470;89;"ASCURRA";"Ingestão de álcool pelo condutor";"Colisão com objeto";"Sem Vítimas";"Plena Noite";"Decrescente";"Garoa/Chuvisco";"Simples";"Reta;Ponte";"Sim";1;0;0;0;1;0;0;1;-26,96109277;-49,37306285;"SPRF-SC";"DEL04-SC";"UOP01-DEL04-SC"
557803;2023-10-28;"sábado";"15:00:00";"SC";470;120,7;"IBIRAMA";"Chuva";"Atropelamento de Pedestre";"Com Vítimas Fatais";"Pleno dia";"Decrescente";"Chuva";"Simples";"Curva;Declive";"Não";2;1;0;0;0;1;0;2;-27,09598072;-49,52735424;"SPRF-SC";"DEL04-SC";"UOP02-DEL04-SC"
557804;2023-10-28;"sábado";"22:00:00";"RJ";493;18;"GUAPIMIRIM";"Acessar a via sem observar a presença dos outros veículos";"Colisão traseira";"Com Vítimas Feridas";"Plena Noite";"Decrescente";"Nublado";"Dupla";"Reta";"Sim";3;0;1;0;2;0;1;2;-22,6687122;-43,01862696;"SPRF-RJ";"DEL04-RJ";"UOP02-DEL04-RJ"
557805;2023-10-28;"sábado";"22:00:00";"SP";116;110,5;"TAUBATE";"Ausência de reação do condutor";"Tombamento";"Com Vítimas Feridas";"Plena Noite";"Crescente";"Céu Claro";"Dupla";"Reta";"Sim";1;0;0;1;0;0;1;1;-23,03412614;-45,5526999;"SPRF-SP";"DEL02-SP";"UOP02-DEL02-SP"
557806;2023-10-28;"sábado";"22:40:00";"RJ";101;43;"CAMPOS DOS GOYTACAZES";"Animais na Pista";"Atropelamento de Animal";"Com Vítimas Feridas";"Plena Noite";"Crescente";"Nublado";"Simples";"Reta";"Não";2;0;1;0;0;1;1;2;-21,576153;-41,323257;"SPRF-RJ";"DEL08-RJ";"UOP01-DEL08-RJ"
557807;2023-10-28;"sábado";"21:00:00";"PA";230;120;"BOM JESUS DO TOCANTINS";"Ausência de reação do condutor";"Colisão lateral mesmo sentido";"Com Vítimas Feridas";"Plena Noite";"Decrescente";"Céu Claro";"Dupla";"Reta";"Sim";2;0;0;1;0;1;1;2;-5;-49;"SPRF-PA";"DEL03-PA";"UOP01-DEL03-PA"
557808;2023-10-28;"sábado";"22:42:00";"RS";101;2,4;"TORRES";"Transitar na contramão";"Colisão frontal";"Com Vítimas Feridas";"Plena Noite";"Crescente";"Nublado";"Simples";"Curva;Declive";"Não";3;0;0;1;2;0;1;2;-29,316784;-49,774467;"SPRF-RS";"DEL03-RS";"UOP02-DEL03-RS"
557809;2023-10-28;"sábado";"22:30:00";"SC";470;69;"INDAIAL";"Ausência de reação do condutor";"Tombamento";"Com Vítimas Feridas";"Plena Noite";"Decrescente";"Chuva";"Dupla";"Reta";"Sim";1;0;1;0;0;0;1;1;-26,883745;-49,246704;"SPRF-SC";"DEL04-SC";"UOP01-DEL04-SC"
557810;2023-10-28;"sábado";"20:00:00";"MG";153;210;"FRUTAL";"Velocidade Incompatível";"Colisão com objeto";"Com Vítimas Feridas";"Anoitecer";"Crescente";"Garoa/Chuvisco";"Simples";"Reta;Rotatória";"Não";1;0;1;0;0;0;1;1;-20,07281424;-49,07299961;"SPRF-MG";"DEL13-MG";"UOP02-DEL13-MG"
557811;2023-10-28;"sábado";"22:40:00";"MG";262;445;"NOVA SERRANA";"Entrada inopinada do pedestre";"Atropelamento de Pedestre";"Com Vítimas Feridas";"Plena Noite";"Crescente";"Céu Claro";"Dupla";"Reta";"Sim";2;0;1;1;0;0;2;2;-19,87799664;-44,94086286;"SPRF-MG";"DEL08-MG";"UOP03-DEL08-MG"
557812;2023-10-28;"sábado";"18:20:00";"CE";222;219,2;"SOBRAL";"Pedestre andava na pista";"Atropelamento de Pedestre";"Com Vítimas Fatais";"Plena Noite";"Crescente";"Céu Claro";"Simples";"Reta";"Não";4;1;0;0;3;0;0;3;-3,74276592;-40,31365787;"SPRF-CE";"DEL04-CE";"UOP01-DEL04-CE"
557814;2023-10-28;"sábado";"23:00:00";"BA";324;603;"SIMOES FILHO";"Ausência de reação do condutor";"Queda de ocupante de veículo";"Com Vítimas Feridas";"Plena Noite";"Crescente";"Céu Claro";"Dupla";"Reta";"Não";1;0;1;0;0;0;1;1;-12,77190917;-38,41991733;"SPRF-BA";"DEL01-BA";"UOP01-DEL01-BA"
557815;2023-10-28;"sábado";"20:58:00";"RO";364;684;"CANDEIAS DO JAMARI";"Reação tardia ou ineficiente do condutor";"Saída de leito carroçável";"Com Vítimas Feridas";"Plena Noite";"Crescente";"Nublado";"Simples";"Reta";"Não";1;0;1;0;0;0;1;1;-8,78954711;-63,62412699;"SPRF-RO";"DEL01-RO";"UOP01-DEL01-RO"
557816;2023-10-28;"sábado";"23:20:00";"SP";116;227;"GUARULHOS";"Ausência de reação do condutor";"Colisão traseira";"Com Vítimas Feridas";"Plena Noite";"Decrescente";"Garoa/Chuvisco";"Múltipla";"Reta";"Sim";2;0;2;0;0;0;2;2;-23,49659264;-46,55648754;"SPRF-SP";"DEL01-SP";"UOP01-DEL01-SP"
557817;2023-10-28;"sábado";"21:50:00";"MT";174;287;"PONTES E LACERDA";"Ausência de reação do condutor";"Colisão traseira";"Com Vítimas Feridas";"Plena Noite";"Decrescente";"Céu Claro";"Simples";"Reta";"Não";3;0;2;0;0;1;2;2;-15,26522;-59,300007;"SPRF-MT";"DEL04-MT";"UOP01-DEL04-MT"
557820;2023-10-28;"sábado";"21:40:00";"RO";364;237,4;"CACOAL";"Reação tardia ou ineficiente do condutor";"Tombamento";"Com Vítimas Feridas";"Plena Noite";"Crescente";"Céu Claro";"Simples";"Reta;Declive";"Sim";1;0;1;0;0;0;1;1;-11,44341056;-61,44672787;"SPRF-RO";"DEL02-RO";"UOP02-DEL02-RO"
557822;2023-10-28;"sábado";"22:00:00";"PI";316;13,4;"TERESINA";"Reação tardia ou ineficiente do condutor";"Colisão traseira";"Com Vítimas Feridas";"Plena Noite";"Crescente";"Céu Claro";"Dupla";"Curva";"Sim";3;0;0;1;0;2;1;3;-5,20064401;-42,75799889;"SPRF-PI";"DEL01-PI";"UOP02-DEL01-PI"
557823;2023-10-28;"sábado";"23:40:00";"PR";277;0,3;"FOZ DO IGUACU";"Condutor desrespeitou a iluminação vermelha do semáforo";"Colisão transversal";"Com Vítimas Feridas";"Plena Noite";"Crescente";"Chuva";"Dupla";"Interseção de Vias;Reta";"Sim";2;0;0;1;1;0;1;2;-25,5469;-54,5882;"SPRF-PR";"DEL05-PR";"UOP03-DEL05-PR"
557824;2023-10-28;"sábado";"21:30:00";"RS";287;259,6;"SANTA MARIA";"Ingestão de álcool pelo condutor";"Saída de leito carroçável";"Com Vítimas Feridas";"Plena Noite";"Crescente";"Nublado";"Simples";"Reta;Aclive";"Não";1;0;1;0;0;0;1;1;-29,67581417;-53,96293402;"SPRF-RS";"DEL09-RS";"UOP01-DEL09-RS"
557826;2023-10-28;"sábado";"23:20:00";"MG";459;87,1;"CONGONHAL";"Ingestão de álcool pelo condutor";"Saída de leito carroçável";"Com Vítimas Feridas";"Plena Noite";"Crescente";"Chuva";"Simples";"Reta";"Não";1;0;1;0;0;0;1;1;-22,151279;-46,048069;"SPRF-MG";"DEL09-MG";"UOP01-DEL09-MG"
557827;2023-10-28;"sábado";"23:40:00";"MG";381;923;"CAMANDUCAIA";"Ausência de reação do condutor";"Queda de ocupante de veículo";"Com Vítimas Feridas";"Plena Noite";"Decrescente";"Chuva";"Dupla";"Declive";"Não";2;0;2;0;0;0;2;1;-22,7671484;-46,22667493;"SPRF-MG";"DEL16-MG";"UOP03-DEL16-MG"
557828;2023-10-29;"domingo";"00:10:00";"BA";242;1;"BARREIRAS";"Reação tardia ou ineficiente do condutor";"Queda de ocupante de veículo";"Com Vítimas Feridas";"Plena Noite";"Decrescente";"Céu Claro";"Simples";"Reta";"Sim";1;0;0;1;0;0;1;1;-12,13699863;-44,94746447;"SPRF-BA";"DEL10-BA";"UOP01-DEL10-BA"
557829;2023-10-28;"sábado";"23:50:00";"PR";376;176;"MARINGA";"Reação tardia ou ineficiente do condutor";"Colisão com objeto";"Sem Vítimas";"Plena Noite";"Crescente";"Céu Claro";"Múltipla";"Reta";"Sim";2;0;0;0;2;0;0;1;-23,41329011;-51,93088174;"SPRF-PR";"DEL09-PR";"UOP01-DEL09-PR"
557830;2023-10-28;"sábado";"21:20:00";"PI";343;2,2;"TERESINA";"Ingestão de álcool pelo condutor";"Colisão lateral mesmo sentido";"Sem Vítimas";"Plena Noite";"Decrescente";"Céu Claro";"Múltipla";"Reta";"Sim";2;0;0;0;2;0;0;2;-5,089569;-42,802288;"SPRF-PI";"DEL01-PI";"UOP01-DEL01-PI"
557831;2023-10-28;"sábado";"23:30:00";"RS";116;39,7;"VACARIA";"Reação tardia ou ineficiente do condutor";"Saída de leito carroçável";"Sem Vítimas";"Plena Noite";"Decrescente";"Chuva";"Simples";"Reta";"Sim";1;0;0;0;0;1;0;1;-28,51700715;-50,93759537;"SPRF-RS";"DEL05-RS";"UOP03-DEL05-RS"
557832;2023-10-28;"sábado";"20:40:00";"MA";135;277;"CAPINZAL DO NORTE";"Transitar na contramão";"Colisão frontal";"Com Vítimas Fatais";"Plena Noite";"Crescente";"Céu Claro";"Simples";"Reta";"Não";2;1;0;0;0;1;0;2;-4,80751297;-44,32456261;"SPRF-MA";"DEL03-MA";"UOP01-DEL03-MA"
557833;2023-10-29;"domingo";"00:20:00";"BA";101;155;"CONCEICAO DO JACUIPE";"Velocidade Incompatível";"Capotamento";"Sem Vítimas";"Plena Noite";"Crescente";"Céu Claro";"Dupla";"Curva";"Não";1;0;0;0;0;1;0;1;-12,35551436;-38,782478;"SPRF-BA";"DEL01-BA";"UOP03-DEL01-BA"
557835;2023-10-28;"sábado";"22:00:00";"PR";280;293,1;"FLOR DA SERRA DO SUL";"Velocidade Incompatível";"Saída de leito carroçável";"Com Vítimas Feridas";"Plena Noite";"Crescente";"Chuva";"Simples";"Curva";"Não";3;0;1;2;0;0;3;1;-26,25026574;-53,33540044;"SPRF-PR";"DEL02-PR";"UOP01-DEL02-PR"
557836;2023-10-28;"sábado";"23:40:00";"MS";163;208,5;"CAARAPO";"Ultrapassagem Indevida";"Colisão lateral mesmo sentido";"Com Vítimas Feridas";"Plena Noite";"Crescente";"Nublado";"Simples";"Interseção de Vias;Reta";"Sim";2;0;1;0;1;0;1;2;-22,63547511;-54,81721759;"SPRF-MS";"DEL04-MS";"UOP02-DEL04-MS"
557837;2023-06-23;"sexta-feira";"23:00:00";"PI";343;1,8;"TERESINA";"Desrespeitar a preferência no cruzamento";"Colisão transversal";"Sem Vítimas";"Plena Noite";"Crescente";"Céu Claro";"Dupla";"Reta;Interseção de Vias";"Sim";6;0;0;0;3;3;0;3;-5,08131;-42,76596;"SPRF-PI";"DEL01-PI";"UOP01-DEL01-PI"
557838;2023-10-28;"sábado";"20:30:00";"PR";153;179;"VENTANIA";"Reação tardia ou ineficiente do condutor";"Saída de leito carroçável";"Com Vítimas Fatais";"Plena Noite";"Crescente";"Chuva";"Simples";"Reta;Declive";"Não";2;1;0;1;0;0;1;1;-24,36000831;-50,31978607;"SPRF-PR";"DEL03-PR";"UOP02-DEL03-PR"
557839;2023-09-26;"terça-feira";"09:15:00";"PI";343;2;"TERESINA";"Ausência de reação do condutor";"Colisão traseira";"Com Vítimas Feridas";"Pleno dia";"Decrescente";"Céu Claro";"Dupla";"Reta";"Não";2;0;1;0;1;0;1;2;-5,08182534;-42,76990598;"SPRF-PI";"DEL01-PI";"UOP01-DEL01-PI"
557840;2023-10-28;"sábado";"22:00:00";"PR";153;46;"SANTO ANTONIO DA PLATINA";"Ingestão de álcool pelo condutor";"Saída de leito carroçável";"Sem Vítimas";"Plena Noite";"Decrescente";"Garoa/Chuvisco";"Simples";"Reta";"Não";1;0;0;0;0;1;0;1;-23,32838307;-50,06643649;"SPRF-PR";"DEL07-PR";"UOP04-DEL07-PR"
557841;2023-10-28;"sábado";"20:20:00";"RN";405;155;"PAU DOS FERROS";"Transitar na contramão";"Colisão frontal";"Com Vítimas Feridas";"Plena Noite";"Crescente";"Céu Claro";"Simples";"Reta";"Sim";2;0;0;1;1;0;1;2;-6,14970137;-38,20583544;"SPRF-RN";"DEL04-RN";"UOP02-DEL04-RN"
557843;2023-10-29;"domingo";"02:15:00";"GO";60;179;"ABADIA DE GOIAS";"Velocidade Incompatível";"Saída de leito carroçável";"Sem Vítimas";"Plena Noite";"Crescente";"Céu Claro";"Dupla";"Reta";"Não";1;0;0;0;0;1;0;1;-16,76501784;-49,46966754;"SPRF-GO";"DEL01-GO";"UOP02-DEL01-GO"
557844;2023-10-29;"domingo";"01:30:00";"RJ";101;54;"CAMPOS DOS GOYTACAZES";"Animais na Pista";"Atropelamento de Animal";"Com Vítimas Feridas";"Plena Noite";"Decrescente";"Nublado";"Simples";"Reta";"Sim";2;0;1;0;1;0;1;1;-21,670935;-41,311038;"SPRF-RJ";"DEL08-RJ";"UOP01-DEL08-RJ"
557846;2023-10-29;"domingo";"01:45:00";"RJ";101;327,2;"RIO DE JANEIRO";"Ingestão de álcool pelo condutor";"Colisão traseira";"Com Vítimas Feridas";"Plena Noite";"Decrescente";"Nublado";"Dupla";"Reta;Ponte";"Não";4;0;1;0;3;0;1;2;-22,87117393;-43,15595099;"SPRF-RJ";"DEL02-RJ";"UOP01-DEL02-RJ"
557847;2023-10-29;"domingo";"02:00:00";"GO";153;678;"PANAMA";"Animais na Pista";"Atropelamento de Animal";"Sem Vítimas";"Plena Noite";"Decrescente";"Céu Claro";"Dupla";"Reta";"Não";1;0;0;0;1;0;0;1;-18,209;-49,2754;"SPRF-GO";"DEL03-GO";"UOP02-DEL03-GO"
557849;2023-10-29;"domingo";"02:50:00";"GO";50;96,2;"CRISTALINA";"Transitar na contramão";"Colisão transversal";"Com Vítimas Feridas";"Plena Noite";"Decrescente";"Nublado";"Simples";"Reta;Em Obras";"Sim";4;0;1;0;3;0;1;2;-16,75607783;-47,60684967;"SPRF-DF";"DEL01-DF";"UOP02-DEL01-DF"
557851;2023-10-29;"domingo";"03:20:00";"BA";116;473,3;"SANTO ESTEVAO";"Velocidade Incompatível";"Saída de leito carroçável";"Com Vítimas Feridas";"Plena Noite";"Crescente";"Céu Claro";"Dupla";"Reta";"Não";2;0;1;1;0;0;2;1;-12,48054442;-39,3110698;"SPRF-BA";"DEL02-BA";"UOP01-DEL02-BA"
557852;2023-10-29;"domingo";"02:20:00";"SP";153;334,6;"SALTO GRANDE";"Iluminação deficiente";"Colisão traseira";"Com Vítimas Feridas";"Plena Noite";"Crescente";"Céu Claro";"Simples";"Reta";"Não";2;0;0;1;0;1;1;2;-22,890502;-49,88958063;"SPRF-SP";"DEL07-SP";"UOP03-DEL07-SP"
557854;2023-10-29;"domingo";"02:55:00";"SP";116;228;"SAO PAULO";"Ausência de reação do condutor";"Atropelamento de Pedestre";"Com Vítimas Feridas";"Plena Noite";"Crescente";"Nublado";"Múltipla";"Reta";"Não";2;0;1;0;1;0;1;2;-23,50343484;-46,56638712;"SPRF-SP";"DEL01-SP";"UOP01-DEL01-SP"
557855;2023-10-29;"domingo";"02:40:00";"RO";425;144;"GUAJARA-MIRIM";"Ingestão de álcool pelo condutor";"Colisão com objeto";"Sem Vítimas";"Plena Noite";"Crescente";"Céu Claro";"Dupla";"Reta";"Sim";1;0;0;0;0;1;0;1;-10,76723;-65,318954;"SPRF-RO";"DEL01-RO";"UOP03-DEL01-RO"
557856;2023-10-29;"domingo";"05:10:00";"SP";116;228;"SAO PAULO";"Reação tardia ou ineficiente do condutor";"Colisão traseira";"Com Vítimas Feridas";"Amanhecer";"Decrescente";"Céu Claro";"Múltipla";"Reta";"Sim";2;0;0;1;1;0;1;2;-23,50667285;-46,57002796;"SPRF-SP";"DEL01-SP";"UOP01-DEL01-SP"
557857;2023-10-29;"domingo";"04:50:00";"PR";369;106,9;"URAI";"Ausência de reação do condutor";"Colisão com objeto";"Com Vítimas Feridas";"Plena Noite";"Decrescente";"Céu Claro";"Dupla";"Viaduto";"Não";1;0;1;0;0;0;1;1;-23,26194815;-50,77602983;"SPRF-PR";"DEL07-PR";"UOP05-DEL07-PR"
557860;2023-10-29;"domingo";"03:47:00";"SC";101;314,4;"LAGUNA";"Reação tardia ou ineficiente do condutor";"Colisão traseira";"Sem Vítimas";"Plena Noite";"Crescente";"Céu Claro";"Dupla";"Ponte;Reta";"Não";2;0;0;0;2;0;0;2;-28,44043981;-48,82497095;"SPRF-SC";"DEL02-SC";"UOP01-DEL02-SC"
557861;2023-10-29;"domingo";"00:50:00";"PI";407;605;"ACAUA";"Ingestão de álcool pelo condutor";"Colisão lateral sentido oposto";"Com Vítimas Feridas";"Plena Noite";"Decrescente";"Céu Claro";"Simples";"Reta";"Não";2;0;1;0;1;0;1;2;-8,37852386;-41,08460939;"SPRF-PI";"DEL04-PI";"UOP01-DEL04-PI"
557862;2023-10-29;"domingo";"04:23:00";"PI";407;588;"PAULISTANA";"Ausência de reação do condutor";"Tombamento";"Com Vítimas Feridas";"Plena Noite";"Decrescente";"Céu Claro";"Simples";"Reta";"Não";1;0;1;0;0;0;1;1;-8,23504908;-41,06658917;"SPRF-PI";"DEL04-PI";"UOP01-DEL04-PI"
557866;2023-10-29;"domingo";"05:25:00";"RS";116;243;"SAO LEOPOLDO";"Ausência de reação do condutor";"Colisão com objeto";"Sem Vítimas";"Amanhecer";"Crescente";"Céu Claro";"Dupla";"Reta";"Sim";1;0;0;0;1;0;0;1;-29,73196199;-51,14952004;"SPRF-RS";"DEL01-RS";"UOP02-DEL01-RS"
557867;2023-10-29;"domingo";"05:50:00";"MG";40;446;"PARAOPEBA";"Ausência de reação do condutor";"Tombamento";"Com Vítimas Feridas";"Amanhecer";"Decrescente";"Céu Claro";"Dupla";"Reta";"Não";1;0;0;1;0;0;1;1;-19,28815;-44,392;"SPRF-MG";"DEL02-MG";"UOP01-DEL02-MG"
557868;2023-10-29;"domingo";"05:00:00";"RJ";116;186;"NOVA IGUACU";"Animais na Pista";"Atropelamento de Animal";"Com Vítimas Feridas";"Pleno dia";"Decrescente";"Céu Claro";"Múltipla";"Reta";"Não";3;0;2;0;1;0;2;3;-22,73962339;-43,46276495;"SPRF-RJ";"DEL01-RJ";"UOP02-DEL01-RJ"
557869;2023-10-29;"domingo";"05:58:00";"DF";40;1;"BRASILIA";"Ingestão de álcool pelo condutor";"Colisão traseira";"Sem Vítimas";"Pleno dia";"Crescente";"Garoa/Chuvisco";"Dupla";"Reta";"Sim";2;0;0;0;2;0;0;2;-15,985532;-47,987747;"SPRF-DF";"DEL01-DF";"UOP01-DEL01-DF"
557870;2023-10-28;"sábado";"18:20:00";"BA";101;358;"WENCESLAU GUIMARAES";"Pedestre andava na pista";"Atropelamento de Pedestre";"Com Vítimas Feridas";"Plena Noite";"Decrescente";"Céu Claro";"Simples";"Curva";"Sim";2;0;0;1;1;0;1;2;-13,6825;-39,478043;"SPRF-BA";"DEL05-BA";"UOP03-DEL05-BA"
557871;2023-10-29;"domingo";"06:15:00";"SC";101;185,2;"BIGUACU";"Ausência de reação do condutor";"Tombamento";"Com Vítimas Feridas";"Pleno dia";"Decrescente";"Nublado";"Dupla";"Reta";"Não";2;0;1;0;1;0;1;1;-27,42536644;-48,62437248;"SPRF-SC";"DEL01-SC";"UOP01-DEL01-SC"
557872;2023-10-29;"domingo";"04:19:00";"RN";226;103,2;"SANTA CRUZ";"Ingestão de álcool pelo condutor";"Saída de leito carroçável";"Com Vítimas Feridas";"Plena Noite";"Decrescente";"Céu Claro";"Simples";"Reta";"Não";1;0;1;0;0;0;1;1;-6,24815848;-35,95079402;"SPRF-RN";"DEL03-RN";"UOP02-DEL03-RN"
557873;2023-10-29;"domingo";"03:40:00";"MT";70;731;"CACERES";"Velocidade Incompatível";"Colisão traseira";"Com Vítimas Feridas";"Amanhecer";"Crescente";"Céu Claro";"Simples";"Reta";"Sim";3;0;2;1;0;0;3;2;-16,10349933;-57,67712188;"SPRF-MT";"DEL03-MT";"UOP01-DEL03-MT"
557875;2023-10-29;"domingo";"06:20:00";"PR";277;324;"GUARAPUAVA";"Ingestão de álcool pelo condutor";"Saída de leito carroçável";"Com Vítimas Feridas";"Amanhecer";"Crescente";"Chuva";"Simples";"Reta;Declive";"Não";2;0;1;0;1;0;1;1;-25,37398366;-51,310637;"SPRF-PR";"DEL08-PR";"UOP01-DEL08-PR"
557878;2023-10-29;"domingo";"05:15:00";"RJ";101;59;"CAMPOS DOS GOYTACAZES";"Transitar na contramão";"Colisão lateral sentido oposto";"Com Vítimas Feridas";"Amanhecer";"Crescente";"Nublado";"Simples";"Interseção de Vias;Reta";"Sim";2;0;0;1;0;1;1;2;-21,71865987;-41,31232738;"SPRF-RJ";"DEL08-RJ";"UOP01-DEL08-RJ"
557879;2023-10-29;"domingo";"04:20:00";"RO";319;64;"PORTO VELHO";"Acessar a via sem observar a presença dos outros veículos";"Colisão transversal";"Com Vítimas Feridas";"Plena Noite";"Decrescente";"Nublado";"Múltipla";"Reta;Interseção de Vias";"Sim";4;0;1;0;3;0;1;2;-8,766685;-63,884052;"SPRF-RO";"DEL01-RO";"UOP01-DEL01-RO"
557880;2023-10-29;"domingo";"07:15:00";"PR";376;644;"TIJUCAS DO SUL";"Ausência de reação do condutor";"Saída de leito carroçável";"Com Vítimas Feridas";"Pleno dia";"Crescente";"Chuva";"Dupla";"Curva";"Não";2;0;1;0;1;0;1;1;-25,81419584;-49,13167969;"SPRF-PR";"DEL01-PR";"UOP04-DEL01-PR"
557881;2023-10-29;"domingo";"07:00:00";"SP";116;216;"GUARULHOS";"Ausência de reação do condutor";"Colisão com objeto";"Com Vítimas Feridas";"Pleno dia";"Decrescente";"Céu Claro";"Múltipla";"Reta";"Não";1;0;1;0;0;0;1;1;-23,45056589;-46,46258105;"SPRF-SP";"DEL01-SP";"UOP01-DEL01-SP"
557883;2023-10-29;"domingo";"05:50:00";"PB";230;119,4;"RIACHAO DO BACAMARTE";"Avarias e/ou desgaste excessivo no pneu";"Saída de leito carroçável";"Com Vítimas Feridas";"Pleno dia";"Decrescente";"Céu Claro";"Dupla";"Reta";"Não";4;0;3;0;1;0;3;1;-7,2423;-35,6312;"SPRF-PB";"DEL02-PB";"UOP01-DEL02-PB"
557884;2023-10-29;"domingo";"05:20:00";"SC";282;512,2;"XANXERE";"Ingestão de álcool ou de substâncias psicoativas pelo pedestre";"Saída de leito carroçável";"Com Vítimas Feridas";"Plena Noite";"Decrescente";"Nublado";"Simples";"Reta;Aclive";"Não";4;0;1;2;1;0;3;1;-26,910799;-52,472099;"SPRF-SC";"DEL07-SC";"UOP01-DEL07-SC"
557885;2023-10-29;"domingo";"05:45:00";"PR";376;594;"CURITIBA";"Acessar a via sem observar a presença dos outros veículos";"Colisão traseira";"Com Vítimas Feridas";"Amanhecer";"Decrescente";"Chuva";"Dupla";"Reta";"Sim";4;0;1;0;3;0;1;2;-25,48479613;-49,34730331;"SPRF-PR";"DEL01-PR";"UOP06-DEL01-PR"
557886;2023-10-29;"domingo";"06:50:00";"SC";101;328;"CAPIVARI DE BAIXO";"Manobra de mudança de faixa";"Colisão lateral mesmo sentido";"Sem Vítimas";"Amanhecer";"Decrescente";"Céu Claro";"Múltipla";"Reta;Aclive";"Não";2;0;0;0;1;1;0;2;-28,43648094;-48,95989307;"SPRF-SC";"DEL02-SC";"UOP01-DEL02-SC"