"id";"data_inversa";"dia_semana";"horario";"uf";"br";"km";"municipio";"causa_acidente";"tipo_acidente";"classificacao_acidente";"fase_dia";"sentido_via";"condicao_metereologica";"tipo_pista";"tracado_via";"uso_solo";"pessoas";"mortos";"feridos_leves";"feridos_graves";"ilesos";"ignorados";"feridos";"veiculos";"latitude";"longitude";"regional";"delegacia";"uop"
557887;2023-10-29;"domingo";"07:15:00";"RN";304;44,4;"MOSSORO";"Reação tardia ou ineficiente do condutor";"Colisão traseira";"Com Vítimas Feridas";"Pleno dia";"Decrescente";"Céu Claro";"Dupla";"Reta";"Não";2;0;0;1;1;0;1;2;-5,2250698;-37,3490001;"SPRF-RN";"DEL04-RN";"UOP01-DEL04-RN"
557888;2023-10-29;"domingo";"02:00:00";"RS";153;675,9;"ACEGUA";"Ingestão de álcool pelo condutor";"Saída de leito carroçável";"Com Vítimas Feridas";"Plena Noite";"Decrescente";"Céu Claro";"Simples";"Reta";"Não";1;0;1;0;0;0;1;1;-31,70697998;-54,15454143;"SPRF-RS";"DEL11-RS";"UOP03-DEL11-RS"
557889;2023-10-29;"domingo";"07:45:00";"SC";101;116,4;"ITAJAI";"Pista Escorregadia";"Tombamento";"Com Vítimas Feridas";"Pleno dia";"Decrescente";"Chuva";"Dupla";"Reta";"Sim";1;0;1;0;0;0;1;1;-26,87905605;-48,72603512;"SPRF-SC";"DEL04-SC";"UOP04-DEL04-SC"
557890;2023-10-29;"domingo";"07:05:00";"SC";101;138;"BALNEARIO CAMBORIU";"Reação tardia ou ineficiente do condutor";"Capotamento";"Com Vítimas Feridas";"Pleno dia";"Decrescente";"Garoa/Chuvisco";"Simples";"Curva";"Não";1;0;1;0;0;0;1;1;-27,02397426;-48,60761649;"SPRF-SC";"DEL04-SC";"UOP03-DEL04-SC"
557893;2023-09-02;"sábado";"15:08:00";"RS";290;47;"SANTO ANTONIO DA PATRULHA";"Reação tardia ou ineficiente do condutor";"Colisão com objeto";"Com Vítimas Feridas";"Pleno dia";"Decrescente";"Céu Claro";"Múltipla";"Reta";"Não";1;0;1;0;0;0;1;1;-29,894592;-50,729916;"SPRF-RS";"DEL03-RS";"UOP01-DEL03-RS"
557894;2023-10-29;"domingo";"06:40:00";"SC";101;322,5;"PESCARIA BRAVA";"Condutor usando celular";"Colisão com objeto";"Com Vítimas Feridas";"Amanhecer";"Decrescente";"Céu Claro";"Dupla";"Curva";"Não";1;0;0;1;0;0;1;1;-28,42943019;-48,91881466;"SPRF-SC";"DEL02-SC";"UOP01-DEL02-SC"
557896;2023-10-17;"terça-feira";"18:50:00";"GO";364;12;"SAO SIMAO";"Ausência de reação do condutor";"Colisão traseira";"Com Vítimas Feridas";"Plena Noite";"Decrescente";"Céu Claro";"Simples";"Reta";"Não";3;0;0;1;2;0;1;2;-18,980635;-50,589607;"SPRF-GO";"DEL05-GO";"UOP02-DEL05-GO"
557897;2023-10-29;"domingo";"07:25:00";"RJ";40;40,3;"AREAL";"Ausência de reação do condutor";"Saída de leito carroçável";"Com Vítimas Feridas";"Pleno dia";"Decrescente";"Céu Claro";"Dupla";"Reta";"Não";1;0;1;0;0;0;1;1;-22,23901593;-43,10807783;"SPRF-RJ";"DEL05-RJ";"UOP02-DEL05-RJ"
557898;2023-10-29;"domingo";"06:50:00";"RO";364;423,9;"JARU";"Ingestão de álcool pelo condutor";"Colisão transversal";"Com Vítimas Feridas";"Pleno dia";"Decrescente";"Céu Claro";"Múltipla";"Reta;Interseção de Vias";"Sim";4;0;2;0;2;0;2;2;-10,43985344;-62,46932615;"SPRF-RO";"DEL03-RO";"UOP02-DEL03-RO"
557900;2023-10-29;"domingo";"07:00:00";"MG";40;676,6;"CARANDAI";"Condutor Dormindo";"Colisão com objeto";"Com Vítimas Fatais";"Pleno dia";"Decrescente";"Céu Claro";"Dupla";"Curva";"Não";5;1;2;2;0;0;4;1;-21,02692828;-43,78311396;"SPRF-MG";"DEL05-MG";"UOP02-DEL05-MG"
557901;2023-10-29;"domingo";"07:00:00";"SC";101;138;"BALNEARIO CAMBORIU";"Reação tardia ou ineficiente do condutor";"Saída de leito carroçável";"Com Vítimas Feridas";"Amanhecer";"Decrescente";"Chuva";"Dupla";"Curva";"Sim";2;0;1;0;1;0;1;1;-27,02397426;-48,60761649;"SPRF-SC";"DEL04-SC";"UOP03-DEL04-SC"
557903;2023-10-29;"domingo";"08:45:00";"MG";262;380;"JUATUBA";"Reação tardia ou ineficiente do condutor";"Saída de leito carroçável";"Com Vítimas Feridas";"Pleno dia";"Crescente";"Céu Claro";"Dupla";"Curva;Aclive";"Não";1;0;0;1;0;0;1;1;-19,947864;-44,381226;"SPRF-MG";"DEL01-MG";"UOP03-DEL01-MG"
557904;2023-10-29;"domingo";"09:17:00";"ES";101;126;"SOORETAMA";"Desrespeitar a preferência no cruzamento";"Colisão transversal";"Com Vítimas Feridas";"Pleno dia";"Decrescente";"Céu Claro";"Dupla";"Interseção de Vias";"Sim";3;0;1;0;2;0;1;2;-19,193953;-40,0951;"SPRF-ES";"DEL04-ES";"UOP01-DEL04-ES"
557905;2023-10-29;"domingo";"09:15:00";"GO";60;44;"ALEXANIA";"Reação tardia ou ineficiente do condutor";"Saída de leito carroçável";"Com Vítimas Feridas";"Pleno dia";"Decrescente";"Céu Claro";"Dupla";"Curva";"Não";1;0;1;0;0;0;1;1;-16,1245;-48,5929;"SPRF-GO";"DEL02-GO";"UOP01-DEL02-GO"
557906;2023-10-29;"domingo";"09:40:00";"SP";116;555;"BARRA DO TURVO";"Reação tardia ou ineficiente do condutor";"Capotamento";"Com Vítimas Feridas";"Pleno dia";"Crescente";"Chuva";"Múltipla";"Curva;Declive";"Não";2;0;1;1;0;0;2;1;-24,97447301;-48,504597;"SPRF-SP";"DEL05-SP";"UOP02-DEL05-SP"
557907;2023-10-29;"domingo";"09:35:00";"GO";50;269,4;"CATALAO";"Ausência de reação do condutor";"Queda de ocupante de veículo";"Com Vítimas Feridas";"Pleno dia";"Decrescente";"Céu Claro";"Dupla";"Reta;Declive";"Não";1;0;1;0;0;0;1;1;-18,1013;-47,8817;"SPRF-GO";"DEL06-GO";"UOP01-DEL06-GO"
557910;2023-10-28;"sábado";"18:30:00";"MG";381;368;"SAO GONCALO DO RIO ABAIXO";"Ingestão de álcool pelo condutor";"Saída de leito carroçável";"Com Vítimas Feridas";"Plena Noite";"Crescente";"Céu Claro";"Simples";"Curva";"Não";1;0;1;0;0;0;1;1;-19,85072732;-43,28377384;"SPRF-MG";"DEL03-MG";"UOP01-DEL03-MG"
557911;2023-10-28;"sábado";"23:30:00";"RJ";116;213;"SEROPEDICA";"Ausência de reação do condutor";"Colisão com objeto";"Sem Vítimas";"Plena Noite";"Crescente";"Céu Claro";"Dupla";"Curva";"Não";1;0;0;0;1;0;0;1;-22,713438;-43,734085;"SPRF-RJ";"DEL01-RJ";"UOP03-DEL01-RJ"
557914;2023-10-29;"domingo";"09:10:00";"MG";381;362;"JOAO MONLEVADE";"Ausência de reação do condutor";"Saída de leito carroçável";"Sem Vítimas";"Pleno dia";"Crescente";"Céu Claro";"Simples";"Reta";"Não";1;0;0;0;0;1;0;1;-19,85643939;-43,24280693;"SPRF-MG";"DEL03-MG";"UOP01-DEL03-MG"
557916;2023-07-10;"segunda-feira";"01:00:00";"MG";381;420;"CAETE";"Velocidade Incompatível";"Tombamento";"Com Vítimas Feridas";"Plena Noite";"Crescente";"Ignorado";"Dupla";"Curva";"Não";1;0;0;1;0;0;1;1;-19,75644501;-43,63185883;"SPRF-MG";"DEL01-MG";"UOP01-DEL01-MG"
557919;2023-10-29;"domingo";"10:10:00";"ES";262;92,5;"DOMINGOS MARTINS";"Ausência de reação do condutor";"Saída de leito carroçável";"Com Vítimas Feridas";"Pleno dia";"Decrescente";"Céu Claro";"Simples";"Curva";"Não";1;0;1;0;0;0;1;1;-20,37836085;-41,04241992;"SPRF-ES";"DEL01-ES";"UOP02-DEL01-ES"
557920;2023-10-22;"domingo";"01:30:00";"PR";158;371;"MARQUINHO";"Demais falhas mecânicas ou elétricas";"Colisão com objeto";"Com Vítimas Feridas";"Plena Noite";"Crescente";"Céu Claro";"Simples";"Reta";"Não";1;0;1;0;0;0;1;1;-25,14148411;-52,28474501;"SPRF-PR";"DEL04-PR";"UOP02-DEL04-PR"
557921;2023-10-29;"domingo";"11:05:00";"RJ";116;98,8;"GUAPIMIRIM";"Velocidade Incompatível";"Colisão frontal";"Com Vítimas Feridas";"Pleno dia";"Crescente";"Nublado";"Simples";"Curva";"Não";3;0;1;0;1;1;1;3;-22,48408668;-42,99547577;"SPRF-RJ";"DEL04-RJ";"UOP01-DEL04-RJ"
557922;2023-10-29;"domingo";"11:08:00";"GO";60;118;"TEREZOPOLIS DE GOIAS";"Desrespeitar a preferência no cruzamento";"Colisão transversal";"Com Vítimas Feridas";"Pleno dia";"Crescente";"Céu Claro";"Dupla";"Reta;Interseção de Vias;Retorno Regulamentado";"Sim";2;0;1;0;1;0;1;2;-16,4848;-49,0935;"SPRF-GO";"DEL01-GO";"UOP01-DEL01-GO"
557923;2023-10-29;"domingo";"11:10:00";"PR";476;147;"ARAUCARIA";"Manobra de mudança de faixa";"Saída de leito carroçável";"Com Vítimas Feridas";"Pleno dia";"Crescente";"Chuva";"Dupla";"Reta";"Sim";1;0;1;0;0;0;1;1;-25,554628;-49,339268;"SPRF-PR";"DEL01-PR";"UOP06-DEL01-PR"
557925;2023-10-29;"domingo";"11:35:00";"SP";381;49;"ATIBAIA";"Objeto estático sobre o leito carroçável";"Colisão com objeto";"Com Vítimas Feridas";"Pleno dia";"Decrescente";"Nublado";"Dupla";"Reta;Declive";"Sim";2;0;1;0;1;0;1;1;-23,20535293;-46,59066516;"SPRF-SP";"DEL03-SP";"UOP01-DEL03-SP"
557926;2023-10-29;"domingo";"10:15:00";"PA";163;997;"SANTAREM";"Demais falhas mecânicas ou elétricas";"Tombamento";"Com Vítimas Feridas";"Pleno dia";"Crescente";"Céu Claro";"Simples";"Declive;Curva";"Não";2;0;1;1;0;0;2;1;-2,49783536;-54,73382218;"SPRF-PA";"DEL05-PA";"UOP01-DEL05-PA"
557927;2023-10-29;"domingo";"11:40:00";"PE";101;39;"IGARASSU";"Reação tardia ou ineficiente do condutor";"Saída de leito carroçável";"Com Vítimas Feridas";"Pleno dia";"Decrescente";"Céu Claro";"Dupla";"Reta;Retorno Regulamentado";"Não";1;0;1;0;0;0;1;1;-7,81606346;-34,91764069;"SPRF-PE";"DEL01-PE";"UOP02-DEL01-PE"
557932;2023-10-29;"domingo";"13:00:00";"SC";101;210,2;"SAO JOSE";"Manobra de mudança de faixa";"Colisão traseira";"Com Vítimas Feridas";"Pleno dia";"Decrescente";"Céu Claro";"Múltipla";"Reta";"Sim";4;0;2;1;1;0;3;3;-27,61515409;-48,64395261;"SPRF-SC";"DEL01-SC";"UOP01-DEL01-SC"
557933;2023-10-29;"domingo";"12:40:00";"PR";277;201;"PALMEIRA";"Reação tardia ou ineficiente do condutor";"Saída de leito carroçável";"Com Vítimas Feridas";"Pleno dia";"Crescente";"Garoa/Chuvisco";"Dupla";"Reta";"Não";2;0;2;0;0;0;2;1;-25,46795776;-50,28556108;"SPRF-PR";"DEL08-PR";"UOP02-DEL08-PR"
557934;2023-10-29;"domingo";"13:00:00";"PR";376;177;"MARINGA";"Velocidade Incompatível";"Colisão com objeto";"Com Vítimas Feridas";"Pleno dia";"Crescente";"Nublado";"Dupla";"Reta";"Sim";1;0;1;0;0;0;1;1;-23,41595855;-51,92226484;"SPRF-PR";"DEL09-PR";"UOP01-DEL09-PR"
557936;2023-10-29;"domingo";"12:10:00";"PR";376;176,3;"MARINGA";"Condutor deixou de manter distância do veículo da frente";"Colisão traseira";"Com Vítimas Feridas";"Pleno dia";"Crescente";"Chuva";"Múltipla";"Reta;Interseção de Vias";"Sim";5;0;2;0;3;0;2;2;-23,41113394;-51,9367075;"SPRF-PR";"DEL09-PR";"UOP01-DEL09-PR"
557937;2023-10-29;"domingo";"13:15:00";"RS";116;202,4;"PICADA CAFE";"Reação tardia ou ineficiente do condutor";"Colisão lateral sentido oposto";"Com Vítimas Feridas";"Pleno dia";"Decrescente";"Céu Claro";"Simples";"Curva;Declive";"Não";2;0;2;0;0;0;2;2;-29,48309143;-51,15200043;"SPRF-RS";"DEL05-RS";"UOP02-DEL05-RS"
557938;2023-10-29;"domingo";"12:00:00";"MG";40;547,5;"NOVA LIMA";"Reação tardia ou ineficiente do condutor";"Capotamento";"Com Vítimas Feridas";"Pleno dia";"Decrescente";"Céu Claro";"Dupla";"Curva";"Sim";2;0;2;0;0;0;2;1;-20,02252424;-43,97026042;"SPRF-MG";"DEL01-MG";"UOP02-DEL01-MG"
557940;2023-10-29;"domingo";"11:55:00";"SC";470;142;"RIO DO SUL";"Acessar a via sem observar a presença dos outros veículos";"Colisão transversal";"Com Vítimas Feridas";"Pleno dia";"Crescente";"Sol";"Simples";"Reta;Declive";"Não";5;0;4;0;1;0;4;2;-27,229801;-49,6693;"SPRF-SC";"DEL04-SC";"UOP02-DEL04-SC"
557941;2023-10-29;"domingo";"13:20:00";"TO";10;455;"PALMAS";"Velocidade Incompatível";"Saída de leito carroçável";"Com Vítimas Feridas";"Pleno dia";"Decrescente";"Céu Claro";"Múltipla";"Reta";"Não";2;0;0;1;1;0;1;1;-10,2241606;-48,1711112;"SPRF-TO";"DEL01-TO";"UOP03-DEL01-TO"
557943;2023-10-29;"domingo";"14:00:00";"RJ";493;89;"DUQUE DE CAXIAS";"Demais falhas mecânicas ou elétricas";"Queda de ocupante de veículo";"Com Vítimas Feridas";"Pleno dia";"Decrescente";"Céu Claro";"Dupla";"Reta";"Não";2;0;2;0;0;0;2;1;-22,672089;-43,285053;"SPRF-RJ";"DEL03-RJ";"UOP01-DEL03-RJ"
557944;2023-10-29;"domingo";"14:30:00";"PR";376;295;"MAUA DA SERRA";"Ingestão de álcool pelo condutor";"Queda de ocupante de veículo";"Com Vítimas Feridas";"Pleno dia";"Crescente";"Chuva";"Dupla";"Reta";"Não";1;0;1;0;0;0;1;1;-23,90724125;-51,19360685;"SPRF-PR";"DEL07-PR";"UOP02-DEL07-PR"
557947;2023-10-29;"domingo";"10:10:00";"RJ";0;0;"RIO DE JANEIRO";"Pista Escorregadia";"Saída de leito carroçável";"Sem Vítimas";"Pleno dia";"Não Informado";"Céu Claro";"Dupla";"Curva";"Sim";3;0;0;0;3;0;0;1;-22,88688469;-43,60108316;"SPRF-RJ";"DEL03-RJ";"UOP01-DEL03-RJ"
557948;2023-10-29;"domingo";"11:30:00";"GO";153;513;"APARECIDA DE GOIANIA";"Acessar a via sem observar a presença dos outros veículos";"Colisão transversal";"Com Vítimas Feridas";"Pleno dia";"Decrescente";"Céu Claro";"Múltipla";"Interseção de Vias";"Sim";2;0;1;0;0;1;1;2;-16,8244;-49,2421;"SPRF-GO";"DEL01-GO";"UOP03-DEL01-GO"
557949;2023-10-29;"domingo";"14:40:00";"SP";381;71;"MAIRIPORA";"Reação tardia ou ineficiente do condutor";"Saída de leito carroçável";"Com Vítimas Feridas";"Pleno dia";"Crescente";"Chuva";"Dupla";"Curva;Aclive";"Não";2;0;1;0;1;0;1;1;-23,35462192;-46,55028462;"SPRF-SP";"DEL03-SP";"UOP01-DEL03-SP"
557950;2023-10-29;"domingo";"10:00:00";"SC";470;269,1;"BRUNOPOLIS";"Velocidade Incompatível";"Saída de leito carroçável";"Com Vítimas Fatais";"Pleno dia";"Crescente";"Céu Claro";"Simples";"Reta";"Não";2;1;0;0;1;0;0;1;-27,318843;-50,767942;"SPRF-SC";"DEL07-SC";"UOP06-DEL07-SC"
557952;2023-10-29;"domingo";"13:39:00";"RS";116;231;"ESTANCIA VELHA";"Reação tardia ou ineficiente do condutor";"Tombamento";"Com Vítimas Feridas";"Pleno dia";"Decrescente";"Céu Claro";"Simples";"Curva;Aclive";"Sim";2;0;2;0;0;0;2;1;-29,62743221;-51,13858608;"SPRF-RS";"DEL01-RS";"UOP02-DEL01-RS"
557953;2023-10-29;"domingo";"14:05:00";"MT";163;821;"SINOP";"Ingestão de álcool pelo condutor";"Colisão traseira";"Com Vítimas Feridas";"Pleno dia";"Crescente";"Céu Claro";"Simples";"Reta";"Não";3;0;3;0;0;0;3;2;-12,112411;-55,51673304;"SPRF-MT";"DEL06-MT";"UOP02-DEL06-MT"
557954;2023-10-29;"domingo";"06:30:00";"PI";230;215;"OEIRAS";"Reação tardia ou ineficiente do condutor";"Queda de ocupante de veículo";"Com Vítimas Feridas";"Pleno dia";"Decrescente";"Céu Claro";"Simples";"Reta";"Não";1;0;0;1;0;0;1;1;-7,04534798;-42,25504493;"SPRF-PI";"DEL03-PI";"UOP01-DEL03-PI"
557955;2023-10-29;"domingo";"15:30:00";"SC";101;213,5;"PALHOCA";"Ausência de reação do condutor";"Colisão traseira";"Com Vítimas Feridas";"Pleno dia";"Decrescente";"Céu Claro";"Dupla";"Reta";"Sim";2;0;0;1;1;0;1;2;-27,63697369;-48,66514142;"SPRF-SC";"DEL01-SC";"UOP02-DEL01-SC"
557956;2023-10-29;"domingo";"15:20:00";"RS";116;231;"IVOTI";"Acessar a via sem observar a presença dos outros veículos";"Colisão transversal";"Com Vítimas Feridas";"Pleno dia";"Decrescente";"Céu Claro";"Simples";"Reta;Declive;Interseção de Vias;Retorno Regulamentado";"Sim";3;0;1;0;1;1;1;3;-29,62483998;-51,13570604;"SPRF-RS";"DEL01-RS";"UOP02-DEL01-RS"
557957;2023-10-29;"domingo";"15:30:00";"GO";60;421;"RIO VERDE";"Reação tardia ou ineficiente do condutor";"Saída de leito carroçável";"Com Vítimas Feridas";"Pleno dia";"Crescente";"Nublado";"Dupla";"Curva";"Não";1;0;1;0;0;0;1;1;-17,8218;-51,2511;"SPRF-GO";"DEL04-GO";"UOP02-DEL04-GO"
557958;2023-10-29;"domingo";"15:00:00";"MT";364;207,5;"RONDONOPOLIS";"Ingestão de álcool pelo condutor";"Colisão com objeto";"Com Vítimas Feridas";"Pleno dia";"Decrescente";"Nublado";"Dupla";"Curva;Declive";"Sim";2;0;1;0;1;0;1;2;-16,43688783;-54,68129396;"SPRF-MT";"DEL02-MT";"UOP01-DEL02-MT"
557959;2023-10-29;"domingo";"15:00:00";"SP";101;45;"UBATUBA";"Ausência de reação do condutor";"Tombamento";"Com Vítimas Feridas";"Pleno dia";"Crescente";"Nublado";"Simples";"Reta";"Sim";2;0;2;0;0;0;2;1;-23,4214462;-45,07170666;"SPRF-SP";"DEL06-SP";"UOP01-DEL06-SP"
557960;2023-10-29;"domingo";"16:40:00";"SP";116;227;"SAO PAULO";"Reação tardia ou ineficiente do condutor";"Colisão traseira";"Com Vítimas Feridas";"Pleno dia";"Crescente";"Chuva";"Dupla";"Reta;Em Obras";"Sim";3;0;2;0;1;0;2;2;-23,49659264;-46,55648754;"SPRF-SP";"DEL01-SP";"UOP01-DEL01-SP"
557963;2023-10-29;"domingo";"15:00:00";"MG";116;115;"ITAOBIM";"Acessar a via sem observar a presença dos outros veículos";"Colisão lateral mesmo sentido";"Com Vítimas Feridas";"Pleno dia";"Decrescente";"Céu Claro";"Simples";"Reta";"Sim";2;0;1;0;1;0;1;2;-16,55656498;-41,50192905;"SPRF-MG";"DEL11-MG";"UOP02-DEL11-MG"
557964;2023-10-29;"domingo";"17:00:00";"SC";101;80,5;"BARRA VELHA";"Ingestão de álcool pelo condutor";"Saída de leito carroçável";"Com Vítimas Feridas";"Pleno dia";"Decrescente";"Nublado";"Dupla";"Reta";"Não";1;0;1;0;0;0;1;1;-26,59441996;-48,72183309;"SPRF-SC";"DEL03-SC";"UOP02-DEL03-SC"
557966;2023-10-29;"domingo";"17:00:00";"GO";414;308;"VILA PROPICIO";"Acessar a via sem observar a presença dos outros veículos";"Colisão transversal";"Com Vítimas Feridas";"Pleno dia";"Crescente";"Céu Claro";"Simples";"Reta";"Não";3;0;0;1;2;0;1;2;-15,20091703;-48,70185812;"SPRF-GO";"DEL02-GO";"UOP01-DEL02-GO"
557967;2023-10-29;"domingo";"13:00:00";"MT";364;102;"ALTO GARCAS";"Demais falhas mecânicas ou elétricas";"Saída de leito carroçável";"Com Vítimas Feridas";"Pleno dia";"Crescente";"Sol";"Simples";"Reta";"Não";1;0;1;0;0;0;1;1;-16,83753442;-53,78718993;"SPRF-MT";"DEL02-MT";"UOP02-DEL02-MT"
557970;2023-10-29;"domingo";"17:10:00";"AL";423;102,6;"DELMIRO GOUVEIA";"Reação tardia ou ineficiente do condutor";"Tombamento";"Com Vítimas Feridas";"Anoitecer";"Decrescente";"Céu Claro";"Simples";"Reta";"Não";1;0;1;0;0;0;1;1;-9,39859232;-38,17365983;"SPRF-BA";"DEL07-BA";"UOP01-DEL07-BA"
557972;2023-10-29;"domingo";"17:57:00";"TO";153;672;"GURUPI";"Ingestão de álcool pelo condutor";"Colisão traseira";"Com Vítimas Feridas";"Pleno dia";"Decrescente";"Céu Claro";"Dupla";"Reta";"Sim";2;0;1;0;1;0;1;2;-11,7294810387;-49,0790878309;"SPRF-TO";"DEL01-TO";"UOP02-DEL01-TO"
557973;2023-10-29;"domingo";"17:40:00";"PE";423;94,6;"GARANHUNS";"Acessar a via sem observar a presença dos outros veículos";"Colisão transversal";"Com Vítimas Feridas";"Plena Noite";"Crescente";"Céu Claro";"Simples";"Reta";"Não";4;0;2;0;2;0;2;2;-8,874732;-36,46946;"SPRF-PE";"DEL03-PE";"UOP01-DEL03-PE"
557974;2023-10-29;"domingo";"17:40:00";"SC";101;142;"ITAPEMA";"Desrespeitar a preferência no cruzamento";"Colisão transversal";"Sem Vítimas";"Pleno dia";"Crescente";"Céu Claro";"Simples";"Reta;Interseção de Vias";"Sim";2;0;0;0;2;0;0;2;-27,056089;-48,599449;"SPRF-SC";"DEL04-SC";"UOP03-DEL04-SC"
557975;2023-10-29;"domingo";"18:25:00";"SE";101;80;"LARANJEIRAS";"Acesso irregular";"Colisão traseira";"Com Vítimas Feridas";"Plena Noite";"Crescente";"Céu Claro";"Dupla";"Declive";"Não";4;0;1;0;2;1;1;3;-10,79993997;-37,14082565;"SPRF-SE";"DEL01-SE";"UOP01-DEL01-SE"
557976;2023-10-29;"domingo";"16:45:00";"MG";381;652,1;"SANTO ANTONIO DO AMPARO";"Velocidade Incompatível";"Capotamento";"Com Vítimas Feridas";"Pleno dia";"Decrescente";"Chuva";"Dupla";"Aclive;Curva";"Não";3;0;3;0;0;0;3;1;-20,98384831;-44,94479972;"SPRF-MG";"DEL04-MG";"UOP02-DEL04-MG"
557977;2023-10-29;"domingo";"17:35:00";"DF";40;7,2;"BRASILIA";"Trafegar com motocicleta (ou similar) entre as faixas";"Colisão traseira";"Com Vítimas Feridas";"Pleno dia";"Crescente";"Céu Claro";"Dupla";"Reta";"Sim";3;0;2;0;1;0;2;2;-16,04071983;-47,98007369;"SPRF-DF";"DEL01-DF";"UOP01-DEL01-DF"
557978;2023-10-29;"domingo";"18:15:00";"MG";365;15,5;"MONTES CLAROS";"Velocidade Incompatível";"Capotamento";"Com Vítimas Feridas";"Anoitecer";"Crescente";"Céu Claro";"Simples";"Reta;Declive";"Não";2;0;1;0;0;1;1;2;-16,87433198;-43,98487502;"SPRF-MG";"DEL12-MG";"UOP01-DEL12-MG"
557979;2023-10-29;"domingo";"18:25:00";"PB";101;113,7;"PEDRAS DE FOGO";"Condutor Dormindo";"Saída de leito carroçável";"Sem Vítimas";"Plena Noite";"Decrescente";"Céu Claro";"Dupla";"Reta;Declive";"Não";3;0;0;0;3;0;0;1;-7,37852293;-34,95673822;"SPRF-PB";"DEL01-PB";"UOP02-DEL01-PB"
557980;2023-10-29;"domingo";"17:40:00";"RS";287;355;"JAGUARI";"Acessar a via sem observar a presença dos outros veículos";"Colisão transversal";"Sem Vítimas";"Pleno dia";"Crescente";"Céu Claro";"Simples";"Curva;Aclive;Interseção de Vias";"Sim";3;0;0;0;3;0;0;2;-29,48271785;-54,68944788;"SPRF-RS";"DEL12-RS";"UOP02-DEL12-RS"
557981;2023-10-29;"domingo";"09:50:00";"PR";376;515;"PONTA GROSSA";"Chuva";"Saída de leito carroçável";"Com Vítimas Feridas";"Pleno dia";"Crescente";"Chuva";"Dupla";"Reta";"Não";2;0;1;0;1;0;1;1;-25,26550955;-49,95449282;"SPRF-PR";"DEL03-PR";"UOP04-DEL03-PR"
557983;2023-10-29;"domingo";"19:15:00";"CE";222;147;"IRAUCUBA";"Ultrapassagem Indevida";"Colisão transversal";"Com Vítimas Feridas";"Plena Noite";"Decrescente";"Céu Claro";"Simples";"Reta";"Sim";2;0;0;1;1;0;1;2;-3,75111608;-39,76402701;"SPRF-CE";"DEL04-CE";"UOP03-DEL04-CE"
557984;2023-10-29;"domingo";"18:15:00";"RJ";116;192;"NOVA IGUACU";"Transitar no Acostamento";"Colisão traseira";"Com Vítimas Feridas";"Anoitecer";"Decrescente";"Chuva";"Dupla";"Reta";"Sim";5;0;4;0;1;0;4;3;-22,74224395;-43,51927578;"SPRF-RJ";"DEL01-RJ";"UOP02-DEL01-RJ"
557985;2023-10-29;"domingo";"18:10:00";"SP";116;70;"APARECIDA";"Chuva";"Colisão lateral mesmo sentido";"Com Vítimas Feridas";"Plena Noite";"Crescente";"Chuva";"Dupla";"Reta";"Não";2;0;2;0;0;0;2;1;-22,84852898;-45,22705084;"SPRF-SP";"DEL08-SP";"UOP01-DEL08-SP"
557986;2023-10-29;"domingo";"16:40:00";"MT";163;86,5;"RONDONOPOLIS";"Reação tardia ou ineficiente do condutor";"Queda de ocupante de veículo";"Com Vítimas Feridas";"Pleno dia";"Crescente";"Céu Claro";"Dupla";"Reta";"Não";1;0;1;0;0;0;1;1;-16,81073315;-54,68584678;"SPRF-MT";"DEL02-MT";"UOP03-DEL02-MT"
557987;2023-10-29;"domingo";"17:20:00";"MT";174;4;"PONTES E LACERDA";"Transitar na contramão";"Colisão frontal";"Com Vítimas Feridas";"Plena Noite";"Crescente";"Céu Claro";"Simples";"Reta";"Sim";5;0;5;0;0;0;5;2;-15,234067;-59,344067;"SPRF-MT";"DEL03-MT";"UOP01-DEL03-MT"
557988;2023-10-29;"domingo";"19:00:00";"MG";40;512;"RIBEIRAO DAS NEVES";"Trafegar com motocicleta (ou similar) entre as faixas";"Colisão traseira";"Com Vítimas Feridas";"Plena Noite";"Crescente";"Chuva";"Dupla";"Reta;Declive";"Não";2;0;1;0;1;0;1;2;-19,78946999;-44,11290699;"SPRF-MG";"DEL01-MG";"UOP02-DEL01-MG"
557989;2023-10-29;"domingo";"19:30:00";"ES";101;98,2;"JAGUARE";"Transitar no Acostamento";"Atropelamento de Pedestre";"Com Vítimas Fatais";"Plena Noite";"Decrescente";"Céu Claro";"Simples";"Declive;Reta";"Não";2;1;1;0;0;0;1;2;-18,97188909;-39,99152282;"SPRF-ES";"DEL04-ES";"UOP02-DEL04-ES"
557990;2023-10-29;"domingo";"18:16:00";"RJ";101;388;"RIO DE JANEIRO";"Reação tardia ou ineficiente do condutor";"Colisão com objeto";"Com Vítimas Feridas";"Plena Noite";"Decrescente";"Garoa/Chuvisco";"Dupla";"Reta";"Sim";2;0;2;0;0;0;2;1;-22,88810094;-43,65827302;"SPRF-RJ";"DEL03-RJ";"UOP01-DEL03-RJ"
557991;2023-10-29;"domingo";"17:15:00";"CE";222;311;"TIANGUA";"Acessar a via sem observar a presença dos outros veículos";"Colisão transversal";"Com Vítimas Feridas";"Pleno dia";"Decrescente";"Céu Claro";"Múltipla";"Reta";"Sim";2;0;1;0;1;0;1;2;-3,711973;-40,984356;"SPRF-CE";"DEL04-CE";"UOP02-DEL04-CE"