"id";"data_inversa";"dia_semana";"horario";"uf";"br";"km";"municipio";"causa_acidente";"tipo_acidente";"classificacao_acidente";"fase_dia";"sentido_via";"condicao_metereologica";"tipo_pista";"tracado_via";"uso_solo";"pessoas";"mortos";"feridos_leves";"feridos_graves";"ilesos";"ignorados";"feridos";"veiculos";"latitude";"longitude";"regional";"delegacia";"uop"
558107;2023-10-30;"segunda-feira";"11:00:00";"ES";101;265,9;"SERRA";"Condutor desrespeitou a iluminação vermelha do semáforo";"Colisão transversal";"Com Vítimas Feridas";"Pleno dia";"Decrescente";"Sol";"Múltipla";"Interseção de Vias";"Sim";4;0;2;0;1;1;2;3;-20,1816849;-40,26536036;"SPRF-ES";"DEL02-ES";"UOP01-DEL02-ES"
558108;2023-10-30;"segunda-feira";"10:00:00";"MG";381;501;"BETIM";"Ausência de reação do condutor";"Saída de leito carroçável";"Com Vítimas Feridas";"Pleno dia";"Decrescente";"Céu Claro";"Dupla";"Reta;Aclive";"Não";1;0;1;0;0;0;1;1;-20,03146447;-44,2377893;"SPRF-MG";"DEL01-MG";"UOP03-DEL01-MG"
558109;2023-10-30;"segunda-feira";"12:00:00";"PI";343;196,2;"PIRIPIRI";"Condutor deixou de manter distância do veículo da frente";"Colisão traseira";"Com Vítimas Feridas";"Pleno dia";"Decrescente";"Céu Claro";"Simples";"Reta";"Não";5;0;2;0;3;0;2;2;-4,360559;-41,817978;"SPRF-PI";"DEL02-PI";"UOP01-DEL02-PI"
558110;2023-10-30;"segunda-feira";"09:20:00";"PB";230;505,7;"CAJAZEIRAS";"Acessar a via sem observar a presença dos outros veículos";"Colisão transversal";"Com Vítimas Feridas";"Pleno dia";"Crescente";"Céu Claro";"Simples";"Interseção de Vias";"Sim";2;0;1;0;1;0;1;2;-6,901652;-38,568004;"SPRF-PB";"DEL03-PB";"UOP03-DEL03-PB"
558111;2023-10-30;"segunda-feira";"12:05:00";"DF";40;3;"BRASILIA";"Condutor deixou de manter distância do veículo da frente";"Colisão traseira";"Com Vítimas Feridas";"Pleno dia";"Decrescente";"Céu Claro";"Dupla";"Viaduto";"Sim";2;0;1;0;1;0;1;2;-16,003145;-47,983944;"SPRF-DF";"DEL01-DF";"UOP01-DEL01-DF"
558112;2023-10-28;"sábado";"18:00:00";"CE";304;50,3;"ARACATI";"Acessar a via sem observar a presença dos outros veículos";"Colisão transversal";"Com Vítimas Feridas";"Anoitecer";"Decrescente";"Céu Claro";"Simples";"Reta;Interseção de Vias";"Sim";3;0;1;1;1;0;2;2;-4,57352926;-37,76245988;"SPRF-CE";"DEL03-CE";"UOP03-DEL03-CE"
558113;2023-10-30;"segunda-feira";"12:00:00";"SP";116;331;"JUQUITIBA";"Reação tardia ou ineficiente do condutor";"Saída de leito carroçável";"Com Vítimas Feridas";"Pleno dia";"Crescente";"Céu Claro";"Dupla";"Curva";"Não";1;0;1;0;0;0;1;1;-23,95129388;-47,10220309;"SPRF-SP";"DEL04-SP";"UOP03-DEL04-SP"
558114;2023-10-30;"segunda-feira";"12:10:00";"SP";381;24;"BRAGANCA PAULISTA";"Ausência de reação do condutor";"Engavetamento";"Com Vítimas Feridas";"Pleno dia";"Crescente";"Nublado";"Dupla";"Reta";"Não";4;0;1;0;3;0;1;4;-23,01316393;-46,52386219;"SPRF-SP";"DEL03-SP";"UOP02-DEL03-SP"
558115;2023-10-30;"segunda-feira";"11:00:00";"MT";70;1,6;"BARRA DO GARCAS";"Condutor desrespeitou a iluminação vermelha do semáforo";"Colisão transversal";"Com Vítimas Feridas";"Pleno dia";"Crescente";"Céu Claro";"Simples";"Reta;Interseção de Vias";"Sim";2;0;2;0;0;0;2;2;-15,8916459573;-52,2620288407;"SPRF-MT";"DEL07-MT";"UOP01-DEL07-MT"
558116;2023-10-25;"quarta-feira";"12:00:00";"PE";232;57;"POMBOS";"Acessar a via sem observar a presença dos outros veículos";"Colisão transversal";"Com Vítimas Feridas";"Pleno dia";"Decrescente";"Céu Claro";"Dupla";"Declive;Curva";"Sim";7;0;4;0;3;0;4;2;-8,141943;-35,38276;"SPRF-PE";"DEL02-PE";"UOP02-DEL02PE"
558118;2023-10-30;"segunda-feira";"09:00:00";"MT";70;257;"PRIMAVERA DO LESTE";"Transitar na contramão";"Colisão transversal";"Com Vítimas Feridas";"Pleno dia";"Decrescente";"Céu Claro";"Simples";"Reta";"Não";4;0;0;1;3;0;1;2;-15,62897989;-54,17635993;"SPRF-MT";"DEL05-MT";"UOP01-DEL05-MT"
558119;2023-10-30;"segunda-feira";"12:15:00";"RO";364;710;"PORTO VELHO";"Acessar a via sem observar a presença dos outros veículos";"Colisão transversal";"Com Vítimas Feridas";"Pleno dia";"Decrescente";"Sol";"Múltipla";"Retorno Regulamentado";"Sim";2;0;1;0;1;0;1;2;-8,78621576;-63,85712687;"SPRF-RO";"DEL01-RO";"UOP01-DEL01-RO"
558121;2023-10-30;"segunda-feira";"13:00:00";"SP";381;1;"VARGEM";"Ausência de reação do condutor";"Saída de leito carroçável";"Com Vítimas Feridas";"Pleno dia";"Decrescente";"Sol";"Dupla";"Reta;Aclive";"Não";1;0;1;0;0;0;1;1;-22,88146043;-46,38105397;"SPRF-SP";"DEL03-SP";"UOP02-DEL03-SP"
558122;2023-08-03;"quinta-feira";"11:35:00";"RJ";356;16;"ITAPERUNA";"Acessar a via sem observar a presença dos outros veículos";"Colisão frontal";"Com Vítimas Feridas";"Pleno dia";"Decrescente";"Céu Claro";"Simples";"Reta";"Não";2;0;1;0;1;0;1;2;-21,17841194;-42,048441;"SPRF-RJ";"DEL08-RJ";"UOP03-DEL08-RJ"
558123;2023-10-30;"segunda-feira";"12:50:00";"BA";101;877;"TEIXEIRA DE FREITAS";"Acesso irregular";"Colisão transversal";"Com Vítimas Feridas";"Pleno dia";"Crescente";"Nublado";"Simples";"Reta;Interseção de Vias";"Sim";2;0;1;0;1;0;1;2;-17,54659971;-39,7191078;"SPRF-BA";"DEL09-BA";"UOP02-DEL09-BA"
558125;2023-10-30;"segunda-feira";"12:50:00";"MS";163;815;"SONORA";"Demais falhas mecânicas ou elétricas";"Saída de leito carroçável";"Sem Vítimas";"Pleno dia";"Crescente";"Sol";"Simples";"Reta";"Não";1;0;0;0;1;0;0;1;-17,79540007;-54,74152616;"SPRF-MS";"DEL06-MS";"UOP01-DEL06-MS"
558126;2023-10-30;"segunda-feira";"09:45:00";"PR";163;15,8;"BOM JESUS DO SUL";"Ultrapassagem Indevida";"Colisão transversal";"Sem Vítimas";"Pleno dia";"Crescente";"Nublado";"Simples";"Reta";"Sim";3;0;0;0;3;0;0;2;-26,199508;-53,642652;"SPRF-PR";"DEL02-PR";"UOP02-DEL02-PR"
558127;2023-10-30;"segunda-feira";"14:13:00";"GO";60;281;"JANDAIA";"Avarias e/ou desgaste excessivo no pneu";"Saída de leito carroçável";"Sem Vítimas";"Pleno dia";"Decrescente";"Céu Claro";"Dupla";"Curva";"Não";3;0;0;0;3;0;0;1;-17,2438;-50,2135;"SPRF-GO";"DEL04-GO";"UOP02-DEL04-GO"
558131;2023-10-21;"sábado";"05:00:00";"MS";60;569;"GUIA LOPES DA LAGUNA";"Avarias e/ou desgaste excessivo no pneu";"Tombamento";"Com Vítimas Feridas";"Amanhecer";"Crescente";"Céu Claro";"Simples";"Reta";"Não";2;0;1;1;0;0;2;1;-21,39729886;-56,03628159;"SPRF-MS";"DEL05-MS";"UOP01-DEL05-MS"
558132;2023-10-30;"segunda-feira";"14:00:00";"MG";381;743;"TRES CORACOES";"Ausência de reação do condutor";"Saída de leito carroçável";"Com Vítimas Feridas";"Pleno dia";"Decrescente";"Céu Claro";"Dupla";"Reta";"Não";3;0;0;3;0;0;3;1;-21,62606989;-45,26880608;"SPRF-MG";"DEL16-MG";"UOP02-DEL16-MG"
558134;2023-10-30;"segunda-feira";"14:11:00";"SC";282;16,6;"PALHOCA";"Trafegar com motocicleta (ou similar) entre as faixas";"Colisão transversal";"Com Vítimas Feridas";"Pleno dia";"Crescente";"Nublado";"Simples";"Reta;Interseção de Vias";"Sim";3;0;1;0;2;0;1;2;-27,658611;-48,681847;"SPRF-SC";"DEL01-SC";"UOP02-DEL01-SC"
558135;2023-10-30;"segunda-feira";"12:20:00";"MG";153;69,9;"MONTE ALEGRE DE MINAS";"Ausência de reação do condutor";"Colisão traseira";"Com Vítimas Feridas";"Pleno dia";"Crescente";"Céu Claro";"Simples";"Reta;Em Obras;Aclive";"Não";3;0;2;0;0;1;2;2;-18,97908572;-49,02353346;"SPRF-MG";"DEL15-MG";"UOP03-DEL15-MG"
558136;2023-10-30;"segunda-feira";"08:53:00";"MA";10;250;"IMPERATRIZ";"Conversão proibida";"Colisão transversal";"Com Vítimas Feridas";"Pleno dia";"Crescente";"Céu Claro";"Simples";"Reta";"Sim";2;0;1;0;1;0;1;2;-5,550874;-47,459305;"SPRF-MA";"DEL04-MA";"UOP01-DEL04-MA"
558137;2023-10-30;"segunda-feira";"07:35:00";"RJ";40;125;"DUQUE DE CAXIAS";"Trafegar com motocicleta (ou similar) entre as faixas";"Colisão lateral mesmo sentido";"Sem Vítimas";"Pleno dia";"Decrescente";"Céu Claro";"Dupla";"Curva;Aclive";"Sim";2;0;0;0;1;1;0;2;-22,81487101;-43,28828833;"SPRF-RJ";"DEL01-RJ";"UOP01-DEL01-RJ"
558138;2023-10-30;"segunda-feira";"14:30:00";"SC";282;560,3;"NOVA ITABERABA";"Demais falhas na via";"Colisão lateral mesmo sentido";"Com Vítimas Feridas";"Pleno dia";"Decrescente";"Chuva";"Simples";"Curva";"Não";2;0;1;0;1;0;1;2;-26,927135;-52,856205;"SPRF-SC";"DEL07-SC";"UOP01-DEL07-SC"
558139;2023-10-06;"sexta-feira";"06:40:00";"RJ";101;456;"ANGRA DOS REIS";"Reação tardia ou ineficiente do condutor";"Colisão frontal";"Com Vítimas Feridas";"Pleno dia";"Crescente";"Chuva";"Simples";"Reta";"Sim";2;0;0;2;0;0;2;2;-23,03288558;-44,16793391;"SPRF-RJ";"DEL03-RJ";"UOP02-DEL03-RJ"
558140;2023-10-30;"segunda-feira";"14:36:00";"CE";116;1,5;"FORTALEZA";"Condutor deixou de manter distância do veículo da frente";"Colisão traseira";"Com Vítimas Feridas";"Pleno dia";"Decrescente";"Céu Claro";"Múltipla";"Reta";"Sim";2;0;2;0;0;0;2;2;-3,77449;-38,515638;"SPRF-CE";"DEL01-CE";"UOP02-DEL01-CE"
558142;2023-10-30;"segunda-feira";"15:20:00";"CE";20;404;"CAUCAIA";"Conversão proibida";"Colisão transversal";"Com Vítimas Feridas";"Pleno dia";"Decrescente";"Céu Claro";"Simples";"Reta";"Não";3;0;2;0;1;0;2;2;-3,77821762;-38,68607924;"SPRF-CE";"DEL01-CE";"UOP01-DEL01-CE"
558143;2023-10-30;"segunda-feira";"15:25:00";"PB";230;309;"SAO MAMEDE";"Acessar a via sem observar a presença dos outros veículos";"Colisão transversal";"Sem Vítimas";"Pleno dia";"Crescente";"Céu Claro";"Simples";"Reta";"Não";2;0;0;0;1;1;0;2;-6,9247;-37,061;"SPRF-PB";"DEL03-PB";"UOP01-DEL03-PB"
558145;2023-01-04;"quarta-feira";"12:10:00";"PI";343;0;"TERESINA";"Manobra de mudança de faixa";"Colisão transversal";"Com Vítimas Feridas";"Pleno dia";"Crescente";"Sol";"Dupla";"Reta;Em Obras";"Sim";3;0;0;1;1;1;1;3;-5,077812;-42,744255;"SPRF-PI";"DEL05-PI";"UOP01-DEL05-PI"
558146;2023-10-30;"segunda-feira";"16:00:00";"PI";343;48,7;"BURITI DOS LOPES";"Ausência de reação do condutor";"Colisão traseira";"Com Vítimas Feridas";"Pleno dia";"Crescente";"Céu Claro";"Simples";"Reta";"Sim";3;0;2;0;1;0;2;2;-3,174765;-41,86887;"SPRF-PI";"DEL05-PI";"UOP01-DEL05-PI"
558150;2023-08-01;"terça-feira";"09:10:00";"RS";116;244,4;"SAO LEOPOLDO";"Condutor deixou de manter distância do veículo da frente";"Engavetamento";"Sem Vítimas";"Pleno dia";"Decrescente";"Céu Claro";"Dupla";"Reta";"Sim";5;0;0;0;4;1;0;5;-29,74088003;-51,15039566;"SPRF-RS";"DEL01-RS";"UOP02-DEL01-RS"
558151;2023-10-30;"segunda-feira";"14:00:00";"MG";262;424,7;"IGARATINGA";"Condutor Dormindo";"Saída de leito carroçável";"Com Vítimas Feridas";"Pleno dia";"Crescente";"Nublado";"Dupla";"Reta";"Não";2;0;2;0;0;0;2;1;-19,88325202;-44,748945;"SPRF-MG";"DEL08-MG";"UOP03-DEL08-MG"
558152;2023-10-30;"segunda-feira";"14:00:00";"MG";381;439;"SABARA";"Condutor deixou de manter distância do veículo da frente";"Colisão traseira";"Com Vítimas Feridas";"Pleno dia";"Decrescente";"Céu Claro";"Dupla";"Interseção de Vias";"Sim";2;0;1;0;1;0;1;2;-19,80927691;-43,78706001;"SPRF-MG";"DEL01-MG";"UOP01-DEL01-MG"
558153;2023-10-30;"segunda-feira";"15:00:00";"MG";381;492;"BETIM";"Ausência de reação do condutor";"Engavetamento";"Com Vítimas Feridas";"Pleno dia";"Crescente";"Céu Claro";"Dupla";"Reta";"Sim";3;0;1;0;0;2;1;3;-19,97490091;-44,19004301;"SPRF-MG";"DEL01-MG";"UOP03-DEL01-MG"
558154;2023-10-26;"quinta-feira";"17:53:00";"GO";60;165;"GOIANIA";"Ausência de reação do condutor";"Colisão transversal";"Com Vítimas Feridas";"Pleno dia";"Crescente";"Céu Claro";"Dupla";"Reta;Declive";"Sim";2;0;0;1;1;0;1;2;-16,7084;-49,3503;"SPRF-GO";"DEL01-GO";"UOP02-DEL01-GO"
558156;2023-10-30;"segunda-feira";"12:00:00";"SC";282;530,3;"CORDILHEIRA ALTA";"Ausência de sinalização";"Colisão lateral mesmo sentido";"Com Vítimas Feridas";"Pleno dia";"Decrescente";"Chuva";"Dupla";"Curva;Aclive";"Não";4;0;1;0;3;0;1;3;-26,986555;-52,60524;"SPRF-SC";"DEL07-SC";"UOP01-DEL07-SC"
558157;2023-10-30;"segunda-feira";"17:30:00";"RJ";101;575;"PARATY";"Pista Escorregadia";"Colisão lateral mesmo sentido";"Com Vítimas Feridas";"Pleno dia";"Decrescente";"Chuva";"Simples";"Rotatória";"Não";2;0;1;0;1;0;1;2;-23,21978585;-44,73466957;"SPRF-RJ";"DEL03-RJ";"UOP04-DEL03-RJ"
558158;2023-10-30;"segunda-feira";"17:15:00";"RS";290;88;"PORTO ALEGRE";"Manobra de mudança de faixa";"Colisão traseira";"Com Vítimas Feridas";"Pleno dia";"Decrescente";"Céu Claro";"Dupla";"Reta";"Sim";2;0;1;0;1;0;1;2;-29,967531;-51,137264;"SPRF-RS";"DEL01-RS";"UOP01-DEL01-RS"
558159;2023-10-30;"segunda-feira";"16:15:00";"MG";365;623,9;"UBERLANDIA";"Condutor usando celular";"Saída de leito carroçável";"Com Vítimas Feridas";"Pleno dia";"Crescente";"Céu Claro";"Múltipla";"Declive;Reta";"Sim";1;0;1;0;0;0;1;1;-18,89985837;-48,27435583;"SPRF-MG";"DEL15-MG";"UOP01-DEL15-MG"
558160;2023-10-30;"segunda-feira";"16:40:00";"PR";277;368;"GUARAPUAVA";"Ausência de reação do condutor";"Colisão com objeto";"Com Vítimas Feridas";"Pleno dia";"Crescente";"Chuva";"Simples";"Reta";"Não";2;0;0;2;0;0;2;1;-25,43784394;-51,63560699;"SPRF-PR";"DEL08-PR";"UOP01-DEL08-PR"
558161;2023-10-30;"segunda-feira";"08:30:00";"SC";163;71;"SAO MIGUEL DO OESTE";"Acessar a via sem observar a presença dos outros veículos";"Colisão lateral mesmo sentido";"Com Vítimas Feridas";"Pleno dia";"Decrescente";"Chuva";"Simples";"Curva";"Sim";2;0;1;0;1;0;1;2;-26,72772401;-53,51281303;"SPRF-SC";"DEL07-SC";"UOP03-DEL07-SC"
558162;2023-06-04;"domingo";"01:00:00";"DF";70;13;"BRASILIA";"Ingestão de álcool pelo condutor";"Saída de leito carroçável";"Sem Vítimas";"Plena Noite";"Crescente";"Nublado";"Dupla";"Rotatória";"Sim";1;0;0;0;0;1;0;1;-15,794558;-48,166584;"SPRF-DF";"DEL03-DF";"UOP02-DEL03-DF"
558163;2023-10-30;"segunda-feira";"18:00:00";"RS";471;662,6;"SANTA VITORIA DO PALMAR";"Condutor deixou de manter distância do veículo da frente";"Colisão traseira";"Com Vítimas Feridas";"Pleno dia";"Decrescente";"Nublado";"Simples";"Reta";"Não";28;0;1;0;27;0;1;2;-33,547981;-53,360939;"SPRF-RS";"DEL07-RS";"UOP04-DEL07-RS"
558164;2023-10-30;"segunda-feira";"16:00:00";"PE";232;253;"ARCOVERDE";"Ausência de reação do condutor";"Colisão traseira";"Com Vítimas Feridas";"Pleno dia";"Decrescente";"Céu Claro";"Simples";"Reta";"Sim";3;0;2;0;1;0;2;2;-8,42522112;-37,07235809;"SPRF-PE";"DEL04-PE";"UOP02-DEL04-PE"
558165;2023-10-30;"segunda-feira";"18:15:00";"RS";392;352,8;"SANTA MARIA";"Manobra de mudança de faixa";"Colisão lateral mesmo sentido";"Com Vítimas Feridas";"Anoitecer";"Crescente";"Céu Claro";"Múltipla";"Reta;Retorno Regulamentado;Aclive;Interseção de Vias;Em Obras";"Sim";3;0;1;1;0;1;2;2;-29,71783116;-53,80861413;"SPRF-RS";"DEL09-RS";"UOP01-DEL09-RS"
558166;2023-10-30;"segunda-feira";"14:20:00";"MS";163;266,9;"DOURADOS";"Desrespeitar a preferência no cruzamento";"Colisão transversal";"Com Vítimas Feridas";"Pleno dia";"Crescente";"Céu Claro";"Dupla";"Rotatória";"Sim";2;0;1;0;1;0;1;2;-22,21821026;-54,72287079;"SPRF-MS";"DEL04-MS";"UOP01-DEL04-MS"
558167;2023-10-30;"segunda-feira";"16:36:00";"MS";262;486;"ANASTACIO";"Condutor Dormindo";"Saída de leito carroçável";"Com Vítimas Feridas";"Pleno dia";"Crescente";"Nublado";"Simples";"Reta";"Não";1;0;1;0;0;0;1;1;-20,50015885;-55,77788898;"SPRF-MS";"DEL03-MS";"UOP01-DEL03-MS"
558169;2023-10-30;"segunda-feira";"17:40:00";"PI";343;341,7;"TERESINA";"Manobra de mudança de faixa";"Colisão lateral mesmo sentido";"Com Vítimas Feridas";"Pleno dia";"Decrescente";"Céu Claro";"Simples";"Curva;Aclive";"Sim";2;0;1;0;1;0;1;2;-5,077812;-42,744255;"SPRF-PI";"DEL01-PI";"UOP01-DEL01-PI"
558170;2023-10-30;"segunda-feira";"18:20:00";"SC";101;204;"SAO JOSE";"Ausência de reação do condutor";"Colisão traseira";"Com Vítimas Feridas";"Plena Noite";"Decrescente";"Chuva";"Múltipla";"Reta";"Não";3;0;2;0;1;0;2;2;-27,57413014;-48,61363083;"SPRF-SC";"DEL01-SC";"UOP01-DEL01-SC"
558171;2023-10-30;"segunda-feira";"11:00:00";"BA";407;117;"SENHOR DO BONFIM";"Transitar no Acostamento";"Queda de ocupante de veículo";"Com Vítimas Feridas";"Pleno dia";"Crescente";"Sol";"Simples";"Reta";"Sim";1;0;1;0;0;0;1;1;-10,37917424;-40,17262459;"SPRF-BA";"DEL04-BA";"UOP01-DEL04-BA"
558172;2023-10-30;"segunda-feira";"18:30:00";"BA";101;505,8;"ITABUNA";"Velocidade Incompatível";"Colisão transversal";"Com Vítimas Feridas";"Plena Noite";"Decrescente";"Céu Claro";"Simples";"Reta";"Sim";2;0;0;2;0;0;2;2;-14,80011083;-39,29126143;"SPRF-BA";"DEL05-BA";"UOP01-DEL05-BA"
558175;2023-10-30;"segunda-feira";"18:20:00";"SC";101;210;"SAO JOSE";"Pista Escorregadia";"Queda de ocupante de veículo";"Com Vítimas Feridas";"Plena Noite";"Decrescente";"Chuva";"Dupla";"Reta";"Sim";1;0;1;0;0;0;1;1;-27,6167305;-48,6457265;"SPRF-SC";"DEL01-SC";"UOP01-DEL01-SC"
558177;2023-10-30;"segunda-feira";"15:40:00";"MT";174;539;"COMODORO";"Chuva";"Saída de leito carroçável";"Com Vítimas Feridas";"Pleno dia";"Decrescente";"Chuva";"Simples";"Reta";"Não";4;0;2;0;2;0;2;1;-13,19505501;-59,86471409;"SPRF-MT";"DEL04-MT";"UOP02-DEL04-MT"
558179;2023-10-30;"segunda-feira";"18:40:00";"PE";101;155;"RIBEIRAO";"Demais falhas mecânicas ou elétricas";"Incêndio";"Sem Vítimas";"Plena Noite";"Decrescente";"Céu Claro";"Simples";"Interseção de Vias";"Não";1;0;0;0;0;1;0;1;-8,539471;-35,390788;"SPRF-PE";"DEL01-PE";"UOP03-DEL01-PE"
558180;2023-10-30;"segunda-feira";"17:50:00";"MS";163;475,2;"CAMPO GRANDE";"Ausência de reação do condutor";"Tombamento";"Com Vítimas Feridas";"Anoitecer";"Crescente";"Céu Claro";"Simples";"Reta";"Sim";1;0;1;0;0;0;1;1;-20,51191701;-54,56053019;"SPRF-MS";"DEL01-MS";"UOP01-DEL01-MS"
558181;2023-10-30;"segunda-feira";"18:25:00";"MS";158;267,5;"TRES LAGOAS";"Acessar a via sem observar a presença dos outros veículos";"Colisão transversal";"Com Vítimas Feridas";"Plena Noite";"Crescente";"Nublado";"Múltipla";"Interseção de Vias;Rotatória";"Sim";3;0;0;2;1;0;2;2;-20,76187242;-51,69078112;"SPRF-MS";"DEL07-MS";"UOP01-DEL07-MS"
558182;2023-10-30;"segunda-feira";"16:40:00";"BA";330;794;"JEQUIE";"Reação tardia ou ineficiente do condutor";"Saída de leito carroçável";"Sem Vítimas";"Pleno dia";"Decrescente";"Céu Claro";"Simples";"Curva";"Não";2;0;0;0;0;2;0;1;-13,92326817;-40,00455215;"SPRF-BA";"DEL03-BA";"UOP01-DEL03-BA"
558184;2023-10-30;"segunda-feira";"19:00:00";"RS";392;311,6;"ITAARA";"Acessar a via sem observar a presença dos outros veículos";"Colisão transversal";"Com Vítimas Feridas";"Plena Noite";"Crescente";"Nublado";"Simples";"Reta";"Sim";2;0;0;1;1;0;1;2;-29,628149;-53,768693;"SPRF-RS";"DEL09-RS";"UOP01-DEL09-RS"
558185;2023-10-29;"domingo";"11:50:00";"SC";470;58;"BLUMENAU";"Reação tardia ou ineficiente do condutor";"Colisão traseira";"Com Vítimas Feridas";"Pleno dia";"Decrescente";"Céu Claro";"Dupla";"Reta";"Sim";3;0;2;0;1;0;2;2;-26,883879;-49,145622;"SPRF-SC";"DEL04-SC";"UOP01-DEL04-SC"
558186;2023-10-30;"segunda-feira";"19:40:00";"CE";116;10,8;"FORTALEZA";"Condutor deixou de manter distância do veículo da frente";"Colisão lateral mesmo sentido";"Com Vítimas Feridas";"Plena Noite";"Crescente";"Céu Claro";"Múltipla";"Reta";"Sim";2;0;1;0;1;0;1;2;-3,83603805;-38,5027281;"SPRF-CE";"DEL01-CE";"UOP02-DEL01-CE"
558187;2023-10-30;"segunda-feira";"19:30:00";"RJ";101;319,4;"NITEROI";"Trafegar com motocicleta (ou similar) entre as faixas";"Colisão traseira";"Com Vítimas Feridas";"Plena Noite";"Decrescente";"Céu Claro";"Dupla";"Reta";"Não";4;0;2;0;2;0;2;2;-22,85411774;-43,1018014;"SPRF-RJ";"DEL02-RJ";"UOP01-DEL02-RJ"
558188;2023-10-30;"segunda-feira";"19:30:00";"MG";40;758,4;"EWBANK DA CAMARA";"Acessar a via sem observar a presença dos outros veículos";"Colisão transversal";"Com Vítimas Feridas";"Plena Noite";"Crescente";"Nublado";"Simples";"Interseção de Vias";"Não";2;0;1;0;1;0;1;2;-21,51149748;-43,5259874;"SPRF-MG";"DEL05-MG";"UOP01-DEL05-MG"
558189;2023-10-30;"segunda-feira";"19:20:00";"GO";60;372;"RIO VERDE";"Reação tardia ou ineficiente do condutor";"Queda de ocupante de veículo";"Com Vítimas Feridas";"Plena Noite";"Decrescente";"Ignorado";"Dupla";"Reta;Declive";"Não";1;0;1;0;0;0;1;1;-17,7027;-50,8465;"SPRF-GO";"DEL04-GO";"UOP02-DEL04-GO"
558190;2023-10-30;"segunda-feira";"19:20:00";"MG";381;420;"CAETE";"Sinalização mal posicionada";"Saída de leito carroçável";"Com Vítimas Feridas";"Plena Noite";"Decrescente";"Céu Claro";"Simples";"Curva";"Não";2;0;2;0;0;0;2;1;-19,75691958;-43,63310337;"SPRF-MG";"DEL01-MG";"UOP01-DEL01-MG"
558192;2023-10-30;"segunda-feira";"19:45:00";"RJ";116;230;"PIRAI";"Acumulo de óleo sobre o pavimento";"Tombamento";"Com Vítimas Feridas";"Plena Noite";"Crescente";"Céu Claro";"Dupla";"Curva;Aclive";"Não";1;0;1;0;0;0;1;1;-22,65208783;-43,82143902;"SPRF-RJ";"DEL07-RJ";"UOP01-DEL07-RJ"
558193;2023-10-30;"segunda-feira";"19:25:00";"PB";104;130,8;"QUEIMADAS";"Animais na Pista";"Atropelamento de Animal";"Com Vítimas Feridas";"Plena Noite";"Decrescente";"Céu Claro";"Simples";"Reta";"Não";2;0;2;0;0;0;2;1;-7,29013399;-35,89029705;"SPRF-PB";"DEL02-PB";"UOP03-DEL02-PB"
558195;2023-10-30;"segunda-feira";"16:00:00";"MA";316;420;"PERITORO";"Acessar a via sem observar a presença dos outros veículos";"Colisão frontal";"Com Vítimas Feridas";"Pleno dia";"Decrescente";"Céu Claro";"Simples";"Reta";"Sim";1;0;1;0;0;0;1;1;-4,351473;-44,371437;"SPRF-MA";"DEL03-MA";"UOP01-DEL03-MA"
558196;2023-10-30;"segunda-feira";"19:00:00";"BA";101;55;"ENTRE RIOS";"Pedestre andava na pista";"Atropelamento de Pedestre";"Com Vítimas Fatais";"Plena Noite";"Decrescente";"Ignorado";"Dupla";"Reta";"Não";2;1;0;0;0;1;0;2;-11,94811498;-38,07127201;"SPRF-BA";"DEL01-BA";"UOP04-DEL01-BA"
558197;2023-10-30;"segunda-feira";"19:00:00";"SP";381;56;"MAIRIPORA";"Condutor deixou de manter distância do veículo da frente";"Tombamento";"Com Vítimas Feridas";"Plena Noite";"Crescente";"Céu Claro";"Múltipla";"Reta";"Sim";1;0;1;0;0;0;1;1;-23,25907163;-46,58982662;"SPRF-SP";"DEL03-SP";"UOP01-DEL03-SP"
558198;2023-10-30;"segunda-feira";"17:10:00";"BA";367;25;"PORTO SEGURO";"Ingestão de álcool pelo condutor";"Colisão traseira";"Sem Vítimas";"Pleno dia";"Crescente";"Céu Claro";"Simples";"Reta";"Sim";2;0;0;0;2;0;0;2;-16,43805311;-39,09107101;"SPRF-BA";"DEL09-BA";"UOP03-DEL09-BA"
558199;2023-10-30;"segunda-feira";"19:30:00";"CE";116;6,9;"FORTALEZA";"Condutor Dormindo";"Colisão frontal";"Com Vítimas Feridas";"Plena Noite";"Crescente";"Céu Claro";"Dupla";"Viaduto";"Sim";2;0;1;0;1;0;1;2;-3,802624;-38,50400499;"SPRF-CE";"DEL01-CE";"UOP02-DEL01-CE"
558200;2023-10-30;"segunda-feira";"20:24:00";"ES";101;143;"LINHARES";"Acessar a via sem observar a presença dos outros veículos";"Colisão lateral mesmo sentido";"Com Vítimas Feridas";"Plena Noite";"Crescente";"Céu Claro";"Simples";"Reta";"Sim";3;0;2;0;0;1;2;2;-19,34286596;-40,0638568;"SPRF-ES";"DEL04-ES";"UOP01-DEL04-ES"
558201;2023-10-30;"segunda-feira";"18:30:00";"BA";110;174;"RIBEIRA DO POMBAL";"Ausência de reação do condutor";"Queda de ocupante de veículo";"Com Vítimas Feridas";"Plena Noite";"Decrescente";"Céu Claro";"Simples";"Reta";"Sim";2;0;1;0;0;1;1;2;-10,87839594;-38,52607058;"SPRF-BA";"DEL07-BA";"UOP02-DEL07-BA"