"id";"data_inversa";"dia_semana";"horario";"uf";"br";"km";"municipio";"causa_acidente";"tipo_acidente";"classificacao_acidente";"fase_dia";"sentido_via";"condicao_metereologica";"tipo_pista";"tracado_via";"uso_solo";"pessoas";"mortos";"feridos_leves";"feridos_graves";"ilesos";"ignorados";"feridos";"veiculos";"latitude";"longitude";"regional";"delegacia";"uop"
558203;2023-10-30;"segunda-feira";"10:20:00";"MA";316;3,5;"BOA VISTA DO GURUPI";"Acessar a via sem observar a presença dos outros veículos";"Colisão lateral mesmo sentido";"Com Vítimas Feridas";"Pleno dia";"Decrescente";"Céu Claro";"Simples";"Reta";"Não";3;0;1;0;2;0;1;2;-1,78673;-46,294327;"SPRF-MA";"DEL02-MA";"UOP02-DEL02-MA"
558204;2023-10-30;"segunda-feira";"20:43:00";"GO";60;368;"RIO VERDE";"Ausência de reação do condutor";"Saída de leito carroçável";"Com Vítimas Feridas";"Plena Noite";"Crescente";"Nublado";"Dupla";"Reta";"Não";1;0;1;0;0;0;1;1;-17,6726;-50,8261;"SPRF-GO";"DEL04-GO";"UOP02-DEL04-GO"
558205;2023-10-30;"segunda-feira";"20:50:00";"BA";324;618;"SALVADOR";"Ausência de reação do condutor";"Queda de ocupante de veículo";"Com Vítimas Feridas";"Plena Noite";"Decrescente";"Céu Claro";"Simples";"Reta";"Sim";1;0;1;0;0;0;1;1;-12,891109;-38,445374;"SPRF-BA";"DEL01-BA";"UOP01-DEL01-BA"
558206;2023-10-30;"segunda-feira";"16:50:00";"RJ";495;27,8;"PETROPOLIS";"Retorno proibido";"Colisão transversal";"Com Vítimas Feridas";"Pleno dia";"Decrescente";"Céu Claro";"Simples";"Reta";"Sim";3;0;1;0;2;0;1;2;-22,39634;-43,12386;"SPRF-RJ";"DEL06-RJ";"UOP01-DEL06-RJ"
558207;2023-10-30;"segunda-feira";"21:30:00";"RJ";101;262;"RIO BONITO";"Ultrapassagem Indevida";"Colisão lateral mesmo sentido";"Com Vítimas Feridas";"Plena Noite";"Decrescente";"Céu Claro";"Dupla";"Reta";"Não";2;0;1;0;1;0;1;2;-22,71367506;-42,62052996;"SPRF-RJ";"DEL02-RJ";"UOP03-DEL02-RJ"
558209;2023-10-30;"segunda-feira";"19:30:00";"RJ";101;319;"SAO GONCALO";"Ausência de reação do condutor";"Tombamento";"Com Vítimas Feridas";"Plena Noite";"Crescente";"Nublado";"Dupla";"Reta";"Sim";1;0;1;0;0;0;1;1;-22,85411774;-43,1018014;"SPRF-RJ";"DEL02-RJ";"UOP02-DEL02-RJ"
558210;2023-10-30;"segunda-feira";"21:20:00";"DF";20;52;"BRASILIA";"Acumulo de areia ou detritos sobre o pavimento";"Tombamento";"Com Vítimas Feridas";"Plena Noite";"Decrescente";"Céu Claro";"Dupla";"Reta;Aclive";"Não";1;0;0;1;0;0;1;1;-15,580098;-47,403366;"SPRF-DF";"DEL02-DF";"UOP01-DEL02-DF"
558214;2023-10-30;"segunda-feira";"21:35:00";"PR";116;89,6;"PIRAQUARA";"Chuva";"Saída de leito carroçável";"Com Vítimas Feridas";"Plena Noite";"Crescente";"Chuva";"Dupla";"Reta";"Não";1;0;1;0;0;0;1;1;-25,45428705;-49,08817119;"SPRF-PR";"DEL01-PR";"UOP07-DEL01-PR"
558216;2023-10-30;"segunda-feira";"21:30:00";"CE";116;11,9;"FORTALEZA";"Reação tardia ou ineficiente do condutor";"Colisão com objeto";"Com Vítimas Fatais";"Plena Noite";"Crescente";"Céu Claro";"Dupla";"Curva";"Não";1;1;0;0;0;0;0;1;-3,85104523;-38,49571824;"SPRF-CE";"DEL01-CE";"UOP02-DEL01-CE"
558218;2023-10-08;"domingo";"11:05:00";"MT";163;828;"SINOP";"Acesso irregular";"Colisão transversal";"Com Vítimas Fatais";"Pleno dia";"Crescente";"Céu Claro";"Simples";"Reta";"Sim";2;1;0;0;1;0;0;2;-11,92281423;-55,51130891;"SPRF-MT";"DEL06-MT";"UOP02-DEL06-MT"
558219;2023-10-30;"segunda-feira";"19:26:00";"MG";364;22;"FRUTAL";"Condutor deixou de manter distância do veículo da frente";"Engavetamento";"Com Vítimas Feridas";"Plena Noite";"Crescente";"Nublado";"Simples";"Declive";"Não";5;0;1;0;4;0;1;3;-20,044321;-48,848865;"SPRF-MG";"DEL13-MG";"UOP02-DEL13-MG"
558220;2023-10-30;"segunda-feira";"19:35:00";"RJ";116;74,9;"TERESOPOLIS";"Ingestão de álcool pelo condutor";"Colisão com objeto";"Com Vítimas Feridas";"Plena Noite";"Crescente";"Nublado";"Simples";"Curva;Declive";"Sim";1;0;1;0;0;0;1;1;-22,35343905;-42,94244164;"SPRF-RJ";"DEL04-RJ";"UOP01-DEL04-RJ"
558221;2023-10-30;"segunda-feira";"22:50:00";"MG";262;427,5;"SAO GONCALO DO PARA";"Velocidade Incompatível";"Capotamento";"Com Vítimas Feridas";"Plena Noite";"Crescente";"Nublado";"Dupla";"Reta";"Não";1;0;0;1;0;0;1;1;-19,88839281;-44,79613504;"SPRF-MG";"DEL08-MG";"UOP03-DEL08-MG"
558224;2023-10-30;"segunda-feira";"22:20:00";"PR";277;96,1;"CURITIBA";"Ausência de sinalização";"Saída de leito carroçável";"Sem Vítimas";"Plena Noite";"Crescente";"Chuva";"Dupla";"Reta;Declive";"Não";4;0;0;0;4;0;0;4;-25,42989151;-49,31976736;"SPRF-PR";"DEL01-PR";"UOP06-DEL01-PR"
558226;2023-10-30;"segunda-feira";"18:30:00";"RJ";101;58,9;"CAMPOS DOS GOYTACAZES";"Reação tardia ou ineficiente do condutor";"Atropelamento de Pedestre";"Com Vítimas Feridas";"Anoitecer";"Crescente";"Céu Claro";"Simples";"Reta";"Sim";2;0;1;0;1;0;1;2;-21,70488703;-41,30979616;"SPRF-RJ";"DEL08-RJ";"UOP01-DEL08-RJ"
558227;2023-10-31;"terça-feira";"00:10:00";"RS";158;330;"SANTA MARIA";"Desrespeitar a preferência no cruzamento";"Colisão transversal";"Com Vítimas Feridas";"Plena Noite";"Crescente";"Céu Claro";"Múltipla";"Rotatória;Viaduto;Interseção de Vias;Retorno Regulamentado;Reta";"Sim";3;0;1;0;2;0;1;2;-29,70042031;-53,84064674;"SPRF-RS";"DEL09-RS";"UOP01-DEL09-RS"
558228;2023-10-30;"segunda-feira";"23:25:00";"PR";373;343,8;"GUARAPUAVA";"Acumulo de água sobre o pavimento";"Saída de leito carroçável";"Com Vítimas Feridas";"Plena Noite";"Crescente";"Chuva";"Dupla";"Curva";"Não";3;0;2;0;1;0;2;1;-25,3631005;-51,4735924;"SPRF-PR";"DEL08-PR";"UOP01-DEL08-PR"
558230;2023-10-31;"terça-feira";"00:15:00";"SP";101;50;"UBATUBA";"Acessar a via sem observar a presença dos outros veículos";"Colisão transversal";"Com Vítimas Feridas";"Plena Noite";"Decrescente";"Céu Claro";"Simples";"Reta";"Sim";3;0;2;0;1;0;2;2;-23,448725;-45,079065;"SPRF-SP";"DEL06-SP";"UOP01-DEL06-SP"
558231;2023-10-30;"segunda-feira";"17:30:00";"RJ";101;61,7;"CAMPOS DOS GOYTACAZES";"Acesso irregular";"Colisão lateral mesmo sentido";"Com Vítimas Feridas";"Pleno dia";"Decrescente";"Céu Claro";"Simples";"Reta";"Sim";2;0;1;0;1;0;1;2;-21,73184;-41,3239;"SPRF-RJ";"DEL08-RJ";"UOP01-DEL08-RJ"
558232;2023-10-31;"terça-feira";"01:00:00";"PR";469;14,1;"FOZ DO IGUACU";"Velocidade Incompatível";"Colisão com objeto";"Com Vítimas Feridas";"Plena Noite";"Decrescente";"Nublado";"Simples";"Desvio Temporário;Reta;Em Obras";"Sim";1;0;0;1;0;0;1;1;-25,5781;-54,5411;"SPRF-PR";"DEL05-PR";"UOP04-DEL05-PR"
558235;2023-10-31;"terça-feira";"02:00:00";"SE";101;103;"SAO CRISTOVAO";"Condutor Dormindo";"Colisão com objeto";"Com Vítimas Feridas";"Plena Noite";"Decrescente";"Céu Claro";"Dupla";"Interseção de Vias";"Não";2;0;0;2;0;0;2;1;-10,95275718;-37,21920991;"SPRF-SE";"DEL02-SE";"UOP01-DEL02-SE"
558240;2023-10-31;"terça-feira";"04:45:00";"PR";376;447;"TIBAGI";"Acumulo de água sobre o pavimento";"Saída de leito carroçável";"Sem Vítimas";"Amanhecer";"Crescente";"Chuva";"Dupla";"Curva";"Não";1;0;0;0;1;0;0;1;-24,851087;-50,461784;"SPRF-PR";"DEL03-PR";"UOP02-DEL03-PR"
558242;2023-10-31;"terça-feira";"06:50:00";"TO";10;463;"PALMAS";"Reação tardia ou ineficiente do condutor";"Colisão lateral mesmo sentido";"Com Vítimas Feridas";"Pleno dia";"Crescente";"Céu Claro";"Simples";"Reta;Retorno Regulamentado";"Sim";2;0;1;0;1;0;1;2;-10,15618788;-48,16564032;"SPRF-TO";"DEL01-TO";"UOP03-DEL01-TO"
558243;2023-10-31;"terça-feira";"06:00:00";"ES";101;67;"SAO MATEUS";"Condutor deixou de manter distância do veículo da frente";"Colisão traseira";"Com Vítimas Feridas";"Pleno dia";"Crescente";"Céu Claro";"Múltipla";"Reta";"Sim";2;0;1;0;1;0;1;2;-18,70935945;-39,87762087;"SPRF-ES";"DEL04-ES";"UOP02-DEL04-ES"
558244;2023-10-31;"terça-feira";"06:32:00";"RS";116;152;"CAXIAS DO SUL";"Acumulo de água sobre o pavimento";"Saída de leito carroçável";"Com Vítimas Feridas";"Amanhecer";"Crescente";"Chuva";"Dupla";"Declive;Curva";"Sim";1;0;1;0;0;0;1;1;-29,1829343;-51,16801501;"SPRF-RS";"DEL05-RS";"UOP01-DEL05-RS"
558245;2023-10-28;"sábado";"19:00:00";"MG";116;457,7;"TARUMIRIM";"Demais falhas mecânicas ou elétricas";"Incêndio";"Sem Vítimas";"Plena Noite";"Decrescente";"Céu Claro";"Simples";"Curva";"Não";1;0;0;0;1;0;0;1;-19,2086853;-42,05227849;"SPRF-MG";"DEL06-MG";"UOP02-DEL06-MG"
558246;2023-10-31;"terça-feira";"06:35:00";"PB";101;98,3;"ALHANDRA";"Demais falhas mecânicas ou elétricas";"Tombamento";"Com Vítimas Feridas";"Pleno dia";"Decrescente";"Nublado";"Dupla";"Reta";"Não";2;0;1;1;0;0;2;1;-7,23846306;-34,9268519;"SPRF-PB";"DEL01-PB";"UOP02-DEL01-PB"
558248;2023-10-30;"segunda-feira";"20:50:00";"RJ";40;108;"DUQUE DE CAXIAS";"Reação tardia ou ineficiente do condutor";"Colisão traseira";"Com Vítimas Feridas";"Plena Noite";"Crescente";"Nublado";"Múltipla";"Reta";"Sim";3;0;0;2;0;1;2;3;-22,66803912;-43,28548264;"SPRF-RJ";"DEL01-RJ";"UOP01-DEL01-RJ"
558249;2023-10-31;"terça-feira";"07:02:00";"MG";381;604,9;"OLIVEIRA";"Reação tardia ou ineficiente do condutor";"Saída de leito carroçável";"Com Vítimas Feridas";"Pleno dia";"Decrescente";"Nublado";"Dupla";"Curva;Declive";"Não";1;0;1;0;0;0;1;1;-20,65861706;-44,73695366;"SPRF-MG";"DEL04-MG";"UOP01-DEL04-MG"
558250;2023-10-31;"terça-feira";"07:20:00";"GO";40;8,3;"VALPARAISO DE GOIAS";"Acessar a via sem observar a presença dos outros veículos";"Atropelamento de Pedestre";"Com Vítimas Feridas";"Pleno dia";"Decrescente";"Céu Claro";"Dupla";"Reta";"Sim";3;0;1;2;0;0;3;2;-16,100814;-47,977351;"SPRF-DF";"DEL01-DF";"UOP01-DEL01-DF"
558251;2023-10-31;"terça-feira";"06:30:00";"ES";101;271,1;"SERRA";"Reação tardia ou ineficiente do condutor";"Colisão lateral mesmo sentido";"Com Vítimas Feridas";"Pleno dia";"Decrescente";"Céu Claro";"Dupla";"Reta";"Sim";4;0;2;0;2;0;2;3;-20,23267;-40,27658;"SPRF-ES";"DEL02-ES";"UOP01-DEL02-ES"
558252;2023-10-31;"terça-feira";"07:30:00";"ES";259;6;"JOAO NEIVA";"Reação tardia ou ineficiente do condutor";"Colisão lateral sentido oposto";"Com Vítimas Feridas";"Pleno dia";"Crescente";"Céu Claro";"Simples";"Aclive;Curva;Viaduto";"Não";5;0;0;1;3;1;1;3;-19,69205155;-40,38836002;"SPRF-ES";"DEL02-ES";"UOP01-DEL02-ES"
558253;2023-10-31;"terça-feira";"07:24:00";"RS";116;246,4;"SAO LEOPOLDO";"Trafegar com motocicleta (ou similar) entre as faixas";"Colisão lateral mesmo sentido";"Com Vítimas Feridas";"Pleno dia";"Decrescente";"Nublado";"Dupla";"Reta";"Sim";4;0;2;0;2;0;2;2;-29,758751;-51,15186806;"SPRF-RS";"DEL01-RS";"UOP02-DEL01-RS"
558254;2023-10-31;"terça-feira";"07:20:00";"MG";262;360;"BETIM";"Ausência de reação do condutor";"Saída de leito carroçável";"Com Vítimas Feridas";"Pleno dia";"Decrescente";"Nublado";"Dupla";"Reta;Retorno Regulamentado";"Sim";1;0;1;0;0;0;1;1;-19,9830204;-44,20924834;"SPRF-MG";"DEL01-MG";"UOP03-DEL01-MG"
558255;2023-10-31;"terça-feira";"07:00:00";"ES";101;328;"GUARAPARI";"Conversão proibida";"Colisão lateral mesmo sentido";"Com Vítimas Feridas";"Amanhecer";"Crescente";"Céu Claro";"Simples";"Reta";"Não";2;0;1;0;1;0;1;2;-20,57963019;-40,4901487;"SPRF-ES";"DEL03-ES";"UOP01-DEL03-ES"
558256;2023-10-31;"terça-feira";"01:10:00";"RJ";40;107;"DUQUE DE CAXIAS";"Demais falhas mecânicas ou elétricas";"Incêndio";"Sem Vítimas";"Plena Noite";"Crescente";"Céu Claro";"Dupla";"Reta";"Sim";1;0;0;0;1;0;0;1;-22,6637291;-43,2848634;"SPRF-RJ";"DEL01-RJ";"UOP01-DEL01-RJ"
558257;2023-10-30;"segunda-feira";"23:30:00";"RJ";116;277,2;"BARRA MANSA";"Demais falhas mecânicas ou elétricas";"Incêndio";"Sem Vítimas";"Plena Noite";"Decrescente";"Nublado";"Dupla";"Reta";"Não";1;0;0;0;0;1;0;1;-22,55271018;-44,17778004;"SPRF-RJ";"DEL07-RJ";"UOP02-DEL07-RJ"
558259;2023-10-31;"terça-feira";"07:15:00";"RN";101;112;"SAO JOSE DE MIPIBU";"Conversão proibida";"Colisão lateral mesmo sentido";"Com Vítimas Feridas";"Pleno dia";"Crescente";"Céu Claro";"Dupla";"Reta";"Sim";2;0;1;0;0;1;1;2;-5,96429;-35,264877;"SPRF-RN";"DEL01-RN";"UOP01-DEL01-RN"
558262;2023-10-31;"terça-feira";"07:45:00";"DF";20;15,6;"BRASILIA";"Velocidade Incompatível";"Colisão lateral mesmo sentido";"Sem Vítimas";"Pleno dia";"Decrescente";"Céu Claro";"Dupla";"Reta";"Não";2;0;0;0;2;0;0;2;-15,630189;-47,733288;"SPRF-DF";"DEL02-DF";"UOP01-DEL02-DF"
558263;2023-10-31;"terça-feira";"07:00:00";"BA";101;883;"IBIRAPUA";"Manobra de mudança de faixa";"Colisão transversal";"Com Vítimas Feridas";"Pleno dia";"Decrescente";"Céu Claro";"Simples";"Reta;Declive;Rotatória";"Não";2;0;2;0;0;0;2;2;-17,78966706;-39,77932178;"SPRF-BA";"DEL09-BA";"UOP02-DEL09-BA"
558264;2023-10-31;"terça-feira";"07:50:00";"SC";280;31,1;"ARAQUARI";"Acessar a via sem observar a presença dos outros veículos";"Colisão transversal";"Com Vítimas Feridas";"Pleno dia";"Decrescente";"Garoa/Chuvisco";"Simples";"Reta";"Sim";2;0;1;0;1;0;1;2;-26,41704675;-48,77333164;"SPRF-SC";"DEL03-SC";"UOP03-DEL03-SC"
558265;2023-10-31;"terça-feira";"07:30:00";"GO";40;8,1;"LUZIANIA";"Ausência de reação do condutor";"Colisão lateral mesmo sentido";"Com Vítimas Feridas";"Pleno dia";"Decrescente";"Céu Claro";"Dupla";"Reta";"Sim";2;0;1;0;1;0;1;2;-16,116158;-47,96761;"SPRF-DF";"DEL01-DF";"UOP01-DEL01-DF"
558270;2023-10-31;"terça-feira";"07:18:00";"SC";282;1,5;"FLORIANOPOLIS";"Trafegar com motocicleta (ou similar) entre as faixas";"Colisão lateral mesmo sentido";"Com Vítimas Feridas";"Pleno dia";"Decrescente";"Chuva";"Dupla";"Reta";"Sim";3;0;2;0;1;0;2;2;-27,602955;-48,580509;"SPRF-SC";"DEL01-SC";"UOP01-DEL01-SC"
558271;2023-10-31;"terça-feira";"07:00:00";"RS";116;366;"TAPES";"Reação tardia ou ineficiente do condutor";"Saída de leito carroçável";"Sem Vítimas";"Pleno dia";"Decrescente";"Céu Claro";"Múltipla";"Reta";"Não";1;0;0;0;1;0;0;1;-30,672995;-51,57052399;"SPRF-RS";"DEL02-RS";"UOP02-DEL02-RS"
558273;2023-10-31;"terça-feira";"07:50:00";"GO";153;204;"URUACU";"Ingestão de álcool pelo condutor";"Capotamento";"Com Vítimas Feridas";"Pleno dia";"Decrescente";"Céu Claro";"Simples";"Reta;Declive";"Não";1;0;1;0;0;0;1;1;-14,547464;-49,160545;"SPRF-GO";"DEL07-GO";"UOP02-DEL07-GO"
558274;2023-10-31;"terça-feira";"07:35:00";"RJ";116;170;"RIO DE JANEIRO";"Reação tardia ou ineficiente do condutor";"Colisão lateral mesmo sentido";"Sem Vítimas";"Pleno dia";"Decrescente";"Céu Claro";"Dupla";"Reta";"Sim";4;0;0;0;4;0;0;2;-22,81113183;-43,3336729;"SPRF-RJ";"DEL01-RJ";"UOP02-DEL01-RJ"
558278;2023-10-31;"terça-feira";"08:30:00";"MA";135;20,5;"SAO LUIS";"Ausência de reação do condutor";"Colisão traseira";"Sem Vítimas";"Pleno dia";"Decrescente";"Céu Claro";"Dupla";"Reta";"Sim";3;0;0;0;1;2;0;2;-2,56624557;-44,32342271;"SPRF-MA";"DEL01-MA";"UOP01-DEL01-MA"
558279;2023-10-31;"terça-feira";"07:51:00";"MG";262;33,1;"MANHUACU";"Acessar a via sem observar a presença dos outros veículos";"Colisão transversal";"Com Vítimas Feridas";"Pleno dia";"Decrescente";"Céu Claro";"Simples";"Reta";"Sim";6;0;1;0;4;1;1;2;-20,25550548;-42,00465315;"SPRF-MG";"DEL06-MG";"UOP03-DEL06-MG"
558280;2023-09-17;"domingo";"17:00:00";"GO";80;68;"PADRE BERNARDO";"Condutor Dormindo";"Capotamento";"Com Vítimas Fatais";"Anoitecer";"Crescente";"Céu Claro";"Simples";"Declive;Curva";"Não";1;1;0;0;0;0;0;1;-15,206488;-48,465462;"SPRF-DF";"DEL03-DF";"UOP02-DEL03-DF"
558283;2023-10-31;"terça-feira";"09:30:00";"DF";70;9;"BRASILIA";"Reação tardia ou ineficiente do condutor";"Colisão traseira";"Sem Vítimas";"Pleno dia";"Decrescente";"Sol";"Dupla";"Reta";"Sim";4;0;0;0;3;1;0;4;-15,784615;-48,132023;"SPRF-DF";"DEL03-DF";"UOP02-DEL03-DF"
558284;2023-10-31;"terça-feira";"09:30:00";"SE";101;91;"NOSSA SENHORA DO SOCORRO";"Ausência de reação do condutor";"Tombamento";"Com Vítimas Feridas";"Pleno dia";"Crescente";"Sol";"Dupla";"Curva";"Não";1;0;1;0;0;0;1;1;-10,89849802;-37,13176324;"SPRF-SE";"DEL01-SE";"UOP01-DEL01-SE"
558288;2023-08-29;"terça-feira";"16:50:00";"CE";222;3,9;"CAUCAIA";"Reação tardia ou ineficiente do condutor";"Colisão transversal";"Com Vítimas Feridas";"Pleno dia";"Crescente";"Céu Claro";"Múltipla";"Reta";"Sim";2;0;0;1;1;0;1;2;-3,7403769;-38,59569202;"SPRF-CE";"DEL01-CE";"UOP01-DEL01-CE"
558290;2023-10-31;"terça-feira";"10:00:00";"RJ";101;334;"RIO DE JANEIRO";"Condutor deixou de manter distância do veículo da frente";"Engavetamento";"Sem Vítimas";"Pleno dia";"Decrescente";"Céu Claro";"Dupla";"Reta";"Não";6;0;0;0;6;0;0;4;-22,88517902;-43,21704364;"SPRF-RJ";"DEL02-RJ";"UOP01-DEL02-RJ"
558291;2023-10-31;"terça-feira";"07:50:00";"RJ";101;325;"NITEROI";"Ausência de reação do condutor";"Colisão traseira";"Com Vítimas Feridas";"Pleno dia";"Crescente";"Céu Claro";"Dupla";"Reta";"Sim";5;0;3;0;2;0;3;2;-22,87292569;-43,13625699;"SPRF-RJ";"DEL02-RJ";"UOP01-DEL02-RJ"
558292;2023-10-31;"terça-feira";"10:00:00";"MG";251;520,3;"MONTES CLAROS";"Demais falhas mecânicas ou elétricas";"Queda de ocupante de veículo";"Com Vítimas Feridas";"Pleno dia";"Decrescente";"Céu Claro";"Simples";"Reta";"Não";2;0;2;0;0;0;2;1;-16,66570005;-43,78533097;"SPRF-MG";"DEL12-MG";"UOP01-DEL12-MG"
558296;2023-10-31;"terça-feira";"11:32:00";"MG";40;455,6;"CAETANOPOLIS";"Condutor Dormindo";"Saída de leito carroçável";"Com Vítimas Feridas";"Pleno dia";"Crescente";"Céu Claro";"Dupla";"Reta";"Não";1;0;0;1;0;0;1;1;-19,35767518;-44,34735515;"SPRF-MG";"DEL02-MG";"UOP01-DEL02-MG"
558298;2023-10-31;"terça-feira";"11:30:00";"SC";101;205;"SAO JOSE";"Ausência de reação do condutor";"Saída de leito carroçável";"Com Vítimas Feridas";"Pleno dia";"Crescente";"Nublado";"Simples";"Curva";"Sim";1;0;1;0;0;0;1;1;-27,58313237;-48,61532885;"SPRF-SC";"DEL01-SC";"UOP01-DEL01-SC"
558299;2023-10-31;"terça-feira";"10:50:00";"SC";116;208,9;"PONTE ALTA";"Velocidade Incompatível";"Colisão traseira";"Com Vítimas Feridas";"Pleno dia";"Crescente";"Céu Claro";"Simples";"Reta";"Sim";3;0;2;0;1;0;2;2;-27,49620462;-50,37008286;"SPRF-SC";"DEL05-SC";"UOP03-DEL05-SC"
558304;2023-10-31;"terça-feira";"12:34:00";"CE";222;0,5;"FORTALEZA";"Reação tardia ou ineficiente do condutor";"Atropelamento de Pedestre";"Com Vítimas Feridas";"Pleno dia";"Crescente";"Céu Claro";"Múltipla";"Reta";"Sim";2;0;1;0;0;1;1;2;-3,7367737;-38,56923;"SPRF-CE";"DEL01-CE";"UOP01-DEL01-CE"
558307;2023-10-31;"terça-feira";"06:58:00";"SC";480;129;"CHAPECO";"Reação tardia ou ineficiente do condutor";"Colisão frontal";"Com Vítimas Feridas";"Pleno dia";"Decrescente";"Céu Claro";"Simples";"Reta";"Sim";3;0;3;0;0;0;3;2;-27,04608995;-52,63615066;"SPRF-SC";"DEL07-SC";"UOP01-DEL07-SC"
558310;2023-09-25;"segunda-feira";"17:40:00";"PR";277;614,5;"CEU AZUL";"Reação tardia ou ineficiente do condutor";"Colisão lateral sentido oposto";"Com Vítimas Feridas";"Pleno dia";"Decrescente";"Sol";"Simples";"Reta";"Não";3;0;0;1;2;0;1;3;-25,069454;-53,660678;"SPRF-PR";"DEL05-PR";"UOP02-DEL05-PR"
558311;2023-10-31;"terça-feira";"13:30:00";"RS";285;437;"BOZANO";"Velocidade Incompatível";"Saída de leito carroçável";"Com Vítimas Feridas";"Pleno dia";"Crescente";"Sol";"Simples";"Reta";"Não";2;0;1;1;0;0;2;1;-28,347002;-53,710854;"SPRF-RS";"DEL10-RS";"UOP01-DEL10-RS"
558312;2023-10-11;"quarta-feira";"23:00:00";"SC";101;115;"ITAJAI";"Demais falhas na via";"Tombamento";"Sem Vítimas";"Plena Noite";"Decrescente";"Chuva";"Múltipla";"Reta";"Não";1;0;0;0;1;0;0;1;-26,87064015;-48,72954134;"SPRF-SC";"DEL04-SC";"UOP04-DEL04-SC"
558313;2023-10-27;"sexta-feira";"13:15:00";"RJ";101;284,2;"ITABORAI";"Ausência de reação do condutor";"Capotamento";"Com Vítimas Feridas";"Pleno dia";"Decrescente";"Céu Claro";"Dupla";"Reta";"Não";2;0;1;1;0;0;2;1;-22,74431564;-42,80870139;"SPRF-RJ";"DEL02-RJ";"UOP02-DEL02-RJ"
558314;2023-10-31;"terça-feira";"13:30:00";"RJ";493;22;"MAGE";"Condutor deixou de manter distância do veículo da frente";"Colisão traseira";"Com Vítimas Feridas";"Pleno dia";"Decrescente";"Céu Claro";"Simples";"Declive";"Não";4;0;1;0;3;0;1;3;-22,659311;-43,053303;"SPRF-RJ";"DEL04-RJ";"UOP02-DEL04-RJ"
558315;2023-10-31;"terça-feira";"11:45:00";"PI";316;312,4;"PICOS";"Entrada inopinada do pedestre";"Atropelamento de Pedestre";"Com Vítimas Feridas";"Pleno dia";"Crescente";"Céu Claro";"Múltipla";"Reta";"Sim";3;0;0;1;1;1;1;2;-7,08092534;-41,4582602;"SPRF-PI";"DEL04-PI";"UOP01-DEL04-PI"
558316;2023-10-31;"terça-feira";"13:55:00";"SC";101;122;"ITAJAI";"Objeto estático sobre o leito carroçável";"Tombamento";"Com Vítimas Feridas";"Pleno dia";"Crescente";"Céu Claro";"Dupla";"Reta";"Não";1;0;1;0;0;0;1;1;-26,92955916;-48,70499836;"SPRF-SC";"DEL04-SC";"UOP04-DEL04-SC"
558317;2023-10-31;"terça-feira";"13:00:00";"MT";174;290;"PONTES E LACERDA";"Acessar a via sem observar a presença dos outros veículos";"Colisão transversal";"Com Vítimas Feridas";"Pleno dia";"Crescente";"Céu Claro";"Simples";"Reta;Rotatória";"Não";2;0;1;1;0;0;2;2;-15,21535504;-59,32007434;"SPRF-MT";"DEL04-MT";"UOP01-DEL04-MT"
558319;2023-10-31;"terça-feira";"14:15:00";"SC";470;64,7;"INDAIAL";"Acessar a via sem observar a presença dos outros veículos";"Colisão transversal";"Com Vítimas Feridas";"Pleno dia";"Crescente";"Nublado";"Simples";"Reta";"Sim";2;0;0;1;1;0;1;2;-26,869867;-49,201859;"SPRF-SC";"DEL04-SC";"UOP01-DEL04-SC"
558320;2023-10-31;"terça-feira";"10:10:00";"BA";101;672,1;"ITAPEBI";"Manobra de mudança de faixa";"Colisão frontal";"Com Vítimas Fatais";"Pleno dia";"Crescente";"Sol";"Simples";"Reta";"Não";5;1;3;0;1;0;3;2;-16,014666;-39,60456;"SPRF-BA";"DEL09-BA";"UOP01-DEL09-BA"
558322;2023-10-31;"terça-feira";"13:40:00";"PE";232;409;"SERRA TALHADA";"Acessar a via sem observar a presença dos outros veículos";"Colisão transversal";"Com Vítimas Feridas";"Pleno dia";"Decrescente";"Céu Claro";"Simples";"Retorno Regulamentado;Reta";"Sim";2;0;1;0;0;1;1;2;-7,981944;-38,289467;"SPRF-PE";"DEL04-PE";"UOP01-DEL04-PE"
558323;2023-06-25;"domingo";"16:40:00";"PR";277;196;"PALMEIRA";"Ultrapassagem Indevida";"Saída de leito carroçável";"Com Vítimas Fatais";"Pleno dia";"Crescente";"Céu Claro";"Simples";"Curva";"Não";6;3;0;3;0;0;3;2;-25,465883;-50,235562;"SPRF-PR";"DEL08-PR";"UOP02-DEL08-PR"
558324;2023-10-31;"terça-feira";"10:30:00";"BA";20;41,4;"CORRENTINA";"Ultrapassagem Indevida";"Saída de leito carroçável";"Com Vítimas Feridas";"Pleno dia";"Crescente";"Céu Claro";"Simples";"Reta";"Não";2;0;1;0;0;1;1;2;-13,59201577;-46,11820221;"SPRF-BA";"DEL10-BA";"UOP01-DEL10-BA"
558327;2023-08-23;"quarta-feira";"17:25:00";"RJ";493;19;"MAGE";"Ausência de reação do condutor";"Tombamento";"Com Vítimas Feridas";"Pleno dia";"Crescente";"Ignorado";"Simples";"Reta";"Sim";2;0;0;1;0;1;1;2;-22,6663848;-43,02770248;"SPRF-RJ";"DEL04-RJ";"UOP02-DEL04-RJ"
558330;2023-10-31;"terça-feira";"14:58:00";"RJ";116;195;"NOVA IGUACU";"Demais falhas mecânicas ou elétricas";"Colisão com objeto";"Com Vítimas Feridas";"Pleno dia";"Crescente";"Nublado";"Dupla";"Curva";"Sim";1;0;0;1;0;0;1;1;-22,73573614;-43,54749701;"SPRF-RJ";"DEL01-RJ";"UOP02-DEL01-RJ"