"id";"data_inversa";"dia_semana";"horario";"uf";"br";"km";"municipio";"causa_acidente";"tipo_acidente";"classificacao_acidente";"fase_dia";"sentido_via";"condicao_metereologica";"tipo_pista";"tracado_via";"uso_solo";"pessoas";"mortos";"feridos_leves";"feridos_graves";"ilesos";"ignorados";"feridos";"veiculos";"latitude";"longitude";"regional";"delegacia";"uop"
558472;2023-10-18;"quarta-feira";"10:30:00";"MG";50;72;"UBERLANDIA";"Acessar a via sem observar a presença dos outros veículos";"Colisão transversal";"Com Vítimas Feridas";"Pleno dia";"Decrescente";"Céu Claro";"Dupla";"Interseção de Vias";"Sim";3;0;1;0;2;0;1;2;-18,89907;-48,24174;"SPRF-MG";"DEL15-MG";"UOP01-DEL15-MG"
558473;2023-11-01;"quarta-feira";"13:00:00";"RS";290;81;"GRAVATAI";"Ausência de reação do condutor";"Colisão traseira";"Com Vítimas Feridas";"Pleno dia";"Crescente";"Nublado";"Dupla";"Reta";"Não";2;0;1;0;1;0;1;2;-29,954445;-51,06881;"SPRF-RS";"DEL01-RS";"UOP01-DEL01-RS"
558474;2023-11-01;"quarta-feira";"11:36:00";"MT";163;835,8;"SINOP";"Reação tardia ou ineficiente do condutor";"Queda de ocupante de veículo";"Com Vítimas Feridas";"Pleno dia";"Crescente";"Céu Claro";"Simples";"Reta";"Sim";1;0;1;0;0;0;1;1;-11,855;-55,494;"SPRF-MT";"DEL06-MT";"UOP02-DEL06-MT"
558476;2023-11-01;"quarta-feira";"13:00:00";"MG";381;917,1;"CAMANDUCAIA";"Condutor Dormindo";"Saída de leito carroçável";"Com Vítimas Feridas";"Pleno dia";"Crescente";"Sol";"Dupla";"Reta";"Não";4;0;2;0;2;0;2;1;-22,76700121;-46,17875277;"SPRF-MG";"DEL16-MG";"UOP03-DEL16-MG"
558477;2023-11-01;"quarta-feira";"12:40:00";"MG";116;729,3;"LARANJAL";"Demais falhas mecânicas ou elétricas";"Incêndio";"Sem Vítimas";"Pleno dia";"Crescente";"Céu Claro";"Simples";"Curva";"Não";4;0;0;0;4;0;0;1;-21,313655;-42,441823;"SPRF-MG";"DEL07-MG";"UOP02-DEL07-MG"
558478;2023-11-01;"quarta-feira";"13:20:00";"RN";101;96,3;"NATAL";"Condutor deixou de manter distância do veículo da frente";"Colisão traseira";"Com Vítimas Feridas";"Pleno dia";"Decrescente";"Sol";"Múltipla";"Reta";"Sim";4;0;2;0;2;0;2;2;-5,85311261;-35,21065593;"SPRF-RN";"DEL01-RN";"UOP01-DEL01-RN"
558481;2023-11-01;"quarta-feira";"13:06:00";"PE";232;22;"MORENO";"Reação tardia ou ineficiente do condutor";"Colisão traseira";"Com Vítimas Feridas";"Pleno dia";"Crescente";"Céu Claro";"Dupla";"Reta";"Não";2;0;0;1;1;0;1;2;-8,09712273;-35,088592;"SPRF-PE";"DEL01-PE";"UOP01-DEL01-PE"
558483;2023-11-01;"quarta-feira";"13:50:00";"SC";280;27;"ARAQUARI";"Acessar a via sem observar a presença dos outros veículos";"Colisão transversal";"Com Vítimas Feridas";"Pleno dia";"Crescente";"Nublado";"Simples";"Reta";"Sim";2;0;1;1;0;0;2;2;-26,39685622;-48,74021969;"SPRF-SC";"DEL03-SC";"UOP03-DEL03-SC"
558485;2023-11-01;"quarta-feira";"13:15:00";"SC";101;207;"SAO JOSE";"Ausência de reação do condutor";"Colisão traseira";"Com Vítimas Feridas";"Pleno dia";"Decrescente";"Nublado";"Múltipla";"Reta;Declive";"Sim";2;0;1;0;1;0;1;2;-27,60166812;-48,62605691;"SPRF-SC";"DEL01-SC";"UOP01-DEL01-SC"
558486;2023-11-01;"quarta-feira";"13:50:00";"SC";101;201,8;"SAO JOSE";"Trafegar com motocicleta (ou similar) entre as faixas";"Colisão traseira";"Com Vítimas Feridas";"Pleno dia";"Crescente";"Céu Claro";"Múltipla";"Reta";"Sim";3;0;2;0;1;0;2;2;-27,54836599;-48,61977975;"SPRF-SC";"DEL01-SC";"UOP01-DEL01-SC"
558487;2023-08-18;"sexta-feira";"16:30:00";"PR";476;146;"CURITIBA";"Condutor deixou de manter distância do veículo da frente";"Colisão traseira";"Com Vítimas Feridas";"Pleno dia";"Decrescente";"Sol";"Múltipla";"Reta";"Sim";2;0;0;1;0;1;1;2;-25,55527319;-49,34024334;"SPRF-PR";"DEL01-PR";"UOP06-DEL01-PR"
558490;2023-11-01;"quarta-feira";"12:55:00";"PR";376;189;"MARIALVA";"Acessar a via sem observar a presença dos outros veículos";"Colisão traseira";"Com Vítimas Feridas";"Pleno dia";"Decrescente";"Céu Claro";"Dupla";"Reta";"Sim";2;0;1;0;1;0;1;2;-23,468215;-51,824547;"SPRF-PR";"DEL09-PR";"UOP01-DEL09-PR"
558491;2023-11-01;"quarta-feira";"14:50:00";"RS";116;245;"SAO LEOPOLDO";"Trafegar com motocicleta (ou similar) entre as faixas";"Colisão traseira";"Com Vítimas Feridas";"Pleno dia";"Crescente";"Céu Claro";"Dupla";"Reta";"Sim";2;0;1;0;1;0;1;2;-29,74980902;-51,15125361;"SPRF-RS";"DEL01-RS";"UOP02-DEL01-RS"
558492;2023-11-01;"quarta-feira";"13:15:00";"RS";392;347,4;"SANTA MARIA";"Ausência de reação do condutor";"Colisão transversal";"Com Vítimas Feridas";"Pleno dia";"Decrescente";"Céu Claro";"Simples";"Reta";"Não";2;0;1;1;0;0;2;2;-29,76125014;-53,78681035;"SPRF-RS";"DEL09-RS";"UOP01-DEL09-RS"
558493;2023-11-01;"quarta-feira";"14:50:00";"BA";324;611;"SIMOES FILHO";"Condutor deixou de manter distância do veículo da frente";"Colisão traseira";"Com Vítimas Feridas";"Pleno dia";"Decrescente";"Céu Claro";"Dupla";"Reta;Aclive";"Não";3;0;1;0;2;0;1;2;-12,83798396;-38,41427011;"SPRF-BA";"DEL01-BA";"UOP01-DEL01-BA"
558494;2023-11-01;"quarta-feira";"15:30:00";"MG";381;491,6;"BETIM";"Ultrapassagem Indevida";"Colisão lateral mesmo sentido";"Com Vítimas Feridas";"Pleno dia";"Crescente";"Céu Claro";"Múltipla";"Reta;Declive";"Sim";3;0;2;0;1;0;2;2;-19,95984638;-44,15451407;"SPRF-MG";"DEL01-MG";"UOP03-DEL01-MG"
558495;2023-11-01;"quarta-feira";"14:50:00";"MG";116;528,3;"CARATINGA";"Transitar no Acostamento";"Colisão traseira";"Com Vítimas Feridas";"Pleno dia";"Decrescente";"Céu Claro";"Dupla";"Reta;Aclive";"Sim";5;0;2;0;3;0;2;2;-19,794033;-42,13731414;"SPRF-MG";"DEL06-MG";"UOP02-DEL06-MG"
558497;2023-11-01;"quarta-feira";"03:15:00";"SC";282;69,7;"RANCHO QUEIMADO";"Velocidade Incompatível";"Saída de leito carroçável";"Com Vítimas Fatais";"Plena Noite";"Decrescente";"Nublado";"Simples";"Curva;Declive";"Não";1;1;0;0;0;0;0;1;-27,6940524;-49,0891185;"SPRF-SC";"DEL01-SC";"UOP03-DEL01-SC"
558499;2023-11-01;"quarta-feira";"15:25:00";"PI";343;0;"TERESINA";"Acessar a via sem observar a presença dos outros veículos";"Colisão transversal";"Com Vítimas Feridas";"Pleno dia";"Crescente";"Céu Claro";"Dupla";"Reta;Declive";"Não";2;0;1;0;1;0;1;2;-5,089569;-42,802288;"SPRF-PI";"DEL01-PI";"UOP01-DEL01-PI"
558500;2023-11-01;"quarta-feira";"16:00:00";"RS";116;246;"SAO LEOPOLDO";"Reação tardia ou ineficiente do condutor";"Colisão traseira";"Com Vítimas Feridas";"Pleno dia";"Decrescente";"Céu Claro";"Dupla";"Reta";"Não";2;0;1;0;1;0;1;2;-29,75056612;-51,15124373;"SPRF-RS";"DEL01-RS";"UOP02-DEL01-RS"
558501;2023-11-01;"quarta-feira";"15:20:00";"SC";101;59,5;"ARAQUARI";"Demais falhas mecânicas ou elétricas";"Saída de leito carroçável";"Com Vítimas Feridas";"Pleno dia";"Crescente";"Nublado";"Simples";"Reta";"Não";1;0;1;0;0;0;1;1;-26,44651734;-48,79426826;"SPRF-SC";"DEL03-SC";"UOP02-DEL03-SC"
558503;2023-11-01;"quarta-feira";"16:05:00";"MG";116;525;"CARATINGA";"Acesso irregular";"Colisão frontal";"Com Vítimas Feridas";"Pleno dia";"Crescente";"Céu Claro";"Simples";"Curva";"Sim";2;0;1;0;1;0;1;2;-19,76833785;-42,13105238;"SPRF-MG";"DEL06-MG";"UOP02-DEL06-MG"
558504;2023-11-01;"quarta-feira";"15:55:00";"CE";304;51,8;"ARACATI";"Acessar a via sem observar a presença dos outros veículos";"Colisão transversal";"Com Vítimas Feridas";"Pleno dia";"Decrescente";"Céu Claro";"Simples";"Curva;Interseção de Vias";"Não";3;0;2;0;1;0;2;2;-4,56942301;-37,75341799;"SPRF-CE";"DEL03-CE";"UOP03-DEL03-CE"
558505;2023-11-01;"quarta-feira";"14:45:00";"MG";365;626;"UBERLANDIA";"Velocidade Incompatível";"Colisão traseira";"Com Vítimas Feridas";"Pleno dia";"Crescente";"Sol";"Dupla";"Reta";"Não";2;0;1;0;1;0;1;2;-18,90659356;-48,33469405;"SPRF-MG";"DEL15-MG";"UOP01-DEL15-MG"
558506;2023-11-01;"quarta-feira";"15:40:00";"PB";230;9;"CABEDELO";"Condutor deixou de manter distância do veículo da frente";"Colisão traseira";"Com Vítimas Feridas";"Pleno dia";"Crescente";"Céu Claro";"Dupla";"Reta";"Sim";3;0;2;0;1;0;2;2;-7,0355;-34,8429;"SPRF-PB";"DEL01-PB";"UOP01-DEL01-PB"
558508;2023-11-01;"quarta-feira";"16:35:00";"SC";101;209,8;"SAO JOSE";"Objeto estático sobre o leito carroçável";"Tombamento";"Com Vítimas Feridas";"Pleno dia";"Crescente";"Nublado";"Múltipla";"Reta";"Sim";2;0;2;0;0;0;2;1;-27,61000542;-48,63895057;"SPRF-SC";"DEL01-SC";"UOP01-DEL01-SC"
558510;2023-11-01;"quarta-feira";"13:30:00";"PB";230;370;"MALTA";"Reação tardia ou ineficiente do condutor";"Saída de leito carroçável";"Com Vítimas Fatais";"Pleno dia";"Crescente";"Sol";"Simples";"Reta";"Não";2;1;1;0;0;0;1;1;-6,9079;-37,5497;"SPRF-PB";"DEL03-PB";"UOP02-DEL03-PB"
558512;2023-11-01;"quarta-feira";"15:40:00";"CE";116;1;"FORTALEZA";"Condutor deixou de manter distância do veículo da frente";"Colisão traseira";"Sem Vítimas";"Pleno dia";"Crescente";"Céu Claro";"Dupla";"Reta";"Sim";2;0;0;0;2;0;0;2;-3,76159894;-38,51900662;"SPRF-CE";"DEL01-CE";"UOP02-DEL01-CE"
558514;2023-11-01;"quarta-feira";"16:35:00";"GO";40;0;"VALPARAISO DE GOIAS";"Trafegar com motocicleta (ou similar) entre as faixas";"Colisão traseira";"Com Vítimas Feridas";"Pleno dia";"Crescente";"Céu Claro";"Dupla";"Reta";"Sim";2;0;1;0;1;0;1;2;-16,05529309;-47,98236966;"SPRF-DF";"DEL01-DF";"UOP01-DEL01-DF"
558515;2023-11-01;"quarta-feira";"15:50:00";"PR";116;188,9;"CAMPO DO TENENTE";"Retorno proibido";"Colisão transversal";"Com Vítimas Feridas";"Pleno dia";"Decrescente";"Nublado";"Simples";"Reta";"Não";5;0;1;0;4;0;1;2;-25,973855;-49,661245;"SPRF-PR";"DEL01-PR";"UOP03-DEL01-PR"
558516;2023-11-01;"quarta-feira";"16:45:00";"SP";116;221;"GUARULHOS";"Trafegar com motocicleta (ou similar) entre as faixas";"Colisão lateral mesmo sentido";"Com Vítimas Feridas";"Pleno dia";"Decrescente";"Céu Claro";"Dupla";"Reta";"Sim";4;0;1;1;1;1;2;3;-23,46802395;-46,50704901;"SPRF-SP";"DEL01-SP";"UOP01-DEL01-SP"
558517;2023-10-29;"domingo";"04:20:00";"RJ";116;144;"DUQUE DE CAXIAS";"Ausência de reação do condutor";"Queda de ocupante de veículo";"Com Vítimas Feridas";"Plena Noite";"Decrescente";"Nublado";"Dupla";"Reta";"Não";2;0;2;0;0;0;2;1;-22,65737709;-43,24724694;"SPRF-RJ";"DEL01-RJ";"UOP01-DEL01-RJ"
558518;2023-11-01;"quarta-feira";"10:15:00";"GO";153;431;"ANAPOLIS";"Demais falhas na via";"Eventos atípicos";"Sem Vítimas";"Pleno dia";"Crescente";"Céu Claro";"Dupla";"Reta";"Sim";2;0;0;0;2;0;0;1;-16,258045;-48,988403;"SPRF-GO";"DEL02-GO";"UOP01-DEL02-GO"
558519;2023-11-01;"quarta-feira";"16:29:00";"PB";101;95;"CONDE";"Ausência de reação do condutor";"Colisão traseira";"Sem Vítimas";"Pleno dia";"Crescente";"Céu Claro";"Dupla";"Reta";"Não";4;0;0;0;4;0;0;2;-7,22379403;-34,91488195;"SPRF-PB";"DEL01-PB";"UOP02-DEL01-PB"
558520;2023-11-01;"quarta-feira";"16:45:00";"PB";101;85;"BAYEUX";"Condutor deixou de manter distância do veículo da frente";"Colisão traseira";"Com Vítimas Feridas";"Pleno dia";"Decrescente";"Céu Claro";"Dupla";"Reta";"Não";3;0;1;0;2;0;1;2;-7,14538184;-34,91662887;"SPRF-PB";"DEL01-PB";"UOP01-DEL01-PB"
558521;2023-11-01;"quarta-feira";"16:40:00";"RJ";116;184;"NOVA IGUACU";"Ausência de reação do condutor";"Colisão traseira";"Com Vítimas Feridas";"Pleno dia";"Crescente";"Nublado";"Dupla";"Reta";"Sim";2;0;0;1;1;0;1;2;-22,74647215;-43,44594311;"SPRF-RJ";"DEL01-RJ";"UOP02-DEL01-RJ"
558522;2023-11-01;"quarta-feira";"11:30:00";"MG";116;692,9;"MIRADOURO";"Acessar a via sem observar a presença dos outros veículos";"Colisão transversal";"Com Vítimas Feridas";"Pleno dia";"Decrescente";"Céu Claro";"Simples";"Curva;Interseção de Vias";"Sim";2;0;1;0;1;0;1;2;-20,8889056;-42,3396111;"SPRF-MG";"DEL07-MG";"UOP02-DEL07-MG"
558523;2023-11-01;"quarta-feira";"16:30:00";"MG";381;364;"SAO GONCALO DO RIO ABAIXO";"Acumulo de areia ou detritos sobre o pavimento";"Capotamento";"Com Vítimas Feridas";"Pleno dia";"Crescente";"Céu Claro";"Simples";"Curva";"Não";4;0;4;0;0;0;4;1;-19,84955579;-43,25424839;"SPRF-MG";"DEL03-MG";"UOP01-DEL03-MG"
558524;2023-06-26;"segunda-feira";"16:30:00";"PI";230;181,6;"OEIRAS";"Manobra de mudança de faixa";"Colisão transversal";"Com Vítimas Feridas";"Pleno dia";"Crescente";"Céu Claro";"Simples";"Reta";"Não";2;0;1;1;0;0;2;2;-6,95248;-42,003965;"SPRF-PI";"DEL04-PI";"UOP01-DEL04-PI"
558525;2023-11-01;"quarta-feira";"17:00:00";"PR";277;611;"SANTA TEREZA DO OESTE";"Acessar a via sem observar a presença dos outros veículos";"Colisão transversal";"Com Vítimas Feridas";"Pleno dia";"Crescente";"Céu Claro";"Simples";"Reta";"Sim";4;0;2;0;2;0;2;2;-25,05215123;-53,63184497;"SPRF-PR";"DEL05-PR";"UOP02-DEL05-PR"
558527;2023-11-01;"quarta-feira";"17:30:00";"SP";116;216;"GUARULHOS";"Entrada inopinada do pedestre";"Atropelamento de Pedestre";"Com Vítimas Fatais";"Anoitecer";"Crescente";"Nublado";"Múltipla";"Reta";"Sim";3;1;0;0;2;0;0;2;-23,45399478;-46,47155643;"SPRF-SP";"DEL01-SP";"UOP01-DEL01-SP"
558530;2023-11-01;"quarta-feira";"17:20:00";"PB";230;25,1;"JOAO PESSOA";"Pedestre cruzava a pista fora da faixa";"Atropelamento de Pedestre";"Com Vítimas Feridas";"Anoitecer";"Decrescente";"Céu Claro";"Dupla";"Reta";"Sim";3;0;1;2;0;0;3;2;-7,17065418;-34,87053037;"SPRF-PB";"DEL01-PB";"UOP01-DEL01-PB"
558531;2023-11-01;"quarta-feira";"17:10:00";"RJ";116;220;"PARACAMBI";"Chuva";"Colisão frontal";"Com Vítimas Feridas";"Pleno dia";"Decrescente";"Chuva";"Dupla";"Curva";"Não";1;0;1;0;0;0;1;1;-22,69305776;-43,77362606;"SPRF-RJ";"DEL07-RJ";"UOP01-DEL07-RJ"
558532;2023-11-01;"quarta-feira";"17:50:00";"GO";40;6,8;"VALPARAISO DE GOIAS";"Área urbana sem a presença de local apropriado para a travessia de pedestres";"Atropelamento de Pedestre";"Com Vítimas Feridas";"Pleno dia";"Crescente";"Nublado";"Dupla";"Aclive";"Sim";3;0;1;0;1;1;1;2;-16,100814;-47,977351;"SPRF-DF";"DEL01-DF";"UOP01-DEL01-DF"
558534;2023-11-01;"quarta-feira";"17:25:00";"CE";116;70;"CHOROZINHO";"Condutor deixou de manter distância do veículo da frente";"Colisão traseira";"Com Vítimas Feridas";"Anoitecer";"Crescente";"Céu Claro";"Simples";"Reta";"Não";3;0;2;0;1;0;2;2;-4,32740107;-38,48526908;"SPRF-CE";"DEL03-CE";"UOP02-DEL03-CE"
558536;2023-11-01;"quarta-feira";"17:45:00";"RS";116;96;"PORTO ALEGRE";"Ausência de reação do condutor";"Tombamento";"Com Vítimas Feridas";"Pleno dia";"Crescente";"Céu Claro";"Dupla";"Curva;Ponte";"Não";1;0;1;0;0;0;1;1;-29,99748098;-51,20563388;"SPRF-RS";"DEL05-RS";"UOP01-DEL05-RS"
558537;2023-11-01;"quarta-feira";"17:24:00";"RJ";101;319;"SAO GONCALO";"Trafegar com motocicleta (ou similar) entre as faixas";"Colisão lateral mesmo sentido";"Com Vítimas Feridas";"Anoitecer";"Decrescente";"Nublado";"Dupla";"Reta";"Sim";2;0;1;0;1;0;1;2;-22,85411774;-43,1018014;"SPRF-RJ";"DEL02-RJ";"UOP02-DEL02-RJ"
558538;2023-11-01;"quarta-feira";"17:15:00";"PE";232;17,2;"JABOATAO DOS GUARARAPES";"Frear bruscamente";"Colisão traseira";"Com Vítimas Feridas";"Anoitecer";"Crescente";"Céu Claro";"Dupla";"Reta";"Não";2;0;1;0;1;0;1;2;-8,09565202;-35,04581599;"SPRF-PE";"DEL01-PE";"UOP01-DEL01-PE"
558540;2023-11-01;"quarta-feira";"17:05:00";"SP";153;174;"GUAICARA";"Reação tardia ou ineficiente do condutor";"Colisão traseira";"Com Vítimas Feridas";"Pleno dia";"Crescente";"Sol";"Simples";"Interseção de Vias";"Sim";2;0;1;0;1;0;1;2;-21,633102;-49,787743;"SPRF-SP";"DEL07-SP";"UOP01-DEL07-SP"
558541;2023-11-01;"quarta-feira";"16:15:00";"MT";174;306;"PONTES E LACERDA";"Reação tardia ou ineficiente do condutor";"Tombamento";"Com Vítimas Feridas";"Pleno dia";"Crescente";"Céu Claro";"Simples";"Reta";"Não";2;0;1;0;0;1;1;2;-15,08374502;-59,29660595;"SPRF-MT";"DEL04-MT";"UOP01-DEL04-MT"
558542;2023-11-01;"quarta-feira";"18:00:00";"GO";50;260;"CATALAO";"Reação tardia ou ineficiente do condutor";"Queda de ocupante de veículo";"Com Vítimas Feridas";"Plena Noite";"Crescente";"Céu Claro";"Dupla";"Reta";"Não";1;0;1;0;0;0;1;1;-18,0366;-47,8438;"SPRF-GO";"DEL06-GO";"UOP01-DEL06-GO"
558545;2023-11-01;"quarta-feira";"18:30:00";"SC";282;5;"SAO JOSE";"Ausência de reação do condutor";"Colisão traseira";"Com Vítimas Feridas";"Plena Noite";"Decrescente";"Nublado";"Dupla";"Curva;Aclive";"Sim";2;0;1;0;1;0;1;2;-27,588425;-48,612919;"SPRF-SC";"DEL01-SC";"UOP01-DEL01-SC"
558546;2023-11-01;"quarta-feira";"18:10:00";"RN";110;47,5;"MOSSORO";"Acessar a via sem observar a presença dos outros veículos";"Colisão transversal";"Com Vítimas Feridas";"Plena Noite";"Crescente";"Céu Claro";"Simples";"Reta";"Sim";2;0;0;1;1;0;1;2;-5,20510866;-37,32783079;"SPRF-RN";"DEL04-RN";"UOP01-DEL04-RN"
558547;2023-11-01;"quarta-feira";"17:30:00";"SC";480;123,3;"CHAPECO";"Condutor deixou de manter distância do veículo da frente";"Colisão traseira";"Com Vítimas Feridas";"Pleno dia";"Decrescente";"Nublado";"Dupla";"Reta;Aclive";"Sim";2;0;1;0;1;0;1;2;-26,99739704;-52,64201951;"SPRF-SC";"DEL07-SC";"UOP01-DEL07-SC"
558549;2023-11-01;"quarta-feira";"16:40:00";"SC";470;65;"INDAIAL";"Acessar a via sem observar a presença dos outros veículos";"Colisão transversal";"Com Vítimas Feridas";"Pleno dia";"Crescente";"Nublado";"Simples";"Reta;Interseção de Vias;Em Obras";"Não";3;0;1;2;0;0;3;2;-26,870411;-49,211864;"SPRF-SC";"DEL04-SC";"UOP01-DEL04-SC"
558550;2023-11-01;"quarta-feira";"16:39:00";"RN";226;32;"MACAIBA";"Condutor deixou de manter distância do veículo da frente";"Colisão traseira";"Com Vítimas Feridas";"Pleno dia";"Crescente";"Céu Claro";"Simples";"Declive";"Não";2;0;1;0;0;1;1;2;-5,8910108;-35,49395084;"SPRF-RN";"DEL01-RN";"UOP02-DEL01-RN"
558552;2023-11-01;"quarta-feira";"18:15:00";"MS";163;262;"DOURADOS";"Condutor deixou de manter distância do veículo da frente";"Colisão traseira";"Com Vítimas Feridas";"Anoitecer";"Decrescente";"Céu Claro";"Dupla";"Reta";"Sim";2;0;1;0;1;0;1;2;-22,2352256;-54,75663316;"SPRF-MS";"DEL04-MS";"UOP01-DEL04-MS"
558555;2023-11-01;"quarta-feira";"19:10:00";"ES";101;148;"LINHARES";"Acessar a via sem observar a presença dos outros veículos";"Colisão traseira";"Com Vítimas Feridas";"Plena Noite";"Crescente";"Céu Claro";"Dupla";"Reta";"Sim";3;0;1;0;1;1;1;3;-19,38787399;-40,06752766;"SPRF-ES";"DEL04-ES";"UOP01-DEL04-ES"
558557;2023-10-21;"sábado";"18:00:00";"PI";230;197;"OEIRAS";"Ausência de reação do condutor";"Colisão traseira";"Com Vítimas Feridas";"Plena Noite";"Crescente";"Céu Claro";"Dupla";"Curva";"Sim";2;0;1;0;1;0;1;2;-7,00931468;-42,12706364;"SPRF-PI";"DEL04-PI";"UOP01-DEL04-PI"
558558;2023-11-01;"quarta-feira";"19:00:00";"MT";70;0,2;"BARRA DO GARCAS";"Ausência de reação do condutor";"Colisão transversal";"Com Vítimas Feridas";"Anoitecer";"Crescente";"Nublado";"Simples";"Rotatória";"Sim";2;0;2;0;0;0;2;2;-15,89393879;-52,25802541;"SPRF-MT";"DEL07-MT";"UOP01-DEL07-MT"
558560;2023-11-01;"quarta-feira";"17:30:00";"MG";262;547,3;"LUZ";"Chuva";"Saída de leito carroçável";"Com Vítimas Feridas";"Anoitecer";"Decrescente";"Chuva";"Simples";"Curva;Declive";"Não";1;0;1;0;0;0;1;1;-19,74018668;-45,86034892;"SPRF-MG";"DEL08-MG";"UOP02-DEL08-MG"
558561;2023-11-01;"quarta-feira";"19:40:00";"DF";70;10;"BRASILIA";"Ingestão de álcool ou de substâncias psicoativas pelo pedestre";"Capotamento";"Com Vítimas Feridas";"Plena Noite";"Decrescente";"Nublado";"Dupla";"Reta";"Sim";2;0;1;0;1;0;1;2;-15,787066;-48,140709;"SPRF-DF";"DEL03-DF";"UOP02-DEL03-DF"
558562;2023-11-01;"quarta-feira";"19:05:00";"SC";101;116;"ITAJAI";"Trafegar com motocicleta (ou similar) entre as faixas";"Colisão traseira";"Com Vítimas Feridas";"Plena Noite";"Decrescente";"Céu Claro";"Dupla";"Reta";"Sim";3;0;1;0;2;0;1;2;-26,87905605;-48,72603512;"SPRF-SC";"DEL04-SC";"UOP04-DEL04-SC"
558563;2023-11-01;"quarta-feira";"17:40:00";"PE";232;256,7;"ARCOVERDE";"Desrespeitar a preferência no cruzamento";"Colisão transversal";"Com Vítimas Feridas";"Anoitecer";"Crescente";"Chuva";"Simples";"Reta";"Sim";3;0;0;1;1;1;1;3;-8,40988226;-37,09335003;"SPRF-PE";"DEL04-PE";"UOP02-DEL04-PE"
558565;2023-11-01;"quarta-feira";"18:30:00";"MS";163;484,4;"CAMPO GRANDE";"Acessar a via sem observar a presença dos outros veículos";"Colisão transversal";"Com Vítimas Feridas";"Plena Noite";"Crescente";"Céu Claro";"Simples";"Interseção de Vias";"Sim";2;0;2;0;0;0;2;2;-20,45104898;-54,5403266;"SPRF-MS";"DEL01-MS";"UOP02-DEL01-MS"
558566;2023-11-01;"quarta-feira";"14:00:00";"MT";174;123;"MIRASSOL DOESTE";"Falta de acostamento";"Saída de leito carroçável";"Com Vítimas Feridas";"Pleno dia";"Decrescente";"Céu Claro";"Simples";"Declive";"Não";2;0;2;0;0;0;2;1;-15,83024186;-58,06617737;"SPRF-MT";"DEL03-MT";"UOP01-DEL03-MT"
558567;2023-11-01;"quarta-feira";"19:05:00";"PR";116;153;"MANDIRITUBA";"Desrespeitar a preferência no cruzamento";"Colisão transversal";"Com Vítimas Feridas";"Plena Noite";"Crescente";"Céu Claro";"Simples";"Reta;Interseção de Vias";"Sim";4;0;1;0;3;0;1;2;-25,86914;-49,366514;"SPRF-PR";"DEL01-PR";"UOP03-DEL01-PR"
558568;2023-10-27;"sexta-feira";"20:55:00";"MG";262;35;"MANHUACU";"Acessar a via sem observar a presença dos outros veículos";"Colisão transversal";"Com Vítimas Feridas";"Plena Noite";"Decrescente";"Nublado";"Simples";"Reta";"Sim";2;0;0;1;0;1;1;2;-20,2592562;-42,01698194;"SPRF-MG";"DEL06-MG";"UOP03-DEL06-MG"
558569;2023-11-01;"quarta-feira";"18:45:00";"BA";324;528;"FEIRA DE SANTANA";"Reação tardia ou ineficiente do condutor";"Colisão traseira";"Sem Vítimas";"Anoitecer";"Decrescente";"Céu Claro";"Dupla";"Reta;Aclive";"Não";2;0;0;0;2;0;0;2;-12,31728191;-38,87612093;"SPRF-BA";"DEL01-BA";"UOP03-DEL01-BA"
558573;2023-11-01;"quarta-feira";"18:50:00";"RO";364;457;"JARU";"Reação tardia ou ineficiente do condutor";"Colisão traseira";"Sem Vítimas";"Plena Noite";"Decrescente";"Céu Claro";"Simples";"Reta";"Não";2;0;0;0;2;0;0;2;-10,26246515;-62,70509219;"SPRF-RO";"DEL03-RO";"UOP02-DEL03-RO"
558574;2023-11-01;"quarta-feira";"19:30:00";"MG";50;79,3;"UBERLANDIA";"Acessar a via sem observar a presença dos outros veículos";"Colisão lateral mesmo sentido";"Com Vítimas Feridas";"Plena Noite";"Crescente";"Céu Claro";"Dupla";"Reta;Declive";"Não";2;0;1;0;1;0;1;2;-18,96001203;-48,21611881;"SPRF-MG";"DEL15-MG";"UOP01-DEL15-MG"
558575;2023-11-01;"quarta-feira";"18:00:00";"MT";163;746;"SORRISO";"Ausência de reação do condutor";"Colisão com objeto";"Sem Vítimas";"Anoitecer";"Decrescente";"Chuva";"Simples";"Retorno Regulamentado";"Sim";2;0;0;0;2;0;0;1;-12,59904292;-55,74808544;"SPRF-MT";"DEL06-MT";"UOP01-DEL06-MT"
558577;2023-11-01;"quarta-feira";"18:50:00";"BA";324;520;"FEIRA DE SANTANA";"Acumulo de areia ou detritos sobre o pavimento";"Tombamento";"Com Vítimas Feridas";"Anoitecer";"Decrescente";"Céu Claro";"Dupla";"Reta";"Sim";1;0;1;0;0;0;1;1;-12,27376054;-38,93366564;"SPRF-BA";"DEL01-BA";"UOP03-DEL01-BA"
558578;2023-11-01;"quarta-feira";"17:32:00";"SC";480;126,3;"CHAPECO";"Manobra de mudança de faixa";"Colisão transversal";"Sem Vítimas";"Pleno dia";"Decrescente";"Nublado";"Dupla";"Reta;Aclive";"Não";2;0;0;0;2;0;0;2;-27,020083;-52,636024;"SPRF-SC";"DEL07-SC";"UOP01-DEL07-SC"