"id";"data_inversa";"dia_semana";"horario";"uf";"br";"km";"municipio";"causa_acidente";"tipo_acidente";"classificacao_acidente";"fase_dia";"sentido_via";"condicao_metereologica";"tipo_pista";"tracado_via";"uso_solo";"pessoas";"mortos";"feridos_leves";"feridos_graves";"ilesos";"ignorados";"feridos";"veiculos";"latitude";"longitude";"regional";"delegacia";"uop"
558685;2023-11-02;"quinta-feira";"10:20:00";"MG";40;612,5;"CONGONHAS";"Reação tardia ou ineficiente do condutor";"Engavetamento";"Com Vítimas Feridas";"Pleno dia";"Crescente";"Nublado";"Simples";"Reta";"Não";18;0;2;0;16;0;2;6;-20,522157;-43,830269;"SPRF-MG";"DEL05-MG";"UOP02-DEL05-MG"
558686;2023-11-02;"quinta-feira";"09:45:00";"RJ";116;193;"NOVA IGUACU";"Condutor deixou de manter distância do veículo da frente";"Engavetamento";"Sem Vítimas";"Pleno dia";"Crescente";"Céu Claro";"Dupla";"Reta";"Sim";5;0;0;0;4;1;0;4;-22,73960178;-43,52859094;"SPRF-RJ";"DEL01-RJ";"UOP02-DEL01-RJ"
558687;2023-11-02;"quinta-feira";"10:24:00";"BA";367;39;"PORTO SEGURO";"Ausência de reação do condutor";"Queda de ocupante de veículo";"Com Vítimas Feridas";"Pleno dia";"Crescente";"Céu Claro";"Simples";"Reta";"Não";2;0;2;0;0;0;2;1;-16,39129187;-39,20169694;"SPRF-BA";"DEL09-BA";"UOP03-DEL09-BA"
558688;2023-11-02;"quinta-feira";"10:30:00";"SC";101;143;"ITAPEMA";"Reação tardia ou ineficiente do condutor";"Colisão traseira";"Com Vítimas Feridas";"Pleno dia";"Crescente";"Garoa/Chuvisco";"Dupla";"Reta";"Sim";3;0;1;0;2;0;1;2;-27,06436;-48,59599405;"SPRF-SC";"DEL04-SC";"UOP03-DEL04-SC"
558689;2023-11-02;"quinta-feira";"10:24:00";"PE";428;175,7;"PETROLINA";"Condutor deixou de manter distância do veículo da frente";"Colisão lateral mesmo sentido";"Com Vítimas Feridas";"Pleno dia";"Decrescente";"Céu Claro";"Simples";"Reta;Em Obras";"Não";2;0;1;0;1;0;1;2;-9,26025696;-40,42934308;"SPRF-PE";"DEL06-PE";"UOP01-DEL06-PE"
558690;2023-11-02;"quinta-feira";"10:35:00";"SC";101;210;"SAO JOSE";"Condutor deixou de manter distância do veículo da frente";"Engavetamento";"Com Vítimas Feridas";"Pleno dia";"Crescente";"Chuva";"Múltipla";"Reta";"Sim";5;0;0;1;4;0;1;4;-27,61576444;-48,64447296;"SPRF-SC";"DEL01-SC";"UOP01-DEL01-SC"
558694;2023-11-02;"quinta-feira";"11:00:00";"RJ";116;189;"NOVA IGUACU";"Trafegar com motocicleta (ou similar) entre as faixas";"Colisão traseira";"Com Vítimas Feridas";"Pleno dia";"Crescente";"Céu Claro";"Dupla";"Reta";"Sim";2;0;1;0;1;0;1;2;-22,73765712;-43,49182298;"SPRF-RJ";"DEL01-RJ";"UOP02-DEL01-RJ"
558695;2023-11-02;"quinta-feira";"11:15:00";"MG";365;614,2;"UBERLANDIA";"Condutor deixou de manter distância do veículo da frente";"Colisão traseira";"Com Vítimas Feridas";"Pleno dia";"Decrescente";"Céu Claro";"Simples";"Aclive;Reta";"Sim";3;0;1;0;2;0;1;2;-18,91245759;-48,21933746;"SPRF-MG";"DEL15-MG";"UOP01-DEL15-MG"
558696;2023-11-02;"quinta-feira";"09:00:00";"MS";262;109,3;"AGUA CLARA";"Condutor Dormindo";"Colisão lateral sentido oposto";"Com Vítimas Feridas";"Pleno dia";"Decrescente";"Céu Claro";"Simples";"Reta";"Não";5;0;3;0;2;0;3;2;-20,53532059;-52,57249182;"SPRF-MS";"DEL07-MS";"UOP02-DEL07-MS"
558697;2023-11-02;"quinta-feira";"12:00:00";"SC";282;57;"RANCHO QUEIMADO";"Reação tardia ou ineficiente do condutor";"Tombamento";"Com Vítimas Feridas";"Pleno dia";"Decrescente";"Chuva";"Simples";"Declive;Interseção de Vias;Curva";"Não";2;0;2;0;0;0;2;2;-27,688864;-48,998455;"SPRF-SC";"DEL01-SC";"UOP03-DEL01-SC"
558698;2023-11-02;"quinta-feira";"12:00:00";"SC";101;209;"SAO JOSE";"Reação tardia ou ineficiente do condutor";"Colisão traseira";"Com Vítimas Feridas";"Pleno dia";"Crescente";"Garoa/Chuvisco";"Dupla";"Reta";"Sim";2;0;1;0;1;0;1;2;-27,61000542;-48,63895057;"SPRF-SC";"DEL01-SC";"UOP01-DEL01-SC"
558699;2023-11-02;"quinta-feira";"12:00:00";"SC";282;52;"AGUAS MORNAS";"Reação tardia ou ineficiente do condutor";"Tombamento";"Com Vítimas Feridas";"Pleno dia";"Decrescente";"Chuva";"Simples";"Curva;Declive";"Não";1;0;1;0;0;0;1;1;-27,696936;-48,964138;"SPRF-SC";"DEL01-SC";"UOP03-DEL01-SC"
558700;2023-11-02;"quinta-feira";"12:00:00";"SC";282;52;"AGUAS MORNAS";"Reação tardia ou ineficiente do condutor";"Saída de leito carroçável";"Com Vítimas Feridas";"Pleno dia";"Decrescente";"Chuva";"Simples";"Curva";"Não";2;0;2;0;0;0;2;1;-27,696936;-48,964138;"SPRF-SC";"DEL01-SC";"UOP03-DEL01-SC"
558701;2023-11-02;"quinta-feira";"12:00:00";"BA";101;369;"GANDU";"Demais falhas mecânicas ou elétricas";"Tombamento";"Com Vítimas Feridas";"Pleno dia";"Crescente";"Céu Claro";"Simples";"Reta";"Não";2;0;2;0;0;0;2;1;-13,90188896;-39,47959612;"SPRF-BA";"DEL05-BA";"UOP03-DEL05-BA"
558703;2023-09-15;"sexta-feira";"15:00:00";"MG";365;36;"CLARO DOS POCOES";"Afundamento ou ondulação no pavimento";"Tombamento";"Com Vítimas Feridas";"Pleno dia";"Decrescente";"Céu Claro";"Simples";"Curva";"Não";2;0;2;0;0;0;2;1;-16,85792727;-44,14937906;"SPRF-MG";"DEL12-MG";"UOP01-DEL12-MG"
558704;2023-11-02;"quinta-feira";"12:10:00";"RS";470;254;"SALVADOR DO SUL";"Reação tardia ou ineficiente do condutor";"Saída de leito carroçável";"Com Vítimas Feridas";"Pleno dia";"Decrescente";"Nublado";"Simples";"Curva";"Não";1;0;1;0;0;0;1;1;-29,40644153;-51,5124464;"SPRF-RS";"DEL06-RS";"UOP01-DEL06-RS"
558705;2023-11-02;"quinta-feira";"12:40:00";"GO";20;181,9;"SIMOLANDIA";"Ausência de reação do condutor";"Colisão traseira";"Com Vítimas Feridas";"Pleno dia";"Crescente";"Céu Claro";"Dupla";"Reta";"Sim";3;0;1;0;2;0;1;2;-14,470801;-46,486183;"SPRF-DF";"DEL02-DF";"UOP03-DEL02-DF"
558707;2023-11-02;"quinta-feira";"11:10:00";"PE";101;48,4;"ABREU E LIMA";"Reação tardia ou ineficiente do condutor";"Colisão lateral mesmo sentido";"Com Vítimas Feridas";"Pleno dia";"Decrescente";"Sol";"Múltipla";"Reta";"Sim";2;0;0;1;1;0;1;2;-7,89174705;-34,9033493;"SPRF-PE";"DEL01-PE";"UOP02-DEL01-PE"
558709;2023-11-02;"quinta-feira";"12:30:00";"GO";40;102;"CRISTALINA";"Carga excessiva e/ou mal acondicionada";"Capotamento";"Com Vítimas Feridas";"Pleno dia";"Crescente";"Céu Claro";"Simples";"Reta";"Não";2;0;2;0;0;0;2;1;-16,800564;-47,567735;"SPRF-DF";"DEL01-DF";"UOP02-DEL01-DF"
558711;2023-11-02;"quinta-feira";"13:30:00";"SP";101;47;"UBATUBA";"Reação tardia ou ineficiente do condutor";"Colisão frontal";"Com Vítimas Feridas";"Pleno dia";"Crescente";"Nublado";"Simples";"Reta";"Sim";3;0;0;1;1;1;1;3;-23,42973721;-45,08243088;"SPRF-SP";"DEL06-SP";"UOP01-DEL06-SP"
558712;2023-11-02;"quinta-feira";"07:30:00";"GO";60;87,8;"ANAPOLIS";"Reação tardia ou ineficiente do condutor";"Saída de leito carroçável";"Sem Vítimas";"Pleno dia";"Decrescente";"Céu Claro";"Dupla";"Reta;Aclive";"Sim";1;0;0;0;0;1;0;1;-16,3258;-48,8803;"SPRF-GO";"DEL02-GO";"UOP01-DEL02-GO"
558714;2023-10-23;"segunda-feira";"02:20:00";"MS";267;640,8;"PORTO MURTINHO";"Ausência de reação do condutor";"Saída de leito carroçável";"Com Vítimas Feridas";"Plena Noite";"Crescente";"Céu Claro";"Simples";"Curva";"Não";2;0;2;0;0;0;2;1;-21,74412095;-57,47781999;"SPRF-MS";"DEL05-MS";"UOP01-DEL05-MS"
558715;2023-11-02;"quinta-feira";"10:25:00";"RS";470;278;"SAO JOSE DO SUL";"Afundamento ou ondulação no pavimento";"Colisão frontal";"Com Vítimas Feridas";"Pleno dia";"Decrescente";"Nublado";"Simples";"Interseção de Vias";"Não";2;0;1;0;1;0;1;2;-29,57722498;-51,48087396;"SPRF-RS";"DEL06-RS";"UOP01-DEL06-RS"
558716;2023-11-02;"quinta-feira";"11:38:00";"PR";376;616,3;"SAO JOSE DOS PINHAIS";"Reação tardia ou ineficiente do condutor";"Colisão lateral mesmo sentido";"Com Vítimas Feridas";"Pleno dia";"Crescente";"Nublado";"Dupla";"Reta;Interseção de Vias";"Sim";4;0;2;0;2;0;2;2;-25,57583659;-49,17953679;"SPRF-PR";"DEL01-PR";"UOP04-DEL01-PR"
558717;2023-11-02;"quinta-feira";"13:15:00";"SC";101;278,5;"IMBITUBA";"Ingestão de álcool pelo condutor";"Tombamento";"Sem Vítimas";"Pleno dia";"Decrescente";"Chuva";"Múltipla";"Interseção de Vias";"Sim";1;0;0;0;1;0;0;1;-28,1813497;-48,69560122;"SPRF-SC";"DEL02-SC";"UOP03-DEL02-SC"
558719;2023-11-02;"quinta-feira";"13:00:00";"MG";40;511;"RIBEIRAO DAS NEVES";"Reação tardia ou ineficiente do condutor";"Colisão com objeto";"Com Vítimas Feridas";"Pleno dia";"Decrescente";"Garoa/Chuvisco";"Dupla";"Curva";"Sim";2;0;1;1;0;0;2;1;-19,78164295;-44,11733194;"SPRF-MG";"DEL01-MG";"UOP02-DEL01-MG"
558720;2023-11-02;"quinta-feira";"13:50:00";"MG";381;543;"ITATIAIUCU";"Acumulo de água sobre o pavimento";"Saída de leito carroçável";"Com Vítimas Feridas";"Pleno dia";"Decrescente";"Chuva";"Dupla";"Curva";"Não";1;0;1;0;0;0;1;1;-20,27336801;-44,42585498;"SPRF-MG";"DEL04-MG";"UOP03-DEL04-MG"
558721;2023-11-02;"quinta-feira";"14:10:00";"GO";153;426;"ANAPOLIS";"Acumulo de água sobre o pavimento";"Capotamento";"Com Vítimas Feridas";"Pleno dia";"Crescente";"Garoa/Chuvisco";"Dupla";"Aclive";"Não";2;0;2;0;0;0;2;1;-16,221258;-49,013374;"SPRF-GO";"DEL02-GO";"UOP01-DEL02-GO"
558722;2023-11-02;"quinta-feira";"15:11:00";"MG";40;519;"RIBEIRAO DAS NEVES";"Manobra de mudança de faixa";"Colisão lateral mesmo sentido";"Com Vítimas Feridas";"Pleno dia";"Crescente";"Céu Claro";"Dupla";"Reta";"Não";2;0;1;0;1;0;1;2;-19,8395758907;-44,0768448477;"SPRF-MG";"DEL01-MG";"UOP02-DEL01-MG"
558723;2023-11-02;"quinta-feira";"14:50:00";"SC";101;269;"IMBITUBA";"Reação tardia ou ineficiente do condutor";"Colisão com objeto";"Com Vítimas Feridas";"Pleno dia";"Crescente";"Chuva";"Dupla";"Curva";"Não";1;0;1;0;0;0;1;1;-28,09851593;-48,70527864;"SPRF-SC";"DEL02-SC";"UOP03-DEL02-SC"
558724;2023-11-02;"quinta-feira";"10:00:00";"MA";316;383,2;"BACABAL";"Condutor Dormindo";"Saída de leito carroçável";"Com Vítimas Fatais";"Pleno dia";"Decrescente";"Sol";"Simples";"Reta";"Não";4;1;3;0;0;0;3;1;-4,205358;-44,59383;"SPRF-MA";"DEL03-MA";"UOP01-DEL03-MA"
558725;2023-11-02;"quinta-feira";"14:30:00";"MG";262;380;"JUATUBA";"Chuva";"Saída de leito carroçável";"Sem Vítimas";"Pleno dia";"Decrescente";"Chuva";"Dupla";"Curva;Declive";"Não";2;0;0;0;1;1;0;2;-19,947864;-44,381226;"SPRF-MG";"DEL01-MG";"UOP03-DEL01-MG"
558726;2023-11-02;"quinta-feira";"14:55:00";"MG";381;628;"OLIVEIRA";"Acumulo de água sobre o pavimento";"Saída de leito carroçável";"Com Vítimas Feridas";"Pleno dia";"Crescente";"Chuva";"Dupla";"Reta";"Não";2;0;1;0;1;0;1;2;-20,83304688;-44,8250553;"SPRF-MG";"DEL04-MG";"UOP01-DEL04-MG"
558727;2023-11-02;"quinta-feira";"15:00:00";"GO";414;348;"COCALZINHO DE GOIAS";"Avarias e/ou desgaste excessivo no pneu";"Colisão com objeto";"Com Vítimas Feridas";"Pleno dia";"Crescente";"Garoa/Chuvisco";"Simples";"Curva";"Não";2;0;1;0;1;0;1;1;-15,61695397;-48,66121904;"SPRF-GO";"DEL02-GO";"UOP01-DEL02-GO"
558729;2023-11-02;"quinta-feira";"13:00:00";"RJ";116;127;"MAGE";"Condutor Dormindo";"Colisão traseira";"Com Vítimas Feridas";"Pleno dia";"Decrescente";"Nublado";"Dupla";"Reta";"Não";3;0;1;0;2;0;1;2;-22,66137035;-43,09295957;"SPRF-RJ";"DEL04-RJ";"UOP02-DEL04-RJ"
558730;2023-11-02;"quinta-feira";"15:00:00";"GO";50;172;"CAMPO ALEGRE DE GOIAS";"Acumulo de água sobre o pavimento";"Saída de leito carroçável";"Com Vítimas Feridas";"Pleno dia";"Crescente";"Chuva";"Dupla";"Reta";"Não";1;0;1;0;0;0;1;1;-17,3441;-47,791;"SPRF-GO";"DEL06-GO";"UOP01-DEL06-GO"
558731;2023-11-02;"quinta-feira";"15:00:00";"RS";116;427,2;"CRISTAL";"Acessar a via sem observar a presença dos outros veículos";"Colisão transversal";"Sem Vítimas";"Pleno dia";"Crescente";"Chuva";"Simples";"Reta";"Sim";2;0;0;0;2;0;0;2;-30,99035;-52,038357;"SPRF-RS";"DEL02-RS";"UOP02-DEL02-RS"
558733;2023-11-02;"quinta-feira";"16:30:00";"SC";101;262,3;"GAROPABA";"Reação tardia ou ineficiente do condutor";"Saída de leito carroçável";"Com Vítimas Feridas";"Pleno dia";"Decrescente";"Chuva";"Múltipla";"Curva";"Não";3;0;2;0;1;0;2;1;-28,042492;-48,713134;"SPRF-SC";"DEL02-SC";"UOP03-DEL02-SC"
558734;2023-11-02;"quinta-feira";"17:00:00";"PR";369;22,5;"CAMBARA";"Desrespeitar a preferência no cruzamento";"Colisão transversal";"Com Vítimas Feridas";"Pleno dia";"Decrescente";"Céu Claro";"Simples";"Reta;Interseção de Vias";"Sim";4;0;4;0;0;0;4;2;-23,04328641;-50,1044476;"SPRF-PR";"DEL07-PR";"UOP05-DEL07-PR"
558735;2023-11-02;"quinta-feira";"13:40:00";"MG";262;37,2;"MANHUACU";"Conversão proibida";"Colisão traseira";"Com Vítimas Feridas";"Pleno dia";"Crescente";"Sol";"Simples";"Reta";"Sim";4;0;3;0;1;0;3;3;-20,25748975;-42,03048732;"SPRF-MG";"DEL06-MG";"UOP03-DEL06-MG"
558736;2023-11-02;"quinta-feira";"13:30:00";"GO";364;114;"APARECIDA DO RIO DOCE";"Ausência de reação do condutor";"Eventos atípicos";"Com Vítimas Feridas";"Pleno dia";"Crescente";"Céu Claro";"Simples";"Reta;Aclive";"Sim";1;0;1;0;0;0;1;1;-18,299677;-51,147858;"SPRF-GO";"DEL05-GO";"UOP02-DEL05-GO"
558738;2023-11-02;"quinta-feira";"17:00:00";"MG";365;448;"GUIMARANIA";"Chuva";"Saída de leito carroçável";"Sem Vítimas";"Pleno dia";"Decrescente";"Chuva";"Dupla";"Curva";"Não";2;0;0;0;2;0;0;1;-18,80833055;-46,76845551;"SPRF-MG";"DEL10-MG";"UOP01-DEL10-MG"
558739;2023-11-02;"quinta-feira";"16:30:00";"RJ";116;322,1;"ITATIAIA";"Reação tardia ou ineficiente do condutor";"Colisão lateral mesmo sentido";"Com Vítimas Feridas";"Pleno dia";"Decrescente";"Nublado";"Simples";"Interseção de Vias;Reta";"Não";2;0;1;0;1;0;1;2;-22,48404979;-44,54454609;"SPRF-RJ";"DEL07-RJ";"UOP02-DEL07-RJ"
558740;2023-11-02;"quinta-feira";"16:20:00";"PB";101;88;"JOAO PESSOA";"Reação tardia ou ineficiente do condutor";"Queda de ocupante de veículo";"Com Vítimas Feridas";"Pleno dia";"Crescente";"Céu Claro";"Dupla";"Viaduto";"Sim";2;0;0;2;0;0;2;1;-7,16470016;-34,89993643;"SPRF-PB";"DEL01-PB";"UOP01-DEL01-PB"
558741;2023-11-02;"quinta-feira";"18:00:00";"SP";116;212;"GUARULHOS";"Objeto estático sobre o leito carroçável";"Eventos atípicos";"Com Vítimas Feridas";"Anoitecer";"Crescente";"Céu Claro";"Múltipla";"Reta";"Sim";1;0;1;0;0;0;1;1;-23,43608315;-46,42805094;"SPRF-SP";"DEL01-SP";"UOP01-DEL01-SP"
558742;2023-11-02;"quinta-feira";"18:00:00";"MG";365;658;"MONTE ALEGRE DE MINAS";"Ausência de reação do condutor";"Colisão traseira";"Com Vítimas Feridas";"Anoitecer";"Crescente";"Céu Claro";"Dupla";"Reta";"Não";2;0;0;1;1;0;1;2;-18,88872432;-48,62436294;"SPRF-MG";"DEL15-MG";"UOP01-DEL15-MG"
558743;2023-11-02;"quinta-feira";"17:45:00";"PB";230;7,9;"CABEDELO";"Acessar a via sem observar a presença dos outros veículos";"Colisão transversal";"Com Vítimas Feridas";"Anoitecer";"Crescente";"Céu Claro";"Múltipla";"Reta;Em Obras";"Sim";3;0;2;0;0;1;2;2;-7,036408;-34,843385;"SPRF-PB";"DEL01-PB";"UOP01-DEL01-PB"
558744;2023-11-02;"quinta-feira";"17:52:00";"PB";101;86,1;"JOAO PESSOA";"Condutor deixou de manter distância do veículo da frente";"Colisão traseira";"Com Vítimas Feridas";"Plena Noite";"Decrescente";"Céu Claro";"Dupla";"Declive";"Sim";2;0;0;1;1;0;1;2;-7,16460782;-34,90017414;"SPRF-PB";"DEL01-PB";"UOP01-DEL01-PB"
558745;2023-11-02;"quinta-feira";"18:15:00";"SE";101;88,5;"NOSSA SENHORA DO SOCORRO";"Ingestão de álcool pelo condutor";"Colisão traseira";"Com Vítimas Feridas";"Anoitecer";"Crescente";"Céu Claro";"Dupla";"Reta";"Sim";6;0;2;3;1;0;5;2;-10,87113297;-37,1344637;"SPRF-SE";"DEL01-SE";"UOP01-DEL01-SE"
558746;2023-11-02;"quinta-feira";"17:50:00";"PI";402;9,7;"BURITI DOS LOPES";"Acessar a via sem observar a presença dos outros veículos";"Atropelamento de Pedestre";"Com Vítimas Feridas";"Anoitecer";"Crescente";"Céu Claro";"Simples";"Curva";"Não";2;0;0;1;0;1;1;2;-3,10202;-41,81964;"SPRF-PI";"DEL05-PI";"UOP01-DEL05-PI"
558748;2023-11-02;"quinta-feira";"12:00:00";"RS";392;194,2;"SANTANA DA BOA VISTA";"Reação tardia ou ineficiente do condutor";"Saída de leito carroçável";"Com Vítimas Feridas";"Pleno dia";"Crescente";"Chuva";"Simples";"Reta;Aclive";"Não";2;0;1;0;1;0;1;1;-30,91242801;-53,10603527;"SPRF-RS";"DEL09-RS";"UOP02-DEL09-RS"
558751;2023-09-03;"domingo";"13:40:00";"RS";386;417,1;"MONTENEGRO";"Ausência de reação do condutor";"Colisão com objeto";"Sem Vítimas";"Pleno dia";"Crescente";"Chuva";"Dupla";"Curva";"Não";5;0;0;0;5;0;0;1;-29,818958;-51,452934;"SPRF-RS";"DEL04-RS";"UOP02-DEL04-RS"
558753;2023-11-02;"quinta-feira";"19:05:00";"SC";101;157;"PORTO BELO";"Velocidade Incompatível";"Colisão traseira";"Com Vítimas Feridas";"Plena Noite";"Decrescente";"Ignorado";"Múltipla";"Reta";"Não";2;0;1;0;1;0;1;2;-27,181625;-48,6121179;"SPRF-SC";"DEL04-SC";"UOP03-DEL04-SC"
558755;2023-11-02;"quinta-feira";"19:35:00";"PR";277;655,3;"MATELANDIA";"Reação tardia ou ineficiente do condutor";"Queda de ocupante de veículo";"Com Vítimas Feridas";"Plena Noite";"Crescente";"Nublado";"Dupla";"Reta";"Sim";1;0;1;0;0;0;1;1;-25,232223;-53,956695;"SPRF-PR";"DEL05-PR";"UOP02-DEL05-PR"
558757;2023-11-02;"quinta-feira";"19:45:00";"SP";116;212,9;"GUARULHOS";"Pedestre andava na pista";"Atropelamento de Pedestre";"Com Vítimas Fatais";"Plena Noite";"Decrescente";"Nublado";"Múltipla";"Reta";"Sim";2;1;0;0;1;0;0;2;-23,43608315;-46,42805094;"SPRF-SP";"DEL01-SP";"UOP01-DEL01-SP"
558759;2023-11-02;"quinta-feira";"19:30:00";"CE";222;306;"TIANGUA";"Pista Escorregadia";"Tombamento";"Com Vítimas Feridas";"Plena Noite";"Decrescente";"Nublado";"Simples";"Curva;Declive;Em Obras";"Não";1;0;1;0;0;0;1;1;-3,67476286;-40,96798113;"SPRF-CE";"DEL04-CE";"UOP02-DEL04-CE"
558760;2023-11-02;"quinta-feira";"18:20:00";"PE";232;81,7;"GRAVATA";"Ingestão de álcool pelo condutor";"Colisão traseira";"Com Vítimas Feridas";"Plena Noite";"Decrescente";"Céu Claro";"Simples";"Reta";"Sim";2;0;0;1;0;1;1;2;-8,19697746;-35,57850408;"SPRF-PE";"DEL02-PE";"UOP02-DEL02PE"
558762;2023-11-02;"quinta-feira";"19:29:00";"PE";116;18;"SALGUEIRO";"Acesso irregular";"Saída de leito carroçável";"Sem Vítimas";"Plena Noite";"Crescente";"Céu Claro";"Simples";"Curva";"Não";1;0;0;0;1;0;0;1;-8,0003758;-39,145591;"SPRF-PE";"DEL05-PE";"UOP01-DEL05-PE"
558764;2023-11-02;"quinta-feira";"17:15:00";"RJ";465;1;"SEROPEDICA";"Ausência de reação do condutor";"Atropelamento de Pedestre";"Com Vítimas Feridas";"Pleno dia";"Decrescente";"Céu Claro";"Simples";"Reta";"Sim";4;0;2;0;2;0;2;3;-22,719835;-43,725739;"SPRF-RJ";"DEL01-RJ";"UOP03-DEL01-RJ"
558767;2023-11-02;"quinta-feira";"21:20:00";"RN";101;78;"NATAL";"Ausência de reação do condutor";"Queda de ocupante de veículo";"Com Vítimas Feridas";"Plena Noite";"Decrescente";"Céu Claro";"Dupla";"Reta;Em Obras";"Sim";3;0;1;0;0;2;1;2;-5,74071896;-35,29021064;"SPRF-RN";"DEL02-RN";"UOP01-DEL02-RN"
558769;2023-11-02;"quinta-feira";"19:30:00";"RS";158;325,5;"SANTA MARIA";"Iluminação deficiente";"Colisão com objeto";"Sem Vítimas";"Plena Noite";"Crescente";"Chuva";"Dupla";"Reta;Em Obras;Viaduto";"Sim";1;0;0;0;1;0;0;1;-29,71252544;-53,80627155;"SPRF-RS";"DEL09-RS";"UOP01-DEL09-RS"
558770;2023-11-02;"quinta-feira";"19:30:00";"SC";101;194;"BIGUACU";"Reação tardia ou ineficiente do condutor";"Colisão traseira";"Com Vítimas Feridas";"Plena Noite";"Crescente";"Nublado";"Múltipla";"Reta";"Sim";2;0;1;0;1;0;1;2;-27,49815117;-48,65661236;"SPRF-SC";"DEL01-SC";"UOP01-DEL01-SC"
558772;2023-11-02;"quinta-feira";"19:30:00";"SC";280;82;"CORUPA";"Acessar a via sem observar a presença dos outros veículos";"Colisão transversal";"Sem Vítimas";"Plena Noite";"Decrescente";"Garoa/Chuvisco";"Simples";"Reta;Rotatória";"Sim";4;0;0;0;4;0;0;2;-26,44009491;-49,22605498;"SPRF-SC";"DEL06-SC";"UOP03-DEL06-SC"
558773;2023-11-02;"quinta-feira";"20:50:00";"SC";470;317,6;"CAMPOS NOVOS";"Reação tardia ou ineficiente do condutor";"Capotamento";"Sem Vítimas";"Plena Noite";"Crescente";"Nublado";"Simples";"Rotatória";"Não";1;0;0;0;0;1;0;1;-27,404869;-51,206257;"SPRF-SC";"DEL07-SC";"UOP06-DEL07-SC"
558774;2023-11-02;"quinta-feira";"21:25:00";"PA";230;116,4;"MARABA";"Condutor deixou de manter distância do veículo da frente";"Colisão traseira";"Sem Vítimas";"Plena Noite";"Decrescente";"Céu Claro";"Dupla";"Reta";"Sim";2;0;0;0;2;0;0;2;-5,35947454;-49,08301084;"SPRF-PA";"DEL03-PA";"UOP01-DEL03-PA"
558775;2023-11-02;"quinta-feira";"21:50:00";"MG";40;280,3;"TRES MARIAS";"Pedestre andava na pista";"Atropelamento de Pedestre";"Com Vítimas Feridas";"Plena Noite";"Crescente";"Garoa/Chuvisco";"Simples";"Reta";"Não";2;0;2;0;0;0;2;2;-18,23500807;-45,21384008;"SPRF-MG";"DEL14-MG";"UOP02-DEL14-MG"
558776;2023-11-02;"quinta-feira";"22:20:00";"MA";316;552,5;"CAXIAS";"Velocidade Incompatível";"Colisão com objeto";"Com Vítimas Feridas";"Plena Noite";"Crescente";"Céu Claro";"Simples";"Rotatória";"Não";1;0;0;1;0;0;1;1;-4,882649;-43,345581;"SPRF-MA";"DEL03-MA";"UOP02-DEL03-MA"
558777;2023-11-02;"quinta-feira";"20:25:00";"RS";116;329,5;"BARRA DO RIBEIRO";"Chuva";"Saída de leito carroçável";"Com Vítimas Feridas";"Plena Noite";"Decrescente";"Chuva";"Dupla";"Reta";"Não";1;0;1;0;0;0;1;1;-30,37216496;-51,43111745;"SPRF-RS";"DEL02-RS";"UOP02-DEL02-RS"
558779;2023-11-02;"quinta-feira";"19:00:00";"MT";163;628;"NOVA MUTUM";"Acessar a via sem observar a presença dos outros veículos";"Colisão lateral sentido oposto";"Com Vítimas Feridas";"Plena Noite";"Crescente";"Céu Claro";"Simples";"Reta";"Não";3;0;1;0;2;0;1;2;-13,66484401;-56,03702991;"SPRF-MT";"DEL01-MT";"UOP01-DEL01-MT"
558780;2023-11-02;"quinta-feira";"21:00:00";"SC";282;587,1;"SAUDADES";"Objeto estático sobre o leito carroçável";"Colisão com objeto";"Com Vítimas Feridas";"Plena Noite";"Crescente";"Chuva";"Simples";"Curva";"Não";1;0;0;1;0;0;1;1;-26,830677;-53,04443;"SPRF-SC";"DEL07-SC";"UOP02-DEL07-SC"
558784;2023-11-02;"quinta-feira";"20:00:00";"RJ";101;127;"QUISSAMA";"Ingestão de álcool pelo condutor";"Colisão frontal";"Com Vítimas Feridas";"Plena Noite";"Decrescente";"Céu Claro";"Dupla";"Reta";"Não";4;0;2;1;1;0;3;2;-22,08444998;-41,68863712;"SPRF-RJ";"DEL08-RJ";"UOP04-DEL08-RJ"
558785;2023-11-03;"sexta-feira";"02:20:00";"ES";101;289,4;"CARIACICA";"Condutor Dormindo";"Colisão com objeto";"Com Vítimas Feridas";"Plena Noite";"Crescente";"Céu Claro";"Dupla";"Reta;Aclive";"Não";1;0;0;1;0;0;1;1;-20,28029304;-40,39302931;"SPRF-ES";"DEL01-ES";"UOP01-DEL01-ES"
558786;2023-11-03;"sexta-feira";"00:40:00";"RO";319;63;"PORTO VELHO";"Desrespeitar a preferência no cruzamento";"Colisão transversal";"Com Vítimas Feridas";"Plena Noite";"Crescente";"Nublado";"Múltipla";"Interseção de Vias";"Sim";5;0;1;1;1;2;2;3;-8,75774985;-63,88635278;"SPRF-RO";"DEL01-RO";"UOP01-DEL01-RO"
558788;2023-11-03;"sexta-feira";"02:15:00";"SC";282;0,3;"FLORIANOPOLIS";"Velocidade Incompatível";"Saída de leito carroçável";"Sem Vítimas";"Plena Noite";"Crescente";"Chuva";"Dupla";"Curva";"Sim";1;0;0;0;0;1;0;1;-27,59845;-48,571995;"SPRF-SC";"DEL01-SC";"UOP01-DEL01-SC"
558789;2023-11-03;"sexta-feira";"03:00:00";"MG";40;518,5;"RIBEIRAO DAS NEVES";"Reação tardia ou ineficiente do condutor";"Saída de leito carroçável";"Com Vítimas Feridas";"Plena Noite";"Decrescente";"Nublado";"Dupla";"Reta";"Sim";1;0;1;0;0;0;1;1;-19,83957589;-44,07684485;"SPRF-MG";"DEL01-MG";"UOP02-DEL01-MG"