"id";"data_inversa";"dia_semana";"horario";"uf";"br";"km";"municipio";"causa_acidente";"tipo_acidente";"classificacao_acidente";"fase_dia";"sentido_via";"condicao_metereologica";"tipo_pista";"tracado_via";"uso_solo";"pessoas";"mortos";"feridos_leves";"feridos_graves";"ilesos";"ignorados";"feridos";"veiculos";"latitude";"longitude";"regional";"delegacia";"uop"
558791;2023-11-03;"sexta-feira";"05:40:00";"SC";101;150,6;"ITAPEMA";"Velocidade Incompatível";"Colisão com objeto";"Com Vítimas Feridas";"Amanhecer";"Crescente";"Chuva";"Múltipla";"Reta";"Sim";1;0;1;0;0;0;1;1;-27,11744799;-48,60940987;"SPRF-SC";"DEL04-SC";"UOP03-DEL04-SC"
558792;2023-11-03;"sexta-feira";"05:40:00";"SC";101;211,2;"PALHOCA";"Acumulo de água sobre o pavimento";"Saída de leito carroçável";"Sem Vítimas";"Pleno dia";"Decrescente";"Chuva";"Múltipla";"Reta";"Sim";1;0;0;0;0;1;0;1;-27,62329313;-48,65245588;"SPRF-SC";"DEL01-SC";"UOP02-DEL01-SC"
558794;2023-11-03;"sexta-feira";"06:40:00";"SP";153;61,9;"SAO JOSE DO RIO PRETO";"Objeto estático sobre o leito carroçável";"Colisão com objeto";"Com Vítimas Feridas";"Pleno dia";"Decrescente";"Céu Claro";"Dupla";"Declive";"Não";1;0;0;1;0;0;1;1;-20,80502876;-49,35574909;"SPRF-SP";"DEL09-SP";"UOP01-DEL09-SP"
558797;2023-11-03;"sexta-feira";"07:00:00";"SP";116;214;"GUARULHOS";"Reação tardia ou ineficiente do condutor";"Colisão traseira";"Com Vítimas Feridas";"Amanhecer";"Decrescente";"Céu Claro";"Múltipla";"Declive";"Não";4;0;0;1;3;0;1;3;-23,44333014;-46,44531294;"SPRF-SP";"DEL01-SP";"UOP01-DEL01-SP"
558799;2023-11-03;"sexta-feira";"05:00:00";"MG";50;4,6;"ARAGUARI";"Demais falhas mecânicas ou elétricas";"Incêndio";"Sem Vítimas";"Amanhecer";"Crescente";"Céu Claro";"Dupla";"Reta";"Não";1;0;0;0;1;0;0;1;-18,45334391;-48,04823463;"SPRF-MG";"DEL15-MG";"UOP02-DEL15-MG"
558800;2023-11-03;"sexta-feira";"06:45:00";"RS";470;244;"BARAO";"Mal súbito do condutor";"Colisão com objeto";"Com Vítimas Feridas";"Pleno dia";"Crescente";"Chuva";"Simples";"Reta";"Sim";1;0;1;0;0;0;1;1;-29,36247007;-51,51749611;"SPRF-RS";"DEL06-RS";"UOP01-DEL06-RS"
558803;2023-11-03;"sexta-feira";"06:00:00";"MG";381;530;"RIO MANSO";"Curva acentuada";"Queda de ocupante de veículo";"Com Vítimas Feridas";"Amanhecer";"Crescente";"Nublado";"Simples";"Curva";"Não";1;0;1;0;0;0;1;1;-20,17327539;-44,37545454;"SPRF-MG";"DEL04-MG";"UOP03-DEL04-MG"
558804;2023-11-03;"sexta-feira";"07:29:00";"RN";304;38;"MOSSORO";"Acessar a via sem observar a presença dos outros veículos";"Colisão lateral mesmo sentido";"Com Vítimas Feridas";"Pleno dia";"Crescente";"Céu Claro";"Dupla";"Interseção de Vias";"Sim";2;0;1;0;1;0;1;2;-5,18138457;-37,36832252;"SPRF-RN";"DEL04-RN";"UOP02-DEL04-RN"
558807;2023-11-03;"sexta-feira";"05:30:00";"CE";116;3;"FORTALEZA";"Ausência de reação do condutor";"Colisão com objeto";"Sem Vítimas";"Pleno dia";"Crescente";"Céu Claro";"Simples";"Viaduto;Declive;Curva";"Sim";1;0;0;0;0;1;0;1;-3,77866493;-38,51490171;"SPRF-CE";"DEL01-CE";"UOP02-DEL01-CE"
558809;2023-11-02;"quinta-feira";"20:30:00";"PR";476;278;"SAO MATEUS DO SUL";"Chuva";"Atropelamento de Pedestre";"Com Vítimas Feridas";"Plena Noite";"Decrescente";"Chuva";"Simples";"Reta";"Não";2;0;2;0;0;0;2;2;-25,868753;-50,396477;"SPRF-PR";"DEL02-PR";"UOP03-DEL02-PR"
558810;2023-11-03;"sexta-feira";"07:00:00";"PR";163;218;"CASCAVEL";"Avarias e/ou desgaste excessivo no pneu";"Saída de leito carroçável";"Com Vítimas Feridas";"Pleno dia";"Crescente";"Chuva";"Dupla";"Curva";"Não";2;0;2;0;0;0;2;1;-24,897235;-53,533793;"SPRF-PR";"DEL04-PR";"UOP01-DEL04-PR"
558811;2023-11-03;"sexta-feira";"06:15:00";"RJ";116;200;"QUEIMADOS";"Ausência de reação do condutor";"Colisão com objeto";"Com Vítimas Feridas";"Pleno dia";"Crescente";"Céu Claro";"Dupla";"Curva";"Não";1;0;0;1;0;0;1;1;-22,7306082;-43,59401795;"SPRF-RJ";"DEL01-RJ";"UOP03-DEL01-RJ"
558812;2023-11-03;"sexta-feira";"07:35:00";"SE";235;55;"ITABAIANA";"Acesso irregular";"Colisão transversal";"Com Vítimas Feridas";"Pleno dia";"Decrescente";"Céu Claro";"Simples";"Reta";"Sim";2;0;0;2;0;0;2;2;-10,676047;-37,443279;"SPRF-SE";"DEL01-SE";"UOP02-DEL01-SE"
558813;2023-11-03;"sexta-feira";"08:00:00";"RS";386;441;"CANOAS";"Reação tardia ou ineficiente do condutor";"Queda de ocupante de veículo";"Com Vítimas Feridas";"Pleno dia";"Crescente";"Chuva";"Simples";"Reta";"Sim";1;0;1;0;0;0;1;1;-29,882591;-51,233097;"SPRF-RS";"DEL01-RS";"UOP01-DEL01-RS"
558814;2023-11-03;"sexta-feira";"06:30:00";"BA";415;49;"ITABUNA";"Acesso irregular";"Colisão transversal";"Com Vítimas Fatais";"Pleno dia";"Crescente";"Céu Claro";"Simples";"Reta";"Não";2;1;0;0;1;0;0;2;-14,81574494;-39,29612388;"SPRF-BA";"DEL05-BA";"UOP01-DEL05-BA"
558815;2023-11-03;"sexta-feira";"08:05:00";"SC";101;102;"BALNEARIO PICARRAS";"Chuva";"Tombamento";"Com Vítimas Feridas";"Pleno dia";"Decrescente";"Chuva";"Dupla";"Reta";"Não";1;0;1;0;0;0;1;1;-26,77383397;-48,68594062;"SPRF-SC";"DEL03-SC";"UOP02-DEL03-SC"
558817;2023-11-03;"sexta-feira";"06:45:00";"RS";116;393;"CAMAQUA";"Ausência de reação do condutor";"Saída de leito carroçável";"Com Vítimas Feridas";"Pleno dia";"Crescente";"Chuva";"Dupla";"Reta";"Não";3;0;1;0;2;0;1;1;-30,84089729;-51,74793785;"SPRF-RS";"DEL02-RS";"UOP02-DEL02-RS"
558818;2023-11-03;"sexta-feira";"08:20:00";"RJ";40;121;"DUQUE DE CAXIAS";"Manobra de mudança de faixa";"Colisão lateral mesmo sentido";"Com Vítimas Feridas";"Pleno dia";"Decrescente";"Sol";"Múltipla";"Reta";"Sim";2;0;2;0;0;0;2;1;-22,78185499;-43,28571273;"SPRF-RJ";"DEL01-RJ";"UOP01-DEL01-RJ"
558820;2023-11-03;"sexta-feira";"06:15:00";"MS";163;615,7;"SAO GABRIEL DO OESTE";"Acessar a via sem observar a presença dos outros veículos";"Colisão transversal";"Com Vítimas Feridas";"Pleno dia";"Decrescente";"Céu Claro";"Simples";"Reta;Rotatória";"Sim";2;0;1;0;1;0;1;2;-19,389141;-54,571677;"SPRF-MS";"DEL06-MS";"UOP02-DEL06-MS"
558821;2023-11-03;"sexta-feira";"09:15:00";"CE";116;3,2;"FORTALEZA";"Condutor deixou de manter distância do veículo da frente";"Colisão traseira";"Com Vítimas Feridas";"Pleno dia";"Decrescente";"Garoa/Chuvisco";"Múltipla";"Reta";"Sim";2;0;1;0;1;0;1;2;-3,78520616;-38,51175969;"SPRF-CE";"DEL01-CE";"UOP02-DEL01-CE"
558823;2023-11-03;"sexta-feira";"04:00:00";"MS";163;276;"DOURADOS";"Ausência de reação do condutor";"Colisão com objeto";"Sem Vítimas";"Amanhecer";"Crescente";"Nublado";"Dupla";"Rotatória";"Sim";1;0;0;0;0;1;0;1;-22,16094591;-54,64879607;"SPRF-MS";"DEL04-MS";"UOP01-DEL04-MS"
558824;2023-11-03;"sexta-feira";"09:00:00";"SC";101;229,3;"PALHOCA";"Reação tardia ou ineficiente do condutor";"Colisão com objeto";"Com Vítimas Feridas";"Pleno dia";"Decrescente";"Chuva";"Dupla";"Aclive;Reta";"Não";4;0;3;0;1;0;3;1;-27,7688932;-48,63205379;"SPRF-SC";"DEL01-SC";"UOP02-DEL01-SC"
558825;2023-11-03;"sexta-feira";"09:35:00";"PE";101;41,9;"IGARASSU";"Demais falhas mecânicas ou elétricas";"Tombamento";"Com Vítimas Feridas";"Pleno dia";"Decrescente";"Céu Claro";"Dupla";"Curva";"Não";1;0;0;1;0;0;1;1;-7,8367835;-34,91235137;"SPRF-PE";"DEL01-PE";"UOP02-DEL01-PE"
558827;2023-11-02;"quinta-feira";"21:20:00";"RJ";465;14;"SEROPEDICA";"Ausência de reação do condutor";"Queda de ocupante de veículo";"Com Vítimas Feridas";"Plena Noite";"Crescente";"Céu Claro";"Simples";"Reta";"Sim";2;0;2;0;0;0;2;1;-22,804979;-43,638828;"SPRF-RJ";"DEL01-RJ";"UOP03-DEL01-RJ"
558828;2023-11-03;"sexta-feira";"09:10:00";"SP";381;85,5;"SAO PAULO";"Condutor deixou de manter distância do veículo da frente";"Colisão traseira";"Com Vítimas Feridas";"Pleno dia";"Crescente";"Sol";"Múltipla";"Reta;Declive";"Não";3;0;1;0;2;0;1;2;-23,449343;-46,56983501;"SPRF-SP";"DEL03-SP";"UOP01-DEL03-SP"
558830;2023-11-03;"sexta-feira";"05:55:00";"MS";158;5,3;"CASSILANDIA";"Ultrapassagem Indevida";"Colisão frontal";"Com Vítimas Feridas";"Pleno dia";"Crescente";"Céu Claro";"Simples";"Reta";"Não";4;0;0;3;1;0;3;2;-19,12678656;-51,71566473;"SPRF-MS";"DEL08-MS";"UOP01-DEL08-MS"
558831;2023-11-03;"sexta-feira";"10:20:00";"RN";101;102;"PARNAMIRIM";"Conversão proibida";"Colisão traseira";"Com Vítimas Feridas";"Pleno dia";"Decrescente";"Céu Claro";"Dupla";"Reta";"Sim";3;0;1;0;2;0;1;2;-5,88858217;-35,24018997;"SPRF-RN";"DEL01-RN";"UOP01-DEL01-RN"
558832;2023-11-03;"sexta-feira";"10:00:00";"RN";406;169;"SAO GONCALO DO AMARANTE";"Acessar a via sem observar a presença dos outros veículos";"Colisão traseira";"Com Vítimas Feridas";"Pleno dia";"Crescente";"Céu Claro";"Dupla";"Reta";"Sim";3;0;2;0;1;0;2;2;-5,75570118;-35,30728507;"SPRF-RN";"DEL02-RN";"UOP01-DEL02-RN"
558834;2023-11-03;"sexta-feira";"09:28:00";"TO";153;496,2;"PARAISO DO TOCANTINS";"Desrespeitar a preferência no cruzamento";"Colisão transversal";"Com Vítimas Feridas";"Pleno dia";"Crescente";"Céu Claro";"Simples";"Reta;Interseção de Vias";"Não";3;0;0;1;2;0;1;2;-10,16527794;-48,88094578;"SPRF-TO";"DEL01-TO";"UOP01-DEL01-TO"
558835;2023-11-03;"sexta-feira";"07:40:00";"MG";365;487;"PATROCINIO";"Demais falhas mecânicas ou elétricas";"Saída de leito carroçável";"Com Vítimas Feridas";"Pleno dia";"Decrescente";"Sol";"Simples";"Reta";"Não";1;0;1;0;0;0;1;1;-18,89637979;-47,10740089;"SPRF-MG";"DEL10-MG";"UOP01-DEL10-MG"
558838;2023-11-03;"sexta-feira";"07:20:00";"MA";222;363;"SANTA INES";"Ultrapassagem Indevida";"Colisão frontal";"Com Vítimas Feridas";"Pleno dia";"Decrescente";"Céu Claro";"Simples";"Reta";"Sim";3;0;1;1;1;0;2;2;-3,67710017;-45,39146935;"SPRF-MA";"DEL02-MA";"UOP01-DEL02-MA"
558839;2023-11-03;"sexta-feira";"10:00:00";"SC";101;339,8;"TUBARAO";"Ausência de reação do condutor";"Saída de leito carroçável";"Com Vítimas Feridas";"Pleno dia";"Decrescente";"Chuva";"Dupla";"Reta";"Não";1;0;1;0;0;0;1;1;-28,49351117;-49,04178985;"SPRF-SC";"DEL02-SC";"UOP01-DEL02-SC"
558840;2023-11-03;"sexta-feira";"11:05:00";"DF";40;4;"BRASILIA";"Demais falhas mecânicas ou elétricas";"Incêndio";"Sem Vítimas";"Pleno dia";"Decrescente";"Sol";"Dupla";"Reta";"Sim";1;0;0;0;1;0;0;1;-16,012033;-47,982124;"SPRF-DF";"DEL01-DF";"UOP01-DEL01-DF"
558846;2023-11-03;"sexta-feira";"11:25:00";"ES";101;257,5;"SERRA";"Ausência de reação do condutor";"Queda de ocupante de veículo";"Com Vítimas Feridas";"Pleno dia";"Decrescente";"Céu Claro";"Dupla";"Reta";"Sim";1;0;1;0;0;0;1;1;-20,12455095;-40,30331881;"SPRF-ES";"DEL02-ES";"UOP01-DEL02-ES"
558847;2023-11-03;"sexta-feira";"08:20:00";"PR";163;23,3;"SANTO ANTONIO DO SUDOESTE";"Chuva";"Saída de leito carroçável";"Sem Vítimas";"Pleno dia";"Decrescente";"Chuva";"Simples";"Reta;Aclive";"Não";1;0;0;0;0;1;0;1;-26,148305;-53,68516;"SPRF-PR";"DEL02-PR";"UOP02-DEL02-PR"
558848;2023-11-03;"sexta-feira";"11:55:00";"RS";386;411;"TRIUNFO";"Acumulo de água sobre o pavimento";"Colisão com objeto";"Sem Vítimas";"Pleno dia";"Decrescente";"Chuva";"Dupla";"Reta;Rotatória";"Não";3;0;0;0;3;0;0;1;-29,80394;-51,509174;"SPRF-RS";"DEL04-RS";"UOP02-DEL04-RS"
558849;2023-11-03;"sexta-feira";"09:40:00";"MS";262;13;"TRES LAGOAS";"Mal súbito do condutor";"Queda de ocupante de veículo";"Com Vítimas Feridas";"Pleno dia";"Decrescente";"Céu Claro";"Simples";"Reta";"Sim";1;0;1;0;0;0;1;1;-20,81865288;-51,72034996;"SPRF-MS";"DEL07-MS";"UOP01-DEL07-MS"
558850;2023-11-03;"sexta-feira";"11:30:00";"PR";376;174,5;"MARINGA";"Condutor deixou de manter distância do veículo da frente";"Colisão traseira";"Com Vítimas Feridas";"Pleno dia";"Crescente";"Nublado";"Múltipla";"Reta";"Sim";2;0;1;0;1;0;1;2;-23,41430102;-51,94984299;"SPRF-PR";"DEL09-PR";"UOP01-DEL09-PR"
558853;2023-11-03;"sexta-feira";"10:50:00";"MG";365;649,4;"UBERLANDIA";"Avarias e/ou desgaste excessivo no pneu";"Saída de leito carroçável";"Com Vítimas Feridas";"Pleno dia";"Decrescente";"Nublado";"Dupla";"Declive;Reta";"Não";3;0;3;0;0;0;3;1;-18,87111351;-48,5495801;"SPRF-MG";"DEL15-MG";"UOP01-DEL15-MG"
558854;2023-11-03;"sexta-feira";"12:00:00";"SC";101;203;"SAO JOSE";"Manobra de mudança de faixa";"Colisão lateral mesmo sentido";"Sem Vítimas";"Pleno dia";"Decrescente";"Céu Claro";"Dupla";"Reta";"Não";2;0;0;0;1;1;0;2;-27,5650044;-48,61460082;"SPRF-SC";"DEL01-SC";"UOP01-DEL01-SC"
558856;2023-11-03;"sexta-feira";"11:40:00";"MG";116;459,5;"ENGENHEIRO CALDAS";"Demais falhas mecânicas ou elétricas";"Saída de leito carroçável";"Com Vítimas Fatais";"Pleno dia";"Decrescente";"Céu Claro";"Simples";"Reta";"Não";4;1;0;3;0;0;3;1;-19,22520501;-42,05823777;"SPRF-MG";"DEL06-MG";"UOP02-DEL06-MG"
558857;2023-10-12;"quinta-feira";"11:55:00";"SP";116;522;"CAJATI";"Chuva";"Colisão com objeto";"Com Vítimas Feridas";"Pleno dia";"Crescente";"Chuva";"Múltipla";"Curva";"Não";4;0;1;2;1;0;3;1;-24,90503185;-48,2548732;"SPRF-SP";"DEL05-SP";"UOP02-DEL05-SP"
558858;2023-11-03;"sexta-feira";"13:00:00";"RS";290;91,7;"PORTO ALEGRE";"Acumulo de água sobre o pavimento";"Colisão lateral mesmo sentido";"Com Vítimas Feridas";"Pleno dia";"Crescente";"Chuva";"Dupla";"Curva;Declive;Viaduto";"Sim";2;0;1;0;1;0;1;2;-29,96926743;-51,1756897;"SPRF-RS";"DEL01-RS";"UOP01-DEL01-RS"
558861;2023-10-21;"sábado";"06:00:00";"BA";324;591,9;"CANDEIAS";"Ausência de reação do condutor";"Colisão traseira";"Com Vítimas Feridas";"Pleno dia";"Crescente";"Sol";"Dupla";"Reta";"Sim";2;0;1;0;1;0;1;2;-12,69021804;-38,46568118;"SPRF-BA";"DEL01-BA";"UOP01-DEL01-BA"
558864;2023-11-03;"sexta-feira";"13:30:00";"PR";376;217;"JANDAIA DO SUL";"Desrespeitar a preferência no cruzamento";"Colisão transversal";"Com Vítimas Feridas";"Pleno dia";"Decrescente";"Céu Claro";"Simples";"Interseção de Vias";"Sim";2;0;1;0;1;0;1;2;-23,595258;-51,641549;"SPRF-PR";"DEL09-PR";"UOP01-DEL09-PR"
558865;2023-11-03;"sexta-feira";"14:00:00";"MG";50;96,5;"UBERLANDIA";"Ausência de reação do condutor";"Saída de leito carroçável";"Com Vítimas Feridas";"Pleno dia";"Decrescente";"Sol";"Dupla";"Reta;Aclive";"Não";4;0;4;0;0;0;4;1;-19,10113604;-48,18109716;"SPRF-MG";"DEL15-MG";"UOP01-DEL15-MG"
558866;2023-11-03;"sexta-feira";"11:10:00";"MG";40;639,7;"CONSELHEIRO LAFAIETE";"Manobra de mudança de faixa";"Colisão lateral mesmo sentido";"Com Vítimas Feridas";"Pleno dia";"Crescente";"Nublado";"Simples";"Reta";"Não";2;0;1;0;1;0;1;2;-20,74247789;-43,80096419;"SPRF-MG";"DEL05-MG";"UOP02-DEL05-MG"
558867;2023-11-03;"sexta-feira";"13:05:00";"MG";381;874;"ESTIVA";"Velocidade Incompatível";"Capotamento";"Com Vítimas Feridas";"Pleno dia";"Crescente";"Chuva";"Dupla";"Curva";"Não";3;0;2;1;0;0;3;1;-22,42057067;-45,96534204;"SPRF-MG";"DEL16-MG";"UOP01-DEL16-MG"
558870;2023-11-03;"sexta-feira";"12:40:00";"MS";262;232;"RIBAS DO RIO PARDO";"Ausência de reação do condutor";"Colisão traseira";"Com Vítimas Feridas";"Pleno dia";"Crescente";"Céu Claro";"Simples";"Reta";"Não";3;0;1;0;2;0;1;2;-20,46551195;-53,69034299;"SPRF-MS";"DEL07-MS";"UOP02-DEL07-MS"
558875;2023-11-03;"sexta-feira";"14:45:00";"SC";101;401,7;"MARACAJA";"Condutor deixou de manter distância do veículo da frente";"Colisão traseira";"Sem Vítimas";"Pleno dia";"Decrescente";"Nublado";"Múltipla";"Reta";"Sim";3;0;0;0;3;0;0;2;-28,877633;-49,456754;"SPRF-SC";"DEL02-SC";"UOP02-DEL02-SC"
558876;2023-11-03;"sexta-feira";"14:45:00";"SC";282;16;"PALHOCA";"Trafegar com motocicleta (ou similar) entre as faixas";"Colisão lateral sentido oposto";"Com Vítimas Feridas";"Pleno dia";"Crescente";"Nublado";"Simples";"Reta;Interseção de Vias";"Sim";2;0;1;0;1;0;1;2;-27,658611;-48,681847;"SPRF-SC";"DEL01-SC";"UOP02-DEL01-SC"
558877;2023-11-03;"sexta-feira";"14:30:00";"PR";467;102,5;"CASCAVEL";"Velocidade Incompatível";"Tombamento";"Com Vítimas Feridas";"Pleno dia";"Decrescente";"Nublado";"Dupla";"Curva";"Não";1;0;0;1;0;0;1;1;-24,9036;-53,5184;"SPRF-PR";"DEL04-PR";"UOP01-DEL04-PR"
558881;2023-11-03;"sexta-feira";"14:40:00";"PE";408;85,1;"PAUDALHO";"Condutor Dormindo";"Saída de leito carroçável";"Com Vítimas Feridas";"Pleno dia";"Decrescente";"Céu Claro";"Dupla";"Aclive";"Não";1;0;0;1;0;0;1;1;-7,95430093;-35,10252793;"SPRF-PE";"DEL01-PE";"UOP01-DEL01-PE"
558882;2023-11-03;"sexta-feira";"15:40:00";"SP";116;432,3;"REGISTRO";"Chuva";"Colisão com objeto";"Com Vítimas Feridas";"Pleno dia";"Decrescente";"Chuva";"Dupla";"Reta";"Não";5;0;4;0;1;0;4;2;-24,416593;-47,76187;"SPRF-SP";"DEL05-SP";"UOP01-DEL05-SP"
558886;2023-11-03;"sexta-feira";"15:25:00";"BA";367;23,5;"PORTO SEGURO";"Trafegar com motocicleta (ou similar) entre as faixas";"Colisão transversal";"Com Vítimas Feridas";"Pleno dia";"Crescente";"Céu Claro";"Simples";"Reta";"Sim";2;0;1;0;1;0;1;2;-16,43658055;-39,07751787;"SPRF-BA";"DEL09-BA";"UOP03-DEL09-BA"
558889;2023-11-03;"sexta-feira";"15:15:00";"MS";60;183;"CAMAPUA";"Reação tardia ou ineficiente do condutor";"Saída de leito carroçável";"Com Vítimas Feridas";"Pleno dia";"Crescente";"Céu Claro";"Simples";"Curva";"Não";3;0;1;0;2;0;1;1;-19,5273655;-53,93374297;"SPRF-MS";"DEL06-MS";"UOP02-DEL06-MS"
558890;2023-11-03;"sexta-feira";"16:30:00";"MG";459;68,5;"SENADOR JOSE BENTO";"Velocidade Incompatível";"Colisão frontal";"Com Vítimas Feridas";"Pleno dia";"Crescente";"Céu Claro";"Simples";"Curva";"Não";5;0;5;0;0;0;5;2;-22,13134391;-46,18119121;"SPRF-MG";"DEL09-MG";"UOP01-DEL09-MG"
558892;2023-10-30;"segunda-feira";"19:00:00";"PR";469;1;"FOZ DO IGUACU";"Ingestão de álcool pelo condutor";"Colisão transversal";"Com Vítimas Feridas";"Plena Noite";"Decrescente";"Nublado";"Simples";"Rotatória";"Sim";2;0;1;0;0;1;1;2;-25,57929825;-54,55673218;"SPRF-PR";"DEL05-PR";"UOP04-DEL05-PR"
558893;2023-11-03;"sexta-feira";"16:40:00";"SE";235;67;"ITABAIANA";"Curva acentuada";"Saída de leito carroçável";"Com Vítimas Feridas";"Pleno dia";"Crescente";"Céu Claro";"Simples";"Curva";"Não";1;0;1;0;0;0;1;1;-10,579587;-37,496868;"SPRF-SE";"DEL01-SE";"UOP02-DEL01-SE"
558894;2023-11-03;"sexta-feira";"16:10:00";"ES";101;270,9;"SERRA";"Reação tardia ou ineficiente do condutor";"Colisão lateral mesmo sentido";"Com Vítimas Feridas";"Pleno dia";"Decrescente";"Nublado";"Múltipla";"Reta";"Sim";2;0;0;1;1;0;1;2;-20,22662056;-40,27075088;"SPRF-ES";"DEL02-ES";"UOP01-DEL02-ES"
558896;2023-11-03;"sexta-feira";"15:35:00";"BA";116;15,7;"VITORIA DA CONQUISTA";"Condutor deixou de manter distância do veículo da frente";"Colisão traseira";"Com Vítimas Feridas";"Pleno dia";"Crescente";"Céu Claro";"Simples";"Reta";"Não";2;0;1;0;1;0;1;2;-14,901007;-40,852475;"SPRF-PE";"DEL05-PE";"UOP03-DEL05-PE"
558901;2023-11-03;"sexta-feira";"17:00:00";"SC";101;198,2;"BIGUACU";"Ausência de reação do condutor";"Colisão traseira";"Com Vítimas Feridas";"Pleno dia";"Decrescente";"Chuva";"Dupla";"Reta";"Não";2;0;1;0;1;0;1;2;-27,52658712;-48,63506019;"SPRF-SC";"DEL01-SC";"UOP01-DEL01-SC"
558903;2023-11-03;"sexta-feira";"16:25:00";"RO";319;62;"PORTO VELHO";"Condutor deixou de manter distância do veículo da frente";"Colisão traseira";"Com Vítimas Feridas";"Pleno dia";"Crescente";"Céu Claro";"Múltipla";"Reta";"Sim";3;0;1;0;2;0;1;3;-8,7668018;-63,88440013;"SPRF-RO";"DEL01-RO";"UOP01-DEL01-RO"
558904;2023-11-03;"sexta-feira";"17:20:00";"PR";116;135;"MANDIRITUBA";"Pista Escorregadia";"Saída de leito carroçável";"Com Vítimas Feridas";"Pleno dia";"Decrescente";"Chuva";"Dupla";"Reta";"Não";1;0;1;0;0;0;1;1;-25,724818;-49,317755;"SPRF-PR";"DEL01-PR";"UOP03-DEL01-PR"
558906;2023-11-03;"sexta-feira";"17:00:00";"CE";222;4,8;"CAUCAIA";"Ausência de reação do condutor";"Colisão traseira";"Com Vítimas Feridas";"Anoitecer";"Crescente";"Céu Claro";"Múltipla";"Interseção de Vias";"Sim";2;0;1;0;1;0;1;2;-3,742583;-38,611628;"SPRF-CE";"DEL01-CE";"UOP01-DEL01-CE"
558907;2023-11-03;"sexta-feira";"17:30:00";"PB";230;36;"SANTA RITA";"Reação tardia ou ineficiente do condutor";"Tombamento";"Com Vítimas Feridas";"Anoitecer";"Crescente";"Céu Claro";"Dupla";"Viaduto;Curva";"Sim";1;0;1;0;0;0;1;1;-7,1246;-34,9473;"SPRF-PB";"DEL01-PB";"UOP03-DEL01-PB"
558908;2023-11-03;"sexta-feira";"15:50:00";"MG";40;273,3;"TRES MARIAS";"Ultrapassagem Indevida";"Colisão lateral mesmo sentido";"Com Vítimas Feridas";"Pleno dia";"Crescente";"Céu Claro";"Simples";"Reta";"Não";2;0;0;1;1;0;1;2;-18,18834859;-45,25219384;"SPRF-MG";"DEL14-MG";"UOP02-DEL14-MG"
558909;2023-11-03;"sexta-feira";"16:45:00";"MG";381;767,8;"CAMPANHA";"Chuva";"Capotamento";"Com Vítimas Feridas";"Pleno dia";"Decrescente";"Chuva";"Dupla";"Reta";"Não";4;0;3;0;1;0;3;1;-21,76799733;-45,42028285;"SPRF-MG";"DEL16-MG";"UOP02-DEL16-MG"
558910;2023-11-03;"sexta-feira";"17:15:00";"GO";50;246,9;"CATALAO";"Demais falhas mecânicas ou elétricas";"Saída de leito carroçável";"Sem Vítimas";"Pleno dia";"Crescente";"Nublado";"Dupla";"Reta";"Não";2;0;0;0;2;0;0;1;-17,9343;-47,7877;"SPRF-GO";"DEL06-GO";"UOP01-DEL06-GO"
558911;2023-11-03;"sexta-feira";"18:15:00";"RS";290;89;"PORTO ALEGRE";"Manobra de mudança de faixa";"Colisão lateral mesmo sentido";"Com Vítimas Feridas";"Anoitecer";"Decrescente";"Nublado";"Dupla";"Reta";"Não";2;0;1;0;1;0;1;2;-29,967892;-51,147331;"SPRF-RS";"DEL01-RS";"UOP01-DEL01-RS"
558913;2023-11-03;"sexta-feira";"15:20:00";"BA";110;401;"SAO SEBASTIAO DO PASSE";"Velocidade Incompatível";"Capotamento";"Com Vítimas Feridas";"Plena Noite";"Decrescente";"Céu Claro";"Simples";"Reta";"Sim";1;0;1;0;0;0;1;1;-12,50766107;-38,49626949;"SPRF-BA";"DEL01-BA";"UOP01-DEL01-BA"
558915;2023-11-03;"sexta-feira";"18:02:00";"SP";116;148;"SAO JOSE DOS CAMPOS";"Condutor deixou de manter distância do veículo da frente";"Colisão traseira";"Com Vítimas Feridas";"Plena Noite";"Decrescente";"Chuva";"Múltipla";"Reta";"Sim";4;0;1;0;3;0;1;3;-23,20067421;-45,8795018;"SPRF-SP";"DEL02-SP";"UOP01-DEL02-SP"
558916;2023-11-03;"sexta-feira";"18:50:00";"MT";70;91;"GENERAL CARNEIRO";"Chuva";"Saída de leito carroçável";"Com Vítimas Feridas";"Plena Noite";"Crescente";"Chuva";"Simples";"Curva";"Não";2;0;2;0;0;0;2;1;-15,58345394;-52,87296884;"SPRF-MT";"DEL07-MT";"UOP01-DEL07-MT"
558917;2023-11-03;"sexta-feira";"17:00:00";"MS";262;606,1;"MIRANDA";"Condutor Dormindo";"Tombamento";"Com Vítimas Feridas";"Pleno dia";"Decrescente";"Céu Claro";"Simples";"Reta";"Não";1;0;0;1;0;0;1;1;-20,05914612;-56,77506515;"SPRF-MS";"DEL03-MS";"UOP02-DEL03-MS"
558918;2023-11-03;"sexta-feira";"18:00:00";"AL";101;202;"SAO SEBASTIAO";"Pedestre cruzava a pista fora da faixa";"Atropelamento de Pedestre";"Com Vítimas Fatais";"Plena Noite";"Decrescente";"Céu Claro";"Dupla";"Aclive;Reta";"Não";3;1;0;0;1;1;0;2;-9,96642507;-36,55066388;"SPRF-AL";"DEL02-AL";"UOP02-DEL02-AL"
558919;2023-11-03;"sexta-feira";"18:10:00";"SP";116;214;"GUARULHOS";"Reação tardia ou ineficiente do condutor";"Colisão traseira";"Com Vítimas Feridas";"Pleno dia";"Decrescente";"Nublado";"Múltipla";"Reta";"Sim";2;0;1;0;0;1;1;2;-23,44333014;-46,44531294;"SPRF-SP";"DEL01-SP";"UOP01-DEL01-SP"