"id";"data_inversa";"dia_semana";"horario";"uf";"br";"km";"municipio";"causa_acidente";"tipo_acidente";"classificacao_acidente";"fase_dia";"sentido_via";"condicao_metereologica";"tipo_pista";"tracado_via";"uso_solo";"pessoas";"mortos";"feridos_leves";"feridos_graves";"ilesos";"ignorados";"feridos";"veiculos";"latitude";"longitude";"regional";"delegacia";"uop"
558920;2023-11-03;"sexta-feira";"19:10:00";"GO";40;6,7;"VALPARAISO DE GOIAS";"Reação tardia ou ineficiente do condutor";"Colisão traseira";"Com Vítimas Feridas";"Plena Noite";"Decrescente";"Céu Claro";"Dupla";"Reta";"Sim";2;0;1;0;1;0;1;2;-16,100814;-47,977351;"SPRF-DF";"DEL01-DF";"UOP01-DEL01-DF"
558923;2023-11-03;"sexta-feira";"19:28:00";"DF";70;9;"BRASILIA";"Entrada inopinada do pedestre";"Queda de ocupante de veículo";"Com Vítimas Feridas";"Plena Noite";"Crescente";"Céu Claro";"Dupla";"Reta";"Não";1;0;1;0;0;0;1;1;-15,784615;-48,132023;"SPRF-DF";"DEL03-DF";"UOP02-DEL03-DF"
558926;2023-11-03;"sexta-feira";"19:40:00";"MG";381;603,7;"OLIVEIRA";"Velocidade Incompatível";"Saída de leito carroçável";"Com Vítimas Feridas";"Plena Noite";"Crescente";"Chuva";"Dupla";"Curva;Declive";"Não";1;0;1;0;0;0;1;1;-20,62306;-44,733568;"SPRF-MG";"DEL04-MG";"UOP01-DEL04-MG"
558927;2023-11-03;"sexta-feira";"10:20:00";"BA";367;50,5;"PORTO SEGURO";"Acessar a via sem observar a presença dos outros veículos";"Colisão transversal";"Com Vítimas Feridas";"Pleno dia";"Crescente";"Céu Claro";"Simples";"Interseção de Vias";"Não";2;0;0;1;1;0;1;2;-16,37571254;-39,2921697;"SPRF-BA";"DEL09-BA";"UOP03-DEL09-BA"
558928;2023-11-03;"sexta-feira";"17:40:00";"AL";316;147;"PALMEIRA DOS INDIOS";"Acessar a via sem observar a presença dos outros veículos";"Colisão transversal";"Com Vítimas Feridas";"Plena Noite";"Crescente";"Céu Claro";"Simples";"Interseção de Vias;Reta";"Sim";3;0;2;0;0;1;2;3;-9,40239145;-36,69602965;"SPRF-AL";"DEL03-AL";"UOP01-DEL03-AL"
558929;2023-11-03;"sexta-feira";"18:00:00";"MG";262;801;"UBERABA";"Reação tardia ou ineficiente do condutor";"Colisão traseira";"Com Vítimas Feridas";"Plena Noite";"Crescente";"Nublado";"Dupla";"Reta";"Sim";2;0;1;0;1;0;1;2;-19,77920263;-47,955319;"SPRF-MG";"DEL13-MG";"UOP01-DEL13-MG"
558930;2023-11-03;"sexta-feira";"17:20:00";"RO";364;671;"CANDEIAS DO JAMARI";"Avarias e/ou desgaste excessivo no pneu";"Saída de leito carroçável";"Com Vítimas Feridas";"Pleno dia";"Crescente";"Céu Claro";"Simples";"Reta";"Não";1;0;1;0;0;0;1;1;-8,77689281;-63,50768602;"SPRF-RO";"DEL01-RO";"UOP01-DEL01-RO"
558931;2023-11-03;"sexta-feira";"19:35:00";"SC";101;268,1;"PAULO LOPES";"Condutor Dormindo";"Saída de leito carroçável";"Com Vítimas Feridas";"Plena Noite";"Crescente";"Chuva";"Dupla";"Reta";"Sim";1;0;0;1;0;0;1;1;-28,08561804;-48,71086526;"SPRF-SC";"DEL02-SC";"UOP03-DEL02-SC"
558933;2023-11-03;"sexta-feira";"19:30:00";"SC";101;206,9;"SAO JOSE";"Objeto estático sobre o leito carroçável";"Queda de ocupante de veículo";"Com Vítimas Feridas";"Pleno dia";"Crescente";"Céu Claro";"Múltipla";"Reta";"Não";2;0;2;0;0;0;2;1;-27,60001226;-48,6226467;"SPRF-SC";"DEL01-SC";"UOP01-DEL01-SC"
558934;2023-11-03;"sexta-feira";"20:00:00";"SC";101;198,1;"BIGUACU";"Trafegar com motocicleta (ou similar) entre as faixas";"Colisão lateral mesmo sentido";"Com Vítimas Feridas";"Plena Noite";"Decrescente";"Céu Claro";"Múltipla";"Reta";"Sim";2;0;1;0;1;0;1;2;-27,52750519;-48,63429666;"SPRF-SC";"DEL01-SC";"UOP01-DEL01-SC"
558935;2023-11-03;"sexta-feira";"19:00:00";"PE";101;146;"RIBEIRAO";"Acessar a via sem observar a presença dos outros veículos";"Colisão lateral mesmo sentido";"Com Vítimas Feridas";"Plena Noite";"Decrescente";"Céu Claro";"Dupla";"Reta";"Não";5;0;0;1;3;1;1;2;-8,46622318;-35,36918374;"SPRF-PE";"DEL01-PE";"UOP03-DEL01-PE"
558936;2023-11-03;"sexta-feira";"19:00:00";"SP";153;3,9;"ICEM";"Ingestão de álcool pelo condutor";"Colisão lateral sentido oposto";"Com Vítimas Feridas";"Anoitecer";"Crescente";"Chuva";"Simples";"Reta";"Não";4;0;2;0;2;0;2;2;-20,3304201664;-49,2128492013;"SPRF-SP";"DEL09-SP";"UOP01-DEL09-SP"
558937;2023-11-03;"sexta-feira";"20:05:00";"PE";101;70;"RECIFE";"Objeto estático sobre o leito carroçável";"Colisão com objeto";"Com Vítimas Fatais";"Plena Noite";"Crescente";"Céu Claro";"Múltipla";"Reta";"Sim";2;1;0;0;1;0;0;2;-8,06776119;-34,94265074;"SPRF-PE";"DEL01-PE";"UOP01-DEL01-PE"
558938;2023-11-03;"sexta-feira";"18:00:00";"MG";116;508,9;"UBAPORANGA";"Retorno proibido";"Colisão transversal";"Com Vítimas Feridas";"Anoitecer";"Decrescente";"Céu Claro";"Simples";"Retorno Regulamentado";"Sim";2;0;1;0;1;0;1;2;-19,62776197;-42,10624519;"SPRF-MG";"DEL06-MG";"UOP02-DEL06-MG"
558939;2023-11-03;"sexta-feira";"19:30:00";"MG";381;348;"JOAO MONLEVADE";"Reação tardia ou ineficiente do condutor";"Queda de ocupante de veículo";"Com Vítimas Feridas";"Plena Noite";"Decrescente";"Céu Claro";"Simples";"Aclive;Curva";"Não";1;0;1;0;0;0;1;1;-19,85243846;-43,14084419;"SPRF-MG";"DEL03-MG";"UOP01-DEL03-MG"
558940;2023-11-03;"sexta-feira";"19:15:00";"PE";408;35,4;"ALIANCA";"Ultrapassagem Indevida";"Colisão lateral sentido oposto";"Com Vítimas Feridas";"Plena Noite";"Decrescente";"Céu Claro";"Simples";"Reta";"Não";1;0;0;1;0;0;1;1;-7,61111798;-35,23973919;"SPRF-PE";"DEL01-PE";"UOP02-DEL01-PE"
558941;2023-11-03;"sexta-feira";"16:40:00";"BA";110;370;"CATU";"Condutor deixou de manter distância do veículo da frente";"Colisão lateral mesmo sentido";"Sem Vítimas";"Pleno dia";"Crescente";"Sol";"Simples";"Rotatória";"Sim";4;0;0;0;4;0;0;2;-12,41038544;-38,42231793;"SPRF-BA";"DEL01-BA";"UOP04-DEL01-BA"
558942;2023-11-03;"sexta-feira";"19:25:00";"PE";232;411,7;"SERRA TALHADA";"Animais na Pista";"Atropelamento de Animal";"Com Vítimas Feridas";"Plena Noite";"Decrescente";"Nublado";"Simples";"Reta;Declive";"Sim";1;0;1;0;0;0;1;1;-7,97976163;-38,31087404;"SPRF-PE";"DEL04-PE";"UOP01-DEL04-PE"
558943;2023-11-03;"sexta-feira";"17:20:00";"RO";421;50,5;"MONTE NEGRO";"Manobra de mudança de faixa";"Colisão lateral sentido oposto";"Com Vítimas Feridas";"Pleno dia";"Crescente";"Garoa/Chuvisco";"Simples";"Declive;Reta";"Sim";3;0;0;1;2;0;1;2;-10,269178;-63,299809;"SPRF-RO";"DEL03-RO";"UOP01-DEL03-RO"
558944;2023-11-03;"sexta-feira";"20:45:00";"SP";153;59,2;"SAO JOSE DO RIO PRETO";"Avarias e/ou desgaste excessivo no pneu";"Saída de leito carroçável";"Com Vítimas Feridas";"Plena Noite";"Decrescente";"Nublado";"Dupla";"Reta;Declive";"Não";1;0;1;0;0;0;1;1;-20,78733103;-49,35399276;"SPRF-SP";"DEL09-SP";"UOP01-DEL09-SP"
558945;2023-11-03;"sexta-feira";"18:32:00";"AC";364;81;"SENADOR GUIOMARD";"Pedestre andava na pista";"Atropelamento de Pedestre";"Com Vítimas Feridas";"Plena Noite";"Decrescente";"Nublado";"Simples";"Reta";"Não";5;0;1;0;4;0;1;2;-10,09820235;-67,43352386;"SPRF-AC";"DEL01-AC";"UOP03-DEL01-AC"
558946;2023-11-03;"sexta-feira";"20:00:00";"SC";101;40;"JOINVILLE";"Desrespeitar a preferência no cruzamento";"Colisão lateral mesmo sentido";"Com Vítimas Feridas";"Plena Noite";"Decrescente";"Céu Claro";"Dupla";"Curva;Interseção de Vias";"Sim";5;0;1;0;4;0;1;2;-26,27176094;-48,89468382;"SPRF-SC";"DEL03-SC";"UOP01-DEL03-SC"
558947;2023-11-03;"sexta-feira";"19:43:00";"PE";232;411,9;"SERRA TALHADA";"Pedestre andava na pista";"Atropelamento de Pedestre";"Com Vítimas Feridas";"Plena Noite";"Crescente";"Nublado";"Simples";"Curva;Aclive";"Sim";4;0;0;2;2;0;2;2;-7,97976163;-38,31087404;"SPRF-PE";"DEL04-PE";"UOP01-DEL04-PE"
558948;2023-11-03;"sexta-feira";"20:15:00";"PR";369;141;"IBIPORA";"Ingestão de álcool pelo condutor";"Colisão traseira";"Com Vítimas Fatais";"Plena Noite";"Crescente";"Céu Claro";"Simples";"Declive";"Sim";4;1;1;0;1;1;1;4;-23,284097;-51,072498;"SPRF-PR";"DEL07-PR";"UOP01-DEL07-PR"
558949;2023-11-03;"sexta-feira";"20:15:00";"GO";40;8,3;"VALPARAISO DE GOIAS";"Pedestre cruzava a pista fora da faixa";"Atropelamento de Pedestre";"Com Vítimas Fatais";"Plena Noite";"Crescente";"Nublado";"Múltipla";"Reta";"Sim";3;1;0;2;0;0;2;2;-16,116158;-47,96761;"SPRF-DF";"DEL01-DF";"UOP01-DEL01-DF"
558951;2023-11-03;"sexta-feira";"18:20:00";"MG";40;217;"JOAO PINHEIRO";"Ultrapassagem Indevida";"Colisão frontal";"Com Vítimas Feridas";"Plena Noite";"Decrescente";"Céu Claro";"Simples";"Reta";"Não";4;0;2;2;0;0;4;2;-17,95652213;-45,67754;"SPRF-MG";"DEL14-MG";"UOP02-DEL14-MG"
558952;2023-11-03;"sexta-feira";"20:30:00";"MT";163;892;"CLAUDIA";"Acumulo de água sobre o pavimento";"Saída de leito carroçável";"Sem Vítimas";"Plena Noite";"Crescente";"Chuva";"Simples";"Reta";"Não";1;0;0;0;1;0;0;1;-11,50321582;-55,36888313;"SPRF-MT";"DEL06-MT";"UOP02-DEL06-MT"
558954;2023-11-03;"sexta-feira";"20:27:00";"RO";0;0;"CACOAL";"Reação tardia ou ineficiente do condutor";"Colisão frontal";"Sem Vítimas";"Plena Noite";"Não Informado";"Céu Claro";"Simples";"Reta";"Sim";3;0;0;0;3;0;0;2;-11,45748;-61,424783;"SPRF-RO";"DEL02-RO";"UOP02-DEL02-RO"
558956;2023-10-20;"sexta-feira";"19:05:00";"GO";153;160;"CAMPINORTE";"Velocidade Incompatível";"Colisão traseira";"Com Vítimas Feridas";"Plena Noite";"Crescente";"Céu Claro";"Simples";"Reta";"Não";2;0;2;0;0;0;2;2;-14,168802;-49,124207;"SPRF-GO";"DEL07-GO";"UOP02-DEL07-GO"
558958;2023-11-03;"sexta-feira";"20:30:00";"RR";174;533;"BOA VISTA";"Pista esburacada";"Queda de ocupante de veículo";"Com Vítimas Feridas";"Plena Noite";"Crescente";"Céu Claro";"Simples";"Reta";"Não";1;0;1;0;0;0;1;1;3,044558;-60,791439;"SPRF-RR";"DEL01-RR";"UOP01-DEL01-RR"
558959;2023-11-03;"sexta-feira";"17:35:00";"SC";116;72,8;"MONTE CASTELO";"Ausência de reação do condutor";"Colisão transversal";"Com Vítimas Feridas";"Pleno dia";"Crescente";"Céu Claro";"Simples";"Aclive";"Não";4;0;1;1;2;0;2;2;-26,48707;-50,23276105;"SPRF-SC";"DEL06-SC";"UOP02-DEL06-SC"
558960;2023-11-03;"sexta-feira";"19:20:00";"SC";282;407,1;"CATANDUVAS";"Falta de acostamento";"Atropelamento de Pedestre";"Com Vítimas Fatais";"Plena Noite";"Decrescente";"Nublado";"Simples";"Curva";"Não";2;1;0;0;0;1;0;2;-27,0911732;-51,6610467;"SPRF-SC";"DEL07-SC";"UOP05-DEL07-SC"
558961;2023-11-03;"sexta-feira";"22:25:00";"RS";290;89;"PORTO ALEGRE";"Ausência de reação do condutor";"Colisão com objeto";"Com Vítimas Feridas";"Plena Noite";"Decrescente";"Céu Claro";"Dupla";"Reta";"Não";1;0;1;0;0;0;1;1;-29,967892;-51,147331;"SPRF-RS";"DEL01-RS";"UOP01-DEL01-RS"
558962;2023-11-03;"sexta-feira";"20:00:00";"RJ";116;127;"MAGE";"Pedestre cruzava a pista fora da faixa";"Atropelamento de Pedestre";"Com Vítimas Feridas";"Plena Noite";"Decrescente";"Chuva";"Dupla";"Reta";"Sim";2;0;0;1;1;0;1;2;-22,66137035;-43,09295957;"SPRF-RJ";"DEL04-RJ";"UOP02-DEL04-RJ"
558963;2023-11-03;"sexta-feira";"23:10:00";"RS";290;88;"PORTO ALEGRE";"Condutor Dormindo";"Colisão com objeto";"Com Vítimas Feridas";"Plena Noite";"Decrescente";"Nublado";"Dupla";"Reta;Em Obras";"Não";2;0;2;0;0;0;2;1;-29,967531;-51,137264;"SPRF-RS";"DEL01-RS";"UOP01-DEL01-RS"
558964;2023-10-23;"segunda-feira";"00:20:00";"SE";101;173,3;"SANTA LUZIA DO ITANHY";"Ingestão de álcool pelo condutor";"Colisão traseira";"Com Vítimas Feridas";"Plena Noite";"Decrescente";"Céu Claro";"Simples";"Curva";"Não";6;0;2;0;4;0;2;2;-11,33967108;-37,59467979;"SPRF-SE";"DEL02-SE";"UOP01-DEL02-SE"
558966;2023-11-03;"sexta-feira";"19:10:00";"GO";153;67;"PORANGATU";"Ingestão de álcool pelo condutor";"Colisão com objeto";"Com Vítimas Feridas";"Plena Noite";"Crescente";"Céu Claro";"Dupla";"Reta";"Não";1;0;1;0;0;0;1;1;-13,419951;-49,130875;"SPRF-GO";"DEL07-GO";"UOP01-DEL07-GO"
558967;2023-11-03;"sexta-feira";"21:40:00";"RJ";101;444;"MANGARATIBA";"Demais Fenômenos da natureza";"Queda de ocupante de veículo";"Com Vítimas Feridas";"Plena Noite";"Decrescente";"Chuva";"Simples";"Aclive";"Não";1;0;1;0;0;0;1;1;-22,98859004;-44,08493971;"SPRF-RJ";"DEL03-RJ";"UOP02-DEL03-RJ"
558969;2023-11-03;"sexta-feira";"23:15:00";"RS";116;151,2;"CAXIAS DO SUL";"Transitar na contramão";"Colisão frontal";"Com Vítimas Feridas";"Plena Noite";"Crescente";"Nublado";"Dupla";"Curva";"Sim";2;0;2;0;0;0;2;2;-29,18131598;-51,16610885;"SPRF-RS";"DEL05-RS";"UOP01-DEL05-RS"
558971;2023-11-03;"sexta-feira";"20:18:00";"MG";365;825;"SANTA VITORIA";"Chuva";"Tombamento";"Com Vítimas Feridas";"Plena Noite";"Crescente";"Chuva";"Simples";"Reta";"Não";1;0;1;0;0;0;1;1;-18,88297757;-50,14140179;"SPRF-MG";"DEL15-MG";"UOP03-DEL15-MG"
558973;2023-09-23;"sábado";"11:45:00";"PR";476;232;"LAPA";"Reação tardia ou ineficiente do condutor";"Colisão transversal";"Com Vítimas Feridas";"Pleno dia";"Decrescente";"Céu Claro";"Simples";"Reta";"Não";2;0;1;0;1;0;1;2;-25,88264628;-50,00240357;"SPRF-PR";"DEL02-PR";"UOP03-DEL02-PR"
558977;2023-11-03;"sexta-feira";"21:50:00";"RJ";116;145,5;"DUQUE DE CAXIAS";"Pedestre cruzava a pista fora da faixa";"Atropelamento de Pedestre";"Com Vítimas Feridas";"Plena Noite";"Crescente";"Chuva";"Múltipla";"Reta";"Sim";2;0;1;0;1;0;1;2;-22,66237951;-43,25529831;"SPRF-RJ";"DEL01-RJ";"UOP01-DEL01-RJ"
558980;2023-11-04;"sábado";"02:25:00";"MG";40;776,1;"JUIZ DE FORA";"Chuva";"Colisão com objeto";"Com Vítimas Feridas";"Plena Noite";"Decrescente";"Chuva";"Dupla";"Viaduto;Curva";"Não";3;0;3;0;0;0;3;1;-21,65017316;-43,43482311;"SPRF-MG";"DEL05-MG";"UOP01-DEL05-MG"
558984;2023-11-04;"sábado";"03:00:00";"PR";277;7;"PARANAGUA";"Condutor Dormindo";"Saída de leito carroçável";"Sem Vítimas";"Plena Noite";"Crescente";"Céu Claro";"Dupla";"Reta";"Não";2;0;0;0;2;0;0;1;-25,56350388;-48,5956192;"SPRF-PR";"DEL01-PR";"UOP05-DEL01-PR"
558985;2023-11-04;"sábado";"03:40:00";"MG";381;921,4;"CAMANDUCAIA";"Demais falhas mecânicas ou elétricas";"Saída de leito carroçável";"Com Vítimas Feridas";"Plena Noite";"Crescente";"Céu Claro";"Dupla";"Curva";"Não";2;0;1;0;1;0;1;1;-22,76280218;-46,17028886;"SPRF-MG";"DEL16-MG";"UOP03-DEL16-MG"
558986;2023-11-04;"sábado";"02:40:00";"PR";277;725;"FOZ DO IGUACU";"Velocidade Incompatível";"Saída de leito carroçável";"Sem Vítimas";"Plena Noite";"Decrescente";"Céu Claro";"Dupla";"Reta";"Sim";1;0;0;0;1;0;0;1;-25,50823541;-54,54619865;"SPRF-PR";"DEL05-PR";"UOP03-DEL05-PR"
558989;2023-11-04;"sábado";"02:50:00";"RR";174;445;"MUCAJAI";"Transitar na contramão";"Colisão frontal";"Sem Vítimas";"Plena Noite";"Decrescente";"Céu Claro";"Simples";"Reta";"Não";4;0;0;0;4;0;0;2;2,413599;-60,92009;"SPRF-RR";"DEL01-RR";"UOP01-DEL01-RR"
558991;2023-11-04;"sábado";"03:00:00";"RS";287;277;"SAO PEDRO DO SUL";"Animais na Pista";"Atropelamento de Animal";"Com Vítimas Feridas";"Plena Noite";"Decrescente";"Céu Claro";"Simples";"Reta;Aclive";"Não";19;0;16;3;0;0;19;1;-29,65670498;-54,14486499;"SPRF-RS";"DEL09-RS";"UOP01-DEL09-RS"
558992;2023-11-04;"sábado";"03:30:00";"MG";40;478,2;"SETE LAGOAS";"Velocidade Incompatível";"Saída de leito carroçável";"Com Vítimas Feridas";"Plena Noite";"Decrescente";"Chuva";"Múltipla";"Curva";"Não";1;0;0;1;0;0;1;1;-19,52968;-44,25849;"SPRF-MG";"DEL02-MG";"UOP01-DEL02-MG"
558993;2023-11-04;"sábado";"04:00:00";"MG";116;517,4;"UBAPORANGA";"Ausência de reação do condutor";"Saída de leito carroçável";"Com Vítimas Feridas";"Plena Noite";"Decrescente";"Nublado";"Simples";"Reta";"Não";2;0;2;0;0;0;2;1;-19,70492713;-42,11720373;"SPRF-MG";"DEL06-MG";"UOP02-DEL06-MG"
558994;2023-11-04;"sábado";"04:15:00";"AL";104;27,9;"UNIAO DOS PALMARES";"Animais na Pista";"Atropelamento de Animal";"Com Vítimas Feridas";"Amanhecer";"Decrescente";"Céu Claro";"Simples";"Reta";"Não";4;0;2;0;2;0;2;2;-9,1067628;-36,05271491;"SPRF-AL";"DEL01-AL";"UOP02-DEL01-AL"
558996;2023-11-04;"sábado";"04:30:00";"PR";277;595,5;"CASCAVEL";"Ingestão de álcool pelo condutor";"Colisão transversal";"Com Vítimas Feridas";"Plena Noite";"Crescente";"Céu Claro";"Simples";"Reta;Interseção de Vias";"Não";2;0;1;0;1;0;1;2;-24,98154632;-53,50141969;"SPRF-PR";"DEL04-PR";"UOP01-DEL04-PR"
558997;2023-11-04;"sábado";"06:00:00";"SC";101;209,7;"SAO JOSE";"Ingestão de álcool ou de substâncias psicoativas pelo pedestre";"Colisão com objeto";"Com Vítimas Feridas";"Pleno dia";"Crescente";"Céu Claro";"Múltipla";"Reta";"Não";2;0;2;0;0;0;2;1;-27,61185821;-48,64095926;"SPRF-SC";"DEL01-SC";"UOP01-DEL01-SC"
559000;2023-11-04;"sábado";"05:15:00";"PR";376;161;"MARINGA";"Velocidade Incompatível";"Saída de leito carroçável";"Com Vítimas Feridas";"Amanhecer";"Decrescente";"Céu Claro";"Dupla";"Declive;Rotatória";"Sim";2;0;0;2;0;0;2;1;-23,37288806;-52,05544353;"SPRF-PR";"DEL09-PR";"UOP01-DEL09-PR"
559001;2023-11-03;"sexta-feira";"20:10:00";"PR";163;276;"QUATRO PONTES";"Pista esburacada";"Tombamento";"Com Vítimas Feridas";"Plena Noite";"Decrescente";"Nublado";"Múltipla";"Reta";"Não";1;0;0;1;0;0;1;1;-24,60576889;-53,97628605;"SPRF-PR";"DEL06-PR";"UOP02-DEL06-PR"
559004;2023-11-04;"sábado";"03:00:00";"RS";470;174,9;"VERANOPOLIS";"Reação tardia ou ineficiente do condutor";"Saída de leito carroçável";"Sem Vítimas";"Plena Noite";"Crescente";"Céu Claro";"Simples";"Reta;Em Obras";"Sim";1;0;0;0;0;1;0;1;-28,92055134;-51,53862476;"SPRF-RS";"DEL06-RS";"UOP02-DEL06-RS"
559005;2023-11-04;"sábado";"06:50:00";"ES";101;145,9;"LINHARES";"Condutor desrespeitou a iluminação vermelha do semáforo";"Colisão transversal";"Com Vítimas Feridas";"Pleno dia";"Decrescente";"Céu Claro";"Múltipla";"Reta;Interseção de Vias";"Sim";2;0;1;0;0;1;1;2;-19,36089598;-40,06464018;"SPRF-ES";"DEL04-ES";"UOP01-DEL04-ES"
559008;2023-11-04;"sábado";"06:30:00";"PR";277;679;"MEDIANEIRA";"Demais Fenômenos da natureza";"Incêndio";"Sem Vítimas";"Amanhecer";"Decrescente";"Céu Claro";"Dupla";"Reta;Aclive";"Não";1;0;0;0;0;1;0;1;-25,31758044;-54,15684223;"SPRF-PR";"DEL05-PR";"UOP01-DEL05-PR"
559009;2023-11-04;"sábado";"06:00:00";"RO";174;15;"VILHENA";"Transitar na contramão";"Colisão frontal";"Sem Vítimas";"Amanhecer";"Decrescente";"Nublado";"Simples";"Interseção de Vias;Reta";"Sim";2;0;0;0;1;1;0;2;-12,72069462;-60,12754083;"SPRF-RO";"DEL04-RO";"UOP01-DEL04-RO"
559012;2023-11-04;"sábado";"05:50:00";"SC";101;85;"BARRA VELHA";"Avarias e/ou desgaste excessivo no pneu";"Saída de leito carroçável";"Sem Vítimas";"Amanhecer";"Crescente";"Nublado";"Múltipla";"Reta";"Sim";1;0;0;0;1;0;0;1;-26,62840879;-48,70813584;"SPRF-SC";"DEL03-SC";"UOP02-DEL03-SC"
559013;2023-11-04;"sábado";"07:51:00";"DF";40;0,7;"BRASILIA";"Trafegar com motocicleta (ou similar) entre as faixas";"Queda de ocupante de veículo";"Com Vítimas Feridas";"Pleno dia";"Decrescente";"Céu Claro";"Dupla";"Reta";"Sim";1;0;1;0;0;0;1;1;-15,976897;-47,990129;"SPRF-DF";"DEL01-DF";"UOP01-DEL01-DF"
559014;2023-11-04;"sábado";"07:15:00";"PR";376;593,9;"CURITIBA";"Pista esburacada";"Tombamento";"Com Vítimas Feridas";"Pleno dia";"Crescente";"Céu Claro";"Dupla";"Reta";"Sim";2;0;2;0;0;0;2;1;-25,47642706;-49,35092413;"SPRF-PR";"DEL01-PR";"UOP06-DEL01-PR"
559016;2023-10-06;"sexta-feira";"12:13:00";"BA";116;423;"FEIRA DE SANTANA";"Acessar a via sem observar a presença dos outros veículos";"Atropelamento de Pedestre";"Com Vítimas Feridas";"Pleno dia";"Crescente";"Ignorado";"Simples";"Reta;Em Obras";"Sim";2;0;1;1;0;0;2;2;-12,233788;-38,975445;"SPRF-BA";"DEL02-BA";"UOP01-DEL02-BA"
559018;2023-11-04;"sábado";"06:40:00";"PR";476;273,1;"SAO MATEUS DO SUL";"Afundamento ou ondulação no pavimento";"Colisão frontal";"Com Vítimas Fatais";"Pleno dia";"Decrescente";"Sol";"Simples";"Curva";"Não";3;1;1;0;1;0;1;2;-25,894287;-50,368565;"SPRF-PR";"DEL02-PR";"UOP03-DEL02-PR"
559019;2023-10-07;"sábado";"16:00:00";"SC";282;6;"SAO JOSE";"Velocidade Incompatível";"Colisão com objeto";"Sem Vítimas";"Pleno dia";"Decrescente";"Garoa/Chuvisco";"Dupla";"Curva";"Sim";1;0;0;0;0;1;0;1;-27,591936;-48,618244;"SPRF-SC";"DEL01-SC";"UOP01-DEL01-SC"
559020;2023-11-04;"sábado";"04:30:00";"RS";116;238;"NOVO HAMBURGO";"Reação tardia ou ineficiente do condutor";"Colisão com objeto";"Sem Vítimas";"Plena Noite";"Decrescente";"Garoa/Chuvisco";"Dupla";"Curva;Retorno Regulamentado";"Sim";1;0;0;0;1;0;0;1;-29,68739789;-51,14197352;"SPRF-RS";"DEL01-RS";"UOP02-DEL01-RS"
559021;2023-11-04;"sábado";"08:00:00";"PE";232;14;"JABOATAO DOS GUARARAPES";"Acumulo de areia ou detritos sobre o pavimento";"Queda de ocupante de veículo";"Com Vítimas Feridas";"Pleno dia";"Crescente";"Céu Claro";"Dupla";"Interseção de Vias";"Não";2;0;2;0;0;0;2;1;-8,09025488;-35,02052302;"SPRF-PE";"DEL01-PE";"UOP01-DEL01-PE"
559024;2023-09-25;"segunda-feira";"17:00:00";"RN";405;24;"MOSSORO";"Ausência de reação do condutor";"Saída de leito carroçável";"Com Vítimas Feridas";"Anoitecer";"Crescente";"Céu Claro";"Simples";"Reta";"Não";2;0;0;1;1;0;1;1;-5,269673;-37,53744;"SPRF-RN";"DEL04-RN";"UOP02-DEL04-RN"
559026;2023-11-04;"sábado";"08:15:00";"ES";259;58,5;"COLATINA";"Demais falhas mecânicas ou elétricas";"Queda de ocupante de veículo";"Com Vítimas Feridas";"Pleno dia";"Crescente";"Céu Claro";"Simples";"Declive";"Sim";1;0;0;1;0;0;1;1;-19,514467;-40,660786;"SPRF-ES";"DEL02-ES";"UOP01-DEL02-ES"
559027;2023-11-04;"sábado";"08:05:00";"RS";290;721;"URUGUAIANA";"Ingestão de álcool pelo condutor";"Colisão com objeto";"Com Vítimas Feridas";"Pleno dia";"Decrescente";"Sol";"Simples";"Curva";"Não";4;0;1;0;2;1;1;3;-29,758587;-57,060295;"SPRF-RS";"DEL13-RS";"UOP01-DEL13-RS"
559028;2023-11-04;"sábado";"06:40:00";"MA";10;272;"IMPERATRIZ";"Avarias e/ou desgaste excessivo no pneu";"Tombamento";"Com Vítimas Feridas";"Pleno dia";"Crescente";"Céu Claro";"Simples";"Reta;Aclive";"Não";2;0;1;1;0;0;2;1;-5,356215;-47,483128;"SPRF-MA";"DEL04-MA";"UOP01-DEL04-MA"
559029;2023-11-04;"sábado";"06:35:00";"MG";381;924,5;"ITAPEVA";"Velocidade Incompatível";"Saída de leito carroçável";"Com Vítimas Feridas";"Pleno dia";"Crescente";"Nublado";"Dupla";"Curva";"Não";2;0;2;0;0;0;2;1;-22,77050246;-46,23490598;"SPRF-MG";"DEL16-MG";"UOP03-DEL16-MG"
559030;2023-11-04;"sábado";"05:08:00";"MT";70;366;"CAMPO VERDE";"Ausência de reação do condutor";"Colisão traseira";"Com Vítimas Feridas";"Amanhecer";"Decrescente";"Nublado";"Simples";"Reta";"Não";2;0;0;1;0;1;1;2;-15,47156133;-55,00330391;"SPRF-MT";"DEL05-MT";"UOP02-DEL05-MT"
559031;2023-07-09;"domingo";"18:30:00";"MG";381;154,9;"GOVERNADOR VALADARES";"Ausência de reação do condutor";"Colisão traseira";"Com Vítimas Feridas";"Plena Noite";"Decrescente";"Ignorado";"Simples";"Reta";"Não";2;0;0;1;0;1;1;2;-18,85748;-41,98443;"SPRF-MG";"DEL06-MG";"UOP01-DEL06-MG"
559033;2023-11-04;"sábado";"07:45:00";"RO";364;358;"JI-PARANA";"Acesso irregular";"Saída de leito carroçável";"Com Vítimas Feridas";"Pleno dia";"Crescente";"Chuva";"Simples";"Aclive";"Não";1;0;1;0;0;0;1;1;-10,79098663;-62,04115379;"SPRF-RO";"DEL02-RO";"UOP01-DEL02-RO"