"id";"data_inversa";"dia_semana";"horario";"uf";"br";"km";"municipio";"causa_acidente";"tipo_acidente";"classificacao_acidente";"fase_dia";"sentido_via";"condicao_metereologica";"tipo_pista";"tracado_via";"uso_solo";"pessoas";"mortos";"feridos_leves";"feridos_graves";"ilesos";"ignorados";"feridos";"veiculos";"latitude";"longitude";"regional";"delegacia";"uop"
559034;2023-07-05;"quarta-feira";"07:40:00";"MG";381;205;"PERIQUITO";"Ausência de reação do condutor";"Saída de leito carroçável";"Com Vítimas Feridas";"Pleno dia";"Decrescente";"Ignorado";"Simples";"Reta";"Não";2;0;1;1;0;0;2;1;-19,178936;-42,258375;"SPRF-MG";"DEL06-MG";"UOP01-DEL06-MG"
559035;2023-10-11;"quarta-feira";"18:45:00";"SC";282;17;"PALHOCA";"Acessar a via sem observar a presença dos outros veículos";"Colisão transversal";"Com Vítimas Feridas";"Anoitecer";"Crescente";"Ignorado";"Simples";"Interseção de Vias";"Não";2;0;1;0;0;1;1;2;-27,665707;-48,688065;"SPRF-SC";"DEL01-SC";"UOP02-DEL01-SC"
559037;2023-11-04;"sábado";"09:00:00";"SC";101;118;"ITAJAI";"Reação tardia ou ineficiente do condutor";"Queda de ocupante de veículo";"Com Vítimas Feridas";"Pleno dia";"Decrescente";"Céu Claro";"Múltipla";"Reta";"Não";1;0;0;1;0;0;1;1;-26,88747188;-48,72252969;"SPRF-SC";"DEL04-SC";"UOP04-DEL04-SC"
559038;2023-09-02;"sábado";"05:30:00";"PR";487;159;"ARARUNA";"Reação tardia ou ineficiente do condutor";"Queda de ocupante de veículo";"Com Vítimas Feridas";"Plena Noite";"Decrescente";"Céu Claro";"Simples";"Reta";"Sim";1;0;0;1;0;0;1;1;-23,97083098;-52,56158888;"SPRF-PR";"DEL09-PR";"UOP03-DEL09-PR"
559039;2023-11-04;"sábado";"07:15:00";"MA";135;30,9;"BACABEIRA";"Reação tardia ou ineficiente do condutor";"Capotamento";"Com Vítimas Feridas";"Pleno dia";"Decrescente";"Céu Claro";"Dupla";"Reta";"Não";2;0;2;0;0;0;2;1;-2,804075;-44,37428121;"SPRF-MA";"DEL01-MA";"UOP01-DEL01-MA"
559040;2023-11-04;"sábado";"08:45:00";"PR";163;286;"MARECHAL CANDIDO RONDON";"Desrespeitar a preferência no cruzamento";"Colisão frontal";"Com Vítimas Feridas";"Pleno dia";"Decrescente";"Céu Claro";"Simples";"Reta";"Sim";2;0;1;0;1;0;1;2;-24,568102;-54,034168;"SPRF-PR";"DEL06-PR";"UOP02-DEL06-PR"
559042;2023-11-04;"sábado";"08:40:00";"RJ";465;20;"NOVA IGUACU";"Acessar a via sem observar a presença dos outros veículos";"Colisão transversal";"Com Vítimas Feridas";"Pleno dia";"Decrescente";"Céu Claro";"Simples";"Reta";"Sim";3;0;1;0;1;1;1;2;-22,846828;-43,605339;"SPRF-RJ";"DEL03-RJ";"UOP01-DEL03-RJ"
559044;2023-11-04;"sábado";"10:00:00";"SP";116;222,8;"GUARULHOS";"Reação tardia ou ineficiente do condutor";"Colisão traseira";"Com Vítimas Feridas";"Pleno dia";"Crescente";"Nublado";"Múltipla";"Reta";"Sim";2;0;1;0;1;0;1;2;-23,4751669;-46,5245237;"SPRF-SP";"DEL01-SP";"UOP01-DEL01-SP"
559046;2023-11-04;"sábado";"07:50:00";"MA";10;208;"RIBAMAR FIQUENE";"Acessar a via sem observar a presença dos outros veículos";"Colisão transversal";"Sem Vítimas";"Pleno dia";"Decrescente";"Céu Claro";"Simples";"Reta";"Não";2;0;0;0;2;0;0;2;-5,898466;-47,365887;"SPRF-MA";"DEL04-MA";"UOP01-DEL04-MA"
559047;2023-11-04;"sábado";"08:50:00";"MA";135;3,2;"SAO LUIS";"Pedestre cruzava a pista fora da faixa";"Atropelamento de Pedestre";"Com Vítimas Feridas";"Pleno dia";"Decrescente";"Céu Claro";"Dupla";"Reta";"Sim";2;0;0;2;0;0;2;2;-2,606802;-44,247512;"SPRF-MA";"DEL01-MA";"UOP01-DEL01-MA"
559049;2023-11-04;"sábado";"07:00:00";"SP";116;493;"CAJATI";"Ausência de reação do condutor";"Saída de leito carroçável";"Com Vítimas Feridas";"Pleno dia";"Decrescente";"Sol";"Dupla";"Reta";"Não";2;0;2;0;0;0;2;1;-24,74366848;-48,14208621;"SPRF-SP";"DEL05-SP";"UOP01-DEL05-SP"
559050;2023-11-04;"sábado";"10:45:00";"CE";116;64;"CHOROZINHO";"Desrespeitar a preferência no cruzamento";"Colisão transversal";"Com Vítimas Feridas";"Pleno dia";"Crescente";"Céu Claro";"Simples";"Reta;Rotatória";"Sim";3;0;0;2;0;1;2;2;-4,29914434;-38,50169957;"SPRF-CE";"DEL03-CE";"UOP02-DEL03-CE"
559053;2023-11-04;"sábado";"10:40:00";"ES";101;289;"CARIACICA";"Manobra de mudança de faixa";"Colisão traseira";"Com Vítimas Feridas";"Pleno dia";"Crescente";"Sol";"Dupla";"Reta";"Sim";2;0;1;0;1;0;1;2;-20,28029304;-40,39302931;"SPRF-ES";"DEL01-ES";"UOP01-DEL01-ES"
559054;2023-11-04;"sábado";"09:40:00";"MS";267;480,9;"JARDIM";"Desrespeitar a preferência no cruzamento";"Colisão transversal";"Com Vítimas Feridas";"Pleno dia";"Decrescente";"Céu Claro";"Simples";"Reta";"Sim";2;0;1;0;1;0;1;2;-21,47178327;-56,13379061;"SPRF-MS";"DEL05-MS";"UOP01-DEL05-MS"
559055;2023-11-04;"sábado";"09:50:00";"ES";262;76,5;"DOMINGOS MARTINS";"Reação tardia ou ineficiente do condutor";"Saída de leito carroçável";"Com Vítimas Feridas";"Pleno dia";"Crescente";"Céu Claro";"Simples";"Curva";"Não";1;0;1;0;0;0;1;1;-20,41279327;-40,90834307;"SPRF-ES";"DEL01-ES";"UOP02-DEL01-ES"
559056;2023-11-04;"sábado";"11:00:00";"RS";386;342,9;"LAJEADO";"Ausência de reação do condutor";"Colisão traseira";"Com Vítimas Feridas";"Pleno dia";"Crescente";"Céu Claro";"Simples";"Reta";"Sim";3;0;1;0;2;0;1;2;-29,434835;-52,002365;"SPRF-RS";"DEL04-RS";"UOP01-DEL04-RS"
559057;2023-11-04;"sábado";"10:40:00";"MA";10;252,3;"IMPERATRIZ";"Acessar a via sem observar a presença dos outros veículos";"Colisão transversal";"Com Vítimas Feridas";"Pleno dia";"Crescente";"Céu Claro";"Simples";"Reta";"Sim";2;0;0;2;0;0;2;2;-5,53562;-47,469585;"SPRF-MA";"DEL04-MA";"UOP01-DEL04-MA"
559058;2023-11-04;"sábado";"11:35:00";"PB";230;166,2;"CAMPINA GRANDE";"Transitar no Acostamento";"Colisão lateral mesmo sentido";"Com Vítimas Feridas";"Pleno dia";"Crescente";"Céu Claro";"Simples";"Reta";"Sim";2;0;1;0;1;0;1;2;-7,1976;-35,955;"SPRF-PB";"DEL02-PB";"UOP02-DEL02-PB"
559059;2023-09-25;"segunda-feira";"19:30:00";"RS";448;13;"CANOAS";"Reação tardia ou ineficiente do condutor";"Capotamento";"Com Vítimas Feridas";"Plena Noite";"Decrescente";"Chuva";"Múltipla";"Reta";"Não";2;0;1;1;0;0;2;1;-29,920603;-51,231792;"SPRF-RS";"DEL01-RS";"UOP01-DEL01-RS"
559064;2023-11-04;"sábado";"11:40:00";"PE";101;54;"PAULISTA";"Manobra de mudança de faixa";"Colisão transversal";"Com Vítimas Feridas";"Pleno dia";"Crescente";"Céu Claro";"Dupla";"Reta;Declive";"Não";6;0;0;4;2;0;4;4;-7,948233;-34,906585;"SPRF-PE";"DEL01-PE";"UOP02-DEL01-PE"
559065;2023-11-04;"sábado";"11:30:00";"MG";262;17,6;"MARTINS SOARES";"Transitar na contramão";"Colisão frontal";"Com Vítimas Feridas";"Pleno dia";"Crescente";"Céu Claro";"Simples";"Reta;Declive";"Não";3;0;0;2;1;0;2;2;-20,25525472;-41,88789188;"SPRF-MG";"DEL06-MG";"UOP03-DEL06-MG"
559066;2023-11-04;"sábado";"11:46:00";"SC";280;51,9;"GUARAMIRIM";"Retorno proibido";"Colisão traseira";"Com Vítimas Feridas";"Pleno dia";"Crescente";"Céu Claro";"Dupla";"Reta;Em Obras";"Sim";5;0;4;0;1;0;4;2;-26,4686;-48,964126;"SPRF-SC";"DEL03-SC";"UOP03-DEL03-SC"
559067;2023-11-04;"sábado";"09:20:00";"MA";316;256;"SANTA INES";"Ausência de reação do condutor";"Saída de leito carroçável";"Sem Vítimas";"Pleno dia";"Crescente";"Céu Claro";"Simples";"Reta;Aclive";"Não";2;0;0;0;2;0;0;1;-3,65322;-45,424976;"SPRF-MA";"DEL02-MA";"UOP01-DEL02-MA"
559068;2023-10-17;"terça-feira";"08:40:00";"RO";364;234,5;"CACOAL";"Acumulo de óleo sobre o pavimento";"Tombamento";"Com Vítimas Feridas";"Pleno dia";"Decrescente";"Céu Claro";"Simples";"Reta";"Não";1;0;0;1;0;0;1;1;-11,45351399;-61,42724812;"SPRF-RO";"DEL02-RO";"UOP02-DEL02-RO"
559069;2023-11-04;"sábado";"12:50:00";"MG";381;497;"BETIM";"Manobra de mudança de faixa";"Colisão lateral mesmo sentido";"Com Vítimas Feridas";"Pleno dia";"Crescente";"Céu Claro";"Dupla";"Reta";"Sim";3;0;2;0;1;0;2;2;-20,00483625;-44,21367172;"SPRF-MG";"DEL01-MG";"UOP03-DEL01-MG"
559070;2023-11-04;"sábado";"12:10:00";"SP";116;454;"REGISTRO";"Reação tardia ou ineficiente do condutor";"Capotamento";"Com Vítimas Feridas";"Pleno dia";"Crescente";"Céu Claro";"Dupla";"Reta";"Não";1;0;1;0;0;0;1;1;-24,56704392;-47,87450304;"SPRF-SP";"DEL05-SP";"UOP01-DEL05-SP"
559074;2023-11-04;"sábado";"12:50:00";"SC";101;146;"ITAPEMA";"Condutor deixou de manter distância do veículo da frente";"Engavetamento";"Com Vítimas Feridas";"Pleno dia";"Decrescente";"Céu Claro";"Múltipla";"Reta;Declive";"Sim";3;0;1;0;2;0;1;3;-27,08666525;-48,60955587;"SPRF-SC";"DEL04-SC";"UOP03-DEL04-SC"
559075;2023-11-04;"sábado";"10:30:00";"PE";428;172,7;"PETROLINA";"Acessar a via sem observar a presença dos outros veículos";"Colisão transversal";"Com Vítimas Feridas";"Pleno dia";"Decrescente";"Nublado";"Simples";"Reta";"Não";4;0;0;1;3;0;1;2;-9,25212912;-40,42515725;"SPRF-PE";"DEL06-PE";"UOP01-DEL06-PE"
559076;2023-11-04;"sábado";"13:52:00";"RN";405;165;"RAFAEL FERNANDES";"Problema na suspensão";"Capotamento";"Com Vítimas Fatais";"Pleno dia";"Crescente";"Sol";"Simples";"Reta";"Não";1;1;0;0;0;0;0;1;-6,22874202;-38,24350596;"SPRF-RN";"DEL04-RN";"UOP02-DEL04-RN"
559077;2023-11-04;"sábado";"13:40:00";"ES";101;145,1;"LINHARES";"Reação tardia ou ineficiente do condutor";"Saída de leito carroçável";"Com Vítimas Feridas";"Pleno dia";"Crescente";"Céu Claro";"Dupla";"Reta";"Sim";1;0;0;1;0;0;1;1;-19,36089598;-40,06464018;"SPRF-ES";"DEL04-ES";"UOP01-DEL04-ES"
559078;2023-11-04;"sábado";"13:13:00";"SP";116;92,6;"PINDAMONHANGABA";"Ingestão de álcool pelo condutor";"Atropelamento de Pedestre";"Com Vítimas Feridas";"Pleno dia";"Decrescente";"Céu Claro";"Dupla";"Reta";"Não";4;0;0;1;1;2;1;2;-22,94792286;-45,39587407;"SPRF-SP";"DEL08-SP";"UOP01-DEL08-SP"
559080;2023-11-04;"sábado";"14:15:00";"TO";10;456;"PALMAS";"Demais falhas mecânicas ou elétricas";"Colisão com objeto";"Com Vítimas Feridas";"Pleno dia";"Decrescente";"Céu Claro";"Dupla";"Reta";"Não";3;0;1;2;0;0;3;1;-10,20863984;-48,15545194;"SPRF-TO";"DEL01-TO";"UOP03-DEL01-TO"
559084;2023-11-04;"sábado";"14:30:00";"CE";116;3;"FORTALEZA";"Manobra de mudança de faixa";"Colisão lateral mesmo sentido";"Com Vítimas Feridas";"Pleno dia";"Crescente";"Céu Claro";"Dupla";"Reta";"Sim";2;0;1;0;1;0;1;2;-3,77866493;-38,51490171;"SPRF-CE";"DEL01-CE";"UOP02-DEL01-CE"
559085;2023-11-04;"sábado";"14:30:00";"MG";40;491;"ESMERALDAS";"Velocidade Incompatível";"Capotamento";"Com Vítimas Feridas";"Pleno dia";"Decrescente";"Céu Claro";"Dupla";"Declive";"Não";1;0;0;1;0;0;1;1;-19,62850298;-44,20532179;"SPRF-MG";"DEL02-MG";"UOP01-DEL02-MG"
559087;2023-11-04;"sábado";"14:10:00";"AP";210;64;"PORTO GRANDE";"Ausência de reação do condutor";"Saída de leito carroçável";"Com Vítimas Feridas";"Pleno dia";"Decrescente";"Céu Claro";"Simples";"Reta";"Não";1;0;0;1;0;0;1;1;0,50794386;-51,12602228;"SPRF-AP";"DEL01-AP";"UOP01-DEL01-AP"
559088;2023-11-04;"sábado";"14:20:00";"SP";116;109;"TAUBATE";"Reação tardia ou ineficiente do condutor";"Engavetamento";"Com Vítimas Feridas";"Pleno dia";"Crescente";"Céu Claro";"Dupla";"Reta";"Sim";10;0;1;0;9;0;1;3;-23,02871304;-45,54517097;"SPRF-SP";"DEL02-SP";"UOP02-DEL02-SP"
559089;2023-11-04;"sábado";"13:00:00";"SC";282;76,2;"RANCHO QUEIMADO";"Acumulo de água sobre o pavimento";"Saída de leito carroçável";"Com Vítimas Feridas";"Pleno dia";"Decrescente";"Céu Claro";"Simples";"Curva";"Não";1;0;0;1;0;0;1;1;-27,688168;-49,120075;"SPRF-SC";"DEL01-SC";"UOP03-DEL01-SC"
559091;2023-11-04;"sábado";"15:35:00";"PE";101;69;"RECIFE";"Manobra de mudança de faixa";"Colisão lateral mesmo sentido";"Sem Vítimas";"Pleno dia";"Crescente";"Céu Claro";"Múltipla";"Reta";"Sim";2;0;0;0;2;0;0;2;-8,061732;-34,945399;"SPRF-PE";"DEL01-PE";"UOP01-DEL01-PE"
559092;2023-11-04;"sábado";"14:00:00";"MS";376;169;"NOVA ANDRADINA";"Ingestão de álcool pelo condutor";"Colisão transversal";"Sem Vítimas";"Pleno dia";"Crescente";"Sol";"Dupla";"Interseção de Vias";"Não";2;0;0;0;2;0;0;2;-22,31130481;-53,40508306;"SPRF-MS";"DEL04-MS";"UOP04-DEL04-MS"
559093;2023-11-04;"sábado";"16:00:00";"SC";101;234;"PALHOCA";"Mal súbito do condutor";"Queda de ocupante de veículo";"Com Vítimas Feridas";"Pleno dia";"Crescente";"Céu Claro";"Dupla";"Reta";"Não";1;0;1;0;0;0;1;1;-27,81043812;-48,63537111;"SPRF-SC";"DEL01-SC";"UOP02-DEL01-SC"
559094;2023-11-04;"sábado";"15:40:00";"SC";101;86;"BARRA VELHA";"Reação tardia ou ineficiente do condutor";"Colisão transversal";"Com Vítimas Feridas";"Pleno dia";"Decrescente";"Sol";"Dupla";"Curva";"Sim";3;0;1;0;1;1;1;2;-26,64436807;-48,68801057;"SPRF-SC";"DEL03-SC";"UOP02-DEL03-SC"
559097;2023-11-04;"sábado";"14:20:00";"RS";285;201,2;"LAGOA VERMELHA";"Acessar a via sem observar a presença dos outros veículos";"Colisão transversal";"Com Vítimas Feridas";"Pleno dia";"Decrescente";"Céu Claro";"Simples";"Reta";"Sim";4;0;0;1;1;2;1;3;-28,206482;-51,538555;"SPRF-RS";"DEL08-RS";"UOP05-DEL08-RS"
559098;2023-11-04;"sábado";"16:29:00";"PE";101;76;"RECIFE";"Manobra de mudança de faixa";"Saída de leito carroçável";"Com Vítimas Feridas";"Pleno dia";"Decrescente";"Céu Claro";"Dupla";"Curva";"Sim";2;0;1;0;0;1;1;2;-8,11813811;-34,94329214;"SPRF-PE";"DEL01-PE";"UOP01-DEL01-PE"
559099;2023-11-04;"sábado";"16:40:00";"PE";101;65,9;"RECIFE";"Avarias e/ou desgaste excessivo no pneu";"Queda de ocupante de veículo";"Com Vítimas Feridas";"Pleno dia";"Crescente";"Céu Claro";"Dupla";"Reta;Declive;Viaduto";"Sim";2;0;1;1;0;0;2;1;-8,02478597;-34,94276635;"SPRF-PE";"DEL01-PE";"UOP01-DEL01-PE"
559100;2023-11-04;"sábado";"16:00:00";"MG";262;814;"UBERABA";"Reação tardia ou ineficiente do condutor";"Saída de leito carroçável";"Com Vítimas Feridas";"Pleno dia";"Crescente";"Céu Claro";"Múltipla";"Reta";"Não";2;0;0;1;1;0;1;1;-19,76506609;-48,12286402;"SPRF-MG";"DEL13-MG";"UOP01-DEL13-MG"
559102;2023-11-04;"sábado";"15:35:00";"SC";470;44,5;"GASPAR";"Reação tardia ou ineficiente do condutor";"Colisão traseira";"Com Vítimas Feridas";"Pleno dia";"Crescente";"Céu Claro";"Dupla";"Reta";"Sim";3;0;2;0;1;0;2;2;-26,870665;-49,021896;"SPRF-SC";"DEL04-SC";"UOP01-DEL04-SC"
559104;2023-11-04;"sábado";"16:40:00";"SC";101;216,2;"PALHOCA";"Manobra de mudança de faixa";"Colisão lateral mesmo sentido";"Com Vítimas Feridas";"Pleno dia";"Crescente";"Céu Claro";"Dupla";"Reta";"Sim";4;0;1;0;3;0;1;3;-27,65981409;-48,67747798;"SPRF-SC";"DEL01-SC";"UOP02-DEL01-SC"
559105;2023-11-04;"sábado";"11:30:00";"MG";116;277;"TEOFILO OTONI";"Retorno proibido";"Colisão transversal";"Com Vítimas Feridas";"Pleno dia";"Decrescente";"Céu Claro";"Simples";"Reta";"Sim";2;0;1;0;1;0;1;2;-17,859945;-41,515144;"SPRF-MG";"DEL11-MG";"UOP01-DEL11-MG"
559107;2023-11-04;"sábado";"16:40:00";"SP";116;104;"TAUBATE";"Ingestão de álcool e/ou substâncias psicoativas pelo pedestre";"Engavetamento";"Sem Vítimas";"Pleno dia";"Crescente";"Céu Claro";"Dupla";"Reta";"Sim";3;0;0;0;3;0;0;3;-23,00340176;-45,50626912;"SPRF-SP";"DEL02-SP";"UOP02-DEL02-SP"
559108;2023-11-04;"sábado";"17:00:00";"ES";259;0,6;"JOAO NEIVA";"Acessar a via sem observar a presença dos outros veículos";"Colisão lateral mesmo sentido";"Com Vítimas Feridas";"Pleno dia";"Decrescente";"Céu Claro";"Simples";"Reta";"Não";2;0;0;1;0;1;1;2;-19,74414601;-40,37736297;"SPRF-ES";"DEL02-ES";"UOP01-DEL02-ES"
559110;2023-11-04;"sábado";"17:00:00";"SC";101;155;"PORTO BELO";"Ingestão de álcool pelo condutor";"Saída de leito carroçável";"Com Vítimas Feridas";"Pleno dia";"Crescente";"Céu Claro";"Múltipla";"Curva";"Não";1;0;1;0;0;0;1;1;-27,16292;-48,61129;"SPRF-SC";"DEL04-SC";"UOP03-DEL04-SC"
559111;2023-11-04;"sábado";"15:30:00";"SC";101;196,6;"BIGUACU";"Ingestão de álcool pelo condutor";"Queda de ocupante de veículo";"Com Vítimas Feridas";"Pleno dia";"Crescente";"Céu Claro";"Dupla";"Reta";"Sim";1;0;1;0;0;0;1;1;-27,51101091;-48,64322292;"SPRF-SC";"DEL01-SC";"UOP01-DEL01-SC"
559112;2023-11-04;"sábado";"17:00:00";"PE";424;101,3;"BREJAO";"Acessar a via sem observar a presença dos outros veículos";"Colisão frontal";"Com Vítimas Feridas";"Pleno dia";"Crescente";"Céu Claro";"Simples";"Reta";"Não";4;0;0;4;0;0;4;2;-8,96537965;-36,51714353;"SPRF-PE";"DEL03-PE";"UOP01-DEL03-PE"
559114;2023-11-04;"sábado";"17:00:00";"SC";470;65,8;"INDAIAL";"Ausência de reação do condutor";"Colisão lateral sentido oposto";"Com Vítimas Feridas";"Pleno dia";"Crescente";"Céu Claro";"Simples";"Reta";"Sim";2;0;2;0;0;0;2;2;-26,870472;-49,22122836;"SPRF-SC";"DEL04-SC";"UOP01-DEL04-SC"
559115;2023-11-04;"sábado";"16:21:00";"BA";116;355,5;"SERRINHA";"Reação tardia ou ineficiente do condutor";"Colisão traseira";"Com Vítimas Feridas";"Pleno dia";"Crescente";"Céu Claro";"Simples";"Reta";"Não";2;0;1;0;0;1;1;2;-11,64321505;-38,98662592;"SPRF-BA";"DEL02-BA";"UOP01-DEL02-BA"
559116;2023-11-04;"sábado";"18:05:00";"PE";101;70;"RECIFE";"Acessar a via sem observar a presença dos outros veículos";"Colisão transversal";"Com Vítimas Feridas";"Plena Noite";"Crescente";"Céu Claro";"Múltipla";"Reta";"Sim";2;0;2;0;0;0;2;2;-8,07088043;-34,94257081;"SPRF-PE";"DEL01-PE";"UOP01-DEL01-PE"
559117;2023-11-04;"sábado";"17:40:00";"MG";116;633;"DIVINO";"Chuva";"Tombamento";"Com Vítimas Feridas";"Plena Noite";"Decrescente";"Chuva";"Simples";"Reta";"Não";2;0;1;1;0;0;2;1;-20,63872821;-42,23633766;"SPRF-MG";"DEL07-MG";"UOP02-DEL07-MG"
559118;2023-11-04;"sábado";"18:00:00";"RN";101;85,8;"NATAL";"Ausência de reação do condutor";"Engavetamento";"Com Vítimas Feridas";"Anoitecer";"Decrescente";"Céu Claro";"Simples";"Reta;Ponte;Em Obras";"Sim";5;0;1;0;4;0;1;4;-5,777664;-35,24937;"SPRF-RN";"DEL02-RN";"UOP01-DEL02-RN"
559119;2023-11-04;"sábado";"17:15:00";"RJ";101;437;"MANGARATIBA";"Ingestão de álcool pelo condutor";"Colisão lateral sentido oposto";"Sem Vítimas";"Anoitecer";"Crescente";"Nublado";"Simples";"Curva";"Não";2;0;0;0;2;0;0;2;-22,94811517;-44,06549304;"SPRF-RJ";"DEL03-RJ";"UOP02-DEL03-RJ"
559120;2023-11-04;"sábado";"18:00:00";"MG";381;731,9;"CARMO DA CACHOEIRA";"Condutor deixou de manter distância do veículo da frente";"Capotamento";"Com Vítimas Feridas";"Pleno dia";"Decrescente";"Céu Claro";"Dupla";"Reta";"Não";5;0;1;0;4;0;1;1;-21,54619408;-45,24065887;"SPRF-MG";"DEL16-MG";"UOP02-DEL16-MG"
559121;2023-11-04;"sábado";"18:45:00";"CE";20;404,8;"CAUCAIA";"Manobra de mudança de faixa";"Colisão traseira";"Com Vítimas Feridas";"Anoitecer";"Decrescente";"Céu Claro";"Simples";"Reta";"Sim";3;0;0;1;2;0;1;2;-3,7740804;-38,6780848;"SPRF-CE";"DEL01-CE";"UOP01-DEL01-CE"
559123;2023-11-04;"sábado";"19:05:00";"MG";381;367;"SAO GONCALO DO RIO ABAIXO";"Ausência de reação do condutor";"Colisão frontal";"Com Vítimas Feridas";"Plena Noite";"Crescente";"Céu Claro";"Simples";"Curva";"Não";9;0;8;1;0;0;9;2;-19,84959351;-43,27455396;"SPRF-MG";"DEL03-MG";"UOP01-DEL03-MG"
559124;2023-11-04;"sábado";"16:00:00";"RJ";101;423;"MANGARATIBA";"Reação tardia ou ineficiente do condutor";"Queda de ocupante de veículo";"Com Vítimas Feridas";"Pleno dia";"Decrescente";"Nublado";"Simples";"Reta";"Não";1;0;1;0;0;0;1;1;-22,91801286;-43,94820686;"SPRF-RJ";"DEL03-RJ";"UOP02-DEL03-RJ"
559126;2023-11-04;"sábado";"19:00:00";"SC";101;124,7;"ITAJAI";"Ausência de reação do condutor";"Colisão traseira";"Com Vítimas Feridas";"Plena Noite";"Crescente";"Céu Claro";"Múltipla";"Reta";"Sim";5;0;2;0;1;2;2;3;-26,94802427;-48,68338515;"SPRF-SC";"DEL04-SC";"UOP04-DEL04-SC"
559127;2023-11-04;"sábado";"19:10:00";"SP";153;52;"SAO JOSE DO RIO PRETO";"Entrada inopinada do pedestre";"Atropelamento de Pedestre";"Com Vítimas Feridas";"Plena Noite";"Crescente";"Céu Claro";"Dupla";"Reta";"Sim";2;0;2;0;0;0;2;2;-20,72702499;-49,33838971;"SPRF-SP";"DEL09-SP";"UOP01-DEL09-SP"
559128;2023-11-04;"sábado";"19:00:00";"MG";381;847,9;"POUSO ALEGRE";"Ingestão de álcool pelo condutor";"Capotamento";"Com Vítimas Feridas";"Plena Noite";"Crescente";"Nublado";"Dupla";"Reta";"Não";3;0;2;1;0;0;3;1;-22,22523011;-45,87547302;"SPRF-MG";"DEL16-MG";"UOP01-DEL16-MG"
559131;2023-11-04;"sábado";"19:30:00";"MG";40;564;"NOVA LIMA";"Pedestre andava na pista";"Atropelamento de Pedestre";"Com Vítimas Feridas";"Plena Noite";"Decrescente";"Céu Claro";"Simples";"Reta";"Não";3;0;1;0;2;0;1;2;-20,16086012;-43,96464349;"SPRF-MG";"DEL01-MG";"UOP02-DEL01-MG"
559133;2023-11-04;"sábado";"15:30:00";"RJ";101;504;"ANGRA DOS REIS";"Reação tardia ou ineficiente do condutor";"Tombamento";"Com Vítimas Feridas";"Pleno dia";"Crescente";"Nublado";"Simples";"Reta";"Sim";2;0;1;0;0;1;1;1;-22,93155828;-44,38812093;"SPRF-RJ";"DEL03-RJ";"UOP03-DEL03-RJ"
559134;2023-11-04;"sábado";"19:00:00";"MG";381;487;"BETIM";"Demais falhas mecânicas ou elétricas";"Tombamento";"Com Vítimas Feridas";"Pleno dia";"Crescente";"Céu Claro";"Múltipla";"Reta";"Sim";2;0;2;0;0;0;2;1;-19,95586853;-44,14609501;"SPRF-MG";"DEL01-MG";"UOP03-DEL01-MG"
559136;2023-11-04;"sábado";"18:40:00";"BA";101;285;"LAJE";"Ultrapassagem Indevida";"Colisão lateral sentido oposto";"Sem Vítimas";"Plena Noite";"Decrescente";"Céu Claro";"Simples";"Reta";"Não";2;0;0;0;2;0;0;2;-13,15245374;-39,29946899;"SPRF-BA";"DEL01-BA";"UOP02-DEL01-BA"
559137;2023-11-04;"sábado";"18:00:00";"PB";230;497;"CAJAZEIRAS";"Ausência de reação do condutor";"Colisão traseira";"Com Vítimas Feridas";"Plena Noite";"Decrescente";"Céu Claro";"Simples";"Reta";"Não";3;0;0;1;1;1;1;3;-6,896468;-38,492417;"SPRF-PB";"DEL03-PB";"UOP03-DEL03-PB"
559140;2023-11-04;"sábado";"19:55:00";"ES";101;261,9;"SERRA";"Conversão proibida";"Colisão transversal";"Com Vítimas Feridas";"Plena Noite";"Crescente";"Céu Claro";"Dupla";"Reta";"Sim";2;0;1;0;0;1;1;2;-20,14854215;-40,27970926;"SPRF-ES";"DEL02-ES";"UOP01-DEL02-ES"
559141;2023-11-04;"sábado";"18:00:00";"AL";316;36;"CANAPI";"Transitar na contramão";"Colisão frontal";"Com Vítimas Feridas";"Anoitecer";"Crescente";"Céu Claro";"Simples";"Reta";"Sim";2;0;1;0;1;0;1;2;-9,11841819;-37,60014606;"SPRF-AL";"DEL03-AL";"UOP02-DEL03-AL"
559143;2023-11-04;"sábado";"19:00:00";"MA";10;250;"IMPERATRIZ";"Desrespeitar a preferência no cruzamento";"Colisão transversal";"Com Vítimas Feridas";"Plena Noite";"Crescente";"Nublado";"Simples";"Retorno Regulamentado";"Sim";3;0;0;2;1;0;2;2;-5,550874;-47,459305;"SPRF-MA";"DEL04-MA";"UOP01-DEL04-MA"
559144;2023-11-04;"sábado";"20:16:00";"PE";101;0;"GOIANA";"Ausência de reação do condutor";"Tombamento";"Com Vítimas Feridas";"Plena Noite";"Decrescente";"Céu Claro";"Dupla";"Reta";"Não";1;0;0;1;0;0;1;1;-7,5001955;-34,985073;"SPRF-PE";"DEL01-PE";"UOP02-DEL01-PE"
559148;2023-11-04;"sábado";"19:20:00";"MG";40;814,5;"MATIAS BARBOSA";"Demais falhas mecânicas ou elétricas";"Incêndio";"Sem Vítimas";"Plena Noite";"Decrescente";"Nublado";"Dupla";"Reta";"Não";1;0;0;0;1;0;0;1;-21,89128783;-43,31399072;"SPRF-MG";"DEL05-MG";"UOP01-DEL05-MG"
559149;2023-11-04;"sábado";"20:30:00";"MG";40;763,7;"JUIZ DE FORA";"Reação tardia ou ineficiente do condutor";"Colisão com objeto";"Com Vítimas Feridas";"Plena Noite";"Crescente";"Nublado";"Simples";"Reta";"Não";1;0;1;0;0;0;1;1;-21,57913106;-43,46986413;"SPRF-MG";"DEL05-MG";"UOP01-DEL05-MG"