"id";"data_inversa";"dia_semana";"horario";"uf";"br";"km";"municipio";"causa_acidente";"tipo_acidente";"classificacao_acidente";"fase_dia";"sentido_via";"condicao_metereologica";"tipo_pista";"tracado_via";"uso_solo";"pessoas";"mortos";"feridos_leves";"feridos_graves";"ilesos";"ignorados";"feridos";"veiculos";"latitude";"longitude";"regional";"delegacia";"uop"
559150;2023-11-04;"sábado";"20:45:00";"RJ";101;533;"ANGRA DOS REIS";"Acessar a via sem observar a presença dos outros veículos";"Colisão transversal";"Com Vítimas Feridas";"Plena Noite";"Crescente";"Chuva";"Simples";"Reta";"Não";3;0;1;0;2;0;1;2;-23,02405776;-44,53703641;"SPRF-RJ";"DEL03-RJ";"UOP03-DEL03-RJ"
559151;2023-11-04;"sábado";"20:00:00";"SC";470;151;"AGRONOMICA";"Demais falhas na via";"Tombamento";"Com Vítimas Feridas";"Plena Noite";"Decrescente";"Nublado";"Simples";"Reta";"Não";1;0;1;0;0;0;1;1;-27,260792;-49,719761;"SPRF-SC";"DEL04-SC";"UOP02-DEL04-SC"
559153;2023-11-04;"sábado";"20:00:00";"MT";163;826;"SINOP";"Reação tardia ou ineficiente do condutor";"Queda de ocupante de veículo";"Com Vítimas Feridas";"Plena Noite";"Crescente";"Nublado";"Dupla";"Reta";"Sim";1;0;1;0;0;0;1;1;-11,940427;-55,515827;"SPRF-MT";"DEL06-MT";"UOP02-DEL06-MT"
559155;2023-11-04;"sábado";"20:00:00";"MA";316;425,3;"PERITORO";"Acessar a via sem observar a presença dos outros veículos";"Colisão transversal";"Com Vítimas Feridas";"Plena Noite";"Decrescente";"Céu Claro";"Simples";"Reta";"Sim";2;0;1;0;1;0;1;2;-4,374085;-44,332352;"SPRF-MA";"DEL03-MA";"UOP01-DEL03-MA"
559157;2023-11-04;"sábado";"20:15:00";"SP";153;53;"SAO JOSE DO RIO PRETO";"Ingestão de álcool pelo condutor";"Saída de leito carroçável";"Sem Vítimas";"Plena Noite";"Crescente";"Ignorado";"Simples";"Reta";"Não";1;0;0;0;1;0;0;1;-20,73603199;-49,33803779;"SPRF-SP";"DEL09-SP";"UOP01-DEL09-SP"
559158;2023-11-04;"sábado";"21:00:00";"SP";116;297;"ITAPECERICA DA SERRA";"Ausência de reação do condutor";"Saída de leito carroçável";"Com Vítimas Feridas";"Plena Noite";"Decrescente";"Céu Claro";"Dupla";"Curva";"Sim";2;0;1;0;0;1;1;2;-23,78323219;-46,91437053;"SPRF-SP";"DEL04-SP";"UOP01-DEL04-SP"
559160;2023-11-04;"sábado";"20:15:00";"RS";470;175;"VERANOPOLIS";"Ausência de reação do condutor";"Colisão traseira";"Com Vítimas Feridas";"Plena Noite";"Crescente";"Céu Claro";"Simples";"Reta";"Não";5;0;1;0;4;0;1;2;-28,91926201;-51,53914905;"SPRF-RS";"DEL06-RS";"UOP02-DEL06-RS"
559161;2023-11-04;"sábado";"21:20:00";"RS";285;372,8;"SALDANHA MARINHO";"Ultrapassagem Indevida";"Colisão frontal";"Com Vítimas Feridas";"Plena Noite";"Crescente";"Céu Claro";"Simples";"Reta";"Não";4;0;0;1;3;0;1;2;-28,405064;-53,083088;"SPRF-RS";"DEL10-RS";"UOP02-DEL10-RS"
559162;2023-11-04;"sábado";"21:25:00";"SP";153;285;"OCAUCU";"Ingestão de álcool pelo condutor";"Colisão com objeto";"Sem Vítimas";"Plena Noite";"Decrescente";"Céu Claro";"Simples";"Aclive";"Não";1;0;0;0;1;0;0;1;-22,45381704;-49,86982698;"SPRF-SP";"DEL07-SP";"UOP02-DEL07-SP"
559163;2023-11-04;"sábado";"21:30:00";"RS";470;351;"SAO JERONIMO";"Ausência de reação do condutor";"Saída de leito carroçável";"Com Vítimas Fatais";"Plena Noite";"Crescente";"Céu Claro";"Simples";"Reta";"Não";1;1;0;0;0;0;0;1;-30,04377417;-51,7663658;"SPRF-RS";"DEL02-RS";"UOP01-DEL02-RS"
559164;2023-11-04;"sábado";"21:50:00";"PR";116;94;"SAO JOSE DOS PINHAIS";"Reação tardia ou ineficiente do condutor";"Colisão traseira";"Com Vítimas Feridas";"Plena Noite";"Decrescente";"Céu Claro";"Dupla";"Reta";"Sim";2;0;2;0;0;0;2;2;-25,527022;-49,140525;"SPRF-PR";"DEL01-PR";"UOP07-DEL01-PR"
559165;2023-11-04;"sábado";"22:30:00";"MG";50;59,8;"UBERLANDIA";"Ingestão de álcool pelo condutor";"Saída de leito carroçável";"Com Vítimas Feridas";"Plena Noite";"Crescente";"Nublado";"Dupla";"Aclive;Reta";"Não";1;0;1;0;0;0;1;1;-18,80909682;-48,24439716;"SPRF-MG";"DEL15-MG";"UOP02-DEL15-MG"
559166;2023-11-04;"sábado";"21:50:00";"BA";324;534;"CONCEICAO DO JACUIPE";"Ausência de reação do condutor";"Colisão traseira";"Sem Vítimas";"Plena Noite";"Decrescente";"Céu Claro";"Dupla";"Reta";"Não";2;0;0;0;2;0;0;2;-12,35104617;-38,83402119;"SPRF-BA";"DEL01-BA";"UOP03-DEL01-BA"
559167;2023-11-04;"sábado";"20:30:00";"MS";163;573;"BANDEIRANTES";"Condutor Dormindo";"Tombamento";"Com Vítimas Feridas";"Plena Noite";"Decrescente";"Céu Claro";"Simples";"Reta";"Não";2;0;2;0;0;0;2;1;-19,704824;-54,35090609;"SPRF-MS";"DEL01-MS";"UOP02-DEL01-MS"
559168;2023-11-04;"sábado";"22:00:00";"MS";262;422;"TERENOS";"Reação tardia ou ineficiente do condutor";"Colisão com objeto";"Com Vítimas Feridas";"Plena Noite";"Crescente";"Céu Claro";"Simples";"Curva;Aclive";"Não";2;0;1;0;1;0;1;1;-20,47072301;-55,21623105;"SPRF-MS";"DEL01-MS";"UOP03-DEL01-MS"
559169;2023-11-04;"sábado";"19:30:00";"BA";330;865,9;"UBATA";"Transitar no Acostamento";"Colisão com objeto";"Com Vítimas Fatais";"Plena Noite";"Crescente";"Céu Claro";"Simples";"Reta";"Sim";1;1;0;0;0;0;0;1;-14,19770602;-39,53974601;"SPRF-BA";"DEL05-BA";"UOP01-DEL05-BA"
559170;2023-11-04;"sábado";"20:30:00";"RO";421;18,7;"MONTE NEGRO";"Reação tardia ou ineficiente do condutor";"Eventos atípicos";"Com Vítimas Feridas";"Plena Noite";"Crescente";"Céu Claro";"Simples";"Reta";"Não";1;0;1;0;0;0;1;1;-10,02448;-63,173107;"SPRF-RO";"DEL03-RO";"UOP01-DEL03-RO"
559172;2023-11-04;"sábado";"22:30:00";"RS";116;268,5;"CANOAS";"Condutor deixou de manter distância do veículo da frente";"Colisão traseira";"Com Vítimas Feridas";"Plena Noite";"Crescente";"Céu Claro";"Dupla";"Reta";"Sim";2;0;1;0;0;1;1;2;-29,95042502;-51,17652939;"SPRF-RS";"DEL01-RS";"UOP01-DEL01-RS"
559173;2023-11-04;"sábado";"16:40:00";"PR";369;86,2;"CORNELIO PROCOPIO";"Ausência de reação do condutor";"Saída de leito carroçável";"Com Vítimas Feridas";"Pleno dia";"Decrescente";"Sol";"Simples";"Reta;Aclive";"Não";1;0;1;0;0;0;1;1;-23,17628293;-50,62350333;"SPRF-PR";"DEL07-PR";"UOP05-DEL07-PR"
559174;2023-11-04;"sábado";"22:20:00";"RS";116;304;"GUAIBA";"Ausência de reação do condutor";"Saída de leito carroçável";"Sem Vítimas";"Plena Noite";"Crescente";"Ignorado";"Simples";"Reta";"Não";1;0;0;0;0;1;0;1;-30,15531808;-51,3705139;"SPRF-RS";"DEL02-RS";"UOP01-DEL02-RS"
559175;2023-11-04;"sábado";"23:00:00";"SP";116;218;"GUARULHOS";"Ausência de reação do condutor";"Colisão traseira";"Com Vítimas Feridas";"Plena Noite";"Crescente";"Nublado";"Múltipla";"Reta";"Não";7;0;4;1;2;0;5;2;-23,457972;-46,479927;"SPRF-SP";"DEL01-SP";"UOP01-DEL01-SP"
559177;2023-11-04;"sábado";"16:00:00";"RJ";101;398;"ITAGUAI";"Ausência de reação do condutor";"Saída de leito carroçável";"Com Vítimas Feridas";"Pleno dia";"Crescente";"Nublado";"Dupla";"Retorno Regulamentado;Curva";"Sim";2;0;2;0;0;0;2;1;-22,86787912;-43,74862922;"SPRF-RJ";"DEL03-RJ";"UOP01-DEL03-RJ"
559178;2023-11-04;"sábado";"22:30:00";"RJ";40;23,4;"TRES RIOS";"Ausência de reação do condutor";"Colisão com objeto";"Com Vítimas Feridas";"Plena Noite";"Decrescente";"Céu Claro";"Dupla";"Reta;Ponte";"Não";2;0;1;0;1;0;1;1;-22,12925332;-43,1577369;"SPRF-RJ";"DEL05-RJ";"UOP02-DEL05-RJ"
559179;2023-11-01;"quarta-feira";"07:00:00";"RJ";40;120;"DUQUE DE CAXIAS";"Trafegar com motocicleta (ou similar) entre as faixas";"Colisão lateral mesmo sentido";"Com Vítimas Feridas";"Pleno dia";"Crescente";"Céu Claro";"Dupla";"Reta";"Sim";2;0;1;0;1;0;1;2;-22,77280597;-43,28626763;"SPRF-RJ";"DEL01-RJ";"UOP01-DEL01-RJ"
559180;2023-11-04;"sábado";"23:00:00";"RJ";465;5;"SEROPEDICA";"Ingestão de álcool pelo condutor";"Colisão traseira";"Sem Vítimas";"Plena Noite";"Crescente";"Nublado";"Simples";"Reta";"Sim";2;0;0;0;2;0;0;2;-22,747673;-43,699196;"SPRF-RJ";"DEL01-RJ";"UOP03-DEL01-RJ"
559182;2023-11-04;"sábado";"23:00:00";"SC";101;329,9;"TUBARAO";"Pista esburacada";"Tombamento";"Com Vítimas Feridas";"Plena Noite";"Crescente";"Céu Claro";"Múltipla";"Curva";"Não";1;0;1;0;0;0;1;1;-28,43352489;-48,95713806;"SPRF-SC";"DEL02-SC";"UOP01-DEL02-SC"
559183;2023-11-04;"sábado";"21:30:00";"PI";343;347,4;"TERESINA";"Pedestre cruzava a pista fora da faixa";"Atropelamento de Pedestre";"Com Vítimas Feridas";"Plena Noite";"Decrescente";"Céu Claro";"Dupla";"Reta";"Sim";2;0;0;1;1;0;1;2;-5,114822;-42,778355;"SPRF-PI";"DEL01-PI";"UOP01-DEL01-PI"
559184;2023-11-04;"sábado";"23:41:00";"RN";405;1,9;"MOSSORO";"Condutor desrespeitou a iluminação vermelha do semáforo";"Colisão frontal";"Sem Vítimas";"Plena Noite";"Decrescente";"Céu Claro";"Dupla";"Reta;Interseção de Vias";"Não";2;0;0;0;1;1;0;2;-5,19170196;-37,361471;"SPRF-RN";"DEL04-RN";"UOP02-DEL04-RN"
559186;2023-11-04;"sábado";"22:30:00";"RO";0;0;"JARU";"Reação tardia ou ineficiente do condutor";"Tombamento";"Com Vítimas Feridas";"Plena Noite";"Não Informado";"Céu Claro";"Dupla";"Reta;Interseção de Vias";"Sim";3;0;0;1;2;0;1;3;-10,432654;-62,479801;"SPRF-RO";"DEL03-RO";"UOP02-DEL03-RO"
559187;2023-11-05;"domingo";"00:35:00";"SC";101;113,5;"ITAJAI";"Acumulo de areia ou detritos sobre o pavimento";"Tombamento";"Com Vítimas Feridas";"Plena Noite";"Crescente";"Céu Claro";"Simples";"Reta";"Não";1;0;1;0;0;0;1;1;-26,85311393;-48,72689927;"SPRF-SC";"DEL04-SC";"UOP04-DEL04-SC"
559188;2023-11-05;"domingo";"00:30:00";"CE";116;56;"PACAJUS";"Afundamento ou ondulação no pavimento";"Queda de ocupante de veículo";"Com Vítimas Feridas";"Plena Noite";"Decrescente";"Céu Claro";"Simples";"Reta;Aclive";"Não";1;0;0;1;0;0;1;1;-4,21228207;-38,47322379;"SPRF-CE";"DEL03-CE";"UOP02-DEL03-CE"
559189;2023-11-05;"domingo";"01:00:00";"SC";101;331,4;"TUBARAO";"Pista esburacada";"Tombamento";"Com Vítimas Feridas";"Plena Noite";"Crescente";"Céu Claro";"Dupla";"Curva";"Sim";2;0;1;1;0;0;2;1;-28,45567521;-48,9812689;"SPRF-SC";"DEL02-SC";"UOP01-DEL02-SC"
559190;2023-11-04;"sábado";"20:15:00";"PI";402;93;"LUIS CORREIA";"Reação tardia ou ineficiente do condutor";"Tombamento";"Com Vítimas Feridas";"Plena Noite";"Decrescente";"Céu Claro";"Simples";"Reta";"Não";1;0;0;1;0;0;1;1;-3,05840328;-41,30940901;"SPRF-PI";"DEL05-PI";"UOP01-DEL05-PI"
559191;2023-11-05;"domingo";"01:20:00";"SP";116;215;"GUARULHOS";"Ingestão de álcool pelo condutor";"Colisão traseira";"Com Vítimas Fatais";"Plena Noite";"Crescente";"Céu Claro";"Múltipla";"Reta";"Sim";7;1;1;2;2;1;3;5;-23,44808665;-46,45735223;"SPRF-SP";"DEL01-SP";"UOP01-DEL01-SP"
559192;2023-11-05;"domingo";"01:39:00";"SP";116;216;"GUARULHOS";"Reação tardia ou ineficiente do condutor";"Tombamento";"Com Vítimas Feridas";"Plena Noite";"Decrescente";"Nublado";"Múltipla";"Reta;Interseção de Vias";"Sim";2;0;1;0;0;1;1;2;-23,451903;-46,465625;"SPRF-SP";"DEL01-SP";"UOP01-DEL01-SP"
559193;2023-11-05;"domingo";"00:00:00";"RO";319;64;"PORTO VELHO";"Manobra de mudança de faixa";"Colisão lateral mesmo sentido";"Com Vítimas Feridas";"Plena Noite";"Decrescente";"Nublado";"Múltipla";"Reta;Interseção de Vias";"Sim";2;0;1;0;1;0;1;2;-8,76743426;-63,88396382;"SPRF-RO";"DEL01-RO";"UOP01-DEL01-RO"
559195;2023-11-05;"domingo";"00:15:00";"RJ";116;116;"MAGE";"Velocidade Incompatível";"Colisão lateral mesmo sentido";"Com Vítimas Feridas";"Plena Noite";"Decrescente";"Nublado";"Simples";"Reta";"Não";4;0;1;1;2;0;2;2;-22,5943135;-43,02305931;"SPRF-RJ";"DEL04-RJ";"UOP02-DEL04-RJ"
559196;2023-11-05;"domingo";"02:30:00";"MT";364;278;"JACIARA";"Reação tardia ou ineficiente do condutor";"Colisão traseira";"Com Vítimas Feridas";"Plena Noite";"Decrescente";"Céu Claro";"Dupla";"Reta";"Sim";2;0;1;0;1;0;1;2;-15,94550399;-55,00613199;"SPRF-MT";"DEL05-MT";"UOP02-DEL05-MT"
559197;2023-11-05;"domingo";"01:00:00";"GO";50;102;"CRISTALINA";"Ausência de reação do condutor";"Tombamento";"Com Vítimas Feridas";"Plena Noite";"Decrescente";"Céu Claro";"Dupla";"Reta;Em Obras;Desvio Temporário";"Não";2;0;1;1;0;0;2;1;-16,79840746;-47,64942907;"SPRF-DF";"DEL01-DF";"UOP02-DEL01-DF"
559198;2023-11-04;"sábado";"23:30:00";"GO";414;275;"VILA PROPICIO";"Velocidade Incompatível";"Colisão frontal";"Com Vítimas Feridas";"Plena Noite";"Decrescente";"Céu Claro";"Simples";"Reta";"Não";1;0;0;1;0;0;1;1;-15,029072;-48,707677;"SPRF-GO";"DEL07-GO";"UOP02-DEL07-GO"
559199;2023-11-05;"domingo";"03:20:00";"RN";304;31;"MOSSORO";"Ingestão de álcool pelo condutor";"Saída de leito carroçável";"Sem Vítimas";"Plena Noite";"Decrescente";"Céu Claro";"Simples";"Reta";"Sim";1;0;0;0;1;0;0;1;-5,132425;-37,344042;"SPRF-RN";"DEL04-RN";"UOP02-DEL04-RN"
559201;2023-11-05;"domingo";"04:20:00";"RS";116;258;"ESTEIO";"Reação tardia ou ineficiente do condutor";"Colisão com objeto";"Sem Vítimas";"Plena Noite";"Decrescente";"Céu Claro";"Múltipla";"Em Obras;Interseção de Vias;Rotatória";"Sim";4;0;0;0;4;0;0;1;-29,86150502;-51,18091535;"SPRF-RS";"DEL01-RS";"UOP02-DEL01-RS"
559202;2023-11-05;"domingo";"03:45:00";"PR";376;184;"SARANDI";"Condutor Dormindo";"Queda de ocupante de veículo";"Com Vítimas Feridas";"Plena Noite";"Crescente";"Céu Claro";"Dupla";"Reta";"Não";1;0;1;0;0;0;1;1;-23,4465611;-51,86216706;"SPRF-PR";"DEL09-PR";"UOP01-DEL09-PR"
559203;2023-11-05;"domingo";"00:30:00";"RO";429;226;"SERINGUEIRAS";"Ausência de reação do condutor";"Colisão traseira";"Com Vítimas Fatais";"Plena Noite";"Crescente";"Céu Claro";"Simples";"Reta";"Não";4;1;0;0;3;0;0;2;-11,91914986;-63,23162915;"SPRF-RO";"DEL02-RO";"UOP03-DEL02-RO"
559205;2023-11-05;"domingo";"05:25:00";"PR";376;630;"SAO JOSE DOS PINHAIS";"Reação tardia ou ineficiente do condutor";"Saída de leito carroçável";"Com Vítimas Feridas";"Amanhecer";"Crescente";"Céu Claro";"Simples";"Reta";"Não";1;0;1;0;0;0;1;1;-25,695757;-49,144882;"SPRF-PR";"DEL01-PR";"UOP04-DEL01-PR"
559206;2023-11-03;"sexta-feira";"00:00:00";"RJ";116;206;"SEROPEDICA";"Pedestre andava na pista";"Atropelamento de Pedestre";"Com Vítimas Feridas";"Plena Noite";"Decrescente";"Ignorado";"Dupla";"Reta";"Não";2;0;0;1;0;1;1;2;-22,72601603;-43,651569;"SPRF-RJ";"DEL01-RJ";"UOP03-DEL01-RJ"
559207;2023-11-05;"domingo";"01:50:00";"MG";381;487;"BETIM";"Ausência de reação do condutor";"Colisão com objeto";"Sem Vítimas";"Plena Noite";"Crescente";"Céu Claro";"Dupla";"Curva";"Não";1;0;0;0;0;1;0;1;-19,95586132;-44,14630115;"SPRF-MG";"DEL01-MG";"UOP03-DEL01-MG"
559208;2023-11-05;"domingo";"06:00:00";"RJ";40;109;"DUQUE DE CAXIAS";"Acessar a via sem observar a presença dos outros veículos";"Colisão transversal";"Com Vítimas Feridas";"Pleno dia";"Decrescente";"Céu Claro";"Dupla";"Interseção de Vias";"Sim";3;0;0;1;1;1;1;3;-22,67374628;-43,28638368;"SPRF-RJ";"DEL01-RJ";"UOP01-DEL01-RJ"
559209;2023-11-04;"sábado";"22:30:00";"MA";10;376,1;"ITINGA DO MARANHAO";"Ingestão de álcool pelo condutor";"Colisão frontal";"Com Vítimas Fatais";"Plena Noite";"Decrescente";"Céu Claro";"Simples";"Reta";"Sim";2;1;1;0;0;0;1;2;-4,464304;-47,521744;"SPRF-MA";"DEL04-MA";"UOP03-DEL04-MA"
559210;2023-11-05;"domingo";"06:20:00";"GO";60;102;"ANAPOLIS";"Ingestão de álcool pelo condutor";"Saída de leito carroçável";"Com Vítimas Feridas";"Amanhecer";"Crescente";"Céu Claro";"Dupla";"Retorno Regulamentado";"Sim";1;0;0;1;0;0;1;1;-16,406;-48,9831;"SPRF-GO";"DEL02-GO";"UOP01-DEL02-GO"
559211;2023-11-05;"domingo";"05:00:00";"GO";60;383;"RIO VERDE";"Reação tardia ou ineficiente do condutor";"Saída de leito carroçável";"Sem Vítimas";"Amanhecer";"Decrescente";"Céu Claro";"Múltipla";"Reta";"Sim";1;0;0;0;0;1;0;1;-17,7845;-50,9002;"SPRF-GO";"DEL04-GO";"UOP02-DEL04-GO"
559213;2023-11-05;"domingo";"06:00:00";"PR";116;118;"CURITIBA";"Reação tardia ou ineficiente do condutor";"Colisão com objeto";"Com Vítimas Feridas";"Pleno dia";"Crescente";"Sol";"Dupla";"Curva";"Sim";2;0;1;0;1;0;1;1;-25,55638024;-49,3062973;"SPRF-PR";"DEL01-PR";"UOP03-DEL01-PR"
559214;2023-10-07;"sábado";"13:30:00";"RJ";101;55;"CAMPOS DOS GOYTACAZES";"Acessar a via sem observar a presença dos outros veículos";"Colisão transversal";"Com Vítimas Feridas";"Pleno dia";"Crescente";"Céu Claro";"Simples";"Reta";"Sim";2;0;0;1;1;0;1;2;-21,67827099;-41,31079872;"SPRF-RJ";"DEL08-RJ";"UOP01-DEL08-RJ"
559217;2023-11-05;"domingo";"06:00:00";"BA";324;535;"AMELIA RODRIGUES";"Pista Escorregadia";"Queda de ocupante de veículo";"Com Vítimas Feridas";"Pleno dia";"Decrescente";"Céu Claro";"Dupla";"Reta";"Sim";1;0;1;0;0;0;1;1;-12,35775097;-38,82802597;"SPRF-BA";"DEL01-BA";"UOP03-DEL01-BA"
559218;2023-11-05;"domingo";"07:15:00";"SC";282;4,7;"FLORIANOPOLIS";"Acessar a via sem observar a presença dos outros veículos";"Colisão lateral mesmo sentido";"Com Vítimas Feridas";"Pleno dia";"Crescente";"Céu Claro";"Múltipla";"Reta";"Sim";3;0;2;0;0;1;2;2;-27,592646;-48,604034;"SPRF-SC";"DEL01-SC";"UOP01-DEL01-SC"
559220;2023-11-02;"quinta-feira";"05:15:00";"SC";470;57;"BLUMENAU";"Ingestão de álcool pelo condutor";"Colisão lateral sentido oposto";"Sem Vítimas";"Plena Noite";"Decrescente";"Chuva";"Simples";"Reta;Em Obras";"Sim";2;0;0;0;2;0;0;2;-26,880428;-49,136532;"SPRF-SC";"DEL04-SC";"UOP01-DEL04-SC"
559221;2023-10-16;"segunda-feira";"07:10:00";"RJ";101;320;"NITEROI";"Trafegar com motocicleta (ou similar) entre as faixas";"Colisão traseira";"Com Vítimas Feridas";"Pleno dia";"Crescente";"Céu Claro";"Dupla";"Curva";"Sim";2;0;1;0;1;0;1;2;-22,86171098;-43,10714015;"SPRF-RJ";"DEL02-RJ";"UOP01-DEL02-RJ"
559222;2023-11-05;"domingo";"08:30:00";"MG";50;68;"UBERLANDIA";"Desrespeitar a preferência no cruzamento";"Colisão transversal";"Com Vítimas Feridas";"Pleno dia";"Crescente";"Sol";"Dupla";"Reta;Interseção de Vias";"Sim";3;0;1;0;2;0;1;2;-18,87964572;-48,26263612;"SPRF-MG";"DEL15-MG";"UOP02-DEL15-MG"
559223;2023-11-02;"quinta-feira";"04:30:00";"SP";116;269;"TABOAO DA SERRA";"Reação tardia ou ineficiente do condutor";"Queda de ocupante de veículo";"Com Vítimas Feridas";"Amanhecer";"Crescente";"Chuva";"Dupla";"Reta";"Não";1;0;1;0;0;0;1;1;-23,61593059;-46,78826044;"SPRF-SP";"DEL04-SP";"UOP01-DEL04-SP"
559224;2023-11-05;"domingo";"07:45:00";"PE";101;42,2;"IGARASSU";"Pedestre andava na pista";"Atropelamento de Pedestre";"Sem Vítimas";"Pleno dia";"Crescente";"Céu Claro";"Múltipla";"Reta";"Sim";2;0;0;0;1;1;0;2;-7,83887431;-34,91196739;"SPRF-PE";"DEL01-PE";"UOP02-DEL01-PE"
559225;2023-11-05;"domingo";"05:00:00";"RJ";101;401;"ITAGUAI";"Ausência de reação do condutor";"Colisão com objeto";"Com Vítimas Feridas";"Amanhecer";"Crescente";"Céu Claro";"Dupla";"Reta";"Não";1;0;1;0;0;0;1;1;-22,85921896;-43,75891497;"SPRF-RJ";"DEL03-RJ";"UOP01-DEL03-RJ"
559226;2023-10-24;"terça-feira";"08:40:00";"SC";480;129,5;"CHAPECO";"Velocidade Incompatível";"Colisão com objeto";"Com Vítimas Feridas";"Pleno dia";"Crescente";"Nublado";"Dupla";"Curva;Viaduto";"Não";1;0;1;0;0;0;1;1;-27,04656607;-52,63577131;"SPRF-SC";"DEL07-SC";"UOP01-DEL07-SC"
559227;2023-11-05;"domingo";"07:45:00";"AL";101;132;"SAO MIGUEL DOS CAMPOS";"Velocidade Incompatível";"Colisão traseira";"Com Vítimas Feridas";"Pleno dia";"Crescente";"Céu Claro";"Simples";"Curva";"Não";3;0;1;0;2;0;1;2;-9,77047189;-36,08833407;"SPRF-AL";"DEL02-AL";"UOP01-DEL02-AL"
559228;2023-11-05;"domingo";"08:30:00";"SC";101;237,8;"PALHOCA";"Pista esburacada";"Capotamento";"Com Vítimas Feridas";"Pleno dia";"Crescente";"Sol";"Dupla";"Reta";"Não";1;0;1;0;0;0;1;1;-27,84260999;-48,63481164;"SPRF-SC";"DEL01-SC";"UOP02-DEL01-SC"
559229;2023-08-30;"quarta-feira";"03:30:00";"RJ";101;75,1;"CAMPOS DOS GOYTACAZES";"Velocidade Incompatível";"Colisão com objeto";"Com Vítimas Feridas";"Plena Noite";"Decrescente";"Chuva";"Simples";"Curva";"Não";4;0;2;2;0;0;4;1;-21,816525;-41,397686;"SPRF-RJ";"DEL08-RJ";"UOP02-DEL08-RJ"
559230;2023-11-05;"domingo";"08:50:00";"PR";116;82;"PIRAQUARA";"Reação tardia ou ineficiente do condutor";"Saída de leito carroçável";"Com Vítimas Feridas";"Pleno dia";"Decrescente";"Céu Claro";"Múltipla";"Reta";"Não";2;0;0;1;0;1;1;2;-25,41529716;-49,0678198;"SPRF-PR";"DEL01-PR";"UOP07-DEL01-PR"
559232;2023-11-05;"domingo";"09:00:00";"SC";101;336;"TUBARAO";"Avarias e/ou desgaste excessivo no pneu";"Tombamento";"Com Vítimas Feridas";"Pleno dia";"Crescente";"Sol";"Múltipla";"Reta";"Sim";3;0;2;0;0;1;2;2;-28,47311347;-49,02437375;"SPRF-SC";"DEL02-SC";"UOP01-DEL02-SC"
559235;2023-11-05;"domingo";"10:45:00";"PE";101;42,7;"IGARASSU";"Manobra de mudança de faixa";"Colisão transversal";"Com Vítimas Feridas";"Pleno dia";"Crescente";"Céu Claro";"Múltipla";"Reta";"Sim";3;0;0;2;1;0;2;2;-7,83887431;-34,91196739;"SPRF-PE";"DEL01-PE";"UOP02-DEL01-PE"
559236;2023-11-05;"domingo";"10:15:00";"GO";60;114;"TEREZOPOLIS DE GOIAS";"Acesso irregular";"Colisão transversal";"Com Vítimas Feridas";"Pleno dia";"Decrescente";"Céu Claro";"Dupla";"Reta";"Não";2;0;0;1;1;0;1;2;-16,4633;-49,0636;"SPRF-GO";"DEL01-GO";"UOP01-DEL01-GO"
559237;2023-11-05;"domingo";"10:00:00";"DF";70;14;"BRASILIA";"Velocidade Incompatível";"Capotamento";"Sem Vítimas";"Pleno dia";"Crescente";"Céu Claro";"Dupla";"Curva";"Não";1;0;0;0;1;0;0;1;-15,798888;-48,185043;"SPRF-DF";"DEL03-DF";"UOP02-DEL03-DF"
559238;2023-11-05;"domingo";"11:00:00";"PR";116;0,5;"QUATRO BARRAS";"Velocidade Incompatível";"Saída de leito carroçável";"Com Vítimas Feridas";"Pleno dia";"Decrescente";"Céu Claro";"Dupla";"Curva";"Sim";3;0;0;2;1;0;2;1;-25,3478;-49,0493;"SPRF-PR";"DEL01-PR";"UOP02-DEL01-PR"
559239;2023-11-05;"domingo";"11:00:00";"SE";235;17,8;"LARANJEIRAS";"Transitar na contramão";"Colisão frontal";"Com Vítimas Fatais";"Pleno dia";"Decrescente";"Céu Claro";"Simples";"Reta";"Não";5;1;0;3;1;0;3;2;-10,850533;-37,201527;"SPRF-SE";"DEL01-SE";"UOP02-DEL01-SE"
559240;2023-11-05;"domingo";"11:05:00";"SC";101;155;"PORTO BELO";"Demais falhas mecânicas ou elétricas";"Tombamento";"Com Vítimas Feridas";"Pleno dia";"Crescente";"Céu Claro";"Múltipla";"Reta";"Não";2;0;2;0;0;0;2;1;-27,16292;-48,61129;"SPRF-SC";"DEL04-SC";"UOP03-DEL04-SC"
559241;2023-11-05;"domingo";"10:25:00";"PR";277;540,4;"IBEMA";"Acessar a via sem observar a presença dos outros veículos";"Colisão transversal";"Com Vítimas Fatais";"Pleno dia";"Decrescente";"Céu Claro";"Simples";"Reta";"Não";4;1;0;3;0;0;3;2;-25,1045022;-53,03379207;"SPRF-PR";"DEL04-PR";"UOP04-DEL04-PR"
559243;2023-11-05;"domingo";"03:00:00";"PI";316;43,8;"LAGOA DO PIAUI";"Velocidade Incompatível";"Saída de leito carroçável";"Com Vítimas Feridas";"Plena Noite";"Decrescente";"Céu Claro";"Simples";"Reta";"Não";2;0;0;1;0;1;1;1;-5,42838588;-42,6368727;"SPRF-PI";"DEL01-PI";"UOP02-DEL01-PI"
559245;2023-11-05;"domingo";"12:30:00";"SC";101;207,5;"SAO JOSE";"Ausência de reação do condutor";"Colisão traseira";"Com Vítimas Feridas";"Pleno dia";"Crescente";"Céu Claro";"Múltipla";"Reta";"Sim";3;0;1;0;2;0;1;2;-27,60001226;-48,6226467;"SPRF-SC";"DEL01-SC";"UOP01-DEL01-SC"