"id";"data_inversa";"dia_semana";"horario";"uf";"br";"km";"municipio";"causa_acidente";"tipo_acidente";"classificacao_acidente";"fase_dia";"sentido_via";"condicao_metereologica";"tipo_pista";"tracado_via";"uso_solo";"pessoas";"mortos";"feridos_leves";"feridos_graves";"ilesos";"ignorados";"feridos";"veiculos";"latitude";"longitude";"regional";"delegacia";"uop"
559444;2023-11-06;"segunda-feira";"06:20:00";"DF";20;20,8;"BRASILIA";"Trafegar com motocicleta (ou similar) entre as faixas";"Colisão lateral mesmo sentido";"Com Vítimas Feridas";"Pleno dia";"Decrescente";"Céu Claro";"Dupla";"Reta";"Sim";2;0;1;0;1;0;1;2;-15,607905;-47,692791;"SPRF-DF";"DEL02-DF";"UOP01-DEL02-DF"
559446;2023-11-05;"domingo";"18:20:00";"RJ";116;175,6;"SAO JOAO DE MERITI";"Ausência de reação do condutor";"Colisão lateral mesmo sentido";"Com Vítimas Feridas";"Plena Noite";"Decrescente";"Céu Claro";"Dupla";"Reta";"Não";1;0;1;0;0;0;1;1;-22,78923555;-43,37275272;"SPRF-RJ";"DEL01-RJ";"UOP02-DEL01-RJ"
559447;2023-11-06;"segunda-feira";"07:00:00";"BA";101;479;"URUCUCA";"Pista Escorregadia";"Saída de leito carroçável";"Com Vítimas Feridas";"Pleno dia";"Crescente";"Nublado";"Simples";"Curva";"Não";1;0;1;0;0;0;1;1;-14,57947168;-39,33860779;"SPRF-BA";"DEL05-BA";"UOP01-DEL05-BA"
559448;2023-11-06;"segunda-feira";"07:15:00";"RS";116;380,3;"CAMAQUA";"Mal súbito do condutor";"Colisão lateral mesmo sentido";"Com Vítimas Feridas";"Amanhecer";"Crescente";"Nublado";"Dupla";"Reta";"Não";2;0;1;0;1;0;1;2;-30,76779402;-51,64999798;"SPRF-RS";"DEL02-RS";"UOP02-DEL02-RS"
559449;2023-11-06;"segunda-feira";"06:50:00";"PR";116;124,2;"FAZENDA RIO GRANDE";"Manobra de mudança de faixa";"Colisão traseira";"Com Vítimas Feridas";"Pleno dia";"Decrescente";"Céu Claro";"Dupla";"Reta;Ponte";"Sim";2;0;1;0;1;0;1;2;-25,622807;-49,315742;"SPRF-PR";"DEL01-PR";"UOP03-DEL01-PR"
559450;2023-11-06;"segunda-feira";"07:20:00";"BA";324;619;"SALVADOR";"Velocidade Incompatível";"Colisão traseira";"Com Vítimas Feridas";"Pleno dia";"Crescente";"Céu Claro";"Dupla";"Reta";"Não";2;0;1;0;1;0;1;2;-12,891109;-38,445374;"SPRF-BA";"DEL01-BA";"UOP01-DEL01-BA"
559452;2023-11-06;"segunda-feira";"07:40:00";"PB";230;23;"JOAO PESSOA";"Trafegar com motocicleta (ou similar) entre as faixas";"Colisão traseira";"Com Vítimas Feridas";"Pleno dia";"Decrescente";"Céu Claro";"Dupla";"Reta";"Sim";3;0;2;0;1;0;2;2;-7,158565;-34,858651;"SPRF-PB";"DEL01-PB";"UOP01-DEL01-PB"
559453;2023-11-06;"segunda-feira";"08:00:00";"RS";290;108;"ELDORADO DO SUL";"Ausência de reação do condutor";"Colisão traseira";"Com Vítimas Feridas";"Pleno dia";"Decrescente";"Céu Claro";"Dupla";"Reta";"Sim";4;0;1;0;3;0;1;3;-30,006546;-51,312927;"SPRF-RS";"DEL02-RS";"UOP01-DEL02-RS"
559455;2023-11-05;"domingo";"19:30:00";"BA";110;138;"CICERO DANTAS";"Ultrapassagem Indevida";"Colisão frontal";"Com Vítimas Feridas";"Plena Noite";"Crescente";"Céu Claro";"Simples";"Curva;Declive";"Não";1;0;1;0;0;0;1;1;-10,58317696;-38,37435277;"SPRF-BA";"DEL07-BA";"UOP02-DEL07-BA"
559457;2023-11-06;"segunda-feira";"06:20:00";"DF";70;13;"BRASILIA";"Manobra de mudança de faixa";"Colisão transversal";"Com Vítimas Feridas";"Pleno dia";"Decrescente";"Céu Claro";"Dupla";"Reta";"Sim";2;0;1;0;1;0;1;2;-15,794558;-48,166584;"SPRF-DF";"DEL03-DF";"UOP02-DEL03-DF"
559458;2023-11-06;"segunda-feira";"06:00:00";"BA";407;64,4;"JUAZEIRO";"Demais falhas mecânicas ou elétricas";"Saída de leito carroçável";"Com Vítimas Feridas";"Amanhecer";"Decrescente";"Céu Claro";"Simples";"Reta";"Não";5;0;4;0;1;0;4;1;-9,92653683;-40,26014464;"SPRF-BA";"DEL04-BA";"UOP01-DEL04-BA"
559459;2023-11-06;"segunda-feira";"08:30:00";"CE";222;5;"CAUCAIA";"Pedestre cruzava a pista fora da faixa";"Atropelamento de Pedestre";"Com Vítimas Feridas";"Pleno dia";"Crescente";"Céu Claro";"Múltipla";"Reta";"Não";2;0;0;1;1;0;1;2;-3,74296918;-38,61330997;"SPRF-CE";"DEL01-CE";"UOP01-DEL01-CE"
559461;2023-11-06;"segunda-feira";"08:20:00";"CE";116;15;"FORTALEZA";"Ausência de reação do condutor";"Colisão lateral mesmo sentido";"Com Vítimas Feridas";"Pleno dia";"Crescente";"Céu Claro";"Dupla";"Reta";"Não";3;0;1;0;2;0;1;3;-3,87839882;-38,50066893;"SPRF-CE";"DEL01-CE";"UOP02-DEL01-CE"
559462;2023-10-21;"sábado";"22:56:00";"PE";232;194;"SANHARO";"Ausência de reação do condutor";"Colisão traseira";"Sem Vítimas";"Plena Noite";"Crescente";"Céu Claro";"Simples";"Reta";"Sim";2;0;0;0;1;1;0;2;-8,36209062;-36,55441109;"SPRF-PE";"DEL03-PE";"UOP02-DEL03-PE"
559463;2023-11-06;"segunda-feira";"08:45:00";"RN";101;94;"NATAL";"Ausência de reação do condutor";"Colisão traseira";"Com Vítimas Feridas";"Pleno dia";"Decrescente";"Céu Claro";"Dupla";"Reta";"Sim";4;0;2;0;2;0;2;2;-5,83176615;-35,21191342;"SPRF-RN";"DEL01-RN";"UOP01-DEL01-RN"
559464;2023-11-06;"segunda-feira";"07:00:00";"GO";40;1;"VALPARAISO DE GOIAS";"Trafegar com motocicleta (ou similar) entre as faixas";"Colisão lateral mesmo sentido";"Com Vítimas Feridas";"Pleno dia";"Decrescente";"Céu Claro";"Dupla";"Reta";"Sim";2;0;1;0;1;0;1;2;-16,058245;-47,982825;"SPRF-DF";"DEL01-DF";"UOP01-DEL01-DF"
559466;2023-11-06;"segunda-feira";"07:00:00";"MG";381;750;"TRES CORACOES";"Acesso irregular";"Colisão traseira";"Com Vítimas Feridas";"Pleno dia";"Crescente";"Céu Claro";"Dupla";"Curva";"Não";2;0;0;1;1;0;1;2;-21,66711081;-45,31607202;"SPRF-MG";"DEL16-MG";"UOP02-DEL16-MG"
559467;2023-11-06;"segunda-feira";"08:30:00";"BA";324;620;"SALVADOR";"Manobra de mudança de faixa";"Colisão lateral mesmo sentido";"Com Vítimas Feridas";"Pleno dia";"Crescente";"Céu Claro";"Dupla";"Reta";"Não";3;0;2;0;1;0;2;2;-12,90482172;-38,45556535;"SPRF-BA";"DEL01-BA";"UOP01-DEL01-BA"
559468;2023-11-06;"segunda-feira";"07:20:00";"SP";381;56;"MAIRIPORA";"Demais falhas mecânicas ou elétricas";"Incêndio";"Sem Vítimas";"Pleno dia";"Decrescente";"Céu Claro";"Dupla";"Reta;Aclive";"Sim";1;0;0;0;1;0;0;1;-23,25907163;-46,58982662;"SPRF-SP";"DEL03-SP";"UOP01-DEL03-SP"
559469;2023-11-06;"segunda-feira";"08:30:00";"PE";101;49,9;"ABREU E LIMA";"Desrespeitar a preferência no cruzamento";"Colisão lateral mesmo sentido";"Sem Vítimas";"Pleno dia";"Crescente";"Céu Claro";"Múltipla";"Reta";"Não";3;0;0;0;1;2;0;3;-7,9005152;-34,90180641;"SPRF-PE";"DEL01-PE";"UOP02-DEL01-PE"
559470;2023-11-06;"segunda-feira";"07:00:00";"SC";280;96;"CORUPA";"Reação tardia ou ineficiente do condutor";"Colisão com objeto";"Com Vítimas Feridas";"Pleno dia";"Crescente";"Céu Claro";"Simples";"Curva;Declive";"Não";1;0;1;0;0;0;1;1;-26,37833107;-49,31732124;"SPRF-SC";"DEL06-SC";"UOP03-DEL06-SC"
559471;2023-11-06;"segunda-feira";"08:00:00";"PR";376;592;"CURITIBA";"Trafegar com motocicleta (ou similar) entre as faixas";"Colisão lateral mesmo sentido";"Com Vítimas Feridas";"Pleno dia";"Crescente";"Céu Claro";"Dupla";"Reta";"Sim";2;0;0;1;1;0;1;2;-25,46833525;-49,35524543;"SPRF-PR";"DEL01-PR";"UOP06-DEL01-PR"
559473;2023-11-05;"domingo";"22:30:00";"RJ";40;118;"DUQUE DE CAXIAS";"Transitar na contramão";"Colisão frontal";"Com Vítimas Feridas";"Plena Noite";"Decrescente";"Céu Claro";"Dupla";"Rotatória";"Sim";3;0;2;0;1;0;2;2;-22,75470802;-43,28737838;"SPRF-RJ";"DEL01-RJ";"UOP01-DEL01-RJ"
559475;2023-11-06;"segunda-feira";"07:30:00";"RJ";493;48;"DUQUE DE CAXIAS";"Manobra de mudança de faixa";"Colisão lateral mesmo sentido";"Com Vítimas Feridas";"Pleno dia";"Crescente";"Céu Claro";"Múltipla";"Reta";"Sim";2;0;1;0;1;0;1;2;-22,672089;-43,285053;"SPRF-RJ";"DEL01-RJ";"UOP01-DEL01-RJ"
559476;2023-11-06;"segunda-feira";"08:00:00";"ES";262;1;"CARIACICA";"Ausência de reação do condutor";"Colisão traseira";"Com Vítimas Feridas";"Pleno dia";"Decrescente";"Céu Claro";"Dupla";"Ponte";"Sim";3;0;2;0;1;0;2;2;-20,32955204;-40,35492602;"SPRF-ES";"DEL01-ES";"UOP01-DEL01-ES"
559477;2023-11-06;"segunda-feira";"06:20:00";"PI";230;259;"NAZARE DO PIAUI";"Acumulo de água sobre o pavimento";"Saída de leito carroçável";"Com Vítimas Feridas";"Pleno dia";"Crescente";"Garoa/Chuvisco";"Simples";"Curva";"Não";1;0;1;0;0;0;1;1;-6,9978152405;-42,6258258994;"SPRF-PI";"DEL03-PI";"UOP01-DEL03-PI"
559478;2023-11-06;"segunda-feira";"07:45:00";"MG";381;499,5;"BETIM";"Condutor deixou de manter distância do veículo da frente";"Colisão traseira";"Sem Vítimas";"Pleno dia";"Decrescente";"Sol";"Dupla";"Reta;Aclive";"Sim";2;0;0;0;2;0;0;2;-20,01792651;-44,2261448;"SPRF-MG";"DEL01-MG";"UOP03-DEL01-MG"
559479;2023-11-06;"segunda-feira";"09:22:00";"RJ";116;172;"RIO DE JANEIRO";"Acessar a via sem observar a presença dos outros veículos";"Tombamento";"Com Vítimas Feridas";"Plena Noite";"Decrescente";"Céu Claro";"Dupla";"Reta";"Sim";1;0;1;0;0;0;1;1;-22,80188151;-43,35043673;"SPRF-RJ";"DEL01-RJ";"UOP02-DEL01-RJ"
559480;2023-11-06;"segunda-feira";"09:27:00";"PB";230;27;"JOAO PESSOA";"Animais na Pista";"Atropelamento de Animal";"Com Vítimas Feridas";"Pleno dia";"Decrescente";"Céu Claro";"Dupla";"Reta";"Sim";1;0;1;0;0;0;1;1;-7,1677;-34,8855;"SPRF-PB";"DEL01-PB";"UOP01-DEL01-PB"
559482;2023-06-10;"sábado";"03:30:00";"PR";369;147,8;"LONDRINA";"Ausência de reação do condutor";"Colisão com objeto";"Com Vítimas Feridas";"Plena Noite";"Crescente";"Céu Claro";"Dupla";"Reta";"Sim";4;0;3;1;0;0;4;1;-23,29338724;-51,14616394;"SPRF-PR";"DEL07-PR";"UOP01-DEL07-PR"
559484;2023-11-06;"segunda-feira";"02:30:00";"SC";101;272;"IMBITUBA";"Reação tardia ou ineficiente do condutor";"Colisão com objeto";"Sem Vítimas";"Plena Noite";"Decrescente";"Céu Claro";"Múltipla";"Curva";"Não";1;0;0;0;0;1;0;1;-28,12295565;-48,69608402;"SPRF-SC";"DEL02-SC";"UOP03-DEL02-SC"
559490;2023-10-19;"quinta-feira";"19:00:00";"PR";376;591;"CURITIBA";"Ausência de reação do condutor";"Colisão traseira";"Com Vítimas Feridas";"Plena Noite";"Crescente";"Céu Claro";"Dupla";"Reta";"Sim";2;0;1;0;0;1;1;2;-25,45999605;-49,35895013;"SPRF-PR";"DEL01-PR";"UOP06-DEL01-PR"
559493;2023-11-06;"segunda-feira";"07:00:00";"RJ";40;112;"DUQUE DE CAXIAS";"Reação tardia ou ineficiente do condutor";"Colisão traseira";"Com Vítimas Feridas";"Pleno dia";"Crescente";"Céu Claro";"Múltipla";"Reta";"Sim";4;0;3;0;1;0;3;2;-22,7004454;-43,29014851;"SPRF-RJ";"DEL01-RJ";"UOP01-DEL01-RJ"
559496;2023-11-06;"segunda-feira";"10:45:00";"SP";116;311;"SAO LOURENCO DA SERRA";"Velocidade Incompatível";"Colisão traseira";"Com Vítimas Feridas";"Pleno dia";"Crescente";"Sol";"Dupla";"Reta;Declive";"Não";5;0;1;0;4;0;1;2;-23,87725502;-46,96775798;"SPRF-SP";"DEL04-SP";"UOP01-DEL04-SP"
559498;2023-11-06;"segunda-feira";"10:16:00";"SP";116;156;"SAO JOSE DOS CAMPOS";"Reação tardia ou ineficiente do condutor";"Colisão traseira";"Com Vítimas Feridas";"Pleno dia";"Crescente";"Céu Claro";"Dupla";"Reta;Declive";"Sim";2;0;1;0;1;0;1;2;-23,25044084;-45,93572909;"SPRF-SP";"DEL02-SP";"UOP01-DEL02-SP"
559503;2023-11-06;"segunda-feira";"10:15:00";"MS";376;60;"GLORIA DE DOURADOS";"Ultrapassagem Indevida";"Saída de leito carroçável";"Com Vítimas Feridas";"Pleno dia";"Crescente";"Céu Claro";"Simples";"Reta;Declive";"Não";2;0;1;1;0;0;2;1;-22,45874836;-54,25040352;"SPRF-MS";"DEL04-MS";"UOP01-DEL04-MS"
559504;2023-11-06;"segunda-feira";"08:05:00";"RJ";116;299;"PORTO REAL";"Falta de elemento de contenção que evite a saída do leito carroçável";"Saída de leito carroçável";"Com Vítimas Feridas";"Pleno dia";"Decrescente";"Sol";"Simples";"Curva;Retorno Regulamentado";"Não";5;0;2;0;3;0;2;1;-22,45063742;-44,32841778;"SPRF-RJ";"DEL07-RJ";"UOP02-DEL07-RJ"
559505;2023-11-06;"segunda-feira";"10:00:00";"MG";153;64;"MONTE ALEGRE DE MINAS";"Ausência de reação do condutor";"Tombamento";"Com Vítimas Feridas";"Pleno dia";"Decrescente";"Céu Claro";"Simples";"Reta;Aclive";"Não";1;0;1;0;0;0;1;1;-18,92679699;-49,03242496;"SPRF-MG";"DEL15-MG";"UOP03-DEL15-MG"
559507;2023-11-06;"segunda-feira";"12:00:00";"PR";277;2;"FOZ DO IGUACU";"Condutor desrespeitou a iluminação vermelha do semáforo";"Colisão transversal";"Com Vítimas Feridas";"Pleno dia";"Crescente";"Sol";"Dupla";"Interseção de Vias";"Sim";2;0;1;0;1;0;1;2;-25,49478287;-54,58336651;"SPRF-PR";"DEL05-PR";"UOP03-DEL05-PR"
559508;2023-11-06;"segunda-feira";"12:00:00";"RS";285;467,7;"IJUI";"Manobra de mudança de faixa";"Colisão frontal";"Com Vítimas Feridas";"Pleno dia";"Crescente";"Céu Claro";"Simples";"Reta";"Não";2;0;1;0;1;0;1;2;-28,38996013;-53,98218524;"SPRF-RS";"DEL10-RS";"UOP01-DEL10-RS"
559509;2023-09-23;"sábado";"12:10:00";"SC";280;100;"SAO BENTO DO SUL";"Demais falhas mecânicas ou elétricas";"Incêndio";"Sem Vítimas";"Pleno dia";"Decrescente";"Céu Claro";"Simples";"Curva";"Não";1;0;0;0;1;0;0;1;-26,37158361;-49,33137101;"SPRF-SC";"DEL06-SC";"UOP03-DEL06-SC"
559510;2023-11-06;"segunda-feira";"13:55:00";"PB";101;70;"SANTA RITA";"Condutor Dormindo";"Colisão lateral mesmo sentido";"Com Vítimas Feridas";"Pleno dia";"Crescente";"Céu Claro";"Dupla";"Declive;Reta";"Não";3;0;2;0;1;0;2;2;-7,06454776;-35,01147489;"SPRF-PB";"DEL01-PB";"UOP04-DEL01-PB"
559511;2023-11-06;"segunda-feira";"12:30:00";"MG";381;486;"BETIM";"Reação tardia ou ineficiente do condutor";"Colisão com objeto";"Sem Vítimas";"Pleno dia";"Decrescente";"Céu Claro";"Múltipla";"Reta;Declive";"Sim";1;0;0;0;1;0;0;1;-19,95531717;-44,11722196;"SPRF-MG";"DEL01-MG";"UOP03-DEL01-MG"
559513;2023-11-06;"segunda-feira";"10:30:00";"MG";40;696,9;"BARBACENA";"Acessar a via sem observar a presença dos outros veículos";"Colisão lateral mesmo sentido";"Com Vítimas Feridas";"Pleno dia";"Crescente";"Sol";"Dupla";"Retorno Regulamentado";"Sim";2;0;1;0;1;0;1;2;-21,180498;-43,756015;"SPRF-MG";"DEL05-MG";"UOP02-DEL05-MG"
559515;2023-11-06;"segunda-feira";"09:50:00";"SC";282;393,5;"JOACABA";"Ausência de reação do condutor";"Saída de leito carroçável";"Com Vítimas Feridas";"Pleno dia";"Crescente";"Céu Claro";"Simples";"Curva";"Não";1;0;1;0;0;0;1;1;-27,160221;-51,573895;"SPRF-SC";"DEL07-SC";"UOP05-DEL07-SC"
559516;2023-10-27;"sexta-feira";"12:39:00";"PE";316;138;"PARNAMIRIM";"Ausência de reação do condutor";"Colisão lateral mesmo sentido";"Com Vítimas Feridas";"Pleno dia";"Decrescente";"Céu Claro";"Simples";"Reta";"Não";2;0;0;1;1;0;1;2;-8,07244395;-39,63309298;"SPRF-PE";"DEL05-PE";"UOP02-DEL05-PE"
559517;2023-11-06;"segunda-feira";"11:57:00";"MG";40;511,1;"RIBEIRAO DAS NEVES";"Reação tardia ou ineficiente do condutor";"Colisão traseira";"Com Vítimas Feridas";"Pleno dia";"Decrescente";"Céu Claro";"Dupla";"Retorno Regulamentado";"Sim";2;0;1;0;1;0;1;2;-19,78164295;-44,11733194;"SPRF-MG";"DEL01-MG";"UOP02-DEL01-MG"
559518;2023-11-06;"segunda-feira";"14:00:00";"PR";272;565;"GUAIRA";"Mal súbito do condutor";"Tombamento";"Com Vítimas Feridas";"Pleno dia";"Crescente";"Sol";"Simples";"Reta";"Não";2;0;1;1;0;0;2;1;-24,09384703;-54,19790798;"SPRF-PR";"DEL06-PR";"UOP01-DEL06-PR"
559519;2023-11-06;"segunda-feira";"10:32:00";"MS";262;451;"DOIS IRMAOS DO BURITI";"Reação tardia ou ineficiente do condutor";"Saída de leito carroçável";"Com Vítimas Feridas";"Pleno dia";"Crescente";"Céu Claro";"Simples";"Reta";"Não";2;0;2;0;0;0;2;1;-20,54474002;-55,45547399;"SPRF-MS";"DEL03-MS";"UOP01-DEL03-MS"
559520;2023-11-06;"segunda-feira";"07:35:00";"RS";116;238;"NOVO HAMBURGO";"Condutor deixou de manter distância do veículo da frente";"Engavetamento";"Com Vítimas Feridas";"Pleno dia";"Decrescente";"Céu Claro";"Dupla";"Reta";"Sim";4;0;1;0;1;2;1;4;-29,68739789;-51,14197352;"SPRF-RS";"DEL01-RS";"UOP02-DEL01-RS"
559521;2023-11-06;"segunda-feira";"13:15:00";"MG";40;527,3;"CONTAGEM";"Reação tardia ou ineficiente do condutor";"Tombamento";"Com Vítimas Feridas";"Pleno dia";"Crescente";"Céu Claro";"Dupla";"Declive;Curva";"Sim";2;0;1;0;1;0;1;1;-19,9055902;-44,04791957;"SPRF-MG";"DEL01-MG";"UOP02-DEL01-MG"
559524;2023-11-06;"segunda-feira";"07:50:00";"MT";174;99;"CACERES";"Acessar a via sem observar a presença dos outros veículos";"Colisão transversal";"Com Vítimas Feridas";"Pleno dia";"Decrescente";"Céu Claro";"Simples";"Interseção de Vias;Reta";"Sim";2;0;1;0;1;0;1;2;-15,844366;-57,859524;"SPRF-MT";"DEL03-MT";"UOP01-DEL03-MT"
559526;2023-09-25;"segunda-feira";"05:35:00";"GO";70;2;"AGUAS LINDAS DE GOIAS";"Ausência de reação do condutor";"Colisão traseira";"Sem Vítimas";"Amanhecer";"Crescente";"Céu Claro";"Dupla";"Curva";"Não";2;0;0;0;2;0;0;2;-15,767021;-48,229945;"SPRF-DF";"DEL03-DF";"UOP02-DEL03-DF"
559530;2023-11-06;"segunda-feira";"13:30:00";"RJ";40;109;"DUQUE DE CAXIAS";"Ausência de reação do condutor";"Colisão transversal";"Com Vítimas Feridas";"Pleno dia";"Decrescente";"Céu Claro";"Dupla";"Reta";"Sim";2;0;1;0;1;0;1;2;-22,67374628;-43,28638368;"SPRF-RJ";"DEL01-RJ";"UOP01-DEL01-RJ"
559531;2023-11-06;"segunda-feira";"14:30:00";"SC";101;50;"JOINVILLE";"Ausência de reação do condutor";"Colisão traseira";"Com Vítimas Feridas";"Pleno dia";"Decrescente";"Céu Claro";"Múltipla";"Reta";"Sim";2;0;1;0;1;0;1;2;-26,37546719;-48,85479619;"SPRF-SC";"DEL03-SC";"UOP01-DEL03-SC"
559532;2023-11-06;"segunda-feira";"14:30:00";"ES";101;265,8;"SERRA";"Reação tardia ou ineficiente do condutor";"Atropelamento de Animal";"Com Vítimas Feridas";"Pleno dia";"Crescente";"Céu Claro";"Múltipla";"Reta";"Sim";1;0;1;0;0;0;1;1;-20,1816849;-40,26536036;"SPRF-ES";"DEL02-ES";"UOP01-DEL02-ES"
559533;2023-11-06;"segunda-feira";"14:00:00";"MG";262;34;"MANHUACU";"Desrespeitar a preferência no cruzamento";"Colisão transversal";"Com Vítimas Feridas";"Pleno dia";"Decrescente";"Sol";"Simples";"Reta;Rotatória";"Sim";3;0;1;1;1;0;2;2;-20,25692664;-42,01099203;"SPRF-MG";"DEL06-MG";"UOP03-DEL06-MG"
559534;2023-11-06;"segunda-feira";"12:45:00";"SP";116;164;"JACAREI";"Avarias e/ou desgaste excessivo no pneu";"Tombamento";"Com Vítimas Feridas";"Pleno dia";"Crescente";"Céu Claro";"Dupla";"Reta";"Não";1;0;1;0;0;0;1;1;-23,29166028;-46,00002382;"SPRF-SP";"DEL02-SP";"UOP01-DEL02-SP"
559535;2023-11-06;"segunda-feira";"16:20:00";"MG";40;511,1;"RIBEIRAO DAS NEVES";"Ultrapassagem Indevida";"Colisão lateral mesmo sentido";"Com Vítimas Feridas";"Pleno dia";"Crescente";"Céu Claro";"Dupla";"Curva";"Sim";3;0;0;2;1;0;2;2;-19,78164295;-44,11733194;"SPRF-MG";"DEL01-MG";"UOP02-DEL01-MG"
559537;2023-11-06;"segunda-feira";"15:15:00";"RN";226;7;"NATAL";"Conversão proibida";"Colisão transversal";"Com Vítimas Feridas";"Pleno dia";"Decrescente";"Céu Claro";"Simples";"Curva";"Não";3;0;3;0;0;0;3;2;-5,830848;-35,278892;"SPRF-RN";"DEL01-RN";"UOP02-DEL01-RN"
559538;2023-11-06;"segunda-feira";"13:30:00";"CE";116;6;"FORTALEZA";"Reação tardia ou ineficiente do condutor";"Colisão traseira";"Sem Vítimas";"Pleno dia";"Crescente";"Céu Claro";"Múltipla";"Reta";"Sim";2;0;0;0;2;0;0;2;-3,802624;-38,50400499;"SPRF-CE";"DEL01-CE";"UOP02-DEL01-CE"
559542;2023-11-06;"segunda-feira";"16:20:00";"SP";381;72;"SAO PAULO";"Acumulo de areia ou detritos sobre o pavimento";"Queda de ocupante de veículo";"Com Vítimas Feridas";"Pleno dia";"Crescente";"Sol";"Simples";"Curva;Declive";"Não";1;0;1;0;0;0;1;1;-23,35978605;-46,55101418;"SPRF-SP";"DEL03-SP";"UOP01-DEL03-SP"
559544;2023-11-06;"segunda-feira";"12:45:00";"RJ";116;258;"PIRAI";"Objeto estático sobre o leito carroçável";"Colisão traseira";"Com Vítimas Feridas";"Pleno dia";"Crescente";"Céu Claro";"Dupla";"Curva";"Não";4;0;2;0;2;0;2;2;-22,58138777;-44,02160689;"SPRF-RJ";"DEL07-RJ";"UOP02-DEL07-RJ"
559547;2023-11-06;"segunda-feira";"14:50:00";"MS";376;169,1;"NOVA ANDRADINA";"Acessar a via sem observar a presença dos outros veículos";"Colisão transversal";"Com Vítimas Fatais";"Pleno dia";"Decrescente";"Céu Claro";"Simples";"Interseção de Vias";"Não";2;1;0;0;1;0;0;2;-22,31130481;-53,40508306;"SPRF-MS";"DEL04-MS";"UOP04-DEL04-MS"
559548;2023-11-06;"segunda-feira";"17:40:00";"RN";101;81;"NATAL";"Condutor deixou de manter distância do veículo da frente";"Colisão traseira";"Com Vítimas Feridas";"Plena Noite";"Decrescente";"Céu Claro";"Dupla";"Reta";"Sim";2;0;1;0;1;0;1;2;-5,76469466;-35,28295988;"SPRF-RN";"DEL02-RN";"UOP01-DEL02-RN"
559551;2023-11-06;"segunda-feira";"17:33:00";"PB";230;13;"CABEDELO";"Transitar no Acostamento";"Colisão transversal";"Com Vítimas Feridas";"Anoitecer";"Decrescente";"Céu Claro";"Múltipla";"Reta;Interseção de Vias";"Sim";3;0;2;0;1;0;2;2;-7,0772;-34,8494;"SPRF-PB";"DEL01-PB";"UOP01-DEL01-PB"
559552;2023-11-06;"segunda-feira";"17:40:00";"MT";70;5;"BARRA DO GARCAS";"Velocidade Incompatível";"Colisão lateral mesmo sentido";"Com Vítimas Feridas";"Pleno dia";"Crescente";"Céu Claro";"Dupla";"Reta";"Sim";2;0;1;0;1;0;1;2;-15,87814789;-52,296134;"SPRF-MT";"DEL07-MT";"UOP01-DEL07-MT"
559554;2023-11-06;"segunda-feira";"17:30:00";"MG";381;494,8;"BETIM";"Demais falhas mecânicas ou elétricas";"Tombamento";"Com Vítimas Feridas";"Anoitecer";"Decrescente";"Céu Claro";"Dupla";"Declive;Reta";"Sim";2;0;1;0;1;0;1;1;-19,985563;-44,20318;"SPRF-MG";"DEL01-MG";"UOP03-DEL01-MG"
559555;2023-11-06;"segunda-feira";"17:30:00";"GO";40;97,8;"CRISTALINA";"Acesso irregular";"Colisão transversal";"Com Vítimas Feridas";"Pleno dia";"Decrescente";"Céu Claro";"Simples";"Reta;Aclive";"Sim";2;0;1;0;1;0;1;2;-16,764631;-47,595763;"SPRF-DF";"DEL01-DF";"UOP02-DEL01-DF"
559556;2023-11-06;"segunda-feira";"16:30:00";"PR";272;367;"CAMPO MOURAO";"Ausência de reação do condutor";"Colisão traseira";"Com Vítimas Feridas";"Pleno dia";"Crescente";"Céu Claro";"Dupla";"Reta";"Sim";2;0;1;0;1;0;1;2;-24,05063682;-52,40169964;"SPRF-PR";"DEL09-PR";"UOP03-DEL09-PR"
559557;2023-11-06;"segunda-feira";"17:05:00";"RS";153;50,9;"ERECHIM";"Acessar a via sem observar a presença dos outros veículos";"Colisão transversal";"Com Vítimas Feridas";"Pleno dia";"Decrescente";"Céu Claro";"Simples";"Interseção de Vias;Rotatória";"Não";2;0;1;0;1;0;1;2;-27,65623359;-52,27554709;"SPRF-RS";"DEL08-RS";"UOP04-DEL08-RS"
559558;2023-11-06;"segunda-feira";"17:20:00";"DF";40;1,8;"BRASILIA";"Manobra de mudança de faixa";"Colisão lateral mesmo sentido";"Com Vítimas Feridas";"Pleno dia";"Crescente";"Céu Claro";"Dupla";"Reta";"Sim";2;0;1;0;1;0;1;2;-15,99449477;-47,98593593;"SPRF-DF";"DEL01-DF";"UOP01-DEL01-DF"
559559;2023-11-06;"segunda-feira";"18:00:00";"RS";290;109;"ELDORADO DO SUL";"Manobra de mudança de faixa";"Colisão lateral mesmo sentido";"Com Vítimas Feridas";"Pleno dia";"Decrescente";"Sol";"Dupla";"Reta";"Não";3;0;1;0;1;1;1;3;-30,015047;-51,317017;"SPRF-RS";"DEL02-RS";"UOP01-DEL02-RS"
559560;2023-11-06;"segunda-feira";"18:10:00";"PR";376;248;"APUCARANA";"Deficiência do Sistema de Iluminação/Sinalização";"Colisão traseira";"Com Vítimas Feridas";"Plena Noite";"Decrescente";"Céu Claro";"Dupla";"Em Obras";"Não";4;0;1;1;2;0;2;3;-23,60777553;-51,40609145;"SPRF-PR";"DEL07-PR";"UOP03-DEL07-PR"
559561;2023-11-06;"segunda-feira";"15:00:00";"RJ";101;404;"ITAGUAI";"Transitar na contramão";"Colisão frontal";"Com Vítimas Feridas";"Pleno dia";"Crescente";"Céu Claro";"Dupla";"Reta";"Não";2;0;2;0;0;0;2;2;-22,86342703;-43,79642098;"SPRF-RJ";"DEL03-RJ";"UOP01-DEL03-RJ"