"id";"data_inversa";"dia_semana";"horario";"uf";"br";"km";"municipio";"causa_acidente";"tipo_acidente";"classificacao_acidente";"fase_dia";"sentido_via";"condicao_metereologica";"tipo_pista";"tracado_via";"uso_solo";"pessoas";"mortos";"feridos_leves";"feridos_graves";"ilesos";"ignorados";"feridos";"veiculos";"latitude";"longitude";"regional";"delegacia";"uop"
559562;2023-11-06;"segunda-feira";"17:40:00";"PE";101;148;"RIBEIRAO";"Reação tardia ou ineficiente do condutor";"Colisão traseira";"Com Vítimas Feridas";"Anoitecer";"Crescente";"Céu Claro";"Dupla";"Reta";"Não";3;0;1;1;1;0;2;2;-8,48336698;-35,37204035;"SPRF-PE";"DEL01-PE";"UOP03-DEL01-PE"
559564;2023-11-06;"segunda-feira";"17:40:00";"BA";116;828;"VITORIA DA CONQUISTA";"Chuva";"Queda de ocupante de veículo";"Com Vítimas Feridas";"Anoitecer";"Decrescente";"Chuva";"Simples";"Reta";"Não";1;0;1;0;0;0;1;1;-14,82955364;-40,83059006;"SPRF-BA";"DEL08-BA";"UOP01-DEL08-BA"
559565;2023-05-14;"domingo";"17:20:00";"MG";40;506,1;"RIBEIRAO DAS NEVES";"Manobra de mudança de faixa";"Queda de ocupante de veículo";"Com Vítimas Feridas";"Anoitecer";"Crescente";"Ignorado";"Dupla";"Retorno Regulamentado";"Sim";2;0;0;1;0;1;1;2;-19,747513;-44,147824;"SPRF-MG";"DEL02-MG";"UOP01-DEL02-MG"
559568;2023-11-06;"segunda-feira";"18:15:00";"SP";116;118;"TAUBATE";"Mal súbito do condutor";"Colisão com objeto";"Com Vítimas Feridas";"Amanhecer";"Decrescente";"Céu Claro";"Dupla";"Reta";"Não";2;0;0;2;0;0;2;1;-23,06266296;-45,62665044;"SPRF-SP";"DEL02-SP";"UOP02-DEL02-SP"
559569;2023-11-06;"segunda-feira";"16:30:00";"PE";232;59;"POMBOS";"Condutor deixou de manter distância do veículo da frente";"Colisão traseira";"Com Vítimas Feridas";"Amanhecer";"Crescente";"Céu Claro";"Múltipla";"Reta";"Não";2;0;0;1;1;0;1;2;-8,1471233;-35,39890998;"SPRF-PE";"DEL02-PE";"UOP02-DEL02PE"
559570;2023-11-06;"segunda-feira";"18:35:00";"RJ";393;285;"VOLTA REDONDA";"Acesso irregular";"Colisão lateral sentido oposto";"Com Vítimas Feridas";"Anoitecer";"Crescente";"Nublado";"Simples";"Desvio Temporário;Em Obras";"Sim";2;0;1;0;0;1;1;2;-22,481726;-44,06308602;"SPRF-RJ";"DEL05-RJ";"UOP04-DEL05-RJ"
559572;2023-11-06;"segunda-feira";"18:01:00";"PB";230;19;"JOAO PESSOA";"Trafegar com motocicleta (ou similar) entre as faixas";"Colisão traseira";"Com Vítimas Feridas";"Plena Noite";"Crescente";"Céu Claro";"Dupla";"Reta";"Sim";2;0;1;0;1;0;1;2;-7,1281;-34,8466;"SPRF-PB";"DEL01-PB";"UOP01-DEL01-PB"
559573;2023-11-06;"segunda-feira";"18:10:00";"GO";40;4;"VALPARAISO DE GOIAS";"Transitar na contramão";"Colisão frontal";"Com Vítimas Feridas";"Anoitecer";"Decrescente";"Céu Claro";"Dupla";"Declive";"Não";2;0;1;1;0;0;2;2;-16,08619181;-47,98615962;"SPRF-DF";"DEL01-DF";"UOP01-DEL01-DF"
559574;2023-11-06;"segunda-feira";"18:00:00";"MS";163;484,5;"CAMPO GRANDE";"Desrespeitar a preferência no cruzamento";"Colisão transversal";"Com Vítimas Feridas";"Anoitecer";"Decrescente";"Céu Claro";"Simples";"Reta;Interseção de Vias";"Sim";4;0;0;2;2;0;2;2;-20,447591;-54,540876;"SPRF-MS";"DEL01-MS";"UOP02-DEL01-MS"
559576;2023-11-06;"segunda-feira";"18:00:00";"MS";376;37;"VICENTINA";"Reação tardia ou ineficiente do condutor";"Colisão traseira";"Sem Vítimas";"Plena Noite";"Decrescente";"Céu Claro";"Simples";"Reta";"Sim";3;0;0;0;2;1;0;2;-22,40573193;-54,44433689;"SPRF-MS";"DEL04-MS";"UOP01-DEL04-MS"
559577;2023-11-06;"segunda-feira";"18:21:00";"PE";101;63;"RECIFE";"Entrada inopinada do pedestre";"Atropelamento de Pedestre";"Com Vítimas Feridas";"Plena Noite";"Decrescente";"Céu Claro";"Simples";"Viaduto;Interseção de Vias;Rotatória";"Sim";3;0;0;1;1;1;1;2;-8,00800604;-34,93756535;"SPRF-PE";"DEL01-PE";"UOP01-DEL01-PE"
559578;2023-11-06;"segunda-feira";"18:35:00";"RS";116;520,9;"PELOTAS";"Desrespeitar a preferência no cruzamento";"Colisão transversal";"Com Vítimas Feridas";"Pleno dia";"Crescente";"Céu Claro";"Simples";"Interseção de Vias";"Não";2;0;1;0;1;0;1;2;-31,70060621;-52,36130079;"SPRF-RS";"DEL07-RS";"UOP01-DEL07-RS"
559579;2023-11-06;"segunda-feira";"18:40:00";"MG";40;667,6;"CARANDAI";"Condutor Dormindo";"Colisão com objeto";"Com Vítimas Feridas";"Plena Noite";"Decrescente";"Céu Claro";"Simples";"Ponte;Declive;Reta";"Não";1;0;1;0;0;0;1;1;-20,952925;-43,792297;"SPRF-MG";"DEL05-MG";"UOP02-DEL05-MG"
559580;2023-11-06;"segunda-feira";"19:00:00";"RJ";116;86;"TERESOPOLIS";"Ausência de reação do condutor";"Colisão lateral mesmo sentido";"Com Vítimas Feridas";"Plena Noite";"Decrescente";"Céu Claro";"Dupla";"Aclive";"Não";3;0;2;0;1;0;2;2;-22,43671224;-42,94971377;"SPRF-RJ";"DEL04-RJ";"UOP01-DEL04-RJ"
559581;2023-11-06;"segunda-feira";"18:30:00";"PR";376;602;"CURITIBA";"Reação tardia ou ineficiente do condutor";"Saída de leito carroçável";"Com Vítimas Feridas";"Anoitecer";"Crescente";"Céu Claro";"Múltipla";"Interseção de Vias";"Sim";1;0;0;1;0;0;1;1;-25,54329052;-49,30719981;"SPRF-PR";"DEL01-PR";"UOP06-DEL01-PR"
559582;2023-11-06;"segunda-feira";"18:21:00";"RN";427;0;"CURRAIS NOVOS";"Ausência de reação do condutor";"Atropelamento de Pedestre";"Com Vítimas Feridas";"Plena Noite";"Crescente";"Nublado";"Simples";"Reta";"Não";2;0;1;0;0;1;1;2;-6,268149;-36,52254;"SPRF-RN";"DEL03-RN";"UOP02-DEL03-RN"
559585;2023-11-06;"segunda-feira";"08:30:00";"MG";365;522;"MONTE CARMELO";"Ausência de reação do condutor";"Saída de leito carroçável";"Com Vítimas Feridas";"Pleno dia";"Crescente";"Céu Claro";"Simples";"Reta";"Não";1;0;1;0;0;0;1;1;-18,91310717;-47,42282867;"SPRF-MG";"DEL10-MG";"UOP01-DEL10-MG"
559586;2023-11-06;"segunda-feira";"19:40:00";"CE";116;164,4;"RUSSAS";"Acessar a via sem observar a presença dos outros veículos";"Atropelamento de Pedestre";"Com Vítimas Feridas";"Plena Noite";"Crescente";"Céu Claro";"Simples";"Reta";"Sim";2;0;1;1;0;0;2;2;-4,95409488;-37,99767009;"SPRF-CE";"DEL03-CE";"UOP01-DEL03-CE"
559587;2023-03-19;"domingo";"03:40:00";"MT";174;47;"VILA BELA DA SANTISSIMA TRINDADE";"Ingestão de álcool pelo condutor";"Colisão traseira";"Com Vítimas Feridas";"Plena Noite";"Crescente";"Garoa/Chuvisco";"Simples";"Reta";"Não";5;0;2;0;3;0;2;3;-15,100963;-59,667435;"SPRF-MT";"DEL04-MT";"UOP01-DEL04-MT"
559588;2023-11-06;"segunda-feira";"17:36:00";"SC";470;138;"RIO DO SUL";"Reação tardia ou ineficiente do condutor";"Colisão traseira";"Com Vítimas Feridas";"Anoitecer";"Crescente";"Céu Claro";"Simples";"Reta";"Sim";2;0;0;1;1;0;1;2;-27,207214;-49,648476;"SPRF-SC";"DEL04-SC";"UOP02-DEL04-SC"
559589;2023-11-06;"segunda-feira";"18:45:00";"SC";101;152;"PORTO BELO";"Demais falhas mecânicas ou elétricas";"Colisão com objeto";"Com Vítimas Feridas";"Pleno dia";"Crescente";"Céu Claro";"Dupla";"Curva";"Não";1;0;1;0;0;0;1;1;-27,13563503;-48,61004665;"SPRF-SC";"DEL04-SC";"UOP03-DEL04-SC"
559590;2023-11-06;"segunda-feira";"18:40:00";"MG";116;764,4;"LEOPOLDINA";"Transitar no Acostamento";"Atropelamento de Pedestre";"Com Vítimas Feridas";"Plena Noite";"Decrescente";"Céu Claro";"Simples";"Reta";"Sim";6;0;3;2;0;1;5;2;-21,52171912;-42,64030314;"SPRF-MG";"DEL07-MG";"UOP01-DEL07-MG"
559591;2023-11-06;"segunda-feira";"08:30:00";"SC";101;328,5;"CAPIVARI DE BAIXO";"Ausência de reação do condutor";"Colisão traseira";"Sem Vítimas";"Pleno dia";"Crescente";"Céu Claro";"Dupla";"Reta";"Não";3;0;0;0;3;0;0;2;-28,44993985;-48,97138596;"SPRF-SC";"DEL02-SC";"UOP01-DEL02-SC"
559592;2023-11-06;"segunda-feira";"18:00:00";"RN";110;46;"MOSSORO";"Acessar a via sem observar a presença dos outros veículos";"Colisão traseira";"Com Vítimas Feridas";"Plena Noite";"Decrescente";"Céu Claro";"Simples";"Rotatória";"Sim";2;0;0;1;1;0;1;2;-5,19797675;-37,31839819;"SPRF-RN";"DEL04-RN";"UOP01-DEL04-RN"
559593;2023-11-06;"segunda-feira";"17:15:00";"MS";267;482,7;"JARDIM";"Ausência de reação do condutor";"Colisão traseira";"Com Vítimas Feridas";"Pleno dia";"Crescente";"Céu Claro";"Simples";"Reta";"Sim";2;0;0;1;0;1;1;2;-21,48110526;-56,15511417;"SPRF-MS";"DEL05-MS";"UOP01-DEL05-MS"
559594;2023-11-06;"segunda-feira";"20:20:00";"SP";116;275;"TABOAO DA SERRA";"Trafegar com motocicleta (ou similar) entre as faixas";"Colisão lateral mesmo sentido";"Com Vítimas Feridas";"Plena Noite";"Decrescente";"Nublado";"Dupla";"Reta";"Sim";2;0;1;0;1;0;1;2;-23,63638826;-46,83251584;"SPRF-SP";"DEL04-SP";"UOP01-DEL04-SP"
559595;2023-11-06;"segunda-feira";"19:00:00";"MT";163;84;"RONDONOPOLIS";"Demais falhas mecânicas ou elétricas";"Incêndio";"Sem Vítimas";"Plena Noite";"Crescente";"Céu Claro";"Dupla";"Reta";"Não";1;0;0;0;1;0;0;1;-16,78834709;-54,67072783;"SPRF-MT";"DEL02-MT";"UOP03-DEL02-MT"
559596;2023-11-06;"segunda-feira";"11:30:00";"MG";381;920,9;"CAMANDUCAIA";"Ausência de reação do condutor";"Tombamento";"Com Vítimas Feridas";"Pleno dia";"Decrescente";"Céu Claro";"Dupla";"Aclive;Curva";"Sim";1;0;1;0;0;0;1;1;-22,7704869;-46,20021296;"SPRF-MG";"DEL16-MG";"UOP03-DEL16-MG"
559597;2023-11-06;"segunda-feira";"20:20:00";"SP";116;146;"SAO JOSE DOS CAMPOS";"Entrada inopinada do pedestre";"Atropelamento de Pedestre";"Com Vítimas Fatais";"Plena Noite";"Decrescente";"Céu Claro";"Dupla";"Reta";"Não";2;1;0;0;0;1;0;2;-23,19122919;-45,86327591;"SPRF-SP";"DEL02-SP";"UOP01-DEL02-SP"
559598;2023-11-06;"segunda-feira";"20:30:00";"SC";101;148;"ITAPEMA";"Acessar a via sem observar a presença dos outros veículos";"Colisão lateral mesmo sentido";"Com Vítimas Feridas";"Plena Noite";"Crescente";"Ignorado";"Dupla";"Reta";"Sim";3;0;1;0;2;0;1;2;-27,10123686;-48,61807962;"SPRF-SC";"DEL04-SC";"UOP03-DEL04-SC"
559599;2023-11-06;"segunda-feira";"08:10:00";"PR";277;675,8;"MEDIANEIRA";"Condutor deixou de manter distância do veículo da frente";"Colisão traseira";"Com Vítimas Feridas";"Pleno dia";"Decrescente";"Céu Claro";"Dupla";"Reta";"Sim";3;0;1;0;2;0;1;2;-25,29891949;-54,12338731;"SPRF-PR";"DEL05-PR";"UOP01-DEL05-PR"
559600;2023-11-06;"segunda-feira";"19:14:00";"SC";101;203,9;"SAO JOSE";"Desrespeitar a preferência no cruzamento";"Colisão transversal";"Com Vítimas Feridas";"Plena Noite";"Crescente";"Céu Claro";"Múltipla";"Reta";"Sim";2;0;1;0;0;1;1;2;-27,5728434;-48,61385286;"SPRF-SC";"DEL01-SC";"UOP01-DEL01-SC"
559601;2023-11-06;"segunda-feira";"20:20:00";"SC";101;215,8;"PALHOCA";"Trafegar com motocicleta (ou similar) entre as faixas";"Colisão lateral mesmo sentido";"Com Vítimas Feridas";"Plena Noite";"Crescente";"Nublado";"Múltipla";"Declive;Curva";"Não";3;0;0;1;1;1;1;3;-27,65184843;-48,67604941;"SPRF-SC";"DEL01-SC";"UOP02-DEL01-SC"
559602;2023-11-06;"segunda-feira";"21:15:00";"SC";101;223;"PALHOCA";"Avarias e/ou desgaste excessivo no pneu";"Tombamento";"Com Vítimas Feridas";"Plena Noite";"Crescente";"Céu Claro";"Múltipla";"Reta;Aclive";"Não";1;0;1;0;0;0;1;1;-27,71552634;-48,64881251;"SPRF-SC";"DEL01-SC";"UOP02-DEL01-SC"
559605;2023-11-01;"quarta-feira";"20:20:00";"RJ";0;0;"RIO DE JANEIRO";"Reação tardia ou ineficiente do condutor";"Colisão lateral mesmo sentido";"Sem Vítimas";"Plena Noite";"Não Informado";"Céu Claro";"Simples";"Reta";"Sim";2;0;0;0;2;0;0;2;-22,816206;-43,324463;"SPRF-RJ";"DEL01-RJ";"UOP02-DEL01-RJ"
559608;2023-11-06;"segunda-feira";"17:00:00";"MG";381;251;"IPATINGA";"Transitar na contramão";"Colisão frontal";"Com Vítimas Feridas";"Pleno dia";"Decrescente";"Céu Claro";"Simples";"Curva";"Sim";4;0;1;2;1;0;3;2;-19,48994405;-42,56156695;"SPRF-MG";"DEL06-MG";"UOP01-DEL06-MG"
559609;2023-11-06;"segunda-feira";"21:20:00";"RS";392;65,5;"PELOTAS";"Ausência de sinalização";"Colisão traseira";"Com Vítimas Feridas";"Plena Noite";"Decrescente";"Céu Claro";"Dupla";"Reta";"Não";2;0;2;0;0;0;2;2;-31,765206;-52,381886;"SPRF-RS";"DEL07-RS";"UOP01-DEL07-RS"
559611;2023-11-06;"segunda-feira";"18:15:00";"MG";50;53;"ARAGUARI";"Demais falhas mecânicas ou elétricas";"Tombamento";"Com Vítimas Feridas";"Plena Noite";"Decrescente";"Céu Claro";"Dupla";"Curva";"Não";2;0;1;1;0;0;2;1;-18,7712249;-48,24497938;"SPRF-MG";"DEL15-MG";"UOP02-DEL15-MG"
559613;2023-11-06;"segunda-feira";"21:25:00";"SC";101;159;"PORTO BELO";"Reação tardia ou ineficiente do condutor";"Queda de ocupante de veículo";"Com Vítimas Feridas";"Plena Noite";"Decrescente";"Céu Claro";"Múltipla";"Reta";"Sim";1;0;1;0;0;0;1;1;-27,1998778;-48,61534236;"SPRF-SC";"DEL04-SC";"UOP03-DEL04-SC"
559614;2023-09-10;"domingo";"08:57:00";"RS";471;580,2;"SANTA VITORIA DO PALMAR";"Velocidade Incompatível";"Atropelamento de Pedestre";"Com Vítimas Feridas";"Pleno dia";"Decrescente";"Céu Claro";"Simples";"Reta";"Não";5;0;1;2;0;2;3;2;-32,98206953;-52,80629039;"SPRF-RS";"DEL07-RS";"UOP04-DEL07-RS"
559617;2023-11-06;"segunda-feira";"22:00:00";"MS";163;190;"CAARAPO";"Objeto estático sobre o leito carroçável";"Colisão com objeto";"Com Vítimas Feridas";"Plena Noite";"Crescente";"Céu Claro";"Simples";"Reta";"Não";3;0;2;0;1;0;2;1;-22,78368194;-54,75960195;"SPRF-MS";"DEL09-MS";"UOP01-DEL09-MS"
559618;2023-11-06;"segunda-feira";"20:47:00";"PA";230;2;"ALTAMIRA";"Acessar a via sem observar a presença dos outros veículos";"Colisão transversal";"Com Vítimas Feridas";"Plena Noite";"Decrescente";"Chuva";"Dupla";"Reta;Declive;Retorno Regulamentado";"Sim";3;0;1;0;2;0;1;2;-3,18005442;-52,18401167;"SPRF-PA";"DEL04-PA";"UOP01-DEL04-PA"
559620;2023-11-06;"segunda-feira";"22:10:00";"GO";70;8;"AGUAS LINDAS DE GOIAS";"Pedestre andava na pista";"Atropelamento de Pedestre";"Com Vítimas Feridas";"Plena Noite";"Decrescente";"Céu Claro";"Dupla";"Reta";"Sim";2;0;0;1;1;0;1;2;-15,73552;-48,279373;"SPRF-DF";"DEL03-DF";"UOP02-DEL03-DF"
559623;2023-11-06;"segunda-feira";"16:30:00";"PA";230;127;"MARABA";"Condutor deixou de manter distância do veículo da frente";"Colisão lateral mesmo sentido";"Com Vítimas Feridas";"Pleno dia";"Crescente";"Céu Claro";"Simples";"Declive";"Sim";2;0;1;0;1;0;1;2;-5,37452497;-49,159719;"SPRF-PA";"DEL03-PA";"UOP01-DEL03-PA"
559624;2023-11-06;"segunda-feira";"23:10:00";"SP";116;138;"SAO JOSE DOS CAMPOS";"Reação tardia ou ineficiente do condutor";"Colisão traseira";"Com Vítimas Feridas";"Plena Noite";"Crescente";"Céu Claro";"Dupla";"Reta";"Não";2;0;1;0;1;0;1;2;-23,1572739;-45,79554605;"SPRF-SP";"DEL02-SP";"UOP01-DEL02-SP"
559625;2023-11-06;"segunda-feira";"22:10:00";"RJ";101;486;"ANGRA DOS REIS";"Condutor deixou de manter distância do veículo da frente";"Colisão lateral mesmo sentido";"Com Vítimas Feridas";"Plena Noite";"Crescente";"Céu Claro";"Múltipla";"Reta;Interseção de Vias";"Sim";3;0;2;0;1;0;2;2;-22,97708786;-44,29634653;"SPRF-RJ";"DEL03-RJ";"UOP03-DEL03-RJ"
559628;2023-11-06;"segunda-feira";"23:35:00";"PB";230;15,2;"JOAO PESSOA";"Ausência de reação do condutor";"Colisão com objeto";"Com Vítimas Feridas";"Plena Noite";"Decrescente";"Garoa/Chuvisco";"Dupla";"Declive;Curva";"Sim";1;0;1;0;0;0;1;1;-7,093;-34,8482;"SPRF-PB";"DEL01-PB";"UOP01-DEL01-PB"
559631;2023-11-07;"terça-feira";"00:21:00";"GO";153;444;"ANAPOLIS";"Velocidade Incompatível";"Colisão com objeto";"Sem Vítimas";"Plena Noite";"Crescente";"Céu Claro";"Dupla";"Rotatória";"Sim";1;0;0;0;0;1;0;1;-16,343756;-48,9245;"SPRF-GO";"DEL02-GO";"UOP01-DEL02-GO"
559632;2023-11-07;"terça-feira";"01:50:00";"RJ";393;207,2;"VASSOURAS";"Transitar na contramão";"Colisão frontal";"Com Vítimas Fatais";"Plena Noite";"Crescente";"Céu Claro";"Simples";"Reta";"Não";2;1;0;1;0;0;1;2;-22,27008858;-43,4581697;"SPRF-RJ";"DEL05-RJ";"UOP03-DEL05-RJ"
559638;2023-11-06;"segunda-feira";"14:00:00";"GO";153;698;"ITUMBIARA";"Manobra de mudança de faixa";"Capotamento";"Com Vítimas Feridas";"Pleno dia";"Decrescente";"Céu Claro";"Dupla";"Reta";"Sim";1;0;1;0;0;0;1;1;-18,3777;-49,2106;"SPRF-GO";"DEL03-GO";"UOP02-DEL03-GO"
559639;2023-11-07;"terça-feira";"05:40:00";"GO";153;432;"ANAPOLIS";"Reação tardia ou ineficiente do condutor";"Colisão com objeto";"Com Vítimas Feridas";"Pleno dia";"Crescente";"Céu Claro";"Simples";"Reta";"Sim";1;0;0;1;0;0;1;1;-16,264801;-48,982357;"SPRF-GO";"DEL02-GO";"UOP01-DEL02-GO"
559640;2023-11-07;"terça-feira";"06:00:00";"PR";277;72;"SAO JOSE DOS PINHAIS";"Demais falhas mecânicas ou elétricas";"Tombamento";"Com Vítimas Feridas";"Pleno dia";"Crescente";"Céu Claro";"Dupla";"Reta";"Não";2;0;2;0;0;0;2;1;-25,50457878;-49,14338411;"SPRF-PR";"DEL01-PR";"UOP07-DEL01-PR"
559641;2023-11-07;"terça-feira";"06:30:00";"SC";101;115;"ITAJAI";"Demais falhas mecânicas ou elétricas";"Tombamento";"Com Vítimas Feridas";"Pleno dia";"Crescente";"Céu Claro";"Múltipla";"Reta";"Não";2;0;2;0;0;0;2;1;-26,87064015;-48,72954134;"SPRF-SC";"DEL04-SC";"UOP04-DEL04-SC"
559644;2023-11-07;"terça-feira";"07:00:00";"MG";381;362;"JOAO MONLEVADE";"Animais na Pista";"Atropelamento de Animal";"Com Vítimas Feridas";"Pleno dia";"Decrescente";"Sol";"Simples";"Reta";"Não";2;0;1;0;1;0;1;1;-19,85985912;-43,22566968;"SPRF-MG";"DEL03-MG";"UOP01-DEL03-MG"
559648;2023-11-07;"terça-feira";"06:50:00";"SP";116;282,4;"EMBU DAS ARTES";"Condutor deixou de manter distância do veículo da frente";"Colisão traseira";"Com Vítimas Feridas";"Pleno dia";"Decrescente";"Céu Claro";"Dupla";"Reta";"Sim";1;0;1;0;0;0;1;1;-23,68570216;-46,85970975;"SPRF-SP";"DEL04-SP";"UOP01-DEL04-SP"
559649;2023-11-07;"terça-feira";"07:00:00";"PR";369;178;"ARAPONGAS";"Condutor deixou de manter distância do veículo da frente";"Colisão traseira";"Sem Vítimas";"Pleno dia";"Decrescente";"Céu Claro";"Simples";"Curva";"Sim";3;0;0;0;3;0;0;2;-23,3570705;-51,39472961;"SPRF-PR";"DEL07-PR";"UOP01-DEL07-PR"
559652;2023-11-07;"terça-feira";"06:19:00";"PI";316;111,4;"PASSAGEM FRANCA DO PIAUI";"Ausência de reação do condutor";"Saída de leito carroçável";"Com Vítimas Feridas";"Pleno dia";"Decrescente";"Céu Claro";"Simples";"Reta";"Não";3;0;2;1;0;0;3;1;-5,89065189;-42,41261288;"SPRF-PI";"DEL04-PI";"UOP02-DEL04-PI"
559653;2023-11-07;"terça-feira";"06:00:00";"GO";414;354,5;"COCALZINHO DE GOIAS";"Condutor Dormindo";"Saída de leito carroçável";"Com Vítimas Feridas";"Pleno dia";"Decrescente";"Céu Claro";"Simples";"Curva;Aclive";"Não";2;0;1;0;1;0;1;1;-15,66338114;-48,68629587;"SPRF-GO";"DEL02-GO";"UOP01-DEL02-GO"
559654;2023-11-07;"terça-feira";"07:30:00";"DF";70;6;"BRASILIA";"Reação tardia ou ineficiente do condutor";"Queda de ocupante de veículo";"Com Vítimas Feridas";"Pleno dia";"Decrescente";"Céu Claro";"Dupla";"Reta";"Sim";2;0;2;0;0;0;2;1;-15,791242;-48,105759;"SPRF-DF";"DEL03-DF";"UOP02-DEL03-DF"
559657;2023-10-22;"domingo";"19:00:00";"BA";330;815,5;"JITAUNA";"Reação tardia ou ineficiente do condutor";"Saída de leito carroçável";"Com Vítimas Feridas";"Plena Noite";"Decrescente";"Nublado";"Simples";"Curva";"Sim";2;0;2;0;0;0;2;1;-14,0164589;-39,88943594;"SPRF-BA";"DEL03-BA";"UOP01-DEL03-BA"
559658;2023-11-07;"terça-feira";"07:00:00";"MG";116;702,9;"MURIAE";"Condutor deixou de manter distância do veículo da frente";"Colisão lateral mesmo sentido";"Com Vítimas Feridas";"Pleno dia";"Crescente";"Céu Claro";"Simples";"Reta;Aclive";"Sim";3;0;1;1;0;1;2;3;-21,129755;-42,385517;"SPRF-MG";"DEL07-MG";"UOP02-DEL07-MG"
559661;2023-11-07;"terça-feira";"08:00:00";"RS";290;54;"GLORINHA";"Condutor Dormindo";"Saída de leito carroçável";"Com Vítimas Feridas";"Pleno dia";"Crescente";"Céu Claro";"Dupla";"Reta";"Não";1;0;0;1;0;0;1;1;-29,912643;-50,798103;"SPRF-RS";"DEL03-RS";"UOP01-DEL03-RS"
559662;2023-11-07;"terça-feira";"07:15:00";"PB";230;137,9;"CAMPINA GRANDE";"Ausência de reação do condutor";"Saída de leito carroçável";"Com Vítimas Feridas";"Pleno dia";"Decrescente";"Chuva";"Dupla";"Curva;Declive";"Não";3;0;1;0;2;0;1;1;-7,2766;-35,7739;"SPRF-PB";"DEL02-PB";"UOP01-DEL02-PB"
559663;2023-10-31;"terça-feira";"11:00:00";"MS";376;4;"DOURADOS";"Acessar a via sem observar a presença dos outros veículos";"Colisão transversal";"Com Vítimas Feridas";"Pleno dia";"Crescente";"Nublado";"Simples";"Retorno Regulamentado;Reta;Interseção de Vias";"Não";2;0;1;0;1;0;1;2;-22,22300006;-54,66789607;"SPRF-MS";"DEL04-MS";"UOP01-DEL04-MS"
559665;2023-11-07;"terça-feira";"08:30:00";"SC";101;125;"ITAJAI";"Ausência de reação do condutor";"Colisão com objeto";"Com Vítimas Feridas";"Pleno dia";"Decrescente";"Céu Claro";"Dupla";"Reta";"Não";2;0;1;1;0;0;2;1;-26,94802427;-48,68338515;"SPRF-SC";"DEL04-SC";"UOP04-DEL04-SC"
559666;2023-08-17;"quinta-feira";"09:45:00";"TO";10;457;"PALMAS";"Demais Fenômenos da natureza";"Colisão com objeto";"Com Vítimas Feridas";"Pleno dia";"Crescente";"Sol";"Múltipla";"Curva";"Não";2;0;0;2;0;0;2;1;-10,28149272;-48,29768311;"SPRF-TO";"DEL01-TO";"UOP03-DEL01-TO"
559667;2023-11-07;"terça-feira";"07:45:00";"DF";20;13;"BRASILIA";"Manobra de mudança de faixa";"Colisão lateral mesmo sentido";"Com Vítimas Feridas";"Pleno dia";"Decrescente";"Nublado";"Dupla";"Reta;Aclive";"Sim";2;0;1;0;1;0;1;2;-15,638752;-47,749599;"SPRF-DF";"DEL02-DF";"UOP01-DEL02-DF"
559668;2023-11-07;"terça-feira";"08:20:00";"MG";40;530,9;"CONTAGEM";"Manobra de mudança de faixa";"Colisão lateral mesmo sentido";"Com Vítimas Feridas";"Pleno dia";"Crescente";"Céu Claro";"Dupla";"Curva";"Sim";2;0;1;0;1;0;1;2;-19,92009885;-44,03832078;"SPRF-MG";"DEL01-MG";"UOP02-DEL01-MG"
559671;2023-03-28;"terça-feira";"12:20:00";"RO";364;389;"OURO PRETO DO OESTE";"Avarias e/ou desgaste excessivo no pneu";"Tombamento";"Com Vítimas Feridas";"Pleno dia";"Decrescente";"Céu Claro";"Simples";"Reta";"Não";2;0;2;0;0;0;2;1;-10,6800468863;-62,2797968616;"SPRF-RO";"DEL03-RO";"UOP02-DEL03-RO"
559673;2023-11-07;"terça-feira";"08:50:00";"SP";101;48;"UBATUBA";"Acumulo de óleo sobre o pavimento";"Tombamento";"Com Vítimas Feridas";"Pleno dia";"Crescente";"Céu Claro";"Simples";"Rotatória";"Sim";1;0;1;0;0;0;1;1;-23,43696329;-45,08768768;"SPRF-SP";"DEL06-SP";"UOP01-DEL06-SP"
559675;2023-11-07;"terça-feira";"09:10:00";"RS";116;247,8;"SAO LEOPOLDO";"Reação tardia ou ineficiente do condutor";"Colisão lateral mesmo sentido";"Com Vítimas Feridas";"Pleno dia";"Decrescente";"Céu Claro";"Dupla";"Declive;Reta;Viaduto";"Sim";2;0;1;0;1;0;1;2;-29,7711252;-51,15362541;"SPRF-RS";"DEL01-RS";"UOP02-DEL01-RS"
559676;2023-11-07;"terça-feira";"08:20:00";"MS";163;270;"DOURADOS";"Ausência de reação do condutor";"Colisão traseira";"Com Vítimas Feridas";"Pleno dia";"Crescente";"Céu Claro";"Dupla";"Rotatória";"Não";2;0;1;0;1;0;1;2;-22,194847;-54,69295;"SPRF-MS";"DEL04-MS";"UOP01-DEL04-MS"
559679;2023-11-07;"terça-feira";"09:15:00";"MG";381;486;"BETIM";"Trafegar com motocicleta (ou similar) entre as faixas";"Colisão lateral mesmo sentido";"Com Vítimas Feridas";"Pleno dia";"Decrescente";"Céu Claro";"Dupla";"Reta;Declive";"Sim";2;0;1;0;1;0;1;2;-19,95644414;-44,13611598;"SPRF-MG";"DEL01-MG";"UOP03-DEL01-MG"
559680;2023-11-07;"terça-feira";"09:26:00";"BA";324;583;"CANDEIAS";"Velocidade Incompatível";"Capotamento";"Com Vítimas Feridas";"Pleno dia";"Decrescente";"Chuva";"Dupla";"Reta";"Não";2;0;2;0;0;0;2;1;-12,6141891;-38,48700311;"SPRF-BA";"DEL01-BA";"UOP01-DEL01-BA"