"id";"data_inversa";"dia_semana";"horario";"uf";"br";"km";"municipio";"causa_acidente";"tipo_acidente";"classificacao_acidente";"fase_dia";"sentido_via";"condicao_metereologica";"tipo_pista";"tracado_via";"uso_solo";"pessoas";"mortos";"feridos_leves";"feridos_graves";"ilesos";"ignorados";"feridos";"veiculos";"latitude";"longitude";"regional";"delegacia";"uop"
559912;2023-11-08;"quarta-feira";"13:05:00";"ES";101;327,8;"GUARAPARI";"Demais falhas mecânicas ou elétricas";"Incêndio";"Sem Vítimas";"Pleno dia";"Crescente";"Sol";"Dupla";"Reta";"Sim";1;0;0;0;1;0;0;1;-20,57231099;-40,48455601;"SPRF-ES";"DEL03-ES";"UOP01-DEL03-ES"
559913;2023-11-08;"quarta-feira";"11:35:00";"PR";272;543;"TERRA ROXA";"Demais falhas mecânicas ou elétricas";"Incêndio";"Sem Vítimas";"Pleno dia";"Decrescente";"Céu Claro";"Simples";"Reta";"Não";1;0;0;0;1;0;0;1;-24,0728016;-53,99483896;"SPRF-PR";"DEL06-PR";"UOP01-DEL06-PR"
559914;2023-11-08;"quarta-feira";"12:30:00";"SC";470;55,8;"BLUMENAU";"Acessar a via sem observar a presença dos outros veículos";"Colisão transversal";"Com Vítimas Feridas";"Pleno dia";"Crescente";"Céu Claro";"Simples";"Reta";"Sim";2;0;1;0;1;0;1;2;-26,87655779;-49,12630611;"SPRF-SC";"DEL04-SC";"UOP01-DEL04-SC"
559915;2023-11-04;"sábado";"15:00:00";"RJ";101;299;"ITABORAI";"Ausência de reação do condutor";"Colisão lateral mesmo sentido";"Com Vítimas Feridas";"Pleno dia";"Crescente";"Céu Claro";"Dupla";"Reta";"Não";2;0;1;0;1;0;1;2;-22,77432673;-42,93823207;"SPRF-RJ";"DEL02-RJ";"UOP02-DEL02-RJ"
559917;2023-11-08;"quarta-feira";"13:50:00";"RS";386;395,7;"TRIUNFO";"Desvio temporário";"Saída de leito carroçável";"Com Vítimas Feridas";"Pleno dia";"Crescente";"Nublado";"Simples";"Curva;Declive;Em Obras";"Não";1;0;1;0;0;0;1;1;-29,724592;-51,635849;"SPRF-RS";"DEL04-RS";"UOP02-DEL04-RS"
559918;2023-11-08;"quarta-feira";"13:54:00";"CE";222;5;"CAUCAIA";"Condutor desrespeitou a iluminação vermelha do semáforo";"Colisão transversal";"Com Vítimas Feridas";"Pleno dia";"Crescente";"Céu Claro";"Múltipla";"Retorno Regulamentado";"Sim";2;0;1;0;1;0;1;2;-3,74296918;-38,61330997;"SPRF-CE";"DEL01-CE";"UOP01-DEL01-CE"
559919;2023-11-08;"quarta-feira";"12:30:00";"RS";116;126,9;"SAO MARCOS";"Velocidade Incompatível";"Saída de leito carroçável";"Com Vítimas Feridas";"Pleno dia";"Crescente";"Nublado";"Simples";"Curva";"Não";1;0;0;1;0;0;1;1;-29,02627594;-51,11013651;"SPRF-RS";"DEL05-RS";"UOP01-DEL05-RS"
559920;2023-11-08;"quarta-feira";"14:00:00";"GO";60;102,5;"ANAPOLIS";"Reação tardia ou ineficiente do condutor";"Colisão traseira";"Com Vítimas Feridas";"Pleno dia";"Crescente";"Céu Claro";"Dupla";"Reta;Em Obras";"Não";2;0;0;1;1;0;1;2;-16,4098;-48,9913;"SPRF-GO";"DEL02-GO";"UOP01-DEL02-GO"
559923;2023-11-08;"quarta-feira";"14:55:00";"PE";101;70;"RECIFE";"Condutor deixou de manter distância do veículo da frente";"Colisão traseira";"Com Vítimas Feridas";"Pleno dia";"Crescente";"Céu Claro";"Dupla";"Reta";"Não";2;0;1;0;1;0;1;2;-8,06776119;-34,94265074;"SPRF-PE";"DEL01-PE";"UOP01-DEL01-PE"
559924;2023-11-08;"quarta-feira";"13:50:00";"RJ";101;325;"NITEROI";"Condutor deixou de manter distância do veículo da frente";"Colisão traseira";"Com Vítimas Feridas";"Pleno dia";"Decrescente";"Céu Claro";"Simples";"Reta;Ponte";"Sim";2;0;1;0;1;0;1;2;-22,87292569;-43,13625699;"SPRF-RJ";"DEL02-RJ";"UOP01-DEL02-RJ"
559925;2023-11-08;"quarta-feira";"14:30:00";"ES";101;267,4;"SERRA";"Trafegar com motocicleta (ou similar) entre as faixas";"Colisão lateral mesmo sentido";"Com Vítimas Feridas";"Pleno dia";"Crescente";"Céu Claro";"Dupla";"Reta";"Sim";2;0;1;0;1;0;1;2;-20,19930999;-40,26884609;"SPRF-ES";"DEL02-ES";"UOP01-DEL02-ES"
559926;2023-11-08;"quarta-feira";"14:10:00";"PB";230;510;"CAJAZEIRAS";"Ingestão de álcool pelo condutor";"Saída de leito carroçável";"Com Vítimas Feridas";"Pleno dia";"Crescente";"Céu Claro";"Simples";"Reta";"Não";1;0;1;0;0;0;1;1;-6,8906;-38,5885;"SPRF-PB";"DEL03-PB";"UOP03-DEL03-PB"
559928;2023-11-08;"quarta-feira";"12:20:00";"RO";364;341;"JI-PARANA";"Reação tardia ou ineficiente do condutor";"Engavetamento";"Com Vítimas Feridas";"Pleno dia";"Crescente";"Céu Claro";"Múltipla";"Viaduto;Reta";"Sim";4;0;1;0;3;0;1;4;-10,88987987;-61,93126772;"SPRF-RO";"DEL02-RO";"UOP01-DEL02-RO"
559929;2023-11-08;"quarta-feira";"14:15:00";"RJ";465;4;"SEROPEDICA";"Reação tardia ou ineficiente do condutor";"Atropelamento de Pedestre";"Com Vítimas Feridas";"Pleno dia";"Decrescente";"Céu Claro";"Simples";"Reta";"Sim";2;0;1;0;1;0;1;2;-22,740971;-43,705597;"SPRF-RJ";"DEL01-RJ";"UOP03-DEL01-RJ"
559930;2023-11-08;"quarta-feira";"14:45:00";"SC";101;194;"BIGUACU";"Acessar a via sem observar a presença dos outros veículos";"Colisão transversal";"Com Vítimas Feridas";"Pleno dia";"Crescente";"Céu Claro";"Dupla";"Interseção de Vias";"Sim";2;0;1;0;1;0;1;2;-27,49815117;-48,65661236;"SPRF-SC";"DEL01-SC";"UOP01-DEL01-SC"
559932;2023-11-08;"quarta-feira";"15:00:00";"SP";116;210;"GUARULHOS";"Manobra de mudança de faixa";"Colisão traseira";"Com Vítimas Feridas";"Pleno dia";"Decrescente";"Céu Claro";"Dupla";"Declive;Interseção de Vias";"Sim";3;0;1;0;2;0;1;2;-23,42870023;-46,41085991;"SPRF-SP";"DEL01-SP";"UOP01-DEL01-SP"
559933;2023-11-08;"quarta-feira";"10:30:00";"MT";364;404;"CUIABA";"Ausência de reação do condutor";"Colisão transversal";"Com Vítimas Feridas";"Pleno dia";"Crescente";"Céu Claro";"Dupla";"Reta";"Não";2;0;1;0;0;1;1;2;-15,66158612;-55,97144205;"SPRF-MT";"DEL01-MT";"UOP02-DEL01-MT"
559934;2023-11-08;"quarta-feira";"15:10:00";"MG";381;355;"JOAO MONLEVADE";"Afundamento ou ondulação no pavimento";"Tombamento";"Com Vítimas Feridas";"Pleno dia";"Decrescente";"Céu Claro";"Simples";"Reta";"Não";1;0;1;0;0;0;1;1;-19,84112398;-43,199388;"SPRF-MG";"DEL03-MG";"UOP01-DEL03-MG"
559935;2023-11-06;"segunda-feira";"12:30:00";"MT";364;227;"RONDONOPOLIS";"Animais na Pista";"Eventos atípicos";"Sem Vítimas";"Pleno dia";"Crescente";"Céu Claro";"Dupla";"Curva";"Não";2;0;0;0;2;0;0;1;-16,29044795;-54,76386888;"SPRF-MT";"DEL02-MT";"UOP01-DEL02-MT"
559937;2023-11-08;"quarta-feira";"14:30:00";"PR";277;1,9;"FOZ DO IGUACU";"Desrespeitar a preferência no cruzamento";"Colisão transversal";"Com Vítimas Feridas";"Pleno dia";"Crescente";"Céu Claro";"Dupla";"Reta;Interseção de Vias";"Sim";2;0;1;0;1;0;1;2;-25,49018282;-54,58303392;"SPRF-PR";"DEL05-PR";"UOP03-DEL05-PR"
559938;2023-11-08;"quarta-feira";"14:20:00";"PR";376;182,4;"SARANDI";"Condutor Dormindo";"Colisão com objeto";"Com Vítimas Feridas";"Pleno dia";"Crescente";"Céu Claro";"Dupla";"Reta";"Sim";1;0;1;0;0;0;1;1;-23,43654;-51,879702;"SPRF-PR";"DEL09-PR";"UOP01-DEL09-PR"
559939;2023-11-08;"quarta-feira";"15:15:00";"GO";60;26;"ALEXANIA";"Ausência de reação do condutor";"Saída de leito carroçável";"Sem Vítimas";"Pleno dia";"Decrescente";"Céu Claro";"Dupla";"Reta;Aclive";"Não";2;0;0;0;2;0;0;1;-16,0963;-48,5202;"SPRF-DF";"DEL03-DF";"UOP01-DEL03-DF"
559940;2023-11-08;"quarta-feira";"15:45:00";"MG";262;364;"JUATUBA";"Ausência de reação do condutor";"Saída de leito carroçável";"Com Vítimas Feridas";"Pleno dia";"Decrescente";"Céu Claro";"Dupla";"Curva";"Não";1;0;1;0;0;0;1;1;-19,98290644;-44,24492623;"SPRF-MG";"DEL01-MG";"UOP03-DEL01-MG"
559944;2023-11-08;"quarta-feira";"14:30:00";"MS";262;709;"CORUMBA";"Pedestre andava na pista";"Atropelamento de Pedestre";"Com Vítimas Fatais";"Pleno dia";"Decrescente";"Céu Claro";"Simples";"Curva";"Não";3;1;0;0;1;1;0;2;-19,49923588;-57,43127908;"SPRF-MS";"DEL03-MS";"UOP03-DEL03-MS"
559945;2023-11-08;"quarta-feira";"09:00:00";"AP";210;3;"MACAPA";"Condutor deixou de manter distância do veículo da frente";"Colisão traseira";"Com Vítimas Feridas";"Pleno dia";"Decrescente";"Céu Claro";"Simples";"Interseção de Vias";"Sim";2;0;1;0;1;0;1;2;0,08723365;-51,08569007;"SPRF-AP";"DEL01-AP";"UOP01-DEL01-AP"
559947;2023-10-03;"terça-feira";"18:10:00";"RS";116;252;"SAPUCAIA DO SUL";"Ausência de reação do condutor";"Colisão lateral mesmo sentido";"Com Vítimas Feridas";"Anoitecer";"Decrescente";"Céu Claro";"Dupla";"Reta";"Não";2;0;1;0;1;0;1;2;-29,80913395;-51,1675292;"SPRF-RS";"DEL01-RS";"UOP02-DEL01-RS"
559949;2023-11-08;"quarta-feira";"15:40:00";"PI";343;0,2;"LUIS CORREIA";"Desrespeitar a preferência no cruzamento";"Colisão transversal";"Com Vítimas Feridas";"Pleno dia";"Crescente";"Céu Claro";"Simples";"Curva";"Não";2;0;0;1;1;0;1;2;-2,881846;-41,665638;"SPRF-PI";"DEL05-PI";"UOP01-DEL05-PI"
559951;2023-11-08;"quarta-feira";"07:30:00";"MG";40;544;"NOVA LIMA";"Trafegar com motocicleta (ou similar) entre as faixas";"Colisão transversal";"Com Vítimas Feridas";"Pleno dia";"Decrescente";"Céu Claro";"Dupla";"Reta;Declive";"Sim";2;0;1;0;1;0;1;2;-19,99848032;-43,96256558;"SPRF-MG";"DEL01-MG";"UOP02-DEL01-MG"
559953;2023-11-08;"quarta-feira";"16:20:00";"PE";101;45;"IGARASSU";"Ausência de reação do condutor";"Colisão transversal";"Com Vítimas Feridas";"Pleno dia";"Crescente";"Céu Claro";"Múltipla";"Reta;Declive";"Sim";3;0;0;1;1;1;1;3;-7,86511416;-34,90730882;"SPRF-PE";"DEL01-PE";"UOP02-DEL01-PE"
559956;2023-11-08;"quarta-feira";"16:30:00";"SC";101;147;"ITAPEMA";"Trafegar com motocicleta (ou similar) entre as faixas";"Colisão traseira";"Com Vítimas Feridas";"Pleno dia";"Decrescente";"Nublado";"Dupla";"Reta";"Sim";3;0;2;0;1;0;2;2;-27,09237407;-48,61730888;"SPRF-SC";"DEL04-SC";"UOP03-DEL04-SC"
559959;2023-11-08;"quarta-feira";"16:25:00";"SP";116;143,4;"SAO JOSE DOS CAMPOS";"Reação tardia ou ineficiente do condutor";"Colisão traseira";"Com Vítimas Feridas";"Pleno dia";"Decrescente";"Céu Claro";"Dupla";"Reta";"Sim";4;0;1;0;3;0;1;2;-23,17849879;-45,83787411;"SPRF-SP";"DEL02-SP";"UOP01-DEL02-SP"
559960;2023-11-08;"quarta-feira";"00:00:00";"MG";262;466,5;"BOM DESPACHO";"Ingestão de substâncias psicoativas pelo condutor";"Colisão traseira";"Sem Vítimas";"Plena Noite";"Decrescente";"Céu Claro";"Simples";"Reta";"Não";2;0;0;0;2;0;0;2;-19,80696129;-45,12497507;"SPRF-MG";"DEL08-MG";"UOP03-DEL08-MG"
559961;2023-11-08;"quarta-feira";"17:30:00";"PB";230;11,7;"CABEDELO";"Condutor deixou de manter distância do veículo da frente";"Colisão traseira";"Com Vítimas Feridas";"Anoitecer";"Crescente";"Céu Claro";"Dupla";"Reta";"Não";2;0;1;0;0;1;1;2;-7,0596;-34,8506;"SPRF-PB";"DEL01-PB";"UOP01-DEL01-PB"
559965;2023-11-08;"quarta-feira";"15:00:00";"MT";70;732;"CACERES";"Reação tardia ou ineficiente do condutor";"Colisão traseira";"Com Vítimas Feridas";"Pleno dia";"Crescente";"Céu Claro";"Simples";"Reta";"Não";2;0;0;1;1;0;1;2;-16,14892769;-57,63505293;"SPRF-MT";"DEL03-MT";"UOP01-DEL03-MT"
559966;2023-11-08;"quarta-feira";"17:00:00";"RJ";356;44;"ITAPERUNA";"Ausência de reação do condutor";"Saída de leito carroçável";"Com Vítimas Feridas";"Pleno dia";"Crescente";"Céu Claro";"Simples";"Curva";"Não";1;0;1;0;0;0;1;1;-21,22407961;-41,81063649;"SPRF-RJ";"DEL08-RJ";"UOP03-DEL08-RJ"
559967;2023-11-08;"quarta-feira";"17:00:00";"RS";158;326;"SANTA MARIA";"Ausência de sinalização";"Colisão lateral mesmo sentido";"Sem Vítimas";"Pleno dia";"Decrescente";"Céu Claro";"Simples";"Viaduto;Rotatória;Curva;Em Obras";"Sim";4;0;0;0;4;0;0;2;-29,70975376;-53,80284617;"SPRF-RS";"DEL09-RS";"UOP01-DEL09-RS"
559968;2023-11-08;"quarta-feira";"15:10:00";"RJ";101;273;"TANGUA";"Reação tardia ou ineficiente do condutor";"Saída de leito carroçável";"Com Vítimas Feridas";"Pleno dia";"Crescente";"Céu Claro";"Dupla";"Reta";"Não";1;0;1;0;0;0;1;1;-22,7316093;-42,71051285;"SPRF-RJ";"DEL02-RJ";"UOP03-DEL02-RJ"
559970;2023-11-08;"quarta-feira";"18:15:00";"RS";116;246,5;"SAO LEOPOLDO";"Manobra de mudança de faixa";"Colisão lateral mesmo sentido";"Com Vítimas Feridas";"Anoitecer";"Decrescente";"Céu Claro";"Dupla";"Reta;Ponte";"Sim";2;0;1;0;1;0;1;2;-29,75897544;-51,15187168;"SPRF-RS";"DEL01-RS";"UOP02-DEL01-RS"
559971;2023-11-08;"quarta-feira";"16:40:00";"PI";316;219,1;"VALENCA DO PIAUI";"Avarias e/ou desgaste excessivo no pneu";"Saída de leito carroçável";"Com Vítimas Feridas";"Pleno dia";"Decrescente";"Céu Claro";"Simples";"Reta;Em Obras";"Não";5;0;4;0;1;0;4;1;-6,46407203;-41,7452732;"SPRF-PI";"DEL04-PI";"UOP02-DEL04-PI"
559972;2023-11-08;"quarta-feira";"18:02:00";"PB";230;74;"SOBRADO";"Animais na Pista";"Atropelamento de Animal";"Com Vítimas Feridas";"Plena Noite";"Decrescente";"Céu Claro";"Dupla";"Reta";"Não";1;0;0;1;0;0;1;1;-7,1894;-35,2596;"SPRF-PB";"DEL01-PB";"UOP03-DEL01-PB"
559974;2023-11-08;"quarta-feira";"18:25:00";"SC";280;129;"RIO NEGRINHO";"Ingestão de álcool pelo condutor";"Colisão traseira";"Sem Vítimas";"Amanhecer";"Crescente";"Céu Claro";"Simples";"Rotatória";"Sim";2;0;0;0;2;0;0;2;-26,24586437;-49,52284615;"SPRF-SC";"DEL06-SC";"UOP03-DEL06-SC"
559975;2023-11-08;"quarta-feira";"18:45:00";"SP";381;44;"ATIBAIA";"Demais falhas mecânicas ou elétricas";"Incêndio";"Sem Vítimas";"Plena Noite";"Decrescente";"Céu Claro";"Dupla";"Reta";"Sim";1;0;0;0;1;0;0;1;-23,16458615;-46,57418959;"SPRF-SP";"DEL03-SP";"UOP01-DEL03-SP"
559976;2023-11-08;"quarta-feira";"18:35:00";"SC";280;7,6;"SAO FRANCISCO DO SUL";"Ausência de reação do condutor";"Colisão transversal";"Com Vítimas Feridas";"Anoitecer";"Crescente";"Céu Claro";"Simples";"Reta";"Sim";2;0;1;0;1;0;1;2;-26,27127101;-48,64129599;"SPRF-SC";"DEL03-SC";"UOP03-DEL03-SC"
559977;2023-11-08;"quarta-feira";"17:32:00";"RS";392;344;"SANTA MARIA";"Ausência de reação do condutor";"Saída de leito carroçável";"Com Vítimas Feridas";"Pleno dia";"Crescente";"Nublado";"Dupla";"Reta;Aclive";"Não";3;0;1;0;1;1;1;2;-29,79211823;-53,78056526;"SPRF-RS";"DEL09-RS";"UOP01-DEL09-RS"
559978;2023-11-08;"quarta-feira";"18:10:00";"PE";101;70,3;"RECIFE";"Ausência de reação do condutor";"Colisão lateral mesmo sentido";"Com Vítimas Feridas";"Plena Noite";"Decrescente";"Céu Claro";"Múltipla";"Reta";"Sim";2;0;1;0;1;0;1;2;-8,070849;-34,942424;"SPRF-PE";"DEL01-PE";"UOP01-DEL01-PE"
559979;2023-11-08;"quarta-feira";"15:30:00";"RJ";116;222;"PARACAMBI";"Demais falhas mecânicas ou elétricas";"Incêndio";"Sem Vítimas";"Pleno dia";"Crescente";"Céu Claro";"Dupla";"Curva";"Não";1;0;0;0;1;0;0;1;-22,6896952;-43,79175108;"SPRF-RJ";"DEL07-RJ";"UOP01-DEL07-RJ"
559980;2023-11-08;"quarta-feira";"18:33:00";"CE";116;14;"FORTALEZA";"Ingestão de álcool e/ou substâncias psicoativas pelo pedestre";"Atropelamento de Pedestre";"Com Vítimas Feridas";"Plena Noite";"Decrescente";"Céu Claro";"Múltipla";"Reta";"Sim";2;0;1;0;1;0;1;2;-3,86973356;-38,49827361;"SPRF-CE";"DEL01-CE";"UOP02-DEL01-CE"
559981;2023-11-08;"quarta-feira";"17:45:00";"PR";476;168,2;"CONTENDA";"Reação tardia ou ineficiente do condutor";"Colisão traseira";"Com Vítimas Feridas";"Pleno dia";"Crescente";"Sol";"Simples";"Curva";"Não";6;0;3;0;3;0;3;2;-25,6679246;-49,4982317;"SPRF-PR";"DEL01-PR";"UOP06-DEL01-PR"
559983;2023-11-08;"quarta-feira";"19:20:00";"GO";60;92;"ANAPOLIS";"Objeto estático sobre o leito carroçável";"Colisão com objeto";"Com Vítimas Feridas";"Plena Noite";"Crescente";"Céu Claro";"Dupla";"Reta";"Sim";1;0;1;0;0;0;1;1;-16,353;-48,9178;"SPRF-GO";"DEL02-GO";"UOP01-DEL02-GO"
559984;2023-11-08;"quarta-feira";"19:00:00";"RJ";40;122;"DUQUE DE CAXIAS";"Ausência de reação do condutor";"Queda de ocupante de veículo";"Com Vítimas Feridas";"Plena Noite";"Decrescente";"Céu Claro";"Dupla";"Reta";"Não";2;0;1;0;1;0;1;1;-22,79083113;-43,28611569;"SPRF-RJ";"DEL01-RJ";"UOP01-DEL01-RJ"
559985;2023-11-08;"quarta-feira";"18:50:00";"PE";101;78;"RECIFE";"Manobra de mudança de faixa";"Colisão lateral mesmo sentido";"Com Vítimas Feridas";"Plena Noite";"Decrescente";"Céu Claro";"Dupla";"Reta";"Sim";3;0;1;1;0;1;2;2;-8,128392;-34,943858;"SPRF-PE";"DEL01-PE";"UOP01-DEL01-PE"
559986;2023-11-08;"quarta-feira";"19:20:00";"ES";101;214,7;"IBIRACU";"Suicídio (presumido)";"Atropelamento de Pedestre";"Com Vítimas Feridas";"Plena Noite";"Decrescente";"Céu Claro";"Simples";"Curva";"Sim";2;0;1;0;1;0;1;2;-19,82859635;-40,36870707;"SPRF-ES";"DEL02-ES";"UOP01-DEL02-ES"
559987;2023-10-27;"sexta-feira";"17:47:00";"PR";277;49;"MORRETES";"Chuva";"Colisão com objeto";"Com Vítimas Feridas";"Pleno dia";"Crescente";"Chuva";"Dupla";"Reta";"Não";1;0;1;0;0;0;1;1;-25,59243579;-48,89076291;"SPRF-PR";"DEL01-PR";"UOP01-DEL01-PR"
559988;2023-11-08;"quarta-feira";"19:30:00";"SC";101;145;"ITAPEMA";"Avarias e/ou desgaste excessivo no pneu";"Queda de ocupante de veículo";"Com Vítimas Feridas";"Plena Noite";"Crescente";"Céu Claro";"Dupla";"Reta";"Sim";2;0;2;0;0;0;2;1;-27,08139206;-48,60130993;"SPRF-SC";"DEL04-SC";"UOP03-DEL04-SC"
559990;2023-11-08;"quarta-feira";"19:20:00";"RN";304;297;"MACAIBA";"Entrada inopinada do pedestre";"Atropelamento de Pedestre";"Com Vítimas Fatais";"Plena Noite";"Decrescente";"Céu Claro";"Dupla";"Reta;Aclive";"Sim";2;1;0;0;1;0;0;2;-5,86455068;-35,34633463;"SPRF-RN";"DEL01-RN";"UOP02-DEL01-RN"
559991;2023-11-08;"quarta-feira";"19:20:00";"SC";470;63,5;"INDAIAL";"Transitar na contramão";"Colisão lateral sentido oposto";"Com Vítimas Feridas";"Plena Noite";"Decrescente";"Céu Claro";"Simples";"Curva";"Não";2;0;1;0;0;1;1;2;-26,872396;-49,19228;"SPRF-SC";"DEL04-SC";"UOP01-DEL04-SC"
559992;2023-11-08;"quarta-feira";"18:14:00";"PE";408;26;"TIMBAUBA";"Manobra de mudança de faixa";"Colisão transversal";"Com Vítimas Feridas";"Plena Noite";"Crescente";"Céu Claro";"Simples";"Reta";"Não";2;0;1;0;0;1;1;2;-7,52257159;-35,29948406;"SPRF-PE";"DEL01-PE";"UOP02-DEL01-PE"
559993;2023-11-08;"quarta-feira";"19:50:00";"BA";367;34,7;"PORTO SEGURO";"Pedestre andava na pista";"Atropelamento de Pedestre";"Com Vítimas Fatais";"Plena Noite";"Decrescente";"Céu Claro";"Simples";"Reta";"Sim";2;1;0;0;0;1;0;2;-16,41415489;-39,16220395;"SPRF-BA";"DEL09-BA";"UOP03-DEL09-BA"
559995;2023-11-08;"quarta-feira";"16:40:00";"RS";285;189,8;"LAGOA VERMELHA";"Transitar no Acostamento";"Tombamento";"Com Vítimas Feridas";"Pleno dia";"Crescente";"Céu Claro";"Simples";"Curva;Declive";"Não";1;0;1;0;0;0;1;1;-28,273321;-51,468895;"SPRF-RS";"DEL08-RS";"UOP05-DEL08-RS"
559996;2023-11-05;"domingo";"17:00:00";"RS";470;154;"NOVA PRATA";"Acessar a via sem observar a presença dos outros veículos";"Colisão transversal";"Sem Vítimas";"Pleno dia";"Decrescente";"Céu Claro";"Simples";"Reta;Aclive;Interseção de Vias";"Sim";5;0;0;0;5;0;0;2;-28,77711311;-51,61126545;"SPRF-RS";"DEL06-RS";"UOP02-DEL06-RS"
559999;2023-11-08;"quarta-feira";"19:25:00";"RS";116;144,8;"CAXIAS DO SUL";"Velocidade Incompatível";"Colisão com objeto";"Com Vítimas Feridas";"Plena Noite";"Decrescente";"Céu Claro";"Dupla";"Interseção de Vias;Retorno Regulamentado;Reta";"Sim";5;0;0;3;1;1;3;4;-29,1349194;-51,13032818;"SPRF-RS";"DEL05-RS";"UOP01-DEL05-RS"
560000;2023-10-07;"sábado";"09:00:00";"PI";316;0;"PICOS";"Acessar a via sem observar a presença dos outros veículos";"Colisão transversal";"Com Vítimas Feridas";"Pleno dia";"Crescente";"Céu Claro";"Simples";"Reta";"Sim";2;0;0;1;1;0;1;2;-7,08913873;-41,40609741;"SPRF-PI";"DEL04-PI";"UOP01-DEL04-PI"
560001;2023-11-08;"quarta-feira";"21:20:00";"RS";285;473,1;"CORONEL BARROS";"Acostamento em desnível";"Saída de leito carroçável";"Com Vítimas Feridas";"Plena Noite";"Crescente";"Céu Claro";"Simples";"Reta;Aclive";"Não";4;0;2;0;1;1;2;2;-28,38354736;-54,03676987;"SPRF-RS";"DEL10-RS";"UOP01-DEL10-RS"
560002;2023-11-08;"quarta-feira";"20:40:00";"SC";280;23,1;"ARAQUARI";"Transitar no Acostamento";"Queda de ocupante de veículo";"Com Vítimas Feridas";"Plena Noite";"Crescente";"Nublado";"Simples";"Curva";"Sim";1;0;1;0;0;0;1;1;-26,37146;-48,711887;"SPRF-SC";"DEL03-SC";"UOP03-DEL03-SC"
560003;2023-11-08;"quarta-feira";"19:30:00";"SC";101;337;"TUBARAO";"Reação tardia ou ineficiente do condutor";"Colisão com objeto";"Com Vítimas Feridas";"Plena Noite";"Crescente";"Céu Claro";"Dupla";"Túnel";"Não";3;0;1;0;2;0;1;1;-28,47801624;-49,03246283;"SPRF-SC";"DEL02-SC";"UOP01-DEL02-SC"
560004;2023-11-08;"quarta-feira";"20:57:00";"RN";101;96;"NATAL";"Manobra de mudança de faixa";"Colisão lateral mesmo sentido";"Com Vítimas Feridas";"Plena Noite";"Decrescente";"Céu Claro";"Dupla";"Reta";"Sim";2;0;1;0;1;0;1;2;-5,8520328;-35,210147;"SPRF-RN";"DEL01-RN";"UOP01-DEL01-RN"
560005;2023-11-08;"quarta-feira";"19:45:00";"PR";277;343;"GUARAPUAVA";"Reação tardia ou ineficiente do condutor";"Tombamento";"Com Vítimas Feridas";"Plena Noite";"Crescente";"Céu Claro";"Dupla";"Viaduto";"Sim";3;0;3;0;0;0;3;1;-25,36460246;-51,47691679;"SPRF-PR";"DEL08-PR";"UOP01-DEL08-PR"
560006;2023-11-08;"quarta-feira";"14:05:00";"AM";174;935;"MANAUS";"Condutor Dormindo";"Saída de leito carroçável";"Sem Vítimas";"Pleno dia";"Decrescente";"Nublado";"Simples";"Reta;Aclive";"Não";2;0;0;0;1;1;0;1;-2,52340538;-60,03729522;"SPRF-AM";"DEL01-AM";"UOP01-DEL01-AM"
560008;2023-11-08;"quarta-feira";"22:20:00";"SC";101;213,5;"PALHOCA";"Desrespeitar a preferência no cruzamento";"Colisão transversal";"Com Vítimas Feridas";"Plena Noite";"Decrescente";"Céu Claro";"Dupla";"Interseção de Vias";"Sim";2;0;0;1;1;0;1;2;-27,63697369;-48,66514142;"SPRF-SC";"DEL01-SC";"UOP02-DEL01-SC"
560009;2023-11-08;"quarta-feira";"18:30:00";"RJ";40;108;"DUQUE DE CAXIAS";"Condutor deixou de manter distância do veículo da frente";"Colisão traseira";"Com Vítimas Feridas";"Plena Noite";"Decrescente";"Céu Claro";"Dupla";"Reta";"Sim";2;0;1;0;1;0;1;2;-22,66476979;-43,28495144;"SPRF-RJ";"DEL01-RJ";"UOP01-DEL01-RJ"
560010;2023-11-08;"quarta-feira";"22:00:00";"RJ";40;106;"DUQUE DE CAXIAS";"Ausência de reação do condutor";"Tombamento";"Sem Vítimas";"Plena Noite";"Decrescente";"Céu Claro";"Dupla";"Reta";"Sim";1;0;0;0;1;0;0;1;-22,64679;-43,283726;"SPRF-RJ";"DEL01-RJ";"UOP01-DEL01-RJ"
560012;2023-11-08;"quarta-feira";"22:15:00";"PR";376;182;"SARANDI";"Desrespeitar a preferência no cruzamento";"Colisão transversal";"Com Vítimas Feridas";"Plena Noite";"Decrescente";"Céu Claro";"Dupla";"Rotatória";"Sim";2;0;1;0;1;0;1;2;-23,43157185;-51,88718319;"SPRF-PR";"DEL09-PR";"UOP01-DEL09-PR"
560013;2023-11-08;"quarta-feira";"22:50:00";"MG";356;281,6;"EUGENOPOLIS";"Condutor deixou de manter distância do veículo da frente";"Colisão traseira";"Com Vítimas Feridas";"Plena Noite";"Decrescente";"Nublado";"Simples";"Curva;Declive";"Não";2;0;2;0;0;0;2;2;-21,12659765;-42,23589903;"SPRF-MG";"DEL07-MG";"UOP02-DEL07-MG"
560014;2023-11-08;"quarta-feira";"19:00:00";"RJ";116;78;"TERESOPOLIS";"Acessar a via sem observar a presença dos outros veículos";"Colisão transversal";"Com Vítimas Feridas";"Plena Noite";"Decrescente";"Céu Claro";"Simples";"Reta";"Não";4;0;1;0;3;0;1;2;-22,37408687;-42,95260496;"SPRF-RJ";"DEL04-RJ";"UOP01-DEL04-RJ"