"id";"data_inversa";"dia_semana";"horario";"uf";"br";"km";"municipio";"causa_acidente";"tipo_acidente";"classificacao_acidente";"fase_dia";"sentido_via";"condicao_metereologica";"tipo_pista";"tracado_via";"uso_solo";"pessoas";"mortos";"feridos_leves";"feridos_graves";"ilesos";"ignorados";"feridos";"veiculos";"latitude";"longitude";"regional";"delegacia";"uop"
560015;2023-11-08;"quarta-feira";"22:00:00";"RS";285;304,7;"PASSO FUNDO";"Condutor deixou de manter distância do veículo da frente";"Saída de leito carroçável";"Com Vítimas Feridas";"Plena Noite";"Crescente";"Nublado";"Simples";"Reta;Declive";"Sim";1;0;1;0;0;0;1;1;-28,22742378;-52,48400688;"SPRF-RS";"DEL08-RS";"UOP03-DEL08-RS"
560017;2023-11-08;"quarta-feira";"23:40:00";"RS";116;391,8;"CAMAQUA";"Mal súbito do condutor";"Colisão com objeto";"Com Vítimas Feridas";"Plena Noite";"Decrescente";"Nublado";"Dupla";"Reta";"Não";1;0;1;0;0;0;1;1;-30,832005;-51,730518;"SPRF-RS";"DEL02-RS";"UOP02-DEL02-RS"
560018;2023-11-08;"quarta-feira";"23:30:00";"SC";101;208;"SAO JOSE";"Manobra de mudança de faixa";"Colisão lateral mesmo sentido";"Com Vítimas Feridas";"Plena Noite";"Decrescente";"Céu Claro";"Múltipla";"Reta;Interseção de Vias";"Sim";2;0;0;1;1;0;1;2;-27,60515742;-48,63351345;"SPRF-SC";"DEL01-SC";"UOP01-DEL01-SC"
560021;2023-11-08;"quarta-feira";"22:40:00";"RJ";465;18,5;"NOVA IGUACU";"Reação tardia ou ineficiente do condutor";"Atropelamento de Pedestre";"Com Vítimas Feridas";"Plena Noite";"Decrescente";"Céu Claro";"Simples";"Reta";"Sim";2;0;1;0;0;1;1;2;-22,831354;-43,615128;"SPRF-RJ";"DEL03-RJ";"UOP01-DEL03-RJ"
560028;2023-11-08;"quarta-feira";"20:00:00";"RO";364;711;"PORTO VELHO";"Acumulo de areia ou detritos sobre o pavimento";"Queda de ocupante de veículo";"Com Vítimas Feridas";"Plena Noite";"Decrescente";"Céu Claro";"Simples";"Reta";"Sim";1;0;1;0;0;0;1;1;-8,77600176;-63,87557387;"SPRF-RO";"DEL01-RO";"UOP01-DEL01-RO"
560030;2023-11-08;"quarta-feira";"18:50:00";"MG";381;521;"BRUMADINHO";"Ingestão de álcool pelo condutor";"Colisão com objeto";"Sem Vítimas";"Plena Noite";"Decrescente";"Céu Claro";"Dupla";"Curva;Aclive";"Não";2;0;0;0;2;0;0;1;-20,13846621;-44,31715274;"SPRF-MG";"DEL04-MG";"UOP03-DEL04-MG"
560032;2023-11-09;"quinta-feira";"04:40:00";"SC";101;90,8;"BARRA VELHA";"Afundamento ou ondulação no pavimento";"Tombamento";"Com Vítimas Feridas";"Amanhecer";"Crescente";"Céu Claro";"Múltipla";"Reta";"Sim";1;0;1;0;0;0;1;1;-26,676498;-48,69180858;"SPRF-SC";"DEL03-SC";"UOP02-DEL03-SC"
560033;2023-11-08;"quarta-feira";"20:40:00";"PI";230;306;"FLORIANO";"Animais na Pista";"Atropelamento de Animal";"Com Vítimas Feridas";"Plena Noite";"Decrescente";"Ignorado";"Dupla";"Rotatória;Reta";"Sim";2;0;2;0;0;0;2;1;-6,79173488;-42,98594092;"SPRF-PI";"DEL03-PI";"UOP01-DEL03-PI"
560034;2023-11-09;"quinta-feira";"05:08:00";"GO";40;4,2;"VALPARAISO DE GOIAS";"Animais na Pista";"Atropelamento de Animal";"Com Vítimas Feridas";"Plena Noite";"Decrescente";"Céu Claro";"Dupla";"Reta";"Sim";1;0;1;0;0;0;1;1;-16,08551658;-47,9864037;"SPRF-DF";"DEL01-DF";"UOP01-DEL01-DF"
560036;2023-04-17;"segunda-feira";"07:42:00";"PE";101;57,5;"PAULISTA";"Declive acentuado";"Colisão traseira";"Com Vítimas Feridas";"Pleno dia";"Crescente";"Céu Claro";"Dupla";"Declive";"Sim";2;0;2;0;0;0;2;2;-7,96346213;-34,91513486;"SPRF-PE";"DEL01-PE";"UOP02-DEL01-PE"
560037;2023-11-09;"quinta-feira";"06:50:00";"RJ";40;45,5;"PETROPOLIS";"Entrada inopinada do pedestre";"Atropelamento de Pedestre";"Com Vítimas Feridas";"Pleno dia";"Crescente";"Céu Claro";"Múltipla";"Reta";"Não";3;0;1;0;2;0;1;2;-22,27821816;-43,11580971;"SPRF-RJ";"DEL05-RJ";"UOP02-DEL05-RJ"
560038;2023-11-09;"quinta-feira";"03:30:00";"SP";116;228;"SAO PAULO";"Pedestre andava na pista";"Atropelamento de Pedestre";"Com Vítimas Fatais";"Amanhecer";"Decrescente";"Céu Claro";"Múltipla";"Reta";"Sim";2;1;0;0;1;0;0;2;-23,53288115;-46,53456116;"SPRF-SP";"DEL01-SP";"UOP01-DEL01-SP"
560041;2023-11-09;"quinta-feira";"07:02:00";"MG";381;491;"BETIM";"Ausência de reação do condutor";"Tombamento";"Com Vítimas Feridas";"Pleno dia";"Decrescente";"Céu Claro";"Dupla";"Reta";"Sim";1;0;0;1;0;0;1;1;-19,97018187;-44,18210416;"SPRF-MG";"DEL01-MG";"UOP03-DEL01-MG"
560043;2023-11-09;"quinta-feira";"07:15:00";"SC";470;58,3;"BLUMENAU";"Acessar a via sem observar a presença dos outros veículos";"Colisão transversal";"Com Vítimas Feridas";"Pleno dia";"Crescente";"Céu Claro";"Simples";"Reta;Em Obras";"Não";3;0;1;0;2;0;1;2;-26,883879;-49,145622;"SPRF-SC";"DEL04-SC";"UOP01-DEL04-SC"
560044;2023-11-09;"quinta-feira";"06:10:00";"ES";101;269,7;"SERRA";"Trafegar com motocicleta (ou similar) entre as faixas";"Colisão lateral mesmo sentido";"Com Vítimas Feridas";"Pleno dia";"Crescente";"Sol";"Múltipla";"Reta";"Não";2;0;1;0;1;0;1;2;-20,2234044;-40,270447;"SPRF-ES";"DEL02-ES";"UOP01-DEL02-ES"
560046;2023-11-09;"quinta-feira";"06:00:00";"MG";40;45;"PARACATU";"Acessar a via sem observar a presença dos outros veículos";"Colisão transversal";"Com Vítimas Feridas";"Amanhecer";"Decrescente";"Céu Claro";"Simples";"Reta;Declive";"Sim";2;0;1;0;1;0;1;2;-17,23557257;-46,84580984;"SPRF-MG";"DEL14-MG";"UOP01-DEL14-MG"
560048;2023-11-09;"quinta-feira";"07:15:00";"DF";40;0,3;"BRASILIA";"Condutor deixou de manter distância do veículo da frente";"Colisão traseira";"Com Vítimas Feridas";"Pleno dia";"Decrescente";"Céu Claro";"Dupla";"Reta";"Sim";2;0;1;0;1;0;1;2;-15,976897;-47,990129;"SPRF-DF";"DEL01-DF";"UOP01-DEL01-DF"
560049;2023-11-09;"quinta-feira";"08:00:00";"RN";101;99,4;"PARNAMIRIM";"Acessar a via sem observar a presença dos outros veículos";"Colisão lateral mesmo sentido";"Com Vítimas Feridas";"Pleno dia";"Decrescente";"Céu Claro";"Múltipla";"Interseção de Vias";"Sim";3;0;1;0;2;0;1;2;-5,87359183;-35,22063023;"SPRF-RN";"DEL01-RN";"UOP01-DEL01-RN"
560050;2023-11-09;"quinta-feira";"07:10:00";"SP";116;271;"TABOAO DA SERRA";"Reação tardia ou ineficiente do condutor";"Queda de ocupante de veículo";"Com Vítimas Feridas";"Amanhecer";"Decrescente";"Céu Claro";"Dupla";"Reta";"Sim";1;0;1;0;0;0;1;1;-23,61809286;-46,80556302;"SPRF-SP";"DEL04-SP";"UOP01-DEL04-SP"
560052;2023-11-09;"quinta-feira";"07:40:00";"PR";277;74;"SAO JOSE DOS PINHAIS";"Manobra de mudança de faixa";"Colisão lateral mesmo sentido";"Com Vítimas Feridas";"Pleno dia";"Crescente";"Céu Claro";"Dupla";"Reta";"Sim";2;0;1;0;1;0;1;2;-25,51726115;-49,11540707;"SPRF-PR";"DEL01-PR";"UOP07-DEL01-PR"
560055;2023-11-09;"quinta-feira";"08:00:00";"SP";116;206;"GUARULHOS";"Manobra de mudança de faixa";"Colisão lateral mesmo sentido";"Com Vítimas Feridas";"Pleno dia";"Crescente";"Céu Claro";"Dupla";"Reta";"Sim";2;0;1;0;1;0;1;2;-23,41722629;-46,37510292;"SPRF-SP";"DEL01-SP";"UOP01-DEL01-SP"
560056;2023-11-09;"quinta-feira";"07:30:00";"SC";116;4,5;"MAFRA";"Desrespeitar a preferência no cruzamento";"Colisão transversal";"Com Vítimas Feridas";"Pleno dia";"Crescente";"Céu Claro";"Simples";"Interseção de Vias;Rotatória;Viaduto";"Sim";6;0;4;0;2;0;4;2;-26,13908471;-49,81265545;"SPRF-SC";"DEL06-SC";"UOP01-DEL06-SC"
560059;2023-03-02;"quinta-feira";"10:27:00";"RJ";101;297;"ITABORAI";"Ausência de reação do condutor";"Tombamento";"Com Vítimas Feridas";"Pleno dia";"Crescente";"Céu Claro";"Dupla";"Reta";"Sim";2;0;0;1;1;0;1;1;-22,76942037;-42,91873581;"SPRF-RJ";"DEL02-RJ";"UOP02-DEL02-RJ"
560061;2023-11-09;"quinta-feira";"08:40:00";"PB";230;13;"CABEDELO";"Condutor deixou de manter distância do veículo da frente";"Engavetamento";"Sem Vítimas";"Pleno dia";"Crescente";"Céu Claro";"Dupla";"Reta";"Sim";3;0;0;0;3;0;0;3;-7,0772;-34,8494;"SPRF-PB";"DEL01-PB";"UOP01-DEL01-PB"
560063;2023-11-09;"quinta-feira";"07:46:00";"PE";232;333,6;"CUSTODIA";"Manobra de mudança de faixa";"Colisão transversal";"Com Vítimas Feridas";"Pleno dia";"Decrescente";"Céu Claro";"Simples";"Reta";"Sim";2;0;0;1;1;0;1;2;-8,0886886;-37,62796997;"SPRF-PE";"DEL04-PE";"UOP02-DEL04-PE"
560065;2023-11-09;"quinta-feira";"10:00:00";"SP";116;227;"GUARULHOS";"Reação tardia ou ineficiente do condutor";"Engavetamento";"Com Vítimas Feridas";"Pleno dia";"Crescente";"Céu Claro";"Múltipla";"Reta";"Sim";4;0;1;0;3;0;1;4;-23,49659264;-46,55648754;"SPRF-SP";"DEL01-SP";"UOP01-DEL01-SP"
560067;2023-11-09;"quinta-feira";"10:10:00";"PB";230;19,6;"JOAO PESSOA";"Demais falhas mecânicas ou elétricas";"Queda de ocupante de veículo";"Com Vítimas Feridas";"Pleno dia";"Crescente";"Céu Claro";"Dupla";"Curva;Aclive";"Sim";2;0;2;0;0;0;2;1;-7,1281;-34,8466;"SPRF-PB";"DEL01-PB";"UOP01-DEL01-PB"
560068;2023-11-09;"quinta-feira";"10:20:00";"RS";116;243,9;"SAO LEOPOLDO";"Condutor deixou de manter distância do veículo da frente";"Colisão traseira";"Com Vítimas Feridas";"Pleno dia";"Decrescente";"Céu Claro";"Dupla";"Reta";"Sim";2;0;1;0;1;0;1;2;-29,73196199;-51,14952004;"SPRF-RS";"DEL01-RS";"UOP02-DEL01-RS"
560070;2023-11-09;"quinta-feira";"10:00:00";"RJ";101;484;"ANGRA DOS REIS";"Acessar a via sem observar a presença dos outros veículos";"Colisão lateral mesmo sentido";"Com Vítimas Feridas";"Pleno dia";"Crescente";"Céu Claro";"Simples";"Interseção de Vias";"Não";2;0;1;0;1;0;1;2;-22,9909630774;-44,3042988234;"SPRF-RJ";"DEL03-RJ";"UOP03-DEL03-RJ"
560071;2023-10-28;"sábado";"17:40:00";"PE";101;48;"ABREU E LIMA";"Ausência de reação do condutor";"Colisão traseira";"Com Vítimas Feridas";"Anoitecer";"Crescente";"Ignorado";"Múltipla";"Reta";"Sim";2;0;1;0;0;1;1;2;-7,89272139;-34,90348399;"SPRF-PE";"DEL01-PE";"UOP02-DEL01-PE"
560074;2023-08-09;"quarta-feira";"21:01:00";"MG";365;851;"SANTA VITORIA";"Ausência de reação do condutor";"Colisão lateral mesmo sentido";"Sem Vítimas";"Plena Noite";"Crescente";"Céu Claro";"Simples";"Reta";"Não";2;0;0;0;0;2;0;1;-19,01825662;-50,32731611;"SPRF-MG";"DEL15-MG";"UOP03-DEL15-MG"
560077;2023-11-09;"quinta-feira";"07:33:00";"RO";435;73;"COLORADO DO OESTE";"Avarias e/ou desgaste excessivo no pneu";"Queda de ocupante de veículo";"Com Vítimas Feridas";"Pleno dia";"Crescente";"Céu Claro";"Simples";"Reta";"Não";2;0;1;0;1;0;1;1;-13,1038111;-60,4273343;"SPRF-RO";"DEL04-RO";"UOP02-DEL04-RO"
560079;2023-11-09;"quinta-feira";"10:30:00";"PE";423;84;"SAO JOAO";"Reação tardia ou ineficiente do condutor";"Engavetamento";"Com Vítimas Feridas";"Pleno dia";"Decrescente";"Céu Claro";"Simples";"Reta;Declive";"Não";3;0;0;1;2;0;1;3;-8,798195;-36,43809;"SPRF-PE";"DEL03-PE";"UOP01-DEL03-PE"
560083;2023-11-09;"quinta-feira";"11:30:00";"RS";116;242;"SAO LEOPOLDO";"Ausência de reação do condutor";"Colisão traseira";"Com Vítimas Feridas";"Pleno dia";"Crescente";"Nublado";"Dupla";"Reta";"Não";2;0;1;0;1;0;1;2;-29,72297087;-51,14858729;"SPRF-RS";"DEL01-RS";"UOP02-DEL01-RS"
560084;2023-11-09;"quinta-feira";"10:00:00";"RO";364;425;"JARU";"Desrespeitar a preferência no cruzamento";"Colisão transversal";"Com Vítimas Feridas";"Pleno dia";"Decrescente";"Céu Claro";"Simples";"Interseção de Vias";"Não";2;0;1;0;1;0;1;2;-10,43752488;-62,47169791;"SPRF-RO";"DEL03-RO";"UOP02-DEL03-RO"
560089;2023-11-09;"quinta-feira";"10:30:00";"RS";293;175;"BAGE";"Demais falhas mecânicas ou elétricas";"Incêndio";"Sem Vítimas";"Pleno dia";"Decrescente";"Céu Claro";"Simples";"Reta";"Não";3;0;0;0;3;0;0;1;-31,31783088;-54,00275695;"SPRF-RS";"DEL11-RS";"UOP03-DEL11-RS"
560090;2023-09-02;"sábado";"22:30:00";"PI";407;423;"PICOS";"Ingestão de álcool pelo condutor";"Colisão transversal";"Com Vítimas Feridas";"Plena Noite";"Decrescente";"Céu Claro";"Simples";"Reta";"Sim";4;0;1;0;1;2;1;3;-7,08046946;-41,45903631;"SPRF-PI";"DEL04-PI";"UOP01-DEL04-PI"
560091;2023-11-09;"quinta-feira";"11:45:00";"RJ";101;318;"SAO GONCALO";"Reação tardia ou ineficiente do condutor";"Colisão traseira";"Sem Vítimas";"Pleno dia";"Crescente";"Céu Claro";"Dupla";"Reta";"Não";2;0;0;0;2;0;0;2;-22,84562994;-43,09841211;"SPRF-RJ";"DEL02-RJ";"UOP02-DEL02-RJ"
560093;2023-11-09;"quinta-feira";"12:37:00";"RN";304;292,7;"MACAIBA";"Estacionar ou parar em local proibido";"Engavetamento";"Sem Vítimas";"Pleno dia";"Crescente";"Sol";"Simples";"Curva";"Não";3;0;0;0;3;0;0;3;-5,86807684;-35,38497498;"SPRF-RN";"DEL01-RN";"UOP02-DEL01-RN"
560094;2023-11-09;"quinta-feira";"12:10:00";"PR";376;619;"SAO JOSE DOS PINHAIS";"Ausência de reação do condutor";"Colisão traseira";"Com Vítimas Feridas";"Pleno dia";"Decrescente";"Nublado";"Dupla";"Reta";"Não";2;0;1;0;1;0;1;2;-25,60034699;-49,17355691;"SPRF-PR";"DEL01-PR";"UOP04-DEL01-PR"
560095;2023-11-09;"quinta-feira";"11:55:00";"MA";10;259,8;"IMPERATRIZ";"Avarias e/ou desgaste excessivo no pneu";"Tombamento";"Com Vítimas Feridas";"Pleno dia";"Decrescente";"Nublado";"Simples";"Reta";"Sim";1;0;1;0;0;0;1;1;-5,472474;-47,472221;"SPRF-MA";"DEL04-MA";"UOP01-DEL04-MA"
560096;2023-10-04;"quarta-feira";"16:20:00";"RS";116;266;"CANOAS";"Avarias e/ou desgaste excessivo no pneu";"Colisão traseira";"Com Vítimas Feridas";"Pleno dia";"Decrescente";"Chuva";"Múltipla";"Reta";"Não";2;0;1;0;1;0;1;2;-29,93242399;-51,17742077;"SPRF-RS";"DEL01-RS";"UOP01-DEL01-RS"
560099;2023-11-09;"quinta-feira";"12:20:00";"SP";116;155;"SAO JOSE DOS CAMPOS";"Reação tardia ou ineficiente do condutor";"Colisão com objeto";"Com Vítimas Feridas";"Pleno dia";"Decrescente";"Sol";"Dupla";"Reta;Declive";"Não";1;0;0;1;0;0;1;1;-23,24524337;-45,92772774;"SPRF-SP";"DEL02-SP";"UOP01-DEL02-SP"
560100;2023-11-08;"quarta-feira";"22:30:00";"PE";232;409;"SERRA TALHADA";"Condutor desrespeitou a iluminação vermelha do semáforo";"Colisão transversal";"Com Vítimas Feridas";"Plena Noite";"Decrescente";"Céu Claro";"Simples";"Interseção de Vias";"Sim";3;0;1;0;2;0;1;2;-7,981944;-38,289467;"SPRF-PE";"DEL04-PE";"UOP01-DEL04-PE"
560102;2023-11-09;"quinta-feira";"13:50:00";"DF";70;16;"BRASILIA";"Ausência de reação do condutor";"Queda de ocupante de veículo";"Com Vítimas Feridas";"Pleno dia";"Crescente";"Céu Claro";"Dupla";"Reta";"Não";1;0;1;0;0;0;1;1;-15,796144;-48,194225;"SPRF-DF";"DEL03-DF";"UOP02-DEL03-DF"
560103;2023-11-09;"quinta-feira";"13:20:00";"SC";101;311,7;"LAGUNA";"Ausência de reação do condutor";"Colisão traseira";"Com Vítimas Feridas";"Pleno dia";"Decrescente";"Céu Claro";"Múltipla";"Curva";"Sim";7;0;1;0;6;0;1;4;-28,433701;-48,806344;"SPRF-SC";"DEL02-SC";"UOP01-DEL02-SC"
560111;2023-11-09;"quinta-feira";"14:40:00";"SP";101;51;"UBATUBA";"Trafegar com motocicleta (ou similar) entre as faixas";"Colisão transversal";"Com Vítimas Feridas";"Pleno dia";"Decrescente";"Sol";"Simples";"Interseção de Vias";"Sim";2;0;1;0;1;0;1;2;-23,45627795;-45,07111896;"SPRF-SP";"DEL06-SP";"UOP01-DEL06-SP"
560112;2023-11-09;"quinta-feira";"14:30:00";"SC";280;52,6;"GUARAMIRIM";"Acessar a via sem observar a presença dos outros veículos";"Colisão traseira";"Com Vítimas Feridas";"Pleno dia";"Crescente";"Nublado";"Simples";"Reta;Em Obras";"Sim";3;0;0;1;1;1;1;3;-26,468904;-48,96492;"SPRF-SC";"DEL03-SC";"UOP03-DEL03-SC"
560117;2023-11-09;"quinta-feira";"13:10:00";"MT";70;76;"GENERAL CARNEIRO";"Demais falhas na via";"Saída de leito carroçável";"Com Vítimas Feridas";"Pleno dia";"Crescente";"Céu Claro";"Simples";"Curva";"Não";2;0;2;0;0;0;2;1;-15,67421693;-52,81408803;"SPRF-MT";"DEL07-MT";"UOP01-DEL07-MT"
560118;2023-11-09;"quinta-feira";"16:00:00";"SC";101;203,4;"SAO JOSE";"Trafegar com motocicleta (ou similar) entre as faixas";"Colisão lateral mesmo sentido";"Com Vítimas Feridas";"Pleno dia";"Crescente";"Nevoeiro/Neblina";"Múltipla";"Reta";"Não";2;0;1;0;1;0;1;2;-27,5650044;-48,61460082;"SPRF-SC";"DEL01-SC";"UOP01-DEL01-SC"
560119;2023-11-09;"quinta-feira";"09:50:00";"SC";470;143,6;"RIO DO SUL";"Acumulo de água sobre o pavimento";"Colisão traseira";"Sem Vítimas";"Pleno dia";"Decrescente";"Garoa/Chuvisco";"Simples";"Reta";"Sim";3;0;0;0;2;1;0;3;-27,233143;-49,672886;"SPRF-SC";"DEL04-SC";"UOP02-DEL04-SC"
560120;2023-11-09;"quinta-feira";"07:37:00";"BA";349;1056,4;"CORRENTINA";"Afundamento ou ondulação no pavimento";"Saída de leito carroçável";"Com Vítimas Feridas";"Pleno dia";"Crescente";"Céu Claro";"Simples";"Reta";"Não";3;0;0;1;2;0;1;1;-13,64645946;-45,67520144;"SPRF-BA";"DEL08-BA";"UOP04-DEL08-BA"
560126;2023-11-09;"quinta-feira";"16:35:00";"SE";101;93;"NOSSA SENHORA DO SOCORRO";"Pedestre andava na pista";"Colisão traseira";"Sem Vítimas";"Anoitecer";"Decrescente";"Céu Claro";"Dupla";"Reta;Aclive";"Sim";3;0;0;0;2;1;0;3;-10,90212319;-37,14494787;"SPRF-SE";"DEL01-SE";"UOP01-DEL01-SE"
560127;2023-10-10;"terça-feira";"19:00:00";"RS";116;268;"CANOAS";"Reação tardia ou ineficiente do condutor";"Colisão lateral mesmo sentido";"Com Vítimas Feridas";"Plena Noite";"Decrescente";"Céu Claro";"Dupla";"Reta";"Sim";4;0;1;0;3;0;1;4;-29,95042502;-51,17652939;"SPRF-RS";"DEL01-RS";"UOP01-DEL01-RS"
560128;2023-11-09;"quinta-feira";"16:00:00";"BA";116;16,3;"VITORIA DA CONQUISTA";"Trafegar com motocicleta (ou similar) entre as faixas";"Colisão traseira";"Com Vítimas Feridas";"Pleno dia";"Decrescente";"Sol";"Simples";"Reta";"Sim";4;0;2;0;2;0;2;3;-14,902355;-40,847138;"SPRF-BA";"DEL08-BA";"UOP01-DEL08-BA"
560130;2023-09-02;"sábado";"15:30:00";"GO";364;260;"MINEIROS";"Ultrapassagem Indevida";"Colisão lateral mesmo sentido";"Sem Vítimas";"Pleno dia";"Crescente";"Céu Claro";"Simples";"Reta";"Não";22;0;0;0;22;0;0;1;-17,668005;-52,223953;"SPRF-GO";"DEL05-GO";"UOP01-DEL05-GO"
560131;2023-11-09;"quinta-feira";"17:00:00";"SC";101;114,2;"ITAJAI";"Reação tardia ou ineficiente do condutor";"Colisão lateral mesmo sentido";"Com Vítimas Feridas";"Pleno dia";"Decrescente";"Céu Claro";"Dupla";"Reta";"Sim";2;0;1;0;1;0;1;2;-26,86192886;-48,7286704;"SPRF-SC";"DEL04-SC";"UOP04-DEL04-SC"
560135;2023-11-09;"quinta-feira";"18:00:00";"RN";304;46,7;"MOSSORO";"Ausência de reação do condutor";"Colisão traseira";"Com Vítimas Feridas";"Plena Noite";"Decrescente";"Céu Claro";"Dupla";"Reta";"Sim";3;0;2;0;1;0;2;2;-5,22581506;-37,33244419;"SPRF-RN";"DEL04-RN";"UOP01-DEL04-RN"
560138;2023-11-09;"quinta-feira";"18:06:00";"CE";222;2;"FORTALEZA";"Ausência de reação do condutor";"Colisão traseira";"Com Vítimas Feridas";"Plena Noite";"Crescente";"Céu Claro";"Múltipla";"Reta";"Sim";2;0;2;0;0;0;2;2;-3,73911117;-38,58687498;"SPRF-CE";"DEL01-CE";"UOP01-DEL01-CE"
560139;2023-11-09;"quinta-feira";"18:10:00";"MG";381;501;"BETIM";"Trafegar com motocicleta (ou similar) entre as faixas";"Colisão lateral mesmo sentido";"Com Vítimas Feridas";"Anoitecer";"Decrescente";"Céu Claro";"Múltipla";"Reta";"Sim";3;0;1;0;2;0;1;3;-20,00948396;-44,21756744;"SPRF-MG";"DEL01-MG";"UOP03-DEL01-MG"
560140;2023-11-09;"quinta-feira";"18:05:00";"RS";116;148,9;"CAXIAS DO SUL";"Pedestre cruzava a pista fora da faixa";"Atropelamento de Pedestre";"Com Vítimas Feridas";"Anoitecer";"Crescente";"Nublado";"Dupla";"Reta";"Sim";2;0;1;0;1;0;1;2;-29,16750788;-51,15862012;"SPRF-RS";"DEL05-RS";"UOP01-DEL05-RS"
560141;2023-11-09;"quinta-feira";"18:20:00";"PE";101;73;"RECIFE";"Condutor deixou de manter distância do veículo da frente";"Colisão transversal";"Com Vítimas Feridas";"Plena Noite";"Decrescente";"Céu Claro";"Dupla";"Reta;Retorno Regulamentado";"Sim";3;0;1;0;1;1;1;2;-8,093369;-34,947464;"SPRF-PE";"DEL01-PE";"UOP01-DEL01-PE"
560142;2023-11-09;"quinta-feira";"18:00:00";"MG";354;752;"ITAMONTE";"Acessar a via sem observar a presença dos outros veículos";"Colisão transversal";"Com Vítimas Feridas";"Anoitecer";"Crescente";"Céu Claro";"Simples";"Reta;Interseção de Vias";"Não";3;0;2;0;1;0;2;2;-22,29340799;-44,86366398;"SPRF-MG";"DEL17-MG";"UOP01-DEL17-MG"
560143;2023-11-09;"quinta-feira";"18:00:00";"RN";101;83,5;"SAO GONCALO DO AMARANTE";"Manobra de mudança de faixa";"Colisão lateral mesmo sentido";"Sem Vítimas";"Plena Noite";"Crescente";"Céu Claro";"Dupla";"Reta";"Sim";2;0;0;0;2;0;0;2;-5,77217416;-35,26375294;"SPRF-RN";"DEL02-RN";"UOP01-DEL02-RN"
560144;2023-11-09;"quinta-feira";"17:40:00";"MT";163;839;"SINOP";"Acessar a via sem observar a presença dos outros veículos";"Colisão transversal";"Com Vítimas Feridas";"Anoitecer";"Crescente";"Nublado";"Simples";"Reta";"Sim";2;0;0;1;1;0;1;2;-11,82;-55,484;"SPRF-MT";"DEL06-MT";"UOP02-DEL06-MT"
560146;2023-11-09;"quinta-feira";"15:40:00";"RS";158;312,7;"ITAARA";"Objeto estático sobre o leito carroçável";"Colisão com objeto";"Com Vítimas Feridas";"Pleno dia";"Crescente";"Nevoeiro/Neblina";"Simples";"Reta;Aclive";"Não";1;0;0;1;0;0;1;1;-29,632436;-53,76782;"SPRF-RS";"DEL09-RS";"UOP01-DEL09-RS"
560147;2023-11-09;"quinta-feira";"18:00:00";"MG";40;530;"CONTAGEM";"Acessar a via sem observar a presença dos outros veículos";"Colisão transversal";"Com Vítimas Feridas";"Amanhecer";"Crescente";"Céu Claro";"Dupla";"Curva";"Sim";2;0;1;1;0;0;2;2;-19,92064782;-44,0335681;"SPRF-MG";"DEL01-MG";"UOP02-DEL01-MG"
560149;2023-11-09;"quinta-feira";"18:20:00";"RJ";101;319;"NITEROI";"Trafegar com motocicleta (ou similar) entre as faixas";"Queda de ocupante de veículo";"Com Vítimas Feridas";"Anoitecer";"Decrescente";"Céu Claro";"Dupla";"Reta";"Sim";2;0;2;0;0;0;2;1;-22,85411774;-43,1018014;"SPRF-RJ";"DEL02-RJ";"UOP02-DEL02-RJ"
560150;2023-11-09;"quinta-feira";"18:20:00";"SP";116;283;"EMBU DAS ARTES";"Manobra de mudança de faixa";"Colisão lateral mesmo sentido";"Sem Vítimas";"Plena Noite";"Decrescente";"Céu Claro";"Dupla";"Reta";"Sim";3;0;0;0;3;0;0;2;-23,69297005;-46,86352786;"SPRF-SP";"DEL04-SP";"UOP01-DEL04-SP"
560151;2023-11-09;"quinta-feira";"14:30:00";"BA";30;350;"BRUMADO";"Reação tardia ou ineficiente do condutor";"Colisão lateral sentido oposto";"Com Vítimas Feridas";"Pleno dia";"Crescente";"Céu Claro";"Simples";"Curva";"Não";4;0;1;0;3;0;1;2;-14,260965;-41,801141;"SPRF-BA";"DEL08-BA";"UOP01-DEL08-BA"
560154;2023-11-09;"quinta-feira";"17:30:00";"MS";262;367,2;"CAMPO GRANDE";"Desrespeitar a preferência no cruzamento";"Colisão transversal";"Com Vítimas Feridas";"Plena Noite";"Crescente";"Garoa/Chuvisco";"Simples";"Reta;Rotatória";"Não";4;0;1;0;3;0;1;2;-20,47808868;-54,75327909;"SPRF-MS";"DEL01-MS";"UOP03-DEL01-MS"
560157;2023-10-16;"segunda-feira";"08:20:00";"ES";393;23,2;"MUQUI";"Acessar a via sem observar a presença dos outros veículos";"Colisão transversal";"Sem Vítimas";"Pleno dia";"Crescente";"Ignorado";"Simples";"Reta;Declive";"Não";2;0;0;0;1;1;0;2;-20,94057167;-41,33099715;"SPRF-ES";"DEL03-ES";"UOP02-DEL03-ES"
560158;2023-11-09;"quinta-feira";"17:00:00";"PI";316;148;"ELESBAO VELOSO";"Reação tardia ou ineficiente do condutor";"Colisão traseira";"Sem Vítimas";"Amanhecer";"Crescente";"Céu Claro";"Simples";"Reta;Em Obras";"Não";3;0;0;0;3;0;0;2;-6,11097136;-42,17893427;"SPRF-PI";"DEL04-PI";"UOP02-DEL04-PI"
560159;2023-11-09;"quinta-feira";"19:20:00";"MG";262;391;"FLORESTAL";"Ausência de reação do condutor";"Tombamento";"Com Vítimas Feridas";"Plena Noite";"Decrescente";"Céu Claro";"Dupla";"Reta";"Não";1;0;1;0;0;0;1;1;-19,903904;-44,5173037;"SPRF-MG";"DEL01-MG";"UOP03-DEL01-MG"