"id";"data_inversa";"dia_semana";"horario";"uf";"br";"km";"municipio";"causa_acidente";"tipo_acidente";"classificacao_acidente";"fase_dia";"sentido_via";"condicao_metereologica";"tipo_pista";"tracado_via";"uso_solo";"pessoas";"mortos";"feridos_leves";"feridos_graves";"ilesos";"ignorados";"feridos";"veiculos";"latitude";"longitude";"regional";"delegacia";"uop"
560161;2023-11-09;"quinta-feira";"18:25:00";"RN";226;48;"BOM JESUS";"Ingestão de álcool pelo condutor";"Colisão traseira";"Com Vítimas Feridas";"Plena Noite";"Crescente";"Céu Claro";"Simples";"Reta";"Sim";2;0;1;0;1;0;1;2;-5,98530442;-35,58427376;"SPRF-RN";"DEL01-RN";"UOP02-DEL01-RN"
560162;2023-10-03;"terça-feira";"15:20:00";"PE";232;147;"SAO CAITANO";"Ausência de reação do condutor";"Colisão transversal";"Com Vítimas Feridas";"Pleno dia";"Crescente";"Céu Claro";"Dupla";"Reta;Interseção de Vias;Viaduto;Declive";"Sim";2;0;0;1;1;0;1;2;-8,332745;-36,138514;"SPRF-PE";"DEL03-PE";"UOP02-DEL03-PE"
560163;2023-11-09;"quinta-feira";"19:00:00";"MT";70;280;"PRIMAVERA DO LESTE";"Ingestão de álcool pelo condutor";"Saída de leito carroçável";"Com Vítimas Feridas";"Plena Noite";"Decrescente";"Céu Claro";"Simples";"Reta";"Sim";1;0;1;0;0;0;1;1;-15,5628096;-54,2970162;"SPRF-MT";"DEL05-MT";"UOP01-DEL05-MT"
560165;2023-11-09;"quinta-feira";"13:00:00";"PA";230;173;"ITUPIRANGA";"Reação tardia ou ineficiente do condutor";"Capotamento";"Com Vítimas Feridas";"Pleno dia";"Decrescente";"Céu Claro";"Simples";"Curva;Declive";"Não";9;0;6;2;1;0;8;1;-5,11507412;-49,40395626;"SPRF-PA";"DEL03-PA";"UOP01-DEL03-PA"
560166;2023-11-09;"quinta-feira";"19:30:00";"SP";116;317;"SAO LOURENCO DA SERRA";"Área urbana sem a presença de local apropriado para a travessia de pedestres";"Colisão frontal";"Com Vítimas Feridas";"Plena Noite";"Crescente";"Céu Claro";"Simples";"Retorno Regulamentado";"Não";2;0;0;1;1;0;1;2;-23,91799802;-46,98973192;"SPRF-SP";"DEL04-SP";"UOP03-DEL04-SP"
560169;2023-11-09;"quinta-feira";"20:30:00";"RS";116;246,7;"SAO LEOPOLDO";"Manobra de mudança de faixa";"Colisão com objeto";"Com Vítimas Feridas";"Plena Noite";"Decrescente";"Céu Claro";"Dupla";"Reta";"Sim";2;0;1;0;1;0;1;2;-29,758751;-51,15186806;"SPRF-RS";"DEL01-RS";"UOP02-DEL01-RS"
560173;2023-11-09;"quinta-feira";"21:00:00";"RJ";116;41;"TERESOPOLIS";"Transitar no Acostamento";"Atropelamento de Pedestre";"Com Vítimas Feridas";"Plena Noite";"Crescente";"Céu Claro";"Simples";"Reta";"Não";2;0;0;1;1;0;1;2;-22,133427;-42,779522;"SPRF-RJ";"DEL04-RJ";"UOP01-DEL04-RJ"
560177;2023-11-09;"quinta-feira";"21:29:00";"RN";101;106;"PARNAMIRIM";"Acessar a via sem observar a presença dos outros veículos";"Colisão transversal";"Com Vítimas Feridas";"Plena Noite";"Crescente";"Céu Claro";"Múltipla";"Reta";"Sim";2;0;1;0;1;0;1;2;-5,91056401;-35,26130795;"SPRF-RN";"DEL01-RN";"UOP01-DEL01-RN"
560179;2023-11-09;"quinta-feira";"21:05:00";"PB";104;97,7;"ESPERANCA";"Animais na Pista";"Atropelamento de Animal";"Com Vítimas Feridas";"Plena Noite";"Decrescente";"Céu Claro";"Simples";"Declive";"Sim";1;0;1;0;0;0;1;1;-7,01994564;-35,85788662;"SPRF-PB";"DEL02-PB";"UOP04-DEL02-PB"
560180;2023-08-14;"segunda-feira";"00:10:00";"PR";369;146,5;"LONDRINA";"Reação tardia ou ineficiente do condutor";"Colisão traseira";"Com Vítimas Feridas";"Plena Noite";"Decrescente";"Céu Claro";"Dupla";"Declive";"Sim";2;0;0;1;1;0;1;2;-23,29343559;-51,12649262;"SPRF-PR";"DEL07-PR";"UOP01-DEL07-PR"
560182;2023-11-09;"quinta-feira";"21:15:00";"MG";381;484,4;"BETIM";"Velocidade Incompatível";"Colisão lateral mesmo sentido";"Com Vítimas Feridas";"Plena Noite";"Crescente";"Céu Claro";"Múltipla";"Curva;Declive";"Sim";3;0;1;0;2;0;1;3;-19,95921107;-44,0900445;"SPRF-MG";"DEL01-MG";"UOP03-DEL01-MG"
560183;2023-11-09;"quinta-feira";"21:20:00";"CE";116;23;"AQUIRAZ";"Ausência de reação do condutor";"Colisão traseira";"Com Vítimas Feridas";"Plena Noite";"Crescente";"Céu Claro";"Dupla";"Reta";"Sim";2;0;0;1;0;1;1;2;-3,95221914;-38,5125947;"SPRF-CE";"DEL01-CE";"UOP02-DEL01-CE"
560184;2023-11-09;"quinta-feira";"22:15:00";"PR";272;557;"TERRA ROXA";"Chuva";"Saída de leito carroçável";"Com Vítimas Feridas";"Plena Noite";"Crescente";"Chuva";"Simples";"Curva";"Não";1;0;0;1;0;0;1;1;-24,08581365;-54,12416704;"SPRF-PR";"DEL06-PR";"UOP01-DEL06-PR"
560185;2023-11-09;"quinta-feira";"22:20:00";"SC";282;17;"PALHOCA";"Conversão proibida";"Queda de ocupante de veículo";"Com Vítimas Feridas";"Plena Noite";"Crescente";"Céu Claro";"Simples";"Reta";"Não";3;0;2;0;1;0;2;2;-27,665707;-48,688065;"SPRF-SC";"DEL01-SC";"UOP02-DEL01-SC"
560186;2023-11-09;"quinta-feira";"22:10:00";"CE";116;7;"FORTALEZA";"Área urbana sem a presença de local apropriado para a travessia de pedestres";"Atropelamento de Pedestre";"Com Vítimas Feridas";"Plena Noite";"Crescente";"Céu Claro";"Múltipla";"Reta";"Sim";2;0;1;0;0;1;1;2;-3,81335226;-38,5011005;"SPRF-CE";"DEL01-CE";"UOP02-DEL01-CE"
560187;2023-11-09;"quinta-feira";"22:30:00";"PR";116;209;"RIO NEGRO";"Ingestão de álcool pelo condutor";"Colisão transversal";"Com Vítimas Feridas";"Pleno dia";"Crescente";"Céu Claro";"Simples";"Interseção de Vias";"Sim";3;0;1;0;2;0;1;2;-26,07620916;-49,75230908;"SPRF-SC";"DEL06-SC";"UOP01-DEL06-SC"
560189;2023-11-09;"quinta-feira";"19:56:00";"SP";116;561;"BARRA DO TURVO";"Entrada inopinada do pedestre";"Atropelamento de Pedestre";"Com Vítimas Fatais";"Plena Noite";"Decrescente";"Chuva";"Dupla";"Reta;Aclive";"Não";2;1;0;0;1;0;0;2;-25,02045097;-48,51586004;"SPRF-SP";"DEL05-SP";"UOP02-DEL05-SP"
560190;2023-11-09;"quinta-feira";"23:00:00";"RJ";116;176;"SAO JOAO DE MERITI";"Ausência de reação do condutor";"Tombamento";"Com Vítimas Feridas";"Plena Noite";"Decrescente";"Céu Claro";"Múltipla";"Reta";"Não";1;0;1;0;0;0;1;1;-22,7839538;-43,38195488;"SPRF-RJ";"DEL01-RJ";"UOP02-DEL01-RJ"
560193;2023-11-09;"quinta-feira";"23:50:00";"PB";230;150,8;"CAMPINA GRANDE";"Animais na Pista";"Atropelamento de Animal";"Com Vítimas Feridas";"Plena Noite";"Decrescente";"Céu Claro";"Simples";"Reta";"Sim";1;0;1;0;0;0;1;1;-7,2688;-35,8837;"SPRF-PB";"DEL02-PB";"UOP01-DEL02-PB"
560194;2023-11-09;"quinta-feira";"21:30:00";"PB";230;161,9;"CAMPINA GRANDE";"Animais na Pista";"Atropelamento de Animal";"Com Vítimas Feridas";"Plena Noite";"Decrescente";"Céu Claro";"Simples";"Reta;Declive";"Não";1;0;0;1;0;0;1;1;-7,2361;-35,941;"SPRF-PB";"DEL02-PB";"UOP01-DEL02-PB"
560195;2023-11-09;"quinta-feira";"23:30:00";"MG";262;368;"JUATUBA";"Ausência de reação do condutor";"Capotamento";"Com Vítimas Feridas";"Plena Noite";"Decrescente";"Céu Claro";"Dupla";"Curva";"Não";2;0;1;0;1;0;1;1;-19,96108676;-44,33670044;"SPRF-MG";"DEL01-MG";"UOP03-DEL01-MG"
560196;2023-11-09;"quinta-feira";"21:20:00";"MS";267;574;"CARACOL";"Ingestão de álcool pelo condutor";"Tombamento";"Com Vítimas Feridas";"Plena Noite";"Crescente";"Céu Claro";"Simples";"Reta;Declive";"Não";1;0;0;1;0;0;1;1;-21,739151;-56,915237;"SPRF-MS";"DEL05-MS";"UOP01-DEL05-MS"
560198;2023-11-09;"quinta-feira";"18:35:00";"SP";116;138,2;"SAO JOSE DOS CAMPOS";"Manobra de mudança de faixa";"Colisão lateral mesmo sentido";"Com Vítimas Feridas";"Anoitecer";"Crescente";"Céu Claro";"Dupla";"Reta;Aclive";"Não";2;0;1;0;1;0;1;2;-23,15763069;-45,79647845;"SPRF-SP";"DEL02-SP";"UOP01-DEL02-SP"
560199;2023-11-09;"quinta-feira";"23:00:00";"AL";101;140;"SAO MIGUEL DOS CAMPOS";"Transitar na contramão";"Colisão frontal";"Com Vítimas Fatais";"Plena Noite";"Crescente";"Céu Claro";"Dupla";"Reta";"Não";4;1;0;0;3;0;0;2;-9,82539401;-36,12632699;"SPRF-AL";"DEL02-AL";"UOP01-DEL02-AL"
560202;2023-11-10;"sexta-feira";"02:00:00";"RS";386;347;"LAJEADO";"Ingestão de álcool pelo condutor";"Colisão com objeto";"Sem Vítimas";"Plena Noite";"Decrescente";"Céu Claro";"Dupla";"Reta;Viaduto";"Sim";1;0;0;0;1;0;0;1;-29,451736;-51,965893;"SPRF-RS";"DEL04-RS";"UOP01-DEL04-RS"
560203;2023-11-10;"sexta-feira";"00:15:00";"MG";40;661;"CARANDAI";"Demais falhas mecânicas ou elétricas";"Incêndio";"Sem Vítimas";"Plena Noite";"Crescente";"Céu Claro";"Simples";"Curva";"Não";2;0;0;0;2;0;0;1;-20,90511396;-43,82787922;"SPRF-MG";"DEL05-MG";"UOP02-DEL05-MG"
560205;2023-11-10;"sexta-feira";"02:20:00";"SP";381;53;"MAIRIPORA";"Ausência de reação do condutor";"Colisão traseira";"Com Vítimas Feridas";"Plena Noite";"Decrescente";"Céu Claro";"Dupla";"Reta";"Não";2;0;1;0;1;0;1;2;-23,236369;-46,600463;"SPRF-SP";"DEL03-SP";"UOP01-DEL03-SP"
560206;2023-11-10;"sexta-feira";"02:05:00";"MS";262;474;"ANASTACIO";"Reação tardia ou ineficiente do condutor";"Saída de leito carroçável";"Com Vítimas Feridas";"Plena Noite";"Crescente";"Céu Claro";"Simples";"Reta;Declive";"Não";2;0;2;0;0;0;2;1;-20,50916612;-55,66317201;"SPRF-MS";"DEL03-MS";"UOP01-DEL03-MS"
560209;2023-11-10;"sexta-feira";"03:20:00";"RS";470;223;"GARIBALDI";"Reação tardia ou ineficiente do condutor";"Saída de leito carroçável";"Com Vítimas Feridas";"Plena Noite";"Decrescente";"Céu Claro";"Simples";"Reta";"Não";1;0;1;0;0;0;1;1;-29,21249203;-51,51794436;"SPRF-RS";"DEL06-RS";"UOP01-DEL06-RS"
560211;2023-11-10;"sexta-feira";"02:30:00";"SP";116;37,7;"CACHOEIRA PAULISTA";"Condutor Dormindo";"Saída de leito carroçável";"Sem Vítimas";"Plena Noite";"Crescente";"Céu Claro";"Dupla";"Reta";"Sim";1;0;0;0;0;1;0;1;-22,66497021;-44,98430985;"SPRF-SP";"DEL08-SP";"UOP02-DEL08-SP"
560212;2023-11-10;"sexta-feira";"00:40:00";"MA";135;181;"SAO MATEUS DO MARANHAO";"Manobra de mudança de faixa";"Colisão transversal";"Com Vítimas Feridas";"Plena Noite";"Crescente";"Céu Claro";"Simples";"Reta";"Sim";2;0;1;0;1;0;1;2;-4,02943302;-44,46517693;"SPRF-MA";"DEL03-MA";"UOP01-DEL03-MA"
560213;2023-11-10;"sexta-feira";"02:40:00";"SC";282;19;"PALHOCA";"Ingestão de álcool pelo condutor";"Saída de leito carroçável";"Sem Vítimas";"Plena Noite";"Crescente";"Céu Claro";"Simples";"Reta";"Sim";1;0;0;0;1;0;0;1;-27,678635;-48,70192;"SPRF-SC";"DEL01-SC";"UOP02-DEL01-SC"
560216;2023-11-10;"sexta-feira";"04:05:00";"SP";116;59,3;"GUARATINGUETA";"Velocidade Incompatível";"Colisão lateral mesmo sentido";"Com Vítimas Feridas";"Amanhecer";"Decrescente";"Céu Claro";"Dupla";"Reta";"Não";2;0;1;0;1;0;1;2;-22,78555649;-45,15339465;"SPRF-SP";"DEL08-SP";"UOP01-DEL08-SP"
560221;2023-11-10;"sexta-feira";"02:30:00";"SC";101;369,1;"ICARA";"Transitar na contramão";"Saída de leito carroçável";"Com Vítimas Feridas";"Plena Noite";"Decrescente";"Céu Claro";"Múltipla";"Reta;Declive";"Não";1;0;1;0;0;0;1;1;-28,70135398;-49,19591904;"SPRF-SC";"DEL02-SC";"UOP01-DEL02-SC"
560222;2023-11-10;"sexta-feira";"05:35:00";"RS";290;86;"PORTO ALEGRE";"Ingestão de álcool pelo condutor";"Saída de leito carroçável";"Sem Vítimas";"Pleno dia";"Decrescente";"Céu Claro";"Dupla";"Reta";"Não";1;0;0;0;1;0;0;1;-29,968412;-51,117138;"SPRF-RS";"DEL01-RS";"UOP01-DEL01-RS"
560225;2023-11-10;"sexta-feira";"04:50:00";"PR";163;283;"MARECHAL CANDIDO RONDON";"Transitar na contramão";"Colisão com objeto";"Com Vítimas Feridas";"Amanhecer";"Crescente";"Céu Claro";"Simples";"Em Obras;Declive;Reta";"Sim";1;0;1;0;0;0;1;1;-24,56648386;-54,03420568;"SPRF-PR";"DEL06-PR";"UOP02-DEL06-PR"
560226;2023-11-10;"sexta-feira";"05:10:00";"PR";376;10,1;"MARINGA";"Manobra de mudança de faixa";"Colisão lateral mesmo sentido";"Sem Vítimas";"Amanhecer";"Decrescente";"Céu Claro";"Dupla";"Declive";"Sim";3;0;0;0;3;0;0;2;-23,38228;-51,90901;"SPRF-PR";"DEL09-PR";"UOP01-DEL09-PR"
560227;2023-11-10;"sexta-feira";"06:25:00";"SE";235;2,5;"NOSSA SENHORA DO SOCORRO";"Animais na Pista";"Atropelamento de Animal";"Com Vítimas Feridas";"Pleno dia";"Decrescente";"Céu Claro";"Dupla";"Aclive;Reta";"Sim";1;0;1;0;0;0;1;1;-10,90691279;-37,09813714;"SPRF-SE";"DEL01-SE";"UOP01-DEL01-SE"
560228;2023-11-09;"quinta-feira";"20:40:00";"PA";155;310;"MARABA";"Transitar na contramão";"Colisão frontal";"Com Vítimas Feridas";"Plena Noite";"Decrescente";"Céu Claro";"Simples";"Reta";"Não";3;0;0;1;2;0;1;2;-5,65160594;-49,11019532;"SPRF-PA";"DEL03-PA";"UOP01-DEL03-PA"
560229;2023-11-10;"sexta-feira";"07:00:00";"RJ";116;173;"SAO JOAO DE MERITI";"Ausência de reação do condutor";"Colisão traseira";"Com Vítimas Feridas";"Pleno dia";"Decrescente";"Céu Claro";"Dupla";"Reta";"Sim";2;0;1;0;1;0;1;2;-22,79810324;-43,35726614;"SPRF-RJ";"DEL01-RJ";"UOP02-DEL01-RJ"
560230;2023-11-10;"sexta-feira";"06:30:00";"GO";60;179;"ABADIA DE GOIAS";"Velocidade Incompatível";"Colisão transversal";"Com Vítimas Feridas";"Pleno dia";"Decrescente";"Céu Claro";"Dupla";"Reta;Declive";"Não";3;0;2;0;1;0;2;2;-16,76548184;-49,47113883;"SPRF-GO";"DEL01-GO";"UOP02-DEL01-GO"
560234;2023-11-10;"sexta-feira";"06:00:00";"PB";230;128,2;"CAMPINA GRANDE";"Animais na Pista";"Saída de leito carroçável";"Sem Vítimas";"Pleno dia";"Decrescente";"Céu Claro";"Dupla";"Reta;Declive";"Não";1;0;0;0;1;0;0;1;-7,2605;-35,7061;"SPRF-PB";"DEL02-PB";"UOP01-DEL02-PB"
560235;2023-11-10;"sexta-feira";"06:40:00";"ES";101;297;"CARIACICA";"Demais falhas mecânicas ou elétricas";"Queda de ocupante de veículo";"Com Vítimas Feridas";"Pleno dia";"Crescente";"Sol";"Dupla";"Reta";"Não";2;0;2;0;0;0;2;1;-20,34529844;-40,41026774;"SPRF-ES";"DEL01-ES";"UOP01-DEL01-ES"
560238;2023-11-10;"sexta-feira";"07:50:00";"RS";116;264;"CANOAS";"Reação tardia ou ineficiente do condutor";"Colisão traseira";"Com Vítimas Feridas";"Pleno dia";"Crescente";"Céu Claro";"Dupla";"Reta";"Não";2;0;1;0;1;0;1;2;-29,914435;-51,17754495;"SPRF-RS";"DEL01-RS";"UOP01-DEL01-RS"
560240;2023-11-10;"sexta-feira";"07:20:00";"PB";230;23;"JOAO PESSOA";"Reação tardia ou ineficiente do condutor";"Colisão traseira";"Com Vítimas Feridas";"Pleno dia";"Decrescente";"Céu Claro";"Dupla";"Viaduto";"Sim";3;0;0;1;2;0;1;2;-7,1562;-34,8574;"SPRF-PB";"DEL01-PB";"UOP01-DEL01-PB"
560241;2023-11-10;"sexta-feira";"07:10:00";"SE";235;52,1;"ITABAIANA";"Reação tardia ou ineficiente do condutor";"Colisão traseira";"Com Vítimas Feridas";"Pleno dia";"Decrescente";"Céu Claro";"Simples";"Reta";"Sim";3;0;2;0;1;0;2;2;-10,693279;-37,437557;"SPRF-SE";"DEL01-SE";"UOP02-DEL01-SE"
560243;2023-06-23;"sexta-feira";"18:35:00";"MG";40;565,3;"NOVA LIMA";"Ausência de reação do condutor";"Colisão traseira";"Com Vítimas Fatais";"Plena Noite";"Crescente";"Céu Claro";"Simples";"Reta";"Não";3;1;1;0;1;0;1;3;-20,170942;-43,96556854;"SPRF-MG";"DEL01-MG";"UOP02-DEL01-MG"
560245;2023-11-10;"sexta-feira";"07:40:00";"MG";116;416,5;"GOVERNADOR VALADARES";"Transitar na contramão";"Colisão transversal";"Com Vítimas Feridas";"Pleno dia";"Crescente";"Céu Claro";"Simples";"Interseção de Vias";"Sim";2;0;1;0;1;0;1;2;-18,90130308;-41,94492414;"SPRF-MG";"DEL06-MG";"UOP01-DEL06-MG"
560246;2023-10-13;"sexta-feira";"18:40:00";"RJ";101;328;"NITEROI";"Manobra de mudança de faixa";"Queda de ocupante de veículo";"Com Vítimas Feridas";"Anoitecer";"Decrescente";"Ignorado";"Múltipla";"Reta";"Não";3;0;1;0;1;1;1;3;-22,87028692;-43,16579699;"SPRF-RJ";"DEL02-RJ";"UOP01-DEL02-RJ"
560247;2023-10-25;"quarta-feira";"22:30:00";"MT";163;25;"ITIQUIRA";"Animais na Pista";"Atropelamento de Animal";"Com Vítimas Feridas";"Plena Noite";"Decrescente";"Nublado";"Dupla";"Reta";"Não";2;0;1;0;1;0;1;1;-17,29821999;-54,76331983;"SPRF-MT";"DEL02-MT";"UOP03-DEL02-MT"
560248;2023-11-09;"quinta-feira";"23:30:00";"RJ";101;387;"RIO DE JANEIRO";"Condutor Dormindo";"Saída de leito carroçável";"Com Vítimas Feridas";"Pleno dia";"Decrescente";"Céu Claro";"Múltipla";"Reta";"Sim";1;0;1;0;0;0;1;1;-22,88537839;-43,64965688;"SPRF-RJ";"DEL03-RJ";"UOP01-DEL03-RJ"
560249;2023-10-01;"domingo";"23:45:00";"RS";116;261;"CANOAS";"Ausência de reação do condutor";"Colisão frontal";"Com Vítimas Feridas";"Plena Noite";"Decrescente";"Céu Claro";"Múltipla";"Reta";"Sim";2;0;1;0;1;0;1;2;-29,914435;-51,17754495;"SPRF-RS";"DEL01-RS";"UOP01-DEL01-RS"
560250;2023-11-10;"sexta-feira";"07:20:00";"MG";365;613;"UBERLANDIA";"Pedestre cruzava a pista fora da faixa";"Atropelamento de Pedestre";"Com Vítimas Feridas";"Pleno dia";"Decrescente";"Céu Claro";"Simples";"Reta";"Sim";3;0;0;1;2;0;1;2;-18,92106426;-48,20534706;"SPRF-MG";"DEL15-MG";"UOP01-DEL15-MG"
560251;2023-11-10;"sexta-feira";"07:30:00";"MG";365;613;"UBERLANDIA";"Condutor deixou de manter distância do veículo da frente";"Colisão lateral mesmo sentido";"Com Vítimas Feridas";"Pleno dia";"Decrescente";"Céu Claro";"Simples";"Reta";"Sim";3;0;1;0;2;0;1;2;-18,92126724;-48,20474625;"SPRF-MG";"DEL15-MG";"UOP01-DEL15-MG"
560252;2023-11-10;"sexta-feira";"08:00:00";"PR";116;209;"RIO NEGRO";"Condutor deixou de manter distância do veículo da frente";"Colisão traseira";"Com Vítimas Feridas";"Pleno dia";"Decrescente";"Nublado";"Simples";"Reta;Declive";"Sim";2;0;1;0;1;0;1;2;-26,07620916;-49,75230908;"SPRF-SC";"DEL06-SC";"UOP01-DEL06-SC"
560253;2023-11-10;"sexta-feira";"08:00:00";"CE";116;4;"FORTALEZA";"Manobra de mudança de faixa";"Colisão lateral mesmo sentido";"Com Vítimas Feridas";"Pleno dia";"Decrescente";"Céu Claro";"Múltipla";"Reta";"Sim";2;0;1;0;1;0;1;2;-3,7867209;-38,5114568;"SPRF-CE";"DEL01-CE";"UOP02-DEL01-CE"
560254;2023-11-10;"sexta-feira";"07:30:00";"PI";343;343;"TERESINA";"Transitar na contramão";"Colisão frontal";"Com Vítimas Feridas";"Pleno dia";"Crescente";"Céu Claro";"Simples";"Reta";"Sim";3;0;1;0;2;0;1;2;-5,087362;-42,757851;"SPRF-PI";"DEL01-PI";"UOP01-DEL01-PI"
560256;2023-11-10;"sexta-feira";"08:45:00";"ES";101;262;"SERRA";"Trafegar com motocicleta (ou similar) entre as faixas";"Colisão lateral mesmo sentido";"Com Vítimas Feridas";"Pleno dia";"Crescente";"Sol";"Dupla";"Reta;Declive";"Não";5;0;2;0;3;0;2;2;-20,15721684;-40,2769196;"SPRF-ES";"DEL02-ES";"UOP01-DEL02-ES"
560257;2023-11-10;"sexta-feira";"08:45:00";"RS";116;245;"SAO LEOPOLDO";"Acumulo de areia ou detritos sobre o pavimento";"Tombamento";"Com Vítimas Feridas";"Pleno dia";"Crescente";"Céu Claro";"Dupla";"Reta;Em Obras";"Sim";1;0;1;0;0;0;1;1;-29,74980902;-51,15125361;"SPRF-RS";"DEL01-RS";"UOP02-DEL01-RS"
560258;2023-11-10;"sexta-feira";"08:30:00";"SC";101;151;"ITAPEMA";"Demais falhas mecânicas ou elétricas";"Queda de ocupante de veículo";"Com Vítimas Feridas";"Pleno dia";"Decrescente";"Céu Claro";"Múltipla";"Reta";"Sim";1;0;1;0;0;0;1;1;-27,126536;-48,609642;"SPRF-SC";"DEL04-SC";"UOP03-DEL04-SC"
560259;2023-11-10;"sexta-feira";"08:15:00";"MG";40;282,3;"TRES MARIAS";"Ausência de reação do condutor";"Colisão transversal";"Com Vítimas Feridas";"Pleno dia";"Crescente";"Céu Claro";"Simples";"Curva";"Sim";3;0;0;1;2;0;1;2;-18,24923582;-45,20220684;"SPRF-MG";"DEL14-MG";"UOP02-DEL14-MG"
560260;2023-11-10;"sexta-feira";"07:30:00";"GO";251;29;"CRISTALINA";"Condutor deixou de manter distância do veículo da frente";"Tombamento";"Com Vítimas Feridas";"Pleno dia";"Crescente";"Céu Claro";"Simples";"Reta";"Sim";1;0;1;0;0;0;1;1;-16,08811703;-47,51565164;"SPRF-DF";"DEL01-DF";"UOP01-DEL01-DF"
560261;2023-11-10;"sexta-feira";"06:00:00";"MS";262;356;"CAMPO GRANDE";"Acessar a via sem observar a presença dos outros veículos";"Colisão transversal";"Com Vítimas Feridas";"Amanhecer";"Crescente";"Céu Claro";"Simples";"Rotatória";"Não";2;0;2;0;0;0;2;2;-20,546267;-54,683599;"SPRF-MS";"DEL01-MS";"UOP03-DEL01-MS"
560262;2023-11-06;"segunda-feira";"06:40:00";"BA";242;512;"OLIVEIRA DOS BREJINHOS";"Velocidade Incompatível";"Capotamento";"Com Vítimas Feridas";"Pleno dia";"Crescente";"Nublado";"Simples";"Reta";"Não";3;0;1;0;2;0;1;1;-12,32962784;-42,55392094;"SPRF-BA";"DEL06-BA";"UOP01-DEL06-BA"
560265;2023-11-10;"sexta-feira";"09:30:00";"RN";101;96;"NATAL";"Reação tardia ou ineficiente do condutor";"Engavetamento";"Com Vítimas Feridas";"Pleno dia";"Decrescente";"Nublado";"Dupla";"Reta";"Sim";5;0;1;0;3;1;1;4;-5,84949622;-35,20890752;"SPRF-RN";"DEL01-RN";"UOP01-DEL01-RN"
560266;2023-11-10;"sexta-feira";"09:58:00";"MG";40;506;"RIBEIRAO DAS NEVES";"Condutor deixou de manter distância do veículo da frente";"Colisão traseira";"Com Vítimas Feridas";"Pleno dia";"Decrescente";"Céu Claro";"Dupla";"Reta";"Sim";2;0;1;0;1;0;1;2;-19,74716686;-44,14731173;"SPRF-MG";"DEL02-MG";"UOP01-DEL02-MG"
560267;2023-11-10;"sexta-feira";"09:55:00";"SC";101;204;"SAO JOSE";"Trafegar com motocicleta (ou similar) entre as faixas";"Colisão lateral sentido oposto";"Com Vítimas Feridas";"Pleno dia";"Crescente";"Nublado";"Múltipla";"Reta";"Sim";2;0;0;1;1;0;1;2;-27,57413014;-48,61363083;"SPRF-SC";"DEL01-SC";"UOP01-DEL01-SC"
560268;2023-11-10;"sexta-feira";"07:40:00";"SP";116;110;"TAUBATE";"Avarias e/ou desgaste excessivo no pneu";"Tombamento";"Com Vítimas Feridas";"Pleno dia";"Decrescente";"Sol";"Dupla";"Aclive;Curva";"Sim";2;0;2;0;0;0;2;1;-23,03412614;-45,5526999;"SPRF-SP";"DEL02-SP";"UOP02-DEL02-SP"
560269;2023-11-10;"sexta-feira";"10:00:00";"MG";40;789,6;"JUIZ DE FORA";"Ausência de reação do condutor";"Saída de leito carroçável";"Com Vítimas Feridas";"Pleno dia";"Crescente";"Céu Claro";"Dupla";"Reta";"Não";1;0;1;0;0;0;1;1;-21,75969297;-43,44077628;"SPRF-MG";"DEL05-MG";"UOP01-DEL05-MG"
560270;2023-10-21;"sábado";"07:45:00";"RJ";101;255;"RIO BONITO";"Animais na Pista";"Saída de leito carroçável";"Com Vítimas Feridas";"Pleno dia";"Crescente";"Céu Claro";"Dupla";"Reta";"Sim";5;0;5;0;0;0;5;1;-22,69421578;-42,55904705;"SPRF-RJ";"DEL02-RJ";"UOP03-DEL02-RJ"
560271;2023-11-10;"sexta-feira";"07:20:00";"RJ";101;525;"ANGRA DOS REIS";"Acessar a via sem observar a presença dos outros veículos";"Colisão transversal";"Com Vítimas Feridas";"Pleno dia";"Crescente";"Céu Claro";"Simples";"Interseção de Vias";"Não";2;0;1;0;1;0;1;2;-23,00539889;-44,48448504;"SPRF-RJ";"DEL03-RJ";"UOP03-DEL03-RJ"
560272;2023-10-11;"quarta-feira";"18:00:00";"PR";376;174;"MARINGA";"Acessar a via sem observar a presença dos outros veículos";"Colisão transversal";"Com Vítimas Feridas";"Pleno dia";"Crescente";"Céu Claro";"Dupla";"Reta;Interseção de Vias";"Sim";2;0;0;2;0;0;2;2;-23,41739268;-51,9587177;"SPRF-PR";"DEL09-PR";"UOP01-DEL09-PR"
560273;2023-11-10;"sexta-feira";"09:30:00";"MA";222;674;"ACAILANDIA";"Condutor deixou de manter distância do veículo da frente";"Engavetamento";"Sem Vítimas";"Pleno dia";"Decrescente";"Céu Claro";"Simples";"Reta";"Sim";4;0;0;0;3;1;0;3;-4,93412557;-47,45359225;"SPRF-MA";"DEL04-MA";"UOP03-DEL04-MA"
560277;2023-11-10;"sexta-feira";"09:30:00";"PE";104;36,7;"CARUARU";"Velocidade Incompatível";"Colisão traseira";"Com Vítimas Feridas";"Pleno dia";"Crescente";"Céu Claro";"Dupla";"Reta;Aclive";"Não";4;0;3;0;0;1;3;2;-8,052739;-36,049232;"SPRF-PE";"DEL02-PE";"UOP01-DEL02-PE"