"id";"data_inversa";"dia_semana";"horario";"uf";"br";"km";"municipio";"causa_acidente";"tipo_acidente";"classificacao_acidente";"fase_dia";"sentido_via";"condicao_metereologica";"tipo_pista";"tracado_via";"uso_solo";"pessoas";"mortos";"feridos_leves";"feridos_graves";"ilesos";"ignorados";"feridos";"veiculos";"latitude";"longitude";"regional";"delegacia";"uop"
560278;2023-11-10;"sexta-feira";"11:05:00";"RN";101;102,9;"PARNAMIRIM";"Condutor deixou de manter distância do veículo da frente";"Colisão traseira";"Com Vítimas Feridas";"Pleno dia";"Crescente";"Céu Claro";"Dupla";"Reta";"Não";3;0;2;0;0;1;2;2;-5,88858217;-35,24018997;"SPRF-RN";"DEL01-RN";"UOP01-DEL01-RN"
560279;2023-11-10;"sexta-feira";"09:00:00";"BA";101;808;"ITAMARAJU";"Acessar a via sem observar a presença dos outros veículos";"Colisão transversal";"Com Vítimas Feridas";"Pleno dia";"Crescente";"Céu Claro";"Simples";"Reta;Interseção de Vias";"Sim";2;0;0;1;1;0;1;2;-17,19644104;-39,59171792;"SPRF-BA";"DEL09-BA";"UOP02-DEL09-BA"
560280;2023-11-10;"sexta-feira";"10:35:00";"SC";282;21,1;"PALHOCA";"Reação tardia ou ineficiente do condutor";"Colisão com objeto";"Com Vítimas Feridas";"Pleno dia";"Decrescente";"Céu Claro";"Simples";"Reta";"Sim";2;0;1;0;1;0;1;1;-27,68907;-48,717541;"SPRF-SC";"DEL01-SC";"UOP02-DEL01-SC"
560281;2023-11-10;"sexta-feira";"07:30:00";"PA";230;604;"VITORIA DO XINGU";"Animais na Pista";"Atropelamento de Animal";"Com Vítimas Feridas";"Pleno dia";"Decrescente";"Céu Claro";"Simples";"Reta";"Não";6;0;1;0;4;1;1;2;-3,12582165;-51,93487828;"SPRF-PA";"DEL04-PA";"UOP01-DEL04-PA"
560284;2023-11-10;"sexta-feira";"09:32:00";"PR";163;144,1;"CAPITAO LEONIDAS MARQUES";"Ingestão de álcool pelo condutor";"Colisão traseira";"Com Vítimas Feridas";"Pleno dia";"Decrescente";"Céu Claro";"Dupla";"Reta";"Não";8;0;2;0;6;0;2;2;-25,46918522;-53,58266078;"SPRF-PR";"DEL05-PR";"UOP05-DEL05-PR"
560286;2023-11-10;"sexta-feira";"12:05:00";"SP";116;139;"SAO JOSE DOS CAMPOS";"Pedestre andava na pista";"Atropelamento de Pedestre";"Com Vítimas Feridas";"Pleno dia";"Decrescente";"Sol";"Dupla";"Reta";"Sim";3;0;0;1;2;0;1;2;-23,16153216;-45,80400592;"SPRF-SP";"DEL02-SP";"UOP01-DEL02-SP"
560287;2023-11-10;"sexta-feira";"12:24:00";"ES";262;17;"VIANA";"Acessar a via sem observar a presença dos outros veículos";"Colisão traseira";"Com Vítimas Feridas";"Pleno dia";"Crescente";"Céu Claro";"Simples";"Reta";"Não";2;0;0;1;1;0;1;2;-20,38635961;-40,47272969;"SPRF-ES";"DEL01-ES";"UOP01-DEL01-ES"
560288;2023-11-10;"sexta-feira";"09:10:00";"SC";101;149,9;"ITAPEMA";"Acessar a via sem observar a presença dos outros veículos";"Colisão transversal";"Com Vítimas Feridas";"Pleno dia";"Crescente";"Sol";"Dupla";"Reta";"Sim";2;0;1;0;1;0;1;2;-27,1089649;-48,61277586;"SPRF-SC";"DEL04-SC";"UOP03-DEL04-SC"
560290;2023-11-10;"sexta-feira";"12:15:00";"ES";262;95;"DOMINGOS MARTINS";"Acessar a via sem observar a presença dos outros veículos";"Colisão transversal";"Com Vítimas Feridas";"Pleno dia";"Decrescente";"Céu Claro";"Simples";"Reta;Interseção de Vias";"Não";2;0;1;0;1;0;1;2;-20,3659225;-41,06040133;"SPRF-ES";"DEL01-ES";"UOP02-DEL01-ES"
560291;2023-11-10;"sexta-feira";"12:20:00";"PR";373;174;"PONTA GROSSA";"Ausência de reação do condutor";"Colisão traseira";"Sem Vítimas";"Pleno dia";"Crescente";"Céu Claro";"Dupla";"Reta";"Sim";2;0;0;0;1;1;0;2;-25,07594908;-50,20995715;"SPRF-PR";"DEL03-PR";"UOP01-DEL03-PR"
560292;2023-11-10;"sexta-feira";"08:30:00";"PR";277;717;"SANTA TEREZINHA DE ITAIPU";"Ausência de reação do condutor";"Colisão traseira";"Com Vítimas Feridas";"Pleno dia";"Crescente";"Céu Claro";"Dupla";"Reta";"Não";3;0;1;0;2;0;1;3;-25,47637493;-54,47651902;"SPRF-PR";"DEL05-PR";"UOP01-DEL05-PR"
560293;2023-11-10;"sexta-feira";"12:10:00";"PB";101;87,8;"JOAO PESSOA";"Pedestre cruzava a pista fora da faixa";"Atropelamento de Pedestre";"Com Vítimas Fatais";"Pleno dia";"Crescente";"Céu Claro";"Dupla";"Reta";"Sim";2;1;0;0;1;0;0;2;-7,15886802;-34,90628504;"SPRF-PB";"DEL01-PB";"UOP01-DEL01-PB"
560296;2023-11-10;"sexta-feira";"12:10:00";"MG";381;477;"CONTAGEM";"Condutor deixou de manter distância do veículo da frente";"Colisão traseira";"Com Vítimas Feridas";"Pleno dia";"Decrescente";"Céu Claro";"Dupla";"Declive;Reta";"Sim";2;0;1;0;1;0;1;2;-19,96179268;-44,05041676;"SPRF-MG";"DEL01-MG";"UOP03-DEL01-MG"
560297;2023-10-31;"terça-feira";"18:15:00";"PE";101;59;"RECIFE";"Manobra de mudança de faixa";"Colisão lateral mesmo sentido";"Com Vítimas Feridas";"Plena Noite";"Crescente";"Céu Claro";"Dupla";"Reta";"Sim";3;0;2;0;0;1;2;2;-7,97708575;-34,92607318;"SPRF-PE";"DEL01-PE";"UOP02-DEL01-PE"
560298;2023-11-10;"sexta-feira";"10:10:00";"MG";116;540,7;"SANTA RITA DE MINAS";"Acessar a via sem observar a presença dos outros veículos";"Colisão lateral mesmo sentido";"Com Vítimas Feridas";"Pleno dia";"Crescente";"Céu Claro";"Simples";"Reta";"Não";2;0;1;0;1;0;1;2;-19,886814;-42,13777186;"SPRF-MG";"DEL06-MG";"UOP02-DEL06-MG"
560299;2023-10-21;"sábado";"13:50:00";"CE";222;2,1;"FORTALEZA";"Entrada inopinada do pedestre";"Atropelamento de Pedestre";"Com Vítimas Fatais";"Pleno dia";"Crescente";"Céu Claro";"Dupla";"Reta";"Sim";2;1;0;0;1;0;0;2;-3,73911117;-38,58687498;"SPRF-CE";"DEL01-CE";"UOP01-DEL01-CE"
560300;2023-11-10;"sexta-feira";"11:00:00";"RJ";116;313,3;"RESENDE";"Avarias e/ou desgaste excessivo no pneu";"Tombamento";"Com Vítimas Feridas";"Pleno dia";"Decrescente";"Céu Claro";"Dupla";"Reta";"Sim";2;0;2;0;0;0;2;1;-22,45998766;-44,46237202;"SPRF-RJ";"DEL07-RJ";"UOP02-DEL07-RJ"
560301;2023-11-10;"sexta-feira";"13:20:00";"SP";116;210,1;"GUARULHOS";"Reação tardia ou ineficiente do condutor";"Colisão traseira";"Com Vítimas Feridas";"Pleno dia";"Crescente";"Céu Claro";"Múltipla";"Reta";"Sim";7;0;1;0;6;0;1;4;-23,42870023;-46,41085991;"SPRF-SP";"DEL01-SP";"UOP01-DEL01-SP"
560304;2023-10-29;"domingo";"23:30:00";"PE";101;46;"IGARASSU";"Pedestre andava na pista";"Atropelamento de Pedestre";"Com Vítimas Feridas";"Plena Noite";"Decrescente";"Céu Claro";"Múltipla";"Reta";"Sim";2;0;0;1;0;1;1;2;-7,87406004;-34,90588126;"SPRF-PE";"DEL01-PE";"UOP02-DEL01-PE"
560305;2023-11-10;"sexta-feira";"13:45:00";"GO";60;163,6;"GOIANIA";"Velocidade Incompatível";"Colisão com objeto";"Com Vítimas Feridas";"Pleno dia";"Decrescente";"Céu Claro";"Múltipla";"Interseção de Vias;Reta";"Não";2;0;2;0;0;0;2;1;-16,7002;-49,3335;"SPRF-GO";"DEL01-GO";"UOP02-DEL01-GO"
560307;2023-11-10;"sexta-feira";"12:40:00";"RO";364;241,5;"CACOAL";"Reação tardia ou ineficiente do condutor";"Colisão traseira";"Com Vítimas Feridas";"Pleno dia";"Crescente";"Céu Claro";"Simples";"Reta;Aclive";"Sim";2;0;1;0;1;0;1;2;-11,44070217;-61,4786063;"SPRF-RO";"DEL02-RO";"UOP02-DEL02-RO"
560308;2023-11-10;"sexta-feira";"13:30:00";"MG";381;506;"BETIM";"Condutor usando celular";"Saída de leito carroçável";"Com Vítimas Feridas";"Pleno dia";"Decrescente";"Céu Claro";"Dupla";"Reta";"Sim";1;0;1;0;0;0;1;1;-20,05039397;-44,27962502;"SPRF-MG";"DEL01-MG";"UOP03-DEL01-MG"
560309;2023-11-10;"sexta-feira";"00:05:00";"BA";324;593;"CANDEIAS";"Reação tardia ou ineficiente do condutor";"Saída de leito carroçável";"Com Vítimas Feridas";"Plena Noite";"Crescente";"Céu Claro";"Dupla";"Curva";"Sim";1;0;1;0;0;0;1;1;-12,69890302;-38,46419428;"SPRF-BA";"DEL01-BA";"UOP01-DEL01-BA"
560311;2023-11-10;"sexta-feira";"11:07:00";"RN";405;1,6;"MOSSORO";"Reação tardia ou ineficiente do condutor";"Atropelamento de Pedestre";"Com Vítimas Feridas";"Pleno dia";"Crescente";"Céu Claro";"Dupla";"Reta";"Sim";2;0;2;0;0;0;2;2;-5,19170196;-37,361471;"SPRF-RN";"DEL04-RN";"UOP02-DEL04-RN"
560313;2023-11-10;"sexta-feira";"13:45:00";"SC";280;22,5;"ARAQUARI";"Acessar a via sem observar a presença dos outros veículos";"Colisão transversal";"Com Vítimas Feridas";"Pleno dia";"Crescente";"Céu Claro";"Simples";"Reta";"Sim";5;0;1;0;4;0;1;2;-26,37092616;-48,70204099;"SPRF-SC";"DEL03-SC";"UOP03-DEL03-SC"
560314;2023-11-10;"sexta-feira";"13:55:00";"RJ";116;173;"SAO JOAO DE MERITI";"Trafegar com motocicleta (ou similar) entre as faixas";"Queda de ocupante de veículo";"Com Vítimas Feridas";"Pleno dia";"Crescente";"Céu Claro";"Dupla";"Reta";"Sim";4;0;1;0;3;0;1;3;-22,79810324;-43,35726614;"SPRF-RJ";"DEL01-RJ";"UOP02-DEL01-RJ"
560315;2023-11-10;"sexta-feira";"04:44:00";"MA";222;498,1;"BURITICUPU";"Manobra de mudança de faixa";"Colisão frontal";"Com Vítimas Fatais";"Plena Noite";"Crescente";"Céu Claro";"Simples";"Declive;Reta";"Não";3;1;0;0;2;0;0;2;-4,29676732;-46,23090676;"SPRF-MA";"DEL02-MA";"UOP01-DEL02-MA"
560316;2023-11-10;"sexta-feira";"11:30:00";"PB";230;508,7;"CAJAZEIRAS";"Desrespeitar a preferência no cruzamento";"Colisão transversal";"Com Vítimas Feridas";"Pleno dia";"Crescente";"Céu Claro";"Simples";"Reta";"Não";3;0;1;2;0;0;3;2;-6,8988;-38,5722;"SPRF-PB";"DEL03-PB";"UOP03-DEL03-PB"
560318;2023-11-10;"sexta-feira";"13:50:00";"RJ";393;280,3;"BARRA DO PIRAI";"Conversão proibida";"Colisão transversal";"Sem Vítimas";"Pleno dia";"Crescente";"Céu Claro";"Simples";"Reta";"Sim";2;0;0;0;1;1;0;2;-22,47527571;-44,05112028;"SPRF-RJ";"DEL05-RJ";"UOP04-DEL05-RJ"
560319;2023-11-07;"terça-feira";"03:15:00";"RJ";116;183;"NOVA IGUACU";"Reação tardia ou ineficiente do condutor";"Colisão traseira";"Com Vítimas Feridas";"Plena Noite";"Decrescente";"Céu Claro";"Dupla";"Reta";"Não";3;0;3;0;0;0;3;2;-22,7516014;-43,43849831;"SPRF-RJ";"DEL01-RJ";"UOP02-DEL01-RJ"
560321;2023-11-10;"sexta-feira";"14:01:00";"PB";230;10;"CABEDELO";"Reação tardia ou ineficiente do condutor";"Colisão traseira";"Com Vítimas Feridas";"Pleno dia";"Decrescente";"Céu Claro";"Dupla";"Curva";"Sim";2;0;0;1;1;0;1;2;-7,0514;-34,8499;"SPRF-PB";"DEL01-PB";"UOP01-DEL01-PB"
560324;2023-11-10;"sexta-feira";"13:35:00";"RO";364;212;"PIMENTA BUENO";"Condutor Dormindo";"Saída de leito carroçável";"Com Vítimas Feridas";"Pleno dia";"Decrescente";"Sol";"Simples";"Reta";"Não";1;0;1;0;0;0;1;1;-11,57891791;-61,26824092;"SPRF-RO";"DEL02-RO";"UOP02-DEL02-RO"
560329;2023-11-10;"sexta-feira";"14:45:00";"PR";369;185;"ARAPONGAS";"Acessar a via sem observar a presença dos outros veículos";"Colisão transversal";"Com Vítimas Feridas";"Pleno dia";"Decrescente";"Céu Claro";"Simples";"Interseção de Vias;Reta";"Sim";2;0;0;1;1;0;1;2;-23,41307797;-51,42704219;"SPRF-PR";"DEL07-PR";"UOP03-DEL07-PR"
560330;2023-11-10;"sexta-feira";"13:00:00";"SC";163;70,1;"SAO MIGUEL DO OESTE";"Desrespeitar a preferência no cruzamento";"Colisão transversal";"Com Vítimas Feridas";"Pleno dia";"Crescente";"Céu Claro";"Dupla";"Reta;Interseção de Vias";"Sim";2;0;1;0;1;0;1;2;-26,73470669;-53,50648642;"SPRF-SC";"DEL07-SC";"UOP03-DEL07-SC"
560331;2023-11-10;"sexta-feira";"15:30:00";"PR";163;253;"TOLEDO";"Ingestão de álcool pelo condutor";"Colisão lateral mesmo sentido";"Com Vítimas Feridas";"Pleno dia";"Crescente";"Céu Claro";"Dupla";"Reta";"Não";1;0;1;0;0;0;1;1;-24,68980596;-53,759096;"SPRF-PR";"DEL06-PR";"UOP02-DEL06-PR"
560332;2023-07-08;"sábado";"11:25:00";"RJ";116;84;"TERESOPOLIS";"Reação tardia ou ineficiente do condutor";"Tombamento";"Com Vítimas Feridas";"Pleno dia";"Decrescente";"Céu Claro";"Simples";"Curva";"Não";1;0;0;1;0;0;1;1;-22,419613;-42,949172;"SPRF-RJ";"DEL04-RJ";"UOP01-DEL04-RJ"
560333;2023-10-21;"sábado";"17:50:00";"PR";476;145;"CURITIBA";"Manobra de mudança de faixa";"Colisão traseira";"Com Vítimas Feridas";"Pleno dia";"Crescente";"Nublado";"Dupla";"Reta";"Sim";3;0;0;2;0;1;2;2;-25,547749;-49,32095;"SPRF-PR";"DEL01-PR";"UOP06-DEL01-PR"
560335;2023-11-10;"sexta-feira";"12:20:00";"SC";101;326,1;"CAPIVARI DE BAIXO";"Ausência de reação do condutor";"Tombamento";"Com Vítimas Feridas";"Pleno dia";"Decrescente";"Céu Claro";"Dupla";"Reta";"Sim";1;0;0;1;0;0;1;1;-28,43911004;-48,96297455;"SPRF-SC";"DEL02-SC";"UOP01-DEL02-SC"
560336;2023-11-10;"sexta-feira";"15:50:00";"SC";101;203,9;"SAO JOSE";"Manobra de mudança de faixa";"Colisão lateral mesmo sentido";"Com Vítimas Feridas";"Pleno dia";"Crescente";"Nublado";"Múltipla";"Reta";"Sim";2;0;1;0;1;0;1;2;-27,5650044;-48,61460082;"SPRF-SC";"DEL01-SC";"UOP01-DEL01-SC"
560338;2023-11-10;"sexta-feira";"14:10:00";"RS";158;214,6;"CRUZ ALTA";"Ausência de reação do condutor";"Tombamento";"Com Vítimas Feridas";"Pleno dia";"Decrescente";"Nublado";"Simples";"Reta;Em Obras";"Não";1;0;1;0;0;0;1;1;-28,80854515;-53,60889162;"SPRF-RS";"DEL10-RS";"UOP02-DEL10-RS"
560339;2023-09-05;"terça-feira";"19:35:00";"PI";316;311;"PICOS";"Acessar a via sem observar a presença dos outros veículos";"Colisão transversal";"Com Vítimas Feridas";"Plena Noite";"Decrescente";"Céu Claro";"Simples";"Reta";"Sim";2;0;1;0;1;0;1;2;-7,076331;-41,46596;"SPRF-PI";"DEL04-PI";"UOP01-DEL04-PI"
560340;2023-11-10;"sexta-feira";"15:30:00";"SP";116;134;"CACAPAVA";"Reação tardia ou ineficiente do condutor";"Colisão traseira";"Com Vítimas Feridas";"Pleno dia";"Crescente";"Céu Claro";"Dupla";"Reta";"Não";2;0;0;1;1;0;1;2;-23,13726214;-45,7562542;"SPRF-SP";"DEL02-SP";"UOP02-DEL02-SP"
560341;2023-11-10;"sexta-feira";"15:53:00";"SP";153;63;"SAO JOSE DO RIO PRETO";"Trafegar com motocicleta (ou similar) entre as faixas";"Colisão lateral mesmo sentido";"Com Vítimas Feridas";"Pleno dia";"Crescente";"Sol";"Dupla";"Reta";"Sim";2;0;1;0;0;1;1;2;-20,82149698;-49,35764818;"SPRF-SP";"DEL09-SP";"UOP01-DEL09-SP"
560342;2023-11-10;"sexta-feira";"13:46:00";"PR";116;149,9;"MANDIRITUBA";"Ausência de reação do condutor";"Atropelamento de Pedestre";"Com Vítimas Feridas";"Pleno dia";"Crescente";"Céu Claro";"Simples";"Reta";"Não";2;0;1;0;1;0;1;2;-25,84349581;-49,3486454;"SPRF-PR";"DEL01-PR";"UOP03-DEL01-PR"
560344;2023-11-10;"sexta-feira";"15:45:00";"RJ";40;120;"DUQUE DE CAXIAS";"Ausência de reação do condutor";"Colisão lateral mesmo sentido";"Com Vítimas Feridas";"Pleno dia";"Crescente";"Céu Claro";"Múltipla";"Reta";"Não";2;0;1;0;1;0;1;2;-22,77280597;-43,28626763;"SPRF-RJ";"DEL01-RJ";"UOP01-DEL01-RJ"
560345;2023-11-10;"sexta-feira";"16:30:00";"RN";406;156;"CEARA-MIRIM";"Ultrapassagem Indevida";"Colisão traseira";"Com Vítimas Feridas";"Pleno dia";"Decrescente";"Céu Claro";"Simples";"Reta";"Não";2;0;0;1;1;0;1;2;-5,68509697;-35,39436096;"SPRF-RN";"DEL02-RN";"UOP01-DEL02-RN"
560346;2023-11-10;"sexta-feira";"16:30:00";"SP";116;132;"CACAPAVA";"Reação tardia ou ineficiente do condutor";"Engavetamento";"Com Vítimas Feridas";"Pleno dia";"Crescente";"Céu Claro";"Dupla";"Reta";"Não";3;0;1;0;2;0;1;3;-23,13169757;-45,74481322;"SPRF-SP";"DEL02-SP";"UOP02-DEL02-SP"
560347;2023-11-10;"sexta-feira";"15:35:00";"GO";60;461;"JATAI";"Reação tardia ou ineficiente do condutor";"Saída de leito carroçável";"Sem Vítimas";"Pleno dia";"Decrescente";"Céu Claro";"Dupla";"Reta";"Não";1;0;0;0;0;1;0;1;-17,8741;-51,6251;"SPRF-GO";"DEL05-GO";"UOP01-DEL05-GO"
560348;2023-11-09;"quinta-feira";"15:40:00";"MA";10;193,4;"RIBAMAR FIQUENE";"Acumulo de areia ou detritos sobre o pavimento";"Capotamento";"Com Vítimas Feridas";"Pleno dia";"Crescente";"Céu Claro";"Simples";"Reta";"Não";1;0;1;0;0;0;1;1;-6,0274;-47,38271;"SPRF-MA";"DEL04-MA";"UOP02-DEL04-MA"
560349;2023-11-10;"sexta-feira";"16:55:00";"RN";101;81,8;"SAO GONCALO DO AMARANTE";"Reação tardia ou ineficiente do condutor";"Queda de ocupante de veículo";"Com Vítimas Feridas";"Pleno dia";"Decrescente";"Céu Claro";"Dupla";"Reta";"Sim";2;0;1;0;1;0;1;2;-5,76469466;-35,28295988;"SPRF-RN";"DEL02-RN";"UOP01-DEL02-RN"
560350;2023-11-10;"sexta-feira";"15:40:00";"BA";415;32;"ILHEUS";"Transitar na contramão";"Colisão frontal";"Com Vítimas Feridas";"Pleno dia";"Decrescente";"Céu Claro";"Simples";"Reta";"Sim";5;0;1;0;4;0;1;2;-14,784031;-39,244417;"SPRF-BA";"DEL05-BA";"UOP01-DEL05-BA"
560351;2023-11-10;"sexta-feira";"16:30:00";"SC";282;4,9;"FLORIANOPOLIS";"Reação tardia ou ineficiente do condutor";"Colisão lateral mesmo sentido";"Sem Vítimas";"Pleno dia";"Crescente";"Céu Claro";"Dupla";"Reta";"Não";2;0;0;0;2;0;0;2;-27,592646;-48,604034;"SPRF-SC";"DEL01-SC";"UOP01-DEL01-SC"
560352;2023-11-10;"sexta-feira";"17:15:00";"TO";153;334;"GUARAI";"Acessar a via sem observar a presença dos outros veículos";"Colisão transversal";"Com Vítimas Feridas";"Pleno dia";"Crescente";"Céu Claro";"Dupla";"Retorno Regulamentado;Interseção de Vias";"Não";3;0;2;0;1;0;2;2;-8,835718;-48,512123;"SPRF-TO";"DEL02-TO";"UOP02-DEL02-TO"
560353;2023-11-10;"sexta-feira";"16:30:00";"SC";470;54,1;"BLUMENAU";"Acessar a via sem observar a presença dos outros veículos";"Colisão transversal";"Com Vítimas Feridas";"Pleno dia";"Decrescente";"Nublado";"Simples";"Interseção de Vias;Reta";"Sim";2;0;1;0;1;0;1;2;-26,871065;-49,110374;"SPRF-SC";"DEL04-SC";"UOP01-DEL04-SC"
560355;2023-11-10;"sexta-feira";"16:25:00";"RJ";101;311;"SAO GONCALO";"Manobra de mudança de faixa";"Colisão lateral mesmo sentido";"Com Vítimas Feridas";"Pleno dia";"Decrescente";"Céu Claro";"Dupla";"Reta";"Não";2;0;1;0;1;0;1;2;-22,80062246;-43,05318779;"SPRF-RJ";"DEL02-RJ";"UOP02-DEL02-RJ"
560357;2023-11-10;"sexta-feira";"16:45:00";"SC";101;211;"SAO JOSE";"Reação tardia ou ineficiente do condutor";"Colisão traseira";"Com Vítimas Feridas";"Pleno dia";"Decrescente";"Nublado";"Múltipla";"Reta";"Sim";7;0;3;0;4;0;3;3;-27,62329313;-48,65245588;"SPRF-SC";"DEL01-SC";"UOP02-DEL01-SC"
560359;2023-11-10;"sexta-feira";"17:55:00";"RS";116;526,5;"PELOTAS";"Desrespeitar a preferência no cruzamento";"Colisão transversal";"Com Vítimas Feridas";"Pleno dia";"Decrescente";"Garoa/Chuvisco";"Dupla";"Rotatória";"Sim";5;0;2;0;3;0;2;2;-31,74307729;-52,39966642;"SPRF-RS";"DEL07-RS";"UOP01-DEL07-RS"
560362;2023-11-10;"sexta-feira";"14:00:00";"RO";364;11;"VILHENA";"Condutor deixou de manter distância do veículo da frente";"Colisão lateral mesmo sentido";"Com Vítimas Feridas";"Pleno dia";"Decrescente";"Céu Claro";"Simples";"Reta";"Sim";3;0;1;0;2;0;1;2;-12,74605898;-60,11270299;"SPRF-RO";"DEL04-RO";"UOP01-DEL04-RO"
560363;2023-11-10;"sexta-feira";"17:10:00";"PR";277;454,3;"LARANJEIRAS DO SUL";"Acessar a via sem observar a presença dos outros veículos";"Colisão transversal";"Com Vítimas Feridas";"Pleno dia";"Decrescente";"Céu Claro";"Simples";"Interseção de Vias";"Sim";3;0;2;1;0;0;3;2;-25,36980336;-52,37913399;"SPRF-PR";"DEL04-PR";"UOP02-DEL04-PR"
560364;2023-11-05;"domingo";"19:40:00";"PR";277;169;"PALMEIRA";"Transitar na contramão";"Colisão frontal";"Com Vítimas Feridas";"Plena Noite";"Decrescente";"Céu Claro";"Simples";"Reta";"Sim";3;0;1;1;1;0;2;2;-25,46271613;-49,922854;"SPRF-PR";"DEL03-PR";"UOP03-DEL03-PR"
560365;2023-11-10;"sexta-feira";"17:20:00";"MG";251;510,5;"MONTES CLAROS";"Ausência de reação do condutor";"Colisão traseira";"Sem Vítimas";"Pleno dia";"Decrescente";"Céu Claro";"Simples";"Reta;Aclive";"Não";2;0;0;0;2;0;0;2;-16,63495;-43,697107;"SPRF-MG";"DEL12-MG";"UOP01-DEL12-MG"
560366;2023-11-10;"sexta-feira";"17:15:00";"PE";232;133;"CARUARU";"Manobra de mudança de faixa";"Colisão traseira";"Com Vítimas Feridas";"Pleno dia";"Crescente";"Nublado";"Dupla";"Reta;Aclive";"Sim";3;0;1;0;2;0;1;2;-8,30607988;-36,01576003;"SPRF-PE";"DEL02-PE";"UOP01-DEL02-PE"
560367;2023-11-10;"sexta-feira";"15:20:00";"PE";101;105;"CABO DE SANTO AGOSTINHO";"Ausência de reação do condutor";"Capotamento";"Com Vítimas Feridas";"Pleno dia";"Decrescente";"Céu Claro";"Dupla";"Curva";"Não";4;0;2;0;2;0;2;1;-8,29241321;-35,05598304;"SPRF-PE";"DEL01-PE";"UOP03-DEL01-PE"
560368;2023-09-24;"domingo";"00:15:00";"MG";381;442;"SABARA";"Animais na Pista";"Atropelamento de Animal";"Com Vítimas Feridas";"Plena Noite";"Decrescente";"Céu Claro";"Simples";"Reta";"Não";3;0;1;0;1;1;1;2;-19,8183901;-43,81131985;"SPRF-MG";"DEL01-MG";"UOP01-DEL01-MG"
560370;2023-11-10;"sexta-feira";"16:10:00";"RJ";116;127;"MAGE";"Acessar a via sem observar a presença dos outros veículos";"Colisão traseira";"Com Vítimas Feridas";"Pleno dia";"Crescente";"Céu Claro";"Dupla";"Interseção de Vias;Curva";"Não";2;0;1;0;0;1;1;2;-22,66137035;-43,09295957;"SPRF-RJ";"DEL04-RJ";"UOP02-DEL04-RJ"
560371;2023-11-10;"sexta-feira";"17:30:00";"RJ";493;0,1;"ITABORAI";"Acesso irregular";"Colisão transversal";"Com Vítimas Feridas";"Pleno dia";"Crescente";"Sol";"Dupla";"Reta";"Sim";2;0;1;0;1;0;1;2;-22,77062;-42,92223;"SPRF-RJ";"DEL02-RJ";"UOP02-DEL02-RJ"
560372;2023-11-10;"sexta-feira";"17:45:00";"ES";101;329;"GUARAPARI";"Avarias e/ou desgaste excessivo no pneu";"Tombamento";"Com Vítimas Feridas";"Anoitecer";"Crescente";"Céu Claro";"Simples";"Curva";"Não";1;0;1;0;0;0;1;1;-20,58543019;-40,49702183;"SPRF-ES";"DEL03-ES";"UOP01-DEL03-ES"
560376;2023-11-10;"sexta-feira";"18:10:00";"PR";376;170;"MARINGA";"Reação tardia ou ineficiente do condutor";"Tombamento";"Com Vítimas Feridas";"Pleno dia";"Decrescente";"Céu Claro";"Dupla";"Reta";"Não";2;0;2;0;0;0;2;1;-23,40524613;-51,99391365;"SPRF-PR";"DEL09-PR";"UOP01-DEL09-PR"
560377;2023-11-10;"sexta-feira";"18:10:00";"CE";116;5,5;"FORTALEZA";"Acessar a via sem observar a presença dos outros veículos";"Colisão transversal";"Com Vítimas Feridas";"Plena Noite";"Crescente";"Céu Claro";"Dupla";"Reta";"Sim";3;0;2;1;0;0;3;2;-3,79467116;-38,50772734;"SPRF-CE";"DEL01-CE";"UOP02-DEL01-CE"
560379;2023-11-10;"sexta-feira";"18:05:00";"SC";282;3;"FLORIANOPOLIS";"Demais falhas mecânicas ou elétricas";"Incêndio";"Sem Vítimas";"Anoitecer";"Crescente";"Céu Claro";"Múltipla";"Reta";"Não";1;0;0;0;1;0;0;1;-27,600384;-48,599705;"SPRF-SC";"DEL01-SC";"UOP01-DEL01-SC"
560381;2023-11-10;"sexta-feira";"18:00:00";"GO";153;507;"GOIANIA";"Demais falhas mecânicas ou elétricas";"Queda de ocupante de veículo";"Com Vítimas Feridas";"Anoitecer";"Crescente";"Céu Claro";"Múltipla";"Aclive;Reta";"Sim";1;0;1;0;0;0;1;1;-16,7715;-49,2387;"SPRF-GO";"DEL01-GO";"UOP03-DEL01-GO"
560383;2023-11-10;"sexta-feira";"07:30:00";"PI";343;4;"TERESINA";"Condutor deixou de manter distância do veículo da frente";"Colisão traseira";"Com Vítimas Feridas";"Pleno dia";"Decrescente";"Céu Claro";"Simples";"Reta";"Sim";2;0;1;0;1;0;1;2;-5,089569;-42,802288;"SPRF-PI";"DEL01-PI";"UOP01-DEL01-PI"
560384;2023-11-10;"sexta-feira";"18:00:00";"SP";116;216;"GUARULHOS";"Ausência de reação do condutor";"Colisão traseira";"Com Vítimas Feridas";"Plena Noite";"Decrescente";"Nublado";"Múltipla";"Reta";"Sim";2;0;1;0;1;0;1;2;-23,45056589;-46,46258105;"SPRF-SP";"DEL01-SP";"UOP01-DEL01-SP"
560385;2023-11-10;"sexta-feira";"19:00:00";"PE";101;68,4;"RECIFE";"Manobra de mudança de faixa";"Queda de ocupante de veículo";"Com Vítimas Feridas";"Plena Noite";"Crescente";"Céu Claro";"Múltipla";"Viaduto";"Sim";2;0;0;1;0;1;1;2;-8,054254;-34,946411;"SPRF-PE";"DEL01-PE";"UOP01-DEL01-PE"
560386;2023-11-10;"sexta-feira";"15:00:00";"PI";343;646;"JERUMENHA";"Avarias e/ou desgaste excessivo no pneu";"Saída de leito carroçável";"Sem Vítimas";"Pleno dia";"Crescente";"Céu Claro";"Simples";"Reta";"Não";1;0;0;0;0;1;0;1;-7,043636;-43,420494;"SPRF-PI";"DEL03-PI";"UOP01-DEL03-PI"