"id";"data_inversa";"dia_semana";"horario";"uf";"br";"km";"municipio";"causa_acidente";"tipo_acidente";"classificacao_acidente";"fase_dia";"sentido_via";"condicao_metereologica";"tipo_pista";"tracado_via";"uso_solo";"pessoas";"mortos";"feridos_leves";"feridos_graves";"ilesos";"ignorados";"feridos";"veiculos";"latitude";"longitude";"regional";"delegacia";"uop"
560500;2023-11-11;"sábado";"07:35:00";"MG";40;500,7;"ESMERALDAS";"Acumulo de areia ou detritos sobre o pavimento";"Tombamento";"Com Vítimas Feridas";"Pleno dia";"Decrescente";"Céu Claro";"Dupla";"Reta;Declive";"Sim";2;0;1;0;0;1;1;2;-19,70073502;-44,17382703;"SPRF-MG";"DEL02-MG";"UOP01-DEL02-MG"
560501;2023-11-11;"sábado";"06:20:00";"RO";174;16;"VILHENA";"Acessar a via sem observar a presença dos outros veículos";"Colisão transversal";"Com Vítimas Feridas";"Pleno dia";"Crescente";"Sol";"Simples";"Reta";"Sim";3;0;0;3;0;0;3;2;-12,71452302;-60,1262149;"SPRF-RO";"DEL04-RO";"UOP01-DEL04-RO"
560503;2023-11-11;"sábado";"08:15:00";"RS";290;75;"GRAVATAI";"Manobra de mudança de faixa";"Colisão com objeto";"Com Vítimas Feridas";"Pleno dia";"Crescente";"Nublado";"Múltipla";"Reta";"Não";1;0;1;0;0;0;1;1;-29,95521;-51,006855;"SPRF-RS";"DEL01-RS";"UOP01-DEL01-RS"
560504;2023-11-11;"sábado";"08:25:00";"PI";402;33,9;"PARNAIBA";"Acessar a via sem observar a presença dos outros veículos";"Colisão transversal";"Com Vítimas Feridas";"Pleno dia";"Decrescente";"Sol";"Simples";"Reta";"Sim";2;0;2;0;0;0;2;2;-2,93239061;-41,74947054;"SPRF-PI";"DEL05-PI";"UOP01-DEL05-PI"
560505;2023-11-11;"sábado";"07:15:00";"SC";101;56,2;"JOINVILLE";"Acessar a via sem observar a presença dos outros veículos";"Colisão traseira";"Com Vítimas Feridas";"Pleno dia";"Decrescente";"Céu Claro";"Dupla";"Reta";"Não";2;0;1;0;1;0;1;2;-26,43207484;-48,82263984;"SPRF-SC";"DEL03-SC";"UOP01-DEL03-SC"
560507;2023-11-11;"sábado";"08:15:00";"CE";116;18;"ITAITINGA";"Reação tardia ou ineficiente do condutor";"Colisão transversal";"Com Vítimas Feridas";"Pleno dia";"Crescente";"Céu Claro";"Dupla";"Reta";"Sim";2;0;1;0;1;0;1;2;-3,90782058;-38,50571752;"SPRF-CE";"DEL01-CE";"UOP02-DEL01-CE"
560508;2023-11-11;"sábado";"07:50:00";"PR";476;182;"CONTENDA";"Ausência de reação do condutor";"Saída de leito carroçável";"Com Vítimas Feridas";"Pleno dia";"Crescente";"Céu Claro";"Simples";"Curva";"Não";2;0;0;2;0;0;2;1;-25,714262;-49,608009;"SPRF-PR";"DEL01-PR";"UOP06-DEL01-PR"
560509;2023-11-11;"sábado";"08:30:00";"MG";40;501;"ESMERALDAS";"Ausência de reação do condutor";"Colisão traseira";"Com Vítimas Feridas";"Pleno dia";"Crescente";"Sol";"Dupla";"Reta;Aclive";"Sim";2;0;0;1;1;0;1;2;-19,707545;-44,167453;"SPRF-MG";"DEL02-MG";"UOP01-DEL02-MG"
560510;2023-11-11;"sábado";"07:50:00";"RJ";40;119;"DUQUE DE CAXIAS";"Ultrapassagem Indevida";"Colisão lateral mesmo sentido";"Com Vítimas Feridas";"Pleno dia";"Crescente";"Céu Claro";"Simples";"Curva";"Sim";3;0;2;0;1;0;2;2;-22,76375592;-43,28683062;"SPRF-RJ";"DEL01-RJ";"UOP01-DEL01-RJ"
560511;2023-11-11;"sábado";"07:30:00";"MG";40;44;"PARACATU";"Acessar a via sem observar a presença dos outros veículos";"Colisão transversal";"Com Vítimas Feridas";"Pleno dia";"Crescente";"Céu Claro";"Simples";"Reta;Rotatória";"Sim";2;0;1;0;1;0;1;2;-17,23101648;-46,85390396;"SPRF-MG";"DEL14-MG";"UOP01-DEL14-MG"
560514;2023-11-11;"sábado";"08:15:00";"SP";381;89;"GUARULHOS";"Acumulo de areia ou detritos sobre o pavimento";"Tombamento";"Com Vítimas Feridas";"Pleno dia";"Decrescente";"Céu Claro";"Dupla";"Curva";"Sim";1;0;1;0;0;0;1;1;-23,48469299;-46,55983288;"SPRF-SP";"DEL03-SP";"UOP01-DEL03-SP"
560515;2023-11-11;"sábado";"08:00:00";"PR";277;593,8;"CASCAVEL";"Mal súbito do condutor";"Saída de leito carroçável";"Sem Vítimas";"Pleno dia";"Crescente";"Céu Claro";"Simples";"Reta";"Sim";1;0;0;0;1;0;0;1;-24,9795365;-53,4902792;"SPRF-PR";"DEL04-PR";"UOP01-DEL04-PR"
560516;2023-11-11;"sábado";"08:30:00";"PI";343;321,7;"TERESINA";"Acessar a via sem observar a presença dos outros veículos";"Colisão lateral mesmo sentido";"Com Vítimas Feridas";"Pleno dia";"Crescente";"Céu Claro";"Simples";"Reta";"Não";3;0;1;1;1;0;2;2;-5,051889;-42,57745;"SPRF-PI";"DEL01-PI";"UOP01-DEL01-PI"
560517;2023-11-11;"sábado";"07:05:00";"RO";364;700,9;"PORTO VELHO";"Reação tardia ou ineficiente do condutor";"Colisão traseira";"Com Vítimas Feridas";"Pleno dia";"Decrescente";"Céu Claro";"Dupla";"Reta;Em Obras";"Não";4;0;1;1;2;0;2;2;-8,80049426;-63,76902;"SPRF-RO";"DEL01-RO";"UOP01-DEL01-RO"
560518;2023-11-11;"sábado";"09:20:00";"PE";104;60,5;"CARUARU";"Transitar na contramão";"Colisão transversal";"Com Vítimas Feridas";"Pleno dia";"Decrescente";"Céu Claro";"Dupla";"Reta;Aclive;Retorno Regulamentado";"Sim";3;0;2;1;0;0;3;2;-8,2438;-35,9752;"SPRF-PE";"DEL02-PE";"UOP01-DEL02-PE"
560520;2023-11-11;"sábado";"08:50:00";"RJ";101;400;"ITAGUAI";"Ausência de reação do condutor";"Colisão lateral mesmo sentido";"Com Vítimas Feridas";"Pleno dia";"Crescente";"Céu Claro";"Dupla";"Reta";"Sim";2;0;1;0;1;0;1;2;-22,8483707;-43,76952338;"SPRF-RJ";"DEL03-RJ";"UOP01-DEL03-RJ"
560521;2023-11-11;"sábado";"07:50:00";"RS";472;575;"URUGUAIANA";"Acessar a via sem observar a presença dos outros veículos";"Colisão transversal";"Com Vítimas Feridas";"Pleno dia";"Decrescente";"Nublado";"Simples";"Curva;Interseção de Vias";"Sim";3;0;2;0;1;0;2;2;-29,76313205;-57,05513906;"SPRF-RS";"DEL13-RS";"UOP01-DEL13-RS"
560522;2023-11-11;"sábado";"08:40:00";"PB";101;87,3;"JOAO PESSOA";"Reação tardia ou ineficiente do condutor";"Colisão traseira";"Com Vítimas Feridas";"Pleno dia";"Decrescente";"Sol";"Dupla";"Reta";"Sim";2;0;1;0;1;0;1;2;-7,15886802;-34,90628504;"SPRF-PB";"DEL01-PB";"UOP01-DEL01-PB"
560524;2023-11-11;"sábado";"08:30:00";"RO";364;383;"OURO PRETO DO OESTE";"Acessar a via sem observar a presença dos outros veículos";"Colisão transversal";"Com Vítimas Feridas";"Pleno dia";"Crescente";"Céu Claro";"Simples";"Curva";"Sim";2;0;0;1;1;0;1;2;-10,72104014;-62,24385208;"SPRF-RO";"DEL02-RO";"UOP01-DEL02-RO"
560525;2023-11-11;"sábado";"09:20:00";"SP";116;275;"TABOAO DA SERRA";"Entrada inopinada do pedestre";"Atropelamento de Pedestre";"Com Vítimas Feridas";"Pleno dia";"Decrescente";"Céu Claro";"Dupla";"Reta";"Sim";2;0;1;0;1;0;1;2;-23,63638826;-46,83251584;"SPRF-SP";"DEL04-SP";"UOP01-DEL04-SP"
560526;2023-11-11;"sábado";"08:50:00";"PE";232;35,8;"MORENO";"Problema com o freio";"Queda de ocupante de veículo";"Com Vítimas Feridas";"Pleno dia";"Crescente";"Céu Claro";"Dupla";"Reta";"Não";1;0;1;0;0;0;1;1;-8,10907341;-35,19256991;"SPRF-PE";"DEL01-PE";"UOP01-DEL01-PE"
560529;2023-11-11;"sábado";"09:15:00";"SC";101;354,6;"SANGAO";"Ausência de reação do condutor";"Tombamento";"Com Vítimas Feridas";"Pleno dia";"Crescente";"Nublado";"Dupla";"Reta;Aclive;Viaduto";"Não";1;0;0;1;0;0;1;1;-28,61806302;-49,07013199;"SPRF-SC";"DEL02-SC";"UOP01-DEL02-SC"
560530;2023-11-11;"sábado";"09:55:00";"GO";153;493;"GOIANIA";"Condutor deixou de manter distância do veículo da frente";"Engavetamento";"Com Vítimas Feridas";"Pleno dia";"Crescente";"Céu Claro";"Simples";"Reta;Declive";"Não";3;0;2;0;1;0;2;3;-16,6537;-49,2172;"SPRF-GO";"DEL01-GO";"UOP01-DEL01-GO"
560531;2023-11-11;"sábado";"10:10:00";"ES";101;278;"SERRA";"Manobra de mudança de faixa";"Capotamento";"Com Vítimas Feridas";"Pleno dia";"Crescente";"Sol";"Dupla";"Reta;Retorno Regulamentado";"Sim";2;0;1;0;1;0;1;2;-20,21698365;-40,32974606;"SPRF-ES";"DEL02-ES";"UOP01-DEL02-ES"
560533;2023-10-05;"quinta-feira";"07:00:00";"PR";476;119;"COLOMBO";"Manobra de mudança de faixa";"Colisão lateral mesmo sentido";"Com Vítimas Feridas";"Pleno dia";"Crescente";"Chuva";"Múltipla";"Reta;Aclive";"Sim";3;0;0;1;2;0;1;3;-25,364202;-49,185825;"SPRF-PR";"DEL01-PR";"UOP01-DEL01-PR"
560535;2023-11-11;"sábado";"10:00:00";"SP";116;101,7;"PINDAMONHANGABA";"Condutor deixou de manter distância do veículo da frente";"Colisão traseira";"Com Vítimas Feridas";"Pleno dia";"Decrescente";"Sol";"Dupla";"Reta;Aclive";"Não";3;0;2;0;1;0;2;2;-22,99074204;-45,48115098;"SPRF-SP";"DEL08-SP";"UOP01-DEL08-SP"
560537;2023-11-11;"sábado";"09:00:00";"BA";324;516;"FEIRA DE SANTANA";"Acesso irregular";"Colisão transversal";"Com Vítimas Feridas";"Pleno dia";"Crescente";"Céu Claro";"Simples";"Reta";"Sim";2;0;1;0;1;0;1;2;-12,24255294;-38,93743157;"SPRF-BA";"DEL02-BA";"UOP01-DEL02-BA"
560538;2023-11-11;"sábado";"09:05:00";"PB";230;164,2;"CAMPINA GRANDE";"Acessar a via sem observar a presença dos outros veículos";"Colisão traseira";"Com Vítimas Feridas";"Pleno dia";"Decrescente";"Céu Claro";"Simples";"Reta;Retorno Regulamentado";"Sim";3;0;3;0;0;0;3;2;-7,21368979;-35,94889283;"SPRF-PB";"DEL02-PB";"UOP01-DEL02-PB"
560541;2023-11-11;"sábado";"10:20:00";"SP";153;61;"SAO JOSE DO RIO PRETO";"Ausência de reação do condutor";"Tombamento";"Com Vítimas Feridas";"Pleno dia";"Crescente";"Céu Claro";"Dupla";"Curva";"Sim";2;0;2;0;0;0;2;1;-20,80502876;-49,35574909;"SPRF-SP";"DEL09-SP";"UOP01-DEL09-SP"
560542;2023-11-11;"sábado";"10:40:00";"CE";116;26,8;"AQUIRAZ";"Avarias e/ou desgaste excessivo no pneu";"Tombamento";"Com Vítimas Feridas";"Pleno dia";"Crescente";"Céu Claro";"Dupla";"Reta;Declive";"Não";1;0;0;1;0;0;1;1;-3,9752959;-38,51436047;"SPRF-CE";"DEL01-CE";"UOP02-DEL01-CE"
560543;2023-11-10;"sexta-feira";"18:50:00";"RN";304;35;"MOSSORO";"Acostamento em desnível";"Tombamento";"Com Vítimas Feridas";"Plena Noite";"Decrescente";"Céu Claro";"Dupla";"Em Obras;Rotatória";"Sim";1;0;1;0;0;0;1;1;-5,16149497;-37,35068212;"SPRF-RN";"DEL04-RN";"UOP02-DEL04-RN"
560545;2023-11-11;"sábado";"09:30:00";"SC";282;473;"VARGEAO";"Demais falhas mecânicas ou elétricas";"Tombamento";"Com Vítimas Feridas";"Pleno dia";"Crescente";"Céu Claro";"Simples";"Reta";"Não";2;0;2;0;0;0;2;1;-26,871765;-52,146477;"SPRF-SC";"DEL07-SC";"UOP01-DEL07-SC"
560547;2023-11-11;"sábado";"10:14:00";"GO";60;22,9;"ALEXANIA";"Reação tardia ou ineficiente do condutor";"Colisão traseira";"Com Vítimas Feridas";"Pleno dia";"Crescente";"Céu Claro";"Dupla";"Curva";"Não";2;0;0;1;0;1;1;2;-16,0963;-48,5202;"SPRF-DF";"DEL03-DF";"UOP01-DEL03-DF"
560548;2023-11-10;"sexta-feira";"07:00:00";"BA";101;537;"BUERAREMA";"Velocidade Incompatível";"Saída de leito carroçável";"Com Vítimas Feridas";"Pleno dia";"Crescente";"Nublado";"Simples";"Curva";"Não";1;0;0;1;0;0;1;1;-15,00243243;-39,32933807;"SPRF-BA";"DEL05-BA";"UOP01-DEL05-BA"
560550;2023-11-11;"sábado";"11:00:00";"SP";116;157;"SAO JOSE DOS CAMPOS";"Condutor deixou de manter distância do veículo da frente";"Colisão traseira";"Sem Vítimas";"Pleno dia";"Crescente";"Céu Claro";"Múltipla";"Reta;Aclive";"Não";2;0;0;0;2;0;0;2;-23,25558031;-45,9437828;"SPRF-SP";"DEL02-SP";"UOP01-DEL02-SP"
560551;2023-11-11;"sábado";"10:00:00";"RJ";116;31;"SAPUCAIA";"Velocidade Incompatível";"Queda de ocupante de veículo";"Com Vítimas Feridas";"Pleno dia";"Decrescente";"Sol";"Simples";"Reta";"Não";2;0;1;0;1;0;1;1;-22,07933369;-42,80038411;"SPRF-RJ";"DEL05-RJ";"UOP01-DEL05-RJ"
560553;2023-11-11;"sábado";"11:20:00";"SC";101;242,6;"PAULO LOPES";"Reação tardia ou ineficiente do condutor";"Colisão traseira";"Com Vítimas Feridas";"Pleno dia";"Crescente";"Céu Claro";"Múltipla";"Reta";"Não";3;0;1;1;1;0;2;2;-27,87545797;-48,64678433;"SPRF-SC";"DEL01-SC";"UOP02-DEL01-SC"
560554;2023-11-11;"sábado";"12:00:00";"MG";40;448,1;"PARAOPEBA";"Condutor deixou de manter distância do veículo da frente";"Saída de leito carroçável";"Com Vítimas Feridas";"Pleno dia";"Crescente";"Céu Claro";"Dupla";"Curva;Declive";"Sim";2;0;1;1;0;0;2;1;-19,30240508;-44,37700868;"SPRF-MG";"DEL02-MG";"UOP01-DEL02-MG"
560555;2023-09-28;"quinta-feira";"19:22:00";"RN";406;102,6;"JOAO CAMARA";"Condutor deixou de manter distância do veículo da frente";"Colisão traseira";"Com Vítimas Feridas";"Plena Noite";"Decrescente";"Céu Claro";"Simples";"Reta";"Sim";4;0;0;4;0;0;4;2;-5,52900453;-35,8176187;"SPRF-RN";"DEL02-RN";"UOP01-DEL02-RN"
560559;2023-11-11;"sábado";"12:20:00";"SP";116;112,9;"TAUBATE";"Reação tardia ou ineficiente do condutor";"Saída de leito carroçável";"Com Vítimas Feridas";"Pleno dia";"Decrescente";"Céu Claro";"Dupla";"Reta";"Não";1;0;1;0;0;0;1;1;-23,0440828;-45,58041405;"SPRF-SP";"DEL02-SP";"UOP02-DEL02-SP"
560560;2023-04-29;"sábado";"21:38:00";"PE";232;483;"VERDEJANTE";"Transitar na contramão";"Colisão lateral sentido oposto";"Com Vítimas Feridas";"Plena Noite";"Decrescente";"Garoa/Chuvisco";"Simples";"Reta;Ponte";"Sim";3;0;0;2;1;0;2;2;-8,00761503;-38,91459501;"SPRF-PE";"DEL05-PE";"UOP01-DEL05-PE"
560561;2023-11-11;"sábado";"11:00:00";"PE";232;130;"CARUARU";"Condutor deixou de manter distância do veículo da frente";"Colisão lateral mesmo sentido";"Com Vítimas Feridas";"Pleno dia";"Crescente";"Céu Claro";"Dupla";"Reta;Em Obras";"Sim";2;0;1;0;1;0;1;2;-8,29955;-35,992045;"SPRF-PE";"DEL02-PE";"UOP01-DEL02-PE"
560562;2023-11-11;"sábado";"11:00:00";"RJ";101;296;"ITABORAI";"Ausência de reação do condutor";"Engavetamento";"Com Vítimas Feridas";"Pleno dia";"Decrescente";"Céu Claro";"Dupla";"Reta";"Sim";6;0;1;0;5;0;1;3;-22,7670498;-42,91019601;"SPRF-RJ";"DEL02-RJ";"UOP02-DEL02-RJ"
560563;2023-11-11;"sábado";"09:10:00";"PR";163;316;"TERRA ROXA";"Acessar a via sem observar a presença dos outros veículos";"Colisão traseira";"Com Vítimas Feridas";"Pleno dia";"Crescente";"Céu Claro";"Simples";"Reta";"Não";3;0;1;0;2;0;1;2;-24,37834015;-54,15266373;"SPRF-PR";"DEL06-PR";"UOP02-DEL06-PR"
560564;2023-11-11;"sábado";"11:45:00";"PI";316;31,8;"DEMERVAL LOBAO";"Acessar a via sem observar a presença dos outros veículos";"Tombamento";"Com Vítimas Feridas";"Pleno dia";"Decrescente";"Sol";"Simples";"Reta";"Sim";2;0;0;1;1;0;1;2;-5,354595;-42,67727;"SPRF-PI";"DEL01-PI";"UOP02-DEL01-PI"
560565;2023-11-11;"sábado";"11:30:00";"MG";381;4,2;"BETIM";"Demais falhas mecânicas ou elétricas";"Incêndio";"Com Vítimas Feridas";"Pleno dia";"Decrescente";"Céu Claro";"Dupla";"Reta";"Sim";1;0;1;0;0;0;1;1;-19,96825;-44,198708;"SPRF-MG";"DEL01-MG";"UOP03-DEL01-MG"
560568;2023-11-11;"sábado";"12:30:00";"PR";376;668;"GUARATUBA";"Reação tardia ou ineficiente do condutor";"Tombamento";"Com Vítimas Feridas";"Pleno dia";"Decrescente";"Céu Claro";"Dupla";"Curva";"Não";1;0;0;1;0;0;1;1;-25,86853017;-48,9331913;"SPRF-PR";"DEL01-PR";"UOP04-DEL01-PR"
560570;2023-11-11;"sábado";"13:15:00";"SC";282;23,5;"PALHOCA";"Conversão proibida";"Colisão lateral mesmo sentido";"Com Vítimas Feridas";"Pleno dia";"Crescente";"Céu Claro";"Simples";"Reta";"Sim";3;0;1;0;2;0;1;2;-27,687958;-48,736794;"SPRF-SC";"DEL01-SC";"UOP03-DEL01-SC"
560571;2023-11-11;"sábado";"13:10:00";"MG";40;421,6;"CURVELO";"Ultrapassagem Indevida";"Colisão frontal";"Com Vítimas Feridas";"Pleno dia";"Decrescente";"Céu Claro";"Simples";"Reta;Aclive";"Não";3;0;2;0;0;1;2;3;-19,15478812;-44,55712798;"SPRF-MG";"DEL02-MG";"UOP01-DEL02-MG"
560576;2023-11-11;"sábado";"10:40:00";"RS";392;265;"CACAPAVA DO SUL";"Ausência de reação do condutor";"Saída de leito carroçável";"Com Vítimas Feridas";"Pleno dia";"Crescente";"Chuva";"Simples";"Curva;Declive";"Não";4;0;1;0;3;0;1;1;-30,434884;-53,50004801;"SPRF-RS";"DEL09-RS";"UOP02-DEL09-RS"
560577;2023-10-08;"domingo";"08:00:00";"RS";290;106;"ELDORADO DO SUL";"Condutor Dormindo";"Saída de leito carroçável";"Sem Vítimas";"Pleno dia";"Crescente";"Chuva";"Simples";"Reta";"Sim";1;0;0;0;1;0;0;1;-29,998999;-51,294563;"SPRF-RS";"DEL02-RS";"UOP01-DEL02-RS"
560578;2023-11-11;"sábado";"10:00:00";"RJ";356;160,2;"SAO JOAO DA BARRA";"Reação tardia ou ineficiente do condutor";"Engavetamento";"Com Vítimas Feridas";"Pleno dia";"Crescente";"Céu Claro";"Simples";"Reta";"Não";5;0;2;0;3;0;2;3;-21,71992893;-41,17306805;"SPRF-RJ";"DEL08-RJ";"UOP02-DEL08-RJ"
560580;2023-11-11;"sábado";"12:40:00";"MG";40;552;"NOVA LIMA";"Demais falhas mecânicas ou elétricas";"Queda de ocupante de veículo";"Com Vítimas Feridas";"Pleno dia";"Crescente";"Céu Claro";"Dupla";"Reta";"Sim";2;0;0;2;0;0;2;1;-20,06084086;-43,97716423;"SPRF-MG";"DEL01-MG";"UOP02-DEL01-MG"
560581;2023-11-11;"sábado";"13:20:00";"BA";110;381,4;"CATU";"Condutor Dormindo";"Saída de leito carroçável";"Com Vítimas Feridas";"Pleno dia";"Decrescente";"Sol";"Simples";"Curva";"Não";2;0;1;0;1;0;1;1;-12,412511;-38,458286;"SPRF-BA";"DEL01-BA";"UOP01-DEL01-BA"
560582;2023-11-11;"sábado";"12:30:00";"AL";424;99,5;"COQUEIRO SECO";"Manobra de mudança de faixa";"Colisão transversal";"Com Vítimas Feridas";"Pleno dia";"Decrescente";"Céu Claro";"Simples";"Reta";"Não";4;0;2;0;2;0;2;2;-9,64381803;-35,85750913;"SPRF-AL";"DEL02-AL";"UOP01-DEL02-AL"
560583;2023-11-11;"sábado";"08:50:00";"MA";222;265;"ARARI";"Demais falhas na via";"Queda de ocupante de veículo";"Com Vítimas Feridas";"Pleno dia";"Crescente";"Céu Claro";"Simples";"Reta";"Não";1;0;1;0;0;0;1;1;-3,57371589;-44,58787511;"SPRF-MA";"DEL01-MA";"UOP02-DEL01-MA"
560584;2023-11-11;"sábado";"13:55:00";"GO";40;83;"CRISTALINA";"Afundamento ou ondulação no pavimento";"Queda de ocupante de veículo";"Com Vítimas Feridas";"Pleno dia";"Decrescente";"Céu Claro";"Dupla";"Reta";"Não";1;0;1;0;0;0;1;1;-16,692061;-47,697907;"SPRF-DF";"DEL01-DF";"UOP02-DEL01-DF"
560585;2023-11-11;"sábado";"13:30:00";"MT";163;831,9;"SINOP";"Manobra de mudança de faixa";"Colisão lateral mesmo sentido";"Com Vítimas Feridas";"Pleno dia";"Crescente";"Céu Claro";"Simples";"Reta";"Sim";5;0;0;2;2;1;2;4;-11,888918;-55,502382;"SPRF-MT";"DEL06-MT";"UOP02-DEL06-MT"
560586;2023-11-11;"sábado";"14:20:00";"SC";101;199,2;"SAO JOSE";"Reação tardia ou ineficiente do condutor";"Colisão traseira";"Com Vítimas Feridas";"Pleno dia";"Crescente";"Nublado";"Simples";"Reta";"Não";2;0;1;0;1;0;1;2;-27,53413705;-48,63003205;"SPRF-SC";"DEL01-SC";"UOP01-DEL01-SC"
560587;2023-10-16;"segunda-feira";"19:15:00";"GO";50;97,8;"CRISTALINA";"Acessar a via sem observar a presença dos outros veículos";"Colisão transversal";"Com Vítimas Feridas";"Plena Noite";"Crescente";"Céu Claro";"Simples";"Interseção de Vias";"Sim";2;0;1;0;1;0;1;2;-16,76665294;-47,61627328;"SPRF-DF";"DEL01-DF";"UOP02-DEL01-DF"
560590;2023-11-11;"sábado";"14:56:00";"PE";101;73;"RECIFE";"Ausência de reação do condutor";"Colisão lateral mesmo sentido";"Com Vítimas Feridas";"Pleno dia";"Decrescente";"Céu Claro";"Dupla";"Curva";"Não";2;0;1;0;1;0;1;2;-8,093369;-34,947464;"SPRF-PE";"DEL01-PE";"UOP01-DEL01-PE"
560593;2023-11-11;"sábado";"11:30:00";"MT";174;275;"PONTES E LACERDA";"Ausência de reação do condutor";"Queda de ocupante de veículo";"Com Vítimas Feridas";"Pleno dia";"Decrescente";"Céu Claro";"Simples";"Reta";"Não";1;0;1;0;0;0;1;1;-15,32483198;-59,22825699;"SPRF-MT";"DEL04-MT";"UOP01-DEL04-MT"
560595;2023-11-11;"sábado";"13:00:00";"PA";10;7,5;"DOM ELISEU";"Acessar a via sem observar a presença dos outros veículos";"Colisão transversal";"Com Vítimas Feridas";"Pleno dia";"Crescente";"Sol";"Simples";"Reta;Declive";"Não";2;0;0;1;1;0;1;2;-4,38439306;-47,53529121;"SPRF-PA";"DEL02-PA";"UOP02-DEL02-PA"
560596;2023-11-11;"sábado";"15:25:00";"PB";101;93,2;"JOAO PESSOA";"Ingestão de álcool pelo condutor";"Colisão traseira";"Com Vítimas Feridas";"Pleno dia";"Crescente";"Céu Claro";"Dupla";"Reta";"Não";3;0;2;0;1;0;2;2;-7,205825;-34,90879;"SPRF-PB";"DEL01-PB";"UOP02-DEL01-PB"
560597;2023-11-11;"sábado";"15:30:00";"PR";376;664;"GUARATUBA";"Trafegar com motocicleta (ou similar) entre as faixas";"Tombamento";"Com Vítimas Feridas";"Pleno dia";"Crescente";"Céu Claro";"Dupla";"Declive;Curva";"Não";2;0;1;0;1;0;1;2;-25,85321576;-48,96608688;"SPRF-PR";"DEL01-PR";"UOP04-DEL01-PR"
560598;2023-11-11;"sábado";"15:20:00";"RS";448;22;"PORTO ALEGRE";"Acumulo de água sobre o pavimento";"Colisão com objeto";"Com Vítimas Feridas";"Pleno dia";"Decrescente";"Chuva";"Dupla";"Curva;Aclive";"Não";1;0;1;0;0;0;1;1;-29,972212;-51,199139;"SPRF-RS";"DEL01-RS";"UOP01-DEL01-RS"
560599;2023-11-11;"sábado";"13:58:00";"PR";153;74;"CONSELHEIRO MAIRINCK";"Ultrapassagem Indevida";"Colisão frontal";"Com Vítimas Feridas";"Pleno dia";"Crescente";"Céu Claro";"Simples";"Reta";"Não";3;0;1;0;2;0;1;2;-23,55846818;-50,14055014;"SPRF-PR";"DEL07-PR";"UOP04-DEL07-PR"
560600;2023-11-11;"sábado";"14:45:00";"SC";101;114,4;"ITAJAI";"Objeto estático sobre o leito carroçável";"Tombamento";"Com Vítimas Feridas";"Pleno dia";"Crescente";"Céu Claro";"Dupla";"Reta";"Não";2;0;2;0;0;0;2;1;-26,86192886;-48,7286704;"SPRF-SC";"DEL04-SC";"UOP04-DEL04-SC"
560601;2023-11-11;"sábado";"15:25:00";"PE";101;72;"RECIFE";"Reação tardia ou ineficiente do condutor";"Colisão traseira";"Com Vítimas Feridas";"Pleno dia";"Crescente";"Céu Claro";"Dupla";"Reta";"Sim";3;0;1;0;1;1;1;3;-8,08493106;-34,9450639;"SPRF-PE";"DEL01-PE";"UOP01-DEL01-PE"
560603;2023-11-01;"quarta-feira";"13:30:00";"RO";364;994;"PORTO VELHO";"Afundamento ou ondulação no pavimento";"Capotamento";"Com Vítimas Feridas";"Pleno dia";"Crescente";"Céu Claro";"Simples";"Reta";"Não";4;0;4;0;0;0;4;1;-9,68444609;-65,942069;"SPRF-RO";"DEL01-RO";"UOP03-DEL01-RO"
560606;2023-11-11;"sábado";"15:55:00";"RN";101;101;"PARNAMIRIM";"Acessar a via sem observar a presença dos outros veículos";"Colisão lateral mesmo sentido";"Com Vítimas Feridas";"Pleno dia";"Decrescente";"Sol";"Múltipla";"Interseção de Vias";"Sim";2;0;1;0;0;1;1;2;-5,88681084;-35,23143404;"SPRF-RN";"DEL01-RN";"UOP01-DEL01-RN"
560608;2023-11-11;"sábado";"12:45:00";"RO";364;559;"ALTO PARAISO";"Acessar a via sem observar a presença dos outros veículos";"Colisão frontal";"Com Vítimas Fatais";"Pleno dia";"Decrescente";"Céu Claro";"Simples";"Reta";"Não";4;2;1;1;0;0;2;2;-9,564884;-63,075218;"SPRF-RO";"DEL03-RO";"UOP01-DEL03-RO"
560609;2023-11-11;"sábado";"15:30:00";"MG";381;491;"BETIM";"Reação tardia ou ineficiente do condutor";"Colisão traseira";"Com Vítimas Feridas";"Pleno dia";"Decrescente";"Céu Claro";"Dupla";"Reta";"Sim";2;0;1;0;1;0;1;2;-19,95913858;-44,15162802;"SPRF-MG";"DEL01-MG";"UOP03-DEL01-MG"
560610;2023-11-11;"sábado";"16:30:00";"RJ";101;391;"ITAGUAI";"Acessar a via sem observar a presença dos outros veículos";"Colisão lateral mesmo sentido";"Sem Vítimas";"Pleno dia";"Decrescente";"Céu Claro";"Dupla";"Reta";"Sim";3;0;0;0;3;0;0;3;-22,894827;-43,68492;"SPRF-RJ";"DEL03-RJ";"UOP01-DEL03-RJ"
560612;2023-11-11;"sábado";"16:30:00";"RS";290;15;"SANTO ANTONIO DA PATRULHA";"Acumulo de água sobre o pavimento";"Saída de leito carroçável";"Com Vítimas Feridas";"Pleno dia";"Decrescente";"Chuva";"Dupla";"Reta";"Não";1;0;1;0;0;0;1;1;-29,86499;-50,410789;"SPRF-RS";"DEL03-RS";"UOP01-DEL03-RS"