"id";"data_inversa";"dia_semana";"horario";"uf";"br";"km";"municipio";"causa_acidente";"tipo_acidente";"classificacao_acidente";"fase_dia";"sentido_via";"condicao_metereologica";"tipo_pista";"tracado_via";"uso_solo";"pessoas";"mortos";"feridos_leves";"feridos_graves";"ilesos";"ignorados";"feridos";"veiculos";"latitude";"longitude";"regional";"delegacia";"uop"
560724;2023-11-11;"sábado";"23:30:00";"MT";163;702;"SORRISO";"Objeto estático sobre o leito carroçável";"Saída de leito carroçável";"Com Vítimas Feridas";"Plena Noite";"Crescente";"Céu Claro";"Simples";"Reta";"Não";1;0;0;1;0;0;1;1;-12,959591;-55,870975;"SPRF-MT";"DEL06-MT";"UOP01-DEL06-MT"
560725;2023-11-12;"domingo";"02:52:00";"PR";116;140;"MANDIRITUBA";"Pedestre andava na pista";"Atropelamento de Pedestre";"Com Vítimas Feridas";"Plena Noite";"Crescente";"Céu Claro";"Dupla";"Reta";"Sim";2;0;0;1;0;1;1;2;-25,776325;-49,32417;"SPRF-PR";"DEL01-PR";"UOP03-DEL01-PR"
560728;2023-11-11;"sábado";"21:20:00";"SC";282;373,7;"ERVAL VELHO";"Demais falhas na via";"Tombamento";"Com Vítimas Feridas";"Plena Noite";"Decrescente";"Céu Claro";"Simples";"Reta";"Não";2;0;2;0;0;0;2;1;-27,244722;-51,44812;"SPRF-SC";"DEL07-SC";"UOP05-DEL07-SC"
560729;2023-11-12;"domingo";"03:08:00";"PE";408;25;"TIMBAUBA";"Transitar na contramão";"Colisão frontal";"Com Vítimas Feridas";"Amanhecer";"Crescente";"Céu Claro";"Dupla";"Reta";"Não";2;0;1;0;1;0;1;2;-7,52257159;-35,29948406;"SPRF-PE";"DEL01-PE";"UOP02-DEL01-PE"
560730;2023-11-12;"domingo";"03:00:00";"PR";376;159,5;"MARINGA";"Velocidade Incompatível";"Saída de leito carroçável";"Com Vítimas Feridas";"Plena Noite";"Crescente";"Céu Claro";"Dupla";"Curva";"Não";1;0;1;0;0;0;1;1;-23,36446552;-52,0839715;"SPRF-PR";"DEL09-PR";"UOP01-DEL09-PR"
560731;2023-11-12;"domingo";"03:30:00";"GO";364;49;"CACHOEIRA ALTA";"Reação tardia ou ineficiente do condutor";"Saída de leito carroçável";"Com Vítimas Feridas";"Plena Noite";"Crescente";"Céu Claro";"Simples";"Reta;Declive";"Não";3;0;2;0;1;0;2;1;-18,814787;-50,886787;"SPRF-GO";"DEL05-GO";"UOP02-DEL05-GO"
560732;2023-11-11;"sábado";"18:15:00";"CE";402;197,4;"MORRINHOS";"Acostamento em desnível";"Queda de ocupante de veículo";"Sem Vítimas";"Plena Noite";"Crescente";"Céu Claro";"Simples";"Reta";"Não";1;0;0;0;0;1;0;1;-3,22732561;-40,06022595;"SPRF-CE";"DEL01-CE";"UOP03-DEL01-CE"
560733;2023-11-11;"sábado";"21:40:00";"SC";116;117;"SANTA CECILIA";"Demais falhas mecânicas ou elétricas";"Saída de leito carroçável";"Sem Vítimas";"Plena Noite";"Crescente";"Céu Claro";"Simples";"Curva";"Não";1;0;0;0;1;0;0;1;-26,81731599;-50,35097407;"SPRF-SC";"DEL06-SC";"UOP02-DEL06-SC"
560734;2023-11-12;"domingo";"05:40:00";"RS";116;262;"CANOAS";"Velocidade Incompatível";"Saída de leito carroçável";"Sem Vítimas";"Pleno dia";"Decrescente";"Chuva";"Dupla";"Curva";"Não";1;0;0;0;1;0;0;1;-29,896475;-51,17593;"SPRF-RS";"DEL01-RS";"UOP01-DEL01-RS"
560735;2023-11-12;"domingo";"01:15:00";"ES";101;217;"IBIRACU";"Ausência de reação do condutor";"Queda de ocupante de veículo";"Com Vítimas Feridas";"Plena Noite";"Crescente";"Céu Claro";"Dupla";"Reta";"Não";2;0;2;0;0;0;2;1;-19,847186;-40,384266;"SPRF-ES";"DEL02-ES";"UOP01-DEL02-ES"
560736;2023-11-12;"domingo";"05:40:00";"SP";153;58;"SAO JOSE DO RIO PRETO";"Ausência de reação do condutor";"Tombamento";"Com Vítimas Feridas";"Pleno dia";"Decrescente";"Céu Claro";"Dupla";"Declive";"Sim";1;0;1;0;0;0;1;1;-20,77838195;-49,35300538;"SPRF-SP";"DEL09-SP";"UOP01-DEL09-SP"
560737;2023-11-12;"domingo";"05:50:00";"PE";101;42;"IGARASSU";"Velocidade Incompatível";"Colisão traseira";"Com Vítimas Feridas";"Pleno dia";"Decrescente";"Céu Claro";"Múltipla";"Reta";"Sim";2;0;1;0;0;1;1;2;-7,83887431;-34,91196739;"SPRF-PE";"DEL01-PE";"UOP02-DEL01-PE"
560738;2023-11-12;"domingo";"05:00:00";"PI";316;61;"MONSENHOR GIL";"Ingestão de álcool pelo condutor";"Tombamento";"Com Vítimas Feridas";"Amanhecer";"Crescente";"Céu Claro";"Simples";"Aclive";"Não";1;0;0;1;0;0;1;1;-5,58402402;-42,61489907;"SPRF-PI";"DEL01-PI";"UOP02-DEL01-PI"
560739;2023-11-12;"domingo";"06:10:00";"MG";50;186;"UBERABA";"Velocidade Incompatível";"Saída de leito carroçável";"Com Vítimas Feridas";"Pleno dia";"Decrescente";"Céu Claro";"Dupla";"Retorno Regulamentado";"Não";3;0;1;2;0;0;3;1;-19,82507776;-47,89035168;"SPRF-MG";"DEL13-MG";"UOP01-DEL13-MG"
560740;2023-11-12;"domingo";"06:20:00";"PR";116;120;"CURITIBA";"Velocidade Incompatível";"Colisão com objeto";"Com Vítimas Feridas";"Pleno dia";"Crescente";"Céu Claro";"Dupla";"Reta";"Sim";4;0;0;4;0;0;4;1;-25,55122256;-49,30503748;"SPRF-PR";"DEL01-PR";"UOP03-DEL01-PR"
560741;2023-11-12;"domingo";"06:55:00";"DF";70;12;"BRASILIA";"Conversão proibida";"Colisão transversal";"Com Vítimas Feridas";"Pleno dia";"Crescente";"Céu Claro";"Dupla";"Reta";"Sim";3;0;3;0;0;0;3;2;-15,79317239;-48,16052198;"SPRF-DF";"DEL03-DF";"UOP02-DEL03-DF"
560742;2023-11-11;"sábado";"22:50:00";"BA";367;55;"PORTO SEGURO";"Acessar a via sem observar a presença dos outros veículos";"Colisão transversal";"Com Vítimas Feridas";"Plena Noite";"Decrescente";"Céu Claro";"Simples";"Curva";"Não";3;0;1;1;1;0;2;2;-16,38726598;-39,339153;"SPRF-BA";"DEL09-BA";"UOP03-DEL09-BA"
560745;2023-11-12;"domingo";"05:20:00";"PR";373;216,9;"IMBITUVA";"Reação tardia ou ineficiente do condutor";"Saída de leito carroçável";"Sem Vítimas";"Amanhecer";"Crescente";"Céu Claro";"Simples";"Curva";"Não";2;0;0;0;2;0;0;1;-25,15715795;-50,54211301;"SPRF-PR";"DEL03-PR";"UOP01-DEL03-PR"
560746;2023-11-12;"domingo";"05:30:00";"CE";222;298;"TIANGUA";"Reação tardia ou ineficiente do condutor";"Saída de leito carroçável";"Com Vítimas Feridas";"Amanhecer";"Decrescente";"Céu Claro";"Simples";"Curva;Declive";"Não";2;0;1;0;1;0;1;1;-3,65334406;-40,9299664;"SPRF-CE";"DEL04-CE";"UOP02-DEL04-CE"
560747;2023-11-12;"domingo";"07:40:00";"MG";146;439;"CABO VERDE";"Transitar na contramão";"Colisão frontal";"Com Vítimas Feridas";"Pleno dia";"Decrescente";"Céu Claro";"Simples";"Reta;Aclive";"Não";2;0;0;1;1;0;1;2;-21,44197161;-46,42134681;"SPRF-MG";"DEL09-MG";"UOP01-DEL09-MG"
560749;2023-10-16;"segunda-feira";"07:30:00";"PR";476;117;"COLOMBO";"Reação tardia ou ineficiente do condutor";"Tombamento";"Com Vítimas Feridas";"Amanhecer";"Crescente";"Ignorado";"Múltipla";"Reta;Interseção de Vias";"Sim";1;0;1;0;0;0;1;1;-25,34784628;-49,17424679;"SPRF-PR";"DEL01-PR";"UOP01-DEL01-PR"
560751;2023-11-12;"domingo";"00:40:00";"BA";110;189;"RIBEIRA DO AMPARO";"Ausência de reação do condutor";"Saída de leito carroçável";"Com Vítimas Feridas";"Plena Noite";"Decrescente";"Céu Claro";"Simples";"Curva";"Não";3;0;3;0;0;0;3;1;-11,011584;-38,51495706;"SPRF-BA";"DEL07-BA";"UOP02-DEL07-BA"
560752;2023-11-12;"domingo";"05:00:00";"RJ";116;142,4;"DUQUE DE CAXIAS";"Reação tardia ou ineficiente do condutor";"Saída de leito carroçável";"Com Vítimas Feridas";"Pleno dia";"Decrescente";"Céu Claro";"Dupla";"Reta";"Sim";1;0;0;1;0;0;1;1;-22,64876087;-43,23031638;"SPRF-RJ";"DEL01-RJ";"UOP01-DEL01-RJ"
560753;2023-11-12;"domingo";"08:20:00";"RJ";101;501;"ANGRA DOS REIS";"Ausência de reação do condutor";"Saída de leito carroçável";"Com Vítimas Feridas";"Pleno dia";"Crescente";"Céu Claro";"Simples";"Reta";"Não";1;0;1;0;0;0;1;1;-22,92308827;-44,36056298;"SPRF-RJ";"DEL03-RJ";"UOP03-DEL03-RJ"
560754;2023-11-11;"sábado";"19:45:00";"RJ";116;176;"SAO JOAO DE MERITI";"Demais falhas mecânicas ou elétricas";"Queda de ocupante de veículo";"Com Vítimas Feridas";"Pleno dia";"Crescente";"Céu Claro";"Múltipla";"Reta";"Sim";1;0;1;0;0;0;1;1;-22,7839538;-43,38195488;"SPRF-RJ";"DEL01-RJ";"UOP02-DEL01-RJ"
560755;2023-11-12;"domingo";"06:20:00";"BA";110;382;"SAO SEBASTIAO DO PASSE";"Velocidade Incompatível";"Saída de leito carroçável";"Com Vítimas Feridas";"Pleno dia";"Crescente";"Céu Claro";"Simples";"Curva";"Não";2;0;2;0;0;0;2;1;-12,46815995;-38,47693711;"SPRF-BA";"DEL01-BA";"UOP01-DEL01-BA"
560756;2023-11-12;"domingo";"08:00:00";"MG";381;329;"NOVA ERA";"Ausência de reação do condutor";"Colisão com objeto";"Com Vítimas Feridas";"Pleno dia";"Decrescente";"Céu Claro";"Dupla";"Curva";"Não";1;0;1;0;0;0;1;1;-19,78359101;-43,0443485;"SPRF-MG";"DEL03-MG";"UOP01-DEL03-MG"
560759;2023-10-31;"terça-feira";"10:00:00";"RO";364;101;"VILHENA";"Demais falhas mecânicas ou elétricas";"Incêndio";"Sem Vítimas";"Pleno dia";"Crescente";"Céu Claro";"Simples";"Reta";"Não";1;0;0;0;1;0;0;1;-12,26413124;-60,6449302;"SPRF-RO";"DEL04-RO";"UOP01-DEL04-RO"
560760;2023-11-12;"domingo";"08:50:00";"DF";20;26;"BRASILIA";"Acessar a via sem observar a presença dos outros veículos";"Colisão lateral mesmo sentido";"Com Vítimas Feridas";"Pleno dia";"Crescente";"Céu Claro";"Dupla";"Reta;Aclive;Interseção de Vias";"Não";4;0;1;0;3;0;1;2;-15,596223;-47,640285;"SPRF-DF";"DEL02-DF";"UOP01-DEL02-DF"
560761;2023-11-12;"domingo";"08:35:00";"MG";40;472;"SETE LAGOAS";"Manobra de mudança de faixa";"Colisão lateral mesmo sentido";"Com Vítimas Feridas";"Pleno dia";"Crescente";"Sol";"Dupla";"Reta";"Não";2;0;1;0;0;1;1;2;-19,47543632;-44,29066576;"SPRF-MG";"DEL02-MG";"UOP01-DEL02-MG"
560762;2023-11-12;"domingo";"08:50:00";"RJ";101;320;"NITEROI";"Demais falhas mecânicas ou elétricas";"Colisão lateral mesmo sentido";"Com Vítimas Feridas";"Pleno dia";"Crescente";"Céu Claro";"Dupla";"Reta";"Não";2;0;1;0;1;0;1;1;-22,86171098;-43,10714015;"SPRF-RJ";"DEL02-RJ";"UOP01-DEL02-RJ"
560763;2023-11-12;"domingo";"08:40:00";"RS";290;11;"OSORIO";"Avarias e/ou desgaste excessivo no pneu";"Saída de leito carroçável";"Sem Vítimas";"Pleno dia";"Decrescente";"Chuva";"Dupla";"Reta";"Não";1;0;0;0;1;0;0;1;-29,888996;-50,383354;"SPRF-RS";"DEL03-RS";"UOP01-DEL03-RS"
560764;2023-11-12;"domingo";"04:40:00";"MA";222;382;"PINDARE-MIRIM";"Deficiência do Sistema de Iluminação/Sinalização";"Colisão traseira";"Com Vítimas Feridas";"Plena Noite";"Crescente";"Céu Claro";"Simples";"Reta;Declive";"Não";5;0;2;2;1;0;4;2;-3,81937281;-45,48773532;"SPRF-MA";"DEL02-MA";"UOP01-DEL02-MA"
560765;2023-11-12;"domingo";"09:40:00";"RN";101;106,6;"PARNAMIRIM";"Condutor deixou de manter distância do veículo da frente";"Colisão traseira";"Sem Vítimas";"Pleno dia";"Crescente";"Nublado";"Múltipla";"Reta";"Sim";2;0;0;0;2;0;0;2;-5,91056401;-35,26130795;"SPRF-RN";"DEL01-RN";"UOP01-DEL01-RN"
560766;2023-11-12;"domingo";"09:00:00";"PR";476;93;"BOCAIUVA DO SUL";"Ausência de reação do condutor";"Colisão lateral mesmo sentido";"Com Vítimas Feridas";"Pleno dia";"Decrescente";"Céu Claro";"Simples";"Interseção de Vias;Reta";"Sim";2;0;1;0;0;1;1;2;-25,209375;-49,1133;"SPRF-PR";"DEL01-PR";"UOP01-DEL01-PR"
560767;2023-11-12;"domingo";"08:00:00";"SC";280;242,2;"BELA VISTA DO TOLDO";"Reação tardia ou ineficiente do condutor";"Saída de leito carroçável";"Sem Vítimas";"Pleno dia";"Crescente";"Céu Claro";"Simples";"Reta";"Não";1;0;0;0;0;1;0;1;-26,23022151;-50,4638958;"SPRF-SC";"DEL06-SC";"UOP04-DEL06-SC"
560768;2023-11-12;"domingo";"10:00:00";"MG";40;564,5;"NOVA LIMA";"Ausência de reação do condutor";"Queda de ocupante de veículo";"Com Vítimas Feridas";"Pleno dia";"Crescente";"Sol";"Dupla";"Reta;Aclive";"Não";2;0;2;0;0;0;2;1;-20,16086012;-43,96464349;"SPRF-MG";"DEL01-MG";"UOP02-DEL01-MG"
560769;2023-11-12;"domingo";"10:45:00";"MG";153;210,3;"FRUTAL";"Condutor Dormindo";"Colisão frontal";"Com Vítimas Feridas";"Pleno dia";"Crescente";"Céu Claro";"Simples";"Reta;Interseção de Vias;Rotatória";"Não";4;0;0;4;0;0;4;2;-20,07281424;-49,07299961;"SPRF-MG";"DEL13-MG";"UOP02-DEL13-MG"
560770;2023-11-12;"domingo";"10:30:00";"SC";101;229,5;"PALHOCA";"Ausência de reação do condutor";"Saída de leito carroçável";"Com Vítimas Feridas";"Pleno dia";"Crescente";"Sol";"Dupla";"Reta;Declive";"Não";1;0;1;0;0;0;1;1;-27,7688932;-48,63205379;"SPRF-SC";"DEL01-SC";"UOP02-DEL01-SC"
560773;2023-11-04;"sábado";"18:30:00";"BA";116;817,5;"VITORIA DA CONQUISTA";"Reação tardia ou ineficiente do condutor";"Tombamento";"Com Vítimas Feridas";"Anoitecer";"Decrescente";"Céu Claro";"Simples";"Reta;Aclive";"Não";1;0;0;1;0;0;1;1;-14,82736;-40,82581;"SPRF-BA";"DEL08-BA";"UOP01-DEL08-BA"
560775;2023-11-12;"domingo";"09:30:00";"RS";153;393;"CACHOEIRA DO SUL";"Ausência de reação do condutor";"Saída de leito carroçável";"Sem Vítimas";"Pleno dia";"Decrescente";"Chuva";"Simples";"Curva";"Não";1;0;0;0;0;1;0;1;-29,92395106;-52,97074199;"SPRF-RS";"DEL02-RS";"UOP03-DEL02-RS"
560776;2023-11-12;"domingo";"11:20:00";"RJ";40;123;"DUQUE DE CAXIAS";"Manobra de mudança de faixa";"Colisão lateral mesmo sentido";"Com Vítimas Feridas";"Pleno dia";"Crescente";"Céu Claro";"Dupla";"Reta";"Não";1;0;0;1;0;0;1;1;-22,79907687;-43,29015739;"SPRF-RJ";"DEL01-RJ";"UOP01-DEL01-RJ"
560777;2023-11-12;"domingo";"10:00:00";"RJ";40;77;"PETROPOLIS";"Velocidade Incompatível";"Tombamento";"Com Vítimas Feridas";"Pleno dia";"Crescente";"Céu Claro";"Simples";"Declive;Curva";"Não";2;0;2;0;0;0;2;1;-22,48502075;-43,22740316;"SPRF-RJ";"DEL06-RJ";"UOP01-DEL06-RJ"
560778;2023-11-12;"domingo";"11:15:00";"PR";277;724;"FOZ DO IGUACU";"Condutor Dormindo";"Colisão traseira";"Sem Vítimas";"Pleno dia";"Crescente";"Sol";"Dupla";"Reta";"Sim";2;0;0;0;2;0;0;2;-25,50257577;-54,53868311;"SPRF-PR";"DEL05-PR";"UOP03-DEL05-PR"
560779;2023-11-12;"domingo";"10:40:00";"PR";163;77,2;"PLANALTO";"Condutor usando celular";"Saída de leito carroçável";"Com Vítimas Feridas";"Pleno dia";"Decrescente";"Céu Claro";"Simples";"Reta";"Não";1;0;0;1;0;0;1;1;-25,740883;-53,800497;"SPRF-PR";"DEL02-PR";"UOP02-DEL02-PR"
560780;2023-11-12;"domingo";"11:45:00";"GO";40;6,4;"VALPARAISO DE GOIAS";"Velocidade Incompatível";"Saída de leito carroçável";"Com Vítimas Feridas";"Pleno dia";"Crescente";"Sol";"Dupla";"Reta";"Sim";1;0;1;0;0;0;1;1;-16,100814;-47,977351;"SPRF-DF";"DEL01-DF";"UOP01-DEL01-DF"
560783;2023-11-12;"domingo";"11:40:00";"PR";376;491;"PONTA GROSSA";"Reação tardia ou ineficiente do condutor";"Saída de leito carroçável";"Com Vítimas Feridas";"Pleno dia";"Crescente";"Céu Claro";"Dupla";"Reta";"Não";1;0;1;0;0;0;1;1;-25,15130703;-50,1421625;"SPRF-PR";"DEL03-PR";"UOP04-DEL03-PR"
560784;2023-11-12;"domingo";"09:00:00";"BA";101;447;"AURELINO LEAL";"Ausência de reação do condutor";"Tombamento";"Com Vítimas Feridas";"Pleno dia";"Decrescente";"Sol";"Simples";"Aclive;Curva";"Não";1;0;1;0;0;0;1;1;-14,47398806;-39,32749872;"SPRF-BA";"DEL05-BA";"UOP01-DEL05-BA"
560785;2023-11-12;"domingo";"11:50:00";"SC";101;205;"SAO JOSE";"Condutor deixou de manter distância do veículo da frente";"Colisão traseira";"Com Vítimas Feridas";"Pleno dia";"Decrescente";"Céu Claro";"Dupla";"Reta";"Sim";2;0;1;0;1;0;1;2;-27,58313237;-48,61532885;"SPRF-SC";"DEL01-SC";"UOP01-DEL01-SC"
560787;2023-11-12;"domingo";"03:00:00";"GO";452;3;"RIO VERDE";"Ausência de reação do condutor";"Saída de leito carroçável";"Sem Vítimas";"Pleno dia";"Decrescente";"Céu Claro";"Múltipla";"Aclive";"Não";1;0;0;0;0;1;0;1;-17,80066089;-50,87743393;"SPRF-GO";"DEL04-GO";"UOP01-DEL04-GO"
560788;2023-11-12;"domingo";"10:50:00";"SC";101;231;"PALHOCA";"Ausência de reação do condutor";"Tombamento";"Com Vítimas Feridas";"Pleno dia";"Crescente";"Céu Claro";"Dupla";"Reta";"Não";1;0;0;1;0;0;1;1;-27,78669984;-48,6356424;"SPRF-SC";"DEL01-SC";"UOP02-DEL01-SC"
560789;2023-11-12;"domingo";"11:40:00";"PR";277;108;"CURITIBA";"Ausência de reação do condutor";"Queda de ocupante de veículo";"Com Vítimas Feridas";"Pleno dia";"Decrescente";"Céu Claro";"Dupla";"Reta";"Sim";2;0;2;0;0;0;2;1;-25,43120244;-49,31631804;"SPRF-PR";"DEL03-PR";"UOP03-DEL03-PR"
560791;2023-11-12;"domingo";"12:10:00";"ES";101;391;"RIO NOVO DO SUL";"Condutor deixou de manter distância do veículo da frente";"Colisão traseira";"Com Vítimas Feridas";"Pleno dia";"Decrescente";"Céu Claro";"Simples";"Reta";"Não";5;0;0;2;2;1;2;4;-20,8657929;-40,89634385;"SPRF-ES";"DEL03-ES";"UOP02-DEL03-ES"
560792;2023-11-12;"domingo";"12:20:00";"SC";470;78,9;"RODEIO";"Acessar a via sem observar a presença dos outros veículos";"Colisão transversal";"Com Vítimas Feridas";"Pleno dia";"Crescente";"Céu Claro";"Simples";"Reta";"Não";5;0;3;0;2;0;3;2;-26,95135314;-49,30728693;"SPRF-SC";"DEL04-SC";"UOP01-DEL04-SC"
560793;2023-11-12;"domingo";"12:15:00";"RJ";465;20;"NOVA IGUACU";"Entrada inopinada do pedestre";"Atropelamento de Pedestre";"Com Vítimas Feridas";"Pleno dia";"Crescente";"Céu Claro";"Simples";"Reta";"Sim";2;0;1;0;0;1;1;2;-22,846828;-43,605339;"SPRF-RJ";"DEL03-RJ";"UOP01-DEL03-RJ"
560794;2023-11-12;"domingo";"13:30:00";"SP";381;54;"MAIRIPORA";"Reação tardia ou ineficiente do condutor";"Saída de leito carroçável";"Com Vítimas Feridas";"Pleno dia";"Crescente";"Sol";"Dupla";"Curva;Aclive";"Não";2;0;2;0;0;0;2;1;-23,2449074;-46,59562343;"SPRF-SP";"DEL03-SP";"UOP01-DEL03-SP"
560797;2023-11-12;"domingo";"13:30:00";"RJ";356;148;"CAMPOS DOS GOYTACAZES";"Acesso irregular";"Colisão transversal";"Com Vítimas Feridas";"Pleno dia";"Decrescente";"Céu Claro";"Simples";"Reta";"Não";2;0;0;1;1;0;1;2;-21,77876606;-41,29048496;"SPRF-RJ";"DEL08-RJ";"UOP02-DEL08-RJ"
560799;2023-11-12;"domingo";"12:10:00";"PE";232;214,8;"PESQUEIRA";"Condutor deixou de manter distância do veículo da frente";"Colisão lateral mesmo sentido";"Com Vítimas Feridas";"Pleno dia";"Decrescente";"Céu Claro";"Simples";"Reta";"Não";2;0;1;1;0;0;2;2;-8,3804455;-36,73076279;"SPRF-PE";"DEL03-PE";"UOP02-DEL03-PE"
560800;2023-11-12;"domingo";"12:39:00";"DF";60;1,9;"BRASILIA";"Ausência de reação do condutor";"Queda de ocupante de veículo";"Com Vítimas Feridas";"Pleno dia";"Crescente";"Céu Claro";"Dupla";"Reta";"Não";2;0;2;0;0;0;2;1;-15,887068;-48,077058;"SPRF-DF";"DEL03-DF";"UOP01-DEL03-DF"
560802;2023-11-12;"domingo";"13:30:00";"MG";40;41,2;"PARACATU";"Reação tardia ou ineficiente do condutor";"Colisão traseira";"Com Vítimas Feridas";"Pleno dia";"Crescente";"Céu Claro";"Simples";"Reta";"Sim";2;0;1;0;1;0;1;2;-17,21271307;-46,87295209;"SPRF-MG";"DEL14-MG";"UOP01-DEL14-MG"
560803;2023-11-12;"domingo";"10:15:00";"RS";287;313,6;"SAO VICENTE DO SUL";"Acumulo de água sobre o pavimento";"Saída de leito carroçável";"Com Vítimas Feridas";"Pleno dia";"Decrescente";"Chuva";"Simples";"Reta";"Não";3;0;2;0;1;0;2;1;-29,65951182;-54,50333795;"SPRF-RS";"DEL09-RS";"UOP01-DEL09-RS"
560804;2023-11-12;"domingo";"14:00:00";"CE";222;310,4;"TIANGUA";"Acessar a via sem observar a presença dos outros veículos";"Colisão transversal";"Com Vítimas Feridas";"Pleno dia";"Decrescente";"Céu Claro";"Dupla";"Interseção de Vias;Reta;Viaduto;Em Obras";"Sim";2;0;0;1;1;0;1;2;-3,70670595;-40,97707006;"SPRF-CE";"DEL04-CE";"UOP02-DEL04-CE"
560805;2023-11-12;"domingo";"13:00:00";"MS";262;201;"RIBAS DO RIO PARDO";"Animais na Pista";"Atropelamento de Animal";"Com Vítimas Feridas";"Pleno dia";"Crescente";"Nublado";"Simples";"Reta";"Não";1;0;0;1;0;0;1;1;-20,4642317;-53,39504806;"SPRF-MS";"DEL07-MS";"UOP02-DEL07-MS"
560807;2023-11-12;"domingo";"14:45:00";"SP";116;140;"SAO JOSE DOS CAMPOS";"Ausência de reação do condutor";"Colisão traseira";"Com Vítimas Feridas";"Pleno dia";"Decrescente";"Sol";"Dupla";"Reta;Declive";"Sim";2;0;0;1;1;0;1;2;-23,16577714;-45,81246193;"SPRF-SP";"DEL02-SP";"UOP01-DEL02-SP"
560808;2023-11-12;"domingo";"14:48:00";"SP";116;228;"SAO PAULO";"Manobra de mudança de faixa";"Colisão lateral mesmo sentido";"Com Vítimas Feridas";"Pleno dia";"Crescente";"Céu Claro";"Múltipla";"Reta";"Sim";2;0;1;0;1;0;1;2;-23,50343484;-46,56638712;"SPRF-SP";"DEL01-SP";"UOP01-DEL01-SP"
560811;2023-11-12;"domingo";"15:30:00";"PA";230;660;"ALTAMIRA";"Ausência de reação do condutor";"Colisão traseira";"Com Vítimas Feridas";"Pleno dia";"Crescente";"Sol";"Simples";"Reta;Declive";"Não";2;0;1;0;0;1;1;2;-3,24727888;-52,32071413;"SPRF-PA";"DEL04-PA";"UOP01-DEL04-PA"
560812;2023-11-12;"domingo";"14:45:00";"CE";116;8;"FORTALEZA";"Reação tardia ou ineficiente do condutor";"Colisão com objeto";"Com Vítimas Feridas";"Pleno dia";"Crescente";"Sol";"Dupla";"Reta";"Sim";3;0;1;0;1;1;1;2;-3,8192799;-38,50268337;"SPRF-CE";"DEL01-CE";"UOP02-DEL01-CE"
560813;2023-11-12;"domingo";"15:10:00";"BA";324;516;"FEIRA DE SANTANA";"Ingestão de álcool pelo condutor";"Colisão frontal";"Com Vítimas Feridas";"Pleno dia";"Crescente";"Céu Claro";"Simples";"Reta";"Sim";2;0;1;1;0;0;2;2;-12,2417119;-38,93768485;"SPRF-BA";"DEL02-BA";"UOP01-DEL02-BA"
560814;2023-11-12;"domingo";"07:40:00";"PA";163;986;"SANTAREM";"Conversão proibida";"Colisão traseira";"Com Vítimas Feridas";"Pleno dia";"Crescente";"Céu Claro";"Simples";"Reta";"Não";2;0;1;0;1;0;1;2;-2,59271401;-54,71976013;"SPRF-PA";"DEL05-PA";"UOP01-DEL05-PA"
560816;2023-11-12;"domingo";"15:55:00";"SC";282;23,5;"SANTO AMARO DA IMPERATRIZ";"Trafegar com motocicleta (ou similar) entre as faixas";"Colisão transversal";"Com Vítimas Feridas";"Pleno dia";"Decrescente";"Céu Claro";"Simples";"Reta";"Sim";2;0;1;0;1;0;1;2;-27,687958;-48,736794;"SPRF-SC";"DEL01-SC";"UOP03-DEL01-SC"
560817;2023-11-12;"domingo";"14:45:00";"SC";101;145;"ITAPEMA";"Reação tardia ou ineficiente do condutor";"Engavetamento";"Com Vítimas Feridas";"Pleno dia";"Decrescente";"Céu Claro";"Dupla";"Reta";"Sim";6;0;1;0;5;0;1;5;-27,08139206;-48,60130993;"SPRF-SC";"DEL04-SC";"UOP03-DEL04-SC"
560818;2023-11-12;"domingo";"11:45:00";"GO";60;209;"GUAPO";"Problema com o freio";"Capotamento";"Com Vítimas Feridas";"Pleno dia";"Crescente";"Céu Claro";"Dupla";"Reta";"Não";1;0;1;0;0;0;1;1;-16,9324;-49,6679;"SPRF-GO";"DEL01-GO";"UOP02-DEL01-GO"
560819;2023-11-12;"domingo";"16:00:00";"MG";381;497;"BETIM";"Reação tardia ou ineficiente do condutor";"Colisão traseira";"Com Vítimas Feridas";"Pleno dia";"Crescente";"Céu Claro";"Múltipla";"Reta;Declive";"Sim";3;0;1;0;2;0;1;2;-20,00483625;-44,21367172;"SPRF-MG";"DEL01-MG";"UOP03-DEL01-MG"
560820;2023-11-12;"domingo";"15:50:00";"PR";376;665,2;"GUARATUBA";"Demais falhas mecânicas ou elétricas";"Incêndio";"Sem Vítimas";"Pleno dia";"Decrescente";"Céu Claro";"Dupla";"Curva;Aclive";"Não";4;0;0;0;4;0;0;1;-25,85927;-48,950197;"SPRF-PR";"DEL01-PR";"UOP04-DEL01-PR"
560821;2023-11-12;"domingo";"15:20:00";"SC";101;331,6;"TUBARAO";"Desrespeitar a preferência no cruzamento";"Colisão transversal";"Com Vítimas Feridas";"Pleno dia";"Decrescente";"Nublado";"Múltipla";"Interseção de Vias";"Sim";9;0;1;0;8;0;1;2;-28,465975;-48,99559021;"SPRF-SC";"DEL02-SC";"UOP01-DEL02-SC"
560822;2023-11-12;"domingo";"14:00:00";"PA";230;173;"ITUPIRANGA";"Reação tardia ou ineficiente do condutor";"Colisão lateral sentido oposto";"Com Vítimas Feridas";"Pleno dia";"Crescente";"Céu Claro";"Simples";"Reta";"Não";2;0;0;1;1;0;1;2;-5,11507412;-49,40395626;"SPRF-PA";"DEL03-PA";"UOP01-DEL03-PA"