"id";"data_inversa";"dia_semana";"horario";"uf";"br";"km";"municipio";"causa_acidente";"tipo_acidente";"classificacao_acidente";"fase_dia";"sentido_via";"condicao_metereologica";"tipo_pista";"tracado_via";"uso_solo";"pessoas";"mortos";"feridos_leves";"feridos_graves";"ilesos";"ignorados";"feridos";"veiculos";"latitude";"longitude";"regional";"delegacia";"uop"
560825;2023-11-12;"domingo";"13:05:00";"SC";163;0,5;"DIONISIO CERQUEIRA";"Condutor deixou de manter distância do veículo da frente";"Colisão traseira";"Com Vítimas Feridas";"Pleno dia";"Decrescente";"Céu Claro";"Simples";"Reta";"Sim";2;0;1;0;1;0;1;2;-26,26213044;-53,62147808;"SPRF-SC";"DEL07-SC";"UOP03-DEL07-SC"
560828;2023-11-12;"domingo";"16:25:00";"AL";316;251,2;"ATALAIA";"Condutor deixou de manter distância do veículo da frente";"Colisão traseira";"Com Vítimas Feridas";"Pleno dia";"Crescente";"Céu Claro";"Simples";"Reta";"Não";2;0;1;0;0;1;1;2;-9,56564529;-35,97001964;"SPRF-AL";"DEL01-AL";"UOP01-DEL01-AL"
560829;2023-11-12;"domingo";"16:20:00";"RN";101;96;"NATAL";"Acessar a via sem observar a presença dos outros veículos";"Colisão transversal";"Com Vítimas Feridas";"Pleno dia";"Decrescente";"Céu Claro";"Dupla";"Curva;Declive";"Sim";2;0;1;0;1;0;1;2;-5,84949622;-35,20890752;"SPRF-RN";"DEL01-RN";"UOP01-DEL01-RN"
560830;2023-11-12;"domingo";"16:50:00";"SP";116;207;"GUARULHOS";"Ausência de reação do condutor";"Colisão traseira";"Sem Vítimas";"Pleno dia";"Crescente";"Céu Claro";"Múltipla";"Reta";"Não";2;0;0;0;2;0;0;2;-23,41972188;-46,38419203;"SPRF-SP";"DEL01-SP";"UOP01-DEL01-SP"
560832;2023-11-12;"domingo";"17:05:00";"SP";116;285;"ITAPECERICA DA SERRA";"Velocidade Incompatível";"Colisão com objeto";"Com Vítimas Feridas";"Pleno dia";"Decrescente";"Céu Claro";"Dupla";"Curva";"Sim";1;0;0;1;0;0;1;1;-23,70407794;-46,87249709;"SPRF-SP";"DEL04-SP";"UOP01-DEL04-SP"
560833;2023-11-12;"domingo";"16:25:00";"PE";101;82;"JABOATAO DOS GUARARAPES";"Condutor deixou de manter distância do veículo da frente";"Colisão traseira";"Com Vítimas Feridas";"Pleno dia";"Crescente";"Céu Claro";"Dupla";"Reta";"Sim";2;0;1;0;1;0;1;2;-8,168383;-34,9376;"SPRF-PE";"DEL01-PE";"UOP01-DEL01-PE"
560834;2023-11-12;"domingo";"17:00:00";"MG";40;468;"SETE LAGOAS";"Condutor usando celular";"Capotamento";"Com Vítimas Feridas";"Pleno dia";"Crescente";"Céu Claro";"Dupla";"Retorno Regulamentado";"Não";1;0;1;0;0;0;1;1;-19,45630182;-44,30941888;"SPRF-MG";"DEL02-MG";"UOP01-DEL02-MG"
560835;2023-11-12;"domingo";"17:00:00";"RJ";101;322;"NITEROI";"Condutor deixou de manter distância do veículo da frente";"Tombamento";"Com Vítimas Feridas";"Anoitecer";"Crescente";"Céu Claro";"Dupla";"Reta";"Sim";1;0;1;0;0;0;1;1;-22,878923;-43,110676;"SPRF-RJ";"DEL02-RJ";"UOP01-DEL02-RJ"
560836;2023-11-12;"domingo";"15:55:00";"PB";101;79,2;"SANTA RITA";"Ultrapassagem Indevida";"Colisão lateral mesmo sentido";"Com Vítimas Feridas";"Pleno dia";"Crescente";"Céu Claro";"Dupla";"Reta;Em Obras";"Não";2;0;1;0;1;0;1;2;-7,1147526;-34,95793891;"SPRF-PB";"DEL01-PB";"UOP04-DEL01-PB"
560837;2023-11-12;"domingo";"16:25:00";"SP";116;95;"PINDAMONHANGABA";"Reação tardia ou ineficiente do condutor";"Engavetamento";"Com Vítimas Feridas";"Pleno dia";"Crescente";"Nublado";"Dupla";"Reta";"Não";5;0;1;0;4;0;1;5;-22,96514512;-45,43013094;"SPRF-SP";"DEL08-SP";"UOP01-DEL08-SP"
560839;2023-11-12;"domingo";"16:50:00";"SP";116;352;"MIRACATU";"Demais falhas mecânicas ou elétricas";"Incêndio";"Sem Vítimas";"Pleno dia";"Decrescente";"Céu Claro";"Dupla";"Viaduto;Ponte";"Não";1;0;0;0;1;0;0;1;-24,06507222;-47,23448591;"SPRF-SP";"DEL04-SP";"UOP03-DEL04-SP"
560840;2023-11-12;"domingo";"16:40:00";"SP";116;95,4;"PINDAMONHANGABA";"Reação tardia ou ineficiente do condutor";"Colisão traseira";"Com Vítimas Feridas";"Pleno dia";"Crescente";"Nublado";"Dupla";"Reta";"Não";7;0;5;0;2;0;5;2;-22,96648397;-45,43311238;"SPRF-SP";"DEL08-SP";"UOP01-DEL08-SP"
560841;2023-11-12;"domingo";"17:20:00";"SP";153;273;"LUPERCIO";"Ingestão de álcool pelo condutor";"Colisão lateral sentido oposto";"Com Vítimas Feridas";"Pleno dia";"Decrescente";"Céu Claro";"Múltipla";"Aclive";"Não";3;0;1;0;2;0;1;2;-22,36820795;-49,87888297;"SPRF-SP";"DEL07-SP";"UOP02-DEL07-SP"
560842;2023-11-12;"domingo";"17:30:00";"SP";381;85;"GUARULHOS";"Objeto estático sobre o leito carroçável";"Tombamento";"Com Vítimas Feridas";"Pleno dia";"Decrescente";"Céu Claro";"Múltipla";"Reta";"Sim";1;0;1;0;0;0;1;1;-23,449343;-46,56983501;"SPRF-SP";"DEL03-SP";"UOP01-DEL03-SP"
560843;2023-11-12;"domingo";"16:00:00";"AP";210;105;"PORTO GRANDE";"Ingestão de álcool pelo condutor";"Colisão transversal";"Com Vítimas Feridas";"Pleno dia";"Crescente";"Céu Claro";"Simples";"Interseção de Vias";"Sim";3;0;2;0;1;0;2;2;0,70509539;-51,40827656;"SPRF-AP";"DEL01-AP";"UOP01-DEL01-AP"
560846;2023-11-12;"domingo";"16:50:00";"PB";230;105;"MOGEIRO";"Ausência de reação do condutor";"Saída de leito carroçável";"Sem Vítimas";"Pleno dia";"Crescente";"Céu Claro";"Dupla";"Retorno Regulamentado;Curva;Aclive";"Não";1;0;0;0;1;0;0;1;-7,2075;-35,5248;"SPRF-PB";"DEL01-PB";"UOP03-DEL01-PB"
560847;2023-11-12;"domingo";"17:00:00";"RJ";101;326;"RIO DE JANEIRO";"Reação tardia ou ineficiente do condutor";"Colisão transversal";"Sem Vítimas";"Pleno dia";"Crescente";"Céu Claro";"Dupla";"Reta";"Sim";2;0;0;0;2;0;0;2;-22,87206203;-43,146105;"SPRF-RJ";"DEL02-RJ";"UOP01-DEL02-RJ"
560851;2023-11-12;"domingo";"18:00:00";"PE";423;73;"JUPI";"Ingestão de álcool pelo condutor";"Colisão traseira";"Com Vítimas Feridas";"Plena Noite";"Crescente";"Céu Claro";"Simples";"Reta";"Não";6;0;1;0;5;0;1;2;-8,709851;-36,41926432;"SPRF-PE";"DEL03-PE";"UOP01-DEL03-PE"
560853;2023-11-12;"domingo";"18:00:00";"SC";101;137;"BALNEARIO CAMBORIU";"Manobra de mudança de faixa";"Colisão lateral mesmo sentido";"Com Vítimas Feridas";"Pleno dia";"Decrescente";"Céu Claro";"Dupla";"Reta";"Sim";2;0;1;0;1;0;1;2;-27,0157238;-48,61192763;"SPRF-SC";"DEL04-SC";"UOP03-DEL04-SC"
560854;2023-11-12;"domingo";"17:30:00";"PR";376;602;"CURITIBA";"Velocidade Incompatível";"Tombamento";"Com Vítimas Feridas";"Pleno dia";"Crescente";"Céu Claro";"Simples";"Curva";"Sim";1;0;1;0;0;0;1;1;-25,538551;-49,310967;"SPRF-PR";"DEL01-PR";"UOP06-DEL01-PR"
560855;2023-11-12;"domingo";"17:30:00";"PR";277;14;"PARANAGUA";"Reação tardia ou ineficiente do condutor";"Queda de ocupante de veículo";"Com Vítimas Feridas";"Pleno dia";"Decrescente";"Céu Claro";"Simples";"Reta";"Não";1;0;1;0;0;0;1;1;-25,55962;-48,649338;"SPRF-PR";"DEL01-PR";"UOP05-DEL01-PR"
560856;2023-11-12;"domingo";"16:40:00";"SC";101;57,3;"ARAQUARI";"Velocidade Incompatível";"Saída de leito carroçável";"Com Vítimas Feridas";"Pleno dia";"Decrescente";"Sol";"Dupla";"Curva";"Não";1;0;1;0;0;0;1;1;-26,43788291;-48,80404294;"SPRF-SC";"DEL03-SC";"UOP01-DEL03-SC"
560857;2023-11-12;"domingo";"17:48:00";"RJ";116;169;"RIO DE JANEIRO";"Condutor deixou de manter distância do veículo da frente";"Colisão traseira";"Com Vítimas Feridas";"Anoitecer";"Decrescente";"Céu Claro";"Dupla";"Reta";"Sim";3;0;2;0;1;0;2;2;-22,816206;-43,324463;"SPRF-RJ";"DEL01-RJ";"UOP02-DEL01-RJ"
560858;2023-11-12;"domingo";"17:20:00";"GO";60;97;"ANAPOLIS";"Condutor deixou de manter distância do veículo da frente";"Colisão lateral mesmo sentido";"Com Vítimas Feridas";"Pleno dia";"Decrescente";"Céu Claro";"Simples";"Reta;Interseção de Vias";"Sim";3;0;2;0;1;0;2;3;-16,3774;-48,9483;"SPRF-GO";"DEL02-GO";"UOP01-DEL02-GO"
560861;2023-11-12;"domingo";"18:20:00";"SP";101;51,7;"UBATUBA";"Condutor deixou de manter distância do veículo da frente";"Colisão traseira";"Sem Vítimas";"Anoitecer";"Decrescente";"Nublado";"Simples";"Reta";"Sim";2;0;0;0;1;1;0;2;-23,45877811;-45,06849289;"SPRF-SP";"DEL06-SP";"UOP01-DEL06-SP"
560862;2023-11-12;"domingo";"16:30:00";"RJ";101;524;"ANGRA DOS REIS";"Acessar a via sem observar a presença dos outros veículos";"Colisão transversal";"Sem Vítimas";"Anoitecer";"Crescente";"Céu Claro";"Simples";"Retorno Regulamentado;Interseção de Vias";"Não";2;0;0;0;2;0;0;2;-22,99959786;-44,47765217;"SPRF-RJ";"DEL03-RJ";"UOP03-DEL03-RJ"
560863;2023-11-12;"domingo";"17:30:00";"MG";153;157;"COMENDADOR GOMES";"Reação tardia ou ineficiente do condutor";"Saída de leito carroçável";"Sem Vítimas";"Pleno dia";"Crescente";"Céu Claro";"Simples";"Reta";"Não";1;0;0;0;0;1;0;1;-19,63023394;-48,96107506;"SPRF-MG";"DEL13-MG";"UOP02-DEL13-MG"
560864;2023-11-12;"domingo";"15:10:00";"RS";153;609,9;"HULHA NEGRA";"Manobra de mudança de faixa";"Colisão frontal";"Com Vítimas Fatais";"Pleno dia";"Decrescente";"Chuva";"Simples";"Curva";"Não";5;1;2;2;0;0;4;2;-31,24718093;-53,88975402;"SPRF-RS";"DEL11-RS";"UOP03-DEL11-RS"
560865;2023-11-12;"domingo";"18:42:00";"CE";116;35;"HORIZONTE";"Acessar a via sem observar a presença dos outros veículos";"Colisão transversal";"Com Vítimas Feridas";"Plena Noite";"Crescente";"Céu Claro";"Múltipla";"Reta";"Sim";2;0;1;0;1;0;1;2;-4,05218058;-38,50627716;"SPRF-CE";"DEL01-CE";"UOP02-DEL01-CE"
560866;2023-11-12;"domingo";"16:15:00";"MG";116;429;"ALPERCATA";"Acessar a via sem observar a presença dos outros veículos";"Colisão traseira";"Com Vítimas Fatais";"Pleno dia";"Decrescente";"Sol";"Simples";"Reta;Interseção de Vias";"Não";4;1;2;0;1;0;2;2;-18,99119185;-41,98354684;"SPRF-MG";"DEL06-MG";"UOP01-DEL06-MG"
560867;2023-11-12;"domingo";"18:45:00";"MG";381;502;"BETIM";"Velocidade Incompatível";"Queda de ocupante de veículo";"Com Vítimas Feridas";"Plena Noite";"Decrescente";"Céu Claro";"Dupla";"Curva";"Não";2;0;0;1;1;0;1;1;-20,03619694;-44,24586303;"SPRF-MG";"DEL01-MG";"UOP03-DEL01-MG"
560868;2023-11-12;"domingo";"13:45:00";"PR";277;403;"CANDOI";"Manobra de mudança de faixa";"Saída de leito carroçável";"Com Vítimas Feridas";"Pleno dia";"Crescente";"Céu Claro";"Simples";"Reta";"Não";5;0;3;1;1;0;4;1;-25,45975335;-51,95433893;"SPRF-PR";"DEL04-PR";"UOP02-DEL04-PR"
560872;2023-11-12;"domingo";"15:30:00";"RJ";116;146;"DUQUE DE CAXIAS";"Condutor deixou de manter distância do veículo da frente";"Colisão traseira";"Com Vítimas Feridas";"Pleno dia";"Crescente";"Céu Claro";"Dupla";"Reta";"Sim";4;0;1;0;2;1;1;3;-22,66687859;-43,26368215;"SPRF-RJ";"DEL01-RJ";"UOP01-DEL01-RJ"
560873;2023-11-12;"domingo";"18:30:00";"PB";230;163;"CAMPINA GRANDE";"Pedestre andava na pista";"Atropelamento de Pedestre";"Com Vítimas Feridas";"Plena Noite";"Decrescente";"Céu Claro";"Simples";"Reta;Declive";"Não";3;0;0;2;1;0;2;2;-7,2198;-35,9443;"SPRF-PB";"DEL02-PB";"UOP01-DEL02-PB"
560876;2023-11-12;"domingo";"17:05:00";"BA";407;91;"JAGUARARI";"Condutor Dormindo";"Saída de leito carroçável";"Com Vítimas Feridas";"Pleno dia";"Decrescente";"Céu Claro";"Simples";"Reta";"Não";1;0;0;1;0;0;1;1;-10,15916897;-40,22878488;"SPRF-BA";"DEL04-BA";"UOP01-DEL04-BA"
560878;2023-11-12;"domingo";"18:30:00";"RS";470;240;"CARLOS BARBOSA";"Condutor Dormindo";"Saída de leito carroçável";"Com Vítimas Feridas";"Anoitecer";"Crescente";"Chuva";"Simples";"Reta";"Não";1;0;1;0;0;0;1;1;-29,33853872;-51,5054282;"SPRF-RS";"DEL06-RS";"UOP01-DEL06-RS"
560879;2023-11-12;"domingo";"18:20:00";"PR";369;181,3;"ARAPONGAS";"Avarias e/ou desgaste excessivo no pneu";"Queda de ocupante de veículo";"Com Vítimas Feridas";"Anoitecer";"Crescente";"Céu Claro";"Dupla";"Reta";"Sim";3;0;2;0;1;0;2;2;-23,37923;-51,416543;"SPRF-PR";"DEL07-PR";"UOP03-DEL07-PR"
560882;2023-11-12;"domingo";"19:45:00";"RS";472;574;"URUGUAIANA";"Acessar a via sem observar a presença dos outros veículos";"Colisão transversal";"Com Vítimas Feridas";"Plena Noite";"Decrescente";"Garoa/Chuvisco";"Simples";"Reta";"Sim";2;0;2;0;0;0;2;2;-29,76365093;-57,05075741;"SPRF-RS";"DEL13-RS";"UOP01-DEL13-RS"
560883;2023-11-12;"domingo";"19:00:00";"BA";235;95;"JEREMOABO";"Reação tardia ou ineficiente do condutor";"Eventos atípicos";"Com Vítimas Fatais";"Plena Noite";"Decrescente";"Céu Claro";"Simples";"Curva";"Não";2;1;0;1;0;0;1;2;-10,0701269;-38,47110291;"SPRF-BA";"DEL07-BA";"UOP01-DEL07-BA"
560885;2023-11-12;"domingo";"18:50:00";"MS";163;253;"DOURADOS";"Ingestão de álcool pelo condutor";"Saída de leito carroçável";"Com Vítimas Fatais";"Plena Noite";"Crescente";"Céu Claro";"Dupla";"Reta";"Sim";2;1;1;0;0;0;1;1;-22,27885392;-54,82235352;"SPRF-MS";"DEL04-MS";"UOP02-DEL04-MS"
560886;2023-11-12;"domingo";"17:40:00";"MG";40;517;"RIBEIRAO DAS NEVES";"Condutor deixou de manter distância do veículo da frente";"Colisão traseira";"Sem Vítimas";"Anoitecer";"Crescente";"Céu Claro";"Dupla";"Reta";"Sim";3;0;0;0;3;0;0;3;-19,82351202;-44,08438913;"SPRF-MG";"DEL01-MG";"UOP02-DEL01-MG"
560887;2023-11-12;"domingo";"19:20:00";"GO";153;492;"GOIANIA";"Pedestre cruzava a pista fora da faixa";"Atropelamento de Pedestre";"Com Vítimas Feridas";"Plena Noite";"Crescente";"Céu Claro";"Dupla";"Reta";"Sim";3;0;0;1;2;0;1;2;-16,627355;-49,205759;"SPRF-GO";"DEL01-GO";"UOP01-DEL01-GO"
560888;2023-11-12;"domingo";"19:50:00";"RN";101;81;"NATAL";"Condutor deixou de manter distância do veículo da frente";"Colisão traseira";"Com Vítimas Feridas";"Plena Noite";"Decrescente";"Céu Claro";"Dupla";"Reta";"Sim";2;0;1;0;1;0;1;2;-5,76469466;-35,28295988;"SPRF-RN";"DEL02-RN";"UOP01-DEL02-RN"
560889;2023-11-12;"domingo";"19:40:00";"PR";277;720,5;"FOZ DO IGUACU";"Ausência de reação do condutor";"Atropelamento de Pedestre";"Com Vítimas Fatais";"Plena Noite";"Decrescente";"Céu Claro";"Dupla";"Reta";"Sim";2;1;0;0;1;0;0;2;-25,48750984;-54,50317706;"SPRF-PR";"DEL05-PR";"UOP03-DEL05-PR"
560890;2023-11-12;"domingo";"19:30:00";"MG";381;726,6;"CARMO DA CACHOEIRA";"Reação tardia ou ineficiente do condutor";"Colisão traseira";"Sem Vítimas";"Plena Noite";"Decrescente";"Ignorado";"Dupla";"Reta;Retorno Regulamentado;Declive";"Não";2;0;0;0;1;1;0;2;-21,50846497;-45,21540331;"SPRF-MG";"DEL04-MG";"UOP02-DEL04-MG"
560891;2023-11-12;"domingo";"19:45:00";"PR";116;146;"MANDIRITUBA";"Ultrapassagem Indevida";"Colisão com objeto";"Com Vítimas Feridas";"Plena Noite";"Decrescente";"Céu Claro";"Simples";"Reta";"Não";2;0;2;0;0;0;2;1;-25,78172684;-49,32535079;"SPRF-PR";"DEL01-PR";"UOP03-DEL01-PR"
560893;2023-11-12;"domingo";"20:00:00";"RJ";101;71,1;"CAMPOS DOS GOYTACAZES";"Conversão proibida";"Colisão lateral mesmo sentido";"Com Vítimas Feridas";"Plena Noite";"Crescente";"Céu Claro";"Simples";"Reta;Interseção de Vias";"Sim";2;0;0;1;1;0;1;2;-21,79172802;-41,38837798;"SPRF-RJ";"DEL08-RJ";"UOP02-DEL08-RJ"
560895;2023-11-12;"domingo";"19:45:00";"PA";10;353;"SANTA MARIA DO PARA";"Ingestão de álcool pelo condutor";"Colisão traseira";"Com Vítimas Feridas";"Plena Noite";"Decrescente";"Céu Claro";"Simples";"Reta";"Sim";5;0;1;2;2;0;3;2;-1,35646249;-47,57423141;"SPRF-PA";"DEL01-PA";"UOP02-DEL01-PA"
560896;2023-11-12;"domingo";"20:10:00";"MG";365;617,8;"UBERLANDIA";"Acessar a via sem observar a presença dos outros veículos";"Colisão lateral mesmo sentido";"Com Vítimas Feridas";"Plena Noite";"Crescente";"Céu Claro";"Dupla";"Reta";"Sim";2;0;0;1;1;0;1;2;-18,92531282;-48,18845323;"SPRF-MG";"DEL15-MG";"UOP01-DEL15-MG"
560897;2023-11-12;"domingo";"18:30:00";"PE";232;253;"ARCOVERDE";"Reação tardia ou ineficiente do condutor";"Tombamento";"Com Vítimas Feridas";"Plena Noite";"Decrescente";"Céu Claro";"Simples";"Reta";"Sim";2;0;2;0;0;0;2;1;-8,42522112;-37,07235809;"SPRF-PE";"DEL04-PE";"UOP02-DEL04-PE"
560898;2023-10-08;"domingo";"22:00:00";"PI";343;310,1;"ALTOS";"Animais na Pista";"Atropelamento de Animal";"Com Vítimas Fatais";"Plena Noite";"Decrescente";"Céu Claro";"Simples";"Reta";"Sim";1;1;0;0;0;0;0;1;-5,040053;-42,48152375;"SPRF-PI";"DEL01-PI";"UOP01-DEL01-PI"
560899;2023-11-12;"domingo";"17:50:00";"RJ";40;109;"DUQUE DE CAXIAS";"Condutor deixou de manter distância do veículo da frente";"Colisão lateral sentido oposto";"Com Vítimas Feridas";"Anoitecer";"Crescente";"Céu Claro";"Dupla";"Reta";"Não";4;0;0;2;2;0;2;2;-22,67374628;-43,28638368;"SPRF-RJ";"DEL01-RJ";"UOP01-DEL01-RJ"
560900;2023-11-12;"domingo";"19:20:00";"MT";70;498,8;"CUIABA";"Afundamento ou ondulação no pavimento";"Queda de ocupante de veículo";"Com Vítimas Feridas";"Plena Noite";"Decrescente";"Céu Claro";"Simples";"Reta";"Não";1;0;1;0;0;0;1;1;-15,65551949;-56,0033226;"SPRF-MT";"DEL01-MT";"UOP02-DEL01-MT"
560901;2023-11-12;"domingo";"20:40:00";"RS";290;110;"ELDORADO DO SUL";"Condutor deixou de manter distância do veículo da frente";"Colisão traseira";"Sem Vítimas";"Plena Noite";"Crescente";"Chuva";"Dupla";"Reta";"Sim";4;0;0;0;4;0;0;2;-30,023552;-51,321091;"SPRF-RS";"DEL02-RS";"UOP01-DEL02-RS"
560902;2023-11-12;"domingo";"18:50:00";"PE";232;54,7;"POMBOS";"Pedestre andava na pista";"Atropelamento de Pedestre";"Com Vítimas Feridas";"Plena Noite";"Decrescente";"Céu Claro";"Dupla";"Curva";"Não";3;0;1;1;0;1;2;2;-8,12919504;-35,35716398;"SPRF-PE";"DEL02-PE";"UOP02-DEL02PE"
560903;2023-11-12;"domingo";"19:40:00";"RS";470;222;"GARIBALDI";"Reação tardia ou ineficiente do condutor";"Saída de leito carroçável";"Com Vítimas Feridas";"Plena Noite";"Crescente";"Chuva";"Dupla";"Reta";"Não";1;0;1;0;0;0;1;1;-29,20372835;-51,51786908;"SPRF-RS";"DEL06-RS";"UOP01-DEL06-RS"
560906;2023-11-12;"domingo";"21:00:00";"SC";101;158;"PORTO BELO";"Velocidade Incompatível";"Saída de leito carroçável";"Com Vítimas Feridas";"Plena Noite";"Crescente";"Nublado";"Dupla";"Reta";"Não";1;0;1;0;0;0;1;1;-27,19096301;-48,61259017;"SPRF-SC";"DEL04-SC";"UOP03-DEL04-SC"
560907;2023-11-12;"domingo";"21:00:00";"MG";146;460,3;"BOTELHOS";"Condutor Dormindo";"Saída de leito carroçável";"Com Vítimas Feridas";"Plena Noite";"Crescente";"Céu Claro";"Simples";"Curva";"Não";1;0;0;1;0;0;1;1;-21,609777;-46,411396;"SPRF-MG";"DEL09-MG";"UOP01-DEL09-MG"
560908;2023-11-12;"domingo";"20:25:00";"PE";101;64,3;"RECIFE";"Manobra de mudança de faixa";"Colisão traseira";"Com Vítimas Feridas";"Plena Noite";"Decrescente";"Céu Claro";"Dupla";"Reta";"Sim";2;0;0;1;1;0;1;2;-8,01887;-34,942196;"SPRF-PE";"DEL01-PE";"UOP01-DEL01-PE"
560909;2023-11-12;"domingo";"19:10:00";"BA";101;808;"ITAMARAJU";"Acessar a via sem observar a presença dos outros veículos";"Colisão traseira";"Com Vítimas Feridas";"Plena Noite";"Crescente";"Céu Claro";"Simples";"Reta;Interseção de Vias";"Sim";2;0;0;1;0;1;1;2;-17,19644104;-39,59171792;"SPRF-BA";"DEL09-BA";"UOP02-DEL09-BA"
560910;2023-11-12;"domingo";"20:50:00";"SC";101;278;"IMBITUBA";"Reação tardia ou ineficiente do condutor";"Colisão com objeto";"Sem Vítimas";"Plena Noite";"Decrescente";"Garoa/Chuvisco";"Múltipla";"Reta";"Não";1;0;0;0;1;0;0;1;-28,16300604;-48,6939345;"SPRF-SC";"DEL02-SC";"UOP03-DEL02-SC"
560911;2023-11-12;"domingo";"19:45:00";"MS";262;323,5;"CAMPO GRANDE";"Transitar na contramão";"Colisão frontal";"Com Vítimas Feridas";"Plena Noite";"Crescente";"Céu Claro";"Simples";"Reta";"Não";3;0;0;2;1;0;2;2;-20,50443563;-54,47942555;"SPRF-MS";"DEL01-MS";"UOP01-DEL01-MS"
560912;2023-11-12;"domingo";"20:40:00";"BA";116;450;"ANTONIO CARDOSO";"Faróis desregulados";"Saída de leito carroçável";"Com Vítimas Feridas";"Plena Noite";"Crescente";"Céu Claro";"Dupla";"Reta";"Não";1;0;1;0;0;0;1;1;-12,38094585;-39,12805308;"SPRF-BA";"DEL02-BA";"UOP01-DEL02-BA"
560913;2023-11-12;"domingo";"21:00:00";"MG";365;4;"MONTES CLAROS";"Velocidade Incompatível";"Saída de leito carroçável";"Com Vítimas Feridas";"Plena Noite";"Decrescente";"Céu Claro";"Simples";"Reta";"Sim";4;0;3;1;0;0;4;1;-16,85227691;-43,84668524;"SPRF-MG";"DEL12-MG";"UOP01-DEL12-MG"
560915;2023-11-12;"domingo";"20:20:00";"AL";316;113;"CACIMBINHAS";"Condutor deixou de manter distância do veículo da frente";"Colisão traseira";"Com Vítimas Feridas";"Plena Noite";"Crescente";"Nublado";"Simples";"Reta";"Não";2;0;0;1;0;1;1;2;-9,39972923;-37,00048615;"SPRF-AL";"DEL03-AL";"UOP01-DEL03-AL"
560916;2023-11-12;"domingo";"19:20:00";"SC";101;405,5;"ARARANGUA";"Ultrapassagem Indevida";"Colisão lateral mesmo sentido";"Com Vítimas Feridas";"Plena Noite";"Decrescente";"Nublado";"Múltipla";"Reta";"Sim";2;0;1;0;1;0;1;2;-28,89364305;-49,46954727;"SPRF-SC";"DEL02-SC";"UOP02-DEL02-SC"
560917;2023-11-12;"domingo";"17:15:00";"SC";282;641,3;"SAO MIGUEL DO OESTE";"Ausência de reação do condutor";"Saída de leito carroçável";"Com Vítimas Feridas";"Pleno dia";"Crescente";"Céu Claro";"Simples";"Curva";"Não";4;0;3;0;0;1;3;1;-26,779949;-53,460857;"SPRF-SC";"DEL07-SC";"UOP03-DEL07-SC"
560919;2023-11-12;"domingo";"21:00:00";"MG";50;16,8;"UBERLANDIA";"Ausência de reação do condutor";"Colisão traseira";"Com Vítimas Feridas";"Plena Noite";"Crescente";"Céu Claro";"Dupla";"Reta";"Sim";3;0;0;2;0;1;2;2;-18,9113;-48,2622;"SPRF-MG";"DEL15-MG";"UOP01-DEL15-MG"
560921;2023-11-12;"domingo";"21:00:00";"PR";369;150,1;"LONDRINA";"Condutor deixou de manter distância do veículo da frente";"Colisão traseira";"Sem Vítimas";"Plena Noite";"Decrescente";"Céu Claro";"Dupla";"Reta";"Sim";3;0;0;0;2;1;0;3;-23,292917;-51,162911;"SPRF-PR";"DEL07-PR";"UOP01-DEL07-PR"
560922;2023-11-12;"domingo";"21:00:00";"PE";232;114,2;"CARUARU";"Manobra de mudança de faixa";"Saída de leito carroçável";"Com Vítimas Feridas";"Plena Noite";"Decrescente";"Céu Claro";"Dupla";"Reta";"Sim";3;0;1;0;2;0;1;2;-8,29957441;-35,85413933;"SPRF-PE";"DEL02-PE";"UOP02-DEL02PE"
560923;2023-11-12;"domingo";"21:20:00";"PR";369;503,6;"CASCAVEL";"Acessar a via sem observar a presença dos outros veículos";"Colisão transversal";"Com Vítimas Feridas";"Plena Noite";"Decrescente";"Céu Claro";"Simples";"Reta";"Sim";5;0;3;0;2;0;3;2;-24,927143;-53,392354;"SPRF-PR";"DEL04-PR";"UOP03-DEL04-PR"
560924;2023-11-12;"domingo";"21:50:00";"GO";153;513;"APARECIDA DE GOIANIA";"Ingestão de álcool pelo condutor";"Colisão com objeto";"Com Vítimas Feridas";"Plena Noite";"Decrescente";"Céu Claro";"Dupla";"Reta;Declive;Viaduto";"Sim";3;0;0;1;1;1;1;3;-16,8244;-49,2421;"SPRF-GO";"DEL01-GO";"UOP03-DEL01-GO"
560925;2023-11-12;"domingo";"19:10:00";"RJ";101;415;"MANGARATIBA";"Reação tardia ou ineficiente do condutor";"Colisão transversal";"Com Vítimas Feridas";"Plena Noite";"Decrescente";"Céu Claro";"Dupla";"Reta;Interseção de Vias";"Não";3;0;0;2;1;0;2;2;-22,90433243;-43,88181398;"SPRF-RJ";"DEL03-RJ";"UOP01-DEL03-RJ"
560926;2023-11-12;"domingo";"21:57:00";"SC";101;10,2;"GARUVA";"Reação tardia ou ineficiente do condutor";"Colisão lateral mesmo sentido";"Sem Vítimas";"Plena Noite";"Decrescente";"Céu Claro";"Múltipla";"Interseção de Vias";"Sim";2;0;0;0;2;0;0;2;-26,06509085;-48,8600421;"SPRF-SC";"DEL03-SC";"UOP01-DEL03-SC"
560927;2023-11-12;"domingo";"17:50:00";"BA";116;315,5;"ARACI";"Demais falhas mecânicas ou elétricas";"Incêndio";"Sem Vítimas";"Anoitecer";"Crescente";"Céu Claro";"Simples";"Reta";"Não";2;0;0;0;2;0;0;1;-11,29069198;-38,93188904;"SPRF-BA";"DEL02-BA";"UOP01-DEL02-BA"