"id";"data_inversa";"dia_semana";"horario";"uf";"br";"km";"municipio";"causa_acidente";"tipo_acidente";"classificacao_acidente";"fase_dia";"sentido_via";"condicao_metereologica";"tipo_pista";"tracado_via";"uso_solo";"pessoas";"mortos";"feridos_leves";"feridos_graves";"ilesos";"ignorados";"feridos";"veiculos";"latitude";"longitude";"regional";"delegacia";"uop"
560928;2023-11-12;"domingo";"19:45:00";"MG";116;721,7;"MURIAE";"Condutor Dormindo";"Tombamento";"Com Vítimas Feridas";"Pleno dia";"Decrescente";"Céu Claro";"Simples";"Curva;Interseção de Vias";"Sim";1;0;0;1;0;0;1;1;-21,26040111;-42,40257025;"SPRF-MG";"DEL07-MG";"UOP02-DEL07-MG"
560929;2023-11-12;"domingo";"14:30:00";"RJ";101;423;"MANGARATIBA";"Ingestão de álcool pelo condutor";"Colisão traseira";"Com Vítimas Feridas";"Pleno dia";"Decrescente";"Sol";"Simples";"Reta";"Não";4;0;1;0;3;0;1;3;-22,91801286;-43,94820686;"SPRF-RJ";"DEL03-RJ";"UOP02-DEL03-RJ"
560930;2023-11-12;"domingo";"18:45:00";"MG";40;282;"TRES MARIAS";"Pedestre cruzava a pista fora da faixa";"Atropelamento de Pedestre";"Com Vítimas Fatais";"Anoitecer";"Crescente";"Céu Claro";"Simples";"Curva;Aclive";"Sim";2;1;0;0;0;1;0;2;-18,24923582;-45,20220684;"SPRF-MG";"DEL14-MG";"UOP02-DEL14-MG"
560931;2023-11-12;"domingo";"19:30:00";"MG";381;627,3;"OLIVEIRA";"Condutor Dormindo";"Saída de leito carroçável";"Sem Vítimas";"Plena Noite";"Decrescente";"Céu Claro";"Dupla";"Curva;Declive";"Não";1;0;0;0;1;0;0;1;-20,81648774;-44,79305852;"SPRF-MG";"DEL04-MG";"UOP01-DEL04-MG"
560932;2023-11-12;"domingo";"19:40:00";"SC";163;74,1;"SAO MIGUEL DO OESTE";"Ausência de reação do condutor";"Saída de leito carroçável";"Com Vítimas Feridas";"Plena Noite";"Decrescente";"Céu Claro";"Simples";"Curva";"Não";2;0;2;0;0;0;2;1;-26,70125131;-53,51374984;"SPRF-SC";"DEL07-SC";"UOP03-DEL07-SC"
560933;2023-11-12;"domingo";"21:20:00";"RS";386;192;"SANTO ANTONIO DO PLANALTO";"Acessar a via sem observar a presença dos outros veículos";"Colisão transversal";"Com Vítimas Feridas";"Plena Noite";"Crescente";"Céu Claro";"Simples";"Interseção de Vias";"Não";6;0;4;0;2;0;4;2;-28,3959307;-52,69130945;"SPRF-RS";"DEL08-RS";"UOP01-DEL08-RS"
560934;2023-11-12;"domingo";"22:00:00";"TO";153;333;"GUARAI";"Ingestão de álcool pelo condutor";"Colisão transversal";"Sem Vítimas";"Plena Noite";"Crescente";"Céu Claro";"Simples";"Reta;Interseção de Vias";"Sim";2;0;0;0;2;0;0;2;-8,826486;-48,51216;"SPRF-TO";"DEL02-TO";"UOP02-DEL02-TO"
560935;2023-11-12;"domingo";"15:30:00";"RJ";116;148;"DUQUE DE CAXIAS";"Ausência de reação do condutor";"Capotamento";"Com Vítimas Feridas";"Pleno dia";"Decrescente";"Céu Claro";"Dupla";"Reta";"Não";1;0;1;0;0;0;1;1;-22,6723488;-43,28215398;"SPRF-RJ";"DEL01-RJ";"UOP01-DEL01-RJ"
560936;2023-11-12;"domingo";"20:15:00";"PR";277;660,3;"MATELANDIA";"Ausência de reação do condutor";"Colisão com objeto";"Com Vítimas Feridas";"Plena Noite";"Decrescente";"Céu Claro";"Dupla";"Curva";"Não";1;0;1;0;0;0;1;1;-25,2538333;-53,99381161;"SPRF-PR";"DEL05-PR";"UOP02-DEL05-PR"
560938;2023-11-12;"domingo";"20:50:00";"RJ";101;57,9;"CAMPOS DOS GOYTACAZES";"Velocidade Incompatível";"Colisão com objeto";"Sem Vítimas";"Plena Noite";"Crescente";"Céu Claro";"Simples";"Reta";"Sim";2;0;0;0;2;0;0;1;-21,69602101;-41,31017467;"SPRF-RJ";"DEL08-RJ";"UOP01-DEL08-RJ"
560939;2023-11-12;"domingo";"20:00:00";"MG";116;522,2;"CARATINGA";"Desrespeitar a preferência no cruzamento";"Colisão transversal";"Com Vítimas Feridas";"Plena Noite";"Crescente";"Céu Claro";"Simples";"Curva";"Sim";3;0;2;0;1;0;2;2;-19,74300101;-42,13231969;"SPRF-MG";"DEL06-MG";"UOP02-DEL06-MG"
560940;2023-11-12;"domingo";"22:15:00";"RS";116;40;"VACARIA";"Reação tardia ou ineficiente do condutor";"Colisão com objeto";"Sem Vítimas";"Plena Noite";"Decrescente";"Céu Claro";"Simples";"Reta";"Sim";1;0;0;0;1;0;0;1;-28,51839098;-50,93942202;"SPRF-RS";"DEL05-RS";"UOP03-DEL05-RS"
560942;2023-11-12;"domingo";"22:00:00";"SP";116;226,5;"GUARULHOS";"Acessar a via sem observar a presença dos outros veículos";"Colisão com objeto";"Sem Vítimas";"Plena Noite";"Decrescente";"Céu Claro";"Múltipla";"Reta;Declive;Interseção de Vias";"Sim";3;0;0;0;2;1;0;2;-23,490628;-46,547986;"SPRF-SP";"DEL01-SP";"UOP01-DEL01-SP"
560943;2023-11-12;"domingo";"19:51:00";"MA";316;320,3;"OLHO DAGUA DAS CUNHAS";"Transitar na contramão";"Colisão frontal";"Sem Vítimas";"Plena Noite";"Crescente";"Céu Claro";"Simples";"Reta";"Não";3;0;0;0;2;1;0;2;-4,062385;-45,076874;"SPRF-MA";"DEL02-MA";"UOP01-DEL02-MA"
560944;2023-11-12;"domingo";"20:10:00";"MG";116;548;"SANTA BARBARA DO LESTE";"Ausência de reação do condutor";"Colisão lateral sentido oposto";"Com Vítimas Feridas";"Plena Noite";"Crescente";"Nublado";"Simples";"Reta";"Não";2;0;2;0;0;0;2;2;-19,95272398;-42,13044183;"SPRF-MG";"DEL06-MG";"UOP02-DEL06-MG"
560947;2023-11-12;"domingo";"22:50:00";"BA";407;5,8;"JUAZEIRO";"Condutor deixou de manter distância do veículo da frente";"Colisão traseira";"Com Vítimas Feridas";"Plena Noite";"Crescente";"Céu Claro";"Simples";"Reta";"Sim";3;0;1;1;1;0;2;2;-9,44778544;-40,49043801;"SPRF-PE";"DEL06-PE";"UOP01-DEL06-PE"
560948;2023-10-02;"segunda-feira";"00:45:00";"RS";101;0,1;"TORRES";"Ausência de reação do condutor";"Saída de leito carroçável";"Sem Vítimas";"Plena Noite";"Decrescente";"Céu Claro";"Simples";"Curva";"Não";1;0;0;0;1;0;0;1;-29,299099;-49,769608;"SPRF-RS";"DEL03-RS";"UOP02-DEL03-RS"
560950;2023-11-12;"domingo";"22:40:00";"GO";60;284;"JANDAIA";"Ausência de reação do condutor";"Capotamento";"Com Vítimas Feridas";"Plena Noite";"Crescente";"Céu Claro";"Dupla";"Reta";"Não";1;0;1;0;0;0;1;1;-17,2652;-50,2308;"SPRF-GO";"DEL04-GO";"UOP02-DEL04-GO"
560951;2023-11-12;"domingo";"22:30:00";"PR";476;118;"COLOMBO";"Ingestão de álcool pelo condutor";"Colisão traseira";"Com Vítimas Feridas";"Pleno dia";"Crescente";"Céu Claro";"Múltipla";"Reta";"Sim";3;0;1;0;2;0;1;2;-25,35634;-49,180828;"SPRF-PR";"DEL01-PR";"UOP01-DEL01-PR"
560952;2023-11-12;"domingo";"22:00:00";"RO";364;184,8;"PIMENTA BUENO";"Objeto estático sobre o leito carroçável";"Tombamento";"Com Vítimas Feridas";"Pleno dia";"Crescente";"Nublado";"Simples";"Reta;Em Obras";"Não";2;0;1;1;0;0;2;1;-11,74931921;-61,0963111;"SPRF-RO";"DEL02-RO";"UOP02-DEL02-RO"
560953;2023-11-12;"domingo";"21:00:00";"PR";116;104;"SAO JOSE DOS PINHAIS";"Demais falhas mecânicas ou elétricas";"Incêndio";"Sem Vítimas";"Pleno dia";"Decrescente";"Céu Claro";"Dupla";"Reta";"Não";1;0;0;0;0;1;0;1;-25,56472785;-49,15859603;"SPRF-PR";"DEL01-PR";"UOP07-DEL01-PR"
560954;2023-11-12;"domingo";"23:25:00";"GO";60;107;"GOIANAPOLIS";"Transitar na contramão";"Colisão frontal";"Com Vítimas Feridas";"Plena Noite";"Decrescente";"Ignorado";"Múltipla";"Reta";"Não";2;0;0;1;1;0;1;2;-16,431;-49,018;"SPRF-GO";"DEL02-GO";"UOP01-DEL02-GO"
560955;2023-11-12;"domingo";"19:15:00";"PE";232;506,5;"SALGUEIRO";"Ultrapassagem Indevida";"Colisão frontal";"Com Vítimas Feridas";"Plena Noite";"Decrescente";"Céu Claro";"Simples";"Reta";"Sim";2;0;0;1;1;0;1;2;-8,05986546;-39,10271397;"SPRF-PE";"DEL05-PE";"UOP01-DEL05-PE"
560956;2023-11-12;"domingo";"20:20:00";"RS";386;396;"TRIUNFO";"Reação tardia ou ineficiente do condutor";"Saída de leito carroçável";"Com Vítimas Feridas";"Plena Noite";"Decrescente";"Chuva";"Simples";"Reta;Aclive";"Não";1;0;1;0;0;0;1;1;-29,72755842;-51,6337359;"SPRF-RS";"DEL04-RS";"UOP02-DEL04-RS"
560957;2023-11-12;"domingo";"23:30:00";"SP";116;228;"SAO PAULO";"Reação tardia ou ineficiente do condutor";"Colisão traseira";"Com Vítimas Feridas";"Plena Noite";"Decrescente";"Céu Claro";"Múltipla";"Reta";"Sim";3;0;1;0;1;1;1;2;-23,50732007;-46,57071233;"SPRF-SP";"DEL01-SP";"UOP01-DEL01-SP"
560958;2023-11-12;"domingo";"21:30:00";"RS";386;389,2;"TRIUNFO";"Ingestão de álcool pelo condutor";"Colisão com objeto";"Sem Vítimas";"Plena Noite";"Crescente";"Chuva";"Dupla";"Reta;Aclive";"Sim";1;0;0;0;1;0;0;1;-29,70243051;-51,68424189;"SPRF-RS";"DEL04-RS";"UOP02-DEL04-RS"
560959;2023-11-12;"domingo";"23:10:00";"BA";116;16,8;"VITORIA DA CONQUISTA";"Ultrapassagem Indevida";"Colisão transversal";"Com Vítimas Feridas";"Plena Noite";"Decrescente";"Céu Claro";"Simples";"Interseção de Vias";"Sim";3;0;1;0;2;0;1;2;-14,9024;-40,844205;"SPRF-PE";"DEL05-PE";"UOP03-DEL05-PE"
560960;2023-11-12;"domingo";"23:30:00";"MG";381;821;"CAREACU";"Acessar a via sem observar a presença dos outros veículos";"Colisão transversal";"Com Vítimas Feridas";"Plena Noite";"Crescente";"Céu Claro";"Múltipla";"Retorno Regulamentado";"Não";5;0;2;0;2;1;2;2;-22,086067;-45,7000189;"SPRF-MG";"DEL16-MG";"UOP02-DEL16-MG"
560961;2023-11-13;"segunda-feira";"00:05:00";"PI";343;348,6;"TERESINA";"Ausência de reação do condutor";"Colisão com objeto";"Com Vítimas Fatais";"Plena Noite";"Decrescente";"Céu Claro";"Dupla";"Reta;Interseção de Vias";"Sim";2;1;0;1;0;0;1;1;-5,118706;-42,786411;"SPRF-PI";"DEL01-PI";"UOP01-DEL01-PI"
560962;2023-11-13;"segunda-feira";"00:15:00";"SP";381;43;"ATIBAIA";"Velocidade Incompatível";"Colisão com objeto";"Sem Vítimas";"Plena Noite";"Crescente";"Nublado";"Dupla";"Reta";"Sim";1;0;0;0;1;0;0;1;-23,15597105;-46,5740155;"SPRF-SP";"DEL03-SP";"UOP01-DEL03-SP"
560965;2023-11-12;"domingo";"23:30:00";"PE";101;3,8;"GOIANA";"Condutor Dormindo";"Tombamento";"Com Vítimas Feridas";"Plena Noite";"Crescente";"Céu Claro";"Dupla";"Reta;Declive";"Não";5;0;2;0;3;0;2;1;-7,531382;-34,991609;"SPRF-PE";"DEL01-PE";"UOP02-DEL01-PE"
560966;2023-11-13;"segunda-feira";"00:00:00";"RJ";116;146;"DUQUE DE CAXIAS";"Condutor Dormindo";"Colisão com objeto";"Com Vítimas Feridas";"Plena Noite";"Crescente";"Céu Claro";"Dupla";"Reta";"Sim";4;0;3;0;0;1;3;1;-22,66687859;-43,26368215;"SPRF-RJ";"DEL01-RJ";"UOP01-DEL01-RJ"
560968;2023-11-13;"segunda-feira";"01:20:00";"SC";101;415,1;"ARARANGUA";"Condutor Dormindo";"Saída de leito carroçável";"Com Vítimas Feridas";"Plena Noite";"Decrescente";"Chuva";"Múltipla";"Reta";"Sim";1;0;1;0;0;0;1;1;-28,9657209;-49,52190399;"SPRF-SC";"DEL02-SC";"UOP02-DEL02-SC"
560971;2023-11-13;"segunda-feira";"02:45:00";"RJ";116;182;"NOVA IGUACU";"Curva acentuada";"Queda de ocupante de veículo";"Com Vítimas Feridas";"Plena Noite";"Decrescente";"Céu Claro";"Múltipla";"Reta";"Sim";2;0;1;0;1;0;1;1;-22,7567755;-43,43107234;"SPRF-RJ";"DEL01-RJ";"UOP02-DEL01-RJ"
560972;2023-11-13;"segunda-feira";"02:45:00";"GO";153;503;"GOIANIA";"Ausência de reação do condutor";"Colisão com objeto";"Com Vítimas Feridas";"Plena Noite";"Crescente";"Céu Claro";"Dupla";"Viaduto;Aclive";"Sim";1;0;0;1;0;0;1;1;-16,7366;-49,243;"SPRF-GO";"DEL01-GO";"UOP01-DEL01-GO"
560973;2023-11-13;"segunda-feira";"03:15:00";"GO";153;510;"APARECIDA DE GOIANIA";"Reação tardia ou ineficiente do condutor";"Saída de leito carroçável";"Com Vítimas Feridas";"Plena Noite";"Crescente";"Céu Claro";"Dupla";"Reta;Aclive";"Sim";1;0;0;1;0;0;1;1;-16,7977;-49,2386;"SPRF-GO";"DEL01-GO";"UOP03-DEL01-GO"
560974;2023-11-12;"domingo";"16:40:00";"ES";262;70;"MARECHAL FLORIANO";"Ultrapassagem Indevida";"Colisão lateral mesmo sentido";"Com Vítimas Feridas";"Pleno dia";"Decrescente";"Céu Claro";"Simples";"Reta";"Não";5;0;3;0;2;0;3;2;-20,41561467;-40,86684776;"SPRF-ES";"DEL01-ES";"UOP02-DEL01-ES"
560975;2023-11-13;"segunda-feira";"04:15:00";"RS";116;490,5;"TURUCU";"Condutor Dormindo";"Saída de leito carroçável";"Com Vítimas Feridas";"Plena Noite";"Crescente";"Garoa/Chuvisco";"Dupla";"Reta";"Não";5;0;2;0;3;0;2;1;-31,46858183;-52,21242355;"SPRF-RS";"DEL07-RS";"UOP01-DEL07-RS"
560977;2023-11-12;"domingo";"22:10:00";"RO";364;1050;"PORTO VELHO";"Animais na Pista";"Atropelamento de Animal";"Com Vítimas Feridas";"Plena Noite";"Crescente";"Ignorado";"Simples";"Reta";"Não";2;0;2;0;0;0;2;1;-9,78694237;-66,45466094;"SPRF-AC";"DEL01-AC";"UOP03-DEL01-AC"
560979;2023-11-13;"segunda-feira";"04:40:00";"RJ";40;117;"DUQUE DE CAXIAS";"Condutor Dormindo";"Colisão com objeto";"Com Vítimas Feridas";"Amanhecer";"Crescente";"Céu Claro";"Dupla";"Reta";"Sim";2;0;1;0;1;0;1;2;-22,745676;-43,2881;"SPRF-RJ";"DEL01-RJ";"UOP01-DEL01-RJ"
560980;2023-11-13;"segunda-feira";"03:30:00";"SC";480;124;"CHAPECO";"Ausência de reação do condutor";"Saída de leito carroçável";"Com Vítimas Feridas";"Plena Noite";"Crescente";"Nublado";"Simples";"Viaduto";"Sim";1;0;1;0;0;0;1;1;-26,99965619;-52,6464057;"SPRF-SC";"DEL07-SC";"UOP01-DEL07-SC"
560983;2023-11-12;"domingo";"22:30:00";"RJ";465;3;"SEROPEDICA";"Acesso irregular";"Colisão transversal";"Com Vítimas Feridas";"Plena Noite";"Decrescente";"Céu Claro";"Simples";"Reta;Ponte;Interseção de Vias;Viaduto";"Não";3;0;2;0;0;1;2;2;-22,73427;-43,711994;"SPRF-RJ";"DEL01-RJ";"UOP03-DEL01-RJ"
560985;2023-11-13;"segunda-feira";"05:40:00";"RJ";40;112;"DUQUE DE CAXIAS";"Trafegar com motocicleta (ou similar) entre as faixas";"Colisão lateral mesmo sentido";"Com Vítimas Feridas";"Pleno dia";"Crescente";"Céu Claro";"Múltipla";"Reta";"Não";2;0;1;0;1;0;1;2;-22,7004454;-43,29014851;"SPRF-RJ";"DEL01-RJ";"UOP01-DEL01-RJ"
560986;2023-11-13;"segunda-feira";"06:00:00";"PB";101;90;"JOAO PESSOA";"Acessar a via sem observar a presença dos outros veículos";"Colisão lateral mesmo sentido";"Com Vítimas Feridas";"Pleno dia";"Crescente";"Céu Claro";"Dupla";"Reta;Interseção de Vias";"Sim";2;0;1;0;1;0;1;2;-7,179652;-34,900417;"SPRF-PB";"DEL01-PB";"UOP02-DEL01-PB"
560988;2023-11-13;"segunda-feira";"06:10:00";"RS";158;184,5;"PEJUCARA";"Chuva";"Colisão lateral sentido oposto";"Com Vítimas Feridas";"Pleno dia";"Crescente";"Chuva";"Simples";"Curva";"Não";3;0;1;0;1;1;1;3;-28,55418291;-53,55740352;"SPRF-RS";"DEL10-RS";"UOP02-DEL10-RS"
560989;2023-11-13;"segunda-feira";"06:00:00";"SP";116;215;"GUARULHOS";"Reação tardia ou ineficiente do condutor";"Colisão com objeto";"Com Vítimas Feridas";"Pleno dia";"Crescente";"Céu Claro";"Múltipla";"Interseção de Vias";"Sim";1;0;1;0;0;0;1;1;-23,44695693;-46,45394103;"SPRF-SP";"DEL01-SP";"UOP01-DEL01-SP"
560990;2023-11-13;"segunda-feira";"06:00:00";"CE";116;21;"AQUIRAZ";"Condutor deixou de manter distância do veículo da frente";"Colisão traseira";"Com Vítimas Feridas";"Pleno dia";"Decrescente";"Céu Claro";"Dupla";"Reta";"Sim";4;0;0;2;2;0;2;3;-3,93175901;-38,50825087;"SPRF-CE";"DEL01-CE";"UOP02-DEL01-CE"
560991;2023-11-13;"segunda-feira";"06:00:00";"BA";324;559;"SAO SEBASTIAO DO PASSE";"Reação tardia ou ineficiente do condutor";"Colisão traseira";"Com Vítimas Feridas";"Amanhecer";"Crescente";"Nevoeiro/Neblina";"Dupla";"Reta;Declive";"Não";5;0;0;2;3;0;2;3;-12,48716788;-38,66087791;"SPRF-BA";"DEL01-BA";"UOP03-DEL01-BA"
560992;2023-11-13;"segunda-feira";"02:15:00";"SC";470;49,5;"BLUMENAU";"Ingestão de álcool pelo condutor";"Saída de leito carroçável";"Sem Vítimas";"Plena Noite";"Crescente";"Céu Claro";"Dupla";"Curva;Viaduto";"Sim";2;0;0;0;2;0;0;1;-26,860662;-49,065159;"SPRF-SC";"DEL04-SC";"UOP01-DEL04-SC"
560994;2023-11-12;"domingo";"20:00:00";"BA";324;423;"RIACHAO DO JACUIPE";"Deficiência do Sistema de Iluminação/Sinalização";"Colisão traseira";"Com Vítimas Feridas";"Plena Noite";"Crescente";"Céu Claro";"Simples";"Reta;Aclive";"Não";3;0;0;2;1;0;2;2;-11,72594368;-39,50303672;"SPRF-BA";"DEL04-BA";"UOP02-DEL04-BA"
560996;2023-11-13;"segunda-feira";"07:20:00";"PE";101;75;"RECIFE";"Condutor deixou de manter distância do veículo da frente";"Colisão traseira";"Com Vítimas Feridas";"Pleno dia";"Crescente";"Céu Claro";"Dupla";"Reta";"Não";2;0;0;1;1;0;1;2;-8,115113;-34,944698;"SPRF-PE";"DEL01-PE";"UOP01-DEL01-PE"
560997;2023-11-13;"segunda-feira";"07:00:00";"SE";101;66,8;"ROSARIO DO CATETE";"Velocidade Incompatível";"Colisão lateral mesmo sentido";"Com Vítimas Feridas";"Pleno dia";"Crescente";"Céu Claro";"Simples";"Reta;Em Obras";"Não";4;0;2;0;2;0;2;3;-10,71207086;-37,05954216;"SPRF-SE";"DEL02-SE";"UOP02-DEL02-SE"
560998;2023-11-13;"segunda-feira";"06:45:00";"PE";101;70,9;"RECIFE";"Pedestre cruzava a pista fora da faixa";"Atropelamento de Pedestre";"Com Vítimas Feridas";"Pleno dia";"Crescente";"Céu Claro";"Dupla";"Reta";"Sim";3;0;1;2;0;0;3;2;-8,075791;-34,942934;"SPRF-PE";"DEL01-PE";"UOP01-DEL01-PE"
560999;2023-11-13;"segunda-feira";"07:00:00";"SP";116;225;"GUARULHOS";"Ausência de reação do condutor";"Queda de ocupante de veículo";"Com Vítimas Feridas";"Pleno dia";"Crescente";"Céu Claro";"Múltipla";"Reta";"Sim";1;0;1;0;0;0;1;1;-23,48586772;-46,54075317;"SPRF-SP";"DEL01-SP";"UOP01-DEL01-SP"
561000;2023-11-13;"segunda-feira";"06:20:00";"BA";324;622;"SALVADOR";"Condutor deixou de manter distância do veículo da frente";"Colisão lateral mesmo sentido";"Com Vítimas Feridas";"Pleno dia";"Crescente";"Céu Claro";"Múltipla";"Reta";"Sim";2;0;1;0;1;0;1;2;-12,91888605;-38,46502095;"SPRF-BA";"DEL01-BA";"UOP01-DEL01-BA"
561001;2023-11-13;"segunda-feira";"07:00:00";"RJ";116;186;"NOVA IGUACU";"Trafegar com motocicleta (ou similar) entre as faixas";"Colisão lateral mesmo sentido";"Com Vítimas Feridas";"Pleno dia";"Decrescente";"Céu Claro";"Múltipla";"Reta";"Sim";4;0;1;0;3;0;1;2;-22,73962339;-43,46276495;"SPRF-RJ";"DEL01-RJ";"UOP02-DEL01-RJ"
561002;2023-11-12;"domingo";"18:10:00";"MG";365;611;"UBERLANDIA";"Demais falhas mecânicas ou elétricas";"Saída de leito carroçável";"Com Vítimas Feridas";"Pleno dia";"Crescente";"Céu Claro";"Simples";"Reta";"Não";2;0;1;1;0;0;2;1;-18,92793854;-48,19198317;"SPRF-MG";"DEL15-MG";"UOP01-DEL15-MG"
561003;2023-11-13;"segunda-feira";"07:30:00";"RJ";116;299,9;"PORTO REAL";"Velocidade Incompatível";"Engavetamento";"Com Vítimas Feridas";"Pleno dia";"Decrescente";"Céu Claro";"Simples";"Reta";"Não";3;0;2;0;1;0;2;2;-22,45153554;-44,34627905;"SPRF-RJ";"DEL07-RJ";"UOP02-DEL07-RJ"
561004;2023-11-13;"segunda-feira";"07:15:00";"PE";428;184,5;"PETROLINA";"Manobra de mudança de faixa";"Colisão lateral mesmo sentido";"Com Vítimas Feridas";"Pleno dia";"Crescente";"Céu Claro";"Dupla";"Retorno Regulamentado";"Não";2;0;1;0;1;0;1;2;-9,33211208;-40,46621385;"SPRF-PE";"DEL06-PE";"UOP01-DEL06-PE"
561005;2023-11-13;"segunda-feira";"07:30:00";"PR";116;126;"FAZENDA RIO GRANDE";"Condutor desrespeitou a iluminação vermelha do semáforo";"Colisão transversal";"Sem Vítimas";"Pleno dia";"Crescente";"Sol";"Dupla";"Reta";"Sim";3;0;0;0;2;1;0;2;-25,60389895;-49,31824423;"SPRF-PR";"DEL01-PR";"UOP03-DEL01-PR"
561007;2023-11-13;"segunda-feira";"07:55:00";"ES";101;268,9;"SERRA";"Entrada inopinada do pedestre";"Atropelamento de Pedestre";"Com Vítimas Feridas";"Pleno dia";"Crescente";"Céu Claro";"Múltipla";"Reta";"Sim";3;0;1;1;1;0;2;3;-20,20842;-40,269405;"SPRF-ES";"DEL02-ES";"UOP01-DEL02-ES"
561008;2023-11-13;"segunda-feira";"08:00:00";"SP";116;288;"ITAPECERICA DA SERRA";"Trafegar com motocicleta (ou similar) entre as faixas";"Colisão lateral mesmo sentido";"Com Vítimas Feridas";"Pleno dia";"Decrescente";"Céu Claro";"Múltipla";"Reta";"Sim";1;0;1;0;0;0;1;1;-23,719254;-46,883144;"SPRF-SP";"DEL04-SP";"UOP01-DEL04-SP"
561010;2023-11-13;"segunda-feira";"07:45:00";"PB";230;12,7;"CABEDELO";"Trafegar com motocicleta (ou similar) entre as faixas";"Colisão lateral mesmo sentido";"Com Vítimas Feridas";"Pleno dia";"Decrescente";"Céu Claro";"Dupla";"Reta";"Sim";3;0;2;0;1;0;2;2;-7,068;-34,85;"SPRF-PB";"DEL01-PB";"UOP01-DEL01-PB"
561012;2023-11-12;"domingo";"20:24:00";"PE";232;256;"ARCOVERDE";"Animais na Pista";"Atropelamento de Animal";"Com Vítimas Fatais";"Plena Noite";"Crescente";"Céu Claro";"Simples";"Reta";"Não";1;1;0;0;0;0;0;1;-8,409643;-37,095013;"SPRF-PE";"DEL04-PE";"UOP02-DEL04-PE"
561013;2023-11-13;"segunda-feira";"05:50:00";"CE";116;63;"CHOROZINHO";"Acumulo de água sobre o pavimento";"Saída de leito carroçável";"Com Vítimas Feridas";"Pleno dia";"Crescente";"Céu Claro";"Simples";"Reta";"Não";1;0;1;0;0;0;1;1;-4,27263318;-38,49159144;"SPRF-CE";"DEL03-CE";"UOP02-DEL03-CE"
561014;2023-11-13;"segunda-feira";"07:45:00";"MG";40;38,8;"PARACATU";"Conversão proibida";"Colisão transversal";"Com Vítimas Feridas";"Pleno dia";"Decrescente";"Céu Claro";"Simples";"Reta;Declive";"Sim";2;0;1;0;1;0;1;2;-17,21050388;-46,89942099;"SPRF-MG";"DEL14-MG";"UOP01-DEL14-MG"
561015;2023-11-13;"segunda-feira";"08:05:00";"SE";235;4;"NOSSA SENHORA DO SOCORRO";"Condutor deixou de manter distância do veículo da frente";"Engavetamento";"Sem Vítimas";"Pleno dia";"Crescente";"Céu Claro";"Dupla";"Reta";"Sim";3;0;0;0;2;1;0;3;-10,9064;-37,1197;"SPRF-SE";"DEL01-SE";"UOP01-DEL01-SE"
561016;2023-11-13;"segunda-feira";"07:30:00";"RJ";393;264;"BARRA DO PIRAI";"Avarias e/ou desgaste excessivo no pneu";"Saída de leito carroçável";"Com Vítimas Feridas";"Pleno dia";"Crescente";"Céu Claro";"Simples";"Reta";"Sim";7;0;6;0;1;0;6;1;-22,47328398;-43,87583401;"SPRF-RJ";"DEL05-RJ";"UOP04-DEL05-RJ"
561017;2023-11-13;"segunda-feira";"06:55:00";"RN";304;43,1;"MOSSORO";"Acessar a via sem observar a presença dos outros veículos";"Colisão transversal";"Com Vítimas Feridas";"Pleno dia";"Decrescente";"Céu Claro";"Dupla";"Reta;Interseção de Vias";"Sim";2;0;1;0;1;0;1;2;-5,2182292;-37,36494184;"SPRF-RN";"DEL04-RN";"UOP01-DEL04-RN"
561018;2023-11-13;"segunda-feira";"08:50:00";"SC";470;56;"BLUMENAU";"Acessar a via sem observar a presença dos outros veículos";"Colisão transversal";"Com Vítimas Feridas";"Pleno dia";"Decrescente";"Céu Claro";"Simples";"Reta";"Sim";2;0;1;0;1;0;1;2;-26,87674;-49,127743;"SPRF-SC";"DEL04-SC";"UOP01-DEL04-SC"
561020;2023-11-13;"segunda-feira";"09:00:00";"PE";101;74;"RECIFE";"Ausência de reação do condutor";"Tombamento";"Com Vítimas Feridas";"Pleno dia";"Crescente";"Céu Claro";"Dupla";"Curva";"Sim";1;0;0;1;0;0;1;1;-8,10146485;-34,94901577;"SPRF-PE";"DEL01-PE";"UOP01-DEL01-PE"
561021;2023-11-13;"segunda-feira";"05:40:00";"BA";324;561;"SAO SEBASTIAO DO PASSE";"Acessar a via sem observar a presença dos outros veículos";"Colisão transversal";"Com Vítimas Feridas";"Pleno dia";"Crescente";"Céu Claro";"Dupla";"Reta;Retorno Regulamentado";"Não";4;0;1;0;3;0;1;2;-12,49783433;-38,64646092;"SPRF-BA";"DEL01-BA";"UOP01-DEL01-BA"
561022;2023-11-13;"segunda-feira";"07:50:00";"RS";116;249;"SAO LEOPOLDO";"Trafegar com motocicleta (ou similar) entre as faixas";"Colisão lateral mesmo sentido";"Com Vítimas Feridas";"Pleno dia";"Decrescente";"Chuva";"Dupla";"Reta";"Sim";3;0;1;0;2;0;1;3;-29,7831804;-51,16099063;"SPRF-RS";"DEL01-RS";"UOP02-DEL01-RS"
561023;2023-11-13;"segunda-feira";"08:00:00";"RJ";101;289;"ITABORAI";"Reação tardia ou ineficiente do condutor";"Engavetamento";"Com Vítimas Feridas";"Pleno dia";"Decrescente";"Céu Claro";"Dupla";"Reta";"Sim";4;0;1;0;3;0;1;3;-22,76376316;-42,85172094;"SPRF-RJ";"DEL02-RJ";"UOP02-DEL02-RJ"