"id";"data_inversa";"dia_semana";"horario";"uf";"br";"km";"municipio";"causa_acidente";"tipo_acidente";"classificacao_acidente";"fase_dia";"sentido_via";"condicao_metereologica";"tipo_pista";"tracado_via";"uso_solo";"pessoas";"mortos";"feridos_leves";"feridos_graves";"ilesos";"ignorados";"feridos";"veiculos";"latitude";"longitude";"regional";"delegacia";"uop"
561139;2023-11-13;"segunda-feira";"19:10:00";"SC";101;209,1;"SAO JOSE";"Reação tardia ou ineficiente do condutor";"Colisão traseira";"Com Vítimas Feridas";"Plena Noite";"Decrescente";"Garoa/Chuvisco";"Dupla";"Reta";"Sim";2;0;1;0;1;0;1;2;-27,61000542;-48,63895057;"SPRF-SC";"DEL01-SC";"UOP01-DEL01-SC"
561143;2023-11-13;"segunda-feira";"18:55:00";"SP";381;73;"SAO PAULO";"Reação tardia ou ineficiente do condutor";"Tombamento";"Com Vítimas Feridas";"Plena Noite";"Crescente";"Nublado";"Dupla";"Reta;Declive";"Não";2;0;2;0;0;0;2;1;-23,36553404;-46,55253934;"SPRF-SP";"DEL03-SP";"UOP01-DEL03-SP"
561144;2023-11-13;"segunda-feira";"19:35:00";"BA";242;738;"CATOLANDIA";"Condutor deixou de manter distância do veículo da frente";"Colisão traseira";"Com Vítimas Feridas";"Plena Noite";"Crescente";"Céu Claro";"Simples";"Reta";"Não";3;0;0;2;1;0;2;2;-12,177037;-44,534199;"SPRF-BA";"DEL10-BA";"UOP01-DEL10-BA"
561145;2023-11-13;"segunda-feira";"20:50:00";"SE";235;52,5;"ITABAIANA";"Pista esburacada";"Tombamento";"Com Vítimas Feridas";"Plena Noite";"Decrescente";"Céu Claro";"Múltipla";"Reta";"Sim";1;0;1;0;0;0;1;1;-10,693279;-37,437557;"SPRF-SE";"DEL01-SE";"UOP02-DEL01-SE"
561147;2023-11-13;"segunda-feira";"20:10:00";"RJ";101;433;"MANGARATIBA";"Pedestre cruzava a pista fora da faixa";"Atropelamento de Pedestre";"Com Vítimas Feridas";"Plena Noite";"Decrescente";"Céu Claro";"Simples";"Rotatória;Desvio Temporário";"Sim";2;0;1;0;1;0;1;2;-22,93842518;-44,03644001;"SPRF-RJ";"DEL03-RJ";"UOP02-DEL03-RJ"
561148;2023-11-13;"segunda-feira";"18:10:00";"GO";364;201;"JATAI";"Ausência de reação do condutor";"Saída de leito carroçável";"Com Vítimas Feridas";"Anoitecer";"Decrescente";"Céu Claro";"Dupla";"Reta";"Não";2;0;1;0;1;0;1;1;-17,87289643;-51,76036835;"SPRF-GO";"DEL05-GO";"UOP01-DEL05-GO"
561150;2023-11-13;"segunda-feira";"17:50:00";"BA";324;219;"FEIRA DE SANTANA";"Ausência de reação do condutor";"Colisão transversal";"Com Vítimas Feridas";"Plena Noite";"Decrescente";"Céu Claro";"Dupla";"Interseção de Vias";"Sim";2;0;1;1;0;0;2;2;-12,27782876;-38,92797416;"SPRF-BA";"DEL04-BA";"UOP02-DEL04-BA"
561151;2023-10-24;"terça-feira";"17:40:00";"MG";459;29,7;"CALDAS";"Reação tardia ou ineficiente do condutor";"Colisão frontal";"Com Vítimas Fatais";"Pleno dia";"Crescente";"Céu Claro";"Simples";"Reta";"Não";6;1;0;4;0;1;4;3;-21,9072028;-46,3800706;"SPRF-MG";"DEL09-MG";"UOP01-DEL09-MG"
561152;2023-11-13;"segunda-feira";"21:55:00";"CE";116;15,5;"FORTALEZA";"Animais na Pista";"Atropelamento de Animal";"Com Vítimas Feridas";"Plena Noite";"Crescente";"Céu Claro";"Dupla";"Reta";"Sim";1;0;1;0;0;0;1;1;-3,87839882;-38,50066893;"SPRF-CE";"DEL01-CE";"UOP02-DEL01-CE"
561153;2023-11-13;"segunda-feira";"20:15:00";"CE";116;46;"PACAJUS";"Reação tardia ou ineficiente do condutor";"Colisão traseira";"Com Vítimas Feridas";"Plena Noite";"Decrescente";"Céu Claro";"Dupla";"Retorno Regulamentado";"Sim";3;0;1;0;2;0;1;2;-4,13924054;-38,47994882;"SPRF-CE";"DEL01-CE";"UOP02-DEL01-CE"
561154;2023-11-13;"segunda-feira";"19:45:00";"MT";364;332;"SANTO ANTONIO DO LEVERGER";"Acumulo de areia ou detritos sobre o pavimento";"Saída de leito carroçável";"Com Vítimas Feridas";"Plena Noite";"Decrescente";"Ignorado";"Dupla";"Reta";"Não";3;0;1;0;2;0;1;1;-15,82506773;-55,42827212;"SPRF-MT";"DEL05-MT";"UOP02-DEL05-MT"
561156;2023-11-13;"segunda-feira";"22:10:00";"SC";280;44;"GUARAMIRIM";"Velocidade Incompatível";"Saída de leito carroçável";"Sem Vítimas";"Plena Noite";"Crescente";"Nublado";"Dupla";"Desvio Temporário;Em Obras";"Não";1;0;0;0;1;0;0;1;-26,4517722;-48,88789399;"SPRF-SC";"DEL03-SC";"UOP03-DEL03-SC"
561157;2023-11-13;"segunda-feira";"19:40:00";"MG";40;748,8;"SANTOS DUMONT";"Velocidade Incompatível";"Tombamento";"Com Vítimas Feridas";"Plena Noite";"Crescente";"Céu Claro";"Simples";"Curva";"Não";2;0;1;0;1;0;1;2;-21,43796619;-43,55638245;"SPRF-MG";"DEL05-MG";"UOP01-DEL05-MG"
561160;2023-11-13;"segunda-feira";"20:00:00";"RN";427;52,5;"JARDIM DO SERIDO";"Reação tardia ou ineficiente do condutor";"Tombamento";"Com Vítimas Feridas";"Plena Noite";"Decrescente";"Céu Claro";"Simples";"Reta";"Não";2;0;0;1;0;1;1;2;-6,574515;-36,757423;"SPRF-RN";"DEL03-RN";"UOP01-DEL03-RN"
561162;2023-11-13;"segunda-feira";"20:30:00";"PE";423;153,1;"IATI";"Ingestão de álcool pelo condutor";"Colisão lateral sentido oposto";"Com Vítimas Feridas";"Plena Noite";"Decrescente";"Céu Claro";"Simples";"Reta";"Não";3;0;0;1;2;0;1;2;-9,05196529;-36,9263368;"SPRF-PE";"DEL03-PE";"UOP01-DEL03-PE"
561163;2023-11-13;"segunda-feira";"17:56:00";"SC";101;281;"IMBITUBA";"Ingestão de álcool pelo condutor";"Colisão traseira";"Com Vítimas Feridas";"Pleno dia";"Crescente";"Nublado";"Dupla";"Reta";"Sim";2;0;1;0;1;0;1;2;-28,18793595;-48,69652041;"SPRF-SC";"DEL02-SC";"UOP03-DEL02-SC"
561164;2023-11-13;"segunda-feira";"09:00:00";"RS";470;224;"BENTO GONCALVES";"Acessar a via sem observar a presença dos outros veículos";"Colisão transversal";"Com Vítimas Feridas";"Pleno dia";"Crescente";"Chuva";"Simples";"Reta;Aclive;Interseção de Vias";"Não";2;0;1;0;1;0;1;2;-29,21351804;-51,51780626;"SPRF-RS";"DEL06-RS";"UOP01-DEL06-RS"
561165;2023-11-13;"segunda-feira";"23:00:00";"PB";230;25;"JOAO PESSOA";"Acessar a via sem observar a presença dos outros veículos";"Colisão lateral mesmo sentido";"Com Vítimas Feridas";"Plena Noite";"Crescente";"Céu Claro";"Simples";"Reta;Interseção de Vias;Viaduto";"Sim";2;0;1;0;1;0;1;2;-7,1707;-34,8684;"SPRF-PB";"DEL01-PB";"UOP01-DEL01-PB"
561166;2023-11-13;"segunda-feira";"23:30:00";"SP";116;219;"GUARULHOS";"Reação tardia ou ineficiente do condutor";"Colisão lateral mesmo sentido";"Com Vítimas Feridas";"Plena Noite";"Crescente";"Céu Claro";"Múltipla";"Reta";"Sim";2;0;2;0;0;0;2;2;-23,46249672;-46,49318039;"SPRF-SP";"DEL01-SP";"UOP01-DEL01-SP"
561169;2023-11-13;"segunda-feira";"21:20:00";"MG";153;198,3;"FRUTAL";"Ingestão de álcool pelo condutor";"Colisão traseira";"Com Vítimas Fatais";"Plena Noite";"Crescente";"Céu Claro";"Simples";"Reta";"Não";2;1;1;0;0;0;1;2;-19,98409981;-49,01874013;"SPRF-MG";"DEL13-MG";"UOP02-DEL13-MG"
561170;2023-11-13;"segunda-feira";"19:30:00";"MT";174;12;"PONTES E LACERDA";"Transitar na contramão";"Colisão lateral sentido oposto";"Com Vítimas Feridas";"Plena Noite";"Crescente";"Nublado";"Simples";"Reta";"Não";2;0;0;1;1;0;1;2;-15;-59;"SPRF-MT";"DEL03-MT";"UOP01-DEL03-MT"
561171;2023-11-13;"segunda-feira";"23:45:00";"RJ";101;411;"ITAGUAI";"Pedestre cruzava a pista fora da faixa";"Atropelamento de Pedestre";"Com Vítimas Feridas";"Plena Noite";"Decrescente";"Céu Claro";"Dupla";"Reta";"Não";2;0;1;0;1;0;1;2;-22,89484687;-43,84753204;"SPRF-RJ";"DEL03-RJ";"UOP01-DEL03-RJ"
561174;2023-11-13;"segunda-feira";"22:10:00";"MT";163;1007;"TERRA NOVA DO NORTE";"Reação tardia ou ineficiente do condutor";"Saída de leito carroçável";"Com Vítimas Feridas";"Plena Noite";"Decrescente";"Céu Claro";"Simples";"Reta";"Não";1;0;1;0;0;0;1;1;-10,56149802;-55,09092395;"SPRF-MT";"DEL06-MT";"UOP03-DEL06-MT"
561175;2023-11-13;"segunda-feira";"22:00:00";"RO";435;110;"CEREJEIRAS";"Animais na Pista";"Atropelamento de Animal";"Com Vítimas Feridas";"Plena Noite";"Crescente";"Céu Claro";"Simples";"Reta";"Não";1;0;0;1;0;0;1;1;-13,19219828;-60,69489903;"SPRF-RO";"DEL04-RO";"UOP02-DEL04-RO"
561178;2023-11-14;"terça-feira";"02:25:00";"PB";101;110;"ALHANDRA";"Avarias e/ou desgaste excessivo no pneu";"Saída de leito carroçável";"Sem Vítimas";"Plena Noite";"Crescente";"Céu Claro";"Dupla";"Reta;Interseção de Vias";"Sim";1;0;0;0;0;1;0;1;-7,35255626;-34,94940909;"SPRF-PB";"DEL01-PB";"UOP02-DEL01-PB"
561189;2023-11-14;"terça-feira";"05:20:00";"MG";50;140;"UBERABA";"Condutor Dormindo";"Colisão com objeto";"Com Vítimas Feridas";"Amanhecer";"Crescente";"Céu Claro";"Dupla";"Reta;Aclive";"Não";6;0;3;0;3;0;3;1;-19,47657604;-48,05332612;"SPRF-MG";"DEL13-MG";"UOP01-DEL13-MG"
561190;2023-11-14;"terça-feira";"03:10:00";"MG";262;500;"LUZ";"Velocidade Incompatível";"Colisão traseira";"Com Vítimas Feridas";"Plena Noite";"Crescente";"Céu Claro";"Simples";"Reta";"Não";2;0;1;0;1;0;1;2;-19,78350611;-45,43687901;"SPRF-MG";"DEL08-MG";"UOP03-DEL08-MG"
561193;2023-11-14;"terça-feira";"06:00:00";"SP";116;218;"GUARULHOS";"Condutor deixou de manter distância do veículo da frente";"Colisão traseira";"Com Vítimas Feridas";"Pleno dia";"Crescente";"Céu Claro";"Múltipla";"Reta";"Sim";2;0;1;0;1;0;1;2;-23,457972;-46,479927;"SPRF-SP";"DEL01-SP";"UOP01-DEL01-SP"
561196;2023-11-14;"terça-feira";"06:50:00";"GO";153;514,2;"APARECIDA DE GOIANIA";"Reação tardia ou ineficiente do condutor";"Atropelamento de Pedestre";"Com Vítimas Feridas";"Pleno dia";"Crescente";"Sol";"Simples";"Interseção de Vias";"Sim";2;0;2;0;0;0;2;2;-16,8315;-49,2434;"SPRF-GO";"DEL01-GO";"UOP03-DEL01-GO"
561197;2023-11-14;"terça-feira";"06:30:00";"PR";116;123,5;"CURITIBA";"Manobra de mudança de faixa";"Colisão lateral mesmo sentido";"Com Vítimas Feridas";"Pleno dia";"Decrescente";"Nublado";"Dupla";"Reta";"Não";2;0;1;0;1;0;1;2;-25,615837;-49,317598;"SPRF-PR";"DEL01-PR";"UOP03-DEL01-PR"
561199;2023-11-14;"terça-feira";"07:20:00";"PE";101;66,9;"RECIFE";"Reação tardia ou ineficiente do condutor";"Engavetamento";"Com Vítimas Feridas";"Pleno dia";"Crescente";"Sol";"Múltipla";"Reta";"Sim";5;0;1;0;4;0;1;5;-8,042288;-34,943307;"SPRF-PE";"DEL01-PE";"UOP01-DEL01-PE"
561201;2023-11-14;"terça-feira";"07:10:00";"PE";232;5,9;"RECIFE";"Ausência de reação do condutor";"Colisão traseira";"Com Vítimas Feridas";"Pleno dia";"Decrescente";"Céu Claro";"Múltipla";"Reta;Em Obras";"Não";4;0;1;1;2;0;2;2;-8,06795766;-34,94535414;"SPRF-PE";"DEL01-PE";"UOP01-DEL01-PE"
561202;2023-10-24;"terça-feira";"13:45:00";"PB";230;54;"CRUZ DO ESPIRITO SANTO";"Condutor Dormindo";"Saída de leito carroçável";"Com Vítimas Feridas";"Pleno dia";"Decrescente";"Sol";"Dupla";"Reta";"Não";2;0;2;0;0;0;2;1;-7,2007;-35,0854;"SPRF-PB";"DEL01-PB";"UOP03-DEL01-PB"
561205;2023-11-14;"terça-feira";"05:40:00";"RJ";116;171;"RIO DE JANEIRO";"Ausência de reação do condutor";"Tombamento";"Com Vítimas Feridas";"Amanhecer";"Decrescente";"Céu Claro";"Dupla";"Reta";"Sim";3;0;2;0;1;0;2;2;-22,8060415;-43,34289573;"SPRF-RJ";"DEL01-RJ";"UOP02-DEL01-RJ"
561207;2023-11-14;"terça-feira";"07:30:00";"TO";226;43;"DARCINOPOLIS";"Ausência de reação do condutor";"Saída de leito carroçável";"Com Vítimas Feridas";"Pleno dia";"Crescente";"Céu Claro";"Simples";"Reta;Aclive";"Não";2;0;1;0;1;0;1;1;-6,734136;-47,775173;"SPRF-TO";"DEL02-TO";"UOP03-DEL02-TO"
561208;2023-11-14;"terça-feira";"07:30:00";"SP";116;145;"SAO JOSE DOS CAMPOS";"Trafegar com motocicleta (ou similar) entre as faixas";"Colisão lateral mesmo sentido";"Com Vítimas Feridas";"Pleno dia";"Crescente";"Céu Claro";"Dupla";"Reta;Declive";"Sim";2;0;1;0;0;1;1;2;-23,1869844;-45,8548078;"SPRF-SP";"DEL02-SP";"UOP01-DEL02-SP"
561209;2023-11-14;"terça-feira";"03:30:00";"RS";287;520;"SAO BORJA";"Demais falhas mecânicas ou elétricas";"Incêndio";"Sem Vítimas";"Plena Noite";"Crescente";"Chuva";"Simples";"Reta";"Não";2;0;0;0;2;0;0;1;-28,72442588;-55,85837293;"SPRF-RS";"DEL12-RS";"UOP01-DEL12-RS"
561211;2023-11-10;"sexta-feira";"17:50:00";"SC";480;130;"CHAPECO";"Entrada inopinada do pedestre";"Atropelamento de Pedestre";"Com Vítimas Feridas";"Pleno dia";"Crescente";"Céu Claro";"Dupla";"Curva";"Sim";3;0;2;0;1;0;2;3;-27,05534298;-52,63652069;"SPRF-SC";"DEL07-SC";"UOP01-DEL07-SC"
561212;2023-11-14;"terça-feira";"08:00:00";"MG";381;481,9;"CONTAGEM";"Ausência de reação do condutor";"Tombamento";"Com Vítimas Feridas";"Pleno dia";"Crescente";"Céu Claro";"Múltipla";"Reta;Aclive";"Sim";1;0;1;0;0;0;1;1;-19,95931561;-44,08825597;"SPRF-MG";"DEL01-MG";"UOP03-DEL01-MG"
561214;2023-11-14;"terça-feira";"07:00:00";"MA";135;4;"SAO LUIS";"Reação tardia ou ineficiente do condutor";"Saída de leito carroçável";"Com Vítimas Feridas";"Pleno dia";"Decrescente";"Céu Claro";"Dupla";"Reta";"Sim";1;0;1;0;0;0;1;1;-2,642557;-44,309293;"SPRF-MA";"DEL01-MA";"UOP01-DEL01-MA"
561215;2023-11-14;"terça-feira";"08:10:00";"RS";470;215,3;"BENTO GONCALVES";"Mal súbito do condutor";"Colisão lateral sentido oposto";"Com Vítimas Feridas";"Pleno dia";"Crescente";"Chuva";"Simples";"Declive;Curva;Retorno Regulamentado";"Sim";3;0;2;0;1;0;2;3;-29,16124959;-51,52655482;"SPRF-RS";"DEL06-RS";"UOP01-DEL06-RS"
561217;2023-11-14;"terça-feira";"07:50:00";"RJ";101;316;"SAO GONCALO";"Acessar a via sem observar a presença dos outros veículos";"Colisão traseira";"Com Vítimas Feridas";"Pleno dia";"Crescente";"Sol";"Dupla";"Reta;Declive";"Sim";5;0;0;1;4;0;1;3;-22,83320827;-43,09432268;"SPRF-RJ";"DEL02-RJ";"UOP02-DEL02-RJ"
561220;2023-11-14;"terça-feira";"08:15:00";"RO";364;198,9;"PIMENTA BUENO";"Reação tardia ou ineficiente do condutor";"Colisão traseira";"Com Vítimas Feridas";"Pleno dia";"Decrescente";"Céu Claro";"Simples";"Curva;Declive";"Sim";2;0;1;0;1;0;1;2;-11,6704948812;-61,1914617303;"SPRF-RO";"DEL02-RO";"UOP02-DEL02-RO"
561221;2023-11-14;"terça-feira";"08:00:00";"MG";381;582,5;"CARMOPOLIS DE MINAS";"Velocidade Incompatível";"Saída de leito carroçável";"Com Vítimas Feridas";"Pleno dia";"Crescente";"Céu Claro";"Dupla";"Curva";"Não";3;0;2;0;0;1;2;2;-20,51930642;-44,62405985;"SPRF-MG";"DEL04-MG";"UOP01-DEL04-MG"
561223;2023-10-09;"segunda-feira";"16:50:00";"MG";267;168;"LIMA DUARTE";"Animais na Pista";"Atropelamento de Animal";"Com Vítimas Feridas";"Pleno dia";"Crescente";"Nublado";"Simples";"Curva";"Não";2;0;0;1;1;0;1;1;-21,86318949;-43,85116113;"SPRF-MG";"DEL05-MG";"UOP01-DEL05-MG"
561226;2023-11-14;"terça-feira";"08:12:00";"PE";428;97,2;"SANTA MARIA DA BOA VISTA";"Pedestre andava na pista";"Atropelamento de Pedestre";"Com Vítimas Feridas";"Pleno dia";"Decrescente";"Céu Claro";"Simples";"Reta;Declive";"Não";3;0;2;0;1;0;2;2;-8,82401066;-39,9348392;"SPRF-PE";"DEL06-PE";"UOP03-DEL06-PE"
561227;2023-11-14;"terça-feira";"10:00:00";"SP";116;222,1;"GUARULHOS";"Manobra de mudança de faixa";"Colisão lateral mesmo sentido";"Com Vítimas Feridas";"Pleno dia";"Decrescente";"Céu Claro";"Múltipla";"Reta";"Sim";2;0;1;0;1;0;1;2;-23,47093408;-46,51631097;"SPRF-SP";"DEL01-SP";"UOP01-DEL01-SP"
561228;2023-11-14;"terça-feira";"09:29:00";"SC";280;125,3;"RIO NEGRINHO";"Pista Escorregadia";"Tombamento";"Com Vítimas Feridas";"Pleno dia";"Decrescente";"Chuva";"Simples";"Reta;Aclive";"Sim";1;0;1;0;0;0;1;1;-26,23763684;-49,48434497;"SPRF-SC";"DEL06-SC";"UOP03-DEL06-SC"
561232;2023-11-14;"terça-feira";"10:51:00";"MG";381;894;"CAMBUI";"Velocidade Incompatível";"Saída de leito carroçável";"Com Vítimas Feridas";"Pleno dia";"Crescente";"Céu Claro";"Dupla";"Reta";"Não";1;0;1;0;0;0;1;1;-22,61659879;-46,0689412;"SPRF-MG";"DEL16-MG";"UOP03-DEL16-MG"
561233;2023-11-14;"terça-feira";"11:00:00";"SP";116;152;"SAO JOSE DOS CAMPOS";"Reação tardia ou ineficiente do condutor";"Tombamento";"Com Vítimas Feridas";"Pleno dia";"Decrescente";"Sol";"Dupla";"Reta";"Sim";1;0;1;0;0;0;1;1;-23,22620401;-45,90682999;"SPRF-SP";"DEL02-SP";"UOP01-DEL02-SP"
561234;2023-01-22;"domingo";"04:50:00";"MA";135;22,5;"SAO LUIS";"Reação tardia ou ineficiente do condutor";"Engavetamento";"Sem Vítimas";"Amanhecer";"Decrescente";"Ignorado";"Dupla";"Reta;Declive";"Sim";4;0;0;0;3;1;0;4;-2,558226;-44,31316;"SPRF-MA";"DEL01-MA";"UOP01-DEL01-MA"
561235;2023-11-14;"terça-feira";"09:30:00";"MT";163;844;"SINOP";"Acessar a via sem observar a presença dos outros veículos";"Colisão transversal";"Com Vítimas Feridas";"Pleno dia";"Decrescente";"Céu Claro";"Simples";"Interseção de Vias";"Sim";2;0;1;0;1;0;1;2;-11,778315;-55,473572;"SPRF-MT";"DEL06-MT";"UOP02-DEL06-MT"
561236;2023-11-14;"terça-feira";"11:00:00";"RJ";40;121;"DUQUE DE CAXIAS";"Condutor deixou de manter distância do veículo da frente";"Engavetamento";"Com Vítimas Feridas";"Pleno dia";"Decrescente";"Céu Claro";"Simples";"Reta;Retorno Regulamentado;Viaduto";"Sim";3;0;1;0;2;0;1;3;-22,78185499;-43,28571273;"SPRF-RJ";"DEL01-RJ";"UOP01-DEL01-RJ"
561237;2023-11-14;"terça-feira";"09:45:00";"PR";369;493;"CASCAVEL";"Condutor deixou de manter distância do veículo da frente";"Colisão traseira";"Com Vítimas Feridas";"Pleno dia";"Crescente";"Chuva";"Simples";"Curva";"Não";4;0;2;0;2;0;2;3;-24,855248;-53,333015;"SPRF-PR";"DEL04-PR";"UOP03-DEL04-PR"
561239;2023-11-14;"terça-feira";"08:25:00";"PR";277;83,1;"CURITIBA";"Reação tardia ou ineficiente do condutor";"Tombamento";"Com Vítimas Feridas";"Pleno dia";"Crescente";"Nublado";"Dupla";"Reta";"Sim";1;0;1;0;0;0;1;1;-25,568939;-49,181978;"SPRF-PR";"DEL01-PR";"UOP07-DEL01-PR"
561240;2023-11-14;"terça-feira";"08:40:00";"PR";163;217,6;"CASCAVEL";"Avarias e/ou desgaste excessivo no pneu";"Saída de leito carroçável";"Sem Vítimas";"Pleno dia";"Crescente";"Chuva";"Dupla";"Curva";"Não";3;0;0;0;3;0;0;1;-24,867047;-53,570722;"SPRF-PR";"DEL04-PR";"UOP01-DEL04-PR"
561241;2023-11-14;"terça-feira";"09:50:00";"MG";381;261,5;"CORONEL FABRICIANO";"Reação tardia ou ineficiente do condutor";"Colisão lateral sentido oposto";"Com Vítimas Feridas";"Pleno dia";"Decrescente";"Céu Claro";"Simples";"Em Obras;Curva";"Não";3;0;1;0;2;0;1;3;-19,52978175;-42,58030415;"SPRF-MG";"DEL03-MG";"UOP02-DEL03-MG"
561242;2023-08-28;"segunda-feira";"23:35:00";"BA";30;191;"MARAU";"Ingestão de álcool pelo condutor";"Colisão frontal";"Com Vítimas Feridas";"Plena Noite";"Crescente";"Ignorado";"Simples";"Curva";"Não";5;0;2;0;3;0;2;2;-14,2187934;-39,07047272;"SPRF-BA";"DEL08-BA";"UOP01-DEL08-BA"
561243;2023-11-14;"terça-feira";"11:20:00";"RN";427;55;"JARDIM DO SERIDO";"Acessar a via sem observar a presença dos outros veículos";"Colisão transversal";"Com Vítimas Feridas";"Pleno dia";"Decrescente";"Sol";"Simples";"Reta";"Sim";3;0;3;0;0;0;3;2;-6,58985834;-36,76892281;"SPRF-RN";"DEL03-RN";"UOP01-DEL03-RN"
561244;2023-11-14;"terça-feira";"11:30:00";"RN";101;71;"EXTREMOZ";"Desrespeitar a preferência no cruzamento";"Colisão transversal";"Com Vítimas Feridas";"Pleno dia";"Crescente";"Céu Claro";"Simples";"Interseção de Vias";"Não";3;0;1;1;1;0;2;2;-5,68968701;-35,26298333;"SPRF-RN";"DEL02-RN";"UOP01-DEL02-RN"
561245;2023-11-14;"terça-feira";"11:40:00";"RS";386;422,3;"MONTENEGRO";"Reação tardia ou ineficiente do condutor";"Colisão lateral mesmo sentido";"Com Vítimas Feridas";"Pleno dia";"Crescente";"Nublado";"Dupla";"Reta";"Não";3;0;1;0;2;0;1;2;-29,815111;-51,402634;"SPRF-RS";"DEL04-RS";"UOP02-DEL04-RS"
561246;2023-11-14;"terça-feira";"10:13:00";"TO";153;557;"OLIVEIRA DE FATIMA";"Manobra de mudança de faixa";"Colisão traseira";"Com Vítimas Feridas";"Pleno dia";"Decrescente";"Céu Claro";"Simples";"Reta";"Não";2;0;0;1;1;0;1;2;-10,71354899;-48,90512189;"SPRF-TO";"DEL01-TO";"UOP01-DEL01-TO"
561247;2023-11-14;"terça-feira";"11:29:00";"PB";230;510,9;"CAJAZEIRAS";"Pedestre andava na pista";"Atropelamento de Pedestre";"Com Vítimas Feridas";"Pleno dia";"Decrescente";"Céu Claro";"Simples";"Reta;Declive";"Não";3;0;0;1;1;1;1;2;-6,8866;-38,6122;"SPRF-PB";"DEL03-PB";"UOP03-DEL03-PB"
561252;2023-11-14;"terça-feira";"11:30:00";"PR";116;38;"CAMPINA GRANDE DO SUL";"Reação tardia ou ineficiente do condutor";"Saída de leito carroçável";"Com Vítimas Feridas";"Pleno dia";"Decrescente";"Nublado";"Dupla";"Curva";"Não";1;0;1;0;0;0;1;1;-25,14806224;-48,8589263;"SPRF-PR";"DEL01-PR";"UOP02-DEL01-PR"
561255;2023-11-14;"terça-feira";"12:20:00";"BA";410;1;"RIBEIRA DO POMBAL";"Acessar a via sem observar a presença dos outros veículos";"Colisão transversal";"Com Vítimas Feridas";"Pleno dia";"Crescente";"Céu Claro";"Simples";"Reta";"Sim";2;0;1;0;1;0;1;2;-10,82188298;-38,5409832;"SPRF-BA";"DEL07-BA";"UOP02-DEL07-BA"
561257;2023-11-14;"terça-feira";"08:40:00";"MG";153;112,5;"PRATA";"Ausência de reação do condutor";"Saída de leito carroçável";"Sem Vítimas";"Pleno dia";"Crescente";"Céu Claro";"Simples";"Curva;Rotatória";"Não";1;0;0;0;0;1;0;1;-19,33228987;-48,90407174;"SPRF-MG";"DEL15-MG";"UOP03-DEL15-MG"
561259;2023-11-14;"terça-feira";"11:30:00";"RJ";493;20;"MAGE";"Pista Escorregadia";"Tombamento";"Com Vítimas Feridas";"Pleno dia";"Crescente";"Céu Claro";"Simples";"Curva";"Sim";1;0;1;0;0;0;1;1;-22,66364057;-43,03415537;"SPRF-RJ";"DEL04-RJ";"UOP02-DEL04-RJ"
561260;2023-11-14;"terça-feira";"11:20:00";"RS";101;75;"OSORIO";"Mal súbito do condutor";"Queda de ocupante de veículo";"Com Vítimas Feridas";"Pleno dia";"Crescente";"Nublado";"Dupla";"Curva";"Não";1;0;1;0;0;0;1;1;-29,78748091;-50,23072015;"SPRF-RS";"DEL03-RS";"UOP01-DEL03-RS"
561261;2023-11-14;"terça-feira";"14:00:00";"SP";116;282;"EMBU DAS ARTES";"Manobra de mudança de faixa";"Colisão lateral mesmo sentido";"Com Vítimas Feridas";"Pleno dia";"Crescente";"Céu Claro";"Dupla";"Reta";"Sim";2;0;0;1;1;0;1;2;-23,68570216;-46,85970975;"SPRF-SP";"DEL04-SP";"UOP01-DEL04-SP"
561262;2023-11-14;"terça-feira";"13:30:00";"PR";277;584,8;"CASCAVEL";"Condutor deixou de manter distância do veículo da frente";"Colisão traseira";"Sem Vítimas";"Pleno dia";"Decrescente";"Chuva";"Múltipla";"Curva;Rotatória";"Sim";2;0;0;0;2;0;0;2;-24,96429899;-53,40923136;"SPRF-PR";"DEL04-PR";"UOP01-DEL04-PR"
561265;2023-09-27;"quarta-feira";"08:00:00";"SC";101;160;"PORTO BELO";"Ausência de reação do condutor";"Colisão lateral mesmo sentido";"Com Vítimas Feridas";"Pleno dia";"Decrescente";"Chuva";"Dupla";"Reta";"Não";2;0;1;0;1;0;1;2;-27,20831288;-48,61987922;"SPRF-SC";"DEL04-SC";"UOP03-DEL04-SC"
561268;2023-10-02;"segunda-feira";"07:30:00";"RJ";101;392;"ITAGUAI";"Avarias e/ou desgaste excessivo no pneu";"Queda de ocupante de veículo";"Com Vítimas Feridas";"Pleno dia";"Decrescente";"Chuva";"Dupla";"Reta";"Não";2;0;2;0;0;0;2;1;-22,89265625;-43,6945091;"SPRF-RJ";"DEL03-RJ";"UOP01-DEL03-RJ"
561270;2023-11-14;"terça-feira";"14:15:00";"SP";116;210,6;"GUARULHOS";"Demais falhas mecânicas ou elétricas";"Incêndio";"Sem Vítimas";"Pleno dia";"Crescente";"Sol";"Múltipla";"Reta";"Sim";1;0;0;0;1;0;0;1;-23,42870023;-46,41085991;"SPRF-SP";"DEL01-SP";"UOP01-DEL01-SP"
561271;2023-11-14;"terça-feira";"11:25:00";"MS";262;367;"CAMPO GRANDE";"Acessar a via sem observar a presença dos outros veículos";"Colisão transversal";"Com Vítimas Feridas";"Pleno dia";"Decrescente";"Céu Claro";"Simples";"Reta";"Sim";2;0;0;1;1;0;1;2;-20,47734957;-54,75069718;"SPRF-MS";"DEL01-MS";"UOP03-DEL01-MS"