"id";"data_inversa";"dia_semana";"horario";"uf";"br";"km";"municipio";"causa_acidente";"tipo_acidente";"classificacao_acidente";"fase_dia";"sentido_via";"condicao_metereologica";"tipo_pista";"tracado_via";"uso_solo";"pessoas";"mortos";"feridos_leves";"feridos_graves";"ilesos";"ignorados";"feridos";"veiculos";"latitude";"longitude";"regional";"delegacia";"uop"
561388;2023-11-14;"terça-feira";"20:00:00";"MA";316;567;"CAXIAS";"Demais falhas mecânicas ou elétricas";"Incêndio";"Sem Vítimas";"Plena Noite";"Crescente";"Céu Claro";"Simples";"Reta";"Não";1;0;0;0;1;0;0;1;-4,911043;-43,225277;"SPRF-MA";"DEL03-MA";"UOP02-DEL03-MA"
561389;2023-11-14;"terça-feira";"23:15:00";"MG";381;511;"IGARAPE";"Transitar na contramão";"Colisão frontal";"Sem Vítimas";"Plena Noite";"Decrescente";"Céu Claro";"Simples";"Reta";"Sim";2;0;0;0;1;1;0;2;-20,08463223;-44,3099407;"SPRF-MG";"DEL01-MG";"UOP03-DEL01-MG"
561391;2023-11-14;"terça-feira";"20:15:00";"BA";116;422;"FEIRA DE SANTANA";"Pista Escorregadia";"Queda de ocupante de veículo";"Com Vítimas Feridas";"Plena Noite";"Decrescente";"Céu Claro";"Dupla";"Interseção de Vias;Rotatória";"Sim";1;0;1;0;0;0;1;1;-12,22064702;-38,96561131;"SPRF-BA";"DEL02-BA";"UOP01-DEL02-BA"
561392;2023-11-14;"terça-feira";"23:50:00";"SP";116;223;"GUARULHOS";"Ausência de reação do condutor";"Queda de ocupante de veículo";"Com Vítimas Feridas";"Plena Noite";"Decrescente";"Céu Claro";"Múltipla";"Reta";"Não";1;0;1;0;0;0;1;1;-23,47559815;-46,5246609;"SPRF-SP";"DEL01-SP";"UOP01-DEL01-SP"
561394;2023-11-14;"terça-feira";"23:15:00";"RJ";101;304;"SAO GONCALO";"Demais falhas mecânicas ou elétricas";"Queda de ocupante de veículo";"Com Vítimas Feridas";"Plena Noite";"Decrescente";"Chuva";"Simples";"Reta";"Sim";1;0;1;0;0;0;1;1;-22,78491869;-42,98627706;"SPRF-RJ";"DEL02-RJ";"UOP02-DEL02-RJ"
561397;2023-11-14;"terça-feira";"22:40:00";"SC";470;60,6;"BLUMENAU";"Ultrapassagem Indevida";"Colisão lateral sentido oposto";"Com Vítimas Feridas";"Plena Noite";"Crescente";"Chuva";"Simples";"Curva";"Sim";3;0;1;1;1;0;2;3;-26,88138;-49,164543;"SPRF-SC";"DEL04-SC";"UOP01-DEL04-SC"
561400;2023-11-15;"quarta-feira";"00:30:00";"PR";277;82;"CURITIBA";"Pedestre andava na pista";"Atropelamento de Pedestre";"Com Vítimas Feridas";"Pleno dia";"Crescente";"Nublado";"Dupla";"Reta";"Sim";2;0;1;0;0;1;1;2;-25,568939;-49,181978;"SPRF-PR";"DEL01-PR";"UOP07-DEL01-PR"
561403;2023-11-14;"terça-feira";"19:40:00";"GO";153;198;"URUACU";"Acessar a via sem observar a presença dos outros veículos";"Colisão transversal";"Com Vítimas Feridas";"Plena Noite";"Decrescente";"Céu Claro";"Simples";"Reta";"Sim";2;0;1;0;0;1;1;2;-14,49657;-49,151176;"SPRF-GO";"DEL07-GO";"UOP02-DEL07-GO"
561405;2023-11-15;"quarta-feira";"03:20:00";"SC";101;419;"ARARANGUA";"Acesso irregular";"Saída de leito carroçável";"Sem Vítimas";"Plena Noite";"Decrescente";"Nublado";"Simples";"Reta";"Sim";2;0;0;0;2;0;0;1;-28,99148816;-49,54805017;"SPRF-SC";"DEL02-SC";"UOP02-DEL02-SC"
561406;2023-11-15;"quarta-feira";"04:25:00";"PR";277;319;"GUARAPUAVA";"Pedestre andava na pista";"Atropelamento de Pedestre";"Com Vítimas Feridas";"Plena Noite";"Decrescente";"Chuva";"Simples";"Reta;Aclive";"Não";2;0;1;0;1;0;1;2;-25,33982216;-51,21601848;"SPRF-PR";"DEL08-PR";"UOP01-DEL08-PR"
561407;2023-11-15;"quarta-feira";"00:15:00";"PI";316;4;"TERESINA";"Entrada inopinada do pedestre";"Atropelamento de Pedestre";"Com Vítimas Fatais";"Plena Noite";"Crescente";"Nublado";"Múltipla";"Reta";"Sim";2;1;0;0;1;0;0;2;-5,13655894;-42,78900388;"SPRF-PI";"DEL01-PI";"UOP02-DEL01-PI"
561413;2023-11-15;"quarta-feira";"05:30:00";"RS";386;328,9;"MARQUES DE SOUZA";"Ingestão de álcool pelo condutor";"Tombamento";"Com Vítimas Feridas";"Amanhecer";"Decrescente";"Nevoeiro/Neblina";"Dupla";"Curva;Aclive";"Não";1;0;1;0;0;0;1;1;-29,34055529;-52,07792044;"SPRF-RS";"DEL04-RS";"UOP01-DEL04-RS"
561417;2023-11-15;"quarta-feira";"04:15:00";"SC";163;66,9;"SAO MIGUEL DO OESTE";"Ausência de reação do condutor";"Colisão com objeto";"Com Vítimas Feridas";"Plena Noite";"Crescente";"Chuva";"Dupla";"Reta";"Sim";1;0;1;0;0;0;1;1;-26,76829633;-53,50019222;"SPRF-SC";"DEL07-SC";"UOP03-DEL07-SC"
561418;2023-11-15;"quarta-feira";"01:45:00";"SC";163;0,8;"DIONISIO CERQUEIRA";"Acessar a via sem observar a presença dos outros veículos";"Colisão transversal";"Sem Vítimas";"Plena Noite";"Decrescente";"Céu Claro";"Simples";"Reta";"Sim";2;0;0;0;1;1;0;2;-26,2613;-53,6206;"SPRF-SC";"DEL07-SC";"UOP03-DEL07-SC"
561420;2023-11-15;"quarta-feira";"06:15:00";"RS";285;421,3;"PANAMBI";"Reação tardia ou ineficiente do condutor";"Colisão lateral mesmo sentido";"Com Vítimas Feridas";"Amanhecer";"Decrescente";"Garoa/Chuvisco";"Simples";"Reta;Declive";"Não";3;0;0;1;1;1;1;3;-28,338804;-53,561169;"SPRF-RS";"DEL10-RS";"UOP01-DEL10-RS"
561421;2023-11-15;"quarta-feira";"05:40:00";"RJ";116;315,1;"RESENDE";"Avarias e/ou desgaste excessivo no pneu";"Colisão com objeto";"Com Vítimas Feridas";"Pleno dia";"Crescente";"Garoa/Chuvisco";"Dupla";"Reta";"Não";1;0;1;0;0;0;1;1;-22,46614998;-44,49345623;"SPRF-RJ";"DEL07-RJ";"UOP02-DEL07-RJ"
561424;2023-11-15;"quarta-feira";"06:25:00";"PE";101;70;"RECIFE";"Ausência de reação do condutor";"Colisão traseira";"Com Vítimas Feridas";"Pleno dia";"Crescente";"Céu Claro";"Múltipla";"Reta;Interseção de Vias";"Sim";2;0;1;0;1;0;1;2;-8,06776119;-34,94265074;"SPRF-PE";"DEL01-PE";"UOP01-DEL01-PE"
561425;2023-11-14;"terça-feira";"23:15:00";"PB";361;111;"ITAPORANGA";"Animais na Pista";"Atropelamento de Animal";"Sem Vítimas";"Plena Noite";"Crescente";"Céu Claro";"Simples";"Reta";"Não";1;0;0;0;0;1;0;1;-7,30040074;-38,12822707;"SPRF-PB";"DEL03-PB";"UOP01-DEL03-PB"
561426;2023-11-15;"quarta-feira";"04:30:00";"MT";70;659,4;"CACERES";"Animais na Pista";"Atropelamento de Animal";"Com Vítimas Feridas";"Plena Noite";"Crescente";"Céu Claro";"Simples";"Reta";"Não";2;0;2;0;0;0;2;1;-15,98502215;-57,18910687;"SPRF-MT";"DEL03-MT";"UOP02-DEL03-MT"
561428;2023-11-15;"quarta-feira";"07:30:00";"SC";101;208,3;"SAO JOSE";"Condutor desrespeitou a iluminação vermelha do semáforo";"Colisão transversal";"Com Vítimas Feridas";"Pleno dia";"Decrescente";"Nublado";"Dupla";"Viaduto;Interseção de Vias";"Sim";2;0;0;1;1;0;1;2;-27,60624127;-48,63471508;"SPRF-SC";"DEL01-SC";"UOP01-DEL01-SC"
561429;2023-10-13;"sexta-feira";"01:10:00";"PB";230;160,2;"CAMPINA GRANDE";"Ingestão de álcool pelo condutor";"Colisão traseira";"Com Vítimas Feridas";"Plena Noite";"Crescente";"Nublado";"Simples";"Reta;Declive";"Sim";3;0;2;0;0;1;2;2;-7,2436;-35,9375;"SPRF-PB";"DEL02-PB";"UOP01-DEL02-PB"
561432;2023-10-18;"quarta-feira";"23:50:00";"RS";392;18,4;"RIO GRANDE";"Condutor deixou de manter distância do veículo da frente";"Colisão traseira";"Com Vítimas Feridas";"Plena Noite";"Decrescente";"Céu Claro";"Dupla";"Retorno Regulamentado;Reta";"Sim";1;0;0;1;0;0;1;1;-32,08868308;-52,18460798;"SPRF-RS";"DEL07-RS";"UOP02-DEL07-RS"
561434;2023-10-14;"sábado";"11:10:00";"BA";101;200,3;"CACHOEIRA";"Ausência de reação do condutor";"Colisão lateral sentido oposto";"Com Vítimas Feridas";"Pleno dia";"Crescente";"Céu Claro";"Simples";"Reta";"Sim";1;0;1;0;0;0;1;1;-12,60449062;-38,96884918;"SPRF-BA";"DEL01-BA";"UOP03-DEL01-BA"
561435;2023-11-15;"quarta-feira";"06:58:00";"PR";376;592;"CURITIBA";"Pedestre cruzava a pista fora da faixa";"Atropelamento de Pedestre";"Com Vítimas Feridas";"Pleno dia";"Crescente";"Céu Claro";"Dupla";"Reta";"Sim";2;0;1;0;1;0;1;2;-25,46833525;-49,35524543;"SPRF-PR";"DEL01-PR";"UOP06-DEL01-PR"
561436;2023-11-15;"quarta-feira";"08:50:00";"RJ";40;113,7;"DUQUE DE CAXIAS";"Ausência de reação do condutor";"Colisão lateral mesmo sentido";"Com Vítimas Fatais";"Pleno dia";"Decrescente";"Sol";"Dupla";"Reta";"Não";5;1;0;0;4;0;0;2;-22,70948502;-43,29040354;"SPRF-RJ";"DEL01-RJ";"UOP01-DEL01-RJ"
561438;2023-11-15;"quarta-feira";"09:45:00";"MG";267;119;"JUIZ DE FORA";"Reação tardia ou ineficiente do condutor";"Colisão com objeto";"Com Vítimas Feridas";"Pleno dia";"Crescente";"Céu Claro";"Dupla";"Curva";"Não";2;0;2;0;0;0;2;1;-21,67939981;-43,44987329;"SPRF-MG";"DEL05-MG";"UOP01-DEL05-MG"
561440;2023-11-15;"quarta-feira";"09:30:00";"MG";50;173;"UBERABA";"Reação tardia ou ineficiente do condutor";"Capotamento";"Com Vítimas Feridas";"Pleno dia";"Decrescente";"Céu Claro";"Dupla";"Reta";"Não";2;0;2;0;0;0;2;1;-19,7624352;-47,97701547;"SPRF-MG";"DEL13-MG";"UOP01-DEL13-MG"
561442;2023-10-26;"quinta-feira";"16:25:00";"RJ";116;178;"MESQUITA";"Velocidade Incompatível";"Colisão traseira";"Com Vítimas Feridas";"Pleno dia";"Decrescente";"Nublado";"Dupla";"Reta";"Sim";3;0;0;2;1;0;2;2;-22,77496393;-43,40081465;"SPRF-RJ";"DEL01-RJ";"UOP02-DEL01-RJ"
561443;2023-11-15;"quarta-feira";"10:30:00";"MG";50;37,1;"ARAGUARI";"Ingestão de álcool e/ou substâncias psicoativas pelo pedestre";"Atropelamento de Pedestre";"Com Vítimas Feridas";"Pleno dia";"Crescente";"Céu Claro";"Dupla";"Reta";"Sim";2;0;0;1;1;0;1;2;-18,65832814;-48,15585894;"SPRF-MG";"DEL15-MG";"UOP02-DEL15-MG"
561447;2023-11-15;"quarta-feira";"10:30:00";"MG";40;551;"NOVA LIMA";"Ultrapassagem Indevida";"Colisão traseira";"Com Vítimas Feridas";"Pleno dia";"Crescente";"Céu Claro";"Dupla";"Reta";"Sim";3;0;2;0;1;0;2;3;-20,05411435;-43,97101875;"SPRF-MG";"DEL01-MG";"UOP02-DEL01-MG"
561450;2023-11-15;"quarta-feira";"10:20:00";"MA";222;673;"ACAILANDIA";"Acessar a via sem observar a presença dos outros veículos";"Colisão transversal";"Com Vítimas Feridas";"Pleno dia";"Decrescente";"Céu Claro";"Simples";"Reta";"Sim";2;0;1;0;1;0;1;2;-4,92960481;-47,44590111;"SPRF-MA";"DEL04-MA";"UOP03-DEL04-MA"
561451;2023-11-15;"quarta-feira";"10:00:00";"PB";230;16;"JOAO PESSOA";"Condutor deixou de manter distância do veículo da frente";"Engavetamento";"Sem Vítimas";"Pleno dia";"Decrescente";"Céu Claro";"Dupla";"Reta";"Sim";3;0;0;0;3;0;0;3;-7,1039;-34,8458;"SPRF-PB";"DEL01-PB";"UOP01-DEL01-PB"
561452;2023-11-15;"quarta-feira";"07:30:00";"SC";116;122,5;"SANTA CECILIA";"Acumulo de água sobre o pavimento";"Saída de leito carroçável";"Com Vítimas Feridas";"Pleno dia";"Decrescente";"Chuva";"Simples";"Reta";"Não";2;0;1;0;1;0;1;1;-26,83694681;-50,39216836;"SPRF-SC";"DEL06-SC";"UOP02-DEL06-SC"
561453;2023-11-15;"quarta-feira";"10:30:00";"BA";116;419;"FEIRA DE SANTANA";"Ausência de reação do condutor";"Tombamento";"Com Vítimas Feridas";"Pleno dia";"Crescente";"Céu Claro";"Dupla";"Reta";"Sim";1;0;0;1;0;0;1;1;-12,211222;-38,96541371;"SPRF-BA";"DEL02-BA";"UOP01-DEL02-BA"
561454;2023-11-15;"quarta-feira";"09:00:00";"RO";364;427;"JARU";"Acessar a via sem observar a presença dos outros veículos";"Colisão transversal";"Sem Vítimas";"Pleno dia";"Decrescente";"Céu Claro";"Simples";"Rotatória;Retorno Regulamentado";"Não";2;0;0;0;2;0;0;2;-10,42731312;-62,48745208;"SPRF-RO";"DEL03-RO";"UOP02-DEL03-RO"
561455;2023-11-15;"quarta-feira";"11:00:00";"MG";381;541,5;"ITATIAIUCU";"Acumulo de óleo sobre o pavimento";"Queda de ocupante de veículo";"Com Vítimas Feridas";"Pleno dia";"Crescente";"Céu Claro";"Dupla";"Curva;Aclive";"Não";1;0;0;1;0;0;1;1;-20,25686585;-44,4185141;"SPRF-MG";"DEL04-MG";"UOP03-DEL04-MG"
561456;2023-10-20;"sexta-feira";"00:16:00";"SC";101;151;"ITAPEMA";"Ingestão de álcool pelo condutor";"Colisão traseira";"Sem Vítimas";"Plena Noite";"Crescente";"Nublado";"Dupla";"Reta";"Sim";2;0;0;0;1;1;0;2;-27,126536;-48,609642;"SPRF-SC";"DEL04-SC";"UOP03-DEL04-SC"
561457;2023-11-15;"quarta-feira";"10:45:00";"RS";290;652;"URUGUAIANA";"Ausência de reação do condutor";"Saída de leito carroçável";"Com Vítimas Feridas";"Pleno dia";"Crescente";"Chuva";"Simples";"Reta";"Não";2;0;2;0;0;0;2;1;-30,013622;-56,439335;"SPRF-RS";"DEL13-RS";"UOP01-DEL13-RS"
561458;2023-11-15;"quarta-feira";"10:10:00";"PR";376;635;"SAO JOSE DOS PINHAIS";"Reação tardia ou ineficiente do condutor";"Queda de ocupante de veículo";"Com Vítimas Feridas";"Pleno dia";"Crescente";"Céu Claro";"Dupla";"Reta";"Não";1;0;1;0;0;0;1;1;-25,73890105;-49,13059434;"SPRF-PR";"DEL01-PR";"UOP04-DEL01-PR"
561459;2023-11-15;"quarta-feira";"10:35:00";"PR";376;624,4;"SAO JOSE DOS PINHAIS";"Reação tardia ou ineficiente do condutor";"Saída de leito carroçável";"Com Vítimas Feridas";"Pleno dia";"Decrescente";"Céu Claro";"Dupla";"Reta";"Não";1;0;1;0;0;0;1;1;-25,64336599;-49,15942795;"SPRF-PR";"DEL01-PR";"UOP04-DEL01-PR"
561461;2023-11-15;"quarta-feira";"11:58:00";"RS";158;326,7;"SANTA MARIA";"Transitar na contramão";"Colisão frontal";"Com Vítimas Feridas";"Pleno dia";"Decrescente";"Chuva";"Simples";"Viaduto;Declive;Curva;Em Obras";"Sim";3;0;2;1;0;0;3;2;-29,715221;-53,81156;"SPRF-RS";"DEL09-RS";"UOP01-DEL09-RS"
561465;2023-11-15;"quarta-feira";"10:05:00";"MG";381;528;"BRUMADINHO";"Ausência de reação do condutor";"Capotamento";"Com Vítimas Feridas";"Pleno dia";"Crescente";"Céu Claro";"Dupla";"Curva";"Não";2;0;2;0;0;0;2;1;-20,16368096;-44,36025002;"SPRF-MG";"DEL04-MG";"UOP03-DEL04-MG"
561468;2023-10-14;"sábado";"23:20:00";"BA";116;419;"FEIRA DE SANTANA";"Ausência de reação do condutor";"Tombamento";"Com Vítimas Feridas";"Plena Noite";"Decrescente";"Céu Claro";"Dupla";"Reta";"Sim";1;0;0;1;0;0;1;1;-12,20665016;-38,96550179;"SPRF-BA";"DEL02-BA";"UOP01-DEL02-BA"
561469;2023-11-15;"quarta-feira";"11:00:00";"PI";343;299,7;"ALTOS";"Reação tardia ou ineficiente do condutor";"Colisão traseira";"Com Vítimas Feridas";"Pleno dia";"Decrescente";"Céu Claro";"Simples";"Reta";"Não";3;0;1;1;1;0;2;2;-4,995781;-42,408192;"SPRF-PI";"DEL01-PI";"UOP03-DEL01-PI"
561471;2023-11-15;"quarta-feira";"12:30:00";"SP";116;111;"TAUBATE";"Condutor deixou de manter distância do veículo da frente";"Colisão lateral mesmo sentido";"Com Vítimas Feridas";"Pleno dia";"Crescente";"Céu Claro";"Dupla";"Reta";"Sim";3;0;2;0;1;0;2;2;-23,03887149;-45,56097419;"SPRF-SP";"DEL02-SP";"UOP02-DEL02-SP"
561472;2023-09-05;"terça-feira";"22:30:00";"MG";356;276,5;"EUGENOPOLIS";"Ausência de reação do condutor";"Tombamento";"Com Vítimas Feridas";"Plena Noite";"Decrescente";"Garoa/Chuvisco";"Simples";"Ponte;Curva";"Não";1;0;1;0;0;0;1;1;-21,1259893;-42,27931031;"SPRF-MG";"DEL07-MG";"UOP02-DEL07-MG"
561473;2023-11-15;"quarta-feira";"13:00:00";"MG";40;509;"RIBEIRAO DAS NEVES";"Ausência de reação do condutor";"Colisão traseira";"Com Vítimas Feridas";"Pleno dia";"Crescente";"Céu Claro";"Dupla";"Reta";"Sim";2;0;1;0;1;0;1;2;-19,76728744;-44,12855905;"SPRF-MG";"DEL01-MG";"UOP02-DEL01-MG"
561474;2023-11-15;"quarta-feira";"09:45:00";"PB";230;464,9;"SOUSA";"Acessar a via sem observar a presença dos outros veículos";"Colisão transversal";"Com Vítimas Feridas";"Pleno dia";"Crescente";"Sol";"Simples";"Reta";"Sim";3;0;2;0;1;0;2;2;-6,7786;-38,2341;"SPRF-PB";"DEL03-PB";"UOP03-DEL03-PB"
561475;2023-11-15;"quarta-feira";"09:30:00";"PE";101;193;"PALMARES";"Ausência de reação do condutor";"Saída de leito carroçável";"Com Vítimas Feridas";"Pleno dia";"Decrescente";"Céu Claro";"Dupla";"Reta";"Não";2;0;2;0;0;0;2;1;-8,72157295;-35,60951373;"SPRF-PE";"DEL01-PE";"UOP03-DEL01-PE"
561476;2023-11-15;"quarta-feira";"12:00:00";"PA";230;112;"MARABA";"Reação tardia ou ineficiente do condutor";"Atropelamento de Pedestre";"Com Vítimas Feridas";"Pleno dia";"Crescente";"Céu Claro";"Simples";"Reta";"Não";3;0;1;1;0;1;2;2;-5,36913479;-49,04877095;"SPRF-PA";"DEL03-PA";"UOP01-DEL03-PA"
561478;2023-11-15;"quarta-feira";"11:23:00";"SC";101;49,3;"JOINVILLE";"Reação tardia ou ineficiente do condutor";"Colisão traseira";"Com Vítimas Feridas";"Pleno dia";"Crescente";"Nublado";"Dupla";"Curva;Aclive";"Sim";3;0;2;0;1;0;2;2;-26,38266909;-48,85132492;"SPRF-SC";"DEL03-SC";"UOP01-DEL03-SC"
561483;2023-11-07;"terça-feira";"12:30:00";"BA";324;534;"FEIRA DE SANTANA";"Condutor deixou de manter distância do veículo da frente";"Colisão traseira";"Com Vítimas Feridas";"Pleno dia";"Decrescente";"Chuva";"Dupla";"Reta";"Não";3;0;1;0;2;0;1;2;-12,35866984;-38,82695187;"SPRF-BA";"DEL01-BA";"UOP03-DEL01-BA"
561484;2023-11-15;"quarta-feira";"14:00:00";"RS";290;3,9;"OSORIO";"Ingestão de álcool pelo condutor";"Saída de leito carroçável";"Sem Vítimas";"Pleno dia";"Decrescente";"Chuva";"Dupla";"Reta";"Não";1;0;0;0;0;1;0;1;-29,898273;-50,313078;"SPRF-RS";"DEL03-RS";"UOP01-DEL03-RS"
561486;2023-11-15;"quarta-feira";"13:20:00";"MT";70;517;"VARZEA GRANDE";"Ultrapassagem Indevida";"Colisão transversal";"Com Vítimas Feridas";"Pleno dia";"Crescente";"Sol";"Simples";"Reta";"Sim";2;0;0;1;1;0;1;2;-15,70121789;-56,16089702;"SPRF-MT";"DEL01-MT";"UOP02-DEL01-MT"
561487;2023-11-15;"quarta-feira";"15:15:00";"PI";343;340;"TERESINA";"Acessar a via sem observar a presença dos outros veículos";"Colisão traseira";"Com Vítimas Feridas";"Pleno dia";"Decrescente";"Céu Claro";"Dupla";"Reta";"Sim";3;0;1;1;1;0;2;2;-5,074137;-42,73629;"SPRF-PI";"DEL01-PI";"UOP01-DEL01-PI"
561488;2023-11-15;"quarta-feira";"14:00:00";"SC";101;212,6;"PALHOCA";"Ausência de reação do condutor";"Queda de ocupante de veículo";"Com Vítimas Feridas";"Pleno dia";"Decrescente";"Nublado";"Dupla";"Declive;Curva";"Sim";1;0;1;0;0;0;1;1;-27,62996929;-48,65903871;"SPRF-SC";"DEL01-SC";"UOP02-DEL01-SC"
561492;2023-11-15;"quarta-feira";"15:00:00";"BA";407;3;"JUAZEIRO";"Ausência de reação do condutor";"Colisão transversal";"Com Vítimas Feridas";"Pleno dia";"Decrescente";"Céu Claro";"Simples";"Reta;Interseção de Vias";"Não";3;0;1;1;1;0;2;2;-9,43134011;-40,49823324;"SPRF-PE";"DEL06-PE";"UOP01-DEL06-PE"
561493;2023-11-15;"quarta-feira";"16:00:00";"RJ";116;267;"BARRA MANSA";"Condutor deixou de manter distância do veículo da frente";"Colisão traseira";"Com Vítimas Feridas";"Pleno dia";"Decrescente";"Chuva";"Dupla";"Curva";"Não";3;0;1;0;2;0;1;2;-22,58964229;-44,10482516;"SPRF-RJ";"DEL07-RJ";"UOP02-DEL07-RJ"
561494;2023-11-15;"quarta-feira";"15:40:00";"MG";365;748;"ITUIUTABA";"Avarias e/ou desgaste excessivo no pneu";"Tombamento";"Com Vítimas Feridas";"Pleno dia";"Crescente";"Nublado";"Simples";"Declive";"Não";1;0;1;0;0;0;1;1;-18,93793339;-49,43876589;"SPRF-MG";"DEL15-MG";"UOP03-DEL15-MG"
561495;2023-11-15;"quarta-feira";"15:00:00";"MG";381;483,1;"BETIM";"Reação tardia ou ineficiente do condutor";"Colisão traseira";"Com Vítimas Feridas";"Pleno dia";"Decrescente";"Céu Claro";"Dupla";"Curva";"Sim";3;0;2;0;1;0;2;2;-19,95594491;-44,10721699;"SPRF-MG";"DEL01-MG";"UOP03-DEL01-MG"
561497;2023-11-15;"quarta-feira";"15:30:00";"MG";381;483;"BETIM";"Reação tardia ou ineficiente do condutor";"Colisão traseira";"Com Vítimas Feridas";"Pleno dia";"Decrescente";"Céu Claro";"Dupla";"Aclive;Reta";"Sim";2;0;1;0;1;0;1;2;-19,95760574;-44,07845736;"SPRF-MG";"DEL01-MG";"UOP03-DEL01-MG"
561499;2023-11-15;"quarta-feira";"16:05:00";"RS";293;1,5;"PELOTAS";"Condutor deixou de manter distância do veículo da frente";"Colisão traseira";"Sem Vítimas";"Pleno dia";"Decrescente";"Sol";"Simples";"Reta";"Sim";2;0;0;0;2;0;0;2;-31,760326;-52,356205;"SPRF-RS";"DEL07-RS";"UOP01-DEL07-RS"
561502;2023-11-15;"quarta-feira";"15:40:00";"MG";262;12,4;"MARTINS SOARES";"Reação tardia ou ineficiente do condutor";"Colisão traseira";"Com Vítimas Feridas";"Pleno dia";"Crescente";"Céu Claro";"Simples";"Reta";"Não";4;0;1;0;3;0;1;2;-20,25303293;-41,85361008;"SPRF-MG";"DEL06-MG";"UOP03-DEL06-MG"
561504;2023-11-15;"quarta-feira";"16:00:00";"RJ";116;139;"MAGE";"Reação tardia ou ineficiente do condutor";"Colisão com objeto";"Com Vítimas Feridas";"Pleno dia";"Crescente";"Nublado";"Simples";"Curva";"Não";1;0;1;0;0;0;1;1;-22,64655224;-43,20138601;"SPRF-RJ";"DEL01-RJ";"UOP01-DEL01-RJ"
561505;2023-11-15;"quarta-feira";"16:45:00";"PR";277;71;"SAO JOSE DOS PINHAIS";"Reação tardia ou ineficiente do condutor";"Saída de leito carroçável";"Com Vítimas Feridas";"Pleno dia";"Decrescente";"Céu Claro";"Dupla";"Reta";"Sim";1;0;1;0;0;0;1;1;-25,52920381;-49,08862791;"SPRF-PR";"DEL01-PR";"UOP07-DEL01-PR"
561506;2023-11-15;"quarta-feira";"16:15:00";"RS";470;173,1;"VERANOPOLIS";"Reação tardia ou ineficiente do condutor";"Saída de leito carroçável";"Com Vítimas Feridas";"Pleno dia";"Crescente";"Garoa/Chuvisco";"Simples";"Curva;Declive";"Não";4;0;4;0;0;0;4;1;-28,90167782;-51,55243982;"SPRF-RS";"DEL06-RS";"UOP02-DEL06-RS"
561507;2023-10-10;"terça-feira";"14:50:00";"RS";116;266;"CANOAS";"Condutor deixou de manter distância do veículo da frente";"Colisão traseira";"Com Vítimas Feridas";"Pleno dia";"Decrescente";"Céu Claro";"Múltipla";"Reta";"Sim";4;0;1;0;3;0;1;3;-29,93242399;-51,17742077;"SPRF-RS";"DEL01-RS";"UOP01-DEL01-RS"
561509;2023-11-15;"quarta-feira";"17:45:00";"SC";280;52;"GUARAMIRIM";"Demais falhas mecânicas ou elétricas";"Queda de ocupante de veículo";"Com Vítimas Feridas";"Anoitecer";"Decrescente";"Nublado";"Dupla";"Reta";"Sim";1;0;1;0;0;0;1;1;-26,468904;-48,96492;"SPRF-SC";"DEL03-SC";"UOP03-DEL03-SC"
561510;2023-11-15;"quarta-feira";"16:50:00";"RO";174;13;"VILHENA";"Manobra de mudança de faixa";"Colisão lateral mesmo sentido";"Sem Vítimas";"Pleno dia";"Decrescente";"Céu Claro";"Dupla";"Reta";"Sim";3;0;0;0;3;0;0;2;-12,74140004;-60,13026401;"SPRF-RO";"DEL04-RO";"UOP01-DEL04-RO"
561511;2023-11-15;"quarta-feira";"17:00:00";"RJ";493;53;"DUQUE DE CAXIAS";"Demais falhas mecânicas ou elétricas";"Colisão com objeto";"Com Vítimas Feridas";"Pleno dia";"Crescente";"Nublado";"Dupla";"Reta";"Não";1;0;1;0;0;0;1;1;-22,672089;-43,285053;"SPRF-RJ";"DEL01-RJ";"UOP01-DEL01-RJ"
561512;2023-11-15;"quarta-feira";"17:10:00";"MS";163;484;"CAMPO GRANDE";"Ingestão de álcool pelo condutor";"Colisão traseira";"Sem Vítimas";"Pleno dia";"Crescente";"Céu Claro";"Simples";"Reta";"Sim";2;0;0;0;2;0;0;2;-20,45104898;-54,5403266;"SPRF-MS";"DEL01-MS";"UOP02-DEL01-MS"
561514;2023-11-15;"quarta-feira";"15:30:00";"MT";163;979;"TERRA NOVA DO NORTE";"Ultrapassagem Indevida";"Saída de leito carroçável";"Com Vítimas Feridas";"Pleno dia";"Decrescente";"Céu Claro";"Simples";"Reta;Declive";"Não";2;0;2;0;0;0;2;1;-10,773404;-55,15506801;"SPRF-MT";"DEL06-MT";"UOP03-DEL06-MT"
561516;2023-11-15;"quarta-feira";"17:00:00";"MG";365;28;"MONTES CLAROS";"Velocidade Incompatível";"Saída de leito carroçável";"Com Vítimas Feridas";"Pleno dia";"Crescente";"Céu Claro";"Simples";"Reta";"Não";3;0;2;0;1;0;2;1;-16,84279211;-44,08613806;"SPRF-MG";"DEL12-MG";"UOP01-DEL12-MG"
561518;2023-11-15;"quarta-feira";"18:00:00";"SE";235;75,5;"FREI PAULO";"Ingestão de álcool pelo condutor";"Colisão traseira";"Com Vítimas Feridas";"Plena Noite";"Crescente";"Céu Claro";"Simples";"Reta;Ponte";"Não";2;0;0;1;0;1;1;2;-10,541754;-37,56398;"SPRF-SE";"DEL01-SE";"UOP02-DEL01-SE"