"id";"data_inversa";"dia_semana";"horario";"uf";"br";"km";"municipio";"causa_acidente";"tipo_acidente";"classificacao_acidente";"fase_dia";"sentido_via";"condicao_metereologica";"tipo_pista";"tracado_via";"uso_solo";"pessoas";"mortos";"feridos_leves";"feridos_graves";"ilesos";"ignorados";"feridos";"veiculos";"latitude";"longitude";"regional";"delegacia";"uop"
561519;2023-11-12;"domingo";"22:19:00";"SC";282;354,8;"CAMPOS NOVOS";"Velocidade Incompatível";"Saída de leito carroçável";"Sem Vítimas";"Plena Noite";"Crescente";"Nublado";"Simples";"Curva";"Não";1;0;0;0;0;1;0;1;-27,35796;-51,330452;"SPRF-SC";"DEL07-SC";"UOP06-DEL07-SC"
561520;2023-11-15;"quarta-feira";"19:10:00";"SC";280;43;"GUARAMIRIM";"Deficiência do Sistema de Iluminação/Sinalização";"Colisão transversal";"Com Vítimas Feridas";"Plena Noite";"Crescente";"Céu Claro";"Simples";"Em Obras;Desvio Temporário;Reta";"Não";2;0;1;0;1;0;1;2;-26,45118786;-48,87789901;"SPRF-SC";"DEL03-SC";"UOP03-DEL03-SC"
561521;2023-11-15;"quarta-feira";"18:40:00";"RS";448;22;"PORTO ALEGRE";"Curva acentuada";"Saída de leito carroçável";"Com Vítimas Feridas";"Anoitecer";"Crescente";"Chuva";"Dupla";"Curva";"Sim";1;0;1;0;0;0;1;1;-29,972212;-51,199139;"SPRF-RS";"DEL01-RS";"UOP01-DEL01-RS"
561522;2023-11-15;"quarta-feira";"15:45:00";"MS";163;12;"MUNDO NOVO";"Ingestão de álcool pelo condutor";"Queda de ocupante de veículo";"Com Vítimas Feridas";"Pleno dia";"Crescente";"Céu Claro";"Simples";"Reta";"Não";1;0;1;0;0;0;1;1;-23,96186811;-54,32158483;"SPRF-MS";"DEL09-MS";"UOP02-DEL09-MS"
561524;2023-11-15;"quarta-feira";"19:10:00";"MG";40;510;"RIBEIRAO DAS NEVES";"Velocidade Incompatível";"Engavetamento";"Com Vítimas Feridas";"Plena Noite";"Crescente";"Céu Claro";"Dupla";"Reta;Declive";"Não";12;0;2;0;10;0;2;3;-19,7747403;-44,12341118;"SPRF-MG";"DEL01-MG";"UOP02-DEL01-MG"
561526;2023-11-15;"quarta-feira";"17:45:00";"MT";174;291;"PONTES E LACERDA";"Condutor Dormindo";"Saída de leito carroçável";"Com Vítimas Feridas";"Anoitecer";"Decrescente";"Céu Claro";"Simples";"Reta";"Não";2;0;1;0;1;0;1;1;-15,21744184;-59,3198204;"SPRF-MT";"DEL04-MT";"UOP01-DEL04-MT"
561528;2023-11-15;"quarta-feira";"13:00:00";"AL";423;3,5;"OURO BRANCO";"Demais falhas mecânicas ou elétricas";"Saída de leito carroçável";"Com Vítimas Feridas";"Pleno dia";"Crescente";"Céu Claro";"Simples";"Reta";"Não";1;0;1;0;0;0;1;1;-9,13729203;-37,31506;"SPRF-AL";"DEL03-AL";"UOP02-DEL03-AL"
561530;2023-11-15;"quarta-feira";"18:30:00";"SC";280;128;"RIO NEGRINHO";"Ausência de reação do condutor";"Saída de leito carroçável";"Com Vítimas Feridas";"Pleno dia";"Decrescente";"Nublado";"Simples";"Reta";"Sim";1;0;1;0;0;0;1;1;-26,24317941;-49,51320018;"SPRF-SC";"DEL06-SC";"UOP03-DEL06-SC"
561531;2023-11-15;"quarta-feira";"18:00:00";"RS";386;143,7;"SARANDI";"Acessar a via sem observar a presença dos outros veículos";"Colisão lateral sentido oposto";"Com Vítimas Feridas";"Plena Noite";"Crescente";"Nublado";"Simples";"Reta";"Não";2;0;0;1;1;0;1;2;-28,025869;-52,882859;"SPRF-RS";"DEL08-RS";"UOP01-DEL08-RS"
561532;2023-11-15;"quarta-feira";"19:20:00";"RJ";393;285;"VOLTA REDONDA";"Acessar a via sem observar a presença dos outros veículos";"Colisão transversal";"Sem Vítimas";"Plena Noite";"Decrescente";"Chuva";"Simples";"Interseção de Vias;Rotatória";"Não";2;0;0;0;2;0;0;2;-22,481726;-44,06308602;"SPRF-RJ";"DEL05-RJ";"UOP04-DEL05-RJ"
561535;2023-11-15;"quarta-feira";"20:10:00";"MG";40;472,1;"SETE LAGOAS";"Pedestre cruzava a pista fora da faixa";"Atropelamento de Pedestre";"Com Vítimas Feridas";"Plena Noite";"Decrescente";"Céu Claro";"Dupla";"Reta";"Não";3;0;1;0;1;1;1;2;-19,481697;-44,284107;"SPRF-MG";"DEL02-MG";"UOP01-DEL02-MG"
561536;2023-11-15;"quarta-feira";"18:00:00";"RN";406;147,9;"CEARA-MIRIM";"Transitar na contramão";"Colisão frontal";"Com Vítimas Fatais";"Anoitecer";"Decrescente";"Céu Claro";"Simples";"Reta";"Não";3;1;1;0;0;1;1;3;-5,64619702;-35,459121;"SPRF-RN";"DEL02-RN";"UOP01-DEL02-RN"
561538;2023-11-15;"quarta-feira";"18:45:00";"SC";101;222;"PALHOCA";"Avarias e/ou desgaste excessivo no pneu";"Queda de ocupante de veículo";"Com Vítimas Feridas";"Plena Noite";"Crescente";"Céu Claro";"Dupla";"Reta";"Não";2;0;2;0;0;0;2;1;-27,70865409;-48,65586407;"SPRF-SC";"DEL01-SC";"UOP02-DEL01-SC"
561539;2023-11-15;"quarta-feira";"18:45:00";"SC";101;217;"PALHOCA";"Ingestão de álcool pelo condutor";"Colisão com objeto";"Com Vítimas Feridas";"Plena Noite";"Decrescente";"Chuva";"Dupla";"Reta";"Sim";2;0;1;0;1;0;1;2;-27,66779034;-48,67393586;"SPRF-SC";"DEL01-SC";"UOP02-DEL01-SC"
561541;2023-11-15;"quarta-feira";"19:30:00";"RJ";101;263;"RIO BONITO";"Ultrapassagem Indevida";"Atropelamento de Pedestre";"Com Vítimas Feridas";"Plena Noite";"Crescente";"Céu Claro";"Dupla";"Reta";"Não";2;0;1;0;0;1;1;2;-22,71887266;-42,62637498;"SPRF-RJ";"DEL02-RJ";"UOP03-DEL02-RJ"
561544;2023-11-15;"quarta-feira";"18:30:00";"BA";116;920,8;"ENCRUZILHADA";"Animais na Pista";"Atropelamento de Animal";"Com Vítimas Feridas";"Plena Noite";"Crescente";"Céu Claro";"Simples";"Reta";"Não";3;0;1;0;2;0;1;1;-15,599987;-41,280452;"SPRF-BA";"DEL08-BA";"UOP03-DEL08-BA"
561545;2023-11-15;"quarta-feira";"21:00:00";"GO";40;2,8;"VALPARAISO DE GOIAS";"Ingestão de álcool pelo condutor";"Colisão transversal";"Com Vítimas Feridas";"Plena Noite";"Crescente";"Nublado";"Dupla";"Reta;Retorno Regulamentado";"Sim";2;0;1;0;1;0;1;2;-16,067129;-47,984235;"SPRF-DF";"DEL01-DF";"UOP01-DEL01-DF"
561546;2023-11-15;"quarta-feira";"20:40:00";"PR";277;70;"SAO JOSE DOS PINHAIS";"Ausência de reação do condutor";"Colisão traseira";"Sem Vítimas";"Plena Noite";"Crescente";"Céu Claro";"Dupla";"Reta";"Não";3;0;0;0;3;0;0;2;-25,53317957;-49,07969781;"SPRF-PR";"DEL01-PR";"UOP01-DEL01-PR"
561547;2023-11-15;"quarta-feira";"22:00:00";"MG";40;735;"SANTOS DUMONT";"Chuva";"Colisão transversal";"Com Vítimas Feridas";"Plena Noite";"Crescente";"Chuva";"Simples";"Curva";"Não";3;0;1;0;2;0;1;2;-21,37012696;-43,57558994;"SPRF-MG";"DEL05-MG";"UOP01-DEL05-MG"
561548;2023-11-15;"quarta-feira";"21:35:00";"PR";277;534,9;"IBEMA";"Ingestão de álcool pelo condutor";"Colisão frontal";"Com Vítimas Feridas";"Plena Noite";"Decrescente";"Céu Claro";"Simples";"Reta";"Não";5;0;2;0;3;0;2;2;-25,11286557;-53,00081719;"SPRF-PR";"DEL04-PR";"UOP04-DEL04-PR"
561549;2023-11-15;"quarta-feira";"20:09:00";"MT";163;717;"SORRISO";"Ingestão de álcool pelo condutor";"Tombamento";"Sem Vítimas";"Plena Noite";"Crescente";"Céu Claro";"Simples";"Curva";"Não";1;0;0;0;1;0;0;1;-12,94593709;-55,86559775;"SPRF-MT";"DEL06-MT";"UOP01-DEL06-MT"
561550;2023-11-15;"quarta-feira";"22:30:00";"GO";60;186,2;"GUAPO";"Animais na Pista";"Atropelamento de Animal";"Com Vítimas Feridas";"Plena Noite";"Decrescente";"Céu Claro";"Dupla";"Reta";"Não";2;0;1;0;1;0;1;1;-16,8011;-49,5177;"SPRF-GO";"DEL01-GO";"UOP02-DEL01-GO"
561551;2023-11-15;"quarta-feira";"10:00:00";"MG";381;231;"BELO ORIENTE";"Transitar na contramão";"Colisão frontal";"Com Vítimas Feridas";"Pleno dia";"Decrescente";"Céu Claro";"Simples";"Reta";"Não";2;0;1;1;0;0;2;2;-19,36049304;-42,44673398;"SPRF-MG";"DEL06-MG";"UOP01-DEL06-MG"
561552;2023-11-15;"quarta-feira";"19:15:00";"MA";10;143;"PORTO FRANCO";"Reação tardia ou ineficiente do condutor";"Colisão com objeto";"Com Vítimas Feridas";"Plena Noite";"Decrescente";"Céu Claro";"Simples";"Curva";"Não";1;0;0;1;0;0;1;1;-6,47001;-47,396454;"SPRF-MA";"DEL04-MA";"UOP02-DEL04-MA"
561554;2023-11-15;"quarta-feira";"20:00:00";"RJ";101;322;"NITEROI";"Reação tardia ou ineficiente do condutor";"Tombamento";"Com Vítimas Feridas";"Plena Noite";"Decrescente";"Nublado";"Dupla";"Reta";"Sim";1;0;0;1;0;0;1;1;-22,878923;-43,110676;"SPRF-RJ";"DEL02-RJ";"UOP01-DEL02-RJ"
561555;2023-11-15;"quarta-feira";"22:40:00";"RJ";101;317;"SAO GONCALO";"Demais falhas mecânicas ou elétricas";"Incêndio";"Sem Vítimas";"Plena Noite";"Decrescente";"Céu Claro";"Dupla";"Reta";"Sim";1;0;0;0;1;0;0;1;-22,83707798;-43,09492006;"SPRF-RJ";"DEL02-RJ";"UOP02-DEL02-RJ"
561556;2023-11-15;"quarta-feira";"21:45:00";"MG";116;583,7;"MANHUACU";"Transitar na contramão";"Colisão transversal";"Com Vítimas Feridas";"Plena Noite";"Crescente";"Céu Claro";"Simples";"Curva";"Não";3;0;3;0;0;0;3;2;-20,21424995;-42,18135561;"SPRF-MG";"DEL06-MG";"UOP03-DEL06-MG"
561558;2023-11-02;"quinta-feira";"18:40:00";"ES";101;159;"LINHARES";"Mal súbito do condutor";"Queda de ocupante de veículo";"Com Vítimas Feridas";"Anoitecer";"Crescente";"Nublado";"Simples";"Reta";"Sim";1;0;1;0;0;0;1;1;-19,4684012;-40,1102557;"SPRF-ES";"DEL04-ES";"UOP01-DEL04-ES"
561559;2023-11-15;"quarta-feira";"22:10:00";"MG";50;165;"UBERABA";"Ausência de reação do condutor";"Saída de leito carroçável";"Com Vítimas Feridas";"Plena Noite";"Crescente";"Céu Claro";"Dupla";"Interseção de Vias";"Não";1;0;1;0;0;0;1;1;-19,69326783;-47,98949154;"SPRF-MG";"DEL13-MG";"UOP01-DEL13-MG"
561561;2023-11-15;"quarta-feira";"22:15:00";"RJ";40;119;"DUQUE DE CAXIAS";"Transitar na contramão";"Colisão lateral mesmo sentido";"Com Vítimas Feridas";"Plena Noite";"Crescente";"Céu Claro";"Múltipla";"Reta";"Sim";2;0;1;0;1;0;1;2;-22,7645349;-43,28699648;"SPRF-RJ";"DEL01-RJ";"UOP01-DEL01-RJ"
561562;2023-11-15;"quarta-feira";"23:50:00";"SP";116;227;"GUARULHOS";"Reação tardia ou ineficiente do condutor";"Colisão com objeto";"Com Vítimas Feridas";"Plena Noite";"Decrescente";"Nublado";"Dupla";"Reta;Em Obras";"Sim";1;0;1;0;0;0;1;1;-23,49659264;-46,55648754;"SPRF-SP";"DEL01-SP";"UOP01-DEL01-SP"
561563;2023-11-15;"quarta-feira";"22:45:00";"BA";367;47;"PORTO SEGURO";"Velocidade Incompatível";"Colisão traseira";"Com Vítimas Feridas";"Plena Noite";"Decrescente";"Nublado";"Simples";"Reta";"Não";2;0;1;0;0;1;1;2;-16,37262254;-39,27151389;"SPRF-BA";"DEL09-BA";"UOP03-DEL09-BA"
561564;2023-11-15;"quarta-feira";"23:48:00";"GO";40;9,8;"LUZIANIA";"Ausência de reação do condutor";"Colisão traseira";"Com Vítimas Feridas";"Plena Noite";"Crescente";"Garoa/Chuvisco";"Dupla";"Reta";"Sim";2;0;0;1;1;0;1;2;-16,131158;-47,957739;"SPRF-DF";"DEL01-DF";"UOP01-DEL01-DF"
561565;2023-11-15;"quarta-feira";"21:42:00";"SP";116;51;"LORENA";"Mal súbito do condutor";"Colisão com objeto";"Com Vítimas Feridas";"Plena Noite";"Crescente";"Nublado";"Simples";"Retorno Regulamentado";"Sim";2;0;1;0;0;1;1;2;-22,74157511;-45,09206392;"SPRF-SP";"DEL08-SP";"UOP02-DEL08-SP"
561566;2023-11-15;"quarta-feira";"22:45:00";"MG";381;543,8;"ITATIAIUCU";"Ausência de reação do condutor";"Colisão com objeto";"Com Vítimas Feridas";"Plena Noite";"Crescente";"Chuva";"Dupla";"Curva";"Não";4;0;2;0;2;0;2;1;-20,27336801;-44,42585498;"SPRF-MG";"DEL04-MG";"UOP03-DEL04-MG"
561568;2023-11-15;"quarta-feira";"23:00:00";"RO";174;15;"VILHENA";"Ingestão de álcool pelo condutor";"Colisão transversal";"Com Vítimas Feridas";"Plena Noite";"Crescente";"Céu Claro";"Dupla";"Reta;Interseção de Vias";"Sim";4;0;2;0;2;0;2;3;-12,723321;-60,12801;"SPRF-RO";"DEL04-RO";"UOP01-DEL04-RO"
561570;2023-11-15;"quarta-feira";"23:40:00";"PI";343;340,7;"TERESINA";"Ausência de reação do condutor";"Colisão traseira";"Sem Vítimas";"Plena Noite";"Crescente";"Céu Claro";"Dupla";"Reta";"Sim";2;0;0;0;1;1;0;2;-5,077077;-42,741922;"SPRF-PI";"DEL01-PI";"UOP01-DEL01-PI"
561571;2023-11-16;"quinta-feira";"00:20:00";"RS";285;449,7;"IJUI";"Ingestão de álcool pelo condutor";"Colisão traseira";"Com Vítimas Feridas";"Plena Noite";"Decrescente";"Chuva";"Simples";"Reta";"Não";4;0;2;0;2;0;2;2;-28,372511;-53,832718;"SPRF-RS";"DEL10-RS";"UOP01-DEL10-RS"
561572;2023-11-16;"quinta-feira";"01:00:00";"MG";262;31,1;"REDUTO";"Ingestão de álcool ou de substâncias psicoativas pelo pedestre";"Saída de leito carroçável";"Com Vítimas Feridas";"Plena Noite";"Decrescente";"Céu Claro";"Simples";"Curva";"Não";2;0;2;0;0;0;2;1;-20,2532742;-41,992629;"SPRF-MG";"DEL06-MG";"UOP03-DEL06-MG"
561573;2023-11-16;"quinta-feira";"02:20:00";"SP";116;288;"ITAPECERICA DA SERRA";"Ausência de reação do condutor";"Queda de ocupante de veículo";"Com Vítimas Feridas";"Plena Noite";"Decrescente";"Céu Claro";"Dupla";"Reta";"Sim";1;0;1;0;0;0;1;1;-23,719254;-46,883144;"SPRF-SP";"DEL04-SP";"UOP01-DEL04-SP"
561576;2023-11-16;"quinta-feira";"03:50:00";"PR";376;124,2;"ALTO PARANA";"Animais na Pista";"Saída de leito carroçável";"Com Vítimas Fatais";"Plena Noite";"Decrescente";"Céu Claro";"Dupla";"Reta";"Não";2;1;1;0;0;0;1;1;-23,137911;-52,289969;"SPRF-PR";"DEL09-PR";"UOP02-DEL09-PR"
561577;2023-11-16;"quinta-feira";"06:15:00";"BA";324;514;"FEIRA DE SANTANA";"Ausência de reação do condutor";"Colisão traseira";"Com Vítimas Feridas";"Pleno dia";"Crescente";"Nublado";"Simples";"Reta";"Sim";1;0;1;0;0;0;1;1;-12,23229233;-38,95215305;"SPRF-BA";"DEL02-BA";"UOP01-DEL02-BA"
561578;2023-11-16;"quinta-feira";"05:40:00";"CE";222;4;"FORTALEZA";"Acessar a via sem observar a presença dos outros veículos";"Colisão transversal";"Com Vítimas Feridas";"Pleno dia";"Decrescente";"Céu Claro";"Múltipla";"Reta;Interseção de Vias";"Sim";3;0;3;0;0;0;3;2;-3,74164754;-38,60449792;"SPRF-CE";"DEL01-CE";"UOP01-DEL01-CE"
561579;2023-11-16;"quinta-feira";"05:55:00";"SC";163;74;"SAO MIGUEL DO OESTE";"Velocidade Incompatível";"Colisão traseira";"Com Vítimas Feridas";"Amanhecer";"Decrescente";"Ignorado";"Simples";"Reta";"Não";2;0;1;0;1;0;1;2;-26,70200479;-53,51350653;"SPRF-SC";"DEL07-SC";"UOP03-DEL07-SC"
561580;2023-11-15;"quarta-feira";"19:10:00";"MS";60;566;"NIOAQUE";"Ingestão de álcool pelo condutor";"Colisão traseira";"Com Vítimas Feridas";"Plena Noite";"Crescente";"Céu Claro";"Simples";"Reta";"Não";2;0;0;1;1;0;1;2;-21,30625304;-55,99979653;"SPRF-MS";"DEL05-MS";"UOP01-DEL05-MS"
561582;2023-11-16;"quinta-feira";"06:10:00";"SP";116;210;"GUARULHOS";"Reação tardia ou ineficiente do condutor";"Colisão traseira";"Com Vítimas Feridas";"Pleno dia";"Crescente";"Céu Claro";"Dupla";"Reta";"Sim";4;0;2;0;2;0;2;3;-23,42870023;-46,41085991;"SPRF-SP";"DEL01-SP";"UOP01-DEL01-SP"
561587;2023-11-16;"quinta-feira";"07:00:00";"BA";324;522;"FEIRA DE SANTANA";"Acessar a via sem observar a presença dos outros veículos";"Atropelamento de Pedestre";"Com Vítimas Feridas";"Amanhecer";"Crescente";"Céu Claro";"Dupla";"Reta";"Não";2;0;1;0;1;0;1;2;-12,28462524;-38,91926018;"SPRF-BA";"DEL01-BA";"UOP03-DEL01-BA"
561588;2023-11-16;"quinta-feira";"06:45:00";"BA";324;580,5;"CANDEIAS";"Demais falhas mecânicas ou elétricas";"Saída de leito carroçável";"Sem Vítimas";"Pleno dia";"Crescente";"Sol";"Dupla";"Reta;Declive";"Não";3;0;0;0;3;0;0;1;-12,60744869;-38,49550854;"SPRF-BA";"DEL01-BA";"UOP01-DEL01-BA"
561589;2023-11-16;"quinta-feira";"07:05:00";"AP";210;0;"MACAPA";"Condutor deixou de manter distância do veículo da frente";"Colisão traseira";"Com Vítimas Feridas";"Pleno dia";"Decrescente";"Céu Claro";"Dupla";"Reta";"Sim";2;0;1;0;1;0;1;2;0,07780012;-51,06097;"SPRF-AP";"DEL01-AP";"UOP01-DEL01-AP"
561590;2023-11-16;"quinta-feira";"06:10:00";"MG";262;353;"BETIM";"Velocidade Incompatível";"Colisão com objeto";"Com Vítimas Feridas";"Amanhecer";"Decrescente";"Céu Claro";"Simples";"Interseção de Vias";"Sim";1;0;1;0;0;0;1;1;-19,95947688;-44,15416308;"SPRF-MG";"DEL01-MG";"UOP03-DEL01-MG"
561591;2023-11-16;"quinta-feira";"07:45:00";"PR";376;182;"MARINGA";"Animais na Pista";"Atropelamento de Animal";"Com Vítimas Feridas";"Pleno dia";"Crescente";"Céu Claro";"Dupla";"Reta";"Não";1;0;1;0;0;0;1;1;-23,43684112;-51,87880764;"SPRF-PR";"DEL09-PR";"UOP01-DEL09-PR"
561593;2023-11-16;"quinta-feira";"07:10:00";"PR";277;109;"CAMPO LARGO";"Reação tardia ou ineficiente do condutor";"Colisão com objeto";"Com Vítimas Feridas";"Pleno dia";"Crescente";"Nublado";"Dupla";"Reta";"Não";1;0;0;1;0;0;1;1;-25,440554;-49,447775;"SPRF-PR";"DEL03-PR";"UOP03-DEL03-PR"
561594;2023-11-15;"quarta-feira";"22:00:00";"PI";343;184;"PIRIPIRI";"Ingestão de álcool pelo condutor";"Colisão com objeto";"Com Vítimas Feridas";"Plena Noite";"Crescente";"Céu Claro";"Simples";"Rotatória";"Não";1;0;1;0;0;0;1;1;-4,264742;-41,756226;"SPRF-PI";"DEL02-PI";"UOP01-DEL02-PI"
561595;2023-11-16;"quinta-feira";"07:15:00";"RS";472;179,5;"SANTA ROSA";"Chuva";"Colisão traseira";"Com Vítimas Feridas";"Pleno dia";"Crescente";"Chuva";"Simples";"Reta";"Não";5;0;2;0;3;0;2;4;-27,84575481;-54,55673218;"SPRF-RS";"DEL10-RS";"UOP01-DEL10-RS"
561596;2023-11-16;"quinta-feira";"07:40:00";"RS";116;264;"CANOAS";"Manobra de mudança de faixa";"Colisão traseira";"Com Vítimas Feridas";"Pleno dia";"Crescente";"Nublado";"Dupla";"Reta";"Não";2;0;1;0;1;0;1;2;-29,914435;-51,17754495;"SPRF-RS";"DEL01-RS";"UOP01-DEL01-RS"
561597;2023-11-16;"quinta-feira";"08:00:00";"PB";230;22;"JOAO PESSOA";"Transitar no Acostamento";"Colisão traseira";"Com Vítimas Feridas";"Pleno dia";"Decrescente";"Céu Claro";"Dupla";"Reta";"Sim";2;0;2;0;0;0;2;1;-7,1495;-34,8517;"SPRF-PB";"DEL01-PB";"UOP01-DEL01-PB"
561598;2023-11-16;"quinta-feira";"07:50:00";"PR";277;722,4;"FOZ DO IGUACU";"Condutor deixou de manter distância do veículo da frente";"Colisão traseira";"Com Vítimas Feridas";"Pleno dia";"Crescente";"Céu Claro";"Dupla";"Reta;Retorno Regulamentado";"Sim";2;0;1;0;1;0;1;2;-25,49494908;-54,52095097;"SPRF-PR";"DEL05-PR";"UOP03-DEL05-PR"
561599;2023-11-16;"quinta-feira";"07:40:00";"ES";101;394,5;"RIO NOVO DO SUL";"Ausência de reação do condutor";"Queda de ocupante de veículo";"Com Vítimas Feridas";"Pleno dia";"Crescente";"Sol";"Simples";"Reta";"Não";1;0;1;0;0;0;1;1;-20,86561852;-40,92318907;"SPRF-ES";"DEL03-ES";"UOP02-DEL03-ES"
561601;2023-11-16;"quinta-feira";"07:40:00";"PE";101;52;"PAULISTA";"Animais na Pista";"Atropelamento de Animal";"Com Vítimas Feridas";"Pleno dia";"Crescente";"Céu Claro";"Dupla";"Reta";"Sim";2;0;2;0;0;0;2;1;-7,92358799;-34,89607201;"SPRF-PE";"DEL01-PE";"UOP02-DEL01-PE"
561602;2023-11-16;"quinta-feira";"06:20:00";"TO";153;692,7;"CARIRI DO TOCANTINS";"Acessar a via sem observar a presença dos outros veículos";"Colisão frontal";"Com Vítimas Feridas";"Amanhecer";"Crescente";"Céu Claro";"Simples";"Reta";"Sim";2;0;0;1;1;0;1;2;-11,88743313;-49,16441973;"SPRF-TO";"DEL01-TO";"UOP02-DEL01-TO"
561604;2023-11-16;"quinta-feira";"08:10:00";"MG";381;531,1;"ITATIAIUCU";"Velocidade Incompatível";"Saída de leito carroçável";"Com Vítimas Feridas";"Pleno dia";"Decrescente";"Céu Claro";"Dupla";"Reta";"Não";1;0;0;1;0;0;1;1;-20,18182886;-44,37895835;"SPRF-MG";"DEL04-MG";"UOP03-DEL04-MG"
561606;2023-11-16;"quinta-feira";"07:50:00";"PR";369;91,7;"CORNELIO PROCOPIO";"Desrespeitar a preferência no cruzamento";"Colisão transversal";"Com Vítimas Feridas";"Pleno dia";"Decrescente";"Céu Claro";"Simples";"Interseção de Vias";"Sim";2;0;1;0;1;0;1;2;-23,19885743;-50,65405905;"SPRF-PR";"DEL07-PR";"UOP05-DEL07-PR"
561608;2023-11-16;"quinta-feira";"08:40:00";"RN";405;150;"PAU DOS FERROS";"Falta de acostamento";"Colisão frontal";"Com Vítimas Feridas";"Pleno dia";"Decrescente";"Céu Claro";"Simples";"Curva";"Sim";2;0;1;0;1;0;1;2;-6,10719;-38,205797;"SPRF-RN";"DEL04-RN";"UOP02-DEL04-RN"
561609;2023-11-16;"quinta-feira";"09:00:00";"SP";116;269;"TABOAO DA SERRA";"Reação tardia ou ineficiente do condutor";"Colisão traseira";"Com Vítimas Feridas";"Pleno dia";"Decrescente";"Nublado";"Múltipla";"Reta";"Sim";2;0;1;0;1;0;1;2;-23,61593059;-46,78826044;"SPRF-SP";"DEL04-SP";"UOP01-DEL04-SP"
561611;2023-11-04;"sábado";"18:20:00";"MG";365;3;"MONTES CLAROS";"Iluminação deficiente";"Atropelamento de Pedestre";"Com Vítimas Feridas";"Plena Noite";"Crescente";"Céu Claro";"Simples";"Reta";"Não";2;0;0;1;0;1;1;2;-16,74574399;-43,88392402;"SPRF-MG";"DEL12-MG";"UOP01-DEL12-MG"
561615;2023-08-19;"sábado";"13:00:00";"PI";343;617;"FLORIANO";"Acostamento em desnível";"Capotamento";"Com Vítimas Feridas";"Pleno dia";"Decrescente";"Céu Claro";"Simples";"Em Obras";"Não";1;0;0;1;0;0;1;1;-6,929653;-43,186806;"SPRF-PI";"DEL03-PI";"UOP01-DEL03-PI"
561617;2023-11-16;"quinta-feira";"08:50:00";"MS";163;692;"RIO VERDE DE MATO GROSSO";"Ingestão de álcool pelo condutor";"Colisão traseira";"Com Vítimas Feridas";"Pleno dia";"Crescente";"Céu Claro";"Simples";"Reta;Declive";"Não";3;0;1;0;2;0;1;2;-18,82623701;-54,81596602;"SPRF-MS";"DEL06-MS";"UOP01-DEL06-MS"
561618;2023-11-16;"quinta-feira";"08:50:00";"MG";40;527,8;"CONTAGEM";"Avarias e/ou desgaste excessivo no pneu";"Tombamento";"Com Vítimas Feridas";"Pleno dia";"Crescente";"Céu Claro";"Dupla";"Reta";"Sim";2;0;1;1;0;0;2;1;-19,90149502;-44,04938939;"SPRF-MG";"DEL01-MG";"UOP02-DEL01-MG"
561620;2023-11-16;"quinta-feira";"04:35:00";"TO";153;668;"GURUPI";"Restrição de visibilidade em curvas verticais";"Atropelamento de Animal";"Sem Vítimas";"Amanhecer";"Crescente";"Céu Claro";"Simples";"Reta";"Não";2;0;0;0;2;0;0;1;-11,69207791;-49,07070942;"SPRF-TO";"DEL01-TO";"UOP02-DEL01-TO"
561621;2023-11-16;"quinta-feira";"09:30:00";"PI";343;190;"PIRIPIRI";"Ausência de reação do condutor";"Colisão traseira";"Com Vítimas Feridas";"Pleno dia";"Crescente";"Céu Claro";"Simples";"Reta";"Sim";2;0;1;0;1;0;1;2;-4,320168;-41,782341;"SPRF-PI";"DEL02-PI";"UOP01-DEL02-PI"
561623;2023-11-16;"quinta-feira";"10:10:00";"RN";226;113,8;"SANTA CRUZ";"Velocidade Incompatível";"Capotamento";"Sem Vítimas";"Pleno dia";"Crescente";"Céu Claro";"Simples";"Curva;Aclive";"Sim";1;0;0;0;1;0;0;1;-6,20745574;-36,02210999;"SPRF-RN";"DEL03-RN";"UOP02-DEL03-RN"
561624;2023-11-16;"quinta-feira";"10:00:00";"GO";414;383;"CORUMBA DE GOIAS";"Mal súbito do condutor";"Colisão com objeto";"Com Vítimas Feridas";"Pleno dia";"Crescente";"Céu Claro";"Simples";"Reta";"Não";3;0;3;0;0;0;3;1;-15,86047004;-48,77016595;"SPRF-GO";"DEL02-GO";"UOP01-DEL02-GO"
561625;2023-11-16;"quinta-feira";"08:20:00";"RS";392;1,8;"RIO GRANDE";"Avarias e/ou desgaste excessivo no pneu";"Saída de leito carroçável";"Sem Vítimas";"Pleno dia";"Crescente";"Sol";"Simples";"Reta";"Sim";1;0;0;0;0;1;0;1;-32,12596904;-52,11130857;"SPRF-RS";"DEL07-RS";"UOP02-DEL07-RS"
561627;2023-11-04;"sábado";"14:42:00";"DF";20;20;"BRASILIA";"Ausência de reação do condutor";"Colisão traseira";"Sem Vítimas";"Pleno dia";"Crescente";"Nublado";"Dupla";"Reta";"Não";4;0;0;0;4;0;0;4;-15,61064785;-47,69749761;"SPRF-DF";"DEL02-DF";"UOP01-DEL02-DF"
561631;2023-11-16;"quinta-feira";"11:22:00";"CE";222;3,7;"CAUCAIA";"Ausência de reação do condutor";"Colisão lateral mesmo sentido";"Com Vítimas Feridas";"Pleno dia";"Crescente";"Céu Claro";"Múltipla";"Reta";"Sim";3;0;2;0;1;0;2;2;-3,7403769;-38,59569202;"SPRF-CE";"DEL01-CE";"UOP01-DEL01-CE"
561633;2023-11-16;"quinta-feira";"11:00:00";"MA";135;1;"SAO LUIS";"Condutor deixou de manter distância do veículo da frente";"Colisão traseira";"Com Vítimas Feridas";"Pleno dia";"Crescente";"Céu Claro";"Dupla";"Reta";"Sim";2;0;0;1;1;0;1;2;-2,58917895;-44,24423719;"SPRF-MA";"DEL01-MA";"UOP01-DEL01-MA"