"id";"data_inversa";"dia_semana";"horario";"uf";"br";"km";"municipio";"causa_acidente";"tipo_acidente";"classificacao_acidente";"fase_dia";"sentido_via";"condicao_metereologica";"tipo_pista";"tracado_via";"uso_solo";"pessoas";"mortos";"feridos_leves";"feridos_graves";"ilesos";"ignorados";"feridos";"veiculos";"latitude";"longitude";"regional";"delegacia";"uop"
561756;2023-11-17;"sexta-feira";"01:55:00";"GO";20;97,4;"VILA BOA";"Deficiência do Sistema de Iluminação/Sinalização";"Colisão lateral mesmo sentido";"Com Vítimas Fatais";"Plena Noite";"Decrescente";"Céu Claro";"Simples";"Reta;Declive";"Não";2;1;0;0;0;1;0;2;-14,968002;-47,009731;"SPRF-DF";"DEL02-DF";"UOP02-DEL02-DF"
561757;2023-11-17;"sexta-feira";"02:31:00";"RS";470;206;"BENTO GONCALVES";"Ingestão de álcool pelo condutor";"Colisão frontal";"Com Vítimas Feridas";"Plena Noite";"Crescente";"Ignorado";"Simples";"Curva";"Não";2;0;2;0;0;0;2;2;-29,08977;-51,556176;"SPRF-RS";"DEL06-RS";"UOP01-DEL06-RS"
561760;2023-11-17;"sexta-feira";"03:40:00";"MS";262;505;"ANASTACIO";"Frear bruscamente";"Saída de leito carroçável";"Com Vítimas Feridas";"Plena Noite";"Crescente";"Nublado";"Simples";"Reta";"Não";5;0;3;0;1;1;3;2;-20,48316913;-55,95314809;"SPRF-MS";"DEL03-MS";"UOP01-DEL03-MS"
561765;2023-11-17;"sexta-feira";"06:15:00";"GO";153;514;"APARECIDA DE GOIANIA";"Reação tardia ou ineficiente do condutor";"Colisão transversal";"Com Vítimas Feridas";"Pleno dia";"Decrescente";"Céu Claro";"Dupla";"Reta;Interseção de Vias;Retorno Regulamentado";"Sim";3;0;1;0;2;0;1;2;-16,8315;-49,2434;"SPRF-GO";"DEL01-GO";"UOP03-DEL01-GO"
561766;2023-11-17;"sexta-feira";"05:34:00";"RS";448;9,4;"CANOAS";"Ausência de reação do condutor";"Saída de leito carroçável";"Sem Vítimas";"Amanhecer";"Decrescente";"Nublado";"Simples";"Reta";"Sim";1;0;0;0;1;0;0;1;-29,88362988;-51,23461246;"SPRF-RS";"DEL01-RS";"UOP02-DEL01-RS"
561768;2023-11-17;"sexta-feira";"00:20:00";"RJ";116;212;"SEROPEDICA";"Condutor Dormindo";"Colisão traseira";"Com Vítimas Feridas";"Plena Noite";"Crescente";"Céu Claro";"Múltipla";"Reta";"Não";3;0;0;2;1;0;2;2;-22,71844298;-43,700897;"SPRF-RJ";"DEL01-RJ";"UOP03-DEL01-RJ"
561769;2023-11-17;"sexta-feira";"07:15:00";"SC";101;216,4;"PALHOCA";"Ultrapassagem Indevida";"Colisão transversal";"Sem Vítimas";"Pleno dia";"Decrescente";"Chuva";"Dupla";"Interseção de Vias";"Sim";2;0;0;0;1;1;0;2;-27,65981409;-48,67747798;"SPRF-SC";"DEL01-SC";"UOP02-DEL01-SC"
561770;2023-11-16;"quinta-feira";"20:30:00";"MT";70;511;"CUIABA";"Reação tardia ou ineficiente do condutor";"Colisão traseira";"Sem Vítimas";"Plena Noite";"Crescente";"Céu Claro";"Simples";"Reta";"Não";1;0;0;0;0;1;0;1;-15,65051022;-55,99823809;"SPRF-MT";"DEL01-MT";"UOP02-DEL01-MT"
561771;2023-11-16;"quinta-feira";"22:30:00";"AM";174;940;"MANAUS";"Condutor Dormindo";"Saída de leito carroçável";"Com Vítimas Feridas";"Plena Noite";"Crescente";"Céu Claro";"Simples";"Reta";"Não";1;0;0;1;0;0;1;1;-2,48720599;-60,03295106;"SPRF-AM";"DEL01-AM";"UOP01-DEL01-AM"
561772;2023-11-17;"sexta-feira";"07:30:00";"MG";40;548,6;"NOVA LIMA";"Ausência de reação do condutor";"Queda de ocupante de veículo";"Com Vítimas Feridas";"Pleno dia";"Crescente";"Céu Claro";"Dupla";"Reta;Aclive";"Sim";1;0;1;0;0;0;1;1;-20,03136499;-43,96967792;"SPRF-MG";"DEL01-MG";"UOP02-DEL01-MG"
561773;2023-11-17;"sexta-feira";"06:55:00";"MG";262;34;"MANHUACU";"Desrespeitar a preferência no cruzamento";"Colisão transversal";"Com Vítimas Feridas";"Pleno dia";"Crescente";"Céu Claro";"Simples";"Em Obras;Rotatória";"Sim";3;0;2;0;0;1;2;2;-20,2592562;-42,01698194;"SPRF-MG";"DEL06-MG";"UOP03-DEL06-MG"
561776;2023-11-17;"sexta-feira";"05:30:00";"PA";316;55;"CASTANHAL";"Pedestre andava na pista";"Atropelamento de Pedestre";"Com Vítimas Fatais";"Plena Noite";"Decrescente";"Céu Claro";"Dupla";"Reta";"Sim";3;1;0;0;1;1;0;2;-1,30561339;-47,99919919;"SPRF-PA";"DEL01-PA";"UOP01-DEL01-PA"
561779;2023-11-17;"sexta-feira";"07:30:00";"MG";356;265,7;"MURIAE";"Desrespeitar a preferência no cruzamento";"Colisão transversal";"Com Vítimas Feridas";"Pleno dia";"Crescente";"Céu Claro";"Simples";"Rotatória";"Sim";2;0;1;0;1;0;1;2;-21,12838898;-42,366803;"SPRF-MG";"DEL07-MG";"UOP02-DEL07-MG"
561780;2023-11-17;"sexta-feira";"07:30:00";"PE";101;57,6;"RECIFE";"Reação tardia ou ineficiente do condutor";"Engavetamento";"Com Vítimas Feridas";"Pleno dia";"Decrescente";"Céu Claro";"Dupla";"Aclive;Reta";"Sim";4;0;3;0;1;0;3;3;-7,967803;-34,918907;"SPRF-PE";"DEL01-PE";"UOP02-DEL01-PE"
561781;2023-11-17;"sexta-feira";"07:30:00";"PR";376;4;"MANDAGUARI";"Condutor deixou de manter distância do veículo da frente";"Colisão traseira";"Com Vítimas Feridas";"Pleno dia";"Crescente";"Nublado";"Simples";"Reta";"Sim";2;0;1;0;1;0;1;2;-23,547966;-51,671265;"SPRF-PR";"DEL09-PR";"UOP01-DEL09-PR"
561782;2023-11-17;"sexta-feira";"07:15:00";"ES";101;238,4;"FUNDAO";"Acessar a via sem observar a presença dos outros veículos";"Colisão transversal";"Com Vítimas Feridas";"Pleno dia";"Decrescente";"Sol";"Simples";"Curva";"Sim";3;0;1;0;2;0;1;2;-20,00664922;-40,41154169;"SPRF-ES";"DEL02-ES";"UOP01-DEL02-ES"
561783;2023-11-17;"sexta-feira";"07:15:00";"SE";235;48;"ITABAIANA";"Demais falhas mecânicas ou elétricas";"Queda de ocupante de veículo";"Com Vítimas Feridas";"Pleno dia";"Crescente";"Sol";"Simples";"Reta";"Não";2;0;2;0;0;0;2;1;-10,724387;-37,41708;"SPRF-SE";"DEL01-SE";"UOP02-DEL01-SE"
561784;2023-05-12;"sexta-feira";"06:20:00";"PR";376;171,2;"MARINGA";"Reação tardia ou ineficiente do condutor";"Colisão com objeto";"Sem Vítimas";"Pleno dia";"Crescente";"Céu Claro";"Dupla";"Reta";"Sim";1;0;0;0;1;0;0;1;-23,41822772;-51,97500595;"SPRF-PR";"DEL09-PR";"UOP01-DEL09-PR"
561785;2023-11-17;"sexta-feira";"07:47:00";"RJ";116;174;"SAO JOAO DE MERITI";"Manobra de mudança de faixa";"Queda de ocupante de veículo";"Com Vítimas Feridas";"Pleno dia";"Decrescente";"Céu Claro";"Múltipla";"Reta";"Sim";1;0;1;0;0;0;1;1;-22,79423806;-43,36403759;"SPRF-RJ";"DEL01-RJ";"UOP02-DEL01-RJ"
561786;2023-11-17;"sexta-feira";"08:15:00";"SP";116;159;"JACAREI";"Reação tardia ou ineficiente do condutor";"Colisão traseira";"Com Vítimas Feridas";"Pleno dia";"Decrescente";"Céu Claro";"Dupla";"Reta";"Sim";3;0;0;3;0;0;3;2;-23,26585409;-45,95983994;"SPRF-SP";"DEL02-SP";"UOP01-DEL02-SP"
561787;2023-11-17;"sexta-feira";"08:00:00";"PE";104;66,4;"CARUARU";"Avarias e/ou desgaste excessivo no pneu";"Saída de leito carroçável";"Com Vítimas Feridas";"Pleno dia";"Crescente";"Sol";"Dupla";"Declive";"Sim";1;0;1;0;0;0;1;1;-8,2937;-35,9864;"SPRF-PE";"DEL02-PE";"UOP01-DEL02-PE"
561788;2023-11-17;"sexta-feira";"07:50:00";"PR";277;80,5;"CURITIBA";"Trafegar com motocicleta (ou similar) entre as faixas";"Colisão lateral mesmo sentido";"Com Vítimas Feridas";"Pleno dia";"Crescente";"Céu Claro";"Dupla";"Reta";"Sim";2;0;1;0;1;0;1;2;-25,568939;-49,181978;"SPRF-PR";"DEL01-PR";"UOP07-DEL01-PR"
561790;2023-11-11;"sábado";"04:15:00";"PB";230;155,6;"CAMPINA GRANDE";"Manobra de mudança de faixa";"Colisão frontal";"Com Vítimas Feridas";"Amanhecer";"Crescente";"Céu Claro";"Simples";"Reta";"Sim";3;0;2;0;0;1;2;2;-7,273509;-35,908444;"SPRF-PB";"DEL02-PB";"UOP01-DEL02-PB"
561791;2023-11-12;"domingo";"12:30:00";"GO";70;24;"COCALZINHO DE GOIAS";"Acessar a via sem observar a presença dos outros veículos";"Colisão transversal";"Com Vítimas Feridas";"Pleno dia";"Crescente";"Céu Claro";"Dupla";"Reta";"Sim";3;0;3;0;0;0;3;2;-15,7404865;-48,40963905;"SPRF-DF";"DEL03-DF";"UOP02-DEL03-DF"
561792;2023-11-17;"sexta-feira";"09:10:00";"SC";470;52,4;"BLUMENAU";"Retorno proibido";"Colisão lateral mesmo sentido";"Com Vítimas Feridas";"Pleno dia";"Crescente";"Garoa/Chuvisco";"Simples";"Reta";"Sim";2;0;1;0;1;0;1;2;-26,86393146;-49,09777164;"SPRF-SC";"DEL04-SC";"UOP01-DEL04-SC"
561793;2023-10-31;"terça-feira";"15:35:00";"RS";293;2,8;"PELOTAS";"Acessar a via sem observar a presença dos outros veículos";"Colisão lateral mesmo sentido";"Com Vítimas Feridas";"Pleno dia";"Decrescente";"Garoa/Chuvisco";"Simples";"Interseção de Vias;Rotatória";"Sim";2;0;1;0;1;0;1;2;-31,750426;-52,35999499;"SPRF-RS";"DEL07-RS";"UOP01-DEL07-RS"
561794;2023-11-17;"sexta-feira";"09:10:00";"MG";365;694;"MONTE ALEGRE DE MINAS";"Condutor Dormindo";"Saída de leito carroçável";"Com Vítimas Feridas";"Pleno dia";"Crescente";"Céu Claro";"Dupla";"Reta";"Não";2;0;2;0;0;0;2;1;-18,87801743;-48,94107198;"SPRF-MG";"DEL15-MG";"UOP03-DEL15-MG"
561796;2023-11-17;"sexta-feira";"09:00:00";"SC";101;334,3;"TUBARAO";"Ausência de reação do condutor";"Colisão traseira";"Com Vítimas Feridas";"Pleno dia";"Decrescente";"Chuva";"Simples";"Reta";"Sim";2;0;1;0;1;0;1;2;-28,46730446;-49,00604302;"SPRF-SC";"DEL02-SC";"UOP01-DEL02-SC"
561797;2023-11-16;"quinta-feira";"20:35:00";"SP";0;0;"SAO JOSE DOS CAMPOS";"Acessar a via sem observar a presença dos outros veículos";"Colisão lateral mesmo sentido";"Sem Vítimas";"Plena Noite";"Não Informado";"Céu Claro";"Dupla";"Reta";"Sim";3;0;0;0;3;0;0;2;-23,23903999;-45,92061901;"SPRF-SP";"DEL02-SP";"UOP01-DEL02-SP"
561798;2023-11-17;"sexta-feira";"07:30:00";"CE";20;356,4;"CARIDADE";"Condutor deixou de manter distância do veículo da frente";"Colisão traseira";"Com Vítimas Feridas";"Pleno dia";"Crescente";"Céu Claro";"Simples";"Reta";"Não";3;0;2;0;1;0;2;2;-4,04995292;-39,01283105;"SPRF-CE";"DEL02-CE";"UOP01-DEL02-CE"
561799;2023-09-06;"quarta-feira";"19:20:00";"MA";10;255;"IMPERATRIZ";"Ausência de reação do condutor";"Colisão traseira";"Com Vítimas Feridas";"Plena Noite";"Decrescente";"Céu Claro";"Simples";"Reta";"Sim";6;0;1;0;4;1;1;4;-5,50378;-47,471762;"SPRF-MA";"DEL04-MA";"UOP01-DEL04-MA"
561800;2023-11-17;"sexta-feira";"08:10:00";"MT";174;0;"PONTES E LACERDA";"Acessar a via sem observar a presença dos outros veículos";"Colisão transversal";"Com Vítimas Feridas";"Pleno dia";"Decrescente";"Sol";"Simples";"Rotatória";"Sim";3;0;0;2;1;0;2;2;-15,24377732;-59,31445599;"SPRF-MT";"DEL03-MT";"UOP01-DEL03-MT"
561802;2023-11-17;"sexta-feira";"09:40:00";"SP";153;220,1;"MARILIA";"Objeto estático sobre o leito carroçável";"Colisão com objeto";"Com Vítimas Feridas";"Pleno dia";"Decrescente";"Céu Claro";"Simples";"Reta";"Não";3;0;1;0;0;2;1;2;-21,996762;-49,91299301;"SPRF-SP";"DEL07-SP";"UOP02-DEL07-SP"
561803;2023-11-17;"sexta-feira";"10:00:00";"PR";369;149,2;"LONDRINA";"Reação tardia ou ineficiente do condutor";"Colisão traseira";"Com Vítimas Feridas";"Pleno dia";"Decrescente";"Céu Claro";"Dupla";"Reta";"Sim";2;0;0;1;1;0;1;2;-23,29294087;-51,15713418;"SPRF-PR";"DEL07-PR";"UOP01-DEL07-PR"
561804;2023-11-17;"sexta-feira";"08:30:00";"PE";101;46;"IGARASSU";"Reação tardia ou ineficiente do condutor";"Colisão traseira";"Com Vítimas Feridas";"Pleno dia";"Crescente";"Sol";"Múltipla";"Reta";"Sim";2;0;1;0;1;0;1;2;-7,87406004;-34,90588126;"SPRF-PE";"DEL01-PE";"UOP02-DEL01-PE"
561805;2023-11-17;"sexta-feira";"07:50:00";"MG";262;36,8;"MANHUACU";"Transitar no Acostamento";"Colisão transversal";"Com Vítimas Feridas";"Pleno dia";"Crescente";"Céu Claro";"Simples";"Reta";"Sim";2;0;1;0;1;0;1;2;-20,25932046;-42,02298331;"SPRF-MG";"DEL06-MG";"UOP03-DEL06-MG"
561807;2023-03-28;"terça-feira";"17:20:00";"MG";381;477;"CONTAGEM";"Entrada inopinada do pedestre";"Atropelamento de Pedestre";"Com Vítimas Feridas";"Pleno dia";"Crescente";"Chuva";"Dupla";"Declive;Reta";"Sim";2;0;0;1;1;0;1;2;-19,96179268;-44,05041676;"SPRF-MG";"DEL01-MG";"UOP03-DEL01-MG"
561808;2023-11-17;"sexta-feira";"09:30:00";"PR";369;118;"URAI";"Velocidade Incompatível";"Saída de leito carroçável";"Com Vítimas Feridas";"Pleno dia";"Crescente";"Céu Claro";"Dupla";"Curva;Declive";"Não";1;0;0;1;0;0;1;1;-23,28643;-50,88105;"SPRF-PR";"DEL07-PR";"UOP05-DEL07-PR"
561809;2023-11-17;"sexta-feira";"10:10:00";"RS";101;10,4;"DOM PEDRO DE ALCANTARA";"Ausência de reação do condutor";"Saída de leito carroçável";"Sem Vítimas";"Pleno dia";"Decrescente";"Chuva";"Dupla";"Reta";"Não";1;0;0;0;1;0;0;1;-29,37276611;-49,82302391;"SPRF-RS";"DEL03-RS";"UOP02-DEL03-RS"
561810;2023-11-17;"sexta-feira";"10:30:00";"PR";376;547;"BALSA NOVA";"Objeto estático sobre o leito carroçável";"Colisão com objeto";"Sem Vítimas";"Pleno dia";"Crescente";"Céu Claro";"Dupla";"Reta";"Não";1;0;0;0;1;0;0;1;-25,44118193;-49,74918365;"SPRF-PR";"DEL03-PR";"UOP03-DEL03-PR"
561813;2023-11-17;"sexta-feira";"10:50:00";"RJ";495;1;"TERESOPOLIS";"Ultrapassagem Indevida";"Colisão lateral mesmo sentido";"Com Vítimas Feridas";"Pleno dia";"Crescente";"Sol";"Simples";"Reta";"Sim";2;0;1;0;1;0;1;2;-22,400555;-42,976154;"SPRF-RJ";"DEL04-RJ";"UOP01-DEL04-RJ"
561816;2023-11-17;"sexta-feira";"09:30:00";"MG";116;412;"GOVERNADOR VALADARES";"Mal súbito do condutor";"Colisão com objeto";"Com Vítimas Feridas";"Pleno dia";"Decrescente";"Céu Claro";"Simples";"Reta";"Sim";1;0;1;0;0;0;1;1;-18,86882342;-41,97144241;"SPRF-MG";"DEL06-MG";"UOP01-DEL06-MG"
561817;2023-11-17;"sexta-feira";"11:00:00";"PB";104;113;"LAGOA SECA";"Acessar a via sem observar a presença dos outros veículos";"Colisão transversal";"Com Vítimas Feridas";"Pleno dia";"Crescente";"Céu Claro";"Simples";"Reta";"Sim";2;0;1;0;1;0;1;2;-7,15342626;-35,85241772;"SPRF-PB";"DEL02-PB";"UOP04-DEL02-PB"
561818;2023-11-17;"sexta-feira";"10:10:00";"RJ";116;169;"RIO DE JANEIRO";"Manobra de mudança de faixa";"Colisão transversal";"Com Vítimas Feridas";"Pleno dia";"Crescente";"Céu Claro";"Simples";"Interseção de Vias";"Sim";4;0;3;0;1;0;3;2;-22,816206;-43,324463;"SPRF-RJ";"DEL01-RJ";"UOP02-DEL01-RJ"
561820;2023-11-17;"sexta-feira";"11:30:00";"RJ";40;66;"PETROPOLIS";"Velocidade Incompatível";"Capotamento";"Com Vítimas Feridas";"Pleno dia";"Decrescente";"Céu Claro";"Dupla";"Reta";"Não";1;0;1;0;0;0;1;1;-22,4381808;-43,18488009;"SPRF-RJ";"DEL06-RJ";"UOP01-DEL06-RJ"
561821;2023-11-17;"sexta-feira";"09:50:00";"RJ";393;236;"VASSOURAS";"Desrespeitar a preferência no cruzamento";"Colisão transversal";"Com Vítimas Feridas";"Pleno dia";"Crescente";"Sol";"Simples";"Rotatória";"Sim";2;0;2;0;0;0;2;2;-22,38996804;-43,64928296;"SPRF-RJ";"DEL05-RJ";"UOP03-DEL05-RJ"
561823;2023-11-17;"sexta-feira";"10:45:00";"PR";277;7;"PARANAGUA";"Reação tardia ou ineficiente do condutor";"Colisão transversal";"Com Vítimas Feridas";"Pleno dia";"Crescente";"Nublado";"Simples";"Reta;Interseção de Vias";"Sim";2;0;1;0;1;0;1;2;-25,568198;-48,615292;"SPRF-PR";"DEL01-PR";"UOP05-DEL01-PR"
561826;2023-11-17;"sexta-feira";"10:30:00";"BA";101;718;"EUNAPOLIS";"Ausência de reação do condutor";"Colisão transversal";"Com Vítimas Feridas";"Pleno dia";"Decrescente";"Céu Claro";"Simples";"Reta;Declive";"Não";2;0;2;0;0;0;2;2;-16,384885;-39,585557;"SPRF-BA";"DEL09-BA";"UOP01-DEL09-BA"
561827;2023-11-13;"segunda-feira";"07:30:00";"RJ";393;255;"BARRA DO PIRAI";"Acessar a via sem observar a presença dos outros veículos";"Colisão transversal";"Com Vítimas Feridas";"Pleno dia";"Decrescente";"Céu Claro";"Simples";"Reta;Interseção de Vias;Rotatória";"Não";2;0;1;0;1;0;1;2;-22,45028541;-43,7987758;"SPRF-RJ";"DEL05-RJ";"UOP04-DEL05-RJ"
561828;2023-11-17;"sexta-feira";"09:55:00";"RS";386;201,5;"VICTOR GRAEFF";"Velocidade Incompatível";"Saída de leito carroçável";"Com Vítimas Feridas";"Pleno dia";"Crescente";"Chuva";"Simples";"Curva;Declive";"Não";1;0;1;0;0;0;1;1;-28,467812;-52,66048;"SPRF-RS";"DEL04-RS";"UOP03-DEL04-RS"
561829;2023-11-17;"sexta-feira";"11:45:00";"RN";101;98,1;"NATAL";"Acumulo de óleo sobre o pavimento";"Queda de ocupante de veículo";"Com Vítimas Feridas";"Pleno dia";"Decrescente";"Céu Claro";"Múltipla";"Curva";"Sim";1;0;1;0;0;0;1;1;-5,865455;-35,216868;"SPRF-RN";"DEL01-RN";"UOP01-DEL01-RN"
561833;2023-11-17;"sexta-feira";"11:00:00";"RJ";356;181;"SAO JOAO DA BARRA";"Conversão proibida";"Colisão lateral sentido oposto";"Com Vítimas Feridas";"Pleno dia";"Decrescente";"Céu Claro";"Simples";"Reta";"Sim";2;0;1;0;1;0;1;2;-21,635091;-41,044591;"SPRF-RJ";"DEL08-RJ";"UOP02-DEL08-RJ"
561834;2023-11-17;"sexta-feira";"12:15:00";"SC";282;130,9;"BOM RETIRO";"Acumulo de água sobre o pavimento";"Saída de leito carroçável";"Com Vítimas Feridas";"Pleno dia";"Crescente";"Chuva";"Simples";"Curva";"Não";1;0;1;0;0;0;1;1;-27,803255;-49,505241;"SPRF-SC";"DEL05-SC";"UOP01-DEL05-SC"
561835;2023-11-17;"sexta-feira";"11:20:00";"RJ";101;307;"SAO GONCALO";"Problema com o freio";"Colisão com objeto";"Sem Vítimas";"Pleno dia";"Crescente";"Céu Claro";"Dupla";"Reta";"Sim";1;0;0;0;1;0;0;1;-22,79115777;-43,01514205;"SPRF-RJ";"DEL02-RJ";"UOP02-DEL02-RJ"
561836;2023-11-17;"sexta-feira";"11:50:00";"PE";232;411,8;"SERRA TALHADA";"Acessar a via sem observar a presença dos outros veículos";"Colisão lateral mesmo sentido";"Com Vítimas Feridas";"Pleno dia";"Decrescente";"Sol";"Simples";"Reta";"Não";2;0;0;1;1;0;1;2;-7,97976163;-38,31087404;"SPRF-PE";"DEL04-PE";"UOP01-DEL04-PE"
561838;2023-10-31;"terça-feira";"14:00:00";"PR";277;77,7;"SAO JOSE DOS PINHAIS";"Chuva";"Colisão lateral mesmo sentido";"Com Vítimas Feridas";"Pleno dia";"Decrescente";"Chuva";"Dupla";"Reta";"Sim";3;0;2;0;1;0;2;2;-25,51327981;-49,12433291;"SPRF-PR";"DEL01-PR";"UOP07-DEL01-PR"
561839;2023-11-17;"sexta-feira";"13:00:00";"PB";101;28;"JOAO PESSOA";"Manobra de mudança de faixa";"Colisão lateral mesmo sentido";"Sem Vítimas";"Pleno dia";"Decrescente";"Céu Claro";"Dupla";"Reta";"Sim";2;0;0;0;2;0;0;2;-7,16423546;-34,90069628;"SPRF-PB";"DEL01-PB";"UOP04-DEL01-PB"
561840;2023-11-17;"sexta-feira";"12:40:00";"BA";101;159;"CONCEICAO DO JACUIPE";"Animais na Pista";"Atropelamento de Animal";"Com Vítimas Feridas";"Pleno dia";"Crescente";"Céu Claro";"Dupla";"Reta;Aclive";"Não";5;0;1;0;4;0;1;1;-12,35551436;-38,782478;"SPRF-BA";"DEL01-BA";"UOP03-DEL01-BA"
561845;2023-11-17;"sexta-feira";"08:15:00";"BA";367;26;"PORTO SEGURO";"Ultrapassagem Indevida";"Colisão frontal";"Com Vítimas Feridas";"Pleno dia";"Decrescente";"Céu Claro";"Simples";"Curva";"Sim";2;0;1;0;1;0;1;2;-16,43071712;-39,09561713;"SPRF-BA";"DEL09-BA";"UOP03-DEL09-BA"
561846;2023-11-17;"sexta-feira";"14:00:00";"AL";423;19,7;"CANAPI";"Afundamento ou ondulação no pavimento";"Queda de ocupante de veículo";"Com Vítimas Feridas";"Pleno dia";"Decrescente";"Céu Claro";"Simples";"Reta";"Não";2;0;1;1;0;0;2;1;-9,17394974;-37,45443908;"SPRF-AL";"DEL03-AL";"UOP02-DEL03-AL"
561850;2023-11-17;"sexta-feira";"13:40:00";"MG";381;485,9;"BETIM";"Trafegar com motocicleta (ou similar) entre as faixas";"Colisão lateral mesmo sentido";"Com Vítimas Feridas";"Pleno dia";"Crescente";"Céu Claro";"Múltipla";"Reta";"Sim";2;0;1;0;1;0;1;2;-19,9560844;-44,1054795;"SPRF-MG";"DEL01-MG";"UOP03-DEL01-MG"
561852;2023-11-17;"sexta-feira";"13:24:00";"MG";365;651;"UBERLANDIA";"Condutor Dormindo";"Tombamento";"Com Vítimas Feridas";"Pleno dia";"Decrescente";"Céu Claro";"Dupla";"Curva";"Não";1;0;1;0;0;0;1;1;-18,86755464;-48,56819793;"SPRF-MG";"DEL15-MG";"UOP01-DEL15-MG"
561853;2023-11-13;"segunda-feira";"18:20:00";"RJ";40;102;"DUQUE DE CAXIAS";"Ultrapassagem Indevida";"Colisão transversal";"Com Vítimas Feridas";"Plena Noite";"Decrescente";"Céu Claro";"Simples";"Curva";"Sim";3;0;1;0;2;0;1;2;-22,61089297;-43,28656077;"SPRF-RJ";"DEL01-RJ";"UOP01-DEL01-RJ"
561854;2023-09-18;"segunda-feira";"17:00:00";"GO";40;24;"LUZIANIA";"Ausência de reação do condutor";"Queda de ocupante de veículo";"Com Vítimas Feridas";"Pleno dia";"Crescente";"Céu Claro";"Dupla";"Reta";"Sim";2;0;0;1;0;1;1;2;-16,24468946;-47,9071337;"SPRF-DF";"DEL01-DF";"UOP01-DEL01-DF"
561856;2023-11-17;"sexta-feira";"13:45:00";"SP";116;435;"REGISTRO";"Reação tardia ou ineficiente do condutor";"Saída de leito carroçável";"Sem Vítimas";"Pleno dia";"Decrescente";"Nublado";"Múltipla";"Reta";"Não";1;0;0;0;1;0;0;1;-24,42978592;-47,78559107;"SPRF-SP";"DEL05-SP";"UOP01-DEL05-SP"
561857;2023-11-17;"sexta-feira";"14:30:00";"RJ";116;182;"NOVA IGUACU";"Reação tardia ou ineficiente do condutor";"Colisão traseira";"Com Vítimas Feridas";"Pleno dia";"Crescente";"Céu Claro";"Dupla";"Reta";"Sim";3;0;2;0;1;0;2;2;-22,7567755;-43,43107234;"SPRF-RJ";"DEL01-RJ";"UOP02-DEL01-RJ"
561858;2023-11-17;"sexta-feira";"14:41:00";"SC";101;189,6;"BIGUACU";"Velocidade Incompatível";"Colisão com objeto";"Com Vítimas Feridas";"Pleno dia";"Crescente";"Nublado";"Dupla";"Declive;Curva";"Não";2;0;0;1;1;0;1;1;-27,46498469;-48,64213943;"SPRF-SC";"DEL01-SC";"UOP01-DEL01-SC"
561859;2023-11-17;"sexta-feira";"11:55:00";"MG";116;349,2;"JAMPRUCA";"Reação tardia ou ineficiente do condutor";"Saída de leito carroçável";"Com Vítimas Feridas";"Pleno dia";"Crescente";"Céu Claro";"Simples";"Reta";"Não";1;0;0;1;0;0;1;1;-18,3854254;-41,80337796;"SPRF-MG";"DEL11-MG";"UOP01-DEL11-MG"
561860;2023-11-17;"sexta-feira";"12:40:00";"MG";262;799;"UBERABA";"Chuva";"Colisão lateral sentido oposto";"Com Vítimas Feridas";"Pleno dia";"Crescente";"Chuva";"Simples";"Reta";"Não";3;0;3;0;0;0;3;2;-19,77864246;-47,93629597;"SPRF-MG";"DEL13-MG";"UOP01-DEL13-MG"
561861;2023-11-17;"sexta-feira";"13:50:00";"PR";369;138,6;"IBIPORA";"Condutor Dormindo";"Colisão com objeto";"Com Vítimas Feridas";"Pleno dia";"Crescente";"Sol";"Simples";"Reta";"Sim";2;0;1;0;0;1;1;2;-23,27379242;-51,05558574;"SPRF-PR";"DEL07-PR";"UOP01-DEL07-PR"
561864;2023-11-17;"sexta-feira";"14:00:00";"PE";101;46,5;"IGARASSU";"Manobra de mudança de faixa";"Colisão lateral mesmo sentido";"Com Vítimas Feridas";"Pleno dia";"Crescente";"Céu Claro";"Múltipla";"Reta";"Sim";2;0;1;0;1;0;1;2;-7,87406004;-34,90588126;"SPRF-PE";"DEL01-PE";"UOP02-DEL01-PE"
561865;2023-11-17;"sexta-feira";"14:45:00";"RS";386;241,8;"SOLEDADE";"Acumulo de água sobre o pavimento";"Colisão frontal";"Com Vítimas Feridas";"Pleno dia";"Decrescente";"Chuva";"Simples";"Curva";"Não";2;0;1;1;0;0;2;2;-28,774895;-52,533451;"SPRF-RS";"DEL04-RS";"UOP03-DEL04-RS"
561866;2023-11-17;"sexta-feira";"12:40:00";"MT";163;786;"VERA";"Ingestão de álcool ou de substâncias psicoativas pelo pedestre";"Saída de leito carroçável";"Sem Vítimas";"Pleno dia";"Decrescente";"Céu Claro";"Simples";"Curva;Interseção de Vias";"Não";2;0;0;0;2;0;0;2;-12,28703081;-55,56173873;"SPRF-MT";"DEL06-MT";"UOP01-DEL06-MT"
561867;2023-11-17;"sexta-feira";"15:00:00";"MG";50;154;"UBERABA";"Reação tardia ou ineficiente do condutor";"Saída de leito carroçável";"Com Vítimas Feridas";"Pleno dia";"Crescente";"Céu Claro";"Dupla";"Reta";"Não";1;0;1;0;0;0;1;1;-19,59976082;-48,02524854;"SPRF-MG";"DEL13-MG";"UOP01-DEL13-MG"
561868;2023-11-17;"sexta-feira";"15:30:00";"PB";230;23;"JOAO PESSOA";"Condutor deixou de manter distância do veículo da frente";"Colisão lateral mesmo sentido";"Com Vítimas Feridas";"Pleno dia";"Decrescente";"Céu Claro";"Dupla";"Reta";"Sim";3;0;1;1;1;0;2;2;-7,15986622;-34,85937614;"SPRF-PB";"DEL01-PB";"UOP01-DEL01-PB"