"id";"data_inversa";"dia_semana";"horario";"uf";"br";"km";"municipio";"causa_acidente";"tipo_acidente";"classificacao_acidente";"fase_dia";"sentido_via";"condicao_metereologica";"tipo_pista";"tracado_via";"uso_solo";"pessoas";"mortos";"feridos_leves";"feridos_graves";"ilesos";"ignorados";"feridos";"veiculos";"latitude";"longitude";"regional";"delegacia";"uop"
561869;2023-11-17;"sexta-feira";"12:00:00";"TO";153;184;"NOVA OLINDA";"Condutor Dormindo";"Colisão lateral sentido oposto";"Com Vítimas Feridas";"Pleno dia";"Crescente";"Céu Claro";"Simples";"Reta";"Não";3;0;3;0;0;0;3;2;-7,51327207;-48,39265684;"SPRF-TO";"DEL02-TO";"UOP01-DEL02-TO"
561870;2023-11-17;"sexta-feira";"15:30:00";"SP";116;227,8;"SAO PAULO";"Reação tardia ou ineficiente do condutor";"Colisão traseira";"Com Vítimas Feridas";"Pleno dia";"Crescente";"Céu Claro";"Múltipla";"Reta";"Sim";2;0;0;1;1;0;1;2;-23,49659264;-46,55648754;"SPRF-SP";"DEL01-SP";"UOP01-DEL01-SP"
561872;2023-11-17;"sexta-feira";"14:30:00";"GO";60;360;"SANTO ANTONIO DA BARRA";"Reação tardia ou ineficiente do condutor";"Saída de leito carroçável";"Sem Vítimas";"Pleno dia";"Decrescente";"Chuva";"Dupla";"Curva";"Não";3;0;0;0;3;0;0;1;-17,6276;-50,7675;"SPRF-GO";"DEL04-GO";"UOP02-DEL04-GO"
561874;2023-11-17;"sexta-feira";"15:55:00";"PR";373;178;"PONTA GROSSA";"Transitar no Acostamento";"Colisão traseira";"Com Vítimas Feridas";"Pleno dia";"Crescente";"Céu Claro";"Dupla";"Reta";"Sim";2;0;1;0;1;0;1;2;-25,05025485;-50,23418475;"SPRF-PR";"DEL03-PR";"UOP01-DEL03-PR"
561875;2023-11-12;"domingo";"17:25:00";"RS";116;48,9;"VACARIA";"Avarias e/ou desgaste excessivo no pneu";"Colisão traseira";"Com Vítimas Feridas";"Anoitecer";"Crescente";"Chuva";"Simples";"Curva";"Não";3;0;3;0;0;0;3;2;-28,56556596;-50,99566405;"SPRF-RS";"DEL05-RS";"UOP03-DEL05-RS"
561876;2023-11-17;"sexta-feira";"16:30:00";"GO";60;94;"ANAPOLIS";"Condutor deixou de manter distância do veículo da frente";"Colisão traseira";"Com Vítimas Feridas";"Pleno dia";"Decrescente";"Céu Claro";"Simples";"Reta";"Não";2;0;1;0;1;0;1;2;-16,36010651;-48,93216133;"SPRF-GO";"DEL02-GO";"UOP01-DEL02-GO"
561877;2023-11-17;"sexta-feira";"16:20:00";"RJ";116;105,9;"GUAPIMIRIM";"Velocidade Incompatível";"Colisão com objeto";"Com Vítimas Feridas";"Pleno dia";"Crescente";"Céu Claro";"Simples";"Declive;Reta";"Sim";4;0;0;3;1;0;3;1;-22,51502902;-43,00052292;"SPRF-RJ";"DEL04-RJ";"UOP01-DEL04-RJ"
561878;2023-11-17;"sexta-feira";"16:24:00";"GO";20;7;"FORMOSA";"Ausência de reação do condutor";"Colisão lateral mesmo sentido";"Com Vítimas Feridas";"Pleno dia";"Crescente";"Sol";"Simples";"Aclive;Reta";"Não";2;0;1;0;1;0;1;2;-15,547604;-47,291592;"SPRF-DF";"DEL02-DF";"UOP02-DEL02-DF"
561879;2023-11-17;"sexta-feira";"15:53:00";"RS";116;522,6;"PELOTAS";"Avarias e/ou desgaste excessivo no pneu";"Queda de ocupante de veículo";"Com Vítimas Feridas";"Pleno dia";"Decrescente";"Nublado";"Dupla";"Reta";"Não";2;0;2;0;0;0;2;1;-31,71939718;-52,37917542;"SPRF-RS";"DEL07-RS";"UOP01-DEL07-RS"
561880;2023-11-17;"sexta-feira";"16:50:00";"SP";116;117,5;"TAUBATE";"Condutor deixou de manter distância do veículo da frente";"Colisão traseira";"Com Vítimas Feridas";"Pleno dia";"Decrescente";"Sol";"Dupla";"Reta";"Não";3;0;1;0;1;1;1;2;-23,0582298;-45,6176951;"SPRF-SP";"DEL02-SP";"UOP02-DEL02-SP"
561881;2023-11-17;"sexta-feira";"17:00:00";"SP";116;116;"TAUBATE";"Ausência de reação do condutor";"Colisão traseira";"Com Vítimas Feridas";"Pleno dia";"Crescente";"Céu Claro";"Dupla";"Reta";"Sim";2;0;0;1;1;0;1;2;-23,05376319;-45,6088049;"SPRF-SP";"DEL02-SP";"UOP02-DEL02-SP"
561882;2023-11-17;"sexta-feira";"16:30:00";"RJ";101;562,2;"PARATY";"Acessar a via sem observar a presença dos outros veículos";"Colisão transversal";"Com Vítimas Feridas";"Pleno dia";"Crescente";"Céu Claro";"Simples";"Curva";"Não";2;0;0;1;1;0;1;2;-23,133081;-44,70871;"SPRF-RJ";"DEL03-RJ";"UOP04-DEL03-RJ"
561883;2023-11-17;"sexta-feira";"16:20:00";"PR";376;614;"SAO JOSE DOS PINHAIS";"Manobra de mudança de faixa";"Colisão lateral mesmo sentido";"Com Vítimas Feridas";"Pleno dia";"Decrescente";"Chuva";"Simples";"Reta";"Sim";2;0;1;0;0;1;1;2;-25,565885;-49,182647;"SPRF-PR";"DEL01-PR";"UOP06-DEL01-PR"
561885;2023-11-17;"sexta-feira";"15:40:00";"MS";163;615,4;"SAO GABRIEL DO OESTE";"Acessar a via sem observar a presença dos outros veículos";"Colisão transversal";"Com Vítimas Feridas";"Pleno dia";"Crescente";"Céu Claro";"Simples";"Rotatória;Reta";"Sim";2;0;1;0;1;0;1;2;-19,39073637;-54,57060659;"SPRF-MS";"DEL06-MS";"UOP02-DEL06-MS"
561886;2023-10-17;"terça-feira";"02:30:00";"CE";116;4,8;"FORTALEZA";"Condutor deixou de manter distância do veículo da frente";"Colisão traseira";"Com Vítimas Fatais";"Plena Noite";"Crescente";"Céu Claro";"Múltipla";"Reta";"Sim";3;2;0;1;0;0;1;2;-3,7867209;-38,5114568;"SPRF-CE";"DEL01-CE";"UOP02-DEL01-CE"
561888;2023-11-17;"sexta-feira";"14:50:00";"RJ";101;456,5;"ANGRA DOS REIS";"Acessar a via sem observar a presença dos outros veículos";"Colisão transversal";"Com Vítimas Feridas";"Pleno dia";"Crescente";"Céu Claro";"Simples";"Interseção de Vias;Declive;Reta";"Sim";3;0;1;2;0;0;3;2;-23,03288558;-44,16793391;"SPRF-RJ";"DEL03-RJ";"UOP03-DEL03-RJ"
561890;2023-11-17;"sexta-feira";"09:40:00";"RJ";40;119;"DUQUE DE CAXIAS";"Condutor deixou de manter distância do veículo da frente";"Colisão traseira";"Com Vítimas Feridas";"Pleno dia";"Crescente";"Céu Claro";"Múltipla";"Reta";"Sim";3;0;0;1;2;0;1;2;-22,76375592;-43,28683062;"SPRF-RJ";"DEL01-RJ";"UOP01-DEL01-RJ"
561891;2023-11-17;"sexta-feira";"17:37:00";"PE";232;97;"BEZERROS";"Manobra de mudança de faixa";"Colisão lateral mesmo sentido";"Com Vítimas Feridas";"Plena Noite";"Decrescente";"Céu Claro";"Dupla";"Reta";"Não";3;0;2;0;1;0;2;2;-8,23379718;-35,71628894;"SPRF-PE";"DEL02-PE";"UOP02-DEL02PE"
561893;2023-11-17;"sexta-feira";"15:50:00";"RS";116;238;"NOVO HAMBURGO";"Pista Escorregadia";"Colisão com objeto";"Sem Vítimas";"Pleno dia";"Crescente";"Chuva";"Simples";"Viaduto;Curva";"Sim";1;0;0;0;1;0;0;1;-29,68739789;-51,14197352;"SPRF-RS";"DEL01-RS";"UOP02-DEL01-RS"
561895;2023-11-17;"sexta-feira";"18:40:00";"RS";116;57,8;"CAMPESTRE DA SERRA";"Avarias e/ou desgaste excessivo no pneu";"Saída de leito carroçável";"Sem Vítimas";"Anoitecer";"Decrescente";"Chuva";"Simples";"Curva";"Não";5;0;0;0;5;0;0;1;-28,61788952;-51,04425538;"SPRF-RS";"DEL05-RS";"UOP03-DEL05-RS"
561896;2023-11-17;"sexta-feira";"17:25:00";"RJ";116;188;"NOVA IGUACU";"Condutor deixou de manter distância do veículo da frente";"Engavetamento";"Com Vítimas Feridas";"Anoitecer";"Crescente";"Céu Claro";"Dupla";"Curva";"Sim";5;0;1;0;3;1;1;4;-22,7380709;-43,48213999;"SPRF-RJ";"DEL01-RJ";"UOP02-DEL01-RJ"
561897;2023-11-17;"sexta-feira";"18:30:00";"RS";386;354;"ESTRELA";"Acessar a via sem observar a presença dos outros veículos";"Colisão transversal";"Sem Vítimas";"Anoitecer";"Decrescente";"Chuva";"Dupla";"Em Obras;Retorno Regulamentado";"Não";2;0;0;0;2;0;0;2;-29,506611;-51,943012;"SPRF-RS";"DEL04-RS";"UOP01-DEL04-RS"
561898;2023-10-08;"domingo";"15:30:00";"ES";101;260,5;"SERRA";"Manobra de mudança de faixa";"Colisão lateral mesmo sentido";"Com Vítimas Feridas";"Pleno dia";"Decrescente";"Céu Claro";"Dupla";"Reta;Aclive";"Sim";5;0;1;1;3;0;2;2;-20,14616415;-40,28836206;"SPRF-ES";"DEL02-ES";"UOP01-DEL02-ES"
561899;2023-11-17;"sexta-feira";"17:10:00";"RJ";116;174;"SAO JOAO DE MERITI";"Ausência de reação do condutor";"Colisão lateral mesmo sentido";"Com Vítimas Feridas";"Pleno dia";"Crescente";"Céu Claro";"Múltipla";"Reta";"Sim";2;0;1;0;1;0;1;2;-22,79423806;-43,36403759;"SPRF-RJ";"DEL01-RJ";"UOP02-DEL01-RJ"
561901;2023-11-17;"sexta-feira";"18:00:00";"ES";447;14;"VILA VELHA";"Acessar a via sem observar a presença dos outros veículos";"Colisão transversal";"Com Vítimas Feridas";"Plena Noite";"Decrescente";"Céu Claro";"Dupla";"Reta";"Sim";2;0;1;1;0;0;2;2;-20,35784325;-40,3328294;"SPRF-ES";"DEL01-ES";"UOP01-DEL01-ES"
561904;2023-11-17;"sexta-feira";"19:00:00";"PB";101;109;"ALHANDRA";"Ingestão de álcool e/ou substâncias psicoativas pelo pedestre";"Capotamento";"Com Vítimas Feridas";"Plena Noite";"Decrescente";"Céu Claro";"Dupla";"Reta";"Sim";1;0;0;1;0;0;1;1;-7,34361299;-34,94797909;"SPRF-PB";"DEL01-PB";"UOP02-DEL01-PB"
561905;2023-11-17;"sexta-feira";"16:46:00";"ES";101;287;"CARIACICA";"Velocidade Incompatível";"Tombamento";"Com Vítimas Feridas";"Pleno dia";"Crescente";"Céu Claro";"Simples";"Reta";"Não";1;0;0;1;0;0;1;1;-20,26493528;-40,38471702;"SPRF-ES";"DEL01-ES";"UOP01-DEL01-ES"
561906;2023-11-17;"sexta-feira";"16:58:00";"MG";40;784,1;"JUIZ DE FORA";"Desrespeitar a preferência no cruzamento";"Colisão transversal";"Com Vítimas Feridas";"Pleno dia";"Decrescente";"Céu Claro";"Dupla";"Curva;Retorno Regulamentado";"Não";5;0;1;0;4;0;1;3;-21,71178893;-43,44743099;"SPRF-MG";"DEL05-MG";"UOP01-DEL05-MG"
561907;2023-11-17;"sexta-feira";"19:20:00";"SC";101;227;"PALHOCA";"Acumulo de areia ou detritos sobre o pavimento";"Tombamento";"Com Vítimas Feridas";"Plena Noite";"Crescente";"Nublado";"Simples";"Interseção de Vias";"Sim";2;0;1;0;1;0;1;1;-27,7509149;-48,63460277;"SPRF-SC";"DEL01-SC";"UOP02-DEL01-SC"
561909;2023-11-17;"sexta-feira";"19:15:00";"SC";101;260,2;"GAROPABA";"Velocidade Incompatível";"Saída de leito carroçável";"Com Vítimas Feridas";"Plena Noite";"Crescente";"Nublado";"Dupla";"Declive;Curva";"Não";1;0;1;0;0;0;1;1;-28,0210609;-48,69789507;"SPRF-SC";"DEL02-SC";"UOP03-DEL02-SC"
561911;2023-11-17;"sexta-feira";"17:50:00";"BA";367;25,7;"PORTO SEGURO";"Condutor deixou de manter distância do veículo da frente";"Colisão traseira";"Com Vítimas Feridas";"Anoitecer";"Decrescente";"Céu Claro";"Simples";"Reta";"Sim";3;0;1;0;2;0;1;3;-16,43805311;-39,09107101;"SPRF-BA";"DEL09-BA";"UOP03-DEL09-BA"
561912;2023-11-17;"sexta-feira";"13:20:00";"SP";0;0;"UBATUBA";"Conversão proibida";"Colisão transversal";"Com Vítimas Feridas";"Pleno dia";"Não Informado";"Céu Claro";"Simples";"Reta";"Sim";2;0;0;1;1;0;1;2;-23,43450962;-45,08726835;"SPRF-SP";"DEL06-SP";"UOP01-DEL06-SP"
561913;2023-11-17;"sexta-feira";"18:50:00";"ES";101;330;"GUARAPARI";"Demais falhas mecânicas ou elétricas";"Tombamento";"Com Vítimas Feridas";"Plena Noite";"Crescente";"Céu Claro";"Dupla";"Curva";"Não";1;0;0;1;0;0;1;1;-20,5929953;-40,50133975;"SPRF-ES";"DEL03-ES";"UOP01-DEL03-ES"
561916;2023-11-17;"sexta-feira";"18:05:00";"SC";280;101;"SAO BENTO DO SUL";"Reação tardia ou ineficiente do condutor";"Saída de leito carroçável";"Com Vítimas Feridas";"Anoitecer";"Crescente";"Nevoeiro/Neblina";"Simples";"Curva";"Não";2;0;1;0;1;0;1;1;-26,36622569;-49,34118748;"SPRF-SC";"DEL06-SC";"UOP03-DEL06-SC"
561918;2023-11-17;"sexta-feira";"20:30:00";"RJ";393;285;"VOLTA REDONDA";"Ausência de reação do condutor";"Colisão frontal";"Com Vítimas Feridas";"Plena Noite";"Decrescente";"Nublado";"Simples";"Rotatória";"Sim";4;0;2;0;2;0;2;2;-22,481726;-44,06308602;"SPRF-RJ";"DEL05-RJ";"UOP04-DEL05-RJ"
561919;2023-11-17;"sexta-feira";"16:00:00";"BA";324;401;"NOVA FATIMA";"Ultrapassagem Indevida";"Colisão frontal";"Com Vítimas Feridas";"Pleno dia";"Crescente";"Céu Claro";"Simples";"Aclive;Reta";"Não";8;0;4;2;2;0;6;2;-11,58663793;-39,65183093;"SPRF-BA";"DEL04-BA";"UOP02-DEL04-BA"
561921;2023-11-09;"quinta-feira";"06:40:00";"BA";116;422;"FEIRA DE SANTANA";"Reação tardia ou ineficiente do condutor";"Colisão transversal";"Com Vítimas Feridas";"Pleno dia";"Crescente";"Céu Claro";"Dupla";"Reta";"Não";3;0;2;0;0;1;2;2;-12,22064702;-38,96561131;"SPRF-BA";"DEL02-BA";"UOP01-DEL02-BA"
561923;2023-11-17;"sexta-feira";"15:20:00";"SP";116;219;"GUARULHOS";"Demais falhas mecânicas ou elétricas";"Incêndio";"Sem Vítimas";"Pleno dia";"Decrescente";"Nublado";"Múltipla";"Reta;Em Obras";"Sim";1;0;0;0;1;0;0;1;-23,46143954;-46,48885316;"SPRF-SP";"DEL01-SP";"UOP01-DEL01-SP"
561924;2023-11-17;"sexta-feira";"21:30:00";"PR";277;68;"SAO JOSE DOS PINHAIS";"Ausência de reação do condutor";"Capotamento";"Com Vítimas Feridas";"Plena Noite";"Crescente";"Nublado";"Dupla";"Reta";"Não";2;0;2;0;0;0;2;1;-25,54112281;-49,06183391;"SPRF-PR";"DEL01-PR";"UOP01-DEL01-PR"
561925;2023-11-17;"sexta-feira";"21:30:00";"SP";116;230;"SAO PAULO";"Trafegar com motocicleta (ou similar) entre as faixas";"Colisão lateral mesmo sentido";"Com Vítimas Feridas";"Plena Noite";"Decrescente";"Nublado";"Múltipla";"Reta";"Não";2;0;0;1;1;0;1;2;-23,52251783;-46,5855702;"SPRF-SP";"DEL01-SP";"UOP01-DEL01-SP"
561926;2023-11-17;"sexta-feira";"20:44:00";"ES";101;233;"FUNDAO";"Reação tardia ou ineficiente do condutor";"Queda de ocupante de veículo";"Com Vítimas Feridas";"Plena Noite";"Decrescente";"Céu Claro";"Simples";"Reta;Aclive";"Não";1;0;0;1;0;0;1;1;-19,961042;-40,406889;"SPRF-ES";"DEL02-ES";"UOP01-DEL02-ES"
561927;2023-11-17;"sexta-feira";"18:25:00";"MG";116;535,5;"SANTA RITA DE MINAS";"Transitar no Acostamento";"Atropelamento de Pedestre";"Com Vítimas Feridas";"Anoitecer";"Crescente";"Céu Claro";"Simples";"Curva";"Sim";2;0;1;1;0;0;2;2;-19,85292504;-42,14058636;"SPRF-MG";"DEL06-MG";"UOP02-DEL06-MG"
561928;2023-11-17;"sexta-feira";"21:00:00";"BA";116;861,2;"VITORIA DA CONQUISTA";"Pedestre andava na pista";"Atropelamento de Pedestre";"Com Vítimas Fatais";"Plena Noite";"Crescente";"Nublado";"Simples";"Reta;Interseção de Vias";"Sim";4;1;0;1;0;2;1;3;-15,137385;-41,043006;"SPRF-BA";"DEL08-BA";"UOP01-DEL08-BA"
561932;2023-11-17;"sexta-feira";"18:25:00";"RN";101;83;"SAO GONCALO DO AMARANTE";"Estacionar ou parar em local proibido";"Colisão traseira";"Com Vítimas Feridas";"Plena Noite";"Crescente";"Céu Claro";"Dupla";"Reta";"Sim";2;0;1;0;1;0;1;2;-5,7710445;-35,26616981;"SPRF-RN";"DEL02-RN";"UOP01-DEL02-RN"
561933;2023-11-17;"sexta-feira";"21:20:00";"PR";277;586,4;"CASCAVEL";"Acessar a via sem observar a presença dos outros veículos";"Colisão transversal";"Com Vítimas Feridas";"Plena Noite";"Crescente";"Nublado";"Simples";"Reta";"Sim";3;0;2;0;1;0;2;2;-24,9649472;-53,4210459;"SPRF-PR";"DEL04-PR";"UOP01-DEL04-PR"
561934;2023-11-17;"sexta-feira";"09:00:00";"RJ";493;1;"ITABORAI";"Conversão proibida";"Colisão transversal";"Com Vítimas Feridas";"Pleno dia";"Decrescente";"Céu Claro";"Simples";"Reta";"Sim";3;0;0;1;2;0;1;2;-22,76398788;-42,92731895;"SPRF-RJ";"DEL02-RJ";"UOP02-DEL02-RJ"
561935;2023-11-17;"sexta-feira";"21:30:00";"MA";316;517,6;"CAXIAS";"Acessar a via sem observar a presença dos outros veículos";"Colisão transversal";"Com Vítimas Fatais";"Plena Noite";"Crescente";"Céu Claro";"Simples";"Reta";"Não";2;1;0;0;0;1;0;2;-4,768307;-43,623756;"SPRF-MA";"DEL03-MA";"UOP02-DEL03-MA"
561936;2023-11-17;"sexta-feira";"22:40:00";"RJ";116;1;"SAPUCAIA";"Acessar a via sem observar a presença dos outros veículos";"Colisão transversal";"Com Vítimas Feridas";"Plena Noite";"Decrescente";"Céu Claro";"Simples";"Reta";"Sim";2;0;1;0;1;0;1;2;-21,87743576;-42,67292698;"SPRF-RJ";"DEL05-RJ";"UOP01-DEL05-RJ"
561937;2023-11-17;"sexta-feira";"22:00:00";"PR";153;14;"JACAREZINHO";"Ingestão de álcool ou de substâncias psicoativas pelo pedestre";"Atropelamento de Pedestre";"Com Vítimas Feridas";"Plena Noite";"Decrescente";"Nublado";"Simples";"Reta";"Não";2;0;1;1;0;0;2;2;-23,11032208;-49,94221363;"SPRF-PR";"DEL07-PR";"UOP04-DEL07-PR"
561942;2023-11-17;"sexta-feira";"20:55:00";"PB";230;464,4;"SOUSA";"Acessar a via sem observar a presença dos outros veículos";"Colisão transversal";"Com Vítimas Feridas";"Plena Noite";"Crescente";"Céu Claro";"Simples";"Reta";"Sim";2;0;1;0;0;1;1;2;-6,780043;-38,248832;"SPRF-PB";"DEL03-PB";"UOP03-DEL03-PB"
561943;2023-11-17;"sexta-feira";"23:55:00";"ES";101;450;"MIMOSO DO SUL";"Reação tardia ou ineficiente do condutor";"Tombamento";"Com Vítimas Feridas";"Plena Noite";"Decrescente";"Céu Claro";"Simples";"Curva;Declive";"Não";2;0;0;2;0;0;2;1;-21,14473102;-41,27036927;"SPRF-ES";"DEL03-ES";"UOP02-DEL03-ES"
561944;2023-11-17;"sexta-feira";"23:35:00";"GO";40;2;"VALPARAISO DE GOIAS";"Manobra de mudança de faixa";"Colisão lateral mesmo sentido";"Com Vítimas Feridas";"Plena Noite";"Crescente";"Garoa/Chuvisco";"Dupla";"Reta";"Sim";3;0;0;2;1;0;2;2;-16,067129;-47,984235;"SPRF-DF";"DEL01-DF";"UOP01-DEL01-DF"
561945;2023-11-18;"sábado";"00:00:00";"RS";290;98;"PORTO ALEGRE";"Ausência de reação do condutor";"Colisão traseira";"Sem Vítimas";"Plena Noite";"Decrescente";"Chuva";"Dupla";"Reta";"Não";2;0;0;0;2;0;0;2;-29,994816;-51,217403;"SPRF-RS";"DEL01-RS";"UOP01-DEL01-RS"
561946;2023-11-17;"sexta-feira";"22:50:00";"BA";242;203;"ITABERABA";"Reação tardia ou ineficiente do condutor";"Saída de leito carroçável";"Com Vítimas Feridas";"Plena Noite";"Decrescente";"Céu Claro";"Simples";"Reta";"Não";1;0;1;0;0;0;1;1;-12,52044392;-40,076847;"SPRF-BA";"DEL06-BA";"UOP02-DEL06-BA"
561947;2023-11-18;"sábado";"00:20:00";"GO";40;7,9;"VALPARAISO DE GOIAS";"Ingestão de álcool pelo condutor";"Colisão traseira";"Com Vítimas Feridas";"Plena Noite";"Crescente";"Céu Claro";"Dupla";"Reta";"Sim";3;0;1;0;2;0;1;2;-16,108482;-47,972524;"SPRF-DF";"DEL01-DF";"UOP01-DEL01-DF"
561948;2023-11-18;"sábado";"00:40:00";"MG";381;508;"SAO JOAQUIM DE BICAS";"Condutor Dormindo";"Colisão com objeto";"Com Vítimas Feridas";"Plena Noite";"Decrescente";"Céu Claro";"Dupla";"Curva";"Sim";2;0;1;0;0;1;1;2;-20,04492;-44,27148;"SPRF-MG";"DEL01-MG";"UOP03-DEL01-MG"
561950;2023-11-17;"sexta-feira";"19:30:00";"SC";470;203,8;"PONTE ALTA";"Objeto estático sobre o leito carroçável";"Colisão com objeto";"Com Vítimas Feridas";"Plena Noite";"Decrescente";"Nevoeiro/Neblina";"Simples";"Reta;Declive";"Não";3;0;2;0;1;0;2;1;-27,28935;-50,16645;"SPRF-SC";"DEL05-SC";"UOP03-DEL05-SC"
561951;2023-11-18;"sábado";"01:35:00";"MG";381;840;"SAO SEBASTIAO DA BELA VISTA";"Velocidade Incompatível";"Queda de ocupante de veículo";"Com Vítimas Feridas";"Plena Noite";"Decrescente";"Céu Claro";"Dupla";"Reta;Declive";"Não";1;0;1;0;0;0;1;1;-22,20222397;-45,86078203;"SPRF-MG";"DEL16-MG";"UOP01-DEL16-MG"
561953;2023-11-18;"sábado";"00:30:00";"MG";381;532,5;"ITATIAIUCU";"Objeto estático sobre o leito carroçável";"Colisão com objeto";"Com Vítimas Feridas";"Plena Noite";"Decrescente";"Céu Claro";"Dupla";"Curva";"Não";3;0;1;0;2;0;1;1;-20,1904316;-44,38268793;"SPRF-MG";"DEL04-MG";"UOP03-DEL04-MG"
561956;2023-11-18;"sábado";"01:00:00";"PI";343;590;"FLORIANO";"Ausência de reação do condutor";"Queda de ocupante de veículo";"Com Vítimas Feridas";"Plena Noite";"Decrescente";"Céu Claro";"Simples";"Reta";"Sim";1;0;1;0;0;0;1;1;-6,783895;-43,015095;"SPRF-PI";"DEL03-PI";"UOP01-DEL03-PI"
561958;2023-11-18;"sábado";"01:00:00";"MG";40;610,8;"CONGONHAS";"Condutor Dormindo";"Capotamento";"Com Vítimas Feridas";"Plena Noite";"Decrescente";"Nublado";"Simples";"Viaduto;Curva";"Não";1;0;1;0;0;0;1;1;-20,5019758;-43,83840447;"SPRF-MG";"DEL05-MG";"UOP02-DEL05-MG"
561959;2023-11-18;"sábado";"02:28:00";"GO";153;528,8;"HIDROLANDIA";"Animais na Pista";"Atropelamento de Animal";"Com Vítimas Feridas";"Plena Noite";"Crescente";"Céu Claro";"Dupla";"Reta";"Não";2;0;1;0;1;0;1;1;-16,9533;-49,2437;"SPRF-GO";"DEL01-GO";"UOP03-DEL01-GO"
561960;2023-11-17;"sexta-feira";"23:40:00";"MG";50;172;"UBERABA";"Pedestre cruzava a pista fora da faixa";"Atropelamento de Pedestre";"Com Vítimas Fatais";"Plena Noite";"Decrescente";"Nublado";"Dupla";"Reta";"Sim";2;1;0;0;0;1;0;2;-19,74554892;-47,98382166;"SPRF-MG";"DEL13-MG";"UOP01-DEL13-MG"
561961;2023-11-18;"sábado";"02:00:00";"PI";316;0,8;"TERESINA";"Ingestão de álcool pelo condutor";"Colisão com objeto";"Com Vítimas Feridas";"Plena Noite";"Crescente";"Céu Claro";"Simples";"Ponte";"Não";1;0;1;0;0;0;1;1;-5,131168;-42,81564;"SPRF-PI";"DEL01-PI";"UOP02-DEL01-PI"
561962;2023-11-18;"sábado";"02:15:00";"PR";163;269;"TOLEDO";"Ingestão de álcool pelo condutor";"Saída de leito carroçável";"Com Vítimas Feridas";"Plena Noite";"Crescente";"Céu Claro";"Dupla";"Reta";"Não";1;0;1;0;0;0;1;1;-24,62546569;-53,89802092;"SPRF-PR";"DEL06-PR";"UOP02-DEL06-PR"
561964;2023-11-18;"sábado";"03:00:00";"PR";163;278;"QUATRO PONTES";"Ingestão de álcool pelo condutor";"Saída de leito carroçável";"Sem Vítimas";"Plena Noite";"Crescente";"Nublado";"Simples";"Reta;Em Obras;Declive";"Não";1;0;0;0;1;0;0;1;-24,60094197;-53,98016768;"SPRF-PR";"DEL06-PR";"UOP02-DEL06-PR"
561966;2023-11-18;"sábado";"01:25:00";"RJ";393;255;"BARRA DO PIRAI";"Pedestre andava na pista";"Atropelamento de Pedestre";"Com Vítimas Feridas";"Plena Noite";"Crescente";"Nublado";"Dupla";"Reta";"Sim";2;0;0;1;0;1;1;2;-22,45028541;-43,7987758;"SPRF-RJ";"DEL05-RJ";"UOP04-DEL05-RJ"
561968;2023-11-18;"sábado";"03:00:00";"SC";282;582;"PINHALZINHO";"Ingestão de álcool pelo condutor";"Colisão frontal";"Com Vítimas Feridas";"Plena Noite";"Crescente";"Céu Claro";"Dupla";"Curva";"Não";5;0;4;0;1;0;4;2;-26,82866639;-53,00971985;"SPRF-SC";"DEL07-SC";"UOP02-DEL07-SC"
561969;2023-11-18;"sábado";"03:35:00";"RJ";101;556,8;"PARATY";"Velocidade Incompatível";"Saída de leito carroçável";"Com Vítimas Feridas";"Amanhecer";"Decrescente";"Céu Claro";"Simples";"Curva";"Não";2;0;1;0;1;0;1;1;-23,09154148;-44,6958992;"SPRF-RJ";"DEL03-RJ";"UOP04-DEL03-RJ"
561970;2023-11-18;"sábado";"01:40:00";"PE";232;450,5;"SAO JOSE DO BELMONTE";"Ingestão de álcool pelo condutor";"Colisão frontal";"Com Vítimas Fatais";"Plena Noite";"Decrescente";"Céu Claro";"Simples";"Curva;Aclive";"Não";2;1;1;0;0;0;1;2;-7,98214482;-38,63480402;"SPRF-PE";"DEL04-PE";"UOP01-DEL04-PE"
561971;2023-11-18;"sábado";"04:20:00";"SC";101;148;"ITAPEMA";"Ingestão de álcool pelo condutor";"Colisão traseira";"Com Vítimas Feridas";"Plena Noite";"Decrescente";"Céu Claro";"Múltipla";"Reta";"Não";2;0;1;0;1;0;1;2;-27,10123686;-48,61807962;"SPRF-SC";"DEL04-SC";"UOP03-DEL04-SC"
561973;2023-11-18;"sábado";"03:30:00";"BA";330;825;"IPIAU";"Reação tardia ou ineficiente do condutor";"Capotamento";"Com Vítimas Feridas";"Plena Noite";"Crescente";"Céu Claro";"Simples";"Curva";"Não";1;0;1;0;0;0;1;1;-14,05165165;-39,81172061;"SPRF-BA";"DEL03-BA";"UOP01-DEL03-BA"
561974;2023-11-18;"sábado";"05:00:00";"PA";316;60;"CASTANHAL";"Reação tardia ou ineficiente do condutor";"Queda de ocupante de veículo";"Com Vítimas Fatais";"Amanhecer";"Decrescente";"Céu Claro";"Dupla";"Reta";"Sim";2;1;0;0;1;0;0;2;-1,29772957;-47,95528793;"SPRF-PA";"DEL01-PA";"UOP01-DEL01-PA"
561975;2023-11-18;"sábado";"05:20:00";"PR";277;695;"SAO MIGUEL DO IGUACU";"Condutor deixou de manter distância do veículo da frente";"Colisão traseira";"Sem Vítimas";"Amanhecer";"Crescente";"Nublado";"Dupla";"Declive";"Sim";2;0;0;0;1;1;0;2;-25,38205385;-54,28673709;"SPRF-PR";"DEL05-PR";"UOP01-DEL05-PR"