"id";"data_inversa";"dia_semana";"horario";"uf";"br";"km";"municipio";"causa_acidente";"tipo_acidente";"classificacao_acidente";"fase_dia";"sentido_via";"condicao_metereologica";"tipo_pista";"tracado_via";"uso_solo";"pessoas";"mortos";"feridos_leves";"feridos_graves";"ilesos";"ignorados";"feridos";"veiculos";"latitude";"longitude";"regional";"delegacia";"uop"
562084;2023-11-18;"sábado";"16:23:00";"ES";101;289,7;"CARIACICA";"Avarias e/ou desgaste excessivo no pneu";"Tombamento";"Com Vítimas Feridas";"Pleno dia";"Crescente";"Céu Claro";"Dupla";"Reta";"Sim";1;0;1;0;0;0;1;1;-20,285937;-40,392402;"SPRF-ES";"DEL01-ES";"UOP01-DEL01-ES"
562085;2023-11-18;"sábado";"16:00:00";"RJ";101;524;"ANGRA DOS REIS";"Acessar a via sem observar a presença dos outros veículos";"Colisão transversal";"Com Vítimas Feridas";"Pleno dia";"Crescente";"Sol";"Simples";"Aclive;Interseção de Vias";"Não";2;0;1;0;1;0;1;2;-22,99959786;-44,47765217;"SPRF-RJ";"DEL03-RJ";"UOP03-DEL03-RJ"
562086;2023-11-18;"sábado";"16:50:00";"ES";101;146,6;"LINHARES";"Pista Escorregadia";"Queda de ocupante de veículo";"Com Vítimas Feridas";"Pleno dia";"Decrescente";"Céu Claro";"Dupla";"Reta";"Sim";1;0;1;0;0;0;1;1;-19,36990998;-40,06560718;"SPRF-ES";"DEL04-ES";"UOP01-DEL04-ES"
562087;2023-11-18;"sábado";"16:00:00";"RJ";40;82;"PETROPOLIS";"Demais falhas mecânicas ou elétricas";"Incêndio";"Sem Vítimas";"Pleno dia";"Decrescente";"Céu Claro";"Simples";"Reta;Aclive";"Não";1;0;0;0;1;0;0;1;-22,53236813;-43,21931362;"SPRF-RJ";"DEL06-RJ";"UOP01-DEL06-RJ"
562088;2023-11-18;"sábado";"16:05:00";"SC";282;22,9;"SANTO AMARO DA IMPERATRIZ";"Ultrapassagem Indevida";"Colisão lateral mesmo sentido";"Com Vítimas Feridas";"Pleno dia";"Decrescente";"Nublado";"Simples";"Curva";"Sim";4;0;0;1;1;2;1;3;-27,688507;-48,72739;"SPRF-SC";"DEL01-SC";"UOP02-DEL01-SC"
562090;2023-11-18;"sábado";"16:30:00";"SE";235;18;"LARANJEIRAS";"Reação tardia ou ineficiente do condutor";"Colisão com objeto";"Com Vítimas Feridas";"Pleno dia";"Decrescente";"Céu Claro";"Simples";"Reta;Ponte";"Não";2;0;0;2;0;0;2;1;-10,846077;-37,209404;"SPRF-SE";"DEL01-SE";"UOP02-DEL01-SE"
562091;2023-11-18;"sábado";"06:00:00";"MS";163;490;"CAMPO GRANDE";"Condutor Dormindo";"Colisão com objeto";"Com Vítimas Feridas";"Pleno dia";"Decrescente";"Céu Claro";"Simples";"Declive;Curva";"Sim";1;0;1;0;0;0;1;1;-20,40017983;-54,55539878;"SPRF-MS";"DEL01-MS";"UOP02-DEL01-MS"
562092;2023-11-18;"sábado";"15:45:00";"RJ";116;170;"RIO DE JANEIRO";"Ingestão de álcool pelo condutor";"Colisão lateral mesmo sentido";"Com Vítimas Feridas";"Pleno dia";"Decrescente";"Céu Claro";"Dupla";"Reta";"Sim";2;0;1;0;1;0;1;2;-22,81113183;-43,3336729;"SPRF-RJ";"DEL01-RJ";"UOP02-DEL01-RJ"
562094;2023-11-18;"sábado";"17:20:00";"PA";230;748,4;"MEDICILANDIA";"Ingestão de álcool pelo condutor";"Colisão frontal";"Com Vítimas Feridas";"Pleno dia";"Crescente";"Céu Claro";"Simples";"Reta;Aclive";"Não";5;0;0;1;2;2;1;3;-3,45084124;-52,9195799;"SPRF-PA";"DEL04-PA";"UOP01-DEL04-PA"
562096;2023-11-18;"sábado";"13:50:00";"AC";364;155;"BUJARI";"Conversão proibida";"Colisão transversal";"Com Vítimas Feridas";"Pleno dia";"Crescente";"Céu Claro";"Dupla";"Rotatória;Reta";"Sim";2;0;1;0;1;0;1;2;-9,83896251;-67,94010271;"SPRF-AC";"DEL01-AC";"UOP01-DEL01-AC"
562097;2023-11-18;"sábado";"17:15:00";"PR";277;727;"FOZ DO IGUACU";"Acumulo de óleo sobre o pavimento";"Saída de leito carroçável";"Sem Vítimas";"Pleno dia";"Crescente";"Nublado";"Dupla";"Viaduto";"Sim";1;0;0;0;1;0;0;1;-25,51017487;-54,56454899;"SPRF-PR";"DEL05-PR";"UOP03-DEL05-PR"
562098;2023-11-18;"sábado";"17:00:00";"SC";101;205,7;"SAO JOSE";"Reação tardia ou ineficiente do condutor";"Colisão traseira";"Com Vítimas Feridas";"Pleno dia";"Crescente";"Nublado";"Múltipla";"Reta";"Sim";3;0;1;0;2;0;1;2;-27,58313237;-48,61532885;"SPRF-SC";"DEL01-SC";"UOP01-DEL01-SC"
562101;2023-11-18;"sábado";"17:00:00";"MG";365;850;"SANTA VITORIA";"Ausência de reação do condutor";"Saída de leito carroçável";"Com Vítimas Feridas";"Anoitecer";"Decrescente";"Céu Claro";"Simples";"Curva";"Não";3;0;0;1;0;2;1;2;-19,01387096;-50,31917103;"SPRF-MG";"DEL15-MG";"UOP03-DEL15-MG"
562102;2023-11-18;"sábado";"17:40:00";"PB";230;24;"JOAO PESSOA";"Reação tardia ou ineficiente do condutor";"Colisão lateral mesmo sentido";"Com Vítimas Feridas";"Anoitecer";"Crescente";"Céu Claro";"Dupla";"Reta";"Sim";2;0;0;1;1;0;1;2;-7,1637;-34,8618;"SPRF-PB";"DEL01-PB";"UOP01-DEL01-PB"
562103;2023-11-18;"sábado";"15:50:00";"MG";116;489,7;"INHAPIM";"Conversão proibida";"Colisão frontal";"Com Vítimas Feridas";"Pleno dia";"Crescente";"Céu Claro";"Simples";"Curva";"Não";3;0;2;0;1;0;2;2;-19,46771319;-42,13403065;"SPRF-MG";"DEL06-MG";"UOP02-DEL06-MG"
562104;2023-11-18;"sábado";"18:20:00";"PB";230;23;"JOAO PESSOA";"Condutor deixou de manter distância do veículo da frente";"Colisão traseira";"Com Vítimas Feridas";"Plena Noite";"Crescente";"Céu Claro";"Dupla";"Reta";"Sim";2;0;1;0;1;0;1;2;-7,1562;-34,8574;"SPRF-PB";"DEL01-PB";"UOP01-DEL01-PB"
562107;2023-11-18;"sábado";"18:20:00";"RS";472;578;"URUGUAIANA";"Acessar a via sem observar a presença dos outros veículos";"Colisão transversal";"Com Vítimas Feridas";"Pleno dia";"Decrescente";"Sol";"Simples";"Reta";"Sim";2;0;0;1;1;0;1;2;-29,7671399;-57,018372;"SPRF-RS";"DEL13-RS";"UOP01-DEL13-RS"
562108;2023-11-18;"sábado";"17:55:00";"RN";304;44;"MOSSORO";"Ausência de reação do condutor";"Colisão com objeto";"Sem Vítimas";"Plena Noite";"Crescente";"Céu Claro";"Dupla";"Reta";"Sim";1;0;0;0;0;1;0;1;-5,22351428;-37,35781214;"SPRF-RN";"DEL04-RN";"UOP01-DEL04-RN"
562109;2023-11-18;"sábado";"18:30:00";"GO";40;5,2;"VALPARAISO DE GOIAS";"Entrada inopinada do pedestre";"Atropelamento de Pedestre";"Com Vítimas Feridas";"Anoitecer";"Decrescente";"Céu Claro";"Dupla";"Reta";"Não";2;0;1;0;1;0;1;2;-16,093134;-47,982236;"SPRF-DF";"DEL01-DF";"UOP01-DEL01-DF"
562111;2023-11-18;"sábado";"18:10:00";"MG";40;40;"PARACATU";"Reação tardia ou ineficiente do condutor";"Queda de ocupante de veículo";"Com Vítimas Feridas";"Anoitecer";"Crescente";"Garoa/Chuvisco";"Simples";"Reta";"Sim";1;0;0;1;0;0;1;1;-17,21013894;-46,88089301;"SPRF-MG";"DEL14-MG";"UOP01-DEL14-MG"
562112;2023-11-18;"sábado";"18:31:00";"PE";232;512;"SALGUEIRO";"Reação tardia ou ineficiente do condutor";"Colisão traseira";"Com Vítimas Feridas";"Plena Noite";"Crescente";"Céu Claro";"Simples";"Reta";"Não";2;0;1;0;1;0;1;2;-8,07319601;-39,15511499;"SPRF-PE";"DEL05-PE";"UOP01-DEL05-PE"
562113;2023-11-18;"sábado";"05:40:00";"GO";414;378;"CORUMBA DE GOIAS";"Reação tardia ou ineficiente do condutor";"Saída de leito carroçável";"Sem Vítimas";"Pleno dia";"Crescente";"Céu Claro";"Simples";"Reta";"Não";1;0;0;0;0;1;0;1;-15,83127599;-48,78021276;"SPRF-GO";"DEL02-GO";"UOP01-DEL02-GO"
562114;2023-10-25;"quarta-feira";"16:45:00";"PR";277;730;"FOZ DO IGUACU";"Ausência de reação do condutor";"Queda de ocupante de veículo";"Com Vítimas Feridas";"Pleno dia";"Crescente";"Ignorado";"Simples";"Ponte;Reta";"Sim";2;0;0;1;1;0;1;1;-25,50951149;-54,59963143;"SPRF-PR";"DEL05-PR";"UOP03-DEL05-PR"
562117;2023-11-18;"sábado";"18:20:00";"PE";232;157;"TACAIMBO";"Manobra de mudança de faixa";"Colisão lateral sentido oposto";"Com Vítimas Feridas";"Pleno dia";"Crescente";"Céu Claro";"Simples";"Reta";"Não";5;0;0;1;4;0;1;2;-8,32994251;-36,22627296;"SPRF-PE";"DEL03-PE";"UOP02-DEL03-PE"
562118;2023-11-18;"sábado";"17:00:00";"RO";364;284;"PRESIDENTE MEDICI";"Avarias e/ou desgaste excessivo no pneu";"Saída de leito carroçável";"Com Vítimas Feridas";"Pleno dia";"Crescente";"Céu Claro";"Simples";"Reta";"Não";5;0;2;0;3;0;2;1;-11,36784623;-61,83863509;"SPRF-RO";"DEL02-RO";"UOP01-DEL02-RO"
562119;2023-11-18;"sábado";"19:30:00";"SE";101;196;"CRISTINAPOLIS";"Carga excessiva e/ou mal acondicionada";"Saída de leito carroçável";"Com Vítimas Feridas";"Plena Noite";"Decrescente";"Céu Claro";"Simples";"Curva";"Não";3;0;1;2;0;0;3;2;-11,46225469;-37,74281194;"SPRF-SE";"DEL02-SE";"UOP03-DEL02-SE"
562120;2023-11-18;"sábado";"17:15:00";"MT";364;202;"RONDONOPOLIS";"Reação tardia ou ineficiente do condutor";"Tombamento";"Com Vítimas Feridas";"Pleno dia";"Crescente";"Céu Claro";"Dupla";"Reta";"Sim";1;0;1;0;0;0;1;1;-16,48347324;-54,64970354;"SPRF-MT";"DEL02-MT";"UOP01-DEL02-MT"
562121;2023-11-18;"sábado";"14:40:00";"PA";316;50;"SANTA IZABEL DO PARA";"Reação tardia ou ineficiente do condutor";"Tombamento";"Com Vítimas Feridas";"Pleno dia";"Decrescente";"Nublado";"Dupla";"Reta";"Sim";2;0;2;0;0;0;2;1;-1,304277;-48,04272;"SPRF-PA";"DEL01-PA";"UOP01-DEL01-PA"
562122;2023-11-18;"sábado";"20:00:00";"GO";153;507;"GOIANIA";"Ausência de reação do condutor";"Saída de leito carroçável";"Com Vítimas Feridas";"Plena Noite";"Crescente";"Céu Claro";"Múltipla";"Reta";"Sim";1;0;1;0;0;0;1;1;-16,7715;-49,2387;"SPRF-GO";"DEL01-GO";"UOP03-DEL01-GO"
562123;2023-11-18;"sábado";"20:02:00";"GO";60;94;"ANAPOLIS";"Demais falhas na via";"Queda de ocupante de veículo";"Com Vítimas Feridas";"Plena Noite";"Crescente";"Céu Claro";"Simples";"Curva";"Sim";1;0;1;0;0;0;1;1;-16,3611;-48,9328;"SPRF-GO";"DEL02-GO";"UOP01-DEL02-GO"
562124;2023-11-18;"sábado";"09:40:00";"BA";101;654;"ITAPEBI";"Velocidade Incompatível";"Saída de leito carroçável";"Com Vítimas Fatais";"Pleno dia";"Crescente";"Céu Claro";"Simples";"Curva";"Não";2;1;0;0;1;0;0;1;-15,899152;-39,549758;"SPRF-BA";"DEL05-BA";"UOP02-DEL05-BA"
562125;2023-11-18;"sábado";"19:01:00";"PB";230;20;"JOAO PESSOA";"Ingestão de álcool pelo condutor";"Engavetamento";"Com Vítimas Feridas";"Plena Noite";"Crescente";"Céu Claro";"Dupla";"Reta";"Sim";4;0;2;0;1;1;2;3;-7,1337;-34,8544;"SPRF-PB";"DEL01-PB";"UOP01-DEL01-PB"
562126;2023-11-18;"sábado";"20:00:00";"RS";116;264;"CANOAS";"Acessar a via sem observar a presença dos outros veículos";"Colisão lateral mesmo sentido";"Com Vítimas Feridas";"Plena Noite";"Crescente";"Céu Claro";"Dupla";"Reta";"Sim";3;0;1;0;2;0;1;3;-29,91378344;-51,17778182;"SPRF-RS";"DEL01-RS";"UOP01-DEL01-RS"
562127;2023-11-18;"sábado";"19:50:00";"RJ";116;177;"SAO JOAO DE MERITI";"Chuva";"Colisão lateral mesmo sentido";"Com Vítimas Feridas";"Plena Noite";"Crescente";"Céu Claro";"Dupla";"Reta";"Sim";2;0;1;0;1;0;1;2;-22,78055198;-43,39208599;"SPRF-RJ";"DEL01-RJ";"UOP02-DEL01-RJ"
562131;2023-11-18;"sábado";"16:00:00";"PA";230;751;"MEDICILANDIA";"Ultrapassagem Indevida";"Colisão transversal";"Com Vítimas Feridas";"Pleno dia";"Crescente";"Céu Claro";"Simples";"Reta;Declive";"Não";2;0;0;1;1;0;1;2;-3,44062176;-52,88165808;"SPRF-PA";"DEL04-PA";"UOP01-DEL04-PA"
562132;2023-11-18;"sábado";"20:30:00";"SP";381;76,5;"SAO PAULO";"Ausência de reação do condutor";"Saída de leito carroçável";"Sem Vítimas";"Plena Noite";"Crescente";"Nublado";"Múltipla";"Declive;Curva";"Não";1;0;0;0;1;0;0;1;-23,38372401;-46,56502116;"SPRF-SP";"DEL03-SP";"UOP01-DEL03-SP"
562133;2023-11-18;"sábado";"20:00:00";"SC";101;429,8;"SOMBRIO";"Ingestão de álcool pelo condutor";"Colisão traseira";"Com Vítimas Feridas";"Plena Noite";"Decrescente";"Nublado";"Múltipla";"Reta";"Não";2;0;1;0;1;0;1;2;-29,04753891;-49,61825012;"SPRF-SC";"DEL02-SC";"UOP02-DEL02-SC"
562135;2023-11-18;"sábado";"20:40:00";"SC";101;291;"IMBITUBA";"Acessar a via sem observar a presença dos outros veículos";"Colisão frontal";"Sem Vítimas";"Plena Noite";"Crescente";"Nublado";"Simples";"Interseção de Vias";"Não";3;0;0;0;3;0;0;2;-28,28960314;-48,70724738;"SPRF-SC";"DEL02-SC";"UOP03-DEL02-SC"
562137;2023-11-18;"sábado";"20:55:00";"GO";153;442;"ANAPOLIS";"Manobra de mudança de faixa";"Colisão lateral mesmo sentido";"Com Vítimas Feridas";"Plena Noite";"Crescente";"Céu Claro";"Dupla";"Reta;Aclive";"Sim";2;0;1;0;1;0;1;2;-16,325272;-48,922024;"SPRF-GO";"DEL02-GO";"UOP01-DEL02-GO"
562138;2023-11-18;"sábado";"20:30:00";"SC";470;35,3;"GASPAR";"Ausência de reação do condutor";"Colisão com objeto";"Com Vítimas Feridas";"Plena Noite";"Crescente";"Céu Claro";"Simples";"Reta;Em Obras;Desvio Temporário";"Não";2;0;1;1;0;0;2;1;-26,91324681;-48,96241128;"SPRF-SC";"DEL04-SC";"UOP01-DEL04-SC"
562139;2023-11-18;"sábado";"20:35:00";"SC";470;35,3;"GASPAR";"Ingestão de álcool pelo condutor";"Atropelamento de Pedestre";"Com Vítimas Fatais";"Plena Noite";"Crescente";"Nevoeiro/Neblina";"Simples";"Reta;Em Obras";"Não";3;1;0;0;1;1;0;2;-26,91324681;-48,96226108;"SPRF-SC";"DEL04-SC";"UOP01-DEL04-SC"
562140;2023-11-18;"sábado";"20:00:00";"PA";10;341;"SANTA MARIA DO PARA";"Transitar na contramão";"Colisão frontal";"Com Vítimas Fatais";"Plena Noite";"Crescente";"Céu Claro";"Simples";"Reta";"Não";3;1;1;0;1;0;1;2;-1,45852904;-47,53672911;"SPRF-PA";"DEL01-PA";"UOP02-DEL01-PA"
562141;2023-11-18;"sábado";"17:13:00";"MG";381;863;"POUSO ALEGRE";"Ausência de reação do condutor";"Queda de ocupante de veículo";"Com Vítimas Feridas";"Pleno dia";"Decrescente";"Nublado";"Dupla";"Reta;Declive";"Não";2;0;0;1;0;1;1;1;-22,381389;-45,94581;"SPRF-MG";"DEL16-MG";"UOP01-DEL16-MG"
562142;2023-11-18;"sábado";"21:20:00";"SP";116;221;"GUARULHOS";"Condutor deixou de manter distância do veículo da frente";"Tombamento";"Com Vítimas Feridas";"Plena Noite";"Decrescente";"Céu Claro";"Múltipla";"Reta";"Não";1;0;1;0;0;0;1;1;-23,46802395;-46,50704901;"SPRF-SP";"DEL01-SP";"UOP01-DEL01-SP"
562143;2023-11-18;"sábado";"18:25:00";"PR";277;136;"BALSA NOVA";"Reação tardia ou ineficiente do condutor";"Colisão com objeto";"Com Vítimas Feridas";"Anoitecer";"Decrescente";"Chuva";"Dupla";"Reta";"Não";3;0;1;1;0;1;2;2;-25,471;-49,691;"SPRF-PR";"DEL03-PR";"UOP03-DEL03-PR"
562144;2023-11-18;"sábado";"20:20:00";"RS";290;347;"SAO SEPE";"Reação tardia ou ineficiente do condutor";"Saída de leito carroçável";"Com Vítimas Feridas";"Plena Noite";"Crescente";"Céu Claro";"Simples";"Reta;Declive";"Não";5;0;5;0;0;0;5;1;-30,365965;-53,643803;"SPRF-RS";"DEL09-RS";"UOP02-DEL09-RS"
562145;2023-11-18;"sábado";"21:10:00";"SC";101;254,6;"PAULO LOPES";"Velocidade Incompatível";"Colisão com objeto";"Com Vítimas Feridas";"Plena Noite";"Crescente";"Nublado";"Múltipla";"Curva;Interseção de Vias";"Sim";2;0;2;0;0;0;2;1;-27,98075872;-48,67985129;"SPRF-SC";"DEL02-SC";"UOP03-DEL02-SC"
562147;2023-11-18;"sábado";"21:18:00";"PE";101;74;"RECIFE";"Reação tardia ou ineficiente do condutor";"Saída de leito carroçável";"Sem Vítimas";"Plena Noite";"Crescente";"Céu Claro";"Dupla";"Reta";"Sim";1;0;0;0;0;1;0;1;-8,10510039;-34,94896284;"SPRF-PE";"DEL01-PE";"UOP01-DEL01-PE"
562148;2023-11-18;"sábado";"18:00:00";"RO";364;258;"CACOAL";"Demais falhas mecânicas ou elétricas";"Incêndio";"Com Vítimas Feridas";"Anoitecer";"Decrescente";"Céu Claro";"Simples";"Curva";"Não";1;0;1;0;0;0;1;1;-11,4322033;-61,63311042;"SPRF-RO";"DEL02-RO";"UOP02-DEL02-RO"
562149;2023-11-18;"sábado";"21:30:00";"GO";60;382;"RIO VERDE";"Ausência de reação do condutor";"Colisão com objeto";"Com Vítimas Feridas";"Plena Noite";"Decrescente";"Nublado";"Múltipla";"Reta";"Sim";1;0;0;1;0;0;1;1;-17,779;-50,8933;"SPRF-GO";"DEL04-GO";"UOP02-DEL04-GO"
562150;2023-11-18;"sábado";"20:20:00";"PB";361;83;"PIANCO";"Transitar no Acostamento";"Colisão lateral mesmo sentido";"Com Vítimas Feridas";"Plena Noite";"Crescente";"Céu Claro";"Simples";"Curva";"Sim";4;0;0;1;3;0;1;2;-7,1891707;-37,92068612;"SPRF-PB";"DEL03-PB";"UOP01-DEL03-PB"
562151;2023-11-18;"sábado";"22:15:00";"TO";10;456;"PALMAS";"Estacionar ou parar em local proibido";"Colisão lateral mesmo sentido";"Com Vítimas Feridas";"Plena Noite";"Decrescente";"Céu Claro";"Múltipla";"Declive;Curva";"Sim";3;0;0;2;1;0;2;2;-10,2086398363;-48,155451939;"SPRF-TO";"DEL01-TO";"UOP03-DEL01-TO"
562152;2023-11-18;"sábado";"22:20:00";"SP";116;269;"TABOAO DA SERRA";"Entrada inopinada do pedestre";"Atropelamento de Pedestre";"Com Vítimas Feridas";"Plena Noite";"Decrescente";"Chuva";"Múltipla";"Reta";"Sim";2;0;1;0;1;0;1;2;-23,61593059;-46,78826044;"SPRF-SP";"DEL04-SP";"UOP01-DEL04-SP"
562153;2023-11-18;"sábado";"20:40:00";"RJ";393;162;"TRES RIOS";"Reação tardia ou ineficiente do condutor";"Colisão com objeto";"Com Vítimas Feridas";"Plena Noite";"Decrescente";"Céu Claro";"Simples";"Curva";"Não";1;0;0;1;0;0;1;1;-22,10618725;-43,10077682;"SPRF-RJ";"DEL05-RJ";"UOP02-DEL05-RJ"
562154;2023-11-18;"sábado";"19:20:00";"BA";30;244,1;"GUANAMBI";"Conversão proibida";"Colisão frontal";"Com Vítimas Feridas";"Plena Noite";"Crescente";"Céu Claro";"Simples";"Curva";"Não";4;0;1;0;3;0;1;2;-14,10954001;-42,59520199;"SPRF-BA";"DEL08-BA";"UOP01-DEL08-BA"
562155;2023-11-18;"sábado";"22:30:00";"PR";163;253;"TOLEDO";"Reação tardia ou ineficiente do condutor";"Colisão com objeto";"Sem Vítimas";"Plena Noite";"Decrescente";"Céu Claro";"Simples";"Interseção de Vias";"Não";1;0;0;0;0;1;0;1;-24,69046173;-53,76550198;"SPRF-PR";"DEL06-PR";"UOP02-DEL06-PR"
562158;2023-11-18;"sábado";"22:30:00";"MG";40;607,1;"CONGONHAS";"Ausência de reação do condutor";"Saída de leito carroçável";"Com Vítimas Feridas";"Plena Noite";"Decrescente";"Nublado";"Simples";"Reta";"Não";1;0;1;0;0;0;1;1;-20,47579776;-43,84269847;"SPRF-MG";"DEL05-MG";"UOP02-DEL05-MG"
562159;2023-11-18;"sábado";"22:50:00";"SE";235;47,1;"ITABAIANA";"Ingestão de álcool pelo condutor";"Saída de leito carroçável";"Com Vítimas Feridas";"Plena Noite";"Crescente";"Céu Claro";"Simples";"Reta;Aclive";"Sim";4;0;1;2;0;1;3;1;-10,731889;-37,411335;"SPRF-SE";"DEL01-SE";"UOP02-DEL01-SE"
562160;2023-11-18;"sábado";"21:30:00";"MS";158;252,3;"TRES LAGOAS";"Velocidade Incompatível";"Saída de leito carroçável";"Com Vítimas Feridas";"Plena Noite";"Decrescente";"Céu Claro";"Simples";"Reta";"Não";1;0;1;0;0;0;1;1;-20,66672544;-51,7919376;"SPRF-MS";"DEL07-MS";"UOP01-DEL07-MS"
562163;2023-11-18;"sábado";"21:20:00";"RO";364;16;"VILHENA";"Acessar a via sem observar a presença dos outros veículos";"Colisão transversal";"Com Vítimas Feridas";"Plena Noite";"Crescente";"Céu Claro";"Dupla";"Reta";"Sim";2;0;2;0;0;0;2;2;-12,73437947;-60,15696986;"SPRF-RO";"DEL04-RO";"UOP01-DEL04-RO"
562164;2023-11-18;"sábado";"23:30:00";"MG";50;7;"UBERLANDIA";"Reação tardia ou ineficiente do condutor";"Colisão com objeto";"Sem Vítimas";"Pleno dia";"Crescente";"Céu Claro";"Dupla";"Reta";"Não";1;0;0;0;1;0;0;1;-18,85333566;-48,2289505;"SPRF-MG";"DEL15-MG";"UOP01-DEL15-MG"
562165;2023-11-18;"sábado";"23:00:00";"RJ";101;451;"MANGARATIBA";"Curva acentuada";"Queda de ocupante de veículo";"Com Vítimas Feridas";"Plena Noite";"Decrescente";"Céu Claro";"Simples";"Curva";"Não";1;0;0;1;0;0;1;1;-23,02615025;-44,12477186;"SPRF-RJ";"DEL03-RJ";"UOP02-DEL03-RJ"
562166;2023-11-19;"domingo";"00:10:00";"GO";40;0;"VALPARAISO DE GOIAS";"Ausência de reação do condutor";"Tombamento";"Com Vítimas Feridas";"Plena Noite";"Crescente";"Céu Claro";"Dupla";"Reta";"Sim";1;0;0;1;0;0;1;1;-16,058273;-47,982655;"SPRF-DF";"DEL01-DF";"UOP01-DEL01-DF"
562167;2023-11-18;"sábado";"18:00:00";"SC";101;340,5;"TUBARAO";"Ingestão de álcool pelo condutor";"Colisão com objeto";"Com Vítimas Feridas";"Anoitecer";"Crescente";"Nublado";"Dupla";"Reta";"Não";1;0;0;1;0;0;1;1;-28,50999405;-49,05070686;"SPRF-SC";"DEL02-SC";"UOP01-DEL02-SC"
562168;2023-11-18;"sábado";"20:50:00";"PR";116;114;"CURITIBA";"Ausência de reação do condutor";"Colisão traseira";"Com Vítimas Feridas";"Plena Noite";"Crescente";"Céu Claro";"Dupla";"Reta";"Não";2;0;1;0;1;0;1;2;-25,56296907;-49,25643801;"SPRF-PR";"DEL01-PR";"UOP07-DEL01-PR"
562169;2023-11-18;"sábado";"20:00:00";"MG";116;260;"TEOFILO OTONI";"Ausência de reação do condutor";"Colisão traseira";"Com Vítimas Feridas";"Plena Noite";"Crescente";"Céu Claro";"Simples";"Curva";"Não";2;0;1;0;0;1;1;2;-17,72379402;-41,49247099;"SPRF-MG";"DEL11-MG";"UOP01-DEL11-MG"
562170;2023-11-19;"domingo";"00:30:00";"SP";116;27,4;"SILVEIRAS";"Reação tardia ou ineficiente do condutor";"Capotamento";"Com Vítimas Feridas";"Plena Noite";"Crescente";"Nublado";"Dupla";"Curva";"Não";3;0;2;1;0;0;3;1;-22,61994629;-44,90836974;"SPRF-SP";"DEL08-SP";"UOP02-DEL08-SP"
562172;2023-11-18;"sábado";"18:20:00";"AC";317;19;"PORTO ACRE";"Transitar na contramão";"Colisão frontal";"Com Vítimas Fatais";"Plena Noite";"Crescente";"Céu Claro";"Simples";"Reta";"Não";3;1;2;0;0;0;2;2;-9,74862079;-67,34959035;"SPRF-AC";"DEL01-AC";"UOP01-DEL01-AC"
562173;2023-11-19;"domingo";"01:00:00";"DF";60;4,4;"BRASILIA";"Acessar a via sem observar a presença dos outros veículos";"Colisão transversal";"Com Vítimas Feridas";"Plena Noite";"Crescente";"Céu Claro";"Dupla";"Reta";"Sim";2;0;2;0;0;0;2;2;-15,89411115;-48,10047805;"SPRF-DF";"DEL03-DF";"UOP01-DEL03-DF"
562174;2023-11-18;"sábado";"23:10:00";"MG";251;446;"GRAO MOGOL";"Chuva";"Saída de leito carroçável";"Com Vítimas Feridas";"Plena Noite";"Crescente";"Chuva";"Simples";"Reta";"Não";2;0;1;1;0;0;2;1;-16,43296895;-43,27160208;"SPRF-MG";"DEL12-MG";"UOP01-DEL12-MG"
562176;2023-11-19;"domingo";"01:30:00";"CE";230;81,7;"VARZEA ALEGRE";"Animais na Pista";"Atropelamento de Animal";"Com Vítimas Fatais";"Plena Noite";"Crescente";"Céu Claro";"Simples";"Reta";"Não";2;1;0;1;0;0;1;1;-6,7922524;-39,3079452;"SPRF-CE";"DEL05-CE";"UOP01-DEL05-CE"
562177;2023-11-19;"domingo";"01:30:00";"MG";40;565;"NOVA LIMA";"Manobra de mudança de faixa";"Colisão lateral mesmo sentido";"Com Vítimas Feridas";"Plena Noite";"Decrescente";"Ignorado";"Simples";"Reta;Aclive";"Não";3;0;1;0;2;0;1;2;-20,16985101;-43,96554788;"SPRF-MG";"DEL01-MG";"UOP02-DEL01-MG"
562178;2023-11-19;"domingo";"00:20:00";"PR";277;32;"MORRETES";"Ingestão de álcool pelo condutor";"Colisão com objeto";"Com Vítimas Feridas";"Plena Noite";"Decrescente";"Garoa/Chuvisco";"Dupla";"Curva";"Não";1;0;1;0;0;0;1;1;-25,547373;-48,790559;"SPRF-PR";"DEL01-PR";"UOP05-DEL01-PR"
562180;2023-11-18;"sábado";"19:40:00";"MT";174;12;"PONTES E LACERDA";"Ultrapassagem Indevida";"Colisão frontal";"Com Vítimas Fatais";"Plena Noite";"Crescente";"Céu Claro";"Simples";"Reta";"Não";9;1;2;0;5;1;2;3;-15,20188279;-59,39918804;"SPRF-MT";"DEL04-MT";"UOP01-DEL04-MT"
562183;2023-11-19;"domingo";"00:20:00";"PA";308;187;"TRACUATEUA";"Ausência de reação do condutor";"Colisão traseira";"Com Vítimas Fatais";"Plena Noite";"Decrescente";"Céu Claro";"Simples";"Reta";"Sim";2;1;0;0;0;1;0;2;-1,08985603;-46,90711495;"SPRF-PA";"DEL01-PA";"UOP03-DEL01-PA"
562184;2023-11-19;"domingo";"01:20:00";"GO";70;19;"COCALZINHO DE GOIAS";"Ingestão de álcool e/ou substâncias psicoativas pelo pedestre";"Atropelamento de Pedestre";"Com Vítimas Feridas";"Plena Noite";"Crescente";"Céu Claro";"Simples";"Reta";"Não";2;0;1;0;1;0;1;2;-15,74341871;-48,36574849;"SPRF-DF";"DEL03-DF";"UOP02-DEL03-DF"
562185;2023-11-19;"domingo";"02:30:00";"RS";290;720;"URUGUAIANA";"Ausência de reação do condutor";"Saída de leito carroçável";"Com Vítimas Fatais";"Plena Noite";"Crescente";"Céu Claro";"Simples";"Rotatória";"Não";2;1;0;0;0;1;0;2;-29,77220303;-57,0575316;"SPRF-RS";"DEL13-RS";"UOP01-DEL13-RS"