"id";"data_inversa";"dia_semana";"horario";"uf";"br";"km";"municipio";"causa_acidente";"tipo_acidente";"classificacao_acidente";"fase_dia";"sentido_via";"condicao_metereologica";"tipo_pista";"tracado_via";"uso_solo";"pessoas";"mortos";"feridos_leves";"feridos_graves";"ilesos";"ignorados";"feridos";"veiculos";"latitude";"longitude";"regional";"delegacia";"uop"
562186;2023-11-19;"domingo";"02:45:00";"PR";153;478,9;"PORTO VITORIA";"Pedestre andava na pista";"Atropelamento de Pedestre";"Com Vítimas Fatais";"Plena Noite";"Decrescente";"Céu Claro";"Simples";"Reta;Aclive";"Não";3;1;0;0;0;2;0;2;-26,34584;-51,25401;"SPRF-PR";"DEL02-PR";"UOP03-DEL02-PR"
562187;2023-11-19;"domingo";"02:50:00";"RJ";116;283,6;"BARRA MANSA";"Ingestão de álcool pelo condutor";"Colisão lateral mesmo sentido";"Com Vítimas Feridas";"Plena Noite";"Decrescente";"Nublado";"Dupla";"Reta;Declive";"Não";3;0;0;1;2;0;1;2;-22,51606873;-44,2086453;"SPRF-RJ";"DEL07-RJ";"UOP02-DEL07-RJ"
562188;2023-11-19;"domingo";"03:15:00";"SC";101;404,8;"ARARANGUA";"Ausência de reação do condutor";"Saída de leito carroçável";"Com Vítimas Feridas";"Plena Noite";"Decrescente";"Céu Claro";"Múltipla";"Reta";"Não";2;0;1;0;1;0;1;1;-28,87801417;-49,45745479;"SPRF-SC";"DEL02-SC";"UOP02-DEL02-SC"
562190;2023-11-18;"sábado";"20:50:00";"ES";101;241;"SERRA";"Animais na Pista";"Atropelamento de Animal";"Com Vítimas Feridas";"Plena Noite";"Crescente";"Céu Claro";"Simples";"Reta";"Não";2;0;2;0;0;0;2;1;-20,02389596;-40,39998096;"SPRF-ES";"DEL02-ES";"UOP01-DEL02-ES"
562191;2023-11-19;"domingo";"04:00:00";"RS";290;150;"ARROIO DOS RATOS";"Ingestão de substâncias psicoativas pelo condutor";"Colisão com objeto";"Com Vítimas Feridas";"Plena Noite";"Crescente";"Céu Claro";"Simples";"Reta";"Não";2;0;2;0;0;0;2;1;-30,105978;-51,706875;"SPRF-RS";"DEL02-RS";"UOP01-DEL02-RS"
562192;2023-11-19;"domingo";"05:20:00";"PR";369;146,9;"LONDRINA";"Condutor Dormindo";"Colisão com objeto";"Com Vítimas Feridas";"Amanhecer";"Crescente";"Céu Claro";"Dupla";"Reta";"Sim";1;0;1;0;0;0;1;1;-23,2924695;-51,1297552;"SPRF-PR";"DEL07-PR";"UOP01-DEL07-PR"
562193;2023-11-19;"domingo";"05:30:00";"SP";116;223;"GUARULHOS";"Ausência de reação do condutor";"Colisão com objeto";"Com Vítimas Feridas";"Pleno dia";"Crescente";"Nublado";"Múltipla";"Reta";"Sim";2;0;1;0;1;0;1;1;-23,47559815;-46,5246609;"SPRF-SP";"DEL01-SP";"UOP01-DEL01-SP"
562196;2023-11-19;"domingo";"04:30:00";"SC";470;42,8;"GASPAR";"Ausência de reação do condutor";"Colisão com objeto";"Sem Vítimas";"Plena Noite";"Crescente";"Céu Claro";"Simples";"Em Obras;Curva";"Não";1;0;0;0;1;0;0;1;-26,87463806;-49,01284754;"SPRF-SC";"DEL04-SC";"UOP01-DEL04-SC"
562197;2023-11-19;"domingo";"04:30:00";"PB";230;41;"SANTA RITA";"Ingestão de álcool pelo condutor";"Colisão com objeto";"Sem Vítimas";"Amanhecer";"Decrescente";"Céu Claro";"Dupla";"Curva";"Sim";1;0;0;0;0;1;0;1;-7,1432;-34,9869;"SPRF-PB";"DEL01-PB";"UOP03-DEL01-PB"
562198;2023-11-18;"sábado";"20:10:00";"PI";316;303;"PICOS";"Condutor deixou de manter distância do veículo da frente";"Queda de ocupante de veículo";"Com Vítimas Feridas";"Plena Noite";"Decrescente";"Céu Claro";"Simples";"Reta";"Não";2;0;2;0;0;0;2;1;-7,05788693;-41,52443595;"SPRF-PI";"DEL04-PI";"UOP01-DEL04-PI"
562199;2023-11-19;"domingo";"04:40:00";"PR";116;97;"SAO JOSE DOS PINHAIS";"Ingestão de álcool pelo condutor";"Colisão com objeto";"Sem Vítimas";"Plena Noite";"Crescente";"Nublado";"Múltipla";"Curva";"Não";1;0;0;0;1;0;0;1;-25,5421317;-49,15111542;"SPRF-PR";"DEL01-PR";"UOP07-DEL01-PR"
562200;2023-11-19;"domingo";"06:00:00";"PR";116;132;"FAZENDA RIO GRANDE";"Ingestão de álcool pelo condutor";"Saída de leito carroçável";"Sem Vítimas";"Pleno dia";"Decrescente";"Sol";"Dupla";"Curva";"Não";1;0;0;0;1;0;0;1;-25,65733698;-49,31212612;"SPRF-PR";"DEL01-PR";"UOP03-DEL01-PR"
562201;2023-11-19;"domingo";"06:00:00";"SP";116;282;"EMBU DAS ARTES";"Acumulo de água sobre o pavimento";"Saída de leito carroçável";"Com Vítimas Feridas";"Pleno dia";"Decrescente";"Garoa/Chuvisco";"Dupla";"Curva;Viaduto";"Sim";1;0;1;0;0;0;1;1;-23,68570216;-46,85970975;"SPRF-SP";"DEL04-SP";"UOP01-DEL04-SP"
562202;2023-11-19;"domingo";"03:30:00";"MT";174;386;"CONQUISTA DOESTE";"Manobra de mudança de faixa";"Colisão frontal";"Com Vítimas Feridas";"Plena Noite";"Crescente";"Céu Claro";"Simples";"Curva";"Não";4;0;0;4;0;0;4;2;-14,494263;-59,569708;"SPRF-MT";"DEL04-MT";"UOP01-DEL04-MT"
562203;2023-11-19;"domingo";"06:15:00";"MG";40;514;"RIBEIRAO DAS NEVES";"Condutor Dormindo";"Queda de ocupante de veículo";"Com Vítimas Feridas";"Pleno dia";"Decrescente";"Céu Claro";"Dupla";"Reta";"Sim";1;0;1;0;0;0;1;1;-19,80151928;-44,10000333;"SPRF-MG";"DEL01-MG";"UOP02-DEL01-MG"
562204;2023-11-18;"sábado";"22:45:00";"MG";153;88;"PRATA";"Demais falhas mecânicas ou elétricas";"Incêndio";"Sem Vítimas";"Plena Noite";"Crescente";"Céu Claro";"Múltipla";"Reta";"Não";1;0;0;0;0;1;0;1;-19,12589594;-48,96661173;"SPRF-MG";"DEL15-MG";"UOP03-DEL15-MG"
562205;2023-11-19;"domingo";"04:30:00";"MS";262;382,8;"TERENOS";"Reação tardia ou ineficiente do condutor";"Colisão com objeto";"Com Vítimas Feridas";"Amanhecer";"Crescente";"Céu Claro";"Simples";"Rotatória";"Sim";1;0;1;0;0;0;1;1;-20,43648356;-54,86139894;"SPRF-MS";"DEL01-MS";"UOP03-DEL01-MS"
562206;2023-11-19;"domingo";"04:40:00";"GO";158;89;"PIRANHAS";"Ultrapassagem Indevida";"Colisão frontal";"Com Vítimas Fatais";"Amanhecer";"Crescente";"Céu Claro";"Simples";"Declive";"Sim";6;1;1;0;3;1;1;2;-16,42987211;-51,79622731;"SPRF-GO";"DEL04-GO";"UOP02-DEL04-GO"
562207;2023-11-19;"domingo";"06:40:00";"SP";116;322;"JUQUITIBA";"Reação tardia ou ineficiente do condutor";"Saída de leito carroçável";"Com Vítimas Feridas";"Amanhecer";"Decrescente";"Garoa/Chuvisco";"Dupla";"Curva";"Sim";1;0;1;0;0;0;1;1;-23,935106;-47,026682;"SPRF-SP";"DEL04-SP";"UOP03-DEL04-SP"
562208;2023-11-19;"domingo";"06:00:00";"PR";376;161,4;"MARINGA";"Reação tardia ou ineficiente do condutor";"Saída de leito carroçável";"Com Vítimas Fatais";"Amanhecer";"Decrescente";"Nublado";"Dupla";"Curva;Interseção de Vias;Declive";"Sim";1;1;0;0;0;0;0;1;-23,37281665;-52,05547485;"SPRF-PR";"DEL09-PR";"UOP01-DEL09-PR"
562209;2023-11-19;"domingo";"05:05:00";"PI";316;1,9;"TERESINA";"Ingestão de álcool pelo condutor";"Colisão com objeto";"Com Vítimas Feridas";"Amanhecer";"Decrescente";"Céu Claro";"Múltipla";"Viaduto;Interseção de Vias;Rotatória";"Sim";2;0;0;2;0;0;2;1;-5,12477477;-42,79848465;"SPRF-PI";"DEL01-PI";"UOP02-DEL01-PI"
562211;2023-11-19;"domingo";"03:53:00";"PI";402;33,2;"PARNAIBA";"Transitar na contramão";"Colisão frontal";"Com Vítimas Feridas";"Plena Noite";"Crescente";"Céu Claro";"Simples";"Reta";"Sim";2;0;0;1;0;1;1;2;-2,93509059;-41,74655557;"SPRF-PI";"DEL05-PI";"UOP01-DEL05-PI"
562212;2023-11-19;"domingo";"06:20:00";"DF";60;0;"BRASILIA";"Demais falhas mecânicas ou elétricas";"Saída de leito carroçável";"Com Vítimas Feridas";"Pleno dia";"Decrescente";"Céu Claro";"Dupla";"Curva";"Sim";1;0;1;0;0;0;1;1;-15,882499;-48,060212;"SPRF-DF";"DEL03-DF";"UOP01-DEL03-DF"
562213;2023-11-19;"domingo";"06:40:00";"PI";316;4;"TERESINA";"Ausência de reação do condutor";"Colisão com objeto";"Com Vítimas Feridas";"Pleno dia";"Decrescente";"Céu Claro";"Simples";"Reta";"Sim";2;0;1;1;0;0;2;1;-5,13655894;-42,78900388;"SPRF-PI";"DEL01-PI";"UOP02-DEL01-PI"
562214;2023-11-19;"domingo";"07:15:00";"RS";290;66,5;"GRAVATAI";"Ausência de reação do condutor";"Colisão traseira";"Com Vítimas Feridas";"Pleno dia";"Decrescente";"Céu Claro";"Múltipla";"Reta";"Não";2;0;2;0;0;0;2;2;-29,942627;-50,915585;"SPRF-RS";"DEL03-RS";"UOP01-DEL03-RS"
562215;2023-11-19;"domingo";"07:30:00";"PR";116;39,9;"CAMPINA GRANDE DO SUL";"Velocidade Incompatível";"Colisão com objeto";"Com Vítimas Feridas";"Pleno dia";"Crescente";"Garoa/Chuvisco";"Dupla";"Curva";"Não";2;0;1;0;1;0;1;1;-25,156168;-48,8613401;"SPRF-PR";"DEL01-PR";"UOP02-DEL01-PR"
562217;2023-11-18;"sábado";"22:00:00";"PR";163;107;"CAPANEMA";"Ingestão de álcool pelo condutor";"Saída de leito carroçável";"Sem Vítimas";"Plena Noite";"Crescente";"Céu Claro";"Simples";"Reta";"Não";1;0;0;0;1;0;0;1;-25,60970945;-53,72515803;"SPRF-PR";"DEL02-PR";"UOP02-DEL02-PR"
562220;2023-11-19;"domingo";"08:15:00";"RN";101;104;"PARNAMIRIM";"Transitar na contramão";"Colisão lateral mesmo sentido";"Sem Vítimas";"Pleno dia";"Crescente";"Sol";"Múltipla";"Reta;Interseção de Vias;Rotatória;Viaduto";"Sim";2;0;0;0;1;1;0;2;-5,892745;-35,257225;"SPRF-RN";"DEL01-RN";"UOP01-DEL01-RN"
562221;2023-11-19;"domingo";"07:45:00";"MG";381;873,7;"ESTIVA";"Curva acentuada";"Saída de leito carroçável";"Com Vítimas Feridas";"Pleno dia";"Decrescente";"Chuva";"Dupla";"Curva";"Não";1;0;1;0;0;0;1;1;-22,4196772;-45,96473694;"SPRF-MG";"DEL16-MG";"UOP01-DEL16-MG"
562222;2023-10-26;"quinta-feira";"14:05:00";"PR";277;726;"FOZ DO IGUACU";"Reação tardia ou ineficiente do condutor";"Colisão traseira";"Com Vítimas Feridas";"Pleno dia";"Decrescente";"Céu Claro";"Dupla";"Reta";"Sim";3;0;2;0;1;0;2;2;-25,51078282;-54,55451131;"SPRF-PR";"DEL05-PR";"UOP03-DEL05-PR"
562223;2023-11-05;"domingo";"13:00:00";"SC";101;209;"SAO JOSE";"Reação tardia ou ineficiente do condutor";"Engavetamento";"Com Vítimas Feridas";"Pleno dia";"Decrescente";"Céu Claro";"Múltipla";"Reta";"Sim";7;0;4;0;3;0;4;3;-27,61000542;-48,63895057;"SPRF-SC";"DEL01-SC";"UOP01-DEL01-SC"
562225;2023-11-19;"domingo";"07:50:00";"SP";116;500,1;"CAJATI";"Reação tardia ou ineficiente do condutor";"Capotamento";"Com Vítimas Feridas";"Pleno dia";"Crescente";"Chuva";"Simples";"Curva";"Não";4;0;3;0;1;0;3;1;-24,78162109;-48,18342711;"SPRF-SP";"DEL05-SP";"UOP02-DEL05-SP"
562227;2023-11-19;"domingo";"08:50:00";"DF";60;22,1;"BRASILIA";"Acumulo de óleo sobre o pavimento";"Queda de ocupante de veículo";"Com Vítimas Feridas";"Pleno dia";"Crescente";"Céu Claro";"Dupla";"Reta";"Não";2;0;1;0;0;1;1;2;-15,984798;-48,216904;"SPRF-DF";"DEL03-DF";"UOP01-DEL03-DF"
562230;2023-11-19;"domingo";"07:30:00";"SP";116;111,9;"TAUBATE";"Condutor deixou de manter distância do veículo da frente";"Engavetamento";"Com Vítimas Feridas";"Pleno dia";"Decrescente";"Chuva";"Dupla";"Reta";"Sim";5;0;2;0;3;0;2;3;-23,03887149;-45,56097419;"SPRF-SP";"DEL02-SP";"UOP02-DEL02-SP"
562232;2023-11-19;"domingo";"08:35:00";"MG";153;239;"FRONTEIRA";"Demais falhas mecânicas ou elétricas";"Colisão traseira";"Com Vítimas Feridas";"Pleno dia";"Crescente";"Céu Claro";"Simples";"Reta";"Sim";4;0;2;0;2;0;2;2;-20,251555;-49,170532;"SPRF-MG";"DEL13-MG";"UOP02-DEL13-MG"
562233;2023-11-19;"domingo";"10:00:00";"SP";101;51;"UBATUBA";"Ultrapassagem Indevida";"Colisão frontal";"Com Vítimas Feridas";"Pleno dia";"Crescente";"Garoa/Chuvisco";"Simples";"Reta;Interseção de Vias";"Sim";3;0;1;0;2;0;1;3;-23,4599001;-45,06739855;"SPRF-SP";"DEL06-SP";"UOP01-DEL06-SP"
562234;2023-11-19;"domingo";"09:35:00";"ES";262;19,5;"VIANA";"Acessar a via sem observar a presença dos outros veículos";"Colisão transversal";"Com Vítimas Feridas";"Pleno dia";"Crescente";"Céu Claro";"Dupla";"Reta;Interseção de Vias";"Sim";3;0;0;1;2;0;1;3;-20,3919143;-40,49002338;"SPRF-ES";"DEL01-ES";"UOP01-DEL01-ES"
562235;2023-11-19;"domingo";"10:00:00";"RN";101;82;"NATAL";"Afundamento ou ondulação no pavimento";"Queda de ocupante de veículo";"Com Vítimas Feridas";"Pleno dia";"Crescente";"Céu Claro";"Dupla";"Reta;Em Obras";"Sim";1;0;1;0;0;0;1;1;-5,76791511;-35,27456305;"SPRF-RN";"DEL02-RN";"UOP01-DEL02-RN"
562236;2023-11-19;"domingo";"09:50:00";"RN";101;85;"NATAL";"Condutor deixou de manter distância do veículo da frente";"Colisão traseira";"Com Vítimas Feridas";"Pleno dia";"Crescente";"Céu Claro";"Dupla";"Reta";"Sim";2;0;0;1;1;0;1;2;-5,777664;-35,24937;"SPRF-RN";"DEL02-RN";"UOP01-DEL02-RN"
562237;2023-11-19;"domingo";"09:23:00";"PE";408;77,5;"PAUDALHO";"Acesso irregular";"Colisão transversal";"Com Vítimas Feridas";"Pleno dia";"Decrescente";"Céu Claro";"Múltipla";"Reta";"Não";2;0;1;0;1;0;1;2;-7,919003;-35,162964;"SPRF-PE";"DEL01-PE";"UOP01-DEL01-PE"
562238;2023-11-19;"domingo";"10:15:00";"MG";267;145,4;"LIMA DUARTE";"Velocidade Incompatível";"Colisão frontal";"Com Vítimas Fatais";"Pleno dia";"Crescente";"Chuva";"Simples";"Curva";"Não";4;2;0;2;0;0;2;2;-21,81169158;-43,71605708;"SPRF-MG";"DEL05-MG";"UOP01-DEL05-MG"
562240;2023-11-19;"domingo";"10:45:00";"RS";116;234,4;"ESTANCIA VELHA";"Reação tardia ou ineficiente do condutor";"Colisão traseira";"Com Vítimas Feridas";"Pleno dia";"Crescente";"Céu Claro";"Simples";"Reta;Interseção de Vias";"Sim";2;0;1;0;1;0;1;2;-29,64972156;-51,14424619;"SPRF-RS";"DEL01-RS";"UOP02-DEL01-RS"
562242;2023-11-19;"domingo";"10:30:00";"PR";116;22;"ANTONINA";"Velocidade Incompatível";"Colisão com objeto";"Com Vítimas Feridas";"Pleno dia";"Decrescente";"Garoa/Chuvisco";"Dupla";"Curva";"Não";2;0;2;0;0;0;2;1;-25,10922624;-48,74659689;"SPRF-PR";"DEL01-PR";"UOP02-DEL01-PR"
562243;2023-11-19;"domingo";"09:30:00";"RJ";356;57;"ITAPERUNA";"Ultrapassagem Indevida";"Colisão com objeto";"Sem Vítimas";"Pleno dia";"Decrescente";"Céu Claro";"Simples";"Reta;Declive";"Não";1;0;0;0;1;0;0;1;-21,28663997;-41,71935299;"SPRF-RJ";"DEL08-RJ";"UOP03-DEL08-RJ"
562244;2023-11-19;"domingo";"10:40:00";"RS";293;38,8;"CAPAO DO LEAO";"Objeto estático sobre o leito carroçável";"Saída de leito carroçável";"Com Vítimas Fatais";"Pleno dia";"Crescente";"Sol";"Simples";"Reta";"Não";6;1;0;5;0;0;5;1;-31,740145;-52,717625;"SPRF-RS";"DEL07-RS";"UOP01-DEL07-RS"
562245;2023-11-19;"domingo";"08:50:00";"BA";101;258;"SANTO ANTONIO DE JESUS";"Ausência de reação do condutor";"Saída de leito carroçável";"Sem Vítimas";"Pleno dia";"Crescente";"Nublado";"Simples";"Curva";"Não";1;0;0;0;0;1;0;1;-12,95110241;-39,25397873;"SPRF-BA";"DEL01-BA";"UOP02-DEL01-BA"
562246;2023-11-19;"domingo";"06:20:00";"AC";364;271;"SENA MADUREIRA";"Ausência de reação do condutor";"Saída de leito carroçável";"Com Vítimas Feridas";"Pleno dia";"Crescente";"Céu Claro";"Simples";"Reta";"Não";2;0;2;0;0;0;2;1;-9,08315803;-68,65043101;"SPRF-AC";"DEL01-AC";"UOP01-DEL01-AC"
562247;2023-11-19;"domingo";"10:50:00";"SC";101;138;"BALNEARIO CAMBORIU";"Ingestão de álcool pelo condutor";"Colisão com objeto";"Sem Vítimas";"Pleno dia";"Decrescente";"Nublado";"Dupla";"Reta";"Sim";1;0;0;0;1;0;0;1;-27,02397426;-48,60761649;"SPRF-SC";"DEL04-SC";"UOP03-DEL04-SC"
562249;2023-11-19;"domingo";"07:30:00";"MG";116;447,9;"ENGENHEIRO CALDAS";"Velocidade Incompatível";"Colisão com objeto";"Com Vítimas Feridas";"Pleno dia";"Decrescente";"Céu Claro";"Simples";"Curva";"Não";1;0;0;1;0;0;1;1;-19,12790814;-42,01327575;"SPRF-MG";"DEL06-MG";"UOP02-DEL06-MG"
562250;2023-11-19;"domingo";"11:00:00";"SP";116;506;"CAJATI";"Reação tardia ou ineficiente do condutor";"Capotamento";"Com Vítimas Feridas";"Pleno dia";"Crescente";"Chuva";"Simples";"Curva;Declive";"Não";4;0;2;0;2;0;2;1;-24,79704815;-48,2145174;"SPRF-SP";"DEL05-SP";"UOP02-DEL05-SP"
562251;2023-11-19;"domingo";"08:50:00";"SC";282;117;"ALFREDO WAGNER";"Manobra de mudança de faixa";"Saída de leito carroçável";"Com Vítimas Feridas";"Pleno dia";"Crescente";"Céu Claro";"Simples";"Reta";"Não";4;0;3;0;1;0;3;1;-27,770338;-49,404785;"SPRF-SC";"DEL01-SC";"UOP03-DEL01-SC"
562252;2023-11-19;"domingo";"11:00:00";"PR";163;217;"CASCAVEL";"Reação tardia ou ineficiente do condutor";"Colisão com objeto";"Com Vítimas Feridas";"Pleno dia";"Crescente";"Céu Claro";"Simples";"Curva";"Não";1;0;1;0;0;0;1;1;-24,89666503;-53,53302956;"SPRF-PR";"DEL04-PR";"UOP01-DEL04-PR"
562253;2023-11-19;"domingo";"11:25:00";"PB";101;85,5;"BAYEUX";"Avarias e/ou desgaste excessivo no pneu";"Tombamento";"Com Vítimas Feridas";"Pleno dia";"Crescente";"Sol";"Dupla";"Reta";"Não";2;0;2;0;0;0;2;1;-7,14538184;-34,91662887;"SPRF-PB";"DEL01-PB";"UOP01-DEL01-PB"
562255;2023-11-19;"domingo";"11:45:00";"RJ";101;71;"CAMPOS DOS GOYTACAZES";"Condutor deixou de manter distância do veículo da frente";"Engavetamento";"Com Vítimas Feridas";"Pleno dia";"Decrescente";"Chuva";"Simples";"Reta";"Não";6;0;1;0;5;0;1;3;-21,78577807;-41,38139396;"SPRF-RJ";"DEL08-RJ";"UOP02-DEL08-RJ"
562256;2023-11-19;"domingo";"09:48:00";"RS";158;515;"SANTANA DO LIVRAMENTO";"Reação tardia ou ineficiente do condutor";"Saída de leito carroçável";"Com Vítimas Feridas";"Pleno dia";"Decrescente";"Céu Claro";"Simples";"Reta";"Não";5;0;1;0;4;0;1;1;-30,65033904;-55,11521891;"SPRF-RS";"DEL11-RS";"UOP01-DEL11-RS"
562258;2023-11-19;"domingo";"11:09:00";"RJ";101;319;"SAO GONCALO";"Reação tardia ou ineficiente do condutor";"Tombamento";"Com Vítimas Feridas";"Pleno dia";"Decrescente";"Garoa/Chuvisco";"Dupla";"Reta";"Não";1;0;1;0;0;0;1;1;-22,85411774;-43,1018014;"SPRF-RJ";"DEL02-RJ";"UOP02-DEL02-RJ"
562259;2023-11-19;"domingo";"12:30:00";"PB";230;27;"JOAO PESSOA";"Pedestre cruzava a pista fora da faixa";"Atropelamento de Pedestre";"Com Vítimas Feridas";"Pleno dia";"Decrescente";"Céu Claro";"Dupla";"Reta";"Sim";2;0;0;1;1;0;1;2;-7,16593059;-34,88921707;"SPRF-PB";"DEL01-PB";"UOP01-DEL01-PB"
562260;2023-11-04;"sábado";"12:50:00";"PR";272;367,9;"CAMPO MOURAO";"Acessar a via sem observar a presença dos outros veículos";"Colisão transversal";"Com Vítimas Feridas";"Pleno dia";"Crescente";"Sol";"Dupla";"Reta;Interseção de Vias";"Sim";4;0;1;1;2;0;2;2;-24,05063682;-52,40169964;"SPRF-PR";"DEL09-PR";"UOP03-DEL09-PR"
562261;2023-11-19;"domingo";"10:25:00";"RS";386;63,7;"SEBERI";"Pista esburacada";"Saída de leito carroçável";"Com Vítimas Feridas";"Pleno dia";"Decrescente";"Sol";"Simples";"Reta";"Não";1;0;1;0;0;0;1;1;-27,608656;-53,344784;"SPRF-RS";"DEL08-RS";"UOP02-DEL08-RS"
562262;2023-11-19;"domingo";"11:30:00";"PA";316;70;"CASTANHAL";"Falta de elemento de contenção que evite a saída do leito carroçável";"Saída de leito carroçável";"Com Vítimas Feridas";"Pleno dia";"Crescente";"Céu Claro";"Simples";"Reta";"Não";2;0;0;1;0;1;1;2;-1,29157829;-47,86624498;"SPRF-PA";"DEL01-PA";"UOP01-DEL01-PA"
562264;2023-11-19;"domingo";"13:00:00";"SP";116;122;"CACAPAVA";"Condutor deixou de manter distância do veículo da frente";"Colisão traseira";"Com Vítimas Feridas";"Pleno dia";"Decrescente";"Nublado";"Dupla";"Reta";"Não";4;0;1;0;3;0;1;3;-23,08192414;-45,66154591;"SPRF-SP";"DEL02-SP";"UOP02-DEL02-SP"
562266;2023-11-19;"domingo";"10:30:00";"ES";262;184,9;"IUNA";"Ausência de reação do condutor";"Colisão frontal";"Com Vítimas Feridas";"Pleno dia";"Crescente";"Céu Claro";"Simples";"Reta";"Não";3;0;0;1;1;1;1;3;-20,29551627;-41,70587605;"SPRF-ES";"DEL01-ES";"UOP02-DEL01-ES"
562267;2023-11-18;"sábado";"21:20:00";"RO";364;1018;"PORTO VELHO";"Ausência de reação do condutor";"Saída de leito carroçável";"Com Vítimas Fatais";"Plena Noite";"Decrescente";"Céu Claro";"Simples";"Reta";"Não";1;1;0;0;0;0;0;1;-9,73694978;-66,15608105;"SPRF-RO";"DEL01-RO";"UOP03-DEL01-RO"
562270;2023-11-19;"domingo";"13:29:00";"PB";101;123,9;"CAAPORA";"Manobra de mudança de faixa";"Colisão lateral mesmo sentido";"Com Vítimas Feridas";"Pleno dia";"Decrescente";"Céu Claro";"Dupla";"Reta";"Não";2;0;1;0;1;0;1;2;-7,46746892;-34,9772648;"SPRF-PB";"DEL01-PB";"UOP02-DEL01-PB"
562272;2023-11-19;"domingo";"13:05:00";"PR";376;326;"ORTIGUEIRA";"Reação tardia ou ineficiente do condutor";"Colisão frontal";"Com Vítimas Fatais";"Pleno dia";"Decrescente";"Céu Claro";"Simples";"Aclive;Curva";"Não";5;2;0;3;0;0;3;2;-24,06572;-51,06428;"SPRF-PR";"DEL07-PR";"UOP02-DEL07-PR"
562277;2023-11-19;"domingo";"07:00:00";"SC";101;414,6;"ARARANGUA";"Condutor Dormindo";"Saída de leito carroçável";"Com Vítimas Feridas";"Amanhecer";"Crescente";"Nublado";"Múltipla";"Curva";"Sim";1;0;1;0;0;0;1;1;-28,95360392;-49,50985011;"SPRF-SC";"DEL02-SC";"UOP02-DEL02-SC"
562278;2023-11-19;"domingo";"12:30:00";"RJ";40;84;"PETROPOLIS";"Acumulo de água sobre o pavimento";"Saída de leito carroçável";"Com Vítimas Feridas";"Pleno dia";"Crescente";"Chuva";"Dupla";"Curva";"Não";5;0;4;0;1;0;4;1;-22,52145512;-43,23707996;"SPRF-RJ";"DEL06-RJ";"UOP01-DEL06-RJ"
562279;2023-11-19;"domingo";"11:50:00";"AL";423;21,5;"CANAPI";"Demais falhas na via";"Tombamento";"Com Vítimas Feridas";"Pleno dia";"Decrescente";"Sol";"Simples";"Reta;Em Obras;Aclive";"Não";2;0;0;1;0;1;1;2;-9,17955542;-37,47168319;"SPRF-AL";"DEL03-AL";"UOP02-DEL03-AL"
562280;2023-11-19;"domingo";"13:40:00";"PE";101;57;"RECIFE";"Manobra de mudança de faixa";"Colisão lateral mesmo sentido";"Com Vítimas Feridas";"Pleno dia";"Decrescente";"Céu Claro";"Dupla";"Reta";"Não";2;0;1;0;1;0;1;1;-7,96346213;-34,91513486;"SPRF-PE";"DEL01-PE";"UOP02-DEL01-PE"
562281;2023-11-19;"domingo";"14:43:00";"SP";116;227;"GUARULHOS";"Pista Escorregadia";"Queda de ocupante de veículo";"Com Vítimas Feridas";"Pleno dia";"Decrescente";"Chuva";"Múltipla";"Reta";"Sim";2;0;1;0;1;0;1;1;-23,49659264;-46,55648754;"SPRF-SP";"DEL01-SP";"UOP01-DEL01-SP"
562282;2023-11-19;"domingo";"15:00:00";"RS";116;234;"NOVO HAMBURGO";"Conversão proibida";"Colisão lateral mesmo sentido";"Com Vítimas Feridas";"Pleno dia";"Decrescente";"Céu Claro";"Simples";"Reta";"Sim";3;0;2;0;1;0;2;2;-29,64553832;-51,14340973;"SPRF-RS";"DEL01-RS";"UOP02-DEL01-RS"
562283;2023-11-19;"domingo";"12:40:00";"RJ";40;52;"PETROPOLIS";"Acumulo de óleo sobre o pavimento";"Colisão frontal";"Com Vítimas Feridas";"Pleno dia";"Crescente";"Céu Claro";"Simples";"Curva;Declive";"Não";5;0;1;0;4;0;1;1;-22,34078181;-43,13392282;"SPRF-RJ";"DEL05-RJ";"UOP02-DEL05-RJ"
562284;2023-11-19;"domingo";"13:50:00";"SC";101;210;"SAO JOSE";"Objeto estático sobre o leito carroçável";"Colisão com objeto";"Com Vítimas Feridas";"Pleno dia";"Crescente";"Céu Claro";"Dupla";"Reta";"Sim";3;0;1;0;2;0;1;2;-27,6167305;-48,6457265;"SPRF-SC";"DEL01-SC";"UOP01-DEL01-SC"
562286;2023-11-19;"domingo";"15:20:00";"PB";101;73;"SANTA RITA";"Reação tardia ou ineficiente do condutor";"Colisão com objeto";"Com Vítimas Feridas";"Pleno dia";"Crescente";"Céu Claro";"Dupla";"Reta";"Não";5;0;1;3;1;0;4;1;-7,07828212;-34,98823508;"SPRF-PB";"DEL01-PB";"UOP04-DEL01-PB"
562287;2023-11-19;"domingo";"15:40:00";"ES";262;113;"CONCEICAO DO CASTELO";"Velocidade Incompatível";"Colisão frontal";"Com Vítimas Feridas";"Pleno dia";"Crescente";"Chuva";"Simples";"Declive;Curva";"Não";3;0;1;0;2;0;1;2;-20,33105412;-41,20435975;"SPRF-ES";"DEL01-ES";"UOP02-DEL01-ES"
562288;2023-11-19;"domingo";"15:00:00";"PI";316;7;"TERESINA";"Manobra de mudança de faixa";"Colisão lateral mesmo sentido";"Sem Vítimas";"Pleno dia";"Decrescente";"Sol";"Dupla";"Aclive";"Sim";2;0;0;0;1;1;0;2;-5,15584638;-42,77173332;"SPRF-PI";"DEL01-PI";"UOP02-DEL01-PI"