"id";"data_inversa";"dia_semana";"horario";"uf";"br";"km";"municipio";"causa_acidente";"tipo_acidente";"classificacao_acidente";"fase_dia";"sentido_via";"condicao_metereologica";"tipo_pista";"tracado_via";"uso_solo";"pessoas";"mortos";"feridos_leves";"feridos_graves";"ilesos";"ignorados";"feridos";"veiculos";"latitude";"longitude";"regional";"delegacia";"uop"
562504;2023-11-20;"segunda-feira";"13:00:00";"SC";101;189,9;"BIGUACU";"Mal súbito do condutor";"Tombamento";"Com Vítimas Feridas";"Pleno dia";"Decrescente";"Céu Claro";"Dupla";"Reta";"Sim";1;0;0;1;0;0;1;1;-27,459393;-48,638914;"SPRF-SC";"DEL01-SC";"UOP01-DEL01-SC"
562505;2023-11-20;"segunda-feira";"12:45:00";"SC";101;213;"PALHOCA";"Ausência de reação do condutor";"Colisão traseira";"Com Vítimas Feridas";"Pleno dia";"Crescente";"Céu Claro";"Dupla";"Reta";"Não";3;0;1;0;2;0;1;2;-27,63697369;-48,66514142;"SPRF-SC";"DEL01-SC";"UOP02-DEL01-SC"
562507;2023-11-20;"segunda-feira";"07:15:00";"BA";324;1;"FEIRA DE SANTANA";"Manobra de mudança de faixa";"Colisão com objeto";"Com Vítimas Feridas";"Pleno dia";"Decrescente";"Sol";"Dupla";"Reta";"Sim";1;0;0;1;0;0;1;1;-12,2793618;-38,941779;"SPRF-BA";"DEL02-BA";"UOP01-DEL02-BA"
562508;2023-11-20;"segunda-feira";"12:15:00";"MT";158;785;"BARRA DO GARCAS";"Manobra de mudança de faixa";"Saída de leito carroçável";"Com Vítimas Feridas";"Pleno dia";"Decrescente";"Céu Claro";"Simples";"Reta";"Não";3;0;1;0;2;0;1;1;-15,78485714;-52,28769374;"SPRF-MT";"DEL07-MT";"UOP01-DEL07-MT"
562509;2023-11-09;"quinta-feira";"17:40:00";"GO";40;10;"LUZIANIA";"Manobra de mudança de faixa";"Colisão transversal";"Com Vítimas Feridas";"Pleno dia";"Crescente";"Céu Claro";"Dupla";"Reta";"Sim";2;0;1;0;1;0;1;2;-16,131285;-47,957923;"SPRF-DF";"DEL01-DF";"UOP01-DEL01-DF"
562510;2023-08-12;"sábado";"12:30:00";"SP";381;77;"SAO PAULO";"Velocidade Incompatível";"Saída de leito carroçável";"Com Vítimas Feridas";"Pleno dia";"Crescente";"Nublado";"Dupla";"Curva";"Sim";2;0;1;1;0;0;2;2;-23,388839;-46,5693478;"SPRF-SP";"DEL03-SP";"UOP01-DEL03-SP"
562511;2023-11-20;"segunda-feira";"12:45:00";"MG";262;35,9;"MANHUACU";"Acessar a via sem observar a presença dos outros veículos";"Colisão transversal";"Com Vítimas Feridas";"Pleno dia";"Decrescente";"Céu Claro";"Simples";"Reta";"Sim";3;0;0;1;2;0;1;2;-20,25932046;-42,02298331;"SPRF-MG";"DEL06-MG";"UOP03-DEL06-MG"
562512;2023-11-20;"segunda-feira";"14:00:00";"SC";101;145;"ITAPEMA";"Avarias e/ou desgaste excessivo no pneu";"Tombamento";"Com Vítimas Feridas";"Pleno dia";"Decrescente";"Céu Claro";"Dupla";"Reta;Aclive";"Sim";2;0;1;1;0;0;2;1;-27,08139206;-48,60130993;"SPRF-SC";"DEL04-SC";"UOP03-DEL04-SC"
562513;2023-11-20;"segunda-feira";"13:34:00";"DF";251;45;"BRASILIA";"Reação tardia ou ineficiente do condutor";"Saída de leito carroçável";"Com Vítimas Feridas";"Pleno dia";"Crescente";"Céu Claro";"Simples";"Reta";"Não";1;0;1;0;0;0;1;1;-15,948113;-47,845235;"SPRF-DF";"DEL01-DF";"UOP01-DEL01-DF"
562514;2023-11-20;"segunda-feira";"13:30:00";"MG";116;439,9;"ENGENHEIRO CALDAS";"Condutor Dormindo";"Saída de leito carroçável";"Com Vítimas Feridas";"Pleno dia";"Crescente";"Céu Claro";"Simples";"Curva";"Não";1;0;1;0;0;0;1;1;-19,06864201;-42,00222599;"SPRF-MG";"DEL06-MG";"UOP01-DEL06-MG"
562516;2023-11-20;"segunda-feira";"14:15:00";"PI";343;345,5;"TERESINA";"Ingestão de álcool pelo condutor";"Colisão transversal";"Com Vítimas Feridas";"Pleno dia";"Crescente";"Céu Claro";"Dupla";"Interseção de Vias";"Sim";2;0;0;1;1;0;1;2;-5,102889;-42,766506;"SPRF-PI";"DEL01-PI";"UOP01-DEL01-PI"
562517;2023-11-20;"segunda-feira";"13:00:00";"MG";116;763;"LEOPOLDINA";"Acessar a via sem observar a presença dos outros veículos";"Colisão transversal";"Com Vítimas Feridas";"Pleno dia";"Decrescente";"Céu Claro";"Simples";"Reta";"Sim";2;0;0;1;1;0;1;2;-21,52635545;-42,63256914;"SPRF-MG";"DEL07-MG";"UOP01-DEL07-MG"
562518;2023-11-20;"segunda-feira";"11:25:00";"RJ";101;247;"SILVA JARDIM";"Reação tardia ou ineficiente do condutor";"Colisão com objeto";"Com Vítimas Feridas";"Pleno dia";"Decrescente";"Chuva";"Dupla";"Curva";"Não";4;0;3;0;1;0;3;1;-22,65885276;-42,49422728;"SPRF-RJ";"DEL02-RJ";"UOP03-DEL02-RJ"
562520;2023-11-20;"segunda-feira";"15:00:00";"PR";369;158,9;"CAMBE";"Condutor deixou de manter distância do veículo da frente";"Colisão traseira";"Com Vítimas Feridas";"Pleno dia";"Decrescente";"Nublado";"Dupla";"Reta";"Sim";2;0;0;1;1;0;1;2;-23,28427165;-51,24402165;"SPRF-PR";"DEL07-PR";"UOP01-DEL07-PR"
562521;2023-11-15;"quarta-feira";"17:04:00";"MS";163;197;"CAARAPO";"Ausência de reação do condutor";"Capotamento";"Sem Vítimas";"Anoitecer";"Crescente";"Céu Claro";"Dupla";"Reta";"Não";1;0;0;0;1;0;0;1;-22,73041904;-54,78849272;"SPRF-MS";"DEL04-MS";"UOP02-DEL04-MS"
562522;2023-11-12;"domingo";"23:25:00";"MS";262;365;"CAMPO GRANDE";"Ausência de reação do condutor";"Atropelamento de Animal";"Com Vítimas Feridas";"Plena Noite";"Crescente";"Ignorado";"Simples";"Reta";"Sim";1;0;1;0;0;0;1;1;-20,49132429;-54,74025306;"SPRF-MS";"DEL01-MS";"UOP03-DEL01-MS"
562523;2023-11-20;"segunda-feira";"13:30:00";"RO";174;15;"VILHENA";"Desrespeitar a preferência no cruzamento";"Colisão transversal";"Com Vítimas Feridas";"Pleno dia";"Decrescente";"Céu Claro";"Simples";"Interseção de Vias";"Não";4;0;2;0;1;1;2;3;-12,723321;-60,12801;"SPRF-RO";"DEL04-RO";"UOP01-DEL04-RO"
562524;2023-11-20;"segunda-feira";"10:20:00";"PR";116;15;"CAMPINA GRANDE DO SUL";"Reação tardia ou ineficiente do condutor";"Colisão com objeto";"Com Vítimas Feridas";"Pleno dia";"Decrescente";"Chuva";"Dupla";"Curva";"Não";2;0;2;0;0;0;2;1;-25,09832756;-48,68266005;"SPRF-PR";"DEL01-PR";"UOP02-DEL01-PR"
562526;2023-11-20;"segunda-feira";"09:20:00";"TO";153;635;"ALIANCA DO TOCANTINS";"Reação tardia ou ineficiente do condutor";"Saída de leito carroçável";"Com Vítimas Feridas";"Pleno dia";"Crescente";"Céu Claro";"Simples";"Reta";"Não";1;0;1;0;0;0;1;1;-11,40423897;-48,97676315;"SPRF-TO";"DEL01-TO";"UOP02-DEL01-TO"
562527;2023-11-20;"segunda-feira";"15:00:00";"RJ";101;384;"RIO DE JANEIRO";"Demais falhas mecânicas ou elétricas";"Incêndio";"Sem Vítimas";"Pleno dia";"Decrescente";"Chuva";"Dupla";"Reta";"Sim";1;0;0;0;1;0;0;1;-22,87911609;-43,62323999;"SPRF-RJ";"DEL03-RJ";"UOP01-DEL03-RJ"
562529;2023-11-20;"segunda-feira";"16:05:00";"SC";101;31;"JOINVILLE";"Condutor deixou de manter distância do veículo da frente";"Colisão traseira";"Com Vítimas Feridas";"Pleno dia";"Decrescente";"Céu Claro";"Dupla";"Reta";"Não";2;0;1;0;1;0;1;2;-26,22195899;-48,91634925;"SPRF-SC";"DEL03-SC";"UOP01-DEL03-SC"
562530;2023-11-20;"segunda-feira";"11:45:00";"SC";101;210,7;"SAO JOSE";"Reação tardia ou ineficiente do condutor";"Queda de ocupante de veículo";"Com Vítimas Feridas";"Pleno dia";"Crescente";"Céu Claro";"Dupla";"Reta";"Sim";1;0;1;0;0;0;1;1;-27,6167305;-48,6457265;"SPRF-SC";"DEL01-SC";"UOP01-DEL01-SC"
562533;2023-11-20;"segunda-feira";"16:00:00";"CE";20;318,5;"CANINDE";"Acessar a via sem observar a presença dos outros veículos";"Colisão transversal";"Com Vítimas Feridas";"Pleno dia";"Crescente";"Céu Claro";"Simples";"Curva";"Não";2;0;0;1;1;0;1;2;-4,28533098;-39,24357503;"SPRF-CE";"DEL02-CE";"UOP01-DEL02-CE"
562536;2023-11-20;"segunda-feira";"15:40:00";"MS";60;593,5;"JARDIM";"Manobra de mudança de faixa";"Colisão lateral mesmo sentido";"Com Vítimas Feridas";"Pleno dia";"Crescente";"Nublado";"Dupla";"Rotatória";"Não";2;0;1;0;1;0;1;2;-21,4854233145;-56,1504094705;"SPRF-MS";"DEL05-MS";"UOP01-DEL05-MS"
562537;2023-11-20;"segunda-feira";"14:20:00";"RJ";40;109;"DUQUE DE CAXIAS";"Condutor deixou de manter distância do veículo da frente";"Colisão lateral mesmo sentido";"Com Vítimas Feridas";"Pleno dia";"Decrescente";"Garoa/Chuvisco";"Múltipla";"Reta";"Sim";3;0;1;0;2;0;1;2;-22,67374628;-43,28638368;"SPRF-RJ";"DEL01-RJ";"UOP01-DEL01-RJ"
562538;2023-11-20;"segunda-feira";"16:15:00";"SC";101;216;"PALHOCA";"Ausência de reação do condutor";"Colisão traseira";"Sem Vítimas";"Pleno dia";"Crescente";"Céu Claro";"Múltipla";"Reta";"Não";2;0;0;0;2;0;0;2;-27,65981409;-48,67747798;"SPRF-SC";"DEL01-SC";"UOP02-DEL01-SC"
562540;2023-11-20;"segunda-feira";"17:00:00";"SP";116;230,2;"SAO PAULO";"Ausência de reação do condutor";"Colisão traseira";"Com Vítimas Feridas";"Pleno dia";"Crescente";"Nublado";"Múltipla";"Reta";"Sim";2;0;0;1;1;0;1;2;-23,52251783;-46,5855702;"SPRF-SP";"DEL01-SP";"UOP01-DEL01-SP"
562542;2023-11-20;"segunda-feira";"15:15:00";"RO";364;243,9;"CACOAL";"Demais falhas mecânicas ou elétricas";"Saída de leito carroçável";"Com Vítimas Feridas";"Pleno dia";"Decrescente";"Nublado";"Simples";"Declive";"Não";1;0;1;0;0;0;1;1;-11,44047661;-61,49680198;"SPRF-RO";"DEL02-RO";"UOP02-DEL02-RO"
562543;2023-11-20;"segunda-feira";"16:45:00";"SC";101;180;"GOVERNADOR CELSO RAMOS";"Ausência de reação do condutor";"Colisão traseira";"Com Vítimas Feridas";"Pleno dia";"Crescente";"Nublado";"Dupla";"Reta";"Sim";2;0;1;0;1;0;1;2;-27,3811238;-48,63090648;"SPRF-SC";"DEL01-SC";"UOP01-DEL01-SC"
562544;2023-11-20;"segunda-feira";"17:00:00";"RS";116;252;"SAPUCAIA DO SUL";"Manobra de mudança de faixa";"Colisão lateral mesmo sentido";"Com Vítimas Feridas";"Pleno dia";"Crescente";"Sol";"Múltipla";"Reta";"Sim";2;0;1;0;1;0;1;2;-29,80035406;-51,16550365;"SPRF-RS";"DEL01-RS";"UOP02-DEL01-RS"
562545;2023-11-20;"segunda-feira";"15:17:00";"RO";364;515;"ARIQUEMES";"Acessar a via sem observar a presença dos outros veículos";"Colisão lateral mesmo sentido";"Com Vítimas Feridas";"Pleno dia";"Decrescente";"Céu Claro";"Simples";"Interseção de Vias;Rotatória";"Sim";2;0;1;0;1;0;1;2;-9,92497302;-63,05491046;"SPRF-RO";"DEL03-RO";"UOP01-DEL03-RO"
562547;2023-11-20;"segunda-feira";"17:30:00";"GO";60;97;"ANAPOLIS";"Desrespeitar a preferência no cruzamento";"Colisão frontal";"Com Vítimas Feridas";"Pleno dia";"Decrescente";"Céu Claro";"Simples";"Reta;Interseção de Vias";"Sim";2;0;1;0;1;0;1;2;-16,3774;-48,9483;"SPRF-GO";"DEL02-GO";"UOP01-DEL02-GO"
562548;2023-11-20;"segunda-feira";"17:20:00";"PR";376;1;"SAO JOSE DOS PINHAIS";"Transitar na contramão";"Colisão transversal";"Com Vítimas Feridas";"Pleno dia";"Crescente";"Nublado";"Dupla";"Reta;Desvio Temporário;Em Obras";"Sim";2;0;1;0;1;0;1;2;-25,56172301;-49,18416023;"SPRF-PR";"DEL01-PR";"UOP04-DEL01-PR"
562549;2023-11-20;"segunda-feira";"15:30:00";"SE";235;1,8;"ARACAJU";"Condutor deixou de manter distância do veículo da frente";"Colisão traseira";"Sem Vítimas";"Pleno dia";"Decrescente";"Sol";"Dupla";"Reta";"Não";2;0;0;0;2;0;0;2;-10,9073;-37,0947;"SPRF-SE";"DEL01-SE";"UOP01-DEL01-SE"
562550;2023-11-20;"segunda-feira";"17:35:00";"RJ";116;176;"SAO JOAO DE MERITI";"Chuva";"Colisão com objeto";"Com Vítimas Feridas";"Anoitecer";"Crescente";"Chuva";"Múltipla";"Reta";"Não";3;0;2;0;1;0;2;1;-22,7839538;-43,38195488;"SPRF-RJ";"DEL06-RJ";"UOP01-DEL06-RJ"
562551;2023-11-20;"segunda-feira";"17:40:00";"DF";70;16;"BRASILIA";"Ausência de reação do condutor";"Engavetamento";"Com Vítimas Feridas";"Pleno dia";"Crescente";"Céu Claro";"Dupla";"Reta";"Sim";3;0;2;0;1;0;2;3;-15,796144;-48,194225;"SPRF-DF";"DEL03-DF";"UOP02-DEL03-DF"
562552;2023-11-20;"segunda-feira";"17:50:00";"DF";20;12;"BRASILIA";"Demais falhas mecânicas ou elétricas";"Colisão traseira";"Com Vítimas Feridas";"Pleno dia";"Crescente";"Céu Claro";"Dupla";"Reta";"Sim";5;0;3;0;2;0;3;2;-15,642812;-47,757786;"SPRF-DF";"DEL02-DF";"UOP01-DEL02-DF"
562553;2023-11-20;"segunda-feira";"18:00:00";"RS";386;350;"ESTRELA";"Reação tardia ou ineficiente do condutor";"Colisão traseira";"Com Vítimas Feridas";"Pleno dia";"Decrescente";"Céu Claro";"Dupla";"Reta";"Sim";2;0;1;0;1;0;1;2;-29,4743;-51,952923;"SPRF-RS";"DEL04-RS";"UOP01-DEL04-RS"
562556;2023-11-20;"segunda-feira";"17:20:00";"SC";153;97,2;"CONCORDIA";"Acessar a via sem observar a presença dos outros veículos";"Colisão transversal";"Com Vítimas Feridas";"Pleno dia";"Crescente";"Sol";"Simples";"Curva";"Sim";2;0;0;1;1;0;1;2;-27,22937082;-51,95280075;"SPRF-SC";"DEL07-SC";"UOP04-DEL07-SC"
562557;2023-11-20;"segunda-feira";"07:20:00";"PR";476;110,2;"COLOMBO";"Velocidade Incompatível";"Saída de leito carroçável";"Sem Vítimas";"Plena Noite";"Decrescente";"Ignorado";"Simples";"Curva";"Sim";1;0;0;0;0;1;0;1;-25,311363;-49,145245;"SPRF-PR";"DEL01-PR";"UOP01-DEL01-PR"
562558;2023-11-20;"segunda-feira";"16:50:00";"PR";116;7;"CAMPINA GRANDE DO SUL";"Chuva";"Capotamento";"Com Vítimas Feridas";"Pleno dia";"Crescente";"Chuva";"Dupla";"Curva";"Não";1;0;0;1;0;0;1;1;-25,08235366;-48,61499799;"SPRF-PR";"DEL01-PR";"UOP02-DEL01-PR"
562559;2023-11-20;"segunda-feira";"17:50:00";"SC";101;203,2;"SAO JOSE";"Trafegar com motocicleta (ou similar) entre as faixas";"Colisão lateral mesmo sentido";"Com Vítimas Feridas";"Pleno dia";"Decrescente";"Sol";"Múltipla";"Reta;Declive";"Sim";2;0;1;0;1;0;1;2;-27,5650044;-48,61460082;"SPRF-SC";"DEL01-SC";"UOP01-DEL01-SC"
562560;2023-11-20;"segunda-feira";"18:20:00";"SC";101;152;"ITAPEMA";"Manobra de mudança de faixa";"Colisão lateral mesmo sentido";"Com Vítimas Feridas";"Plena Noite";"Decrescente";"Nublado";"Dupla";"Reta";"Sim";2;0;1;0;1;0;1;2;-27,13563503;-48,61004665;"SPRF-SC";"DEL04-SC";"UOP03-DEL04-SC"
562561;2023-11-20;"segunda-feira";"18:00:00";"PB";230;27;"JOAO PESSOA";"Entrada inopinada do pedestre";"Atropelamento de Pedestre";"Com Vítimas Feridas";"Plena Noite";"Decrescente";"Nublado";"Dupla";"Reta";"Sim";2;0;0;1;1;0;1;2;-7,1677;-34,8855;"SPRF-PB";"DEL01-PB";"UOP01-DEL01-PB"
562562;2023-11-20;"segunda-feira";"18:20:00";"SC";282;3,5;"FLORIANOPOLIS";"Trafegar com motocicleta (ou similar) entre as faixas";"Colisão lateral mesmo sentido";"Com Vítimas Feridas";"Anoitecer";"Crescente";"Céu Claro";"Múltipla";"Reta";"Sim";3;0;1;0;2;0;1;3;-27,59182712;-48,60561848;"SPRF-SC";"DEL01-SC";"UOP01-DEL01-SC"
562563;2023-11-08;"quarta-feira";"11:30:00";"PR";376;619;"SAO JOSE DOS PINHAIS";"Reação tardia ou ineficiente do condutor";"Tombamento";"Com Vítimas Feridas";"Pleno dia";"Decrescente";"Ignorado";"Simples";"Viaduto";"Sim";1;0;1;0;0;0;1;1;-25,60034699;-49,17355691;"SPRF-PR";"DEL01-PR";"UOP04-DEL01-PR"
562565;2023-11-20;"segunda-feira";"19:00:00";"CE";222;208;"FORQUILHA";"Avarias e/ou desgaste excessivo no pneu";"Tombamento";"Com Vítimas Feridas";"Plena Noite";"Crescente";"Céu Claro";"Simples";"Declive;Curva";"Sim";3;0;3;0;0;0;3;1;-3,79654314;-40,25649726;"SPRF-CE";"DEL04-CE";"UOP01-DEL04-CE"
562566;2023-11-20;"segunda-feira";"18:30:00";"RN";101;153;"GOIANINHA";"Velocidade Incompatível";"Capotamento";"Com Vítimas Feridas";"Plena Noite";"Crescente";"Céu Claro";"Dupla";"Reta";"Não";5;0;2;3;0;0;5;1;-6,30228615;-35,19185327;"SPRF-RN";"DEL01-RN";"UOP01-DEL01-RN"
562568;2023-11-17;"sexta-feira";"04:02:00";"PR";163;323;"GUAIRA";"Ausência de reação do condutor";"Incêndio";"Sem Vítimas";"Plena Noite";"Crescente";"Céu Claro";"Simples";"Reta";"Não";1;0;0;0;0;1;0;1;-24,21375699;-54,19958751;"SPRF-PR";"DEL06-PR";"UOP01-DEL06-PR"
562569;2023-11-20;"segunda-feira";"15:15:00";"AL";316;268,5;"SATUBA";"Reação tardia ou ineficiente do condutor";"Saída de leito carroçável";"Sem Vítimas";"Pleno dia";"Crescente";"Céu Claro";"Simples";"Curva;Ponte";"Sim";1;0;0;0;0;1;0;1;-9,58021969;-35,83876014;"SPRF-AL";"DEL02-AL";"UOP01-DEL02-AL"
562570;2023-11-20;"segunda-feira";"18:30:00";"RN";0;0;"MOSSORO";"Acessar a via sem observar a presença dos outros veículos";"Colisão transversal";"Com Vítimas Feridas";"Plena Noite";"Não Informado";"Céu Claro";"Simples";"Interseção de Vias";"Não";2;0;1;0;0;1;1;2;-5,15255798;-37,34873808;"SPRF-RN";"DEL04-RN";"UOP02-DEL04-RN"
562574;2023-11-20;"segunda-feira";"19:00:00";"PR";277;586,4;"CASCAVEL";"Desrespeitar a preferência no cruzamento";"Colisão transversal";"Com Vítimas Feridas";"Plena Noite";"Decrescente";"Céu Claro";"Simples";"Interseção de Vias";"Sim";2;0;1;0;1;0;1;2;-24,96663962;-53,42420429;"SPRF-PR";"DEL04-PR";"UOP01-DEL04-PR"
562578;2023-11-20;"segunda-feira";"19:49:00";"GO";40;6;"VALPARAISO DE GOIAS";"Ausência de reação do condutor";"Atropelamento de Pedestre";"Sem Vítimas";"Plena Noite";"Crescente";"Céu Claro";"Dupla";"Reta";"Não";1;0;0;0;1;0;0;1;-16,100814;-47,977351;"SPRF-DF";"DEL01-DF";"UOP01-DEL01-DF"
562579;2023-11-20;"segunda-feira";"19:15:00";"SC";101;113;"ITAJAI";"Trafegar com motocicleta (ou similar) entre as faixas";"Colisão lateral mesmo sentido";"Com Vítimas Feridas";"Plena Noite";"Decrescente";"Nublado";"Dupla";"Reta";"Não";2;0;1;0;1;0;1;2;-26,85311393;-48,72689927;"SPRF-SC";"DEL04-SC";"UOP04-DEL04-SC"
562580;2023-11-20;"segunda-feira";"19:40:00";"PA";163;986;"SANTAREM";"Acessar a via sem observar a presença dos outros veículos";"Colisão transversal";"Com Vítimas Feridas";"Plena Noite";"Decrescente";"Céu Claro";"Simples";"Reta";"Não";2;0;0;1;1;0;1;2;-2,59271401;-54,71976013;"SPRF-PA";"DEL05-PA";"UOP01-DEL05-PA"
562581;2023-11-20;"segunda-feira";"19:20:00";"MG";262;34,8;"MANHUACU";"Ausência de reação do condutor";"Colisão com objeto";"Com Vítimas Feridas";"Plena Noite";"Decrescente";"Chuva";"Simples";"Reta";"Sim";3;0;1;0;2;0;1;1;-20,25692664;-42,01099203;"SPRF-MG";"DEL06-MG";"UOP03-DEL06-MG"
562584;2023-11-20;"segunda-feira";"20:20:00";"MA";10;262;"IMPERATRIZ";"Acessar a via sem observar a presença dos outros veículos";"Colisão transversal";"Com Vítimas Feridas";"Plena Noite";"Crescente";"Céu Claro";"Simples";"Declive";"Não";2;0;2;0;0;0;2;2;-5,445326;-47,472542;"SPRF-MA";"DEL04-MA";"UOP01-DEL04-MA"
562585;2023-11-20;"segunda-feira";"19:59:00";"PR";163;281;"MARECHAL CANDIDO RONDON";"Falta de acostamento";"Tombamento";"Com Vítimas Feridas";"Plena Noite";"Crescente";"Céu Claro";"Simples";"Reta";"Não";2;0;2;0;0;0;2;1;-24,57864514;-53,99236214;"SPRF-PR";"DEL06-PR";"UOP02-DEL06-PR"
562590;2023-11-20;"segunda-feira";"10:00:00";"RJ";101;86,5;"CAMPOS DOS GOYTACAZES";"Declive acentuado";"Tombamento";"Com Vítimas Feridas";"Pleno dia";"Decrescente";"Nublado";"Dupla";"Curva;Aclive";"Não";1;0;1;0;0;0;1;1;-21,82667291;-41,48736902;"SPRF-RJ";"DEL08-RJ";"UOP02-DEL08-RJ"
562591;2023-11-20;"segunda-feira";"19:00:00";"RJ";101;386;"RIO DE JANEIRO";"Acesso irregular";"Colisão traseira";"Com Vítimas Feridas";"Plena Noite";"Crescente";"Garoa/Chuvisco";"Múltipla";"Reta";"Sim";3;0;1;0;2;0;1;2;-22,88295192;-43,64094302;"SPRF-RJ";"DEL03-RJ";"UOP01-DEL03-RJ"
562592;2023-11-20;"segunda-feira";"19:10:00";"SC";101;385,1;"ICARA";"Reação tardia ou ineficiente do condutor";"Colisão lateral mesmo sentido";"Com Vítimas Feridas";"Plena Noite";"Crescente";"Céu Claro";"Dupla";"Reta";"Não";5;0;3;1;1;0;4;2;-28,78381977;-49,33462143;"SPRF-SC";"DEL02-SC";"UOP02-DEL02-SC"
562593;2023-11-20;"segunda-feira";"20:50:00";"MG";40;568;"NOVA LIMA";"Manobra de mudança de faixa";"Colisão com objeto";"Com Vítimas Feridas";"Pleno dia";"Crescente";"Chuva";"Simples";"Declive";"Não";5;0;1;0;4;0;1;1;-20,19509609;-43,97360482;"SPRF-MG";"DEL01-MG";"UOP02-DEL01-MG"
562594;2023-11-20;"segunda-feira";"19:45:00";"MG";381;936,1;"EXTREMA";"Acessar a via sem observar a presença dos outros veículos";"Queda de ocupante de veículo";"Sem Vítimas";"Plena Noite";"Decrescente";"Céu Claro";"Dupla";"Interseção de Vias";"Não";1;0;0;0;1;0;0;1;-22,82914914;-46,31469547;"SPRF-MG";"DEL16-MG";"UOP03-DEL16-MG"
562595;2023-11-20;"segunda-feira";"18:45:00";"RO";364;308;"PRESIDENTE MEDICI";"Acessar a via sem observar a presença dos outros veículos";"Colisão traseira";"Sem Vítimas";"Plena Noite";"Decrescente";"Garoa/Chuvisco";"Simples";"Reta";"Sim";2;0;0;0;1;1;0;2;-11,172427;-61,901573;"SPRF-RO";"DEL02-RO";"UOP01-DEL02-RO"
562597;2023-11-20;"segunda-feira";"21:00:00";"SC";101;161;"TIJUCAS";"Transitar na contramão";"Colisão lateral sentido oposto";"Com Vítimas Feridas";"Plena Noite";"Decrescente";"Céu Claro";"Dupla";"Reta";"Sim";2;0;0;1;1;0;1;2;-27,21673911;-48,6244238;"SPRF-SC";"DEL04-SC";"UOP03-DEL04-SC"
562598;2023-11-20;"segunda-feira";"22:10:00";"PR";376;644;"TIJUCAS DO SUL";"Transitar na contramão";"Colisão frontal";"Com Vítimas Feridas";"Plena Noite";"Crescente";"Garoa/Chuvisco";"Simples";"Declive;Curva";"Não";2;0;1;0;1;0;1;2;-25,81419584;-49,13167969;"SPRF-PR";"DEL01-PR";"UOP04-DEL01-PR"
562600;2023-11-20;"segunda-feira";"20:45:00";"SP";116;36,3;"CRUZEIRO";"Chuva";"Colisão lateral mesmo sentido";"Com Vítimas Feridas";"Plena Noite";"Decrescente";"Chuva";"Dupla";"Reta";"Não";2;0;1;0;1;0;1;2;-22,66128426;-44,97738361;"SPRF-SP";"DEL08-SP";"UOP02-DEL08-SP"
562601;2023-11-20;"segunda-feira";"21:40:00";"MG";364;30;"FRUTAL";"Avarias e/ou desgaste excessivo no pneu";"Tombamento";"Com Vítimas Feridas";"Plena Noite";"Crescente";"Nublado";"Simples";"Reta";"Não";1;0;1;0;0;0;1;1;-20,0133491;-48,91987681;"SPRF-MG";"DEL13-MG";"UOP02-DEL13-MG"
562602;2023-11-20;"segunda-feira";"21:20:00";"RS";285;121,7;"VACARIA";"Transitar na contramão";"Colisão frontal";"Com Vítimas Feridas";"Plena Noite";"Crescente";"Céu Claro";"Simples";"Interseção de Vias";"Sim";2;0;1;0;1;0;1;2;-28,50658962;-50,9418869;"SPRF-RS";"DEL05-RS";"UOP03-DEL05-RS"
562603;2023-10-21;"sábado";"01:50:00";"SC";101;140,3;"ITAPEMA";"Transitar na contramão";"Colisão frontal";"Com Vítimas Feridas";"Plena Noite";"Crescente";"Garoa/Chuvisco";"Múltipla";"Aclive";"Não";9;0;1;1;0;7;2;3;-27,04176744;-48,59975552;"SPRF-SC";"DEL04-SC";"UOP03-DEL04-SC"
562605;2023-11-20;"segunda-feira";"19:25:00";"GO";153;208;"URUACU";"Reação tardia ou ineficiente do condutor";"Colisão traseira";"Sem Vítimas";"Plena Noite";"Decrescente";"Céu Claro";"Simples";"Reta;Aclive";"Não";3;0;0;0;3;0;0;2;-14,586481;-49,161167;"SPRF-GO";"DEL07-GO";"UOP02-DEL07-GO"
562607;2023-09-10;"domingo";"19:30:00";"MA";226;38,4;"TIMON";"Ausência de sinalização";"Colisão traseira";"Com Vítimas Fatais";"Plena Noite";"Crescente";"Céu Claro";"Simples";"Reta;Aclive;Em Obras";"Não";3;1;1;0;1;0;1;2;-5,139048;-43,142427;"SPRF-MA";"DEL03-MA";"UOP02-DEL03-MA"
562608;2023-11-20;"segunda-feira";"23:30:00";"PR";369;493;"CASCAVEL";"Velocidade Incompatível";"Saída de leito carroçável";"Com Vítimas Feridas";"Plena Noite";"Decrescente";"Céu Claro";"Simples";"Reta";"Não";1;0;1;0;0;0;1;1;-24,88516151;-53,34795177;"SPRF-PR";"DEL04-PR";"UOP03-DEL04-PR"
562609;2023-11-20;"segunda-feira";"22:25:00";"MG";381;907,5;"CAMBUI";"Velocidade Incompatível";"Colisão com objeto";"Sem Vítimas";"Plena Noite";"Crescente";"Garoa/Chuvisco";"Dupla";"Declive;Curva";"Não";1;0;0;0;1;0;0;1;-22,67474864;-46,09654718;"SPRF-MG";"DEL16-MG";"UOP03-DEL16-MG"
562610;2023-11-20;"segunda-feira";"22:45:00";"TO";153;634,5;"ALIANCA DO TOCANTINS";"Ingestão de álcool pelo condutor";"Queda de ocupante de veículo";"Com Vítimas Feridas";"Plena Noite";"Crescente";"Chuva";"Simples";"Aclive";"Não";1;0;1;0;0;0;1;1;-11,39541211;-48,97433972;"SPRF-TO";"DEL01-TO";"UOP02-DEL01-TO"