"id";"data_inversa";"dia_semana";"horario";"uf";"br";"km";"municipio";"causa_acidente";"tipo_acidente";"classificacao_acidente";"fase_dia";"sentido_via";"condicao_metereologica";"tipo_pista";"tracado_via";"uso_solo";"pessoas";"mortos";"feridos_leves";"feridos_graves";"ilesos";"ignorados";"feridos";"veiculos";"latitude";"longitude";"regional";"delegacia";"uop"
562611;2023-11-20;"segunda-feira";"14:00:00";"RJ";393;124;"SAPUCAIA";"Trafegar com motocicleta (ou similar) entre as faixas";"Tombamento";"Com Vítimas Feridas";"Pleno dia";"Crescente";"Nublado";"Dupla";"Reta";"Não";1;0;1;0;0;0;1;1;-21,94148988;-42,82319999;"SPRF-RJ";"DEL05-RJ";"UOP01-DEL05-RJ"
562612;2023-11-20;"segunda-feira";"23:00:00";"MS";163;124;"NAVIRAI";"Reação tardia ou ineficiente do condutor";"Queda de ocupante de veículo";"Com Vítimas Feridas";"Plena Noite";"Crescente";"Céu Claro";"Dupla";"Reta";"Não";1;0;1;0;0;0;1;1;-23,08074209;-54,2278866;"SPRF-MS";"DEL09-MS";"UOP01-DEL09-MS"
562613;2023-11-21;"terça-feira";"01:00:00";"BA";101;905;"NOVA VICOSA";"Reação tardia ou ineficiente do condutor";"Saída de leito carroçável";"Com Vítimas Feridas";"Plena Noite";"Crescente";"Céu Claro";"Simples";"Curva";"Não";1;0;1;0;0;0;1;1;-17,95919696;-39,86084979;"SPRF-BA";"DEL09-BA";"UOP02-DEL09-BA"
562614;2023-11-20;"segunda-feira";"23:20:00";"RJ";101;247;"SILVA JARDIM";"Reação tardia ou ineficiente do condutor";"Colisão traseira";"Com Vítimas Feridas";"Plena Noite";"Decrescente";"Chuva";"Dupla";"Curva";"Não";4;0;2;0;2;0;2;2;-22,65885276;-42,49422728;"SPRF-RJ";"DEL02-RJ";"UOP03-DEL02-RJ"
562615;2023-11-20;"segunda-feira";"11:00:00";"BA";235;385;"CASA NOVA";"Ausência de sinalização";"Colisão frontal";"Com Vítimas Fatais";"Pleno dia";"Crescente";"Céu Claro";"Simples";"Reta";"Não";13;1;10;1;0;1;11;4;-9,15742773;-40,94752397;"SPRF-BA";"DEL04-BA";"UOP01-DEL04-BA"
562617;2023-11-21;"terça-feira";"00:50:00";"RS";290;714;"URUGUAIANA";"Condutor Dormindo";"Colisão com objeto";"Sem Vítimas";"Plena Noite";"Crescente";"Céu Claro";"Simples";"Reta";"Não";2;0;0;0;2;0;0;1;-29,795544;-57,011986;"SPRF-RS";"DEL13-RS";"UOP01-DEL13-RS"
562619;2023-11-21;"terça-feira";"03:30:00";"SC";282;21;"PALHOCA";"Ausência de reação do condutor";"Colisão com objeto";"Com Vítimas Feridas";"Plena Noite";"Crescente";"Céu Claro";"Simples";"Curva";"Sim";1;0;1;0;0;0;1;1;-27,68907;-48,717541;"SPRF-SC";"DEL01-SC";"UOP02-DEL01-SC"
562621;2023-11-21;"terça-feira";"04:20:00";"MG";40;481;"SETE LAGOAS";"Condutor Dormindo";"Capotamento";"Com Vítimas Feridas";"Plena Noite";"Crescente";"Céu Claro";"Dupla";"Reta";"Não";2;0;2;0;0;0;2;1;-19,5511262;-44,24459038;"SPRF-MG";"DEL02-MG";"UOP01-DEL02-MG"
562623;2023-11-21;"terça-feira";"04:35:00";"PE";232;509;"SALGUEIRO";"Animais na Pista";"Atropelamento de Animal";"Com Vítimas Fatais";"Amanhecer";"Crescente";"Céu Claro";"Simples";"Curva;Aclive";"Sim";1;1;0;0;0;0;0;1;-8,06449154;-39,1298447;"SPRF-PE";"DEL05-PE";"UOP01-DEL05-PE"
562624;2023-11-20;"segunda-feira";"23:30:00";"MG";40;786;"JUIZ DE FORA";"Velocidade Incompatível";"Colisão traseira";"Sem Vítimas";"Plena Noite";"Decrescente";"Chuva";"Dupla";"Curva";"Não";2;0;0;0;1;1;0;2;-21,72733544;-43,4385309;"SPRF-MG";"DEL05-MG";"UOP01-DEL05-MG"
562625;2023-11-21;"terça-feira";"05:10:00";"MG";116;631,9;"DIVINO";"Transitar na contramão";"Colisão frontal";"Com Vítimas Fatais";"Amanhecer";"Crescente";"Nublado";"Simples";"Reta";"Não";3;1;0;1;0;1;1;3;-20,60151499;-42,20862002;"SPRF-MG";"DEL07-MG";"UOP02-DEL07-MG"
562626;2023-11-21;"terça-feira";"05:30:00";"SC";101;123;"ITAJAI";"Desrespeitar a preferência no cruzamento";"Colisão transversal";"Com Vítimas Feridas";"Amanhecer";"Decrescente";"Céu Claro";"Múltipla";"Interseção de Vias";"Sim";2;0;1;0;1;0;1;2;-26,93733351;-48,69767725;"SPRF-SC";"DEL04-SC";"UOP04-DEL04-SC"
562628;2023-11-21;"terça-feira";"05:10:00";"RJ";101;215;"CASIMIRO DE ABREU";"Ausência de reação do condutor";"Saída de leito carroçável";"Com Vítimas Feridas";"Amanhecer";"Decrescente";"Nublado";"Dupla";"Curva";"Não";1;0;1;0;0;0;1;1;-22,50540682;-42,27365808;"SPRF-RJ";"DEL02-RJ";"UOP03-DEL02-RJ"
562629;2023-11-21;"terça-feira";"05:20:00";"RJ";101;87;"CAMPOS DOS GOYTACAZES";"Velocidade Incompatível";"Saída de leito carroçável";"Com Vítimas Feridas";"Pleno dia";"Decrescente";"Céu Claro";"Dupla";"Curva";"Não";1;0;1;0;0;0;1;1;-21,82626899;-41,49641201;"SPRF-RJ";"DEL08-RJ";"UOP02-DEL08-RJ"
562630;2023-11-20;"segunda-feira";"08:20:00";"MG";381;375;"SAO GONCALO DO RIO ABAIXO";"Acumulo de água sobre o pavimento";"Saída de leito carroçável";"Com Vítimas Feridas";"Pleno dia";"Decrescente";"Chuva";"Simples";"Curva";"Não";1;0;1;0;0;0;1;1;-19,83666149;-43,33681685;"SPRF-MG";"DEL01-MG";"UOP01-DEL01-MG"
562631;2023-11-20;"segunda-feira";"19:55:00";"RJ";116;97;"GUAPIMIRIM";"Velocidade Incompatível";"Colisão com objeto";"Com Vítimas Feridas";"Plena Noite";"Decrescente";"Chuva";"Simples";"Curva";"Não";2;0;1;0;1;0;1;1;-22,47811419;-42,99603471;"SPRF-RJ";"DEL04-RJ";"UOP01-DEL04-RJ"
562632;2023-11-21;"terça-feira";"05:00:00";"GO";50;180,6;"CAMPO ALEGRE DE GOIAS";"Condutor Dormindo";"Saída de leito carroçável";"Com Vítimas Feridas";"Amanhecer";"Crescente";"Céu Claro";"Dupla";"Curva;Aclive";"Não";1;0;1;0;0;0;1;1;-17,4105;-47,787;"SPRF-GO";"DEL06-GO";"UOP01-DEL06-GO"
562633;2023-11-21;"terça-feira";"00:15:00";"RS";470;207;"BENTO GONCALVES";"Reação tardia ou ineficiente do condutor";"Saída de leito carroçável";"Com Vítimas Feridas";"Plena Noite";"Crescente";"Céu Claro";"Simples";"Curva";"Não";1;0;1;0;0;0;1;1;-29,09490791;-51,54890598;"SPRF-RS";"DEL06-RS";"UOP01-DEL06-RS"
562634;2023-11-20;"segunda-feira";"21:10:00";"BA";235;360;"CASA NOVA";"Animais na Pista";"Atropelamento de Animal";"Com Vítimas Feridas";"Plena Noite";"Decrescente";"Céu Claro";"Simples";"Reta";"Não";1;0;1;0;0;0;1;1;-9,30064391;-40,81463291;"SPRF-BA";"DEL04-BA";"UOP01-DEL04-BA"
562635;2023-11-21;"terça-feira";"06:10:00";"PB";230;23,5;"JOAO PESSOA";"Ausência de reação do condutor";"Colisão lateral mesmo sentido";"Com Vítimas Feridas";"Pleno dia";"Decrescente";"Céu Claro";"Dupla";"Reta";"Sim";4;0;1;1;2;0;2;3;-7,1562;-34,8574;"SPRF-PB";"DEL01-PB";"UOP01-DEL01-PB"
562636;2023-11-21;"terça-feira";"05:50:00";"PE";232;486,7;"VERDEJANTE";"Ausência de reação do condutor";"Queda de ocupante de veículo";"Com Vítimas Feridas";"Amanhecer";"Crescente";"Céu Claro";"Simples";"Curva";"Não";1;0;0;1;0;0;1;1;-8,01131528;-38,94037087;"SPRF-PE";"DEL05-PE";"UOP01-DEL05-PE"
562637;2023-11-21;"terça-feira";"05:27:00";"TO";10;455,6;"PALMAS";"Velocidade Incompatível";"Tombamento";"Com Vítimas Fatais";"Amanhecer";"Crescente";"Céu Claro";"Múltipla";"Reta;Declive";"Sim";2;1;0;1;0;0;1;1;-10,21491133;-48,15620573;"SPRF-TO";"DEL01-TO";"UOP03-DEL01-TO"
562638;2023-11-20;"segunda-feira";"09:35:00";"BA";324;525;"FEIRA DE SANTANA";"Avarias e/ou desgaste excessivo no pneu";"Tombamento";"Com Vítimas Feridas";"Pleno dia";"Decrescente";"Céu Claro";"Dupla";"Reta";"Sim";2;0;1;0;1;0;1;1;-12,30106981;-38,8977869;"SPRF-BA";"DEL01-BA";"UOP03-DEL01-BA"
562643;2023-11-20;"segunda-feira";"23:15:00";"MG";365;663;"MONTE ALEGRE DE MINAS";"Avarias e/ou desgaste excessivo no pneu";"Tombamento";"Com Vítimas Feridas";"Plena Noite";"Decrescente";"Céu Claro";"Dupla";"Reta";"Não";2;0;1;0;1;0;1;1;-18,89100473;-48,67040895;"SPRF-MG";"DEL15-MG";"UOP01-DEL15-MG"
562645;2023-11-21;"terça-feira";"01:30:00";"BA";116;402;"FEIRA DE SANTANA";"Animais na Pista";"Atropelamento de Animal";"Com Vítimas Feridas";"Plena Noite";"Crescente";"Céu Claro";"Dupla";"Reta";"Não";3;0;1;0;2;0;1;1;-12,04654101;-38,97030341;"SPRF-BA";"DEL02-BA";"UOP01-DEL02-BA"
562646;2023-11-21;"terça-feira";"07:10:00";"SP";116;224,3;"GUARULHOS";"Manobra de mudança de faixa";"Colisão traseira";"Com Vítimas Feridas";"Pleno dia";"Decrescente";"Céu Claro";"Dupla";"Reta";"Não";2;0;1;0;1;0;1;2;-23,48071896;-46,53271603;"SPRF-SP";"DEL01-SP";"UOP01-DEL01-SP"
562647;2023-11-21;"terça-feira";"07:45:00";"MG";40;511;"RIBEIRAO DAS NEVES";"Acumulo de areia ou detritos sobre o pavimento";"Colisão traseira";"Com Vítimas Feridas";"Pleno dia";"Crescente";"Céu Claro";"Dupla";"Interseção de Vias";"Não";4;0;2;0;2;0;2;3;-19,78164295;-44,11733194;"SPRF-MG";"DEL01-MG";"UOP02-DEL01-MG"
562648;2023-11-21;"terça-feira";"01:50:00";"RJ";101;563;"PARATY";"Velocidade Incompatível";"Saída de leito carroçável";"Com Vítimas Feridas";"Plena Noite";"Decrescente";"Garoa/Chuvisco";"Simples";"Declive;Curva";"Não";4;0;3;0;1;0;3;1;-23,13693615;-44,70218804;"SPRF-RJ";"DEL03-RJ";"UOP04-DEL03-RJ"
562651;2023-11-21;"terça-feira";"07:17:00";"PI";343;305,5;"ALTOS";"Ausência de reação do condutor";"Colisão transversal";"Com Vítimas Feridas";"Pleno dia";"Decrescente";"Céu Claro";"Simples";"Reta";"Sim";2;0;1;0;1;0;1;2;-5,03444;-42,443382;"SPRF-PI";"DEL01-PI";"UOP01-DEL01-PI"
562652;2023-11-21;"terça-feira";"07:35:00";"PB";101;61;"SANTA RITA";"Avarias e/ou desgaste excessivo no pneu";"Colisão com objeto";"Com Vítimas Feridas";"Pleno dia";"Decrescente";"Chuva";"Dupla";"Aclive;Curva";"Não";1;0;1;0;0;0;1;1;-7,00949401;-35,06072329;"SPRF-PB";"DEL01-PB";"UOP04-DEL01-PB"
562654;2023-11-21;"terça-feira";"07:43:00";"SE";235;52;"ITABAIANA";"Acessar a via sem observar a presença dos outros veículos";"Colisão transversal";"Com Vítimas Feridas";"Pleno dia";"Decrescente";"Sol";"Múltipla";"Reta;Rotatória";"Sim";2;0;1;0;1;0;1;2;-10,693279;-37,437557;"SPRF-SE";"DEL01-SE";"UOP02-DEL01-SE"
562656;2023-11-21;"terça-feira";"08:20:00";"RJ";116;175;"SAO JOAO DE MERITI";"Transitar no Acostamento";"Colisão lateral mesmo sentido";"Com Vítimas Feridas";"Pleno dia";"Decrescente";"Céu Claro";"Múltipla";"Reta";"Não";2;0;1;0;1;0;1;2;-22,78923555;-43,37275272;"SPRF-RJ";"DEL01-RJ";"UOP02-DEL01-RJ"
562659;2023-10-14;"sábado";"17:30:00";"PI";316;311;"PICOS";"Reação tardia ou ineficiente do condutor";"Colisão com objeto";"Com Vítimas Feridas";"Anoitecer";"Decrescente";"Céu Claro";"Dupla";"Reta";"Sim";1;0;0;1;0;0;1;1;-7,076331;-41,46596;"SPRF-PI";"DEL04-PI";"UOP01-DEL04-PI"
562661;2023-11-02;"quinta-feira";"15:40:00";"DF";20;10,4;"BRASILIA";"Pista Escorregadia";"Saída de leito carroçável";"Com Vítimas Feridas";"Pleno dia";"Decrescente";"Chuva";"Dupla";"Declive";"Não";2;0;1;0;1;0;1;1;-15,650243;-47,773872;"SPRF-DF";"DEL02-DF";"UOP01-DEL02-DF"
562663;2023-11-21;"terça-feira";"07:30:00";"SP";116;389;"MIRACATU";"Velocidade Incompatível";"Colisão traseira";"Sem Vítimas";"Pleno dia";"Decrescente";"Nublado";"Dupla";"Reta";"Não";3;0;0;0;3;0;0;2;-24,2823606;-47,4330272;"SPRF-SP";"DEL04-SP";"UOP02-DEL04-SP"
562664;2023-11-17;"sexta-feira";"13:43:00";"PE";101;70;"RECIFE";"Entrada inopinada do pedestre";"Atropelamento de Pedestre";"Com Vítimas Feridas";"Pleno dia";"Decrescente";"Céu Claro";"Dupla";"Reta";"Sim";2;0;1;1;0;0;2;2;-8,06776119;-34,94265074;"SPRF-PE";"DEL01-PE";"UOP01-DEL01-PE"
562665;2023-11-21;"terça-feira";"09:30:00";"SP";116;228;"GUARULHOS";"Reação tardia ou ineficiente do condutor";"Colisão lateral mesmo sentido";"Com Vítimas Feridas";"Pleno dia";"Crescente";"Céu Claro";"Múltipla";"Reta";"Sim";2;0;1;0;1;0;1;2;-23,50507689;-46,56925321;"SPRF-SP";"DEL01-SP";"UOP01-DEL01-SP"
562666;2023-11-21;"terça-feira";"09:18:00";"MG";381;485,8;"BETIM";"Condutor deixou de manter distância do veículo da frente";"Colisão traseira";"Com Vítimas Feridas";"Pleno dia";"Crescente";"Sol";"Múltipla";"Reta";"Sim";2;0;1;0;1;0;1;2;-19,95608487;-44,10407782;"SPRF-MG";"DEL01-MG";"UOP03-DEL01-MG"
562667;2023-11-21;"terça-feira";"08:10:00";"RO";319;56;"PORTO VELHO";"Conversão proibida";"Colisão traseira";"Com Vítimas Feridas";"Pleno dia";"Crescente";"Céu Claro";"Simples";"Reta";"Sim";2;0;1;0;1;0;1;2;-8,739714;-63,93214024;"SPRF-RO";"DEL01-RO";"UOP01-DEL01-RO"
562668;2023-11-21;"terça-feira";"09:00:00";"RJ";493;86;"DUQUE DE CAXIAS";"Ausência de reação do condutor";"Colisão traseira";"Com Vítimas Feridas";"Pleno dia";"Decrescente";"Céu Claro";"Dupla";"Reta";"Não";9;0;1;6;2;0;7;2;-22,672089;-43,285053;"SPRF-RJ";"DEL01-RJ";"UOP03-DEL01-RJ"
562669;2023-11-21;"terça-feira";"10:10:00";"RJ";101;407;"ITAGUAI";"Demais falhas mecânicas ou elétricas";"Incêndio";"Sem Vítimas";"Pleno dia";"Crescente";"Céu Claro";"Múltipla";"Reta";"Sim";4;0;0;0;4;0;0;1;-22,87672058;-43,81631971;"SPRF-RJ";"DEL03-RJ";"UOP01-DEL03-RJ"
562671;2023-11-21;"terça-feira";"07:55:00";"RJ";116;169;"RIO DE JANEIRO";"Ausência de reação do condutor";"Colisão frontal";"Com Vítimas Feridas";"Pleno dia";"Crescente";"Céu Claro";"Dupla";"Reta";"Sim";3;0;0;1;1;1;1;3;-22,816206;-43,324463;"SPRF-RJ";"DEL01-RJ";"UOP02-DEL01-RJ"
562674;2023-11-21;"terça-feira";"09:40:00";"RS";116;39,3;"VACARIA";"Desrespeitar a preferência no cruzamento";"Colisão transversal";"Com Vítimas Feridas";"Pleno dia";"Crescente";"Sol";"Múltipla";"Interseção de Vias";"Sim";2;0;0;1;1;0;1;2;-28,51387728;-50,93476295;"SPRF-RS";"DEL05-RS";"UOP03-DEL05-RS"
562676;2023-11-17;"sexta-feira";"19:00:00";"GO";153;535;"HIDROLANDIA";"Reação tardia ou ineficiente do condutor";"Saída de leito carroçável";"Sem Vítimas";"Plena Noite";"Decrescente";"Céu Claro";"Dupla";"Reta";"Não";1;0;0;0;1;0;0;1;-17,0016;-49,2231;"SPRF-GO";"DEL01-GO";"UOP03-DEL01-GO"
562677;2023-11-21;"terça-feira";"11:10:00";"RS";116;234,5;"NOVO HAMBURGO";"Estacionar ou parar em local proibido";"Colisão traseira";"Com Vítimas Feridas";"Pleno dia";"Crescente";"Céu Claro";"Dupla";"Reta";"Sim";2;0;1;0;1;0;1;2;-29,65121313;-51,1444433;"SPRF-RS";"DEL01-RS";"UOP02-DEL01-RS"
562678;2023-11-12;"domingo";"02:35:00";"PR";277;101,9;"CURITIBA";"Ingestão de álcool pelo condutor";"Saída de leito carroçável";"Com Vítimas Fatais";"Plena Noite";"Crescente";"Céu Claro";"Dupla";"Curva";"Não";2;1;0;0;0;1;0;2;-25,426806;-49,382605;"SPRF-PR";"DEL01-PR";"UOP06-DEL01-PR"
562679;2023-11-03;"sexta-feira";"09:00:00";"BA";330;802;"JEQUIE";"Condutor deixou de manter distância do veículo da frente";"Engavetamento";"Com Vítimas Feridas";"Pleno dia";"Decrescente";"Céu Claro";"Simples";"Reta;Aclive";"Não";6;0;2;0;4;0;2;4;-13,96295606;-39,96174304;"SPRF-BA";"DEL03-BA";"UOP01-DEL03-BA"
562682;2023-10-23;"segunda-feira";"06:00:00";"RS";116;362;"TAPES";"Transitar na contramão";"Colisão frontal";"Com Vítimas Feridas";"Pleno dia";"Decrescente";"Céu Claro";"Simples";"Reta";"Sim";7;0;4;2;0;1;6;3;-30,63994236;-51,55691954;"SPRF-RS";"DEL02-RS";"UOP02-DEL02-RS"
562685;2023-11-21;"terça-feira";"12:00:00";"PE";101;72,9;"RECIFE";"Velocidade Incompatível";"Colisão com objeto";"Sem Vítimas";"Pleno dia";"Decrescente";"Chuva";"Dupla";"Reta;Aclive";"Sim";1;0;0;0;1;0;0;1;-8,093106;-34,946893;"SPRF-PE";"DEL01-PE";"UOP01-DEL01-PE"
562686;2023-11-21;"terça-feira";"12:35:00";"RN";101;94,4;"NATAL";"Acumulo de água sobre o pavimento";"Tombamento";"Com Vítimas Feridas";"Pleno dia";"Decrescente";"Chuva";"Dupla";"Curva;Túnel;Declive;Retorno Regulamentado";"Sim";1;0;1;0;0;0;1;1;-5,836827;-35,211312;"SPRF-RN";"DEL01-RN";"UOP01-DEL01-RN"
562687;2023-11-21;"terça-feira";"12:10:00";"TO";10;456;"PALMAS";"Ausência de reação do condutor";"Colisão traseira";"Sem Vítimas";"Pleno dia";"Decrescente";"Céu Claro";"Simples";"Reta;Aclive";"Sim";2;0;0;0;2;0;0;2;-10,20863984;-48,15545194;"SPRF-TO";"DEL01-TO";"UOP03-DEL01-TO"
562689;2023-11-21;"terça-feira";"12:30:00";"ES";101;146;"LINHARES";"Velocidade Incompatível";"Colisão lateral mesmo sentido";"Com Vítimas Feridas";"Pleno dia";"Crescente";"Céu Claro";"Dupla";"Reta";"Sim";2;0;1;0;1;0;1;2;-19,36990998;-40,06560718;"SPRF-ES";"DEL04-ES";"UOP01-DEL04-ES"
562690;2023-11-21;"terça-feira";"07:30:00";"MG";262;524,7;"LUZ";"Ultrapassagem Indevida";"Saída de leito carroçável";"Sem Vítimas";"Pleno dia";"Crescente";"Céu Claro";"Simples";"Declive;Reta";"Não";4;0;0;0;4;0;0;1;-19,78323056;-45,65745094;"SPRF-MG";"DEL08-MG";"UOP03-DEL08-MG"
562692;2023-11-21;"terça-feira";"13:00:00";"RJ";101;507;"ANGRA DOS REIS";"Condutor deixou de manter distância do veículo da frente";"Colisão traseira";"Com Vítimas Feridas";"Pleno dia";"Decrescente";"Céu Claro";"Simples";"Reta";"Não";2;0;1;0;1;0;1;2;-22,93795948;-44,41352691;"SPRF-RJ";"DEL03-RJ";"UOP03-DEL03-RJ"
562694;2023-11-21;"terça-feira";"09:00:00";"RO";435;104,4;"COLORADO DO OESTE";"Afundamento ou ondulação no pavimento";"Colisão lateral sentido oposto";"Com Vítimas Feridas";"Pleno dia";"Crescente";"Nublado";"Simples";"Curva";"Não";2;0;1;0;1;0;1;2;-13,19332204;-60,64301697;"SPRF-RO";"DEL04-RO";"UOP02-DEL04-RO"
562695;2023-11-21;"terça-feira";"07:20:00";"ES";262;91;"DOMINGOS MARTINS";"Acumulo de areia ou detritos sobre o pavimento";"Queda de ocupante de veículo";"Com Vítimas Feridas";"Pleno dia";"Crescente";"Céu Claro";"Simples";"Reta";"Sim";1;0;1;0;0;0;1;1;-20,37841035;-41,03346335;"SPRF-ES";"DEL01-ES";"UOP02-DEL01-ES"
562696;2023-08-21;"segunda-feira";"19:30:00";"MG";116;278,5;"TEOFILO OTONI";"Demais Fenômenos da natureza";"Eventos atípicos";"Sem Vítimas";"Plena Noite";"Crescente";"Granizo";"Simples";"Curva";"Sim";5;0;0;0;3;2;0;5;-17,86846089;-41,5171394;"SPRF-MG";"DEL11-MG";"UOP01-DEL11-MG"
562698;2023-11-21;"terça-feira";"12:30:00";"SP";116;124,8;"CACAPAVA";"Avarias e/ou desgaste excessivo no pneu";"Colisão com objeto";"Com Vítimas Feridas";"Pleno dia";"Crescente";"Sol";"Dupla";"Declive";"Sim";2;0;2;0;0;0;2;1;-23,093116;-45,677904;"SPRF-SP";"DEL02-SP";"UOP02-DEL02-SP"
562701;2023-11-21;"terça-feira";"12:10:00";"MS";163;495,4;"JARAGUARI";"Reação tardia ou ineficiente do condutor";"Colisão com objeto";"Sem Vítimas";"Pleno dia";"Decrescente";"Céu Claro";"Simples";"Interseção de Vias";"Não";1;0;0;0;0;1;0;1;-20,36143256;-54,52694356;"SPRF-MS";"DEL01-MS";"UOP02-DEL01-MS"
562702;2023-11-21;"terça-feira";"11:40:00";"RO";429;162,2;"SAO MIGUEL DO GUAPORE";"Reação tardia ou ineficiente do condutor";"Saída de leito carroçável";"Com Vítimas Feridas";"Pleno dia";"Decrescente";"Céu Claro";"Dupla";"Reta;Interseção de Vias";"Sim";1;0;0;1;0;0;1;1;-11,703037;-62,71612;"SPRF-RO";"DEL02-RO";"UOP03-DEL02-RO"
562705;2023-11-21;"terça-feira";"07:30:00";"ES";262;196;"IUNA";"Acessar a via sem observar a presença dos outros veículos";"Colisão transversal";"Com Vítimas Feridas";"Amanhecer";"Decrescente";"Céu Claro";"Simples";"Interseção de Vias;Curva";"Sim";2;0;1;0;1;0;1;2;-20,27924906;-41,77855223;"SPRF-ES";"DEL01-ES";"UOP02-DEL01-ES"
562706;2023-11-21;"terça-feira";"13:50:00";"RS";386;38;"FREDERICO WESTPHALEN";"Ausência de reação do condutor";"Saída de leito carroçável";"Com Vítimas Feridas";"Pleno dia";"Decrescente";"Céu Claro";"Simples";"Reta";"Sim";2;0;0;2;0;0;2;1;-27,391367;-53,400776;"SPRF-RS";"DEL08-RS";"UOP02-DEL08-RS"
562707;2023-11-21;"terça-feira";"12:05:00";"RJ";101;429;"MANGARATIBA";"Reação tardia ou ineficiente do condutor";"Saída de leito carroçável";"Com Vítimas Feridas";"Pleno dia";"Decrescente";"Garoa/Chuvisco";"Simples";"Declive;Curva";"Não";1;0;1;0;0;0;1;1;-22,935335;-44,0004;"SPRF-RJ";"DEL03-RJ";"UOP02-DEL03-RJ"
562708;2023-11-21;"terça-feira";"11:00:00";"SC";116;128;"SANTA CECILIA";"Reação tardia ou ineficiente do condutor";"Colisão traseira";"Com Vítimas Feridas";"Pleno dia";"Crescente";"Céu Claro";"Simples";"Reta;Aclive";"Não";3;0;1;0;2;0;1;2;-26,87529113;-50,42492594;"SPRF-SC";"DEL06-SC";"UOP02-DEL06-SC"
562709;2023-11-21;"terça-feira";"14:30:00";"SE";235;52;"ITABAIANA";"Acessar a via sem observar a presença dos outros veículos";"Colisão transversal";"Com Vítimas Feridas";"Pleno dia";"Decrescente";"Céu Claro";"Simples";"Interseção de Vias";"Não";2;0;1;0;1;0;1;2;-10,693279;-37,437557;"SPRF-SE";"DEL01-SE";"UOP02-DEL01-SE"
562710;2023-11-21;"terça-feira";"14:10:00";"PR";376;4,5;"APUCARANA";"Acessar a via sem observar a presença dos outros veículos";"Colisão transversal";"Com Vítimas Feridas";"Pleno dia";"Crescente";"Céu Claro";"Dupla";"Reta";"Não";2;0;0;1;1;0;1;2;-23,5513;-51,461266;"SPRF-PR";"DEL07-PR";"UOP03-DEL07-PR"
562712;2023-11-21;"terça-feira";"11:00:00";"MT";163;693;"SORRISO";"Retorno proibido";"Saída de leito carroçável";"Com Vítimas Feridas";"Pleno dia";"Decrescente";"Céu Claro";"Simples";"Reta";"Não";1;0;1;0;0;0;1;1;-13,03145781;-55,899042;"SPRF-MT";"DEL06-MT";"UOP01-DEL06-MT"
562714;2023-11-21;"terça-feira";"10:50:00";"PA";230;117;"MARABA";"Reação tardia ou ineficiente do condutor";"Engavetamento";"Com Vítimas Feridas";"Pleno dia";"Decrescente";"Céu Claro";"Dupla";"Reta";"Sim";5;0;1;2;2;0;3;3;-5,35569904;-49,09047302;"SPRF-PA";"DEL03-PA";"UOP01-DEL03-PA"
562716;2023-11-21;"terça-feira";"14:00:00";"PA";316;63;"CASTANHAL";"Acessar a via sem observar a presença dos outros veículos";"Colisão transversal";"Sem Vítimas";"Pleno dia";"Crescente";"Chuva";"Dupla";"Reta";"Sim";2;0;0;0;2;0;0;2;-1,29679363;-47,92878096;"SPRF-PA";"DEL01-PA";"UOP01-DEL01-PA"
562717;2023-11-21;"terça-feira";"13:30:00";"RS";290;392;"SANTA MARGARIDA DO SUL";"Acesso irregular";"Colisão transversal";"Com Vítimas Feridas";"Pleno dia";"Decrescente";"Céu Claro";"Simples";"Reta";"Não";2;0;1;0;1;0;1;2;-30,338837;-54,065708;"SPRF-RS";"DEL09-RS";"UOP02-DEL09-RS"
562719;2023-11-21;"terça-feira";"15:00:00";"RJ";101;387;"RIO DE JANEIRO";"Manobra de mudança de faixa";"Colisão lateral mesmo sentido";"Com Vítimas Feridas";"Pleno dia";"Decrescente";"Céu Claro";"Dupla";"Reta";"Não";2;0;1;0;1;0;1;2;-22,88537839;-43,64965688;"SPRF-RJ";"DEL03-RJ";"UOP01-DEL03-RJ"
562721;2023-11-21;"terça-feira";"13:50:00";"RS";287;390;"SANTIAGO";"Ausência de reação do condutor";"Colisão traseira";"Com Vítimas Feridas";"Pleno dia";"Crescente";"Céu Claro";"Simples";"Reta";"Não";2;0;2;0;0;0;2;2;-29,2377559;-54,83457475;"SPRF-RS";"DEL12-RS";"UOP02-DEL12-RS"
562722;2023-11-21;"terça-feira";"14:20:00";"MG";116;525,9;"CARATINGA";"Desrespeitar a preferência no cruzamento";"Tombamento";"Com Vítimas Feridas";"Pleno dia";"Decrescente";"Sol";"Simples";"Reta;Interseção de Vias";"Sim";1;0;1;0;0;0;1;1;-19,77940465;-42,13289022;"SPRF-MG";"DEL06-MG";"UOP02-DEL06-MG"
562724;2023-11-21;"terça-feira";"13:40:00";"MT";364;267;"JACIARA";"Ausência de reação do condutor";"Saída de leito carroçável";"Com Vítimas Feridas";"Pleno dia";"Decrescente";"Nublado";"Dupla";"Reta";"Não";1;0;1;0;0;0;1;1;-15,9882532;-54,92679723;"SPRF-MT";"DEL02-MT";"UOP01-DEL02-MT"
562725;2023-11-21;"terça-feira";"15:05:00";"PE";101;46,9;"IGARASSU";"Manobra de mudança de faixa";"Colisão lateral mesmo sentido";"Com Vítimas Feridas";"Pleno dia";"Crescente";"Céu Claro";"Dupla";"Reta";"Sim";2;0;1;0;1;0;1;2;-7,87406004;-34,90588126;"SPRF-PE";"DEL01-PE";"UOP02-DEL01-PE"