"id";"data_inversa";"dia_semana";"horario";"uf";"br";"km";"municipio";"causa_acidente";"tipo_acidente";"classificacao_acidente";"fase_dia";"sentido_via";"condicao_metereologica";"tipo_pista";"tracado_via";"uso_solo";"pessoas";"mortos";"feridos_leves";"feridos_graves";"ilesos";"ignorados";"feridos";"veiculos";"latitude";"longitude";"regional";"delegacia";"uop"
562727;2023-11-21;"terça-feira";"15:30:00";"SC";101;201;"SAO JOSE";"Ingestão de álcool pelo condutor";"Colisão lateral mesmo sentido";"Com Vítimas Feridas";"Pleno dia";"Crescente";"Céu Claro";"Múltipla";"Reta";"Sim";3;0;1;0;2;0;1;3;-27,54836599;-48,61977975;"SPRF-SC";"DEL01-SC";"UOP01-DEL01-SC"
562728;2023-10-20;"sexta-feira";"17:45:00";"MG";381;516,7;"IGARAPE";"Demais falhas mecânicas ou elétricas";"Colisão com objeto";"Com Vítimas Feridas";"Anoitecer";"Decrescente";"Chuva";"Dupla";"Declive;Curva";"Não";2;0;1;1;0;0;2;1;-20,12122454;-44,30271149;"SPRF-MG";"DEL01-MG";"UOP03-DEL01-MG"
562733;2023-11-19;"domingo";"19:20:00";"RJ";493;1;"ITABORAI";"Transitar na contramão";"Colisão lateral sentido oposto";"Sem Vítimas";"Plena Noite";"Crescente";"Chuva";"Dupla";"Reta";"Sim";3;0;0;0;3;0;0;2;-22,76398788;-42,92731895;"SPRF-RJ";"DEL02-RJ";"UOP02-DEL02-RJ"
562734;2023-11-21;"terça-feira";"16:20:00";"SC";101;214;"PALHOCA";"Acessar a via sem observar a presença dos outros veículos";"Colisão transversal";"Com Vítimas Feridas";"Pleno dia";"Crescente";"Céu Claro";"Dupla";"Interseção de Vias";"Sim";3;0;1;0;2;0;1;2;-27,64443;-48,67057;"SPRF-SC";"DEL01-SC";"UOP02-DEL01-SC"
562735;2023-11-21;"terça-feira";"16:11:00";"PB";230;26;"JOAO PESSOA";"Demais falhas mecânicas ou elétricas";"Queda de ocupante de veículo";"Com Vítimas Feridas";"Pleno dia";"Crescente";"Céu Claro";"Dupla";"Reta;Viaduto";"Sim";2;0;2;0;0;0;2;1;-7,1693;-34,8782;"SPRF-PB";"DEL01-PB";"UOP01-DEL01-PB"
562738;2023-11-09;"quinta-feira";"18:00:00";"MS";163;258;"DOURADOS";"Transitar no Acostamento";"Colisão traseira";"Com Vítimas Feridas";"Anoitecer";"Crescente";"Chuva";"Dupla";"Reta";"Não";2;0;0;1;1;0;1;2;-22,25859;-54,783592;"SPRF-MS";"DEL04-MS";"UOP01-DEL04-MS"
562739;2023-11-21;"terça-feira";"14:20:00";"BA";242;609;"MUQUEM DE SAO FRANCISCO";"Reação tardia ou ineficiente do condutor";"Saída de leito carroçável";"Com Vítimas Feridas";"Pleno dia";"Decrescente";"Céu Claro";"Simples";"Reta";"Não";1;0;1;0;0;0;1;1;-12,177587;-43,24631;"SPRF-BA";"DEL10-BA";"UOP02-DEL10-BA"
562740;2023-11-21;"terça-feira";"16:00:00";"ES";101;141;"LINHARES";"Velocidade Incompatível";"Colisão transversal";"Sem Vítimas";"Pleno dia";"Crescente";"Céu Claro";"Simples";"Reta;Interseção de Vias";"Não";2;0;0;0;0;2;0;2;-19,32655693;-40,07192387;"SPRF-ES";"DEL04-ES";"UOP01-DEL04-ES"
562742;2023-11-21;"terça-feira";"15:15:00";"PR";153;168;"VENTANIA";"Demais falhas mecânicas ou elétricas";"Colisão com objeto";"Com Vítimas Fatais";"Pleno dia";"Crescente";"Céu Claro";"Simples";"Declive;Reta";"Não";1;1;0;0;0;0;0;1;-24,290667;-50,27018;"SPRF-PR";"DEL03-PR";"UOP02-DEL03-PR"
562743;2023-11-21;"terça-feira";"15:20:00";"MS";262;151;"RIBAS DO RIO PARDO";"Acumulo de água sobre o pavimento";"Saída de leito carroçável";"Com Vítimas Feridas";"Pleno dia";"Decrescente";"Chuva";"Simples";"Curva";"Não";1;0;1;0;0;0;1;1;-20,46760326;-52,94149387;"SPRF-MS";"DEL07-MS";"UOP02-DEL07-MS"
562745;2023-11-21;"terça-feira";"16:15:00";"MG";116;542,7;"SANTA BARBARA DO LESTE";"Demais falhas na via";"Eventos atípicos";"Com Vítimas Feridas";"Pleno dia";"Crescente";"Céu Claro";"Simples";"Curva";"Não";1;0;1;0;0;0;1;1;-19,91601;-42,131546;"SPRF-MG";"DEL06-MG";"UOP02-DEL06-MG"
562748;2023-11-21;"terça-feira";"17:40:00";"SC";280;24;"ARAQUARI";"Ultrapassagem Indevida";"Colisão lateral mesmo sentido";"Com Vítimas Feridas";"Pleno dia";"Decrescente";"Nublado";"Simples";"Reta";"Sim";2;0;0;1;1;0;1;2;-26,37724921;-48,71953282;"SPRF-SC";"DEL03-SC";"UOP03-DEL03-SC"
562749;2023-11-21;"terça-feira";"17:00:00";"SP";116;226,8;"GUARULHOS";"Reação tardia ou ineficiente do condutor";"Queda de ocupante de veículo";"Com Vítimas Feridas";"Pleno dia";"Crescente";"Céu Claro";"Múltipla";"Reta";"Não";1;0;1;0;0;0;1;1;-23,49102507;-46,54878195;"SPRF-SP";"DEL01-SP";"UOP01-DEL01-SP"
562750;2023-11-01;"quarta-feira";"20:20:00";"MG";116;485;"DOM CAVATI";"Animais na Pista";"Atropelamento de Animal";"Com Vítimas Feridas";"Plena Noite";"Crescente";"Céu Claro";"Simples";"Reta";"Não";1;0;0;1;0;0;1;1;-19,43342412;-42,1237744;"SPRF-MG";"DEL06-MG";"UOP02-DEL06-MG"
562751;2023-11-21;"terça-feira";"12:00:00";"AP";156;410;"TARTARUGALZINHO";"Chuva";"Saída de leito carroçável";"Com Vítimas Feridas";"Pleno dia";"Decrescente";"Chuva";"Simples";"Curva";"Não";2;0;1;1;0;0;2;1;1;-51;"SPRF-AP";"DEL01-AP";"UOP02-DEL01-AP"
562754;2023-11-21;"terça-feira";"18:00:00";"SC";101;152;"ITAPEMA";"Acessar a via sem observar a presença dos outros veículos";"Colisão transversal";"Com Vítimas Feridas";"Pleno dia";"Decrescente";"Sol";"Simples";"Interseção de Vias";"Sim";2;0;1;0;1;0;1;2;-27,13563503;-48,61004665;"SPRF-SC";"DEL04-SC";"UOP03-DEL04-SC"
562755;2023-11-21;"terça-feira";"15:50:00";"MG";381;801,4;"SAO GONCALO DO SAPUCAI";"Avarias e/ou desgaste excessivo no pneu";"Saída de leito carroçável";"Com Vítimas Feridas";"Pleno dia";"Decrescente";"Nublado";"Dupla";"Reta;Declive";"Não";1;0;1;0;0;0;1;1;-21,94059742;-45,61692953;"SPRF-MG";"DEL16-MG";"UOP02-DEL16-MG"
562756;2023-11-21;"terça-feira";"17:50:00";"SE";101;174;"SANTA LUZIA DO ITANHY";"Acessar a via sem observar a presença dos outros veículos";"Colisão transversal";"Com Vítimas Feridas";"Plena Noite";"Crescente";"Céu Claro";"Simples";"Interseção de Vias";"Não";2;0;0;1;1;0;1;2;-11,34367006;-37,60336957;"SPRF-SE";"DEL02-SE";"UOP01-DEL02-SE"
562757;2023-11-21;"terça-feira";"17:35:00";"SP";116;145;"SAO JOSE DOS CAMPOS";"Ausência de reação do condutor";"Colisão traseira";"Com Vítimas Feridas";"Anoitecer";"Crescente";"Nublado";"Dupla";"Reta";"Sim";2;0;1;0;1;0;1;2;-23,1869844;-45,8548078;"SPRF-SP";"DEL02-SP";"UOP01-DEL02-SP"
562758;2023-11-21;"terça-feira";"16:00:00";"MG";262;33;"MANHUACU";"Acessar a via sem observar a presença dos outros veículos";"Colisão transversal";"Com Vítimas Feridas";"Pleno dia";"Crescente";"Céu Claro";"Simples";"Reta;Interseção de Vias;Declive";"Não";2;0;1;0;1;0;1;2;-20,25550548;-42,00465315;"SPRF-MG";"DEL06-MG";"UOP03-DEL06-MG"
562759;2023-11-21;"terça-feira";"18:15:00";"RS";116;259;"CANOAS";"Manobra de mudança de faixa";"Colisão traseira";"Com Vítimas Feridas";"Anoitecer";"Decrescente";"Céu Claro";"Dupla";"Reta";"Sim";2;0;1;0;1;0;1;2;-29,870408;-51,179909;"SPRF-RS";"DEL01-RS";"UOP02-DEL01-RS"
562760;2023-11-21;"terça-feira";"17:45:00";"SC";101;200,7;"SAO JOSE";"Reação tardia ou ineficiente do condutor";"Colisão traseira";"Sem Vítimas";"Anoitecer";"Crescente";"Céu Claro";"Simples";"Reta";"Sim";2;0;0;0;2;0;0;2;-27,54018513;-48,62287714;"SPRF-SC";"DEL01-SC";"UOP01-DEL01-SC"
562761;2023-11-21;"terça-feira";"18:35:00";"SE";235;109,3;"CARIRA";"Ausência de reação do condutor";"Colisão frontal";"Com Vítimas Feridas";"Plena Noite";"Decrescente";"Nublado";"Simples";"Reta";"Não";2;0;0;1;1;0;1;2;-10,346371;-37,707779;"SPRF-SE";"DEL01-SE";"UOP02-DEL01-SE"
562762;2023-11-21;"terça-feira";"18:00:00";"RJ";116;310;"RESENDE";"Ingestão de álcool pelo condutor";"Colisão lateral mesmo sentido";"Sem Vítimas";"Anoitecer";"Decrescente";"Céu Claro";"Simples";"Reta;Interseção de Vias";"Não";2;0;0;0;2;0;0;2;-22,45923593;-44,434776;"SPRF-RJ";"DEL07-RJ";"UOP02-DEL07-RJ"
562764;2023-11-21;"terça-feira";"15:00:00";"PE";423;97;"GARANHUNS";"Ausência de reação do condutor";"Colisão traseira";"Com Vítimas Feridas";"Pleno dia";"Crescente";"Céu Claro";"Simples";"Reta";"Sim";2;0;1;0;1;0;1;2;-8,8796227;-36,49484286;"SPRF-PE";"DEL03-PE";"UOP01-DEL03-PE"
562765;2023-11-21;"terça-feira";"17:30:00";"MG";365;623;"UBERLANDIA";"Reação tardia ou ineficiente do condutor";"Colisão lateral mesmo sentido";"Com Vítimas Feridas";"Pleno dia";"Crescente";"Sol";"Dupla";"Reta";"Sim";2;0;1;0;1;0;1;2;-18,9100325;-48,30694985;"SPRF-MG";"DEL15-MG";"UOP01-DEL15-MG"
562766;2023-11-21;"terça-feira";"18:40:00";"PR";369;185,2;"ARAPONGAS";"Trafegar com motocicleta (ou similar) entre as faixas";"Colisão lateral mesmo sentido";"Com Vítimas Feridas";"Anoitecer";"Decrescente";"Céu Claro";"Simples";"Interseção de Vias;Reta";"Sim";6;0;0;1;5;0;1;2;-23,40939818;-51,42768323;"SPRF-PR";"DEL07-PR";"UOP03-DEL07-PR"
562767;2023-08-12;"sábado";"04:15:00";"MG";40;479;"SETE LAGOAS";"Reação tardia ou ineficiente do condutor";"Capotamento";"Com Vítimas Feridas";"Plena Noite";"Crescente";"Céu Claro";"Dupla";"Reta;Aclive";"Não";1;0;0;1;0;0;1;1;-19,53622599;-44,25468498;"SPRF-MG";"DEL02-MG";"UOP01-DEL02-MG"
562768;2023-11-21;"terça-feira";"16:40:00";"PE";101;56,5;"RECIFE";"Transitar no Acostamento";"Colisão traseira";"Com Vítimas Feridas";"Pleno dia";"Crescente";"Céu Claro";"Dupla";"Reta";"Sim";2;0;0;1;0;1;1;2;-7,9554509;-34,91140727;"SPRF-PE";"DEL01-PE";"UOP02-DEL01-PE"
562769;2023-11-21;"terça-feira";"18:30:00";"ES";262;162;"IBATIBA";"Ausência de reação do condutor";"Atropelamento de Pedestre";"Com Vítimas Feridas";"Plena Noite";"Crescente";"Céu Claro";"Simples";"Reta";"Não";2;0;2;0;0;0;2;2;-20,23593228;-41,53109078;"SPRF-ES";"DEL01-ES";"UOP02-DEL01-ES"
562770;2023-11-21;"terça-feira";"19:20:00";"BA";324;609;"SIMOES FILHO";"Acessar a via sem observar a presença dos outros veículos";"Atropelamento de Pedestre";"Com Vítimas Fatais";"Plena Noite";"Decrescente";"Céu Claro";"Dupla";"Reta";"Não";2;1;0;0;1;0;0;2;-12,82066;-38,40798;"SPRF-BA";"DEL01-BA";"UOP01-DEL01-BA"
562772;2023-11-21;"terça-feira";"16:37:00";"RN";110;99,8;"UPANEMA";"Condutor deixou de manter distância do veículo da frente";"Colisão lateral mesmo sentido";"Com Vítimas Feridas";"Pleno dia";"Crescente";"Céu Claro";"Dupla";"Reta;Interseção de Vias";"Sim";2;0;0;1;1;0;1;2;-5,645675;-37,259221;"SPRF-RN";"DEL04-RN";"UOP01-DEL04-RN"
562774;2023-11-21;"terça-feira";"19:50:00";"RN";406;150;"CEARA-MIRIM";"Animais na Pista";"Atropelamento de Animal";"Com Vítimas Feridas";"Plena Noite";"Crescente";"Céu Claro";"Simples";"Declive;Reta";"Sim";1;0;0;1;0;0;1;1;-5,64974982;-35,43234997;"SPRF-RN";"DEL02-RN";"UOP01-DEL02-RN"
562775;2023-11-21;"terça-feira";"18:50:00";"BA";101;278;"LAJE";"Pedestre cruzava a pista fora da faixa";"Atropelamento de Pedestre";"Com Vítimas Feridas";"Plena Noite";"Decrescente";"Céu Claro";"Simples";"Aclive";"Não";5;0;0;1;4;0;1;2;-13,20820402;-39,32291594;"SPRF-BA";"DEL01-BA";"UOP02-DEL01-BA"
562776;2023-11-21;"terça-feira";"12:00:00";"SC";470;260,2;"CURITIBANOS";"Pista esburacada";"Saída de leito carroçável";"Sem Vítimas";"Pleno dia";"Decrescente";"Céu Claro";"Simples";"Curva";"Não";1;0;0;0;0;1;0;1;-27,301584;-50,671352;"SPRF-SC";"DEL05-SC";"UOP03-DEL05-SC"
562777;2023-11-21;"terça-feira";"19:30:00";"MG";116;701,9;"MURIAE";"Desrespeitar a preferência no cruzamento";"Colisão transversal";"Com Vítimas Feridas";"Plena Noite";"Decrescente";"Nublado";"Simples";"Curva;Rotatória";"Sim";2;0;1;1;0;0;2;2;-21,121634;-42,379906;"SPRF-MG";"DEL07-MG";"UOP02-DEL07-MG"
562778;2023-11-21;"terça-feira";"16:50:00";"PI";135;146;"BERTOLINIA";"Ausência de reação do condutor";"Saída de leito carroçável";"Com Vítimas Feridas";"Pleno dia";"Crescente";"Céu Claro";"Simples";"Reta;Declive";"Não";1;0;1;0;0;0;1;1;-7,79797224;-43,83313179;"SPRF-PI";"DEL03-PI";"UOP01-DEL03-PI"
562779;2023-11-21;"terça-feira";"20:20:00";"MG";365;512,9;"MONTE CARMELO";"Ausência de reação do condutor";"Saída de leito carroçável";"Com Vítimas Feridas";"Plena Noite";"Decrescente";"Nublado";"Simples";"Reta";"Não";3;0;2;0;1;0;2;1;-18,92573421;-47,33329412;"SPRF-MG";"DEL10-MG";"UOP01-DEL10-MG"
562780;2023-11-21;"terça-feira";"17:25:00";"MG";381;252;"IPATINGA";"Acessar a via sem observar a presença dos outros veículos";"Colisão lateral mesmo sentido";"Com Vítimas Feridas";"Plena Noite";"Decrescente";"Céu Claro";"Simples";"Curva";"Não";2;0;2;0;0;0;2;2;-19,49771001;-42,56733405;"SPRF-MG";"DEL03-MG";"UOP01-DEL03-MG"
562781;2023-11-21;"terça-feira";"14:10:00";"PI";316;332;"GEMINIANO";"Desrespeitar a preferência no cruzamento";"Colisão transversal";"Com Vítimas Feridas";"Pleno dia";"Crescente";"Céu Claro";"Simples";"Interseção de Vias";"Não";3;0;3;0;0;0;3;2;-7,106916;-41,270004;"SPRF-PI";"DEL04-PI";"UOP01-DEL04-PI"
562783;2023-11-21;"terça-feira";"19:30:00";"MG";50;118;"UBERABA";"Reação tardia ou ineficiente do condutor";"Colisão com objeto";"Com Vítimas Feridas";"Plena Noite";"Crescente";"Nublado";"Dupla";"Reta";"Não";2;0;2;0;0;0;2;1;-19,29129791;-48,11741979;"SPRF-MG";"DEL13-MG";"UOP01-DEL13-MG"
562784;2023-11-21;"terça-feira";"19:50:00";"RJ";101;456;"ANGRA DOS REIS";"Conversão proibida";"Colisão transversal";"Com Vítimas Feridas";"Plena Noite";"Decrescente";"Nublado";"Simples";"Reta;Interseção de Vias";"Sim";2;0;1;1;0;0;2;2;-23,03288558;-44,16793391;"SPRF-RJ";"DEL03-RJ";"UOP02-DEL03-RJ"
562786;2023-11-13;"segunda-feira";"20:20:00";"SC";101;89;"BARRA VELHA";"Pista esburacada";"Queda de ocupante de veículo";"Com Vítimas Feridas";"Plena Noite";"Crescente";"Garoa/Chuvisco";"Dupla";"Reta";"Não";1;0;1;0;0;0;1;1;-26,65175997;-48,68721921;"SPRF-SC";"DEL03-SC";"UOP02-DEL03-SC"
562788;2023-11-21;"terça-feira";"20:45:00";"ES";101;147;"LINHARES";"Acessar a via sem observar a presença dos outros veículos";"Colisão transversal";"Com Vítimas Feridas";"Plena Noite";"Decrescente";"Céu Claro";"Simples";"Interseção de Vias";"Sim";4;0;1;0;3;0;1;2;-19,37887202;-40,06657892;"SPRF-ES";"DEL04-ES";"UOP01-DEL04-ES"
562790;2023-11-21;"terça-feira";"20:30:00";"RS";116;524,8;"PELOTAS";"Condutor Dormindo";"Colisão com objeto";"Sem Vítimas";"Plena Noite";"Crescente";"Nublado";"Dupla";"Reta";"Sim";1;0;0;0;0;1;0;1;-31,72863738;-52,38746675;"SPRF-RS";"DEL07-RS";"UOP01-DEL07-RS"
562791;2023-11-21;"terça-feira";"19:20:00";"MT";174;291;"PONTES E LACERDA";"Ausência de reação do condutor";"Eventos atípicos";"Com Vítimas Feridas";"Plena Noite";"Decrescente";"Céu Claro";"Simples";"Reta;Rotatória";"Não";1;0;1;0;0;0;1;1;-15,20652;-59,32126296;"SPRF-MT";"DEL04-MT";"UOP01-DEL04-MT"
562792;2023-11-21;"terça-feira";"20:30:00";"BA";116;440;"FEIRA DE SANTANA";"Manobra de mudança de faixa";"Colisão lateral mesmo sentido";"Sem Vítimas";"Plena Noite";"Decrescente";"Céu Claro";"Dupla";"Reta";"Não";2;0;0;0;2;0;0;2;-12,32646656;-39,05847632;"SPRF-BA";"DEL02-BA";"UOP01-DEL02-BA"
562795;2023-11-21;"terça-feira";"20:30:00";"GO";40;5;"VALPARAISO DE GOIAS";"Demais falhas na via";"Colisão traseira";"Com Vítimas Feridas";"Plena Noite";"Crescente";"Nublado";"Simples";"Declive;Reta";"Sim";5;0;2;0;3;0;2;4;-16,093134;-47,982236;"SPRF-DF";"DEL01-DF";"UOP01-DEL01-DF"
562796;2023-11-21;"terça-feira";"16:49:00";"MG";381;712,5;"CARMO DA CACHOEIRA";"Velocidade Incompatível";"Tombamento";"Com Vítimas Feridas";"Pleno dia";"Crescente";"Céu Claro";"Dupla";"Curva";"Sim";1;0;1;0;0;0;1;1;-21,39692643;-45,20681689;"SPRF-MG";"DEL04-MG";"UOP02-DEL04-MG"
562797;2023-11-21;"terça-feira";"20:45:00";"PR";158;507;"CORONEL VIVIDA";"Ausência de reação do condutor";"Saída de leito carroçável";"Com Vítimas Feridas";"Plena Noite";"Crescente";"Céu Claro";"Simples";"Interseção de Vias;Curva";"Não";3;0;3;0;0;0;3;2;-26,01525192;-52,57019203;"SPRF-PR";"DEL02-PR";"UOP01-DEL02-PR"
562798;2023-11-21;"terça-feira";"15:00:00";"MT";174;141;"GLORIA DOESTE";"Condutor deixou de manter distância do veículo da frente";"Colisão lateral mesmo sentido";"Com Vítimas Feridas";"Pleno dia";"Crescente";"Céu Claro";"Simples";"Reta;Declive";"Não";1;0;1;0;0;0;1;1;-15,823453;-58,223267;"SPRF-MT";"DEL03-MT";"UOP01-DEL03-MT"
562800;2023-11-21;"terça-feira";"21:40:00";"MG";365;166;"PIRAPORA";"Entrada inopinada do pedestre";"Atropelamento de Pedestre";"Com Vítimas Feridas";"Plena Noite";"Crescente";"Céu Claro";"Simples";"Reta";"Sim";2;0;1;0;1;0;1;2;-17,38199719;-44,97027099;"SPRF-MG";"DEL10-MG";"UOP02-DEL010-MG"
562801;2023-11-21;"terça-feira";"21:00:00";"SC";101;416,5;"ARARANGUA";"Ausência de reação do condutor";"Saída de leito carroçável";"Sem Vítimas";"Plena Noite";"Crescente";"Céu Claro";"Múltipla";"Reta";"Sim";1;0;0;0;1;0;0;1;-28,96708874;-49,52338825;"SPRF-SC";"DEL02-SC";"UOP02-DEL02-SC"
562802;2023-11-21;"terça-feira";"23:00:00";"MG";381;490;"BETIM";"Ingestão de álcool ou de substâncias psicoativas pelo pedestre";"Atropelamento de Pedestre";"Com Vítimas Feridas";"Plena Noite";"Decrescente";"Céu Claro";"Múltipla";"Reta";"Sim";2;0;2;0;0;0;2;2;-19,95654;-44,14243;"SPRF-MG";"DEL01-MG";"UOP03-DEL01-MG"
562803;2023-09-16;"sábado";"14:30:00";"MT";364;243;"JUSCIMEIRA";"Demais falhas mecânicas ou elétricas";"Colisão lateral mesmo sentido";"Com Vítimas Feridas";"Pleno dia";"Decrescente";"Céu Claro";"Dupla";"Reta";"Não";1;0;1;0;0;0;1;1;-16,15552902;-54,80054001;"SPRF-MT";"DEL02-MT";"UOP01-DEL02-MT"
562804;2023-11-21;"terça-feira";"20:40:00";"BA";324;535;"AMELIA RODRIGUES";"Acesso irregular";"Colisão transversal";"Com Vítimas Fatais";"Plena Noite";"Crescente";"Céu Claro";"Dupla";"Reta";"Sim";3;2;0;0;1;0;0;2;-12,35775097;-38,82802597;"SPRF-BA";"DEL01-BA";"UOP03-DEL01-BA"
562805;2023-11-21;"terça-feira";"22:00:00";"RJ";101;486;"ANGRA DOS REIS";"Acessar a via sem observar a presença dos outros veículos";"Colisão transversal";"Com Vítimas Feridas";"Plena Noite";"Decrescente";"Nublado";"Simples";"Reta";"Sim";2;0;0;1;1;0;1;2;-22,97708786;-44,29634653;"SPRF-RJ";"DEL03-RJ";"UOP03-DEL03-RJ"
562806;2023-11-21;"terça-feira";"22:20:00";"CE";222;2,7;"FORTALEZA";"Condutor deixou de manter distância do veículo da frente";"Colisão traseira";"Com Vítimas Feridas";"Plena Noite";"Decrescente";"Céu Claro";"Múltipla";"Interseção de Vias;Reta";"Sim";2;0;1;0;1;0;1;2;-3,73911117;-38,58687498;"SPRF-CE";"DEL01-CE";"UOP01-DEL01-CE"
562807;2023-11-21;"terça-feira";"23:00:00";"RS";448;20;"CANOAS";"Ausência de reação do condutor";"Colisão com objeto";"Com Vítimas Feridas";"Plena Noite";"Crescente";"Céu Claro";"Dupla";"Reta";"Sim";1;0;1;0;0;0;1;1;-29,958729;-51,202465;"SPRF-RS";"DEL01-RS";"UOP01-DEL01-RS"
562808;2023-11-21;"terça-feira";"22:00:00";"SC";101;207;"SAO JOSE";"Demais falhas mecânicas ou elétricas";"Queda de ocupante de veículo";"Com Vítimas Feridas";"Plena Noite";"Crescente";"Céu Claro";"Múltipla";"Curva";"Sim";2;0;1;1;0;0;2;1;-27,60001226;-48,6226467;"SPRF-SC";"DEL01-SC";"UOP01-DEL01-SC"
562814;2023-11-22;"quarta-feira";"00:20:00";"BA";116;427;"FEIRA DE SANTANA";"Animais na Pista";"Atropelamento de Animal";"Com Vítimas Feridas";"Plena Noite";"Crescente";"Céu Claro";"Dupla";"Reta";"Sim";1;0;1;0;0;0;1;1;-12,25241793;-38,98887036;"SPRF-BA";"DEL02-BA";"UOP01-DEL02-BA"
562816;2023-11-22;"quarta-feira";"00:30:00";"SC";282;577;"PINHALZINHO";"Ingestão de álcool pelo condutor";"Colisão frontal";"Com Vítimas Feridas";"Plena Noite";"Crescente";"Céu Claro";"Simples";"Reta";"Sim";3;0;1;0;1;1;1;2;-26,85391292;-52,98003101;"SPRF-SC";"DEL07-SC";"UOP02-DEL07-SC"
562817;2023-11-22;"quarta-feira";"00:10:00";"PE";232;167;"TACAIMBO";"Condutor deixou de manter distância do veículo da frente";"Colisão traseira";"Sem Vítimas";"Plena Noite";"Decrescente";"Céu Claro";"Simples";"Reta";"Não";2;0;0;0;2;0;0;2;-8,33895664;-36,31633104;"SPRF-PE";"DEL03-PE";"UOP02-DEL03-PE"
562818;2023-11-21;"terça-feira";"21:30:00";"RN";101;81;"NATAL";"Condutor deixou de manter distância do veículo da frente";"Colisão traseira";"Sem Vítimas";"Plena Noite";"Decrescente";"Céu Claro";"Dupla";"Reta;Em Obras";"Sim";2;0;0;0;1;1;0;2;-5,76360252;-35,28597236;"SPRF-RN";"DEL02-RN";"UOP01-DEL02-RN"
562823;2023-11-22;"quarta-feira";"03:50:00";"SP";153;138,8;"PROMISSAO";"Condutor Dormindo";"Saída de leito carroçável";"Com Vítimas Feridas";"Plena Noite";"Crescente";"Nublado";"Simples";"Curva";"Não";1;0;1;0;0;0;1;1;-21,31002302;-49,79450084;"SPRF-SP";"DEL07-SP";"UOP01-DEL07-SP"
562825;2023-11-21;"terça-feira";"18:30:00";"RJ";40;105;"DUQUE DE CAXIAS";"Condutor deixou de manter distância do veículo da frente";"Colisão traseira";"Com Vítimas Feridas";"Plena Noite";"Crescente";"Céu Claro";"Dupla";"Reta";"Não";2;0;1;0;1;0;1;2;-22,63784806;-43,28428824;"SPRF-RJ";"DEL01-RJ";"UOP01-DEL01-RJ"
562826;2023-11-17;"sexta-feira";"08:00:00";"MS";419;220;"AQUIDAUANA";"Acumulo de areia ou detritos sobre o pavimento";"Colisão traseira";"Sem Vítimas";"Pleno dia";"Crescente";"Céu Claro";"Simples";"Reta";"Não";6;0;0;0;6;0;0;2;-20,500391;-55,81333;"SPRF-MS";"DEL03-MS";"UOP01-DEL03-MS"
562828;2023-11-22;"quarta-feira";"05:15:00";"SE";101;68,6;"MARUIM";"Desrespeitar a preferência no cruzamento";"Colisão transversal";"Com Vítimas Feridas";"Amanhecer";"Crescente";"Céu Claro";"Simples";"Reta;Interseção de Vias;Declive;Retorno Regulamentado";"Não";5;0;1;0;3;1;1;2;-10,72409501;-37,07334069;"SPRF-SE";"DEL01-SE";"UOP01-DEL01-SE"
562830;2023-11-22;"quarta-feira";"05:15:00";"SP";116;299,8;"SAO LOURENCO DA SERRA";"Avarias e/ou desgaste excessivo no pneu";"Tombamento";"Com Vítimas Fatais";"Amanhecer";"Decrescente";"Céu Claro";"Dupla";"Curva";"Não";2;1;0;1;0;0;1;1;-23,79881101;-46,91523899;"SPRF-SP";"DEL04-SP";"UOP01-DEL04-SP"
562831;2023-11-22;"quarta-feira";"07:20:00";"DF";70;13,9;"BRASILIA";"Trafegar com motocicleta (ou similar) entre as faixas";"Colisão lateral mesmo sentido";"Com Vítimas Feridas";"Pleno dia";"Crescente";"Céu Claro";"Dupla";"Reta";"Não";3;0;1;0;2;0;1;2;-15,794558;-48,166584;"SPRF-DF";"DEL03-DF";"UOP02-DEL03-DF"
562832;2023-11-22;"quarta-feira";"07:20:00";"SP";116;155,2;"SAO JOSE DOS CAMPOS";"Ausência de reação do condutor";"Colisão traseira";"Com Vítimas Feridas";"Pleno dia";"Crescente";"Céu Claro";"Dupla";"Aclive";"Sim";2;0;1;0;1;0;1;2;-23,24524337;-45,92772774;"SPRF-SP";"DEL02-SP";"UOP01-DEL02-SP"
562833;2023-11-22;"quarta-feira";"07:00:00";"RS";116;102;"PORTO ALEGRE";"Animais na Pista";"Colisão traseira";"Com Vítimas Feridas";"Pleno dia";"Decrescente";"Céu Claro";"Dupla";"Reta";"Sim";2;0;1;0;1;0;1;2;-29,98820745;-51,25937462;"SPRF-RS";"DEL05-RS";"UOP01-DEL05-RS"
562834;2023-11-22;"quarta-feira";"07:18:00";"CE";116;5;"FORTALEZA";"Ausência de reação do condutor";"Colisão traseira";"Com Vítimas Feridas";"Pleno dia";"Crescente";"Sol";"Múltipla";"Reta";"Sim";2;0;1;0;1;0;1;2;-3,79467116;-38,50772734;"SPRF-CE";"DEL01-CE";"UOP02-DEL01-CE"
562835;2023-11-22;"quarta-feira";"07:20:00";"PR";277;592,9;"CASCAVEL";"Entrada inopinada do pedestre";"Atropelamento de Pedestre";"Com Vítimas Feridas";"Pleno dia";"Crescente";"Nublado";"Simples";"Reta;Aclive";"Sim";2;0;0;1;1;0;1;2;-24,98285697;-53,47319399;"SPRF-PR";"DEL04-PR";"UOP01-DEL04-PR"