"id";"data_inversa";"dia_semana";"horario";"uf";"br";"km";"municipio";"causa_acidente";"tipo_acidente";"classificacao_acidente";"fase_dia";"sentido_via";"condicao_metereologica";"tipo_pista";"tracado_via";"uso_solo";"pessoas";"mortos";"feridos_leves";"feridos_graves";"ilesos";"ignorados";"feridos";"veiculos";"latitude";"longitude";"regional";"delegacia";"uop"
562837;2023-11-22;"quarta-feira";"06:00:00";"ES";259;63;"COLATINA";"Acessar a via sem observar a presença dos outros veículos";"Colisão transversal";"Com Vítimas Feridas";"Pleno dia";"Crescente";"Sol";"Simples";"Retorno Regulamentado";"Sim";3;0;1;1;1;0;2;2;-19,52753463;-40,69869585;"SPRF-ES";"DEL02-ES";"UOP01-DEL02-ES"
562838;2023-11-22;"quarta-feira";"07:25:00";"RJ";116;174;"SAO JOAO DE MERITI";"Manobra de mudança de faixa";"Colisão lateral mesmo sentido";"Com Vítimas Feridas";"Pleno dia";"Decrescente";"Céu Claro";"Múltipla";"Reta";"Sim";4;0;2;0;2;0;2;2;-22,79423806;-43,36403759;"SPRF-RJ";"DEL01-RJ";"UOP02-DEL01-RJ"
562839;2023-11-22;"quarta-feira";"08:20:00";"SP";116;71;"APARECIDA";"Acumulo de óleo sobre o pavimento";"Colisão lateral sentido oposto";"Com Vítimas Feridas";"Pleno dia";"Decrescente";"Céu Claro";"Simples";"Curva";"Sim";2;0;1;0;1;0;1;2;-22,85651665;-45,23114328;"SPRF-SP";"DEL08-SP";"UOP01-DEL08-SP"
562840;2023-11-22;"quarta-feira";"08:15:00";"MG";381;487,8;"BETIM";"Ausência de reação do condutor";"Saída de leito carroçável";"Com Vítimas Feridas";"Pleno dia";"Decrescente";"Céu Claro";"Simples";"Declive;Reta";"Sim";1;0;1;0;0;0;1;1;-19,9598656;-44,15489715;"SPRF-MG";"DEL01-MG";"UOP03-DEL01-MG"
562841;2023-11-22;"quarta-feira";"08:20:00";"SC";470;3;"NAVEGANTES";"Acesso irregular";"Colisão transversal";"Com Vítimas Feridas";"Pleno dia";"Crescente";"Céu Claro";"Dupla";"Em Obras;Reta";"Não";2;0;1;0;1;0;1;2;-26,861937;-48,681618;"SPRF-SC";"DEL04-SC";"UOP04-DEL04-SC"
562842;2023-11-02;"quinta-feira";"18:19:00";"PE";232;80,4;"GRAVATA";"Ingestão de álcool pelo condutor";"Colisão lateral sentido oposto";"Com Vítimas Feridas";"Plena Noite";"Crescente";"Nublado";"Simples";"Reta";"Sim";2;0;0;1;1;0;1;2;-8,19579864;-35,56962305;"SPRF-PE";"DEL02-PE";"UOP02-DEL02PE"
562843;2023-11-22;"quarta-feira";"08:25:00";"MG";381;850,1;"POUSO ALEGRE";"Ausência de reação do condutor";"Tombamento";"Com Vítimas Feridas";"Pleno dia";"Crescente";"Céu Claro";"Simples";"Rotatória";"Sim";1;0;1;0;0;0;1;1;-22,2399536;-45,88163365;"SPRF-MG";"DEL16-MG";"UOP01-DEL16-MG"
562844;2023-11-22;"quarta-feira";"07:30:00";"BA";324;623,5;"SALVADOR";"Condutor deixou de manter distância do veículo da frente";"Colisão traseira";"Com Vítimas Feridas";"Pleno dia";"Crescente";"Nublado";"Múltipla";"Reta";"Sim";3;0;1;0;2;0;1;2;-12,92628699;-38,46838679;"SPRF-BA";"DEL01-BA";"UOP01-DEL01-BA"
562846;2023-11-22;"quarta-feira";"08:51:00";"DF";70;18;"BRASILIA";"Ausência de reação do condutor";"Colisão lateral mesmo sentido";"Com Vítimas Feridas";"Pleno dia";"Crescente";"Céu Claro";"Dupla";"Aclive";"Não";3;0;1;0;2;0;1;3;-15,791093;-48,21096;"SPRF-DF";"DEL03-DF";"UOP02-DEL03-DF"
562847;2023-11-22;"quarta-feira";"08:20:00";"PE";407;129,5;"PETROLINA";"Condutor deixou de manter distância do veículo da frente";"Colisão traseira";"Com Vítimas Feridas";"Pleno dia";"Crescente";"Céu Claro";"Dupla";"Reta;Ponte";"Sim";2;0;1;0;1;0;1;2;-9,39958299;-40,50459298;"SPRF-PE";"DEL06-PE";"UOP01-DEL06-PE"
562848;2023-11-22;"quarta-feira";"09:00:00";"RN";101;96,4;"NATAL";"Condutor deixou de manter distância do veículo da frente";"Colisão traseira";"Com Vítimas Feridas";"Pleno dia";"Decrescente";"Céu Claro";"Múltipla";"Reta";"Não";2;0;1;0;1;0;1;2;-5,84949622;-35,20890752;"SPRF-RN";"DEL01-RN";"UOP01-DEL01-RN"
562849;2023-09-03;"domingo";"18:30:00";"PR";277;70;"SAO JOSE DOS PINHAIS";"Acessar a via sem observar a presença dos outros veículos";"Colisão transversal";"Com Vítimas Feridas";"Plena Noite";"Crescente";"Céu Claro";"Dupla";"Reta";"Não";3;0;0;1;2;0;1;2;-25,5114205;-49,127986;"SPRF-PR";"DEL01-PR";"UOP01-DEL01-PR"
562852;2023-11-22;"quarta-feira";"08:50:00";"SP";116;286;"ITAPECERICA DA SERRA";"Trafegar com motocicleta (ou similar) entre as faixas";"Colisão lateral mesmo sentido";"Com Vítimas Feridas";"Pleno dia";"Decrescente";"Sol";"Dupla";"Reta";"Sim";2;0;1;0;1;0;1;2;-23,70925128;-46,87588966;"SPRF-SP";"DEL04-SP";"UOP01-DEL04-SP"
562854;2023-11-11;"sábado";"08:59:00";"PI";343;13,2;"PARNAIBA";"Acessar a via sem observar a presença dos outros veículos";"Colisão transversal";"Com Vítimas Feridas";"Pleno dia";"Crescente";"Sol";"Dupla";"Reta";"Sim";2;0;0;2;0;0;2;2;-2,92119;-41,754367;"SPRF-PI";"DEL05-PI";"UOP01-DEL05-PI"
562855;2023-11-22;"quarta-feira";"08:16:00";"PI";316;309;"PICOS";"Manobra de mudança de faixa";"Colisão lateral mesmo sentido";"Com Vítimas Feridas";"Pleno dia";"Decrescente";"Céu Claro";"Simples";"Reta";"Sim";2;0;0;1;1;0;1;2;-7,07778744;-41,48370094;"SPRF-PI";"DEL04-PI";"UOP01-DEL04-PI"
562856;2023-11-22;"quarta-feira";"10:00:00";"GO";414;439;"ANAPOLIS";"Ausência de reação do condutor";"Colisão traseira";"Com Vítimas Feridas";"Pleno dia";"Crescente";"Céu Claro";"Simples";"Rotatória";"Sim";2;0;1;0;1;0;1;2;-16,28128823;-48,94258908;"SPRF-GO";"DEL02-GO";"UOP01-DEL02-GO"
562858;2023-11-22;"quarta-feira";"09:00:00";"GO";60;406;"RIO VERDE";"Condutor Dormindo";"Saída de leito carroçável";"Com Vítimas Feridas";"Pleno dia";"Decrescente";"Céu Claro";"Dupla";"Reta";"Não";2;0;0;1;1;0;1;1;-17,8154;-51,1083;"SPRF-GO";"DEL04-GO";"UOP02-DEL04-GO"
562859;2023-11-22;"quarta-feira";"10:00:00";"PI";343;8,7;"PARNAIBA";"Acumulo de areia ou detritos sobre o pavimento";"Tombamento";"Com Vítimas Feridas";"Pleno dia";"Crescente";"Sol";"Simples";"Reta";"Sim";1;0;0;1;0;0;1;1;-2,90030993;-41,73079491;"SPRF-PI";"DEL05-PI";"UOP01-DEL05-PI"
562860;2023-11-22;"quarta-feira";"10:50:00";"PE";101;68,2;"RECIFE";"Ausência de reação do condutor";"Tombamento";"Com Vítimas Feridas";"Pleno dia";"Decrescente";"Nublado";"Dupla";"Viaduto";"Sim";1;0;0;1;0;0;1;1;-8,05074296;-34,94580619;"SPRF-PE";"DEL01-PE";"UOP01-DEL01-PE"
562863;2023-10-30;"segunda-feira";"08:10:00";"MG";262;378;"JUATUBA";"Pista Escorregadia";"Saída de leito carroçável";"Com Vítimas Feridas";"Pleno dia";"Decrescente";"Nublado";"Dupla";"Curva;Declive";"Não";2;0;2;0;0;0;2;2;-19,95652262;-44,3648278;"SPRF-MG";"DEL01-MG";"UOP03-DEL01-MG"
562868;2023-11-22;"quarta-feira";"12:00:00";"MG";267;52;"MARIPA DE MINAS";"Acessar a via sem observar a presença dos outros veículos";"Colisão transversal";"Com Vítimas Feridas";"Pleno dia";"Crescente";"Céu Claro";"Simples";"Reta";"Não";2;0;1;1;0;0;2;2;-21,700347;-42,986691;"SPRF-MG";"DEL07-MG";"UOP01-DEL07-MG"
562870;2023-11-22;"quarta-feira";"12:40:00";"MG";262;586;"CAMPOS ALTOS";"Chuva";"Colisão frontal";"Com Vítimas Feridas";"Pleno dia";"Decrescente";"Chuva";"Simples";"Declive;Curva";"Não";2;0;1;1;0;0;2;2;-19,66225488;-46,10030694;"SPRF-MG";"DEL08-MG";"UOP02-DEL08-MG"
562871;2023-10-10;"terça-feira";"06:40:00";"PR";376;254;"CALIFORNIA";"Acessar a via sem observar a presença dos outros veículos";"Tombamento";"Com Vítimas Feridas";"Amanhecer";"Crescente";"Céu Claro";"Simples";"Reta";"Sim";1;0;1;0;0;0;1;1;-23,65810233;-51,37211323;"SPRF-PR";"DEL07-PR";"UOP03-DEL07-PR"
562872;2023-11-22;"quarta-feira";"11:58:00";"RO";319;59;"PORTO VELHO";"Acessar a via sem observar a presença dos outros veículos";"Colisão transversal";"Com Vítimas Feridas";"Pleno dia";"Crescente";"Nublado";"Dupla";"Reta";"Sim";2;0;1;0;1;0;1;2;-8,74321889;-63,91046047;"SPRF-RO";"DEL01-RO";"UOP01-DEL01-RO"
562874;2023-11-22;"quarta-feira";"10:40:00";"SC";282;532;"CORDILHEIRA ALTA";"Condutor deixou de manter distância do veículo da frente";"Colisão traseira";"Sem Vítimas";"Pleno dia";"Decrescente";"Céu Claro";"Simples";"Declive;Reta;Em Obras";"Não";2;0;0;0;2;0;0;2;-26,996822;-52,615528;"SPRF-SC";"DEL07-SC";"UOP01-DEL07-SC"
562875;2023-11-22;"quarta-feira";"12:20:00";"RN";406;162;"CEARA-MIRIM";"Condutor deixou de manter distância do veículo da frente";"Colisão traseira";"Com Vítimas Feridas";"Pleno dia";"Decrescente";"Céu Claro";"Simples";"Reta;Aclive";"Não";3;0;0;1;2;0;1;3;-5,7280941;-35,36099113;"SPRF-RN";"DEL02-RN";"UOP01-DEL02-RN"
562877;2023-11-22;"quarta-feira";"13:34:00";"MG";381;942;"EXTREMA";"Ausência de reação do condutor";"Tombamento";"Com Vítimas Feridas";"Pleno dia";"Crescente";"Nublado";"Dupla";"Curva";"Não";1;0;0;1;0;0;1;1;-22,86605937;-46,34940386;"SPRF-MG";"DEL16-MG";"UOP03-DEL16-MG"
562878;2023-11-22;"quarta-feira";"11:20:00";"SC";480;125,5;"CHAPECO";"Ultrapassagem Indevida";"Colisão lateral mesmo sentido";"Com Vítimas Feridas";"Pleno dia";"Crescente";"Céu Claro";"Simples";"Interseção de Vias;Aclive";"Sim";2;0;1;0;1;0;1;2;-27,01674776;-52,63678182;"SPRF-SC";"DEL07-SC";"UOP01-DEL07-SC"
562881;2023-11-22;"quarta-feira";"11:15:00";"RJ";40;109;"DUQUE DE CAXIAS";"Reação tardia ou ineficiente do condutor";"Queda de ocupante de veículo";"Com Vítimas Feridas";"Pleno dia";"Decrescente";"Céu Claro";"Simples";"Curva";"Sim";1;0;1;0;0;0;1;1;-22,67374628;-43,28638368;"SPRF-RJ";"DEL01-RJ";"UOP01-DEL01-RJ"
562882;2023-11-22;"quarta-feira";"07:30:00";"AM";317;497;"LABREA";"Transitar na contramão";"Colisão frontal";"Com Vítimas Fatais";"Pleno dia";"Crescente";"Sol";"Dupla";"Reta";"Não";2;1;0;0;1;0;0;2;-9,407833;-67,28323;"SPRF-AC";"DEL01-AC";"UOP01-DEL01-AC"
562883;2023-11-22;"quarta-feira";"13:40:00";"MA";10;256,7;"IMPERATRIZ";"Acessar a via sem observar a presença dos outros veículos";"Colisão transversal";"Com Vítimas Feridas";"Pleno dia";"Crescente";"Sol";"Simples";"Reta;Interseção de Vias";"Sim";3;0;1;0;2;0;1;2;-5,499715;-47,471836;"SPRF-MA";"DEL04-MA";"UOP01-DEL04-MA"
562884;2023-11-22;"quarta-feira";"12:15:00";"SC";101;416;"ARARANGUA";"Ausência de reação do condutor";"Engavetamento";"Com Vítimas Feridas";"Pleno dia";"Decrescente";"Nublado";"Simples";"Reta";"Sim";3;0;2;0;1;0;2;3;-28,96708874;-49,52338825;"SPRF-SC";"DEL02-SC";"UOP02-DEL02-SC"
562887;2023-11-22;"quarta-feira";"14:20:00";"CE";222;3,3;"CAUCAIA";"Condutor deixou de manter distância do veículo da frente";"Engavetamento";"Sem Vítimas";"Pleno dia";"Decrescente";"Céu Claro";"Dupla";"Reta;Ponte";"Sim";3;0;0;0;3;0;0;3;-3,7403769;-38,59569202;"SPRF-CE";"DEL01-CE";"UOP01-DEL01-CE"
562889;2023-10-25;"quarta-feira";"12:50:00";"MG";251;485;"FRANCISCO SA";"Condutor deixou de manter distância do veículo da frente";"Colisão traseira";"Com Vítimas Feridas";"Pleno dia";"Crescente";"Nublado";"Simples";"Reta";"Não";3;0;1;0;2;0;1;2;-16,50714948;-43,54451367;"SPRF-MG";"DEL12-MG";"UOP01-DEL12-MG"
562891;2023-11-07;"terça-feira";"07:30:00";"PR";376;614;"SAO JOSE DOS PINHAIS";"Manobra de mudança de faixa";"Colisão lateral mesmo sentido";"Com Vítimas Feridas";"Pleno dia";"Decrescente";"Céu Claro";"Dupla";"Reta";"Sim";2;0;1;0;0;1;1;2;-25,57084314;-49,19356398;"SPRF-PR";"DEL01-PR";"UOP06-DEL01-PR"
562892;2023-11-22;"quarta-feira";"15:00:00";"RJ";116;172;"SAO JOAO DE MERITI";"Ausência de reação do condutor";"Colisão com objeto";"Com Vítimas Feridas";"Pleno dia";"Crescente";"Céu Claro";"Simples";"Reta";"Sim";2;0;1;0;1;0;1;1;-22,80188151;-43,35043673;"SPRF-RJ";"DEL01-RJ";"UOP02-DEL01-RJ"
562895;2023-11-22;"quarta-feira";"15:15:00";"SC";101;195;"BIGUACU";"Demais falhas mecânicas ou elétricas";"Tombamento";"Com Vítimas Feridas";"Pleno dia";"Crescente";"Chuva";"Dupla";"Reta";"Sim";1;0;0;1;0;0;1;1;-27,5047092;-48,65010819;"SPRF-SC";"DEL01-SC";"UOP01-DEL01-SC"
562896;2023-11-22;"quarta-feira";"14:50:00";"PR";369;185;"ARAPONGAS";"Ultrapassagem Indevida";"Colisão lateral mesmo sentido";"Com Vítimas Feridas";"Pleno dia";"Crescente";"Céu Claro";"Simples";"Reta";"Sim";3;0;2;0;1;0;2;2;-23,41067119;-51,42754912;"SPRF-PR";"DEL07-PR";"UOP03-DEL07-PR"
562897;2023-11-22;"quarta-feira";"15:00:00";"MG";40;529,5;"CONTAGEM";"Reação tardia ou ineficiente do condutor";"Colisão traseira";"Com Vítimas Feridas";"Pleno dia";"Crescente";"Céu Claro";"Dupla";"Curva";"Sim";2;0;1;0;1;0;1;1;-19,92072124;-44,03773254;"SPRF-MG";"DEL01-MG";"UOP02-DEL01-MG"
562898;2023-11-22;"quarta-feira";"16:00:00";"RJ";116;83;"TERESOPOLIS";"Ausência de reação do condutor";"Colisão transversal";"Com Vítimas Feridas";"Pleno dia";"Crescente";"Céu Claro";"Simples";"Interseção de Vias";"Sim";2;0;1;0;1;0;1;2;-22,41517488;-42,95011324;"SPRF-RJ";"DEL04-RJ";"UOP01-DEL04-RJ"
562899;2023-11-22;"quarta-feira";"15:50:00";"SC";101;119;"ITAJAI";"Trafegar com motocicleta (ou similar) entre as faixas";"Colisão lateral mesmo sentido";"Com Vítimas Feridas";"Pleno dia";"Crescente";"Chuva";"Múltipla";"Reta";"Não";2;0;1;0;1;0;1;2;-26,9043179;-48,71555481;"SPRF-SC";"DEL04-SC";"UOP04-DEL04-SC"
562900;2023-11-22;"quarta-feira";"15:30:00";"SP";116;223;"GUARULHOS";"Trafegar com motocicleta (ou similar) entre as faixas";"Tombamento";"Com Vítimas Feridas";"Pleno dia";"Crescente";"Céu Claro";"Múltipla";"Reta";"Sim";1;0;1;0;0;0;1;1;-23,47559815;-46,5246609;"SPRF-SP";"DEL01-SP";"UOP01-DEL01-SP"
562903;2023-11-22;"quarta-feira";"14:00:00";"AL";101;57;"MESSIAS";"Reação tardia ou ineficiente do condutor";"Capotamento";"Com Vítimas Feridas";"Pleno dia";"Decrescente";"Céu Claro";"Dupla";"Curva";"Não";4;0;1;0;3;0;1;1;-9,2726282;-35,79226676;"SPRF-AL";"DEL01-AL";"UOP02-DEL01-AL"
562904;2023-11-22;"quarta-feira";"15:00:00";"SC";101;390,9;"CRICIUMA";"Chuva";"Colisão com objeto";"Com Vítimas Feridas";"Pleno dia";"Decrescente";"Chuva";"Dupla";"Reta;Declive";"Não";2;0;2;0;0;0;2;1;-28,79513029;-49,35435084;"SPRF-SC";"DEL02-SC";"UOP02-DEL02-SC"
562906;2023-11-22;"quarta-feira";"15:20:00";"PR";116;122;"CURITIBA";"Velocidade Incompatível";"Saída de leito carroçável";"Com Vítimas Feridas";"Pleno dia";"Crescente";"Garoa/Chuvisco";"Dupla";"Curva";"Não";2;0;2;0;0;0;2;1;-25,56857207;-49,31023179;"SPRF-PR";"DEL01-PR";"UOP03-DEL01-PR"
562907;2023-11-22;"quarta-feira";"10:30:00";"RJ";101;507,8;"ANGRA DOS REIS";"Manobra de mudança de faixa";"Colisão frontal";"Com Vítimas Fatais";"Pleno dia";"Crescente";"Sol";"Simples";"Reta;Ponte";"Não";5;2;2;0;0;1;2;3;-22,940419;-44,419735;"SPRF-RJ";"DEL03-RJ";"UOP03-DEL03-RJ"
562910;2023-11-22;"quarta-feira";"16:50:00";"SC";101;146;"ITAPEMA";"Chuva";"Tombamento";"Com Vítimas Feridas";"Anoitecer";"Decrescente";"Nublado";"Múltipla";"Viaduto;Reta";"Sim";1;0;1;0;0;0;1;1;-27,08666525;-48,60955587;"SPRF-SC";"DEL04-SC";"UOP03-DEL04-SC"
562917;2023-11-22;"quarta-feira";"14:30:00";"MT";163;827,5;"SINOP";"Ausência de reação do condutor";"Queda de ocupante de veículo";"Com Vítimas Feridas";"Pleno dia";"Decrescente";"Céu Claro";"Simples";"Reta";"Sim";1;0;1;0;0;0;1;1;-11,9202288743;-55,5105486523;"SPRF-MT";"DEL06-MT";"UOP02-DEL06-MT"
562918;2023-11-22;"quarta-feira";"17:40:00";"CE";222;0;"FORTALEZA";"Acessar a via sem observar a presença dos outros veículos";"Colisão lateral mesmo sentido";"Com Vítimas Feridas";"Anoitecer";"Crescente";"Céu Claro";"Múltipla";"Reta";"Sim";2;0;1;0;1;0;1;2;-3,736527;-38,569497;"SPRF-CE";"DEL01-CE";"UOP01-DEL01-CE"
562919;2023-11-22;"quarta-feira";"17:50:00";"MG";381;264;"TIMOTEO";"Transitar na contramão";"Colisão frontal";"Com Vítimas Feridas";"Anoitecer";"Crescente";"Céu Claro";"Simples";"Reta";"Sim";2;0;2;0;0;0;2;2;-19,52389212;-42,65444398;"SPRF-MG";"DEL03-MG";"UOP02-DEL03-MG"
562920;2023-11-22;"quarta-feira";"17:35:00";"RN";406;171;"SAO GONCALO DO AMARANTE";"Reação tardia ou ineficiente do condutor";"Atropelamento de Pedestre";"Com Vítimas Feridas";"Anoitecer";"Decrescente";"Céu Claro";"Dupla";"Reta";"Sim";3;0;2;0;1;0;2;2;-5,76172663;-35,29115323;"SPRF-RN";"DEL02-RN";"UOP01-DEL02-RN"
562922;2023-11-14;"terça-feira";"20:10:00";"MS";163;289;"DOURADINA";"Pedestre andava na pista";"Atropelamento de Pedestre";"Com Vítimas Feridas";"Plena Noite";"Decrescente";"Céu Claro";"Simples";"Reta";"Não";2;0;0;1;1;0;1;2;-22,0750759;-54,56541842;"SPRF-MS";"DEL04-MS";"UOP01-DEL04-MS"
562926;2023-11-22;"quarta-feira";"18:00:00";"RS";392;61,9;"PELOTAS";"Manobra de mudança de faixa";"Colisão lateral mesmo sentido";"Com Vítimas Feridas";"Pleno dia";"Decrescente";"Chuva";"Dupla";"Reta";"Não";2;0;1;0;1;0;1;2;-31,78636127;-52,3528092;"SPRF-RS";"DEL07-RS";"UOP01-DEL07-RS"
562929;2023-10-17;"terça-feira";"10:20:00";"ES";101;14;"PEDRO CANARIO";"Acumulo de óleo sobre o pavimento";"Tombamento";"Com Vítimas Feridas";"Pleno dia";"Decrescente";"Sol";"Simples";"Curva";"Não";1;0;0;1;0;0;1;1;-18,28229192;-39,95687688;"SPRF-ES";"DEL04-ES";"UOP02-DEL04-ES"
562930;2023-11-22;"quarta-feira";"17:20:00";"PA";230;112;"MARABA";"Acessar a via sem observar a presença dos outros veículos";"Colisão transversal";"Com Vítimas Feridas";"Pleno dia";"Decrescente";"Chuva";"Simples";"Reta;Aclive";"Não";2;0;1;1;0;0;2;2;-5,36913479;-49,04877095;"SPRF-PA";"DEL03-PA";"UOP01-DEL03-PA"
562931;2023-11-22;"quarta-feira";"18:45:00";"SC";470;56;"BLUMENAU";"Acessar a via sem observar a presença dos outros veículos";"Colisão transversal";"Com Vítimas Feridas";"Anoitecer";"Decrescente";"Nublado";"Simples";"Reta";"Sim";2;0;1;0;1;0;1;2;-26,87674;-49,127743;"SPRF-SC";"DEL04-SC";"UOP01-DEL04-SC"
562932;2023-11-22;"quarta-feira";"18:36:00";"ES";101;269;"SERRA";"Trafegar com motocicleta (ou similar) entre as faixas";"Colisão traseira";"Com Vítimas Feridas";"Anoitecer";"Crescente";"Céu Claro";"Dupla";"Reta";"Sim";2;0;1;0;0;1;1;2;-20,21740496;-40,26990578;"SPRF-ES";"DEL02-ES";"UOP01-DEL02-ES"
562934;2023-11-22;"quarta-feira";"15:45:00";"GO";60;245,2;"INDIARA";"Velocidade Incompatível";"Saída de leito carroçável";"Sem Vítimas";"Pleno dia";"Crescente";"Ignorado";"Dupla";"Curva";"Não";1;0;0;0;0;1;0;1;-17,1066;-49,9187;"SPRF-GO";"DEL01-GO";"UOP02-DEL01-GO"
562935;2023-11-22;"quarta-feira";"16:00:00";"MG";381;758;"TRES CORACOES";"Problema na suspensão";"Saída de leito carroçável";"Com Vítimas Feridas";"Pleno dia";"Decrescente";"Céu Claro";"Dupla";"Curva";"Não";2;0;1;0;1;0;1;1;-21,70752761;-45,37422642;"SPRF-MG";"DEL16-MG";"UOP02-DEL16-MG"
562937;2023-11-22;"quarta-feira";"16:50:00";"SP";116;43,5;"CANAS";"Demais falhas mecânicas ou elétricas";"Capotamento";"Com Vítimas Feridas";"Pleno dia";"Decrescente";"Chuva";"Dupla";"Reta";"Não";2;0;1;1;0;0;2;1;-22,6973511;-45,03013594;"SPRF-SP";"DEL08-SP";"UOP02-DEL08-SP"
562939;2023-11-22;"quarta-feira";"18:45:00";"PR";163;147;"CAPITAO LEONIDAS MARQUES";"Acumulo de água sobre o pavimento";"Saída de leito carroçável";"Com Vítimas Feridas";"Anoitecer";"Crescente";"Chuva";"Dupla";"Reta";"Não";2;0;1;0;1;0;1;1;-25,44415695;-53,57850109;"SPRF-PR";"DEL05-PR";"UOP05-DEL05-PR"
562940;2023-11-22;"quarta-feira";"18:50:00";"RS";116;247;"SAO LEOPOLDO";"Trafegar com motocicleta (ou similar) entre as faixas";"Colisão lateral mesmo sentido";"Com Vítimas Feridas";"Anoitecer";"Decrescente";"Chuva";"Dupla";"Reta";"Sim";6;0;1;0;5;0;1;2;-29,76733091;-51,1535296;"SPRF-RS";"DEL01-RS";"UOP02-DEL01-RS"
562941;2023-11-22;"quarta-feira";"18:00:00";"PB";230;81,5;"CALDAS BRANDAO";"Reação tardia ou ineficiente do condutor";"Saída de leito carroçável";"Com Vítimas Fatais";"Anoitecer";"Decrescente";"Céu Claro";"Dupla";"Reta";"Sim";2;1;0;0;0;1;0;2;-7,1785;-35,3219;"SPRF-PB";"DEL01-PB";"UOP03-DEL01-PB"
562942;2023-11-22;"quarta-feira";"16:40:00";"PR";369;178,4;"ROLANDIA";"Velocidade Incompatível";"Colisão com objeto";"Com Vítimas Feridas";"Pleno dia";"Decrescente";"Céu Claro";"Simples";"Viaduto;Curva";"Sim";1;0;0;1;0;0;1;1;-23,34913054;-51,38547599;"SPRF-PR";"DEL07-PR";"UOP01-DEL07-PR"
562943;2023-11-22;"quarta-feira";"18:35:00";"PB";230;21,7;"JOAO PESSOA";"Condutor deixou de manter distância do veículo da frente";"Colisão traseira";"Com Vítimas Feridas";"Plena Noite";"Crescente";"Céu Claro";"Dupla";"Reta";"Sim";4;0;2;0;1;1;2;3;-7,1415;-34,8519;"SPRF-PB";"DEL01-PB";"UOP01-DEL01-PB"
562944;2023-11-22;"quarta-feira";"18:15:00";"DF";20;12;"BRASILIA";"Acessar a via sem observar a presença dos outros veículos";"Atropelamento de Pedestre";"Com Vítimas Feridas";"Anoitecer";"Crescente";"Céu Claro";"Dupla";"Reta";"Sim";2;0;0;1;1;0;1;2;-15,642812;-47,757786;"SPRF-DF";"DEL02-DF";"UOP01-DEL02-DF"
562945;2023-11-22;"quarta-feira";"19:15:00";"RN";101;95;"NATAL";"Manobra de mudança de faixa";"Colisão lateral mesmo sentido";"Com Vítimas Feridas";"Plena Noite";"Crescente";"Céu Claro";"Dupla";"Reta;Declive";"Sim";2;0;1;0;1;0;1;2;-5,84076841;-35,21035949;"SPRF-RN";"DEL01-RN";"UOP01-DEL01-RN"
562946;2023-11-22;"quarta-feira";"16:00:00";"MG";50;111;"UBERABA";"Ausência de reação do condutor";"Saída de leito carroçável";"Com Vítimas Feridas";"Pleno dia";"Decrescente";"Chuva";"Dupla";"Reta";"Não";1;0;1;0;0;0;1;1;-19,23226801;-48,14217502;"SPRF-MG";"DEL13-MG";"UOP01-DEL13-MG"
562949;2023-11-22;"quarta-feira";"19:30:00";"PE";232;147;"SAO CAITANO";"Área urbana sem a presença de local apropriado para a travessia de pedestres";"Atropelamento de Pedestre";"Com Vítimas Fatais";"Plena Noite";"Crescente";"Céu Claro";"Simples";"Reta";"Sim";2;1;0;0;1;0;0;2;-8,33373137;-36,13751116;"SPRF-PE";"DEL03-PE";"UOP02-DEL03-PE"
562950;2023-11-22;"quarta-feira";"18:40:00";"PB";230;506;"CAJAZEIRAS";"Ausência de reação do condutor";"Tombamento";"Com Vítimas Feridas";"Plena Noite";"Decrescente";"Céu Claro";"Simples";"Reta;Interseção de Vias";"Sim";1;0;0;1;0;0;1;1;-6,9008;-38,5559;"SPRF-PB";"DEL03-PB";"UOP03-DEL03-PB"
562951;2023-11-22;"quarta-feira";"20:00:00";"RJ";116;173;"SAO JOAO DE MERITI";"Ultrapassagem Indevida";"Colisão transversal";"Com Vítimas Feridas";"Plena Noite";"Crescente";"Céu Claro";"Dupla";"Reta;Retorno Regulamentado";"Sim";5;0;3;1;1;0;4;3;-22,7981032388;-43,3572661354;"SPRF-RJ";"DEL01-RJ";"UOP02-DEL01-RJ"
562955;2023-11-22;"quarta-feira";"17:10:00";"RJ";101;471;"ANGRA DOS REIS";"Acessar a via sem observar a presença dos outros veículos";"Colisão transversal";"Com Vítimas Feridas";"Pleno dia";"Decrescente";"Nublado";"Simples";"Retorno Regulamentado;Reta";"Sim";2;0;1;0;1;0;1;2;-22,99649604;-44,22906307;"SPRF-RJ";"DEL03-RJ";"UOP03-DEL03-RJ"
562958;2023-11-22;"quarta-feira";"19:15:00";"SP";116;46;"CANAS";"Ausência de reação do condutor";"Colisão traseira";"Com Vítimas Feridas";"Plena Noite";"Decrescente";"Céu Claro";"Dupla";"Declive;Reta";"Não";2;0;0;1;1;0;1;2;-22,71393589;-45,05335608;"SPRF-SP";"DEL08-SP";"UOP02-DEL08-SP"
562959;2023-11-22;"quarta-feira";"20:30:00";"PA";155;308,9;"MARABA";"Pista esburacada";"Colisão com objeto";"Com Vítimas Feridas";"Plena Noite";"Decrescente";"Nublado";"Simples";"Em Obras;Desvio Temporário;Reta";"Não";2;0;2;0;0;0;2;1;-5,66946792;-49,11309147;"SPRF-PA";"DEL03-PA";"UOP01-DEL03-PA"