"id";"data_inversa";"dia_semana";"horario";"uf";"br";"km";"municipio";"causa_acidente";"tipo_acidente";"classificacao_acidente";"fase_dia";"sentido_via";"condicao_metereologica";"tipo_pista";"tracado_via";"uso_solo";"pessoas";"mortos";"feridos_leves";"feridos_graves";"ilesos";"ignorados";"feridos";"veiculos";"latitude";"longitude";"regional";"delegacia";"uop"
562960;2023-11-22;"quarta-feira";"20:50:00";"RS";153;48,2;"ERECHIM";"Desrespeitar a preferência no cruzamento";"Colisão transversal";"Com Vítimas Feridas";"Plena Noite";"Decrescente";"Garoa/Chuvisco";"Simples";"Reta";"Sim";2;0;1;0;1;0;1;2;-27,64835;-52,25309;"SPRF-RS";"DEL08-RS";"UOP04-DEL08-RS"
562961;2023-11-22;"quarta-feira";"17:00:00";"SC";470;247,3;"CURITIBANOS";"Acessar a via sem observar a presença dos outros veículos";"Colisão traseira";"Com Vítimas Feridas";"Pleno dia";"Crescente";"Chuva";"Simples";"Reta";"Sim";2;0;1;0;1;0;1;2;-27,31303665;-50,5589211;"SPRF-SC";"DEL05-SC";"UOP03-DEL05-SC"
562962;2023-11-22;"quarta-feira";"20:40:00";"RJ";40;120;"DUQUE DE CAXIAS";"Acesso irregular";"Queda de ocupante de veículo";"Com Vítimas Feridas";"Plena Noite";"Decrescente";"Céu Claro";"Dupla";"Reta";"Sim";3;0;1;0;1;1;1;2;-22,77280597;-43,28626763;"SPRF-RJ";"DEL01-RJ";"UOP01-DEL01-RJ"
562966;2023-11-22;"quarta-feira";"18:35:00";"RJ";101;476;"ANGRA DOS REIS";"Reação tardia ou ineficiente do condutor";"Colisão traseira";"Com Vítimas Feridas";"Plena Noite";"Crescente";"Céu Claro";"Simples";"Reta";"Não";2;0;1;0;1;0;1;2;-23,0055431;-44,26195833;"SPRF-RJ";"DEL03-RJ";"UOP03-DEL03-RJ"
562967;2023-11-22;"quarta-feira";"19:25:00";"MG";116;651,5;"FERVEDOURO";"Animais na Pista";"Atropelamento de Animal";"Com Vítimas Feridas";"Plena Noite";"Decrescente";"Nublado";"Simples";"Curva";"Não";2;0;2;0;0;0;2;2;-20,726677;-42,28049;"SPRF-MG";"DEL07-MG";"UOP02-DEL07-MG"
562968;2023-11-22;"quarta-feira";"20:20:00";"PR";277;593,9;"CASCAVEL";"Desrespeitar a preferência no cruzamento";"Colisão lateral mesmo sentido";"Com Vítimas Feridas";"Plena Noite";"Crescente";"Chuva";"Dupla";"Interseção de Vias";"Sim";2;0;1;0;1;0;1;2;-24,98082053;-53,48254989;"SPRF-PR";"DEL04-PR";"UOP01-DEL04-PR"
562971;2023-11-22;"quarta-feira";"18:12:00";"AC";364;124;"RIO BRANCO";"Condutor deixou de manter distância do veículo da frente";"Colisão traseira";"Com Vítimas Feridas";"Plena Noite";"Crescente";"Céu Claro";"Dupla";"Reta";"Sim";2;0;1;0;1;0;1;2;-10,01152469;-67,79140099;"SPRF-AC";"DEL01-AC";"UOP01-DEL01-AC"
562973;2023-11-22;"quarta-feira";"20:50:00";"PR";116;9;"CAMPINA GRANDE DO SUL";"Chuva";"Saída de leito carroçável";"Com Vítimas Feridas";"Plena Noite";"Crescente";"Chuva";"Dupla";"Reta";"Não";4;0;1;0;3;0;1;1;-25,08319454;-48,63391824;"SPRF-PR";"DEL01-PR";"UOP02-DEL01-PR"
562974;2023-11-22;"quarta-feira";"21:00:00";"MG";40;628,8;"CONSELHEIRO LAFAIETE";"Transitar na contramão";"Colisão frontal";"Com Vítimas Feridas";"Plena Noite";"Decrescente";"Nublado";"Simples";"Curva";"Não";6;0;0;1;5;0;1;2;-20,654887;-43,808104;"SPRF-MG";"DEL05-MG";"UOP02-DEL05-MG"
562975;2023-11-06;"segunda-feira";"08:55:00";"SC";101;138;"BALNEARIO CAMBORIU";"Condutor deixou de manter distância do veículo da frente";"Colisão lateral mesmo sentido";"Com Vítimas Feridas";"Pleno dia";"Decrescente";"Céu Claro";"Múltipla";"Reta";"Sim";2;0;1;0;1;0;1;2;-27,02397426;-48,60761649;"SPRF-SC";"DEL04-SC";"UOP03-DEL04-SC"
562976;2023-11-22;"quarta-feira";"19:30:00";"MG";251;290;"SALINAS";"Reação tardia ou ineficiente do condutor";"Colisão com objeto";"Com Vítimas Feridas";"Plena Noite";"Crescente";"Céu Claro";"Simples";"Reta;Declive";"Não";1;0;1;0;0;0;1;1;-16,0601127;-42,19594908;"SPRF-MG";"DEL12-MG";"UOP02-DEL12-MG"
562978;2023-11-22;"quarta-feira";"23:05:00";"SP";116;301,1;"SAO LOURENCO DA SERRA";"Reação tardia ou ineficiente do condutor";"Tombamento";"Sem Vítimas";"Plena Noite";"Decrescente";"Nublado";"Dupla";"Reta";"Não";1;0;0;0;1;0;0;1;-23,81147602;-46,92298208;"SPRF-SP";"DEL04-SP";"UOP01-DEL04-SP"
562979;2023-11-22;"quarta-feira";"22:00:00";"SP";0;0;"BADY BASSITT";"Chuva";"Saída de leito carroçável";"Sem Vítimas";"Plena Noite";"Não Informado";"Chuva";"Simples";"Aclive";"Sim";1;0;0;0;0;1;0;1;-20,89770638;-49,43881989;"SPRF-SP";"DEL09-SP";"UOP01-DEL09-SP"
562982;2023-11-22;"quarta-feira";"23:40:00";"SP";153;325;"SALTO GRANDE";"Avarias e/ou desgaste excessivo no pneu";"Tombamento";"Com Vítimas Feridas";"Plena Noite";"Decrescente";"Nublado";"Simples";"Reta";"Não";2;0;1;0;1;0;1;1;-22,8071310024;-49,889665731;"SPRF-SP";"DEL07-SP";"UOP03-DEL07-SP"
562986;2023-11-22;"quarta-feira";"22:00:00";"RO";364;14;"VILHENA";"Desrespeitar a preferência no cruzamento";"Colisão traseira";"Sem Vítimas";"Plena Noite";"Crescente";"Céu Claro";"Múltipla";"Reta";"Sim";2;0;0;0;2;0;0;2;-12,73898138;-60,13911417;"SPRF-RO";"DEL04-RO";"UOP01-DEL04-RO"
562987;2023-11-23;"quinta-feira";"00:30:00";"DF";40;4,6;"BRASILIA";"Ingestão de álcool pelo condutor";"Saída de leito carroçável";"Sem Vítimas";"Plena Noite";"Crescente";"Céu Claro";"Dupla";"Reta";"Sim";1;0;0;0;1;0;0;1;-16,012033;-47,982124;"SPRF-DF";"DEL01-DF";"UOP01-DEL01-DF"
562988;2023-11-22;"quarta-feira";"14:00:00";"PR";277;437,5;"VIRMOND";"Ausência de reação do condutor";"Saída de leito carroçável";"Com Vítimas Feridas";"Pleno dia";"Decrescente";"Céu Claro";"Simples";"Curva";"Não";1;0;1;0;0;0;1;1;-25,37472497;-52,22963307;"SPRF-PR";"DEL04-PR";"UOP02-DEL04-PR"
562989;2023-11-23;"quinta-feira";"00:50:00";"PR";376;2,2;"MANDAGUARI";"Avarias e/ou desgaste excessivo no pneu";"Tombamento";"Com Vítimas Feridas";"Plena Noite";"Crescente";"Chuva";"Simples";"Reta";"Sim";1;0;1;0;0;0;1;1;-23,5144;-51,69929;"SPRF-PR";"DEL09-PR";"UOP01-DEL09-PR"
562990;2023-11-22;"quarta-feira";"22:45:00";"PB";361;18;"SANTA TERESINHA";"Ingestão de álcool pelo condutor";"Atropelamento de Pedestre";"Com Vítimas Feridas";"Plena Noite";"Decrescente";"Céu Claro";"Simples";"Curva";"Não";3;0;1;1;0;1;2;2;-7,06700484;-37,41014311;"SPRF-PB";"DEL03-PB";"UOP01-DEL03-PB"
562991;2023-11-22;"quarta-feira";"21:30:00";"AC";364;112;"RIO BRANCO";"Reação tardia ou ineficiente do condutor";"Saída de leito carroçável";"Com Vítimas Fatais";"Plena Noite";"Decrescente";"Céu Claro";"Simples";"Reta";"Não";1;1;0;0;0;0;0;1;-10,0136782;-67,683134;"SPRF-AC";"DEL01-AC";"UOP01-DEL01-AC"
562992;2023-11-23;"quinta-feira";"01:20:00";"PR";277;451,7;"LARANJEIRAS DO SUL";"Acessar a via sem observar a presença dos outros veículos";"Colisão transversal";"Com Vítimas Feridas";"Plena Noite";"Decrescente";"Nublado";"Simples";"Reta;Interseção de Vias";"Sim";3;0;1;0;2;0;1;2;-25,36888683;-52,3599691;"SPRF-PR";"DEL04-PR";"UOP02-DEL04-PR"
562993;2023-11-22;"quarta-feira";"21:10:00";"MA";135;19;"SAO LUIS";"Reação tardia ou ineficiente do condutor";"Colisão traseira";"Com Vítimas Feridas";"Pleno dia";"Crescente";"Céu Claro";"Dupla";"Reta";"Sim";2;0;1;0;1;0;1;2;-2,53073;-44,3068;"SPRF-MA";"DEL01-MA";"UOP01-DEL01-MA"
562995;2023-11-16;"quinta-feira";"12:50:00";"PB";101;88,2;"JOAO PESSOA";"Acumulo de areia ou detritos sobre o pavimento";"Tombamento";"Com Vítimas Feridas";"Pleno dia";"Decrescente";"Chuva";"Dupla";"Curva";"Sim";1;0;0;1;0;0;1;1;-7,16643566;-34,89510298;"SPRF-PB";"DEL01-PB";"UOP01-DEL01-PB"
562998;2023-11-23;"quinta-feira";"05:53:00";"DF";20;20;"BRASILIA";"Condutor deixou de manter distância do veículo da frente";"Colisão traseira";"Com Vítimas Feridas";"Pleno dia";"Crescente";"Céu Claro";"Dupla";"Reta;Declive";"Sim";5;0;1;0;4;0;1;2;-15,607905;-47,692791;"SPRF-DF";"DEL02-DF";"UOP01-DEL02-DF"
562999;2023-11-23;"quinta-feira";"05:30:00";"RJ";101;262;"RIO BONITO";"Demais falhas mecânicas ou elétricas";"Incêndio";"Sem Vítimas";"Amanhecer";"Decrescente";"Nublado";"Dupla";"Aclive;Curva";"Sim";1;0;0;0;1;0;0;1;-22,71367506;-42,62052996;"SPRF-RJ";"DEL02-RJ";"UOP03-DEL02-RJ"
563000;2023-11-23;"quinta-feira";"05:00:00";"SC";101;327,2;"CAPIVARI DE BAIXO";"Desrespeitar a preferência no cruzamento";"Colisão transversal";"Com Vítimas Feridas";"Amanhecer";"Decrescente";"Chuva";"Múltipla";"Viaduto";"Sim";2;0;1;0;1;0;1;2;-28,43929312;-48,96180511;"SPRF-SC";"DEL02-SC";"UOP01-DEL02-SC"
563001;2023-11-23;"quinta-feira";"06:00:00";"RJ";116;174;"SAO JOAO DE MERITI";"Demais falhas mecânicas ou elétricas";"Queda de ocupante de veículo";"Com Vítimas Feridas";"Amanhecer";"Crescente";"Céu Claro";"Dupla";"Reta";"Sim";1;0;1;0;0;0;1;1;-22,79423806;-43,36403759;"SPRF-RJ";"DEL01-RJ";"UOP02-DEL01-RJ"
563002;2023-11-23;"quinta-feira";"06:15:00";"MG";40;548;"NOVA LIMA";"Condutor deixou de manter distância do veículo da frente";"Colisão traseira";"Com Vítimas Feridas";"Pleno dia";"Crescente";"Céu Claro";"Dupla";"Aclive;Curva";"Não";2;0;1;0;1;0;1;2;-20,03136499;-43,96967792;"SPRF-MG";"DEL01-MG";"UOP02-DEL01-MG"
563003;2023-11-23;"quinta-feira";"03:00:00";"MT";158;774;"BARRA DO GARCAS";"Avarias e/ou desgaste excessivo no pneu";"Saída de leito carroçável";"Com Vítimas Feridas";"Plena Noite";"Crescente";"Céu Claro";"Simples";"Reta";"Não";2;0;2;0;0;0;2;1;-15,69918393;-52,23602509;"SPRF-MT";"DEL07-MT";"UOP01-DEL07-MT"
563004;2023-11-22;"quarta-feira";"19:50:00";"RS";468;81,5;"CAMPO NOVO";"Transitar na contramão";"Colisão frontal";"Com Vítimas Fatais";"Plena Noite";"Decrescente";"Céu Claro";"Simples";"Reta;Aclive";"Não";6;2;2;2;0;0;4;2;-27,61739378;-53,86292749;"SPRF-RS";"DEL08-RS";"UOP02-DEL08-RS"
563005;2023-11-23;"quinta-feira";"07:00:00";"MG";381;496,2;"BETIM";"Reação tardia ou ineficiente do condutor";"Atropelamento de Pedestre";"Com Vítimas Feridas";"Pleno dia";"Crescente";"Sol";"Múltipla";"Reta";"Sim";2;0;1;0;1;0;1;2;-19,99676497;-44,20958506;"SPRF-MG";"DEL01-MG";"UOP03-DEL01-MG"
563009;2023-11-23;"quinta-feira";"07:35:00";"SC";101;199,3;"BIGUACU";"Manobra de mudança de faixa";"Colisão lateral mesmo sentido";"Com Vítimas Feridas";"Pleno dia";"Crescente";"Nublado";"Dupla";"Reta;Interseção de Vias";"Sim";2;0;1;0;1;0;1;2;-27,53413705;-48,63003205;"SPRF-SC";"DEL01-SC";"UOP01-DEL01-SC"
563011;2023-11-23;"quinta-feira";"07:10:00";"PB";230;22;"JOAO PESSOA";"Manobra de mudança de faixa";"Colisão traseira";"Com Vítimas Feridas";"Pleno dia";"Decrescente";"Sol";"Dupla";"Reta";"Sim";3;0;1;1;1;0;2;2;-7,1495;-34,8517;"SPRF-PB";"DEL01-PB";"UOP01-DEL01-PB"
563012;2023-11-23;"quinta-feira";"07:00:00";"RJ";116;170;"RIO DE JANEIRO";"Manobra de mudança de faixa";"Colisão lateral mesmo sentido";"Com Vítimas Feridas";"Pleno dia";"Decrescente";"Céu Claro";"Dupla";"Reta";"Não";2;0;1;0;1;0;1;2;-22,81113183;-43,3336729;"SPRF-RJ";"DEL06-RJ";"UOP01-DEL06-RJ"
563017;2023-11-23;"quinta-feira";"08:15:00";"SE";235;1;"NOSSA SENHORA DO SOCORRO";"Reação tardia ou ineficiente do condutor";"Colisão traseira";"Com Vítimas Feridas";"Pleno dia";"Decrescente";"Céu Claro";"Dupla";"Reta";"Sim";3;0;2;0;1;0;2;2;-10,9073;-37,0947;"SPRF-SE";"DEL01-SE";"UOP01-DEL01-SE"
563018;2023-11-23;"quinta-feira";"07:10:00";"MG";50;18;"UBERLANDIA";"Demais falhas mecânicas ou elétricas";"Tombamento";"Com Vítimas Feridas";"Pleno dia";"Crescente";"Céu Claro";"Dupla";"Reta";"Não";2;0;1;0;1;0;1;1;-18,931072;-48,196396;"SPRF-MG";"DEL15-MG";"UOP01-DEL15-MG"
563020;2023-11-23;"quinta-feira";"07:15:00";"MG";40;787;"JUIZ DE FORA";"Frear bruscamente";"Colisão com objeto";"Com Vítimas Feridas";"Pleno dia";"Crescente";"Céu Claro";"Dupla";"Reta";"Não";1;0;1;0;0;0;1;1;-21,73607735;-43,44262787;"SPRF-MG";"DEL05-MG";"UOP01-DEL05-MG"
563021;2023-11-23;"quinta-feira";"06:00:00";"MG";116;487;"INHAPIM";"Condutor Dormindo";"Saída de leito carroçável";"Com Vítimas Feridas";"Pleno dia";"Crescente";"Céu Claro";"Simples";"Curva";"Não";1;0;1;0;0;0;1;1;-19,45138982;-42,12752114;"SPRF-MG";"DEL06-MG";"UOP02-DEL06-MG"
563022;2023-07-05;"quarta-feira";"21:40:00";"SP";116;223;"GUARULHOS";"Reação tardia ou ineficiente do condutor";"Tombamento";"Com Vítimas Feridas";"Plena Noite";"Decrescente";"Céu Claro";"Dupla";"Reta";"Sim";1;0;1;0;0;0;1;1;-23,47559815;-46,5246609;"SPRF-SP";"DEL01-SP";"UOP01-DEL01-SP"
563024;2023-11-23;"quinta-feira";"08:30:00";"AP";210;0,5;"MACAPA";"Condutor deixou de manter distância do veículo da frente";"Colisão traseira";"Com Vítimas Feridas";"Pleno dia";"Crescente";"Céu Claro";"Simples";"Reta";"Não";3;0;2;0;1;0;2;2;0,07780012;-51,06097;"SPRF-AP";"DEL01-AP";"UOP01-DEL01-AP"
563025;2023-11-23;"quinta-feira";"08:35:00";"PR";467;108;"CASCAVEL";"Chuva";"Atropelamento de Pedestre";"Com Vítimas Feridas";"Pleno dia";"Decrescente";"Chuva";"Dupla";"Reta";"Não";2;0;0;1;1;0;1;2;-24,9237;-53,4676;"SPRF-PR";"DEL04-PR";"UOP01-DEL04-PR"
563027;2023-10-15;"domingo";"00:45:00";"SP";116;2,8;"QUELUZ";"Reação tardia ou ineficiente do condutor";"Tombamento";"Com Vítimas Feridas";"Plena Noite";"Crescente";"Chuva";"Dupla";"Curva";"Não";31;0;11;6;14;0;17;1;-22,52376778;-44,72379684;"SPRF-SP";"DEL08-SP";"UOP02-DEL08-SP"
563028;2023-11-23;"quinta-feira";"08:30:00";"PB";230;13,8;"CABEDELO";"Condutor deixou de manter distância do veículo da frente";"Colisão traseira";"Com Vítimas Feridas";"Pleno dia";"Crescente";"Céu Claro";"Dupla";"Reta";"Não";2;0;1;0;1;0;1;2;-7,0772;-34,8494;"SPRF-PB";"DEL01-PB";"UOP01-DEL01-PB"
563029;2023-11-23;"quinta-feira";"07:30:00";"PR";277;725,3;"FOZ DO IGUACU";"Reação tardia ou ineficiente do condutor";"Engavetamento";"Com Vítimas Feridas";"Pleno dia";"Crescente";"Chuva";"Dupla";"Reta";"Sim";3;0;1;0;2;0;1;3;-25,50991137;-54,54823494;"SPRF-PR";"DEL05-PR";"UOP03-DEL05-PR"
563030;2023-11-23;"quinta-feira";"08:00:00";"RJ";116;316;"ITATIAIA";"Reação tardia ou ineficiente do condutor";"Tombamento";"Com Vítimas Feridas";"Pleno dia";"Decrescente";"Sol";"Dupla";"Reta";"Não";1;0;0;1;0;0;1;1;-22,46560057;-44,49102813;"SPRF-RJ";"DEL07-RJ";"UOP02-DEL07-RJ"
563031;2023-11-23;"quinta-feira";"07:50:00";"SC";101;1,8;"ARARANGUA";"Condutor deixou de manter distância do veículo da frente";"Colisão traseira";"Sem Vítimas";"Pleno dia";"Decrescente";"Chuva";"Simples";"Reta";"Não";3;0;0;0;3;0;0;2;-28,93595451;-49,49543303;"SPRF-SC";"DEL02-SC";"UOP02-DEL02-SC"
563032;2023-10-03;"terça-feira";"06:00:00";"MG";40;513;"RIBEIRAO DAS NEVES";"Trafegar com motocicleta (ou similar) entre as faixas";"Colisão traseira";"Com Vítimas Feridas";"Pleno dia";"Crescente";"Nublado";"Dupla";"Reta";"Não";4;0;2;0;2;0;2;2;-19,79787901;-44,10718918;"SPRF-MG";"DEL01-MG";"UOP02-DEL01-MG"
563034;2023-11-23;"quinta-feira";"08:45:00";"SC";101;117,3;"ITAJAI";"Desrespeitar a preferência no cruzamento";"Colisão transversal";"Com Vítimas Feridas";"Pleno dia";"Decrescente";"Nublado";"Simples";"Interseção de Vias";"Não";3;0;1;2;0;0;3;2;-26,88747187;-48,72252969;"SPRF-SC";"DEL04-SC";"UOP04-DEL04-SC"
563035;2023-11-17;"sexta-feira";"22:20:00";"MS";163;254;"DOURADOS";"Acessar a via sem observar a presença dos outros veículos";"Colisão lateral mesmo sentido";"Com Vítimas Feridas";"Pleno dia";"Crescente";"Céu Claro";"Dupla";"Reta";"Não";2;0;2;0;0;0;2;2;-22,27184267;-54,81657129;"SPRF-MS";"DEL04-MS";"UOP01-DEL04-MS"
563038;2023-11-19;"domingo";"17:00:00";"MG";381;907;"CAMBUI";"Velocidade Incompatível";"Colisão com objeto";"Com Vítimas Feridas";"Pleno dia";"Crescente";"Chuva";"Dupla";"Curva;Aclive";"Não";1;0;1;0;0;0;1;1;-22,67471714;-46,09585581;"SPRF-MG";"DEL16-MG";"UOP03-DEL16-MG"
563039;2023-11-23;"quinta-feira";"07:30:00";"PB";230;464,2;"SOUSA";"Transitar na contramão";"Colisão frontal";"Com Vítimas Feridas";"Pleno dia";"Decrescente";"Céu Claro";"Simples";"Reta";"Sim";3;0;1;1;1;0;2;2;-6,78052;-38,250425;"SPRF-PB";"DEL03-PB";"UOP03-DEL03-PB"
563045;2023-07-28;"sexta-feira";"23:00:00";"PE";101;74;"RECIFE";"Demais falhas mecânicas ou elétricas";"Incêndio";"Sem Vítimas";"Plena Noite";"Crescente";"Céu Claro";"Dupla";"Aclive;Curva";"Sim";1;0;0;0;0;1;0;1;-8,10146485;-34,94901577;"SPRF-PE";"DEL01-PE";"UOP01-DEL01-PE"
563046;2023-11-23;"quinta-feira";"08:50:00";"GO";60;39;"ALEXANIA";"Reação tardia ou ineficiente do condutor";"Saída de leito carroçável";"Com Vítimas Feridas";"Pleno dia";"Crescente";"Céu Claro";"Dupla";"Reta";"Não";1;0;1;0;0;0;1;1;-16,113311;-48,558324;"SPRF-DF";"DEL03-DF";"UOP01-DEL03-DF"
563047;2023-11-23;"quinta-feira";"07:30:00";"SP";381;60,3;"MAIRIPORA";"Acumulo de óleo sobre o pavimento";"Colisão com objeto";"Com Vítimas Feridas";"Pleno dia";"Crescente";"Chuva";"Dupla";"Curva";"Não";5;0;2;0;3;0;2;1;-23,28957673;-46,58729853;"SPRF-SP";"DEL03-SP";"UOP01-DEL03-SP"
563048;2023-11-23;"quinta-feira";"07:00:00";"MA";222;328;"IGARAPE DO MEIO";"Ultrapassagem Indevida";"Colisão frontal";"Com Vítimas Fatais";"Pleno dia";"Crescente";"Céu Claro";"Simples";"Reta;Interseção de Vias";"Sim";6;1;0;0;4;1;0;3;-3,584985;-45,059746;"SPRF-MA";"DEL02-MA";"UOP01-DEL02-MA"
563049;2023-11-16;"quinta-feira";"14:30:00";"MS";463;108;"PONTA PORA";"Acessar a via sem observar a presença dos outros veículos";"Colisão transversal";"Com Vítimas Feridas";"Pleno dia";"Crescente";"Céu Claro";"Dupla";"Retorno Regulamentado";"Não";2;0;0;1;0;1;1;2;-22,5856609;-55,68094093;"SPRF-MS";"DEL04-MS";"UOP03-DEL04-MS"
563050;2023-11-23;"quinta-feira";"11:13:00";"RN";101;98,8;"NATAL";"Condutor deixou de manter distância do veículo da frente";"Colisão traseira";"Sem Vítimas";"Pleno dia";"Crescente";"Sol";"Múltipla";"Reta";"Sim";2;0;0;0;2;0;0;2;-5,86952729;-35,21874547;"SPRF-RN";"DEL01-RN";"UOP01-DEL01-RN"
563053;2023-11-23;"quinta-feira";"08:30:00";"ES";101;335;"GUARAPARI";"Mal súbito do condutor";"Queda de ocupante de veículo";"Com Vítimas Feridas";"Pleno dia";"Crescente";"Céu Claro";"Dupla";"Rotatória;Curva";"Sim";1;0;0;1;0;0;1;1;-20,62718356;-40,52742029;"SPRF-ES";"DEL03-ES";"UOP01-DEL03-ES"
563055;2023-11-21;"terça-feira";"12:00:00";"RJ";101;491;"ANGRA DOS REIS";"Reação tardia ou ineficiente do condutor";"Colisão com objeto";"Com Vítimas Feridas";"Pleno dia";"Decrescente";"Céu Claro";"Simples";"Curva";"Não";1;0;0;1;0;0;1;1;-22,95442983;-44,32193004;"SPRF-RJ";"DEL03-RJ";"UOP03-DEL03-RJ"
563056;2023-11-23;"quinta-feira";"11:20:00";"PR";376;253,2;"CALIFORNIA";"Avarias e/ou desgaste excessivo no pneu";"Capotamento";"Com Vítimas Feridas";"Pleno dia";"Crescente";"Chuva";"Dupla";"Reta";"Não";2;0;1;0;1;0;1;1;-23,63312994;-51,37809455;"SPRF-PR";"DEL07-PR";"UOP03-DEL07-PR"
563057;2023-11-23;"quinta-feira";"11:30:00";"ES";101;42;"CONCEICAO DA BARRA";"Velocidade Incompatível";"Queda de ocupante de veículo";"Com Vítimas Feridas";"Pleno dia";"Decrescente";"Céu Claro";"Simples";"Reta";"Não";1;0;1;0;0;0;1;1;-18,51702193;-39,91329775;"SPRF-ES";"DEL04-ES";"UOP02-DEL04-ES"
563058;2023-11-23;"quinta-feira";"11:20:00";"PE";101;51;"ABREU E LIMA";"Reação tardia ou ineficiente do condutor";"Colisão lateral mesmo sentido";"Com Vítimas Feridas";"Pleno dia";"Crescente";"Céu Claro";"Simples";"Curva";"Sim";3;0;2;0;1;0;2;2;-7,9196955;-34,8955071;"SPRF-PE";"DEL01-PE";"UOP02-DEL01-PE"
563061;2023-08-31;"quinta-feira";"04:30:00";"SC";101;135,1;"BALNEARIO CAMBORIU";"Reação tardia ou ineficiente do condutor";"Saída de leito carroçável";"Com Vítimas Fatais";"Plena Noite";"Crescente";"Nublado";"Múltipla";"Reta";"Sim";2;2;0;0;0;0;0;1;-27,00543615;-48,62589598;"SPRF-SC";"DEL04-SC";"UOP03-DEL04-SC"
563063;2023-11-23;"quinta-feira";"12:10:00";"AP";210;2;"MACAPA";"Ultrapassagem Indevida";"Colisão lateral mesmo sentido";"Com Vítimas Feridas";"Pleno dia";"Crescente";"Céu Claro";"Simples";"Interseção de Vias";"Sim";3;0;1;0;2;0;1;3;0,083786;-51,079251;"SPRF-AP";"DEL01-AP";"UOP01-DEL01-AP"
563066;2023-11-23;"quinta-feira";"09:30:00";"PA";230;114;"MARABA";"Ausência de reação do condutor";"Colisão lateral mesmo sentido";"Com Vítimas Feridas";"Pleno dia";"Decrescente";"Nublado";"Simples";"Aclive;Reta";"Não";2;0;2;0;0;0;2;2;-5,36466678;-49,06623294;"SPRF-PA";"DEL03-PA";"UOP01-DEL03-PA"
563067;2023-11-23;"quinta-feira";"12:15:00";"SP";116;221;"GUARULHOS";"Acessar a via sem observar a presença dos outros veículos";"Colisão lateral mesmo sentido";"Com Vítimas Feridas";"Pleno dia";"Crescente";"Céu Claro";"Múltipla";"Reta";"Sim";2;0;1;0;0;1;1;2;-23,46802395;-46,50704901;"SPRF-SP";"DEL01-SP";"UOP01-DEL01-SP"
563068;2023-08-04;"sexta-feira";"01:30:00";"MT";174;4;"PONTES E LACERDA";"Manobra de mudança de faixa";"Colisão transversal";"Com Vítimas Feridas";"Plena Noite";"Crescente";"Céu Claro";"Simples";"Reta";"Sim";3;0;2;0;0;1;2;2;-15,2522817;-59,327574;"SPRF-MT";"DEL03-MT";"UOP01-DEL03-MT"
563069;2023-11-23;"quinta-feira";"13:20:00";"PR";277;5,2;"FOZ DO IGUACU";"Reação tardia ou ineficiente do condutor";"Colisão traseira";"Sem Vítimas";"Pleno dia";"Decrescente";"Nublado";"Dupla";"Reta";"Sim";2;0;0;0;2;0;0;2;-25,5469;-54,5882;"SPRF-PR";"DEL05-PR";"UOP03-DEL05-PR"
563070;2023-11-23;"quinta-feira";"12:35:00";"MA";135;7;"SAO LUIS";"Acessar a via sem observar a presença dos outros veículos";"Colisão transversal";"Com Vítimas Feridas";"Pleno dia";"Crescente";"Céu Claro";"Simples";"Retorno Regulamentado";"Sim";3;0;2;0;1;0;2;2;-2,63608835;-44,26848552;"SPRF-MA";"DEL01-MA";"UOP01-DEL01-MA"
563071;2023-11-23;"quinta-feira";"13:30:00";"RN";101;96;"NATAL";"Manobra de mudança de faixa";"Colisão lateral mesmo sentido";"Com Vítimas Feridas";"Pleno dia";"Decrescente";"Céu Claro";"Múltipla";"Reta";"Sim";5;0;1;0;4;0;1;4;-5,84949622;-35,20890752;"SPRF-RN";"DEL01-RN";"UOP01-DEL01-RN"
563072;2023-11-23;"quinta-feira";"13:00:00";"SP";116;269;"TABOAO DA SERRA";"Reação tardia ou ineficiente do condutor";"Colisão traseira";"Com Vítimas Feridas";"Pleno dia";"Crescente";"Céu Claro";"Múltipla";"Reta";"Sim";3;0;2;0;1;0;2;2;-23,61593059;-46,78826044;"SPRF-SP";"DEL04-SP";"UOP01-DEL04-SP"
563075;2023-09-25;"segunda-feira";"03:00:00";"PA";308;203;"BRAGANCA";"Manobra de mudança de faixa";"Colisão frontal";"Com Vítimas Fatais";"Plena Noite";"Crescente";"Céu Claro";"Simples";"Reta";"Não";2;1;0;0;0;1;0;2;-1,06623619;-46,76866019;"SPRF-PA";"DEL01-PA";"UOP03-DEL01-PA"
563076;2023-10-07;"sábado";"19:30:00";"RJ";116;45;"TERESOPOLIS";"Reação tardia ou ineficiente do condutor";"Colisão frontal";"Com Vítimas Feridas";"Plena Noite";"Decrescente";"Nublado";"Simples";"Curva";"Não";5;0;5;0;0;0;5;2;-22,16311405;-42,81414095;"SPRF-RJ";"DEL04-RJ";"UOP01-DEL04-RJ"
563077;2023-11-23;"quinta-feira";"13:35:00";"PE";101;67,7;"RECIFE";"Trafegar com motocicleta (ou similar) entre as faixas";"Colisão lateral mesmo sentido";"Com Vítimas Feridas";"Pleno dia";"Crescente";"Céu Claro";"Múltipla";"Reta";"Sim";2;0;2;0;0;0;2;2;-8,042334;-34,943096;"SPRF-PE";"DEL01-PE";"UOP01-DEL01-PE"
563079;2023-11-23;"quinta-feira";"14:15:00";"RJ";116;180;"NOVA IGUACU";"Demais falhas mecânicas ou elétricas";"Queda de ocupante de veículo";"Com Vítimas Feridas";"Pleno dia";"Crescente";"Céu Claro";"Dupla";"Reta";"Não";2;0;2;0;0;0;2;1;-22,7651616;-43,4154728;"SPRF-RJ";"DEL01-RJ";"UOP02-DEL01-RJ"