"id";"data_inversa";"dia_semana";"horario";"uf";"br";"km";"municipio";"causa_acidente";"tipo_acidente";"classificacao_acidente";"fase_dia";"sentido_via";"condicao_metereologica";"tipo_pista";"tracado_via";"uso_solo";"pessoas";"mortos";"feridos_leves";"feridos_graves";"ilesos";"ignorados";"feridos";"veiculos";"latitude";"longitude";"regional";"delegacia";"uop"
563084;2023-11-19;"domingo";"15:00:00";"BA";110;374;"CATU";"Ausência de reação do condutor";"Saída de leito carroçável";"Com Vítimas Feridas";"Pleno dia";"Crescente";"Sol";"Simples";"Curva";"Não";2;0;2;0;0;0;2;1;-12,403064;-38,389822;"SPRF-BA";"DEL01-BA";"UOP01-DEL01-BA"
563085;2023-11-23;"quinta-feira";"13:15:00";"SP";116;139,8;"SAO JOSE DOS CAMPOS";"Demais falhas mecânicas ou elétricas";"Tombamento";"Com Vítimas Feridas";"Pleno dia";"Crescente";"Céu Claro";"Dupla";"Reta";"Não";2;0;2;0;0;0;2;1;-23,16153216;-45,80400592;"SPRF-SP";"DEL02-SP";"UOP01-DEL02-SP"
563086;2023-11-23;"quinta-feira";"14:35:00";"MG";262;36,3;"MANHUACU";"Acessar a via sem observar a presença dos outros veículos";"Colisão transversal";"Com Vítimas Feridas";"Pleno dia";"Crescente";"Céu Claro";"Simples";"Reta";"Sim";3;0;1;0;1;1;1;3;-20,25932046;-42,02298331;"SPRF-MG";"DEL06-MG";"UOP03-DEL06-MG"
563088;2023-11-23;"quinta-feira";"12:50:00";"MG";116;411,9;"GOVERNADOR VALADARES";"Demais falhas mecânicas ou elétricas";"Incêndio";"Sem Vítimas";"Pleno dia";"Decrescente";"Céu Claro";"Simples";"Reta";"Sim";1;0;0;0;1;0;0;1;-18,86244705;-41,97405237;"SPRF-MG";"DEL06-MG";"UOP01-DEL06-MG"
563089;2023-10-23;"segunda-feira";"01:00:00";"SC";101;146;"ITAPEMA";"Reação tardia ou ineficiente do condutor";"Colisão com objeto";"Sem Vítimas";"Plena Noite";"Crescente";"Céu Claro";"Múltipla";"Curva";"Sim";1;0;0;0;1;0;0;1;-27,08666525;-48,60955587;"SPRF-SC";"DEL04-SC";"UOP03-DEL04-SC"
563091;2023-11-23;"quinta-feira";"11:20:00";"ES";259;59;"COLATINA";"Condutor deixou de manter distância do veículo da frente";"Colisão traseira";"Com Vítimas Feridas";"Pleno dia";"Crescente";"Céu Claro";"Múltipla";"Reta;Aclive";"Não";3;0;1;0;0;2;1;3;-19,52125411;-40,66594194;"SPRF-ES";"DEL02-ES";"UOP01-DEL02-ES"
563093;2023-11-23;"quinta-feira";"15:10:00";"SP";153;120;"UBARANA";"Acessar a via sem observar a presença dos outros veículos";"Colisão transversal";"Com Vítimas Feridas";"Pleno dia";"Decrescente";"Chuva";"Simples";"Reta";"Não";5;0;4;0;1;0;4;2;-21,16208007;-49,71112986;"SPRF-SP";"DEL09-SP";"UOP01-DEL09-SP"
563094;2023-11-23;"quinta-feira";"15:00:00";"GO";70;0;"AGUAS LINDAS DE GOIAS";"Chuva";"Saída de leito carroçável";"Com Vítimas Feridas";"Pleno dia";"Crescente";"Chuva";"Dupla";"Declive;Curva";"Não";1;0;1;0;0;0;1;1;-15,783543;-48,2326;"SPRF-DF";"DEL03-DF";"UOP02-DEL03-DF"
563096;2023-11-23;"quinta-feira";"14:19:00";"PR";277;126;"BALSA NOVA";"Ausência de reação do condutor";"Saída de leito carroçável";"Com Vítimas Feridas";"Pleno dia";"Crescente";"Chuva";"Simples";"Declive;Curva";"Não";3;0;2;0;1;0;2;1;-25,4472872;-49,6016494;"SPRF-PR";"DEL03-PR";"UOP03-DEL03-PR"
563097;2023-11-23;"quinta-feira";"15:20:00";"AL";101;137;"SAO MIGUEL DOS CAMPOS";"Pedestre andava na pista";"Atropelamento de Pedestre";"Com Vítimas Feridas";"Pleno dia";"Crescente";"Céu Claro";"Dupla";"Reta";"Sim";2;0;0;1;1;0;1;2;-9,80260488;-36,11277021;"SPRF-AL";"DEL02-AL";"UOP01-DEL02-AL"
563100;2023-11-23;"quinta-feira";"13:20:00";"RJ";116;144;"DUQUE DE CAXIAS";"Velocidade Incompatível";"Colisão com objeto";"Com Vítimas Feridas";"Pleno dia";"Crescente";"Sol";"Dupla";"Reta";"Sim";2;0;2;0;0;0;2;1;-22,65927;-43,250698;"SPRF-RJ";"DEL01-RJ";"UOP01-DEL01-RJ"
563103;2023-11-23;"quinta-feira";"15:20:00";"CE";116;29;"AQUIRAZ";"Demais falhas mecânicas ou elétricas";"Incêndio";"Sem Vítimas";"Pleno dia";"Decrescente";"Céu Claro";"Dupla";"Reta";"Não";1;0;0;0;0;1;0;1;-4,00202799;-38,51692006;"SPRF-CE";"DEL01-CE";"UOP02-DEL01-CE"
563109;2023-11-23;"quinta-feira";"16:40:00";"ES";101;261;"SERRA";"Reação tardia ou ineficiente do condutor";"Queda de ocupante de veículo";"Com Vítimas Feridas";"Pleno dia";"Crescente";"Sol";"Dupla";"Reta";"Não";1;0;1;0;0;0;1;1;-20,14854215;-40,27970926;"SPRF-ES";"DEL02-ES";"UOP01-DEL02-ES"
563111;2023-11-23;"quinta-feira";"15:01:00";"PE";232;407;"SERRA TALHADA";"Acessar a via sem observar a presença dos outros veículos";"Colisão frontal";"Com Vítimas Feridas";"Pleno dia";"Crescente";"Céu Claro";"Simples";"Reta";"Sim";2;0;1;0;1;0;1;2;-7,9854402;-38,27148304;"SPRF-PE";"DEL04-PE";"UOP01-DEL04-PE"
563112;2023-11-23;"quinta-feira";"16:45:00";"SC";101;196;"BIGUACU";"Manobra de mudança de faixa";"Colisão lateral mesmo sentido";"Com Vítimas Feridas";"Pleno dia";"Crescente";"Nublado";"Dupla";"Reta";"Sim";3;0;1;0;2;0;1;2;-27,51101091;-48,64322292;"SPRF-SC";"DEL01-SC";"UOP01-DEL01-SC"
563114;2023-11-23;"quinta-feira";"16:50:00";"PE";407;127;"PETROLINA";"Reação tardia ou ineficiente do condutor";"Colisão traseira";"Com Vítimas Feridas";"Pleno dia";"Decrescente";"Céu Claro";"Simples";"Reta;Em Obras";"Sim";2;0;1;0;1;0;1;2;-9,39169575;-40,51798582;"SPRF-PE";"DEL06-PE";"UOP01-DEL06-PE"
563115;2023-11-23;"quinta-feira";"16:35:00";"BA";324;615,3;"SALVADOR";"Trafegar com motocicleta (ou similar) entre as faixas";"Colisão traseira";"Com Vítimas Feridas";"Pleno dia";"Crescente";"Sol";"Múltipla";"Reta";"Sim";2;0;1;0;1;0;1;2;-12,88282;-38,434245;"SPRF-BA";"DEL01-BA";"UOP01-DEL01-BA"
563116;2023-11-23;"quinta-feira";"16:30:00";"TO";226;2;"AGUIARNOPOLIS";"Acessar a via sem observar a presença dos outros veículos";"Colisão transversal";"Com Vítimas Feridas";"Pleno dia";"Decrescente";"Céu Claro";"Simples";"Reta";"Sim";2;0;0;1;0;1;1;2;-6,56387041;-47,47622794;"SPRF-TO";"DEL02-TO";"UOP03-DEL02-TO"
563120;2023-11-23;"quinta-feira";"18:00:00";"MG";365;632,5;"UBERLANDIA";"Ausência de reação do condutor";"Tombamento";"Com Vítimas Feridas";"Anoitecer";"Decrescente";"Céu Claro";"Dupla";"Aclive;Reta";"Não";1;0;1;0;0;0;1;1;-18,89664394;-48,39041999;"SPRF-MG";"DEL15-MG";"UOP01-DEL15-MG"
563121;2023-11-23;"quinta-feira";"17:30:00";"BA";110;367;"CATU";"Acessar a via sem observar a presença dos outros veículos";"Colisão lateral mesmo sentido";"Com Vítimas Feridas";"Plena Noite";"Crescente";"Céu Claro";"Simples";"Reta";"Sim";2;0;1;0;1;0;1;2;-12,40823831;-38,39684499;"SPRF-BA";"DEL01-BA";"UOP04-DEL01-BA"
563122;2023-11-23;"quinta-feira";"17:30:00";"MG";40;526;"CONTAGEM";"Manobra de mudança de faixa";"Colisão lateral mesmo sentido";"Com Vítimas Feridas";"Anoitecer";"Decrescente";"Céu Claro";"Dupla";"Reta";"Não";5;0;1;0;4;0;1;3;-19,89270041;-44,04985428;"SPRF-MG";"DEL01-MG";"UOP02-DEL01-MG"
563124;2023-11-23;"quinta-feira";"18:20:00";"PI";316;5;"TERESINA";"Pedestre cruzava a pista fora da faixa";"Atropelamento de Pedestre";"Com Vítimas Feridas";"Plena Noite";"Crescente";"Nublado";"Múltipla";"Reta";"Sim";2;0;1;1;0;0;2;2;-5,14169858;-42,78157276;"SPRF-PI";"DEL01-PI";"UOP02-DEL01-PI"
563126;2023-11-23;"quinta-feira";"17:20:00";"BA";101;165;"CONCEICAO DO JACUIPE";"Acessar a via sem observar a presença dos outros veículos";"Colisão lateral mesmo sentido";"Sem Vítimas";"Anoitecer";"Crescente";"Céu Claro";"Múltipla";"Reta;Interseção de Vias";"Não";2;0;0;0;2;0;0;2;-12,35551436;-38,782478;"SPRF-BA";"DEL01-BA";"UOP03-DEL01-BA"
563127;2023-11-23;"quinta-feira";"17:55:00";"RS";158;312,8;"ITAARA";"Ultrapassagem Indevida";"Colisão lateral mesmo sentido";"Sem Vítimas";"Anoitecer";"Decrescente";"Céu Claro";"Simples";"Interseção de Vias;Em Obras;Curva;Aclive";"Não";3;0;0;0;2;1;0;2;-29,63962102;-53,76588821;"SPRF-RS";"DEL09-RS";"UOP01-DEL09-RS"
563130;2023-11-23;"quinta-feira";"18:07:00";"RS";290;721;"URUGUAIANA";"Condutor deixou de manter distância do veículo da frente";"Colisão traseira";"Com Vítimas Feridas";"Pleno dia";"Crescente";"Sol";"Dupla";"Curva";"Sim";2;0;1;0;1;0;1;2;-29,76134115;-57,05891132;"SPRF-RS";"DEL13-RS";"UOP01-DEL13-RS"
563131;2023-11-23;"quinta-feira";"18:05:00";"SC";101;214;"PALHOCA";"Demais falhas mecânicas ou elétricas";"Colisão com objeto";"Com Vítimas Feridas";"Anoitecer";"Crescente";"Céu Claro";"Simples";"Reta";"Não";2;0;2;0;0;0;2;1;-27,64443;-48,67057;"SPRF-SC";"DEL01-SC";"UOP02-DEL01-SC"
563132;2023-04-26;"quarta-feira";"06:30:00";"SP";116;226;"GUARULHOS";"Ausência de reação do condutor";"Colisão traseira";"Com Vítimas Feridas";"Pleno dia";"Crescente";"Nublado";"Múltipla";"Reta";"Sim";2;0;1;0;1;0;1;2;-23,49102507;-46,54878195;"SPRF-SP";"DEL01-SP";"UOP01-DEL01-SP"
563133;2023-11-23;"quinta-feira";"17:45:00";"GO";60;83,6;"ANAPOLIS";"Ausência de reação do condutor";"Saída de leito carroçável";"Com Vítimas Feridas";"Anoitecer";"Crescente";"Nublado";"Dupla";"Aclive;Reta";"Não";1;0;1;0;0;0;1;1;-16,3149;-48,846;"SPRF-GO";"DEL02-GO";"UOP01-DEL02-GO"
563135;2023-11-23;"quinta-feira";"18:50:00";"BA";101;34,5;"ESPLANADA";"Animais na Pista";"Atropelamento de Animal";"Com Vítimas Fatais";"Plena Noite";"Decrescente";"Céu Claro";"Dupla";"Reta";"Não";2;1;0;1;0;0;1;1;-11,76495091;-37,94359088;"SPRF-SE";"DEL02-SE";"UOP03-DEL02-SE"
563136;2023-11-23;"quinta-feira";"16:47:00";"MG";381;769;"CAMPANHA";"Problema na suspensão";"Tombamento";"Com Vítimas Feridas";"Pleno dia";"Crescente";"Céu Claro";"Dupla";"Reta";"Não";2;0;2;0;0;0;2;1;-21,75760223;-45,40669796;"SPRF-MG";"DEL16-MG";"UOP02-DEL16-MG"
563137;2023-11-23;"quinta-feira";"17:50:00";"MS";163;256,6;"DOURADOS";"Ingestão de álcool pelo condutor";"Colisão com objeto";"Com Vítimas Feridas";"Anoitecer";"Crescente";"Céu Claro";"Dupla";"Reta";"Sim";1;0;1;0;0;0;1;1;-22,26567386;-54,80944412;"SPRF-MS";"DEL04-MS";"UOP01-DEL04-MS"
563139;2023-11-23;"quinta-feira";"18:30:00";"RS";116;39,3;"VACARIA";"Desrespeitar a preferência no cruzamento";"Colisão transversal";"Com Vítimas Feridas";"Pleno dia";"Crescente";"Céu Claro";"Múltipla";"Reta;Rotatória";"Sim";2;0;1;0;1;0;1;2;-28,51391499;-50,93480587;"SPRF-RS";"DEL05-RS";"UOP03-DEL05-RS"
563140;2023-11-23;"quinta-feira";"16:40:00";"MG";262;895,9;"CAMPO FLORIDO";"Ultrapassagem Indevida";"Saída de leito carroçável";"Com Vítimas Feridas";"Pleno dia";"Decrescente";"Céu Claro";"Simples";"Reta";"Não";2;0;1;1;0;0;2;1;-19,713981;-48,733008;"SPRF-MG";"DEL13-MG";"UOP02-DEL13-MG"
563142;2023-11-23;"quinta-feira";"19:10:00";"PB";230;16;"JOAO PESSOA";"Ausência de reação do condutor";"Colisão traseira";"Com Vítimas Feridas";"Plena Noite";"Decrescente";"Céu Claro";"Dupla";"Reta";"Sim";2;0;0;1;1;0;1;2;-7,1039;-34,8458;"SPRF-PB";"DEL01-PB";"UOP01-DEL01-PB"
563143;2023-11-23;"quinta-feira";"18:30:00";"PR";376;495,7;"PONTA GROSSA";"Condutor deixou de manter distância do veículo da frente";"Colisão traseira";"Sem Vítimas";"Anoitecer";"Decrescente";"Chuva";"Dupla";"Aclive;Reta";"Sim";3;0;0;0;3;0;0;2;-25,143201;-50,156152;"SPRF-PR";"DEL03-PR";"UOP04-DEL03-PR"
563144;2023-11-23;"quinta-feira";"16:35:00";"RJ";101;331;"RIO DE JANEIRO";"Condutor deixou de manter distância do veículo da frente";"Colisão lateral mesmo sentido";"Com Vítimas Feridas";"Pleno dia";"Crescente";"Céu Claro";"Dupla";"Curva";"Não";2;0;1;0;1;0;1;2;-22,867662;-43,195337;"SPRF-RJ";"DEL02-RJ";"UOP01-DEL02-RJ"
563145;2023-11-23;"quinta-feira";"17:45:00";"RJ";101;319;"NITEROI";"Reação tardia ou ineficiente do condutor";"Colisão lateral mesmo sentido";"Com Vítimas Feridas";"Plena Noite";"Decrescente";"Chuva";"Dupla";"Reta";"Não";3;0;1;0;2;0;1;2;-22,85411774;-43,1018014;"SPRF-RJ";"DEL02-RJ";"UOP02-DEL02-RJ"
563147;2023-11-23;"quinta-feira";"18:15:00";"SC";101;415;"ARARANGUA";"Ausência de reação do condutor";"Colisão traseira";"Com Vítimas Feridas";"Anoitecer";"Decrescente";"Nublado";"Múltipla";"Reta";"Não";2;0;1;0;0;1;1;2;-28,96040535;-49,51653267;"SPRF-SC";"DEL02-SC";"UOP02-DEL02-SC"
563149;2023-11-23;"quinta-feira";"18:40:00";"ES";101;257,5;"SERRA";"Acessar a via sem observar a presença dos outros veículos";"Colisão transversal";"Com Vítimas Feridas";"Plena Noite";"Crescente";"Céu Claro";"Dupla";"Rotatória";"Sim";2;0;0;2;0;0;2;2;-20,12455095;-40,30331881;"SPRF-ES";"DEL02-ES";"UOP01-DEL02-ES"
563150;2023-11-23;"quinta-feira";"18:15:00";"AL";101;240;"SAO BRAS";"Demais falhas mecânicas ou elétricas";"Incêndio";"Sem Vítimas";"Plena Noite";"Decrescente";"Céu Claro";"Dupla";"Reta;Aclive";"Não";1;0;0;0;1;0;0;1;-10,14530389;-36,80590623;"SPRF-AL";"DEL02-AL";"UOP02-DEL02-AL"
563152;2023-11-23;"quinta-feira";"19:30:00";"PB";230;15;"JOAO PESSOA";"Trafegar com motocicleta (ou similar) entre as faixas";"Colisão traseira";"Com Vítimas Feridas";"Plena Noite";"Decrescente";"Céu Claro";"Dupla";"Viaduto";"Sim";3;0;1;0;2;0;1;3;-7,093;-34,8482;"SPRF-PB";"DEL01-PB";"UOP01-DEL01-PB"
563153;2023-11-23;"quinta-feira";"18:50:00";"PE";104;79,4;"AGRESTINA";"Conversão proibida";"Colisão transversal";"Com Vítimas Feridas";"Plena Noite";"Crescente";"Céu Claro";"Simples";"Reta";"Não";3;0;0;2;0;1;2;2;-8,389074;-35,974712;"SPRF-PE";"DEL02-PE";"UOP01-DEL02-PE"
563154;2023-11-23;"quinta-feira";"17:30:00";"RJ";393;106;"CARMO";"Acessar a via sem observar a presença dos outros veículos";"Colisão transversal";"Com Vítimas Feridas";"Pleno dia";"Crescente";"Céu Claro";"Simples";"Curva";"Sim";3;0;0;2;1;0;2;2;-21,879488;-42,681053;"SPRF-RJ";"DEL05-RJ";"UOP01-DEL05-RJ"
563155;2023-11-23;"quinta-feira";"18:00:00";"MG";116;528,5;"CARATINGA";"Ultrapassagem Indevida";"Colisão lateral sentido oposto";"Com Vítimas Feridas";"Anoitecer";"Crescente";"Céu Claro";"Simples";"Reta";"Sim";2;0;1;0;0;1;1;2;-19,794033;-42,13731414;"SPRF-MG";"DEL06-MG";"UOP02-DEL06-MG"
563156;2023-11-23;"quinta-feira";"15:50:00";"AC";364;131;"RIO BRANCO";"Pista Escorregadia";"Tombamento";"Com Vítimas Feridas";"Pleno dia";"Decrescente";"Nublado";"Simples";"Reta";"Não";1;0;0;1;0;0;1;1;-10,01594689;-67,84093848;"SPRF-AC";"DEL01-AC";"UOP01-DEL01-AC"
563157;2023-11-23;"quinta-feira";"19:38:00";"PI";343;309,2;"ALTOS";"Condutor deixou de manter distância do veículo da frente";"Colisão traseira";"Com Vítimas Feridas";"Plena Noite";"Crescente";"Céu Claro";"Simples";"Reta";"Sim";2;0;0;1;1;0;1;2;-5,04012;-42,476742;"SPRF-PI";"DEL01-PI";"UOP01-DEL01-PI"
563158;2023-11-23;"quinta-feira";"20:13:00";"RS";116;304;"GUAIBA";"Ingestão de substâncias psicoativas pelo condutor";"Colisão transversal";"Com Vítimas Feridas";"Plena Noite";"Crescente";"Céu Claro";"Dupla";"Reta";"Não";2;0;1;0;1;0;1;2;-30,15531808;-51,3705139;"SPRF-RS";"DEL02-RS";"UOP01-DEL02-RS"
563160;2023-11-23;"quinta-feira";"18:57:00";"BA";324;626;"SALVADOR";"Manobra de mudança de faixa";"Colisão lateral mesmo sentido";"Com Vítimas Feridas";"Plena Noite";"Crescente";"Céu Claro";"Dupla";"Reta";"Sim";3;0;2;0;1;0;2;2;-12,96443334;-38,47703934;"SPRF-BA";"DEL01-BA";"UOP01-DEL01-BA"
563161;2023-11-23;"quinta-feira";"19:30:00";"SC";280;55;"GUARAMIRIM";"Chuva";"Tombamento";"Com Vítimas Feridas";"Plena Noite";"Crescente";"Garoa/Chuvisco";"Simples";"Viaduto";"Sim";2;0;2;0;0;0;2;1;-26,47584353;-48,9937858;"SPRF-SC";"DEL03-SC";"UOP03-DEL03-SC"
563162;2023-11-23;"quinta-feira";"17:56:00";"PR";153;374;"RIO AZUL";"Reação tardia ou ineficiente do condutor";"Saída de leito carroçável";"Com Vítimas Feridas";"Anoitecer";"Crescente";"Nublado";"Simples";"Reta";"Não";32;0;2;0;30;0;2;1;-25,75704292;-50,84104005;"SPRF-PR";"DEL08-PR";"UOP02-DEL08-PR"
563163;2023-11-23;"quinta-feira";"20:00:00";"RJ";116;137;"MAGE";"Condutor deixou de manter distância do veículo da frente";"Colisão lateral mesmo sentido";"Com Vítimas Feridas";"Plena Noite";"Decrescente";"Chuva";"Múltipla";"Reta";"Sim";2;0;1;0;1;0;1;2;-22,64791994;-43,18200799;"SPRF-RJ";"DEL01-RJ";"UOP01-DEL01-RJ"
563164;2023-11-23;"quinta-feira";"20:05:00";"SP";116;225;"GUARULHOS";"Reação tardia ou ineficiente do condutor";"Colisão com objeto";"Com Vítimas Feridas";"Plena Noite";"Crescente";"Garoa/Chuvisco";"Múltipla";"Reta";"Sim";1;0;1;0;0;0;1;1;-23,48586772;-46,54075317;"SPRF-SP";"DEL01-SP";"UOP01-DEL01-SP"
563165;2023-11-23;"quinta-feira";"20:35:00";"BA";324;518;"FEIRA DE SANTANA";"Conversão proibida";"Colisão frontal";"Sem Vítimas";"Plena Noite";"Crescente";"Céu Claro";"Simples";"Reta";"Sim";2;0;0;0;2;0;0;2;-12,258195;-38,932182;"SPRF-BA";"DEL02-BA";"UOP01-DEL02-BA"
563167;2023-11-23;"quinta-feira";"12:20:00";"RJ";465;22;"RIO DE JANEIRO";"Avarias e/ou desgaste excessivo no pneu";"Queda de ocupante de veículo";"Com Vítimas Feridas";"Pleno dia";"Crescente";"Céu Claro";"Simples";"Reta";"Sim";2;0;2;0;0;0;2;1;-22,863579;-43,601479;"SPRF-RJ";"DEL03-RJ";"UOP01-DEL03-RJ"
563168;2023-11-23;"quinta-feira";"19:20:00";"BA";407;98;"JAGUARARI";"Ultrapassagem Indevida";"Colisão lateral sentido oposto";"Com Vítimas Feridas";"Plena Noite";"Decrescente";"Céu Claro";"Simples";"Reta";"Não";2;0;1;1;0;0;2;1;-10,22018224;-40,21285144;"SPRF-BA";"DEL04-BA";"UOP01-DEL04-BA"
563169;2023-11-23;"quinta-feira";"18:30:00";"BA";235;225,3;"UAUA";"Ausência de reação do condutor";"Colisão traseira";"Com Vítimas Feridas";"Anoitecer";"Crescente";"Céu Claro";"Simples";"Reta";"Não";3;0;0;2;1;0;2;2;-9,864134;-39,441532;"SPRF-BA";"DEL07-BA";"UOP01-DEL07-BA"
563171;2023-11-23;"quinta-feira";"20:10:00";"SP";381;82;"SAO PAULO";"Entrada inopinada do pedestre";"Atropelamento de Pedestre";"Com Vítimas Fatais";"Plena Noite";"Decrescente";"Chuva";"Múltipla";"Reta;Aclive";"Sim";2;1;0;0;1;0;0;2;-23,42399;-46,575112;"SPRF-SP";"DEL03-SP";"UOP01-DEL03-SP"
563173;2023-11-23;"quinta-feira";"14:00:00";"BA";407;140;"SENHOR DO BONFIM";"Ingestão de álcool pelo condutor";"Colisão frontal";"Com Vítimas Fatais";"Pleno dia";"Decrescente";"Céu Claro";"Simples";"Reta;Interseção de Vias";"Não";2;1;0;0;1;0;0;2;-10,56901002;-40,13551917;"SPRF-BA";"DEL04-BA";"UOP01-DEL04-BA"
563174;2023-11-23;"quinta-feira";"20:30:00";"SC";101;140,5;"BALNEARIO CAMBORIU";"Avarias e/ou desgaste excessivo no pneu";"Tombamento";"Com Vítimas Feridas";"Pleno dia";"Decrescente";"Nublado";"Dupla";"Reta";"Sim";1;0;1;0;0;0;1;1;-27,03881189;-48,60025148;"SPRF-SC";"DEL04-SC";"UOP03-DEL04-SC"
563176;2023-11-23;"quinta-feira";"20:30:00";"RJ";40;105,1;"DUQUE DE CAXIAS";"Demais falhas na via";"Tombamento";"Com Vítimas Feridas";"Plena Noite";"Crescente";"Chuva";"Simples";"Reta";"Sim";2;0;2;0;0;0;2;1;-22,63784806;-43,28428824;"SPRF-RJ";"DEL01-RJ";"UOP01-DEL01-RJ"
563177;2023-11-23;"quinta-feira";"21:45:00";"SP";116;117,6;"TAUBATE";"Ausência de reação do condutor";"Capotamento";"Com Vítimas Feridas";"Plena Noite";"Decrescente";"Nublado";"Dupla";"Reta;Aclive";"Não";1;0;1;0;0;0;1;1;-23,0582298;-45,6176951;"SPRF-SP";"DEL02-SP";"UOP02-DEL02-SP"
563178;2023-11-23;"quinta-feira";"19:30:00";"PR";116;209;"RIO NEGRO";"Reação tardia ou ineficiente do condutor";"Colisão transversal";"Com Vítimas Feridas";"Anoitecer";"Decrescente";"Chuva";"Simples";"Reta";"Sim";2;0;1;0;0;1;1;2;-26,07620916;-49,75230908;"SPRF-SC";"DEL06-SC";"UOP01-DEL06-SC"
563179;2023-11-23;"quinta-feira";"22:30:00";"CE";116;11,9;"FORTALEZA";"Ausência de reação do condutor";"Colisão traseira";"Sem Vítimas";"Plena Noite";"Crescente";"Céu Claro";"Dupla";"Curva";"Sim";2;0;0;0;2;0;0;2;-3,84394724;-38,49891546;"SPRF-CE";"DEL01-CE";"UOP02-DEL01-CE"
563181;2023-11-23;"quinta-feira";"18:00:00";"PB";104;143,6;"QUEIMADAS";"Transitar na contramão";"Colisão frontal";"Com Vítimas Feridas";"Plena Noite";"Crescente";"Céu Claro";"Simples";"Reta;Aclive";"Não";2;0;0;1;1;0;1;2;-7,40477903;-35,89667929;"SPRF-PB";"DEL02-PB";"UOP03-DEL02-PB"
563183;2023-11-23;"quinta-feira";"23:20:00";"SP";116;140,4;"SAO JOSE DOS CAMPOS";"Ausência de reação do condutor";"Colisão traseira";"Com Vítimas Feridas";"Plena Noite";"Decrescente";"Chuva";"Dupla";"Reta";"Não";3;0;0;1;0;2;1;3;-23,16577714;-45,81246193;"SPRF-SP";"DEL02-SP";"UOP01-DEL02-SP"
563184;2023-11-23;"quinta-feira";"23:30:00";"PR";467;100,9;"CASCAVEL";"Ingestão de álcool pelo condutor";"Capotamento";"Com Vítimas Feridas";"Plena Noite";"Decrescente";"Céu Claro";"Dupla";"Curva";"Não";1;0;0;1;0;0;1;1;-24,8947;-53,5355;"SPRF-PR";"DEL04-PR";"UOP01-DEL04-PR"
563189;2023-11-24;"sexta-feira";"00:01:00";"RS";386;281;"SAO JOSE DO HERVAL";"Ausência de reação do condutor";"Tombamento";"Com Vítimas Feridas";"Plena Noite";"Crescente";"Ignorado";"Simples";"Reta";"Não";2;0;1;0;1;0;1;1;-29,030159;-52,304897;"SPRF-RS";"DEL04-RS";"UOP03-DEL04-RS"
563190;2023-11-23;"quinta-feira";"22:30:00";"RO";364;341;"JI-PARANA";"Acessar a via sem observar a presença dos outros veículos";"Colisão traseira";"Com Vítimas Feridas";"Plena Noite";"Crescente";"Nublado";"Simples";"Interseção de Vias;Viaduto";"Não";3;0;1;1;1;0;2;2;-10,88987987;-61,93126772;"SPRF-RO";"DEL02-RO";"UOP01-DEL02-RO"
563192;2023-11-23;"quinta-feira";"22:30:00";"MT";174;330;"PONTES E LACERDA";"Transitar na contramão";"Colisão frontal";"Sem Vítimas";"Plena Noite";"Crescente";"Garoa/Chuvisco";"Simples";"Reta;Em Obras";"Não";2;0;0;0;0;2;0;2;-14,87994201;-59,29583325;"SPRF-MT";"DEL04-MT";"UOP01-DEL04-MT"
563194;2023-11-24;"sexta-feira";"00:00:00";"MS";487;115;"ITAQUIRAI";"Reação tardia ou ineficiente do condutor";"Saída de leito carroçável";"Com Vítimas Feridas";"Plena Noite";"Crescente";"Nublado";"Simples";"Reta";"Não";2;0;2;0;0;0;2;1;-23,27054683;-53,91235288;"SPRF-MS";"DEL09-MS";"UOP01-DEL09-MS"
563197;2023-11-24;"sexta-feira";"01:40:00";"MS";376;13,9;"DOURADOS";"Ausência de reação do condutor";"Saída de leito carroçável";"Com Vítimas Feridas";"Plena Noite";"Crescente";"Nublado";"Simples";"Reta";"Não";2;0;2;0;0;0;2;1;-22,28313614;-54,61405715;"SPRF-MS";"DEL04-MS";"UOP01-DEL04-MS"
563198;2023-11-24;"sexta-feira";"04:30:00";"RJ";116;308;"RESENDE";"Reação tardia ou ineficiente do condutor";"Colisão com objeto";"Com Vítimas Feridas";"Amanhecer";"Crescente";"Chuva";"Dupla";"Reta";"Não";2;0;2;0;0;0;2;1;-22,45783299;-44,418685;"SPRF-RJ";"DEL07-RJ";"UOP02-DEL07-RJ"
563199;2023-11-24;"sexta-feira";"04:00:00";"SC";101;414;"ARARANGUA";"Condutor Dormindo";"Saída de leito carroçável";"Com Vítimas Feridas";"Plena Noite";"Crescente";"Nublado";"Múltipla";"Reta";"Não";1;0;1;0;0;0;1;1;-28,95360392;-49,50985011;"SPRF-SC";"DEL02-SC";"UOP02-DEL02-SC"
563200;2023-11-24;"sexta-feira";"04:00:00";"PA";230;122;"MARABA";"Transitar na calçada";"Atropelamento de Pedestre";"Com Vítimas Feridas";"Amanhecer";"Decrescente";"Nublado";"Dupla";"Reta";"Sim";4;0;1;3;0;0;4;2;-5,36137537;-49,12376139;"SPRF-PA";"DEL03-PA";"UOP01-DEL03-PA"