"id";"data_inversa";"dia_semana";"horario";"uf";"br";"km";"municipio";"causa_acidente";"tipo_acidente";"classificacao_acidente";"fase_dia";"sentido_via";"condicao_metereologica";"tipo_pista";"tracado_via";"uso_solo";"pessoas";"mortos";"feridos_leves";"feridos_graves";"ilesos";"ignorados";"feridos";"veiculos";"latitude";"longitude";"regional";"delegacia";"uop"
563202;2023-11-24;"sexta-feira";"06:30:00";"RS";386;349,6;"ESTRELA";"Condutor deixou de manter distância do veículo da frente";"Colisão traseira";"Com Vítimas Feridas";"Amanhecer";"Decrescente";"Céu Claro";"Dupla";"Reta";"Sim";2;0;1;0;1;0;1;2;-29,4743;-51,952923;"SPRF-RS";"DEL04-RS";"UOP01-DEL04-RS"
563203;2023-11-24;"sexta-feira";"05:30:00";"SC";101;158;"PORTO BELO";"Velocidade Incompatível";"Colisão com objeto";"Com Vítimas Feridas";"Pleno dia";"Decrescente";"Céu Claro";"Dupla";"Curva";"Não";4;0;0;3;1;0;3;1;-27,19096301;-48,61259017;"SPRF-SC";"DEL04-SC";"UOP03-DEL04-SC"
563205;2023-11-24;"sexta-feira";"06:30:00";"SC";101;342,2;"TUBARAO";"Demais falhas mecânicas ou elétricas";"Queda de ocupante de veículo";"Com Vítimas Feridas";"Pleno dia";"Decrescente";"Céu Claro";"Múltipla";"Reta";"Sim";2;0;2;0;0;0;2;1;-28,51875992;-49,05388322;"SPRF-SC";"DEL02-SC";"UOP01-DEL02-SC"
563208;2023-11-24;"sexta-feira";"05:30:00";"RS";153;642;"BAGE";"Ausência de reação do condutor";"Saída de leito carroçável";"Sem Vítimas";"Pleno dia";"Crescente";"Céu Claro";"Simples";"Reta";"Não";1;0;0;0;1;0;0;1;-31,41343494;-54,13524852;"SPRF-RS";"DEL11-RS";"UOP03-DEL11-RS"
563211;2023-10-20;"sexta-feira";"04:55:00";"SC";282;551;"NOVA ITABERABA";"Reação tardia ou ineficiente do condutor";"Colisão traseira";"Com Vítimas Feridas";"Plena Noite";"Crescente";"Garoa/Chuvisco";"Simples";"Reta";"Não";4;0;3;0;1;0;3;2;-26,951487;-52,778172;"SPRF-SC";"DEL07-SC";"UOP01-DEL07-SC"
563213;2023-11-24;"sexta-feira";"06:49:00";"PB";230;22,7;"JOAO PESSOA";"Ausência de reação do condutor";"Colisão traseira";"Com Vítimas Feridas";"Pleno dia";"Decrescente";"Sol";"Dupla";"Reta";"Sim";3;0;0;1;1;1;1;2;-7,15804354;-34,85823154;"SPRF-PB";"DEL01-PB";"UOP01-DEL01-PB"
563214;2023-11-24;"sexta-feira";"07:00:00";"GO";60;93,1;"ANAPOLIS";"Animais na Pista";"Tombamento";"Com Vítimas Feridas";"Pleno dia";"Decrescente";"Céu Claro";"Dupla";"Reta";"Sim";1;0;1;0;0;0;1;1;-16,3538;-48,9268;"SPRF-GO";"DEL02-GO";"UOP01-DEL02-GO"
563218;2023-11-14;"terça-feira";"06:45:00";"ES";101;179;"ARACRUZ";"Conversão proibida";"Colisão lateral sentido oposto";"Com Vítimas Feridas";"Pleno dia";"Decrescente";"Céu Claro";"Simples";"Reta";"Não";5;0;3;2;0;0;5;2;-19,61640717;-40,21532077;"SPRF-ES";"DEL04-ES";"UOP01-DEL04-ES"
563219;2023-11-24;"sexta-feira";"07:50:00";"SP";116;220;"GUARULHOS";"Reação tardia ou ineficiente do condutor";"Colisão traseira";"Com Vítimas Feridas";"Pleno dia";"Crescente";"Garoa/Chuvisco";"Múltipla";"Reta";"Sim";2;0;1;0;0;1;1;2;-23,46472809;-46,49793962;"SPRF-SP";"DEL01-SP";"UOP01-DEL01-SP"
563221;2023-11-24;"sexta-feira";"07:45:00";"SC";282;2;"FLORIANOPOLIS";"Condutor deixou de manter distância do veículo da frente";"Colisão traseira";"Com Vítimas Feridas";"Pleno dia";"Crescente";"Céu Claro";"Múltipla";"Reta";"Sim";4;0;1;0;3;0;1;4;-27,603289;-48,590416;"SPRF-SC";"DEL01-SC";"UOP01-DEL01-SC"
563223;2023-11-24;"sexta-feira";"07:20:00";"MT";364;403;"CUIABA";"Reação tardia ou ineficiente do condutor";"Atropelamento de Pedestre";"Com Vítimas Feridas";"Pleno dia";"Decrescente";"Céu Claro";"Dupla";"Reta";"Não";3;0;1;0;1;1;1;3;-15,66507402;-55,96307764;"SPRF-MT";"DEL01-MT";"UOP02-DEL01-MT"
563224;2023-11-24;"sexta-feira";"08:00:00";"ES";101;269,5;"SERRA";"Condutor deixou de manter distância do veículo da frente";"Colisão traseira";"Com Vítimas Feridas";"Pleno dia";"Crescente";"Céu Claro";"Múltipla";"Reta";"Sim";2;0;1;0;1;0;1;2;-20,21740496;-40,26990578;"SPRF-ES";"DEL02-ES";"UOP01-DEL02-ES"
563225;2023-11-24;"sexta-feira";"07:00:00";"MG";262;385;"MATEUS LEME";"Chuva";"Saída de leito carroçável";"Com Vítimas Feridas";"Pleno dia";"Crescente";"Chuva";"Dupla";"Declive;Curva";"Não";1;0;1;0;0;0;1;1;-19,92082511;-44,46922302;"SPRF-MG";"DEL01-MG";"UOP03-DEL01-MG"
563226;2023-11-24;"sexta-feira";"07:40:00";"ES";101;280;"SERRA";"Condutor deixou de manter distância do veículo da frente";"Colisão traseira";"Com Vítimas Feridas";"Pleno dia";"Crescente";"Céu Claro";"Dupla";"Reta";"Não";3;0;1;0;2;0;1;2;-20,21828666;-40,34895595;"SPRF-ES";"DEL02-ES";"UOP01-DEL02-ES"
563229;2023-11-24;"sexta-feira";"07:45:00";"MT";158;793;"BARRA DO GARCAS";"Condutor deixou de manter distância do veículo da frente";"Engavetamento";"Com Vítimas Feridas";"Pleno dia";"Decrescente";"Céu Claro";"Simples";"Reta";"Sim";3;0;1;0;2;0;1;3;-15,85276187;-52,30738531;"SPRF-MT";"DEL07-MT";"UOP01-DEL07-MT"
563231;2023-11-24;"sexta-feira";"08:15:00";"BA";116;814,8;"VITORIA DA CONQUISTA";"Desrespeitar a preferência no cruzamento";"Colisão transversal";"Com Vítimas Feridas";"Pleno dia";"Decrescente";"Céu Claro";"Simples";"Reta;Interseção de Vias";"Sim";3;0;2;0;1;0;2;2;-14,80848094;-40,78948606;"SPRF-BA";"DEL08-BA";"UOP01-DEL08-BA"
563233;2023-11-24;"sexta-feira";"08:00:00";"PR";376;616,1;"SAO JOSE DOS PINHAIS";"Demais falhas mecânicas ou elétricas";"Eventos atípicos";"Com Vítimas Feridas";"Pleno dia";"Crescente";"Nublado";"Dupla";"Curva;Aclive";"Sim";1;0;1;0;0;0;1;1;-25,584034;-49,176571;"SPRF-PR";"DEL01-PR";"UOP04-DEL01-PR"
563234;2023-11-24;"sexta-feira";"08:30:00";"PR";277;80,5;"CURITIBA";"Condutor deixou de manter distância do veículo da frente";"Colisão traseira";"Sem Vítimas";"Pleno dia";"Crescente";"Garoa/Chuvisco";"Simples";"Reta";"Sim";2;0;0;0;2;0;0;2;-25,468998;-49,213133;"SPRF-PR";"DEL01-PR";"UOP07-DEL01-PR"
563235;2023-11-24;"sexta-feira";"09:05:00";"RJ";393;202;"VASSOURAS";"Acessar a via sem observar a presença dos outros veículos";"Colisão transversal";"Com Vítimas Feridas";"Pleno dia";"Decrescente";"Nublado";"Simples";"Interseção de Vias;Curva";"Sim";2;0;2;0;0;0;2;2;-22,24045172;-43,41931343;"SPRF-RJ";"DEL05-RJ";"UOP03-DEL05-RJ"
563236;2023-11-24;"sexta-feira";"08:00:00";"RJ";116;174;"SAO JOAO DE MERITI";"Trafegar com motocicleta (ou similar) entre as faixas";"Colisão traseira";"Com Vítimas Feridas";"Amanhecer";"Decrescente";"Céu Claro";"Dupla";"Reta";"Não";2;0;1;0;1;0;1;2;-22,79423806;-43,36403759;"SPRF-RJ";"DEL01-RJ";"UOP02-DEL01-RJ"
563238;2023-11-24;"sexta-feira";"09:20:00";"MG";40;705;"BARBACENA";"Pista Escorregadia";"Colisão com objeto";"Com Vítimas Feridas";"Pleno dia";"Decrescente";"Céu Claro";"Dupla";"Retorno Regulamentado;Curva";"Não";2;0;2;0;0;0;2;1;-21,2165929;-43,7462589;"SPRF-MG";"DEL05-MG";"UOP02-DEL05-MG"
563239;2023-03-06;"segunda-feira";"08:20:00";"MA";10;277;"IMPERATRIZ";"Condutor deixou de manter distância do veículo da frente";"Colisão traseira";"Com Vítimas Feridas";"Pleno dia";"Crescente";"Céu Claro";"Simples";"Reta";"Não";2;0;0;1;1;0;1;2;-5,312562;-47,494934;"SPRF-MA";"DEL04-MA";"UOP01-DEL04-MA"
563240;2023-11-24;"sexta-feira";"10:20:00";"RJ";393;242;"VASSOURAS";"Manobra de mudança de faixa";"Colisão lateral mesmo sentido";"Com Vítimas Feridas";"Pleno dia";"Crescente";"Nublado";"Simples";"Reta;Aclive";"Não";3;0;2;0;1;0;2;3;-22,42556824;-43,6917998;"SPRF-RJ";"DEL05-RJ";"UOP04-DEL05-RJ"
563242;2023-11-24;"sexta-feira";"09:00:00";"RJ";116;244;"PIRAI";"Avarias e/ou desgaste excessivo no pneu";"Tombamento";"Com Vítimas Feridas";"Pleno dia";"Crescente";"Garoa/Chuvisco";"Dupla";"Curva";"Não";2;0;2;0;0;0;2;1;-22,62453834;-43,91765203;"SPRF-RJ";"DEL07-RJ";"UOP01-DEL07-RJ"
563243;2023-11-24;"sexta-feira";"09:40:00";"PR";376;194;"MARIALVA";"Chuva";"Saída de leito carroçável";"Com Vítimas Feridas";"Pleno dia";"Crescente";"Chuva";"Dupla";"Curva";"Não";1;0;1;0;0;0;1;1;-23,5025053;-51,79920673;"SPRF-PR";"DEL09-PR";"UOP01-DEL09-PR"
563244;2023-11-24;"sexta-feira";"10:40:00";"PE";408;105;"JABOATAO DOS GUARARAPES";"Ausência de sinalização";"Colisão traseira";"Sem Vítimas";"Plena Noite";"Decrescente";"Céu Claro";"Dupla";"Reta";"Sim";2;0;0;0;2;0;0;2;-8,0730937;-34,99190714;"SPRF-PE";"DEL01-PE";"UOP01-DEL01-PE"
563246;2023-11-24;"sexta-feira";"10:50:00";"SC";101;140;"BALNEARIO CAMBORIU";"Demais falhas mecânicas ou elétricas";"Incêndio";"Com Vítimas Feridas";"Pleno dia";"Decrescente";"Céu Claro";"Dupla";"Túnel;Reta";"Não";1;0;1;0;0;0;1;1;-27,03881189;-48,60025148;"SPRF-SC";"DEL04-SC";"UOP03-DEL04-SC"
563248;2023-11-24;"sexta-feira";"10:45:00";"SC";101;208,2;"SAO JOSE";"Demais falhas mecânicas ou elétricas";"Queda de ocupante de veículo";"Com Vítimas Feridas";"Pleno dia";"Decrescente";"Céu Claro";"Dupla";"Reta";"Sim";2;0;1;0;1;0;1;1;-27,60327979;-48,63201818;"SPRF-SC";"DEL01-SC";"UOP01-DEL01-SC"
563250;2023-11-09;"quinta-feira";"12:20:00";"RR";174;714;"PACARAIMA";"Trafegar com motocicleta (ou similar) entre as faixas";"Colisão lateral mesmo sentido";"Com Vítimas Feridas";"Pleno dia";"Decrescente";"Céu Claro";"Simples";"Reta";"Não";2;0;0;1;1;0;1;2;4,47628443;-61,14805564;"SPRF-RR";"DEL01-RR";"UOP01-DEL01-RR"
563251;2023-11-24;"sexta-feira";"11:20:00";"RS";285;197;"LAGOA VERMELHA";"Pedestre cruzava a pista fora da faixa";"Atropelamento de Pedestre";"Com Vítimas Feridas";"Pleno dia";"Decrescente";"Céu Claro";"Simples";"Curva;Interseção de Vias;Rotatória";"Sim";3;0;0;1;2;0;1;2;-28,21111623;-51,51099801;"SPRF-RS";"DEL08-RS";"UOP05-DEL08-RS"
563253;2023-11-24;"sexta-feira";"11:35:00";"BA";324;623,4;"SALVADOR";"Avarias e/ou desgaste excessivo no pneu";"Tombamento";"Com Vítimas Feridas";"Pleno dia";"Decrescente";"Céu Claro";"Dupla";"Reta";"Sim";2;0;2;0;0;0;2;1;-12,92628699;-38,46838679;"SPRF-BA";"DEL01-BA";"UOP01-DEL01-BA"
563254;2023-11-24;"sexta-feira";"11:00:00";"MT";163;829;"SINOP";"Mal súbito do condutor";"Queda de ocupante de veículo";"Com Vítimas Feridas";"Pleno dia";"Decrescente";"Céu Claro";"Simples";"Rotatória";"Sim";1;0;0;1;0;0;1;1;-11,91382085;-55,50904942;"SPRF-MT";"DEL06-MT";"UOP02-DEL06-MT"
563255;2023-10-11;"quarta-feira";"18:30:00";"SE";101;148,8;"ESTANCIA";"Conversão proibida";"Colisão frontal";"Com Vítimas Feridas";"Plena Noite";"Decrescente";"Céu Claro";"Simples";"Reta";"Não";2;0;0;1;1;0;1;2;-11,23058903;-37,42573496;"SPRF-SE";"DEL02-SE";"UOP01-DEL02-SE"
563256;2023-11-24;"sexta-feira";"12:19:00";"GO";40;2,5;"VALPARAISO DE GOIAS";"Trafegar com motocicleta (ou similar) entre as faixas";"Queda de ocupante de veículo";"Com Vítimas Feridas";"Pleno dia";"Decrescente";"Céu Claro";"Dupla";"Reta";"Sim";1;0;1;0;0;0;1;1;-16,067129;-47,984235;"SPRF-DF";"DEL01-DF";"UOP01-DEL01-DF"
563258;2023-11-24;"sexta-feira";"11:30:00";"PE";101;66,8;"RECIFE";"Ausência de reação do condutor";"Colisão traseira";"Com Vítimas Feridas";"Pleno dia";"Decrescente";"Céu Claro";"Múltipla";"Reta";"Sim";2;0;0;1;1;0;1;2;-8,03368534;-34,94184125;"SPRF-PE";"DEL01-PE";"UOP01-DEL01-PE"
563259;2023-11-24;"sexta-feira";"10:30:00";"BA";324;556;"AMELIA RODRIGUES";"Reação tardia ou ineficiente do condutor";"Tombamento";"Com Vítimas Feridas";"Pleno dia";"Crescente";"Céu Claro";"Dupla";"Reta";"Não";2;0;1;0;1;0;1;1;-12,47106487;-38,6824229;"SPRF-BA";"DEL01-BA";"UOP03-DEL01-BA"
563262;2023-11-24;"sexta-feira";"11:00:00";"PA";316;65,6;"CASTANHAL";"Ausência de reação do condutor";"Colisão traseira";"Sem Vítimas";"Pleno dia";"Crescente";"Céu Claro";"Dupla";"Reta";"Sim";2;0;0;0;2;0;0;2;-1,29580361;-47,91084002;"SPRF-PA";"DEL01-PA";"UOP01-DEL01-PA"
563263;2023-11-24;"sexta-feira";"13:15:00";"SC";101;151;"ITAPEMA";"Ausência de reação do condutor";"Tombamento";"Com Vítimas Feridas";"Pleno dia";"Decrescente";"Céu Claro";"Dupla";"Reta";"Sim";2;0;1;0;1;0;1;2;-27,126536;-48,609642;"SPRF-SC";"DEL04-SC";"UOP03-DEL04-SC"
563264;2023-11-24;"sexta-feira";"11:30:00";"MG";40;42;"PARACATU";"Acessar a via sem observar a presença dos outros veículos";"Colisão transversal";"Sem Vítimas";"Pleno dia";"Decrescente";"Céu Claro";"Simples";"Reta;Interseção de Vias;Rotatória";"Sim";4;0;0;0;4;0;0;2;-17,2188441;-46,8666753;"SPRF-MG";"DEL14-MG";"UOP01-DEL14-MG"
563265;2023-11-24;"sexta-feira";"13:04:00";"CE";116;1;"FORTALEZA";"Manobra de mudança de faixa";"Colisão lateral mesmo sentido";"Com Vítimas Feridas";"Pleno dia";"Decrescente";"Céu Claro";"Múltipla";"Reta";"Sim";2;0;1;0;1;0;1;2;-3,76159894;-38,51900662;"SPRF-CE";"DEL01-CE";"UOP02-DEL01-CE"
563267;2023-11-24;"sexta-feira";"13:20:00";"PR";376;213,1;"JANDAIA DO SUL";"Demais falhas mecânicas ou elétricas";"Saída de leito carroçável";"Com Vítimas Feridas";"Pleno dia";"Crescente";"Chuva";"Dupla";"Curva";"Não";2;0;2;0;0;0;2;1;-23,566544;-51,65513992;"SPRF-PR";"DEL09-PR";"UOP01-DEL09-PR"
563269;2023-11-24;"sexta-feira";"10:30:00";"PA";230;133,3;"MARABA";"Reação tardia ou ineficiente do condutor";"Saída de leito carroçável";"Com Vítimas Feridas";"Pleno dia";"Decrescente";"Céu Claro";"Simples";"Reta;Declive";"Não";2;0;1;1;0;0;2;1;-5,36104074;-49,20575184;"SPRF-PA";"DEL03-PA";"UOP01-DEL03-PA"
563270;2023-11-24;"sexta-feira";"12:00:00";"RS";480;65,9;"BARAO DE COTEGIPE";"Acumulo de areia ou detritos sobre o pavimento";"Tombamento";"Com Vítimas Feridas";"Pleno dia";"Crescente";"Nublado";"Simples";"Curva";"Não";2;0;0;1;1;0;1;2;-27,62694605;-52,36726105;"SPRF-RS";"DEL08-RS";"UOP04-DEL08-RS"
563271;2023-11-24;"sexta-feira";"12:47:00";"PI";343;0;"TERESINA";"Ausência de reação do condutor";"Colisão traseira";"Com Vítimas Feridas";"Pleno dia";"Decrescente";"Céu Claro";"Dupla";"Reta";"Não";3;0;1;0;2;0;1;3;-5,089569;-42,802288;"SPRF-PI";"DEL01-PI";"UOP01-DEL01-PI"
563272;2023-11-24;"sexta-feira";"12:00:00";"MG";116;272;"TEOFILO OTONI";"Acessar a via sem observar a presença dos outros veículos";"Atropelamento de Pedestre";"Com Vítimas Fatais";"Pleno dia";"Crescente";"Céu Claro";"Simples";"Reta";"Não";21;1;0;0;20;0;0;2;-17,81943899;-41,49990501;"SPRF-MG";"DEL11-MG";"UOP01-DEL11-MG"
563273;2023-11-24;"sexta-feira";"08:15:00";"MG";116;412,1;"GOVERNADOR VALADARES";"Reação tardia ou ineficiente do condutor";"Colisão traseira";"Com Vítimas Feridas";"Pleno dia";"Crescente";"Sol";"Simples";"Reta;Declive";"Sim";2;0;0;1;1;0;1;2;-18,86882342;-41,97144241;"SPRF-MG";"DEL06-MG";"UOP01-DEL06-MG"
563274;2023-11-24;"sexta-feira";"13:43:00";"RN";101;95;"NATAL";"Manobra de mudança de faixa";"Colisão lateral mesmo sentido";"Com Vítimas Fatais";"Pleno dia";"Decrescente";"Céu Claro";"Dupla";"Reta";"Sim";3;1;0;0;2;0;0;3;-5,84949622;-35,20890752;"SPRF-RN";"DEL01-RN";"UOP01-DEL01-RN"
563275;2023-11-24;"sexta-feira";"10:35:00";"RS";158;522,1;"SANTANA DO LIVRAMENTO";"Avarias e/ou desgaste excessivo no pneu";"Saída de leito carroçável";"Com Vítimas Feridas";"Pleno dia";"Decrescente";"Céu Claro";"Simples";"Reta";"Não";2;0;1;1;0;0;2;1;-30,71042904;-55,13679885;"SPRF-RS";"DEL11-RS";"UOP01-DEL11-RS"
563276;2023-11-24;"sexta-feira";"13:45:00";"MT";70;35;"BARRA DO GARCAS";"Reação tardia ou ineficiente do condutor";"Saída de leito carroçável";"Com Vítimas Feridas";"Pleno dia";"Decrescente";"Sol";"Simples";"Reta";"Não";5;0;3;1;1;0;4;1;-15,77730648;-52,51907594;"SPRF-MT";"DEL07-MT";"UOP01-DEL07-MT"
563277;2023-11-24;"sexta-feira";"11:00:00";"RJ";40;105;"DUQUE DE CAXIAS";"Ultrapassagem Indevida";"Colisão lateral sentido oposto";"Sem Vítimas";"Pleno dia";"Decrescente";"Chuva";"Múltipla";"Ponte";"Sim";2;0;0;0;2;0;0;2;-22,63784806;-43,28428824;"SPRF-RJ";"DEL01-RJ";"UOP02-DEL01-RJ"
563282;2023-09-25;"segunda-feira";"14:38:00";"MG";40;501;"ESMERALDAS";"Avarias e/ou desgaste excessivo no pneu";"Tombamento";"Com Vítimas Feridas";"Pleno dia";"Decrescente";"Sol";"Dupla";"Reta";"Não";2;0;0;1;0;1;1;1;-19,70735708;-44,16736508;"SPRF-MG";"DEL02-MG";"UOP01-DEL02-MG"
563283;2023-11-05;"domingo";"06:10:00";"RR";174;391;"IRACEMA";"Transitar na contramão";"Colisão lateral sentido oposto";"Com Vítimas Feridas";"Pleno dia";"Crescente";"Céu Claro";"Simples";"Reta";"Não";2;0;0;1;1;0;1;2;2,018215;-61,080246;"SPRF-RR";"DEL01-RR";"UOP01-DEL01-RR"
563284;2023-11-09;"quinta-feira";"21:40:00";"RR";174;518;"BOA VISTA";"Condutor deixou de manter distância do veículo da frente";"Queda de ocupante de veículo";"Com Vítimas Feridas";"Plena Noite";"Decrescente";"Céu Claro";"Simples";"Reta";"Sim";2;0;0;2;0;0;2;2;2,921912;-60,712013;"SPRF-RR";"DEL01-RR";"UOP01-DEL01-RR"
563287;2023-11-24;"sexta-feira";"14:40:00";"PB";230;19;"JOAO PESSOA";"Condutor deixou de manter distância do veículo da frente";"Engavetamento";"Com Vítimas Feridas";"Pleno dia";"Decrescente";"Céu Claro";"Dupla";"Reta";"Sim";6;0;1;0;5;0;1;5;-7,1281;-34,8466;"SPRF-PB";"DEL01-PB";"UOP01-DEL01-PB"
563291;2023-11-24;"sexta-feira";"15:40:00";"MG";381;492;"BETIM";"Condutor deixou de manter distância do veículo da frente";"Colisão traseira";"Com Vítimas Feridas";"Pleno dia";"Decrescente";"Nublado";"Dupla";"Reta";"Sim";2;0;1;0;1;0;1;2;-19,97490091;-44,19004301;"SPRF-MG";"DEL01-MG";"UOP03-DEL01-MG"
563292;2023-11-24;"sexta-feira";"15:00:00";"RJ";101;550;"PARATY";"Velocidade Incompatível";"Tombamento";"Com Vítimas Feridas";"Pleno dia";"Decrescente";"Garoa/Chuvisco";"Simples";"Reta";"Não";1;0;1;0;0;0;1;1;-23,0475;-44,664867;"SPRF-RJ";"DEL03-RJ";"UOP04-DEL03-RJ"
563293;2023-11-24;"sexta-feira";"16:15:00";"PR";277;7;"PARANAGUA";"Condutor deixou de manter distância do veículo da frente";"Colisão traseira";"Com Vítimas Feridas";"Pleno dia";"Crescente";"Nublado";"Dupla";"Reta";"Não";2;0;1;0;1;0;1;2;-25,568198;-48,615292;"SPRF-PR";"DEL01-PR";"UOP05-DEL01-PR"
563295;2023-11-24;"sexta-feira";"07:44:00";"MG";116;537,7;"SANTA RITA DE MINAS";"Desrespeitar a preferência no cruzamento";"Colisão transversal";"Com Vítimas Feridas";"Pleno dia";"Crescente";"Céu Claro";"Simples";"Reta";"Sim";2;0;0;1;1;0;1;2;-19,86620285;-42,1352356;"SPRF-MG";"DEL06-MG";"UOP02-DEL06-MG"
563297;2023-11-24;"sexta-feira";"15:50:00";"SP";116;105;"TAUBATE";"Reação tardia ou ineficiente do condutor";"Capotamento";"Com Vítimas Feridas";"Pleno dia";"Decrescente";"Céu Claro";"Dupla";"Reta";"Não";1;0;0;1;0;0;1;1;-23,00757973;-45,51466613;"SPRF-SP";"DEL02-SP";"UOP02-DEL02-SP"
563298;2023-11-24;"sexta-feira";"16:10:00";"SC";101;207,6;"SAO JOSE";"Acessar a via sem observar a presença dos outros veículos";"Colisão lateral mesmo sentido";"Com Vítimas Feridas";"Pleno dia";"Crescente";"Céu Claro";"Múltipla";"Reta;Interseção de Vias;Aclive";"Sim";3;0;1;0;2;0;1;2;-27,60171566;-48,62810612;"SPRF-SC";"DEL01-SC";"UOP01-DEL01-SC"
563302;2023-11-24;"sexta-feira";"16:30:00";"MG";381;338;"NOVA ERA";"Velocidade Incompatível";"Saída de leito carroçável";"Com Vítimas Feridas";"Pleno dia";"Decrescente";"Chuva";"Simples";"Declive";"Não";2;0;2;0;0;0;2;1;-19,82924241;-43,0894489;"SPRF-MG";"DEL03-MG";"UOP01-DEL03-MG"
563303;2023-11-24;"sexta-feira";"17:15:00";"SC";101;203,5;"SAO JOSE";"Manobra de mudança de faixa";"Colisão lateral mesmo sentido";"Com Vítimas Feridas";"Pleno dia";"Decrescente";"Céu Claro";"Dupla";"Reta;Aclive";"Não";2;0;1;1;0;0;2;2;-27,57171836;-48,61376166;"SPRF-SC";"DEL01-SC";"UOP01-DEL01-SC"
563306;2023-11-24;"sexta-feira";"17:25:00";"PR";369;184,8;"ARAPONGAS";"Acessar a via sem observar a presença dos outros veículos";"Colisão transversal";"Com Vítimas Feridas";"Pleno dia";"Crescente";"Chuva";"Simples";"Interseção de Vias;Retorno Regulamentado;Reta";"Sim";2;0;0;1;1;0;1;2;-23,407501;-51,428076;"SPRF-PR";"DEL07-PR";"UOP03-DEL07-PR"
563308;2023-11-24;"sexta-feira";"17:25:00";"SC";470;55,2;"BLUMENAU";"Ausência de reação do condutor";"Colisão transversal";"Com Vítimas Feridas";"Pleno dia";"Crescente";"Céu Claro";"Simples";"Reta";"Não";2;0;1;0;1;0;1;2;-26,87645018;-49,12119269;"SPRF-SC";"DEL04-SC";"UOP01-DEL04-SC"
563310;2023-11-24;"sexta-feira";"17:45:00";"DF";20;20;"BRASILIA";"Trafegar com motocicleta (ou similar) entre as faixas";"Colisão lateral mesmo sentido";"Com Vítimas Feridas";"Pleno dia";"Crescente";"Céu Claro";"Dupla";"Reta";"Sim";2;0;1;0;1;0;1;2;-15,607905;-47,692791;"SPRF-DF";"DEL02-DF";"UOP01-DEL02-DF"
563311;2023-11-24;"sexta-feira";"10:50:00";"RJ";101;548;"PARATY";"Pista Escorregadia";"Capotamento";"Com Vítimas Feridas";"Pleno dia";"Crescente";"Chuva";"Simples";"Reta";"Não";2;0;1;0;1;0;1;1;-23,04504375;-44,64688182;"SPRF-RJ";"DEL03-RJ";"UOP04-DEL03-RJ"
563313;2023-11-24;"sexta-feira";"18:09:00";"SC";282;16;"PALHOCA";"Conversão proibida";"Colisão transversal";"Com Vítimas Feridas";"Pleno dia";"Crescente";"Céu Claro";"Simples";"Reta";"Não";2;0;1;0;1;0;1;2;-27,658611;-48,681847;"SPRF-SC";"DEL01-SC";"UOP02-DEL01-SC"
563315;2023-11-24;"sexta-feira";"17:35:00";"PI";343;2;"TERESINA";"Ausência de reação do condutor";"Colisão traseira";"Sem Vítimas";"Anoitecer";"Decrescente";"Céu Claro";"Dupla";"Reta";"Sim";2;0;0;0;2;0;0;2;-5,081535;-42,7688863;"SPRF-PI";"DEL05-PI";"UOP01-DEL05-PI"
563316;2023-11-24;"sexta-feira";"18:20:00";"RJ";116;180;"BELFORD ROXO";"Condutor deixou de manter distância do veículo da frente";"Colisão lateral mesmo sentido";"Com Vítimas Feridas";"Pleno dia";"Crescente";"Céu Claro";"Simples";"Reta";"Não";1;0;1;0;0;0;1;1;-22,7651616;-43,4154728;"SPRF-RJ";"DEL01-RJ";"UOP02-DEL01-RJ"
563317;2023-11-24;"sexta-feira";"17:35:00";"PE";101;77,5;"RECIFE";"Retorno proibido";"Colisão traseira";"Com Vítimas Feridas";"Anoitecer";"Decrescente";"Céu Claro";"Dupla";"Reta";"Sim";2;0;1;0;0;1;1;2;-8,131123;-34,945157;"SPRF-PE";"DEL01-PE";"UOP01-DEL01-PE"
563318;2023-11-24;"sexta-feira";"17:50:00";"SC";101;204,4;"SAO JOSE";"Manobra de mudança de faixa";"Colisão lateral mesmo sentido";"Com Vítimas Feridas";"Anoitecer";"Crescente";"Nublado";"Dupla";"Reta";"Sim";2;0;1;0;1;0;1;2;-27,57413014;-48,61363083;"SPRF-SC";"DEL01-SC";"UOP01-DEL01-SC"
563319;2023-11-24;"sexta-feira";"16:40:00";"PE";232;69;"GRAVATA";"Demais falhas mecânicas ou elétricas";"Colisão com objeto";"Sem Vítimas";"Pleno dia";"Crescente";"Céu Claro";"Dupla";"Reta";"Não";2;0;0;0;2;0;0;1;-8,17240309;-35,47993595;"SPRF-PE";"DEL02-PE";"UOP02-DEL02PE"
563320;2023-11-24;"sexta-feira";"17:25:00";"PR";376;600;"CURITIBA";"Trafegar com motocicleta (ou similar) entre as faixas";"Colisão traseira";"Com Vítimas Feridas";"Pleno dia";"Crescente";"Nublado";"Dupla";"Reta";"Sim";3;0;1;0;2;0;1;2;-25,537054;-49,31404;"SPRF-PR";"DEL01-PR";"UOP06-DEL01-PR"
563321;2023-11-24;"sexta-feira";"17:28:00";"SC";163;74,3;"SAO MIGUEL DO OESTE";"Acessar a via sem observar a presença dos outros veículos";"Colisão transversal";"Com Vítimas Feridas";"Pleno dia";"Decrescente";"Céu Claro";"Simples";"Reta";"Sim";3;0;2;0;1;0;2;2;-26,69884073;-53,51439893;"SPRF-SC";"DEL07-SC";"UOP03-DEL07-SC"
563322;2023-11-24;"sexta-feira";"18:20:00";"MG";381;801,8;"SAO GONCALO DO SAPUCAI";"Acumulo de água sobre o pavimento";"Saída de leito carroçável";"Com Vítimas Feridas";"Plena Noite";"Decrescente";"Chuva";"Dupla";"Reta";"Não";1;0;1;0;0;0;1;1;-21,94098985;-45,61722658;"SPRF-MG";"DEL16-MG";"UOP02-DEL16-MG"