"id";"data_inversa";"dia_semana";"horario";"uf";"br";"km";"municipio";"causa_acidente";"tipo_acidente";"classificacao_acidente";"fase_dia";"sentido_via";"condicao_metereologica";"tipo_pista";"tracado_via";"uso_solo";"pessoas";"mortos";"feridos_leves";"feridos_graves";"ilesos";"ignorados";"feridos";"veiculos";"latitude";"longitude";"regional";"delegacia";"uop"
563323;2023-11-24;"sexta-feira";"18:50:00";"MG";381;489;"BETIM";"Frear bruscamente";"Engavetamento";"Com Vítimas Feridas";"Plena Noite";"Decrescente";"Céu Claro";"Dupla";"Aclive;Reta";"Sim";5;0;1;0;4;0;1;3;-19,96245618;-44,16455495;"SPRF-MG";"DEL01-MG";"UOP03-DEL01-MG"
563324;2023-11-24;"sexta-feira";"18:30:00";"SP";116;142;"SAO JOSE DOS CAMPOS";"Reação tardia ou ineficiente do condutor";"Colisão lateral mesmo sentido";"Com Vítimas Feridas";"Plena Noite";"Decrescente";"Nublado";"Dupla";"Reta";"Sim";2;0;1;0;1;0;1;2;-23,17426078;-45,82940111;"SPRF-SP";"DEL02-SP";"UOP01-DEL02-SP"
563326;2023-11-24;"sexta-feira";"18:00:00";"SP";116;215,7;"GUARULHOS";"Manobra de mudança de faixa";"Colisão traseira";"Com Vítimas Feridas";"Anoitecer";"Decrescente";"Garoa/Chuvisco";"Múltipla";"Reta";"Não";2;0;1;0;1;0;1;2;-23,44695693;-46,45394103;"SPRF-SP";"DEL01-SP";"UOP01-DEL01-SP"
563327;2023-11-24;"sexta-feira";"18:00:00";"RS";470;232;"CARLOS BARBOSA";"Condutor deixou de manter distância do veículo da frente";"Colisão lateral mesmo sentido";"Com Vítimas Feridas";"Pleno dia";"Decrescente";"Céu Claro";"Dupla";"Reta";"Não";2;0;1;0;1;0;1;2;-29,23579206;-51,51193423;"SPRF-RS";"DEL06-RS";"UOP01-DEL06-RS"
563328;2023-11-24;"sexta-feira";"19:00:00";"RS";116;234;"ESTANCIA VELHA";"Ingestão de álcool pelo condutor";"Colisão traseira";"Sem Vítimas";"Anoitecer";"Crescente";"Céu Claro";"Simples";"Reta";"Sim";3;0;0;0;3;0;0;2;-29,65121313;-51,1444433;"SPRF-RS";"DEL01-RS";"UOP02-DEL01-RS"
563329;2023-11-24;"sexta-feira";"17:45:00";"MG";116;414;"GOVERNADOR VALADARES";"Acessar a via sem observar a presença dos outros veículos";"Colisão transversal";"Com Vítimas Feridas";"Pleno dia";"Crescente";"Céu Claro";"Simples";"Interseção de Vias";"Sim";2;0;1;0;1;0;1;2;-18,88102703;-41,95910802;"SPRF-MG";"DEL06-MG";"UOP01-DEL06-MG"
563331;2023-11-08;"quarta-feira";"21:15:00";"PR";277;718,6;"FOZ DO IGUACU";"Pedestre andava na pista";"Atropelamento de Pedestre";"Com Vítimas Fatais";"Plena Noite";"Decrescente";"Céu Claro";"Dupla";"Declive;Reta";"Não";6;1;0;0;5;0;0;2;-25,48013487;-54,48530406;"SPRF-PR";"DEL05-PR";"UOP03-DEL05-PR"
563332;2023-11-24;"sexta-feira";"19:00:00";"SC";101;134;"BALNEARIO CAMBORIU";"Condutor deixou de manter distância do veículo da frente";"Colisão lateral mesmo sentido";"Com Vítimas Feridas";"Plena Noite";"Crescente";"Nublado";"Simples";"Interseção de Vias";"Sim";3;0;2;0;1;0;2;2;-27,02397426;-48,60761649;"SPRF-SC";"DEL04-SC";"UOP03-DEL04-SC"
563333;2023-11-24;"sexta-feira";"18:08:00";"MA";222;675;"ACAILANDIA";"Manobra de mudança de faixa";"Colisão frontal";"Com Vítimas Feridas";"Anoitecer";"Crescente";"Céu Claro";"Simples";"Reta";"Sim";2;0;0;1;1;0;1;2;-4,93859094;-47,46131504;"SPRF-MA";"DEL04-MA";"UOP03-DEL04-MA"
563334;2023-11-24;"sexta-feira";"18:58:00";"TO";10;453;"PALMAS";"Condutor deixou de manter distância do veículo da frente";"Colisão traseira";"Sem Vítimas";"Plena Noite";"Decrescente";"Céu Claro";"Dupla";"Reta";"Sim";5;0;0;0;5;0;0;3;-10,32594;-48,29772;"SPRF-TO";"DEL01-TO";"UOP03-DEL01-TO"
563338;2023-11-24;"sexta-feira";"16:15:00";"MG";116;701;"MURIAE";"Acessar a via sem observar a presença dos outros veículos";"Colisão transversal";"Com Vítimas Feridas";"Pleno dia";"Crescente";"Chuva";"Simples";"Curva;Interseção de Vias";"Sim";3;0;0;2;1;0;2;2;-21,11084891;-42,3806104;"SPRF-MG";"DEL07-MG";"UOP02-DEL07-MG"
563339;2023-11-24;"sexta-feira";"16:15:00";"MG";262;38,1;"MANHUACU";"Acessar a via sem observar a presença dos outros veículos";"Colisão frontal";"Com Vítimas Feridas";"Pleno dia";"Decrescente";"Céu Claro";"Simples";"Reta";"Sim";4;0;2;0;2;0;2;2;-20,26305859;-42,03684948;"SPRF-MG";"DEL06-MG";"UOP03-DEL06-MG"
563342;2023-11-24;"sexta-feira";"18:35:00";"CE";116;11;"FORTALEZA";"Entrada inopinada do pedestre";"Atropelamento de Pedestre";"Com Vítimas Fatais";"Plena Noite";"Decrescente";"Céu Claro";"Múltipla";"Reta";"Sim";3;1;1;0;1;0;1;2;-3,84189596;-38,49970568;"SPRF-CE";"DEL01-CE";"UOP02-DEL01-CE"
563343;2023-11-24;"sexta-feira";"19:00:00";"BA";410;1;"RIBEIRA DO POMBAL";"Animais na Pista";"Atropelamento de Animal";"Com Vítimas Feridas";"Plena Noite";"Crescente";"Céu Claro";"Simples";"Declive";"Sim";1;0;0;1;0;0;1;1;-10,81977994;-38,53734704;"SPRF-BA";"DEL07-BA";"UOP02-DEL07-BA"
563344;2023-11-24;"sexta-feira";"18:35:00";"MS";376;138,5;"IVINHEMA";"Manobra de mudança de faixa";"Colisão lateral sentido oposto";"Com Vítimas Feridas";"Plena Noite";"Crescente";"Nublado";"Simples";"Reta";"Não";2;0;1;1;0;0;2;2;-22,38308887;-53,66383094;"SPRF-MS";"DEL04-MS";"UOP04-DEL04-MS"
563345;2023-11-24;"sexta-feira";"18:30:00";"RS";448;3;"ESTEIO";"Demais falhas mecânicas ou elétricas";"Incêndio";"Sem Vítimas";"Anoitecer";"Crescente";"Céu Claro";"Dupla";"Reta";"Não";1;0;0;0;1;0;0;1;-29,846483;-51,206802;"SPRF-RS";"DEL01-RS";"UOP02-DEL01-RS"
563346;2023-11-24;"sexta-feira";"17:45:00";"ES";101;274,6;"SERRA";"Reação tardia ou ineficiente do condutor";"Colisão transversal";"Com Vítimas Feridas";"Anoitecer";"Crescente";"Nublado";"Dupla";"Reta";"Sim";3;0;1;0;1;1;1;3;-20,21288515;-40,29612219;"SPRF-ES";"DEL02-ES";"UOP01-DEL02-ES"
563347;2023-11-24;"sexta-feira";"18:30:00";"MG";262;489;"BOM DESPACHO";"Chuva";"Saída de leito carroçável";"Sem Vítimas";"Pleno dia";"Crescente";"Chuva";"Simples";"Reta";"Não";1;0;0;0;1;0;0;1;-19,78355236;-45,33245703;"SPRF-MG";"DEL08-MG";"UOP03-DEL08-MG"
563348;2023-11-24;"sexta-feira";"17:30:00";"PI";343;589;"FLORIANO";"Acessar a via sem observar a presença dos outros veículos";"Colisão transversal";"Com Vítimas Feridas";"Anoitecer";"Decrescente";"Céu Claro";"Simples";"Declive;Reta;Interseção de Vias";"Sim";2;0;1;0;0;1;1;2;-6,776695;-43,009346;"SPRF-PI";"DEL03-PI";"UOP01-DEL03-PI"
563349;2023-11-24;"sexta-feira";"19:10:00";"PI";316;30;"DEMERVAL LOBAO";"Demais falhas na via";"Colisão frontal";"Com Vítimas Feridas";"Plena Noite";"Crescente";"Céu Claro";"Dupla";"Em Obras";"Sim";2;0;0;1;1;0;1;2;-5,33309;-42,69755301;"SPRF-PI";"DEL01-PI";"UOP02-DEL01-PI"
563352;2023-11-24;"sexta-feira";"18:40:00";"MG";40;531,8;"CONTAGEM";"Manobra de mudança de faixa";"Colisão lateral mesmo sentido";"Com Vítimas Feridas";"Plena Noite";"Decrescente";"Garoa/Chuvisco";"Dupla";"Retorno Regulamentado;Curva";"Sim";3;0;3;0;0;0;3;2;-19,91962483;-44,02522683;"SPRF-MG";"DEL01-MG";"UOP02-DEL01-MG"
563353;2023-11-24;"sexta-feira";"20:15:00";"PA";10;354;"SANTA MARIA DO PARA";"Ausência de reação do condutor";"Atropelamento de Pedestre";"Com Vítimas Feridas";"Plena Noite";"Decrescente";"Céu Claro";"Simples";"Reta";"Sim";2;0;1;0;1;0;1;2;-1,34759789;-47,57735696;"SPRF-PA";"DEL01-PA";"UOP02-DEL01-PA"
563354;2023-11-24;"sexta-feira";"18:00:00";"PR";116;115;"CURITIBA";"Trafegar com motocicleta (ou similar) entre as faixas";"Colisão traseira";"Com Vítimas Feridas";"Plena Noite";"Decrescente";"Garoa/Chuvisco";"Dupla";"Reta";"Sim";2;0;1;0;1;0;1;2;-25,55953326;-49,26560414;"SPRF-PR";"DEL01-PR";"UOP07-DEL01-PR"
563355;2023-11-24;"sexta-feira";"20:30:00";"MG";50;31,7;"ARAGUARI";"Ingestão de álcool pelo condutor";"Colisão com objeto";"Com Vítimas Feridas";"Plena Noite";"Decrescente";"Nublado";"Dupla";"Reta;Declive";"Não";1;0;1;0;0;0;1;1;-18,62419107;-48,11705236;"SPRF-MG";"DEL15-MG";"UOP02-DEL15-MG"
563356;2023-11-24;"sexta-feira";"19:45:00";"TO";153;496;"PARAISO DO TOCANTINS";"Ultrapassagem Indevida";"Colisão lateral mesmo sentido";"Com Vítimas Feridas";"Plena Noite";"Crescente";"Céu Claro";"Simples";"Reta";"Sim";3;0;1;0;2;0;1;2;-10,16527794;-48,88094578;"SPRF-TO";"DEL01-TO";"UOP01-DEL01-TO"
563357;2023-11-24;"sexta-feira";"20:30:00";"SC";101;205;"SAO JOSE";"Reação tardia ou ineficiente do condutor";"Colisão traseira";"Sem Vítimas";"Plena Noite";"Crescente";"Céu Claro";"Dupla";"Reta";"Sim";2;0;0;0;2;0;0;2;-27,58420761;-48,6155802;"SPRF-SC";"DEL01-SC";"UOP01-DEL01-SC"
563358;2023-11-24;"sexta-feira";"18:20:00";"SC";101;441,6;"SANTA ROSA DO SUL";"Reação tardia ou ineficiente do condutor";"Colisão lateral mesmo sentido";"Com Vítimas Feridas";"Anoitecer";"Crescente";"Nublado";"Múltipla";"Reta;Declive;Viaduto";"Não";3;0;2;0;1;0;2;3;-29,12997119;-49,68704224;"SPRF-SC";"DEL02-SC";"UOP02-DEL02-SC"
563359;2023-11-24;"sexta-feira";"10:00:00";"RO";319;54;"PORTO VELHO";"Ausência de reação do condutor";"Saída de leito carroçável";"Com Vítimas Fatais";"Pleno dia";"Crescente";"Nublado";"Simples";"Curva";"Não";1;1;0;0;0;0;0;1;-8,74350592;-63,94936497;"SPRF-RO";"DEL01-RO";"UOP01-DEL01-RO"
563360;2023-11-24;"sexta-feira";"19:45:00";"SC";163;68,6;"SAO MIGUEL DO OESTE";"Desrespeitar a preferência no cruzamento";"Colisão transversal";"Com Vítimas Feridas";"Plena Noite";"Decrescente";"Céu Claro";"Dupla";"Aclive;Reta";"Não";2;0;2;0;0;0;2;2;-26,75038301;-53,50086841;"SPRF-SC";"DEL07-SC";"UOP03-DEL07-SC"
563361;2023-11-24;"sexta-feira";"19:59:00";"PE";101;1;"GOIANA";"Ausência de sinalização";"Colisão lateral mesmo sentido";"Com Vítimas Feridas";"Plena Noite";"Crescente";"Céu Claro";"Dupla";"Interseção de Vias;Curva;Em Obras";"Não";3;0;1;0;2;0;1;2;-7,504116;-34,986093;"SPRF-PE";"DEL01-PE";"UOP02-DEL01-PE"
563362;2023-11-24;"sexta-feira";"20:30:00";"RS";392;55,9;"RIO GRANDE";"Animais na Pista";"Atropelamento de Animal";"Com Vítimas Feridas";"Plena Noite";"Crescente";"Céu Claro";"Dupla";"Reta";"Não";2;0;0;2;0;0;2;1;-31,82930395;-52,32858415;"SPRF-RS";"DEL07-RS";"UOP02-DEL07-RS"
563363;2023-11-24;"sexta-feira";"19:30:00";"PE";408;98,4;"SAO LOURENCO DA MATA";"Frear bruscamente";"Colisão traseira";"Com Vítimas Feridas";"Plena Noite";"Decrescente";"Céu Claro";"Dupla";"Reta";"Não";2;0;1;0;1;0;1;2;-8,03598572;-35,03218461;"SPRF-PE";"DEL01-PE";"UOP01-DEL01-PE"
563364;2023-11-24;"sexta-feira";"20:40:00";"MG";262;99;"ABRE CAMPO";"Ausência de reação do condutor";"Atropelamento de Pedestre";"Com Vítimas Fatais";"Plena Noite";"Crescente";"Céu Claro";"Simples";"Curva";"Não";2;1;0;0;1;0;0;2;-20,29069669;-42,49704413;"SPRF-MG";"DEL03-MG";"UOP03-DEL03-MG"
563365;2023-11-24;"sexta-feira";"20:40:00";"RJ";101;140;"MACAE";"Ausência de reação do condutor";"Colisão traseira";"Com Vítimas Feridas";"Plena Noite";"Crescente";"Garoa/Chuvisco";"Dupla";"Reta";"Não";1;0;1;0;0;0;1;1;-22,178706;-41,74910424;"SPRF-RJ";"DEL08-RJ";"UOP04-DEL08-RJ"
563366;2023-11-24;"sexta-feira";"20:50:00";"PR";277;718,5;"FOZ DO IGUACU";"Reação tardia ou ineficiente do condutor";"Saída de leito carroçável";"Com Vítimas Feridas";"Plena Noite";"Crescente";"Céu Claro";"Dupla";"Reta";"Não";4;0;2;0;2;0;2;1;-25,48013487;-54,48530406;"SPRF-PR";"DEL05-PR";"UOP03-DEL05-PR"
563367;2023-11-24;"sexta-feira";"21:35:00";"RS";116;519,6;"PELOTAS";"Mal súbito do condutor";"Queda de ocupante de veículo";"Com Vítimas Feridas";"Plena Noite";"Crescente";"Céu Claro";"Dupla";"Reta";"Sim";1;0;1;0;0;0;1;1;-31,69369368;-52,35458934;"SPRF-RS";"DEL07-RS";"UOP01-DEL07-RS"
563368;2023-11-24;"sexta-feira";"21:30:00";"ES";262;39,8;"DOMINGOS MARTINS";"Transitar na contramão";"Colisão frontal";"Com Vítimas Fatais";"Plena Noite";"Crescente";"Chuva";"Simples";"Curva;Aclive";"Não";2;1;0;0;1;0;0;2;-20,3802679;-40,63000864;"SPRF-ES";"DEL01-ES";"UOP01-DEL01-ES"
563369;2023-11-24;"sexta-feira";"18:50:00";"RJ";101;407;"ITAGUAI";"Ausência de reação do condutor";"Colisão traseira";"Com Vítimas Feridas";"Plena Noite";"Crescente";"Nublado";"Dupla";"Viaduto";"Não";4;0;0;1;2;1;1;3;-22,87672058;-43,81631971;"SPRF-RJ";"DEL03-RJ";"UOP01-DEL03-RJ"
563374;2023-11-24;"sexta-feira";"22:00:00";"SP";116;212,2;"GUARULHOS";"Reação tardia ou ineficiente do condutor";"Colisão com objeto";"Com Vítimas Feridas";"Plena Noite";"Decrescente";"Garoa/Chuvisco";"Múltipla";"Reta";"Sim";3;0;2;0;0;1;2;2;-23,43851458;-46,43400979;"SPRF-SP";"DEL01-SP";"UOP01-DEL01-SP"
563375;2023-11-24;"sexta-feira";"21:20:00";"TO";0;0;"PORTO NACIONAL";"Animais na Pista";"Atropelamento de Animal";"Sem Vítimas";"Plena Noite";"Não Informado";"Céu Claro";"Simples";"Reta";"Não";2;0;0;0;2;0;0;1;-10,74499;-48,399322;"SPRF-TO";"DEL01-TO";"UOP03-DEL01-TO"
563376;2023-11-24;"sexta-feira";"22:30:00";"RJ";493;24;"MAGE";"Ausência de reação do condutor";"Queda de ocupante de veículo";"Com Vítimas Feridas";"Plena Noite";"Decrescente";"Nevoeiro/Neblina";"Simples";"Reta";"Sim";1;0;1;0;0;0;1;1;-22,65715069;-43,07072902;"SPRF-RJ";"DEL04-RJ";"UOP02-DEL04-RJ"
563378;2023-11-24;"sexta-feira";"21:50:00";"PE";423;72;"JUPI";"Ingestão de álcool ou de substâncias psicoativas pelo pedestre";"Atropelamento de Pedestre";"Com Vítimas Feridas";"Plena Noite";"Crescente";"Céu Claro";"Simples";"Reta";"Não";3;0;1;0;2;0;1;2;-8,70118191;-36,4154612;"SPRF-PE";"DEL03-PE";"UOP01-DEL03-PE"
563379;2023-11-24;"sexta-feira";"22:55:00";"SC";470;47,7;"BLUMENAU";"Ingestão de álcool pelo condutor";"Colisão traseira";"Com Vítimas Feridas";"Plena Noite";"Crescente";"Nublado";"Simples";"Reta";"Não";2;0;1;0;1;0;1;2;-26,86141045;-49,0519725;"SPRF-SC";"DEL04-SC";"UOP01-DEL04-SC"
563381;2023-11-24;"sexta-feira";"23:20:00";"SC";101;39,1;"JOINVILLE";"Trafegar com motocicleta (ou similar) entre as faixas";"Colisão lateral mesmo sentido";"Com Vítimas Feridas";"Plena Noite";"Crescente";"Nublado";"Dupla";"Declive;Curva";"Não";3;0;1;0;1;1;1;3;-26,302272;-48,882976;"SPRF-SC";"DEL03-SC";"UOP01-DEL03-SC"
563384;2023-11-24;"sexta-feira";"23:00:00";"RJ";493;86;"JAPERI";"Ausência de reação do condutor";"Saída de leito carroçável";"Com Vítimas Feridas";"Plena Noite";"Decrescente";"Nublado";"Dupla";"Reta";"Não";1;0;1;0;0;0;1;1;-22,66135759;-43,62193465;"SPRF-RJ";"DEL01-RJ";"UOP03-DEL01-RJ"
563385;2023-11-24;"sexta-feira";"23:55:00";"RS";386;398,4;"TRIUNFO";"Condutor Dormindo";"Saída de leito carroçável";"Sem Vítimas";"Plena Noite";"Decrescente";"Nublado";"Dupla";"Reta";"Não";3;0;0;0;3;0;0;1;-29,743687;-51,617054;"SPRF-RS";"DEL04-RS";"UOP02-DEL04-RS"
563386;2023-11-25;"sábado";"00:20:00";"CE";116;14;"FORTALEZA";"Condutor deixou de manter distância do veículo da frente";"Colisão traseira";"Com Vítimas Feridas";"Plena Noite";"Decrescente";"Céu Claro";"Múltipla";"Reta";"Não";3;0;1;1;1;0;2;2;-3,86973356;-38,49827361;"SPRF-CE";"DEL01-CE";"UOP02-DEL01-CE"
563390;2023-11-24;"sexta-feira";"23:00:00";"SC";282;643,2;"SAO MIGUEL DO OESTE";"Ingestão de álcool pelo condutor";"Colisão lateral sentido oposto";"Com Vítimas Feridas";"Plena Noite";"Crescente";"Céu Claro";"Simples";"Reta;Declive";"Não";2;0;1;0;0;1;1;2;-26,76971361;-53,47290516;"SPRF-SC";"DEL07-SC";"UOP03-DEL07-SC"
563392;2023-11-24;"sexta-feira";"23:00:00";"GO";153;208;"URUACU";"Animais na Pista";"Atropelamento de Animal";"Com Vítimas Feridas";"Plena Noite";"Crescente";"Céu Claro";"Simples";"Aclive";"Não";3;0;1;0;2;0;1;1;-14,586481;-49,161167;"SPRF-GO";"DEL07-GO";"UOP02-DEL07-GO"
563393;2023-11-25;"sábado";"01:45:00";"GO";60;388;"RIO VERDE";"Ingestão de álcool pelo condutor";"Queda de ocupante de veículo";"Com Vítimas Feridas";"Plena Noite";"Decrescente";"Céu Claro";"Simples";"Declive";"Sim";1;0;0;1;0;0;1;1;-17,8151;-50,9343;"SPRF-GO";"DEL04-GO";"UOP02-DEL04-GO"
563395;2023-11-24;"sexta-feira";"23:00:00";"BA";410;17;"TUCANO";"Ausência de reação do condutor";"Capotamento";"Com Vítimas Feridas";"Plena Noite";"Decrescente";"Céu Claro";"Simples";"Reta";"Não";2;0;2;0;0;0;2;1;-10,898951;-38,667236;"SPRF-BA";"DEL07-BA";"UOP02-DEL07-BA"
563398;2023-11-25;"sábado";"00:30:00";"PA";230;124;"MARABA";"Ausência de reação do condutor";"Colisão com objeto";"Com Vítimas Fatais";"Pleno dia";"Crescente";"Céu Claro";"Simples";"Reta";"Sim";1;1;0;0;0;0;0;1;-5,37407079;-49,13575802;"SPRF-PA";"DEL03-PA";"UOP01-DEL03-PA"
563399;2023-11-25;"sábado";"00:01:00";"SC";116;271;"CAPAO ALTO";"Demais falhas mecânicas ou elétricas";"Incêndio";"Sem Vítimas";"Plena Noite";"Crescente";"Céu Claro";"Simples";"Reta";"Não";1;0;0;0;0;1;0;1;-27,97707988;-50,50914813;"SPRF-SC";"DEL05-SC";"UOP02-DEL05-SC"
563401;2023-11-25;"sábado";"00:30:00";"SC";101;183,8;"BIGUACU";"Velocidade Incompatível";"Colisão traseira";"Com Vítimas Fatais";"Plena Noite";"Crescente";"Nublado";"Dupla";"Reta";"Não";6;1;2;0;3;0;2;3;-27,41244865;-48,627411;"SPRF-SC";"DEL01-SC";"UOP01-DEL01-SC"
563402;2023-11-25;"sábado";"02:19:00";"SC";101;316;"PESCARIA BRAVA";"Pedestre cruzava a pista fora da faixa";"Atropelamento de Pedestre";"Com Vítimas Fatais";"Plena Noite";"Decrescente";"Céu Claro";"Dupla";"Reta;Aclive";"Não";2;1;0;0;0;1;0;2;-28,4256736;-48,8581821;"SPRF-SC";"DEL02-SC";"UOP01-DEL02-SC"
563403;2023-11-12;"domingo";"16:30:00";"SC";101;63;"ARAQUARI";"Condutor deixou de manter distância do veículo da frente";"Engavetamento";"Com Vítimas Feridas";"Pleno dia";"Decrescente";"Sol";"Múltipla";"Viaduto";"Não";4;0;1;0;3;0;1;3;-26,45898367;-48,7584088;"SPRF-SC";"DEL03-SC";"UOP02-DEL03-SC"
563405;2023-11-25;"sábado";"03:00:00";"RS";116;477,8;"TURUCU";"Reação tardia ou ineficiente do condutor";"Capotamento";"Sem Vítimas";"Plena Noite";"Crescente";"Céu Claro";"Dupla";"Desvio Temporário;Em Obras";"Não";1;0;0;0;0;1;0;1;-31,38161704;-52,12712598;"SPRF-RS";"DEL07-RS";"UOP01-DEL07-RS"
563406;2023-11-25;"sábado";"03:00:00";"MA";135;1;"SAO LUIS";"Reação tardia ou ineficiente do condutor";"Colisão lateral mesmo sentido";"Com Vítimas Feridas";"Plena Noite";"Crescente";"Céu Claro";"Dupla";"Reta";"Sim";3;0;2;0;1;0;2;3;-2,58917895;-44,24423719;"SPRF-MA";"DEL01-MA";"UOP01-DEL01-MA"
563408;2023-11-25;"sábado";"03:35:00";"MG";381;835,5;"SAO SEBASTIAO DA BELA VISTA";"Ausência de reação do condutor";"Colisão com objeto";"Com Vítimas Fatais";"Plena Noite";"Crescente";"Nublado";"Dupla";"Reta;Aclive";"Não";68;1;15;8;44;0;23;2;-22,12813;-45,801968;"SPRF-MG";"DEL16-MG";"UOP01-DEL16-MG"
563409;2023-11-25;"sábado";"02:20:00";"MG";262;666,5;"IBIA";"Condutor Dormindo";"Saída de leito carroçável";"Com Vítimas Feridas";"Plena Noite";"Crescente";"Céu Claro";"Simples";"Reta";"Não";2;0;2;0;0;0;2;1;-19,55277104;-46,79036051;"SPRF-MG";"DEL08-MG";"UOP01-DEL08-MG"
563412;2023-11-25;"sábado";"04:00:00";"RS";158;326;"SANTA MARIA";"Ausência de reação do condutor";"Colisão traseira";"Com Vítimas Feridas";"Plena Noite";"Crescente";"Céu Claro";"Dupla";"Rotatória";"Sim";2;0;1;0;1;0;1;2;-29,71466308;-53,8105309;"SPRF-RS";"DEL09-RS";"UOP01-DEL09-RS"
563413;2023-11-25;"sábado";"03:40:00";"PR";476;120;"COLOMBO";"Reação tardia ou ineficiente do condutor";"Atropelamento de Pedestre";"Com Vítimas Feridas";"Plena Noite";"Crescente";"Garoa/Chuvisco";"Dupla";"Reta";"Sim";2;0;1;0;1;0;1;2;-25,37027768;-49,19032395;"SPRF-PR";"DEL01-PR";"UOP01-DEL01-PR"
563414;2023-10-19;"quinta-feira";"18:50:00";"RJ";101;318;"NITEROI";"Demais falhas mecânicas ou elétricas";"Incêndio";"Sem Vítimas";"Plena Noite";"Crescente";"Céu Claro";"Dupla";"Reta;Retorno Regulamentado;Declive";"Sim";1;0;0;0;1;0;0;1;-22,84562994;-43,09841211;"SPRF-RJ";"DEL02-RJ";"UOP02-DEL02-RJ"
563415;2023-11-25;"sábado";"04:20:00";"RN";101;154;"GOIANINHA";"Velocidade Incompatível";"Colisão traseira";"Com Vítimas Feridas";"Amanhecer";"Crescente";"Céu Claro";"Dupla";"Reta";"Sim";3;0;2;0;0;1;2;2;-6,3250942;-35,17882034;"SPRF-RN";"DEL01-RN";"UOP01-DEL01-RN"
563419;2023-11-25;"sábado";"05:00:00";"SC";101;203,9;"SAO JOSE";"Ingestão de álcool pelo condutor";"Colisão com objeto";"Com Vítimas Feridas";"Amanhecer";"Decrescente";"Céu Claro";"Múltipla";"Interseção de Vias;Viaduto";"Sim";1;0;1;0;0;0;1;1;-27,5650044;-48,61460082;"SPRF-SC";"DEL01-SC";"UOP01-DEL01-SC"
563420;2023-11-25;"sábado";"05:00:00";"RJ";116;181;"NOVA IGUACU";"Ultrapassagem Indevida";"Colisão lateral mesmo sentido";"Sem Vítimas";"Pleno dia";"Decrescente";"Céu Claro";"Múltipla";"Reta";"Sim";3;0;0;0;1;2;0;2;-22,761312;-43,423492;"SPRF-RJ";"DEL01-RJ";"UOP02-DEL01-RJ"
563423;2023-11-25;"sábado";"06:30:00";"MG";50;177;"UBERABA";"Ausência de reação do condutor";"Saída de leito carroçável";"Sem Vítimas";"Pleno dia";"Crescente";"Céu Claro";"Dupla";"Reta;Aclive";"Sim";1;0;0;0;0;1;0;1;-19,77959647;-47,94629931;"SPRF-MG";"DEL13-MG";"UOP01-DEL13-MG"
563424;2023-11-25;"sábado";"06:00:00";"RJ";465;22;"RIO DE JANEIRO";"Ausência de reação do condutor";"Colisão traseira";"Com Vítimas Feridas";"Pleno dia";"Decrescente";"Céu Claro";"Simples";"Reta";"Sim";2;0;1;0;1;0;1;2;-22,863579;-43,601479;"SPRF-RJ";"DEL03-RJ";"UOP01-DEL03-RJ"
563425;2023-11-25;"sábado";"04:50:00";"RJ";465;20;"NOVA IGUACU";"Transitar na contramão";"Colisão frontal";"Com Vítimas Feridas";"Amanhecer";"Crescente";"Nublado";"Simples";"Reta";"Sim";2;0;0;1;1;0;1;2;-22,846828;-43,605339;"SPRF-RJ";"DEL03-RJ";"UOP01-DEL03-RJ"
563426;2023-11-25;"sábado";"05:40:00";"ES";101;39;"CONCEICAO DA BARRA";"Reação tardia ou ineficiente do condutor";"Tombamento";"Com Vítimas Feridas";"Pleno dia";"Crescente";"Céu Claro";"Simples";"Reta";"Não";1;0;1;0;0;0;1;1;-18,49121094;-39,92115983;"SPRF-ES";"DEL04-ES";"UOP02-DEL04-ES"
563446;2023-11-25;"sábado";"06:15:00";"SC";282;522,2;"XAXIM";"Manobra de mudança de faixa";"Colisão lateral mesmo sentido";"Com Vítimas Feridas";"Pleno dia";"Crescente";"Céu Claro";"Simples";"Reta";"Sim";4;0;0;2;2;0;2;2;-26,956238;-52,542637;"SPRF-SC";"DEL07-SC";"UOP01-DEL07-SC"
563447;2023-11-25;"sábado";"05:35:00";"SC";280;122;"SAO BENTO DO SUL";"Condutor Dormindo";"Colisão com objeto";"Com Vítimas Feridas";"Amanhecer";"Crescente";"Céu Claro";"Simples";"Rotatória;Interseção de Vias";"Sim";2;0;1;0;1;0;1;1;-26,24578645;-49,46013808;"SPRF-SC";"DEL06-SC";"UOP03-DEL06-SC"
563454;2023-11-25;"sábado";"06:30:00";"SP";116;270;"TABOAO DA SERRA";"Ausência de reação do condutor";"Tombamento";"Sem Vítimas";"Pleno dia";"Decrescente";"Céu Claro";"Múltipla";"Reta";"Sim";1;0;0;0;1;0;0;1;-23,61799728;-46,79677694;"SPRF-SP";"DEL04-SP";"UOP01-DEL04-SP"
563455;2023-11-25;"sábado";"06:00:00";"PR";376;163,8;"MARINGA";"Ausência de reação do condutor";"Colisão com objeto";"Com Vítimas Feridas";"Pleno dia";"Crescente";"Nublado";"Dupla";"Reta";"Não";1;0;0;1;0;0;1;1;-23,38150629;-52,03480212;"SPRF-PR";"DEL09-PR";"UOP01-DEL09-PR"
563456;2023-11-24;"sexta-feira";"20:30:00";"MS";163;254;"DOURADOS";"Estacionar ou parar em local proibido";"Colisão traseira";"Sem Vítimas";"Plena Noite";"Crescente";"Chuva";"Dupla";"Aclive;Reta";"Não";3;0;0;0;3;0;0;2;-22,27184267;-54,81657129;"SPRF-MS";"DEL04-MS";"UOP01-DEL04-MS"