"id";"data_inversa";"dia_semana";"horario";"uf";"br";"km";"municipio";"causa_acidente";"tipo_acidente";"classificacao_acidente";"fase_dia";"sentido_via";"condicao_metereologica";"tipo_pista";"tracado_via";"uso_solo";"pessoas";"mortos";"feridos_leves";"feridos_graves";"ilesos";"ignorados";"feridos";"veiculos";"latitude";"longitude";"regional";"delegacia";"uop"
563567;2023-11-21;"terça-feira";"11:45:00";"SP";381;61;"MAIRIPORA";"Ausência de reação do condutor";"Queda de ocupante de veículo";"Com Vítimas Feridas";"Pleno dia";"Crescente";"Céu Claro";"Dupla";"Declive;Reta";"Não";1;0;0;1;0;0;1;1;-23,29011611;-46,5800681;"SPRF-SP";"DEL03-SP";"UOP01-DEL03-SP"
563568;2023-11-25;"sábado";"18:30:00";"MG";40;380;"CURVELO";"Velocidade Incompatível";"Saída de leito carroçável";"Com Vítimas Feridas";"Anoitecer";"Decrescente";"Céu Claro";"Simples";"Reta";"Não";1;0;1;0;0;0;1;1;-18,87668502;-44,72217602;"SPRF-MG";"DEL02-MG";"UOP01-DEL02-MG"
563569;2023-11-25;"sábado";"14:55:00";"RJ";101;424;"MANGARATIBA";"Chuva";"Saída de leito carroçável";"Sem Vítimas";"Pleno dia";"Crescente";"Chuva";"Simples";"Curva";"Não";2;0;0;0;2;0;0;2;-22,92401007;-43,95895958;"SPRF-RJ";"DEL03-RJ";"UOP02-DEL03-RJ"
563570;2023-11-25;"sábado";"17:00:00";"MG";40;549,5;"NOVA LIMA";"Reação tardia ou ineficiente do condutor";"Colisão traseira";"Sem Vítimas";"Pleno dia";"Crescente";"Céu Claro";"Dupla";"Curva";"Não";3;0;0;0;3;0;0;3;-20,03972326;-43,96703232;"SPRF-MG";"DEL01-MG";"UOP02-DEL01-MG"
563571;2023-11-25;"sábado";"18:00:00";"ES";101;145;"LINHARES";"Velocidade Incompatível";"Colisão traseira";"Com Vítimas Feridas";"Plena Noite";"Crescente";"Céu Claro";"Dupla";"Reta";"Não";2;0;1;0;1;0;1;2;-19,36089598;-40,06464018;"SPRF-ES";"DEL04-ES";"UOP01-DEL04-ES"
563572;2023-11-25;"sábado";"18:20:00";"SC";282;0,1;"FLORIANOPOLIS";"Trafegar com motocicleta (ou similar) entre as faixas";"Colisão traseira";"Com Vítimas Feridas";"Pleno dia";"Decrescente";"Céu Claro";"Múltipla";"Reta";"Não";2;0;1;0;1;0;1;2;-27,59845;-48,571995;"SPRF-SC";"DEL01-SC";"UOP01-DEL01-SC"
563574;2023-11-25;"sábado";"19:20:00";"RS";116;245;"SAO LEOPOLDO";"Manobra de mudança de faixa";"Colisão lateral mesmo sentido";"Com Vítimas Feridas";"Anoitecer";"Crescente";"Céu Claro";"Dupla";"Reta";"Sim";2;0;1;0;1;0;1;2;-29,74980902;-51,15125361;"SPRF-RS";"DEL01-RS";"UOP02-DEL01-RS"
563575;2023-11-25;"sábado";"19:00:00";"PR";476;121;"CURITIBA";"Ausência de reação do condutor";"Queda de ocupante de veículo";"Com Vítimas Feridas";"Plena Noite";"Decrescente";"Nublado";"Múltipla";"Reta";"Sim";1;0;1;0;0;0;1;1;-25,379221;-49,197685;"SPRF-PR";"DEL01-PR";"UOP01-DEL01-PR"
563576;2023-11-25;"sábado";"18:30:00";"RN";304;296;"MACAIBA";"Acessar a via sem observar a presença dos outros veículos";"Colisão transversal";"Com Vítimas Feridas";"Plena Noite";"Crescente";"Céu Claro";"Simples";"Aclive;Reta";"Sim";2;0;1;1;0;0;2;2;-5,86509815;-35,35102129;"SPRF-RN";"DEL01-RN";"UOP02-DEL01-RN"
563577;2023-11-25;"sábado";"19:20:00";"GO";40;4;"VALPARAISO DE GOIAS";"Ultrapassagem Indevida";"Atropelamento de Pedestre";"Com Vítimas Feridas";"Plena Noite";"Decrescente";"Céu Claro";"Dupla";"Reta";"Sim";4;0;3;0;1;0;3;2;-16,076081;-47,985671;"SPRF-DF";"DEL01-DF";"UOP01-DEL01-DF"
563578;2023-11-25;"sábado";"18:00:00";"ES";101;264;"SERRA";"Trafegar com motocicleta (ou similar) entre as faixas";"Colisão lateral mesmo sentido";"Com Vítimas Feridas";"Anoitecer";"Crescente";"Céu Claro";"Múltipla";"Reta";"Não";2;0;1;0;1;0;1;2;-20,17292791;-40,26736384;"SPRF-ES";"DEL02-ES";"UOP01-DEL02-ES"
563579;2023-11-25;"sábado";"18:20:00";"SP";116;157;"SAO JOSE DOS CAMPOS";"Transitar no Acostamento";"Queda de ocupante de veículo";"Com Vítimas Feridas";"Plena Noite";"Decrescente";"Céu Claro";"Simples";"Curva;Aclive;Interseção de Vias";"Não";1;0;1;0;0;0;1;1;-23,25558031;-45,9437828;"SPRF-SP";"DEL02-SP";"UOP01-DEL02-SP"
563581;2023-11-25;"sábado";"19:00:00";"SC";101;140,9;"BALNEARIO CAMBORIU";"Avarias e/ou desgaste excessivo no pneu";"Tombamento";"Com Vítimas Feridas";"Plena Noite";"Decrescente";"Céu Claro";"Simples";"Reta";"Não";1;0;1;0;0;0;1;1;-27,03881189;-48,60025148;"SPRF-SC";"DEL04-SC";"UOP03-DEL04-SC"
563582;2023-11-25;"sábado";"15:00:00";"AM";230;653;"CANUTAMA";"Curva acentuada";"Capotamento";"Com Vítimas Feridas";"Pleno dia";"Decrescente";"Céu Claro";"Simples";"Declive;Curva";"Não";5;0;4;1;0;0;5;1;-7,50381976;-63,37012952;"SPRF-AM";"DEL01-AM";"UOP05-DEL01-AM"
563583;2023-11-25;"sábado";"19:50:00";"RN";101;96;"NATAL";"Manobra de mudança de faixa";"Tombamento";"Com Vítimas Feridas";"Plena Noite";"Crescente";"Céu Claro";"Múltipla";"Reta;Viaduto;Declive";"Sim";2;0;1;0;1;0;1;2;-5,8490142;-35,20780206;"SPRF-RN";"DEL01-RN";"UOP01-DEL01-RN"
563584;2023-11-25;"sábado";"16:20:00";"MS";163;7;"MUNDO NOVO";"Reação tardia ou ineficiente do condutor";"Tombamento";"Com Vítimas Feridas";"Pleno dia";"Crescente";"Céu Claro";"Simples";"Reta";"Não";1;0;0;1;0;0;1;1;-24,00094566;-54,32020706;"SPRF-MS";"DEL09-MS";"UOP02-DEL09-MS"
563585;2023-11-25;"sábado";"19:30:00";"RS";153;40,8;"ERECHIM";"Ultrapassagem Indevida";"Colisão frontal";"Com Vítimas Fatais";"Plena Noite";"Decrescente";"Céu Claro";"Múltipla";"Reta";"Não";4;1;0;0;1;2;0;3;-27,58864996;-52,23302717;"SPRF-RS";"DEL08-RS";"UOP04-DEL08-RS"
563586;2023-11-25;"sábado";"19:40:00";"GO";50;230,7;"CAMPO ALEGRE DE GOIAS";"Ingestão de álcool pelo condutor";"Colisão com objeto";"Com Vítimas Feridas";"Plena Noite";"Decrescente";"Céu Claro";"Dupla";"Declive;Curva";"Não";1;0;1;0;0;0;1;1;-17,8022;-47,7667;"SPRF-GO";"DEL06-GO";"UOP01-DEL06-GO"
563587;2023-11-25;"sábado";"18:45:00";"PE";423;96,7;"GARANHUNS";"Manobra de mudança de faixa";"Colisão frontal";"Com Vítimas Feridas";"Plena Noite";"Decrescente";"Céu Claro";"Simples";"Reta;Declive";"Sim";2;0;1;0;0;1;1;2;-8,88021822;-36,48651678;"SPRF-PE";"DEL03-PE";"UOP01-DEL03-PE"
563588;2023-11-25;"sábado";"18:20:00";"PA";316;79,9;"SAO FRANCISCO DO PARA";"Transitar no Acostamento";"Colisão frontal";"Com Vítimas Feridas";"Anoitecer";"Crescente";"Céu Claro";"Simples";"Reta";"Sim";3;0;3;0;0;0;3;2;-1,30379211;-47,78865199;"SPRF-PA";"DEL01-PA";"UOP01-DEL01-PA"
563589;2023-11-25;"sábado";"20:15:00";"PR";277;299;"GUARAPUAVA";"Ausência de reação do condutor";"Queda de ocupante de veículo";"Sem Vítimas";"Plena Noite";"Crescente";"Céu Claro";"Simples";"Reta";"Não";1;0;0;0;1;0;0;1;-25,2922953;-51,12803221;"SPRF-PR";"DEL08-PR";"UOP01-DEL08-PR"
563590;2023-11-25;"sábado";"19:50:00";"RS";116;309,7;"GUAIBA";"Acessar a via sem observar a presença dos outros veículos";"Colisão transversal";"Com Vítimas Feridas";"Plena Noite";"Crescente";"Céu Claro";"Simples";"Reta;Em Obras;Interseção de Vias";"Não";5;0;3;1;1;0;4;2;-30,19187406;-51,39787181;"SPRF-RS";"DEL02-RS";"UOP01-DEL02-RS"
563592;2023-11-10;"sexta-feira";"18:00:00";"TO";10;456;"PALMAS";"Manobra de mudança de faixa";"Colisão transversal";"Sem Vítimas";"Anoitecer";"Crescente";"Céu Claro";"Dupla";"Rotatória";"Não";2;0;0;0;2;0;0;2;-10,32820633;-48,29775117;"SPRF-TO";"DEL01-TO";"UOP03-DEL01-TO"
563594;2023-11-25;"sábado";"15:00:00";"BA";349;834;"SAO FELIX DO CORIBE";"Ultrapassagem Indevida";"Colisão frontal";"Com Vítimas Fatais";"Pleno dia";"Decrescente";"Sol";"Simples";"Reta;Ponte";"Não";3;3;0;0;0;0;0;2;-13,396971;-44,138649;"SPRF-BA";"DEL08-BA";"UOP04-DEL08-BA"
563597;2023-11-25;"sábado";"21:15:00";"RN";110;3,7;"AREIA BRANCA";"Transitar na contramão";"Colisão frontal";"Com Vítimas Feridas";"Plena Noite";"Crescente";"Céu Claro";"Simples";"Reta";"Sim";2;0;0;1;1;0;1;2;-4,94073062;-37,10794982;"SPRF-RN";"DEL04-RN";"UOP01-DEL04-RN"
563598;2023-11-25;"sábado";"20:40:00";"RN";304;52;"MOSSORO";"Reação tardia ou ineficiente do condutor";"Colisão traseira";"Com Vítimas Feridas";"Plena Noite";"Crescente";"Céu Claro";"Simples";"Reta";"Não";3;0;1;1;0;1;2;2;-5,26016181;-37,30441867;"SPRF-RN";"DEL04-RN";"UOP01-DEL04-RN"
563599;2023-11-25;"sábado";"17:20:00";"SP";381;74,8;"SAO PAULO";"Reação tardia ou ineficiente do condutor";"Capotamento";"Com Vítimas Feridas";"Pleno dia";"Decrescente";"Chuva";"Dupla";"Curva;Declive";"Não";2;0;1;0;1;0;1;1;-23,37208014;-46,55700294;"SPRF-SP";"DEL03-SP";"UOP01-DEL03-SP"
563600;2023-11-25;"sábado";"20:50:00";"PR";369;154;"LONDRINA";"Manobra de mudança de faixa";"Colisão lateral mesmo sentido";"Com Vítimas Feridas";"Plena Noite";"Crescente";"Céu Claro";"Dupla";"Reta;Interseção de Vias";"Sim";2;0;1;0;1;0;1;2;-23,29799899;-51,19719028;"SPRF-PR";"DEL07-PR";"UOP01-DEL07-PR"
563601;2023-11-25;"sábado";"17:00:00";"BA";116;17;"VITORIA DA CONQUISTA";"Condutor deixou de manter distância do veículo da frente";"Colisão traseira";"Sem Vítimas";"Pleno dia";"Crescente";"Céu Claro";"Simples";"Reta";"Sim";4;0;0;0;4;0;0;2;-14,851;-40,8485;"SPRF-BA";"DEL08-BA";"UOP01-DEL08-BA"
563602;2023-11-25;"sábado";"18:55:00";"SC";101;453,9;"SAO JOAO DO SUL";"Demais falhas mecânicas ou elétricas";"Tombamento";"Com Vítimas Feridas";"Plena Noite";"Crescente";"Céu Claro";"Dupla";"Reta;Aclive";"Não";2;0;2;0;0;0;2;1;-29,19759996;-49,75264078;"SPRF-SC";"DEL02-SC";"UOP02-DEL02-SC"
563603;2023-11-25;"sábado";"20:30:00";"RJ";116;139;"DUQUE DE CAXIAS";"Reação tardia ou ineficiente do condutor";"Colisão traseira";"Com Vítimas Feridas";"Plena Noite";"Crescente";"Nublado";"Dupla";"Reta";"Não";1;0;1;0;0;0;1;1;-22,66237951;-43,25529831;"SPRF-RJ";"DEL04-RJ";"UOP02-DEL04-RJ"
563604;2023-11-25;"sábado";"21:30:00";"SC";470;55,7;"BLUMENAU";"Retorno proibido";"Colisão traseira";"Com Vítimas Feridas";"Plena Noite";"Crescente";"Garoa/Chuvisco";"Simples";"Reta;Em Obras";"Sim";2;0;1;0;1;0;1;2;-26,875601;-49,117992;"SPRF-SC";"DEL04-SC";"UOP01-DEL04-SC"
563605;2023-11-25;"sábado";"21:20:00";"GO";50;117,5;"IPAMERI";"Reação tardia ou ineficiente do condutor";"Colisão traseira";"Com Vítimas Feridas";"Plena Noite";"Decrescente";"Garoa/Chuvisco";"Dupla";"Reta";"Não";2;0;1;1;0;0;2;2;-16,92046495;-47,69813419;"SPRF-DF";"DEL01-DF";"UOP02-DEL01-DF"
563606;2023-11-25;"sábado";"12:15:00";"MG";365;504,1;"PATROCINIO";"Ultrapassagem Indevida";"Tombamento";"Com Vítimas Feridas";"Pleno dia";"Crescente";"Céu Claro";"Simples";"Aclive;Reta";"Não";4;0;1;0;1;2;1;3;-18,95419274;-47,26436391;"SPRF-MG";"DEL10-MG";"UOP01-DEL10-MG"
563607;2023-11-25;"sábado";"18:00:00";"MG";365;305,2;"JOAO PINHEIRO";"Pista Escorregadia";"Saída de leito carroçável";"Com Vítimas Feridas";"Anoitecer";"Crescente";"Chuva";"Simples";"Reta";"Não";1;0;1;0;0;0;1;1;-18,1772191;-45,79392997;"SPRF-MG";"DEL10-MG";"UOP01-DEL10-MG"
563609;2023-11-25;"sábado";"20:50:00";"RS";116;144,1;"CAXIAS DO SUL";"Reação tardia ou ineficiente do condutor";"Tombamento";"Com Vítimas Feridas";"Plena Noite";"Crescente";"Céu Claro";"Dupla";"Curva";"Sim";2;0;0;1;0;1;1;2;-29,1267449;-51,12768983;"SPRF-RS";"DEL05-RS";"UOP01-DEL05-RS"
563610;2023-11-25;"sábado";"18:50:00";"MG";40;607;"CONGONHAS";"Animais na Pista";"Queda de ocupante de veículo";"Com Vítimas Feridas";"Plena Noite";"Decrescente";"Céu Claro";"Simples";"Reta";"Não";1;0;1;0;0;0;1;1;-20,47579776;-43,84269847;"SPRF-MG";"DEL05-MG";"UOP02-DEL05-MG"
563612;2023-11-25;"sábado";"21:50:00";"SP";153;341;"OURINHOS";"Pista esburacada";"Tombamento";"Com Vítimas Feridas";"Plena Noite";"Crescente";"Céu Claro";"Dupla";"Reta";"Não";1;0;1;0;0;0;1;1;-22,94053093;-49,91226196;"SPRF-SP";"DEL07-SP";"UOP03-DEL07-SP"
563614;2023-11-25;"sábado";"21:00:00";"PR";0;0;"CURITIBA";"Ausência de reação do condutor";"Colisão com objeto";"Com Vítimas Feridas";"Plena Noite";"Não Informado";"Nublado";"Dupla";"Curva";"Sim";1;0;1;0;0;0;1;1;-25,45116544;-49,23116863;"SPRF-PR";"DEL01-PR";"UOP01-DEL01-PR"
563616;2023-11-25;"sábado";"17:20:00";"RO";364;305;"PRESIDENTE MEDICI";"Reação tardia ou ineficiente do condutor";"Colisão transversal";"Sem Vítimas";"Pleno dia";"Decrescente";"Céu Claro";"Simples";"Reta";"Sim";2;0;0;0;2;0;0;2;-11,199493;-61,90149998;"SPRF-RO";"DEL02-RO";"UOP01-DEL02-RO"
563617;2023-11-25;"sábado";"22:20:00";"PR";163;158;"SANTA LUCIA";"Demais falhas mecânicas ou elétricas";"Incêndio";"Sem Vítimas";"Plena Noite";"Crescente";"Nublado";"Dupla";"Reta";"Não";1;0;0;0;0;1;0;1;-25,35274977;-53,58271385;"SPRF-PR";"DEL05-PR";"UOP05-DEL05-PR"
563619;2023-11-25;"sábado";"21:30:00";"SC";116;210,7;"PONTE ALTA";"Ingestão de álcool pelo condutor";"Saída de leito carroçável";"Com Vítimas Feridas";"Plena Noite";"Decrescente";"Céu Claro";"Simples";"Aclive;Reta";"Não";4;0;1;0;3;0;1;1;-27,50285695;-50,36575969;"SPRF-SC";"DEL05-SC";"UOP03-DEL05-SC"
563620;2023-11-25;"sábado";"22:00:00";"RS";287;249,2;"SANTA MARIA";"Desrespeitar a preferência no cruzamento";"Colisão transversal";"Com Vítimas Feridas";"Plena Noite";"Crescente";"Céu Claro";"Simples";"Rotatória;Reta;Viaduto";"Não";3;0;2;0;0;1;2;2;-29,69477262;-53,85830641;"SPRF-RS";"DEL09-RS";"UOP01-DEL09-RS"
563621;2023-11-25;"sábado";"22:10:00";"PR";376;180;"MARINGA";"Reação tardia ou ineficiente do condutor";"Colisão com objeto";"Sem Vítimas";"Plena Noite";"Crescente";"Céu Claro";"Dupla";"Aclive;Reta";"Sim";2;0;0;0;1;1;0;1;-23,42399;-51,90074;"SPRF-PR";"DEL09-PR";"UOP01-DEL09-PR"
563622;2023-11-25;"sábado";"22:20:00";"SC";470;175;"POUSO REDONDO";"Pedestre cruzava a pista fora da faixa";"Atropelamento de Pedestre";"Com Vítimas Feridas";"Plena Noite";"Crescente";"Céu Claro";"Simples";"Reta";"Sim";2;0;1;0;0;1;1;2;-27,25617;-49,938969;"SPRF-SC";"DEL04-SC";"UOP02-DEL04-SC"
563623;2023-11-25;"sábado";"20:00:00";"SC";470;104,3;"APIUNA";"Ingestão de álcool pelo condutor";"Capotamento";"Com Vítimas Feridas";"Plena Noite";"Decrescente";"Céu Claro";"Simples";"Declive;Curva";"Não";1;0;1;0;0;0;1;1;-27,06135;-49,410408;"SPRF-SC";"DEL04-SC";"UOP02-DEL04-SC"
563624;2023-11-25;"sábado";"06:50:00";"PE";232;21;"MORENO";"Reação tardia ou ineficiente do condutor";"Incêndio";"Sem Vítimas";"Pleno dia";"Crescente";"Céu Claro";"Dupla";"Reta";"Não";1;0;0;0;0;1;0;1;-8,09580234;-35,08012588;"SPRF-PE";"DEL01-PE";"UOP01-DEL01-PE"
563626;2023-11-25;"sábado";"20:00:00";"MG";262;820,9;"UBERABA";"Ingestão de álcool pelo condutor";"Colisão traseira";"Com Vítimas Feridas";"Plena Noite";"Decrescente";"Nublado";"Simples";"Reta";"Não";3;0;2;0;1;0;2;2;-19,7626417;-48,13569294;"SPRF-MG";"DEL13-MG";"UOP01-DEL13-MG"
563627;2023-11-25;"sábado";"22:38:00";"PR";376;629;"SAO JOSE DOS PINHAIS";"Reação tardia ou ineficiente do condutor";"Saída de leito carroçável";"Com Vítimas Feridas";"Plena Noite";"Decrescente";"Chuva";"Dupla";"Reta";"Sim";4;0;1;1;2;0;2;1;-25,68698314;-49,14684542;"SPRF-PR";"DEL01-PR";"UOP04-DEL01-PR"
563628;2023-11-25;"sábado";"22:20:00";"PR";277;27,6;"MORRETES";"Reação tardia ou ineficiente do condutor";"Saída de leito carroçável";"Sem Vítimas";"Plena Noite";"Decrescente";"Chuva";"Dupla";"Reta";"Não";1;0;0;0;1;0;0;1;-25,542713;-48,777716;"SPRF-PR";"DEL01-PR";"UOP05-DEL01-PR"
563629;2023-11-25;"sábado";"21:40:00";"PR";158;515,7;"PATO BRANCO";"Mal súbito do condutor";"Saída de leito carroçável";"Com Vítimas Feridas";"Plena Noite";"Decrescente";"Nublado";"Simples";"Curva;Declive";"Não";1;0;1;0;0;0;1;1;-26,0653838;-52,63609922;"SPRF-PR";"DEL02-PR";"UOP01-DEL02-PR"
563631;2023-11-25;"sábado";"19:15:00";"MA";10;154;"PORTO FRANCO";"Condutor deixou de manter distância do veículo da frente";"Colisão traseira";"Com Vítimas Feridas";"Plena Noite";"Crescente";"Céu Claro";"Simples";"Aclive;Reta";"Sim";3;0;2;0;0;1;2;2;-6,373761;-47,380894;"SPRF-MA";"DEL04-MA";"UOP02-DEL04-MA"
563633;2023-11-25;"sábado";"23:55:00";"RJ";356;174;"SAO JOAO DA BARRA";"Velocidade Incompatível";"Saída de leito carroçável";"Com Vítimas Feridas";"Plena Noite";"Crescente";"Céu Claro";"Simples";"Interseção de Vias;Curva;Retorno Regulamentado";"Não";6;0;5;1;0;0;6;1;-21,718195;-41,057464;"SPRF-RJ";"DEL08-RJ";"UOP02-DEL08-RJ"
563635;2023-11-26;"domingo";"00:10:00";"MG";381;509,7;"SAO JOAQUIM DE BICAS";"Entrada inopinada do pedestre";"Atropelamento de Pedestre";"Com Vítimas Feridas";"Plena Noite";"Crescente";"Céu Claro";"Múltipla";"Reta";"Sim";2;0;0;1;1;0;1;2;-20,0529884;-44,28261638;"SPRF-MG";"DEL01-MG";"UOP03-DEL01-MG"
563636;2023-11-26;"domingo";"00:40:00";"SE";235;5;"NOSSA SENHORA DO SOCORRO";"Iluminação deficiente";"Colisão com objeto";"Com Vítimas Feridas";"Plena Noite";"Decrescente";"Garoa/Chuvisco";"Dupla";"Reta";"Não";2;0;0;1;0;1;1;2;-10,90644924;-37,1145308;"SPRF-SE";"DEL01-SE";"UOP01-DEL01-SE"
563637;2023-11-25;"sábado";"23:30:00";"MG";40;699,1;"BARBACENA";"Animais na Pista";"Atropelamento de Animal";"Com Vítimas Feridas";"Plena Noite";"Crescente";"Nublado";"Dupla";"Aclive;Curva";"Sim";1;0;1;0;0;0;1;1;-21,19826854;-43,7490629;"SPRF-MG";"DEL05-MG";"UOP02-DEL05-MG"
563638;2023-11-26;"domingo";"00:05:00";"PR";277;333;"GUARAPUAVA";"Reação tardia ou ineficiente do condutor";"Colisão com objeto";"Com Vítimas Feridas";"Plena Noite";"Crescente";"Nublado";"Dupla";"Curva";"Não";1;0;1;0;0;0;1;1;-25,36747765;-51,33617597;"SPRF-PR";"DEL08-PR";"UOP01-DEL08-PR"
563639;2023-11-25;"sábado";"23:30:00";"PR";476;120;"COLOMBO";"Acessar a via sem observar a presença dos outros veículos";"Colisão transversal";"Com Vítimas Feridas";"Plena Noite";"Crescente";"Céu Claro";"Dupla";"Reta";"Sim";2;0;1;0;0;1;1;2;-25,371437;-49,191079;"SPRF-PR";"DEL01-PR";"UOP01-DEL01-PR"
563640;2023-11-25;"sábado";"20:00:00";"PE";428;187;"PETROLINA";"Ingestão de álcool pelo condutor";"Queda de ocupante de veículo";"Com Vítimas Feridas";"Plena Noite";"Decrescente";"Céu Claro";"Dupla";"Reta";"Sim";2;0;0;1;1;0;1;1;-9,35604301;-40,47854198;"SPRF-PE";"DEL06-PE";"UOP01-DEL06-PE"
563641;2023-11-26;"domingo";"00:00:00";"SP";381;74;"SAO PAULO";"Reação tardia ou ineficiente do condutor";"Tombamento";"Com Vítimas Feridas";"Plena Noite";"Decrescente";"Garoa/Chuvisco";"Dupla";"Reta";"Não";1;0;1;0;0;0;1;1;-23,37208014;-46,55700294;"SPRF-SP";"DEL03-SP";"UOP01-DEL03-SP"
563642;2023-11-26;"domingo";"00:40:00";"PB";230;17,9;"JOAO PESSOA";"Ausência de reação do condutor";"Engavetamento";"Com Vítimas Feridas";"Plena Noite";"Crescente";"Céu Claro";"Dupla";"Reta";"Sim";4;0;1;0;3;0;1;3;-7,1121;-34,8426;"SPRF-PB";"DEL01-PB";"UOP01-DEL01-PB"
563643;2023-11-25;"sábado";"23:30:00";"MT";70;503;"CUIABA";"Acumulo de água sobre o pavimento";"Queda de ocupante de veículo";"Com Vítimas Feridas";"Plena Noite";"Decrescente";"Chuva";"Simples";"Declive;Reta";"Não";1;0;1;0;0;0;1;1;-15,699635;-56,036549;"SPRF-MT";"DEL01-MT";"UOP02-DEL01-MT"
563644;2023-11-26;"domingo";"01:40:00";"PR";277;71;"SAO JOSE DOS PINHAIS";"Ausência de reação do condutor";"Saída de leito carroçável";"Sem Vítimas";"Plena Noite";"Crescente";"Garoa/Chuvisco";"Dupla";"Reta";"Sim";1;0;0;0;1;0;0;1;-25,52920381;-49,08862791;"SPRF-PR";"DEL01-PR";"UOP07-DEL01-PR"
563645;2023-11-26;"domingo";"01:20:00";"SC";101;215;"PALHOCA";"Ingestão de álcool e/ou substâncias psicoativas pelo pedestre";"Colisão traseira";"Sem Vítimas";"Plena Noite";"Decrescente";"Céu Claro";"Múltipla";"Reta";"Sim";2;0;0;0;2;0;0;2;-27,65206681;-48,67601037;"SPRF-SC";"DEL01-SC";"UOP02-DEL01-SC"
563647;2023-11-26;"domingo";"01:30:00";"PR";116;106;"SAO JOSE DOS PINHAIS";"Ausência de reação do condutor";"Saída de leito carroçável";"Com Vítimas Feridas";"Plena Noite";"Decrescente";"Garoa/Chuvisco";"Dupla";"Reta";"Não";1;0;1;0;0;0;1;1;-25,56931087;-49,22698975;"SPRF-PR";"DEL01-PR";"UOP07-DEL01-PR"
563648;2023-11-25;"sábado";"23:40:00";"RJ";393;236,1;"VASSOURAS";"Ausência de reação do condutor";"Queda de ocupante de veículo";"Com Vítimas Feridas";"Plena Noite";"Decrescente";"Céu Claro";"Simples";"Reta";"Sim";1;0;0;1;0;0;1;1;-22,42150208;-43,68473053;"SPRF-RJ";"DEL05-RJ";"UOP03-DEL05-RJ"
563649;2023-11-26;"domingo";"01:00:00";"MG";50;32;"ARAGUARI";"Velocidade Incompatível";"Saída de leito carroçável";"Sem Vítimas";"Plena Noite";"Decrescente";"Céu Claro";"Dupla";"Reta";"Não";1;0;0;0;1;0;0;1;-18,63251728;-48,11918755;"SPRF-MG";"DEL15-MG";"UOP02-DEL15-MG"
563650;2023-11-26;"domingo";"00:01:00";"PA";308;200;"BRAGANCA";"Ingestão de álcool pelo condutor";"Colisão frontal";"Com Vítimas Feridas";"Plena Noite";"Crescente";"Céu Claro";"Simples";"Reta";"Não";2;0;1;0;1;0;1;2;-1,064018;-46,794999;"SPRF-PA";"DEL01-PA";"UOP03-DEL01-PA"
563651;2023-11-26;"domingo";"02:45:00";"PB";104;113;"LAGOA SECA";"Animais na Pista";"Atropelamento de Animal";"Com Vítimas Feridas";"Plena Noite";"Decrescente";"Céu Claro";"Simples";"Declive;Reta";"Não";2;0;2;0;0;0;2;1;-7,15342626;-35,85241772;"SPRF-PB";"DEL02-PB";"UOP04-DEL02-PB"
563653;2023-11-26;"domingo";"02:45:00";"PE";232;144;"SAO CAITANO";"Transitar na contramão";"Colisão frontal";"Com Vítimas Feridas";"Plena Noite";"Crescente";"Céu Claro";"Dupla";"Reta;Declive";"Não";42;0;1;0;41;0;1;2;-8,32522249;-36,11250878;"SPRF-PE";"DEL03-PE";"UOP02-DEL03-PE"
563654;2023-11-26;"domingo";"02:45:00";"PR";376;239,6;"APUCARANA";"Condutor Dormindo";"Saída de leito carroçável";"Com Vítimas Feridas";"Plena Noite";"Crescente";"Nublado";"Dupla";"Curva";"Não";2;0;2;0;0;0;2;1;-23,58261216;-51,44500092;"SPRF-PR";"DEL07-PR";"UOP03-DEL07-PR"
563655;2023-11-26;"domingo";"02:45:00";"SP";116;314,7;"JUQUITIBA";"Reação tardia ou ineficiente do condutor";"Queda de ocupante de veículo";"Com Vítimas Feridas";"Plena Noite";"Crescente";"Céu Claro";"Dupla";"Reta";"Não";1;0;1;0;0;0;1;1;-23,89562822;-46,98556063;"SPRF-SP";"DEL04-SP";"UOP01-DEL04-SP"
563657;2023-11-26;"domingo";"03:00:00";"RS";116;237;"NOVO HAMBURGO";"Ausência de reação do condutor";"Colisão traseira";"Sem Vítimas";"Plena Noite";"Decrescente";"Céu Claro";"Dupla";"Reta";"Sim";4;0;0;0;4;0;0;2;-29,67839398;-51,1422266;"SPRF-RS";"DEL01-RS";"UOP02-DEL01-RS"
563658;2023-11-25;"sábado";"21:15:00";"RJ";40;35;"AREAL";"Transitar na contramão";"Colisão frontal";"Com Vítimas Fatais";"Plena Noite";"Crescente";"Céu Claro";"Dupla";"Curva";"Não";9;2;1;3;0;3;4;3;-22,20877957;-43,13804875;"SPRF-RJ";"DEL05-RJ";"UOP02-DEL05-RJ"
563659;2023-11-26;"domingo";"02:30:00";"GO";153;427;"ANAPOLIS";"Ingestão de álcool pelo condutor";"Colisão com objeto";"Com Vítimas Feridas";"Amanhecer";"Decrescente";"Céu Claro";"Múltipla";"Reta";"Sim";1;0;0;1;0;0;1;1;-16,229342;-49,009438;"SPRF-GO";"DEL02-GO";"UOP01-DEL02-GO"
563660;2023-11-26;"domingo";"03:40:00";"MG";40;515,6;"RIBEIRAO DAS NEVES";"Reação tardia ou ineficiente do condutor";"Queda de ocupante de veículo";"Com Vítimas Feridas";"Plena Noite";"Decrescente";"Nublado";"Dupla";"Reta;Em Obras";"Não";1;0;1;0;0;0;1;1;-19,81380763;-44,0922761;"SPRF-MG";"DEL01-MG";"UOP02-DEL01-MG"