"id";"data_inversa";"dia_semana";"horario";"uf";"br";"km";"municipio";"causa_acidente";"tipo_acidente";"classificacao_acidente";"fase_dia";"sentido_via";"condicao_metereologica";"tipo_pista";"tracado_via";"uso_solo";"pessoas";"mortos";"feridos_leves";"feridos_graves";"ilesos";"ignorados";"feridos";"veiculos";"latitude";"longitude";"regional";"delegacia";"uop"
563661;2023-11-26;"domingo";"02:36:00";"MT";174;322,5;"PONTES E LACERDA";"Ausência de sinalização";"Colisão traseira";"Com Vítimas Fatais";"Plena Noite";"Crescente";"Nevoeiro/Neblina";"Simples";"Reta";"Não";2;1;0;0;1;0;0;2;-14,91435293;-59,29237257;"SPRF-MT";"DEL04-MT";"UOP01-DEL04-MT"
563662;2023-11-26;"domingo";"04:05:00";"RJ";101;266;"RIO BONITO";"Condutor deixou de manter distância do veículo da frente";"Colisão lateral mesmo sentido";"Sem Vítimas";"Amanhecer";"Crescente";"Céu Claro";"Dupla";"Reta";"Não";2;0;0;0;2;0;0;2;-22,70861445;-42,65178735;"SPRF-RJ";"DEL02-RJ";"UOP03-DEL02-RJ"
563664;2023-11-26;"domingo";"04:00:00";"PR";277;24;"MORRETES";"Demais falhas mecânicas ou elétricas";"Incêndio";"Sem Vítimas";"Plena Noite";"Decrescente";"Nublado";"Dupla";"Reta";"Não";1;0;0;0;0;1;0;1;-25,53773317;-48,69733007;"SPRF-PR";"DEL01-PR";"UOP05-DEL01-PR"
563665;2023-11-26;"domingo";"04:50:00";"MG";40;548;"NOVA LIMA";"Ingestão de álcool pelo condutor";"Colisão com objeto";"Sem Vítimas";"Amanhecer";"Decrescente";"Céu Claro";"Dupla";"Curva;Declive";"Não";1;0;0;0;1;0;0;1;-20,03136499;-43,96967792;"SPRF-MG";"DEL01-MG";"UOP02-DEL01-MG"
563666;2023-11-26;"domingo";"04:50:00";"RS";386;440;"CANOAS";"Ausência de reação do condutor";"Colisão com objeto";"Sem Vítimas";"Amanhecer";"Crescente";"Céu Claro";"Dupla";"Curva";"Não";1;0;0;0;0;1;0;1;-29,878265;-51,241951;"SPRF-RS";"DEL01-RS";"UOP01-DEL01-RS"
563667;2023-11-26;"domingo";"04:50:00";"MG";459;95,6;"POUSO ALEGRE";"Ingestão de álcool pelo condutor";"Capotamento";"Sem Vítimas";"Pleno dia";"Decrescente";"Céu Claro";"Simples";"Curva;Declive";"Não";1;0;0;0;0;1;0;1;-22,18502071;-45,98954201;"SPRF-MG";"DEL09-MG";"UOP01-DEL09-MG"
563668;2023-11-26;"domingo";"04:15:00";"SP";116;432;"REGISTRO";"Ausência de reação do condutor";"Colisão traseira";"Com Vítimas Feridas";"Plena Noite";"Decrescente";"Nublado";"Dupla";"Reta";"Não";4;0;1;0;2;1;1;2;-24,41194876;-47,75392914;"SPRF-SP";"DEL05-SP";"UOP01-DEL05-SP"
563669;2023-11-25;"sábado";"19:15:00";"SC";480;128,7;"CHAPECO";"Ausência de reação do condutor";"Colisão com objeto";"Com Vítimas Feridas";"Plena Noite";"Crescente";"Céu Claro";"Dupla";"Interseção de Vias;Curva";"Sim";1;0;0;1;0;0;1;1;-27,03781899;-52,63432603;"SPRF-SC";"DEL07-SC";"UOP01-DEL07-SC"
563673;2023-11-26;"domingo";"06:00:00";"RN";101;75;"EXTREMOZ";"Ingestão de álcool pelo condutor";"Queda de ocupante de veículo";"Com Vítimas Feridas";"Pleno dia";"Crescente";"Céu Claro";"Dupla";"Reta";"Sim";2;0;1;0;1;0;1;1;-5,72400272;-35,28020024;"SPRF-RN";"DEL02-RN";"UOP01-DEL02-RN"
563675;2023-11-26;"domingo";"05:50:00";"RJ";101;60;"CAMPOS DOS GOYTACAZES";"Condutor desrespeitou a iluminação vermelha do semáforo";"Colisão transversal";"Com Vítimas Feridas";"Amanhecer";"Decrescente";"Céu Claro";"Simples";"Reta;Interseção de Vias";"Sim";2;0;1;0;1;0;1;2;-21,723158;-41,318377;"SPRF-RJ";"DEL08-RJ";"UOP01-DEL08-RJ"
563676;2023-11-26;"domingo";"05:30:00";"BA";101;252;"CONCEICAO DO ALMEIDA";"Ingestão de álcool pelo condutor";"Colisão frontal";"Com Vítimas Fatais";"Pleno dia";"Crescente";"Céu Claro";"Simples";"Declive;Curva";"Não";5;1;4;0;0;0;4;2;-12,89561096;-39,23413172;"SPRF-BA";"DEL01-BA";"UOP02-DEL01-BA"
563677;2023-11-25;"sábado";"11:50:00";"MG";116;410;"GOVERNADOR VALADARES";"Pedestre andava na pista";"Atropelamento de Pedestre";"Com Vítimas Feridas";"Pleno dia";"Decrescente";"Céu Claro";"Dupla";"Reta";"Sim";2;0;0;1;0;1;1;2;-18,855625;-41,975623;"SPRF-MG";"DEL06-MG";"UOP01-DEL06-MG"
563678;2023-11-26;"domingo";"06:30:00";"GO";40;10;"LUZIANIA";"Condutor Dormindo";"Saída de leito carroçável";"Com Vítimas Feridas";"Pleno dia";"Crescente";"Céu Claro";"Dupla";"Reta";"Sim";1;0;0;1;0;0;1;1;-16,131285;-47,957923;"SPRF-DF";"DEL01-DF";"UOP01-DEL01-DF"
563679;2023-11-26;"domingo";"06:20:00";"MG";50;171;"UBERABA";"Velocidade Incompatível";"Colisão com objeto";"Sem Vítimas";"Pleno dia";"Crescente";"Céu Claro";"Simples";"Viaduto;Curva";"Sim";2;0;0;0;2;0;0;1;-19,74554892;-47,98382166;"SPRF-MG";"DEL13-MG";"UOP01-DEL13-MG"
563680;2023-11-26;"domingo";"06:11:00";"GO";364;173;"JATAI";"Ausência de reação do condutor";"Colisão com objeto";"Sem Vítimas";"Pleno dia";"Decrescente";"Céu Claro";"Simples";"Reta";"Não";1;0;0;0;0;1;0;1;-17,99559088;-51,57707691;"SPRF-GO";"DEL05-GO";"UOP01-DEL05-GO"
563681;2023-11-25;"sábado";"17:30:00";"MG";116;416,1;"GOVERNADOR VALADARES";"Conversão proibida";"Colisão transversal";"Com Vítimas Feridas";"Pleno dia";"Crescente";"Nublado";"Simples";"Reta";"Sim";2;0;1;0;1;0;1;2;-18,89215187;-41,94699543;"SPRF-MG";"DEL06-MG";"UOP01-DEL06-MG"
563683;2023-11-25;"sábado";"21:30:00";"PR";153;29,3;"SANTO ANTONIO DA PLATINA";"Ingestão de álcool pelo condutor";"Colisão lateral sentido oposto";"Com Vítimas Feridas";"Plena Noite";"Decrescente";"Nublado";"Simples";"Reta;Ponte";"Não";4;0;1;0;3;0;1;2;-23,21784902;-50,00759304;"SPRF-PR";"DEL07-PR";"UOP04-DEL07-PR"
563685;2023-11-26;"domingo";"06:50:00";"SP";116;292;"ITAPECERICA DA SERRA";"Reação tardia ou ineficiente do condutor";"Colisão com objeto";"Sem Vítimas";"Pleno dia";"Decrescente";"Nublado";"Simples";"Curva";"Sim";1;0;0;0;1;0;0;1;-23,74581995;-46,90003027;"SPRF-SP";"DEL04-SP";"UOP01-DEL04-SP"
563686;2023-11-26;"domingo";"07:00:00";"MG";381;587,9;"CARMOPOLIS DE MINAS";"Condutor Dormindo";"Saída de leito carroçável";"Com Vítimas Feridas";"Pleno dia";"Crescente";"Céu Claro";"Dupla";"Reta";"Não";1;0;1;0;0;0;1;1;-20,5460261;-44,65677896;"SPRF-MG";"DEL04-MG";"UOP01-DEL04-MG"
563687;2023-11-26;"domingo";"07:00:00";"PR";376;17;"MARINGA";"Velocidade Incompatível";"Colisão com objeto";"Com Vítimas Feridas";"Pleno dia";"Crescente";"Nublado";"Dupla";"Curva;Viaduto";"Sim";4;0;4;0;0;0;4;1;-23,40843621;-51,98627472;"SPRF-PR";"DEL09-PR";"UOP01-DEL09-PR"
563688;2023-11-26;"domingo";"05:30:00";"PA";230;117;"MARABA";"Ausência de reação do condutor";"Capotamento";"Sem Vítimas";"Pleno dia";"Decrescente";"Céu Claro";"Simples";"Curva";"Não";1;0;0;0;0;1;0;1;-5,35569904;-49,09047302;"SPRF-PA";"DEL03-PA";"UOP01-DEL03-PA"
563690;2023-11-24;"sexta-feira";"01:30:00";"MG";50;126,2;"UBERABA";"Avarias e/ou desgaste excessivo no pneu";"Saída de leito carroçável";"Com Vítimas Feridas";"Plena Noite";"Decrescente";"Céu Claro";"Dupla";"Curva";"Não";1;0;1;0;0;0;1;1;-19,35661694;-48,08567397;"SPRF-MG";"DEL13-MG";"UOP01-DEL13-MG"
563691;2023-11-26;"domingo";"07:35:00";"PR";373;266;"PRUDENTOPOLIS";"Afundamento ou ondulação no pavimento";"Tombamento";"Com Vítimas Feridas";"Pleno dia";"Decrescente";"Céu Claro";"Simples";"Reta";"Sim";1;0;1;0;0;0;1;1;-25,2041811;-50,98977506;"SPRF-PR";"DEL08-PR";"UOP01-DEL08-PR"
563692;2023-11-26;"domingo";"08:40:00";"MG";116;485,5;"DOM CAVATI";"Ausência de reação do condutor";"Tombamento";"Com Vítimas Feridas";"Pleno dia";"Crescente";"Céu Claro";"Simples";"Viaduto;Curva";"Não";1;0;1;0;0;0;1;1;-19,45138982;-42,12752114;"SPRF-MG";"DEL06-MG";"UOP02-DEL06-MG"
563694;2023-11-26;"domingo";"08:00:00";"PA";308;152;"CAPANEMA";"Reação tardia ou ineficiente do condutor";"Saída de leito carroçável";"Com Vítimas Feridas";"Pleno dia";"Crescente";"Céu Claro";"Simples";"Curva";"Sim";1;0;1;0;0;0;1;1;-1,20594664;-47,17506821;"SPRF-PA";"DEL01-PA";"UOP03-DEL01-PA"
563695;2023-11-26;"domingo";"08:57:00";"PE";408;98;"SAO LOURENCO DA MATA";"Acessar a via sem observar a presença dos outros veículos";"Colisão transversal";"Com Vítimas Feridas";"Pleno dia";"Decrescente";"Céu Claro";"Dupla";"Declive;Curva;Retorno Regulamentado";"Sim";3;0;2;0;0;1;2;2;-8,03598572;-35,03218461;"SPRF-PE";"DEL01-PE";"UOP01-DEL01-PE"
563696;2023-11-22;"quarta-feira";"12:30:00";"BA";116;84;"CHORROCHO";"Ultrapassagem Indevida";"Colisão lateral mesmo sentido";"Sem Vítimas";"Pleno dia";"Crescente";"Céu Claro";"Simples";"Reta";"Não";5;0;0;0;4;1;0;2;-9,34339997;-39,07972817;"SPRF-BA";"DEL07-BA";"UOP01-DEL07-BA"
563697;2023-11-26;"domingo";"06:00:00";"RS";116;231,7;"ESTANCIA VELHA";"Ausência de reação do condutor";"Saída de leito carroçável";"Com Vítimas Fatais";"Amanhecer";"Decrescente";"Céu Claro";"Simples";"Reta";"Sim";1;1;0;0;0;0;0;1;-29,62858894;-51,14142179;"SPRF-RS";"DEL01-RS";"UOP02-DEL01-RS"
563698;2023-11-26;"domingo";"08:48:00";"PE";101;201;"XEXEU";"Ausência de reação do condutor";"Colisão lateral mesmo sentido";"Com Vítimas Feridas";"Pleno dia";"Crescente";"Sol";"Dupla";"Reta";"Não";2;0;0;1;1;0;1;2;-8,78060203;-35,62140868;"SPRF-PE";"DEL01-PE";"UOP03-DEL01-PE"
563699;2023-11-26;"domingo";"00:00:00";"MT";163;759;"SORRISO";"Ausência de reação do condutor";"Saída de leito carroçável";"Sem Vítimas";"Plena Noite";"Decrescente";"Chuva";"Simples";"Reta";"Sim";1;0;0;0;0;1;0;1;-12,6042914;-55,75236071;"SPRF-MT";"DEL06-MT";"UOP01-DEL06-MT"
563704;2023-11-26;"domingo";"07:50:00";"RS";293;40;"CAPAO DO LEAO";"Condutor Dormindo";"Saída de leito carroçável";"Sem Vítimas";"Pleno dia";"Crescente";"Céu Claro";"Simples";"Reta";"Não";1;0;0;0;1;0;0;1;-31,74034027;-52,72470499;"SPRF-RS";"DEL07-RS";"UOP01-DEL07-RS"
563705;2023-06-25;"domingo";"20:40:00";"PI";343;13,4;"PARNAIBA";"Acessar a via sem observar a presença dos outros veículos";"Colisão transversal";"Com Vítimas Feridas";"Plena Noite";"Crescente";"Céu Claro";"Dupla";"Curva";"Não";2;0;1;0;1;0;1;2;-2,919029;-41,754124;"SPRF-PI";"DEL05-PI";"UOP01-DEL05-PI"
563708;2023-11-26;"domingo";"10:00:00";"RN";406;20;"MACAU";"Velocidade Incompatível";"Saída de leito carroçável";"Com Vítimas Feridas";"Pleno dia";"Crescente";"Céu Claro";"Simples";"Reta";"Não";1;0;0;1;0;0;1;1;-5,2038749;-36,47644896;"SPRF-RN";"DEL02-RN";"UOP01-DEL02-RN"
563709;2023-11-26;"domingo";"12:10:00";"GO";70;3,3;"AGUAS LINDAS DE GOIAS";"Mal súbito do condutor";"Saída de leito carroçável";"Com Vítimas Feridas";"Pleno dia";"Crescente";"Céu Claro";"Dupla";"Curva;Aclive";"Não";2;0;1;0;0;1;1;2;-15,76177302;-48,2368693;"SPRF-DF";"DEL03-DF";"UOP02-DEL03-DF"
563710;2023-11-26;"domingo";"11:35:00";"MG";116;592,6;"MANHUACU";"Velocidade Incompatível";"Tombamento";"Com Vítimas Feridas";"Pleno dia";"Crescente";"Nublado";"Simples";"Curva";"Não";1;0;1;0;0;0;1;1;-20,27018211;-42,14428578;"SPRF-MG";"DEL06-MG";"UOP03-DEL06-MG"
563711;2023-11-26;"domingo";"08:47:00";"RO";364;709;"PORTO VELHO";"Reação tardia ou ineficiente do condutor";"Queda de ocupante de veículo";"Com Vítimas Feridas";"Pleno dia";"Decrescente";"Nublado";"Dupla";"Reta";"Sim";1;0;0;1;0;0;1;1;-8,79174037;-63,84821177;"SPRF-RO";"DEL01-RO";"UOP01-DEL01-RO"
563712;2023-11-26;"domingo";"12:20:00";"MG";381;907,2;"CAMANDUCAIA";"Ausência de reação do condutor";"Queda de ocupante de veículo";"Com Vítimas Feridas";"Pleno dia";"Crescente";"Sol";"Dupla";"Curva";"Não";2;0;2;0;0;0;2;1;-22,71022398;-46,12178305;"SPRF-MG";"DEL16-MG";"UOP03-DEL16-MG"
563714;2023-11-26;"domingo";"12:00:00";"SC";101;13;"GARUVA";"Reação tardia ou ineficiente do condutor";"Saída de leito carroçável";"Com Vítimas Feridas";"Pleno dia";"Decrescente";"Nublado";"Múltipla";"Reta";"Sim";5;0;5;0;0;0;5;1;-26,08986803;-48,86345096;"SPRF-SC";"DEL03-SC";"UOP01-DEL03-SC"
563715;2023-11-26;"domingo";"12:10:00";"RJ";101;474;"ANGRA DOS REIS";"Frear bruscamente";"Colisão traseira";"Com Vítimas Feridas";"Pleno dia";"Crescente";"Céu Claro";"Simples";"Curva";"Não";4;0;3;0;1;0;3;3;-22,99498627;-44,24919963;"SPRF-RJ";"DEL03-RJ";"UOP03-DEL03-RJ"
563716;2023-11-26;"domingo";"13:10:00";"ES";101;341,9;"GUARAPARI";"Demais falhas mecânicas ou elétricas";"Incêndio";"Sem Vítimas";"Pleno dia";"Crescente";"Céu Claro";"Dupla";"Reta";"Não";1;0;0;0;1;0;0;1;-20,65278033;-40,57410974;"SPRF-ES";"DEL03-ES";"UOP01-DEL03-ES"
563718;2023-11-26;"domingo";"12:50:00";"RN";110;45;"MOSSORO";"Reação tardia ou ineficiente do condutor";"Colisão traseira";"Sem Vítimas";"Pleno dia";"Decrescente";"Céu Claro";"Simples";"Reta";"Sim";2;0;0;0;1;1;0;2;-5,19257993;-37,31114905;"SPRF-RN";"DEL04-RN";"UOP01-DEL04-RN"
563720;2023-11-26;"domingo";"13:40:00";"SC";101;199,7;"SAO JOSE";"Mal súbito do condutor";"Queda de ocupante de veículo";"Com Vítimas Feridas";"Pleno dia";"Crescente";"Céu Claro";"Múltipla";"Reta";"Sim";2;0;2;0;0;0;2;1;-27,53413705;-48,63003205;"SPRF-SC";"DEL01-SC";"UOP01-DEL01-SC"
563724;2023-11-26;"domingo";"14:00:00";"MG";381;352;"JOAO MONLEVADE";"Condutor Dormindo";"Saída de leito carroçável";"Com Vítimas Feridas";"Pleno dia";"Decrescente";"Céu Claro";"Simples";"Reta";"Não";2;0;0;1;1;0;1;1;-19,84205535;-43,17383018;"SPRF-MG";"DEL03-MG";"UOP01-DEL03-MG"
563725;2023-11-26;"domingo";"13:50:00";"MG";153;95;"PRATA";"Acumulo de água sobre o pavimento";"Colisão lateral sentido oposto";"Com Vítimas Feridas";"Pleno dia";"Decrescente";"Chuva";"Simples";"Reta;Declive";"Não";5;0;4;0;1;0;4;2;-19,1858341;-48,94751032;"SPRF-MG";"DEL15-MG";"UOP03-DEL15-MG"
563726;2023-11-26;"domingo";"12:40:00";"PR";376;363;"ORTIGUEIRA";"Reação tardia ou ineficiente do condutor";"Colisão lateral mesmo sentido";"Sem Vítimas";"Pleno dia";"Crescente";"Céu Claro";"Simples";"Curva";"Não";4;0;0;0;4;0;0;3;-24,33517026;-50,84050313;"SPRF-PR";"DEL07-PR";"UOP02-DEL07-PR"
563728;2023-11-26;"domingo";"13:40:00";"MG";381;498,9;"BETIM";"Ausência de reação do condutor";"Colisão com objeto";"Com Vítimas Feridas";"Pleno dia";"Crescente";"Céu Claro";"Dupla";"Reta";"Sim";1;0;1;0;0;0;1;1;-20,01172662;-44,21976041;"SPRF-MG";"DEL01-MG";"UOP03-DEL01-MG"
563730;2023-11-26;"domingo";"14:05:00";"PB";230;138,7;"CAMPINA GRANDE";"Transitar na contramão";"Colisão frontal";"Com Vítimas Fatais";"Pleno dia";"Decrescente";"Céu Claro";"Dupla";"Aclive";"Não";5;1;3;0;0;1;3;3;-7,2755;-35,7831;"SPRF-PB";"DEL02-PB";"UOP01-DEL02-PB"
563731;2023-11-26;"domingo";"08:00:00";"ES";101;70,8;"SAO MATEUS";"Ultrapassagem Indevida";"Saída de leito carroçável";"Com Vítimas Feridas";"Pleno dia";"Decrescente";"Céu Claro";"Simples";"Reta";"Não";1;0;1;0;0;0;1;1;-18,74453703;-39,86164665;"SPRF-ES";"DEL04-ES";"UOP02-DEL04-ES"
563732;2023-11-26;"domingo";"13:50:00";"MG";356;266,3;"MURIAE";"Acessar a via sem observar a presença dos outros veículos";"Colisão transversal";"Com Vítimas Feridas";"Pleno dia";"Crescente";"Nublado";"Simples";"Reta";"Sim";2;0;1;0;1;0;1;2;-21,12823134;-42,35802453;"SPRF-MG";"DEL07-MG";"UOP02-DEL07-MG"
563734;2023-11-26;"domingo";"14:10:00";"RS";116;354;"TAPES";"Ausência de reação do condutor";"Saída de leito carroçável";"Com Vítimas Feridas";"Pleno dia";"Decrescente";"Céu Claro";"Dupla";"Reta";"Não";3;0;1;2;0;0;3;1;-30,57452819;-51,52475652;"SPRF-RS";"DEL02-RS";"UOP02-DEL02-RS"
563735;2023-11-26;"domingo";"13:40:00";"PR";153;100;"IBAITI";"Ingestão de álcool pelo condutor";"Saída de leito carroçável";"Com Vítimas Feridas";"Pleno dia";"Decrescente";"Chuva";"Simples";"Curva";"Não";1;0;1;0;0;0;1;1;-23,77267544;-50,18560892;"SPRF-PR";"DEL07-PR";"UOP04-DEL07-PR"
563736;2023-11-26;"domingo";"13:40:00";"AL";104;33;"UNIAO DOS PALMARES";"Acessar a via sem observar a presença dos outros veículos";"Colisão transversal";"Com Vítimas Feridas";"Pleno dia";"Crescente";"Céu Claro";"Simples";"Interseção de Vias";"Sim";2;0;1;0;1;0;1;2;-9,14513114;-36,01536439;"SPRF-AL";"DEL01-AL";"UOP02-DEL01-AL"
563737;2023-11-26;"domingo";"09:45:00";"MT";174;214;"FIGUEIROPOLIS DOESTE";"Condutor Dormindo";"Saída de leito carroçável";"Com Vítimas Feridas";"Pleno dia";"Decrescente";"Céu Claro";"Simples";"Declive";"Não";2;0;1;0;1;0;1;1;-15,63368123;-58,78699327;"SPRF-MT";"DEL04-MT";"UOP01-DEL04-MT"
563738;2023-11-26;"domingo";"15:10:00";"RJ";116;176;"SAO JOAO DE MERITI";"Condutor deixou de manter distância do veículo da frente";"Colisão traseira";"Com Vítimas Feridas";"Pleno dia";"Decrescente";"Nublado";"Dupla";"Reta";"Sim";4;0;1;1;2;0;2;2;-22,7839538;-43,38195488;"SPRF-RJ";"DEL06-RJ";"UOP01-DEL06-RJ"
563739;2023-11-26;"domingo";"14:45:00";"MS";163;567,1;"BANDEIRANTES";"Ausência de reação do condutor";"Tombamento";"Com Vítimas Feridas";"Pleno dia";"Crescente";"Nublado";"Simples";"Reta";"Não";1;0;1;0;0;0;1;1;-19,752187;-54,35692;"SPRF-MS";"DEL01-MS";"UOP02-DEL01-MS"
563740;2023-11-26;"domingo";"15:40:00";"MG";381;355;"JOAO MONLEVADE";"Acessar a via sem observar a presença dos outros veículos";"Colisão frontal";"Com Vítimas Feridas";"Pleno dia";"Decrescente";"Céu Claro";"Simples";"Declive;Curva";"Não";2;0;0;1;1;0;1;2;-19,84112398;-43,199388;"SPRF-MG";"DEL03-MG";"UOP01-DEL03-MG"
563741;2023-11-26;"domingo";"15:00:00";"DF";20;10,1;"BRASILIA";"Velocidade Incompatível";"Colisão traseira";"Com Vítimas Feridas";"Pleno dia";"Decrescente";"Céu Claro";"Dupla";"Retorno Regulamentado;Reta";"Sim";4;0;2;0;2;0;2;2;-15,650243;-47,773872;"SPRF-DF";"DEL02-DF";"UOP01-DEL02-DF"
563743;2023-11-26;"domingo";"15:40:00";"MG";365;626,3;"UBERLANDIA";"Condutor deixou de manter distância do veículo da frente";"Colisão lateral mesmo sentido";"Sem Vítimas";"Pleno dia";"Decrescente";"Chuva";"Dupla";"Reta;Declive";"Sim";2;0;0;0;2;0;0;2;-18,90658085;-48,33514452;"SPRF-MG";"DEL15-MG";"UOP01-DEL15-MG"
563745;2023-11-26;"domingo";"16:10:00";"SC";101;114;"ITAJAI";"Reação tardia ou ineficiente do condutor";"Tombamento";"Com Vítimas Feridas";"Pleno dia";"Crescente";"Nublado";"Múltipla";"Reta";"Sim";1;0;1;0;0;0;1;1;-26,86192886;-48,7286704;"SPRF-SC";"DEL04-SC";"UOP04-DEL04-SC"
563746;2023-11-26;"domingo";"15:10:00";"CE";222;223;"SOBRAL";"Ingestão de álcool pelo condutor";"Tombamento";"Com Vítimas Feridas";"Pleno dia";"Crescente";"Céu Claro";"Simples";"Reta";"Sim";1;0;0;1;0;0;1;1;-3,71599789;-40,33582694;"SPRF-CE";"DEL04-CE";"UOP01-DEL04-CE"
563747;2023-11-26;"domingo";"16:20:00";"BA";116;422;"FEIRA DE SANTANA";"Entrada inopinada do pedestre";"Atropelamento de Pedestre";"Com Vítimas Feridas";"Pleno dia";"Crescente";"Céu Claro";"Dupla";"Reta;Desvio Temporário;Em Obras";"Sim";2;0;1;1;0;0;2;2;-12,2359381;-38,97782063;"SPRF-BA";"DEL02-BA";"UOP01-DEL02-BA"
563748;2023-11-26;"domingo";"13:00:00";"MG";50;155;"UBERABA";"Avarias e/ou desgaste excessivo no pneu";"Saída de leito carroçável";"Com Vítimas Feridas";"Pleno dia";"Crescente";"Chuva";"Dupla";"Reta";"Não";4;0;4;0;0;0;4;1;-19,610938;-48,021189;"SPRF-MG";"DEL13-MG";"UOP01-DEL13-MG"
563752;2023-11-26;"domingo";"14:50:00";"PE";232;99,5;"BEZERROS";"Manobra de mudança de faixa";"Capotamento";"Com Vítimas Feridas";"Pleno dia";"Decrescente";"Sol";"Dupla";"Reta";"Não";1;0;1;0;0;0;1;1;-8,2367277;-35,73401605;"SPRF-PE";"DEL02-PE";"UOP02-DEL02PE"
563753;2023-11-26;"domingo";"15:07:00";"AL";316;153,8;"PALMEIRA DOS INDIOS";"Acesso irregular";"Colisão transversal";"Com Vítimas Feridas";"Pleno dia";"Decrescente";"Céu Claro";"Simples";"Reta";"Não";4;0;1;1;2;0;2;2;-9,43109097;-36,64197922;"SPRF-AL";"DEL03-AL";"UOP01-DEL03-AL"
563754;2023-11-26;"domingo";"17:09:00";"PE";101;76;"RECIFE";"Acostamento em desnível";"Queda de ocupante de veículo";"Com Vítimas Feridas";"Pleno dia";"Decrescente";"Céu Claro";"Dupla";"Reta";"Sim";2;0;1;1;0;0;2;1;-8,11813811;-34,94329214;"SPRF-PE";"DEL01-PE";"UOP01-DEL01-PE"
563755;2023-11-26;"domingo";"16:35:00";"MG";262;380;"JUATUBA";"Avarias e/ou desgaste excessivo no pneu";"Saída de leito carroçável";"Com Vítimas Feridas";"Pleno dia";"Crescente";"Céu Claro";"Dupla";"Aclive;Curva";"Não";1;0;1;0;0;0;1;1;-19,947864;-44,381226;"SPRF-MG";"DEL01-MG";"UOP03-DEL01-MG"
563756;2023-11-26;"domingo";"16:30:00";"CE";116;29;"ITAITINGA";"Transitar na contramão";"Colisão frontal";"Com Vítimas Feridas";"Pleno dia";"Crescente";"Céu Claro";"Dupla";"Reta";"Sim";2;0;0;1;1;0;1;2;-3,98418708;-38,5151357;"SPRF-CE";"DEL01-CE";"UOP02-DEL01-CE"
563758;2023-11-26;"domingo";"17:10:00";"PR";369;140,9;"IBIPORA";"Reação tardia ou ineficiente do condutor";"Tombamento";"Com Vítimas Feridas";"Pleno dia";"Decrescente";"Céu Claro";"Dupla";"Rotatória";"Não";1;0;1;0;0;0;1;1;-23,285637;-51,074218;"SPRF-PR";"DEL07-PR";"UOP01-DEL07-PR"
563759;2023-11-26;"domingo";"16:25:00";"MG";381;932,3;"EXTREMA";"Ingestão de álcool pelo condutor";"Saída de leito carroçável";"Com Vítimas Feridas";"Pleno dia";"Decrescente";"Céu Claro";"Dupla";"Curva";"Não";2;0;0;2;0;0;2;1;-22,79335797;-46,24720875;"SPRF-MG";"DEL16-MG";"UOP03-DEL16-MG"
563760;2023-11-26;"domingo";"16:00:00";"PR";153;237,8;"TIBAGI";"Ultrapassagem Indevida";"Colisão frontal";"Com Vítimas Feridas";"Pleno dia";"Crescente";"Nublado";"Simples";"Declive;Curva";"Não";3;0;1;1;0;1;2;3;-24,77119468;-50,46625078;"SPRF-PR";"DEL03-PR";"UOP02-DEL03-PR"
563761;2023-11-26;"domingo";"17:00:00";"SC";282;3,2;"FLORIANOPOLIS";"Reação tardia ou ineficiente do condutor";"Colisão com objeto";"Com Vítimas Feridas";"Pleno dia";"Crescente";"Nublado";"Dupla";"Declive;Curva";"Sim";2;0;0;2;0;0;2;1;-27,600384;-48,599705;"SPRF-SC";"DEL01-SC";"UOP01-DEL01-SC"
563763;2023-11-26;"domingo";"17:45:00";"PB";230;9,9;"CABEDELO";"Demais falhas na via";"Colisão com objeto";"Com Vítimas Feridas";"Anoitecer";"Crescente";"Céu Claro";"Dupla";"Interseção de Vias;Reta;Em Obras";"Sim";2;0;1;0;1;0;1;1;-7,05087248;-34,84989882;"SPRF-PB";"DEL01-PB";"UOP01-DEL01-PB"
563764;2023-11-26;"domingo";"17:40:00";"GO";40;3,4;"VALPARAISO DE GOIAS";"Trafegar com motocicleta (ou similar) entre as faixas";"Colisão traseira";"Com Vítimas Feridas";"Pleno dia";"Decrescente";"Céu Claro";"Dupla";"Reta";"Sim";5;0;2;0;3;0;2;2;-16,076081;-47,985671;"SPRF-DF";"DEL01-DF";"UOP01-DEL01-DF"
563768;2023-11-26;"domingo";"16:16:00";"MA";135;6,4;"SAO LUIS";"Manobra de mudança de faixa";"Colisão lateral mesmo sentido";"Com Vítimas Feridas";"Pleno dia";"Crescente";"Céu Claro";"Dupla";"Reta";"Sim";2;0;1;0;1;0;1;2;-2,53073;-44,3068;"SPRF-MA";"DEL01-MA";"UOP01-DEL01-MA"
563769;2023-11-26;"domingo";"13:50:00";"RS";116;362;"TAPES";"Reação tardia ou ineficiente do condutor";"Saída de leito carroçável";"Com Vítimas Feridas";"Pleno dia";"Decrescente";"Céu Claro";"Dupla";"Curva";"Não";1;0;1;0;0;0;1;1;-30,63998901;-51,5567565;"SPRF-RS";"DEL02-RS";"UOP02-DEL02-RS"
563770;2023-11-26;"domingo";"11:00:00";"MG";262;811;"UBERABA";"Ingestão de álcool pelo condutor";"Saída de leito carroçável";"Sem Vítimas";"Pleno dia";"Decrescente";"Céu Claro";"Dupla";"Reta";"Sim";1;0;0;0;1;0;0;1;-19,76527861;-48,11638905;"SPRF-MG";"DEL13-MG";"UOP01-DEL13-MG"
563772;2023-11-26;"domingo";"17:30:00";"MG";381;812,4;"CAREACU";"Reação tardia ou ineficiente do condutor";"Saída de leito carroçável";"Com Vítimas Feridas";"Pleno dia";"Crescente";"Chuva";"Dupla";"Declive;Curva";"Não";4;0;3;0;1;0;3;1;-22,06199504;-45,70068392;"SPRF-MG";"DEL16-MG";"UOP02-DEL16-MG"