"id";"data_inversa";"dia_semana";"horario";"uf";"br";"km";"municipio";"causa_acidente";"tipo_acidente";"classificacao_acidente";"fase_dia";"sentido_via";"condicao_metereologica";"tipo_pista";"tracado_via";"uso_solo";"pessoas";"mortos";"feridos_leves";"feridos_graves";"ilesos";"ignorados";"feridos";"veiculos";"latitude";"longitude";"regional";"delegacia";"uop"
563884;2023-11-27;"segunda-feira";"07:35:00";"SP";116;199;"ARUJA";"Ausência de reação do condutor";"Atropelamento de Pedestre";"Com Vítimas Feridas";"Pleno dia";"Crescente";"Nublado";"Dupla";"Reta";"Não";2;0;1;0;1;0;1;2;-23,40185327;-46,31154312;"SPRF-SP";"DEL01-SP";"UOP01-DEL01-SP"
563885;2023-11-27;"segunda-feira";"06:15:00";"RJ";101;307;"SAO GONCALO";"Trafegar com motocicleta (ou similar) entre as faixas";"Colisão traseira";"Com Vítimas Feridas";"Pleno dia";"Crescente";"Céu Claro";"Dupla";"Reta";"Não";5;0;2;0;3;0;2;2;-22,79115777;-43,01514205;"SPRF-RJ";"DEL02-RJ";"UOP02-DEL02-RJ"
563886;2023-11-27;"segunda-feira";"07:45:00";"RS";116;242,4;"SAO LEOPOLDO";"Reação tardia ou ineficiente do condutor";"Colisão traseira";"Com Vítimas Feridas";"Pleno dia";"Decrescente";"Céu Claro";"Dupla";"Reta";"Sim";2;0;1;0;1;0;1;2;-29,72297087;-51,14858729;"SPRF-RS";"DEL01-RS";"UOP02-DEL01-RS"
563887;2023-11-27;"segunda-feira";"05:45:00";"MG";153;89;"PRATA";"Condutor Dormindo";"Saída de leito carroçável";"Com Vítimas Feridas";"Amanhecer";"Crescente";"Chuva";"Simples";"Declive";"Não";1;0;1;0;0;0;1;1;-19,13488186;-48,96609844;"SPRF-MG";"DEL15-MG";"UOP03-DEL15-MG"
563888;2023-11-27;"segunda-feira";"07:10:00";"MG";381;249;"SANTANA DO PARAISO";"Acessar a via sem observar a presença dos outros veículos";"Colisão lateral mesmo sentido";"Com Vítimas Feridas";"Pleno dia";"Decrescente";"Céu Claro";"Simples";"Reta";"Não";3;0;1;2;0;0;3;3;-19,4437175;-42,51300551;"SPRF-MG";"DEL06-MG";"UOP01-DEL06-MG"
563889;2023-11-27;"segunda-feira";"05:30:00";"PR";476;310;"SAO MATEUS DO SUL";"Velocidade Incompatível";"Saída de leito carroçável";"Com Vítimas Feridas";"Pleno dia";"Decrescente";"Céu Claro";"Simples";"Curva";"Não";1;0;0;1;0;0;1;1;-26,020008;-50,65263;"SPRF-PR";"DEL02-PR";"UOP03-DEL02-PR"
563890;2023-11-27;"segunda-feira";"07:30:00";"MG";40;514;"RIBEIRAO DAS NEVES";"Entrada inopinada do pedestre";"Atropelamento de Pedestre";"Com Vítimas Feridas";"Pleno dia";"Crescente";"Céu Claro";"Dupla";"Reta";"Sim";2;0;2;0;0;0;2;2;-19,80151928;-44,10000333;"SPRF-MG";"DEL01-MG";"UOP02-DEL01-MG"
563892;2023-11-27;"segunda-feira";"07:25:00";"GO";70;10;"AGUAS LINDAS DE GOIAS";"Manobra de mudança de faixa";"Tombamento";"Com Vítimas Feridas";"Pleno dia";"Crescente";"Céu Claro";"Múltipla";"Reta";"Não";2;0;1;0;1;0;1;2;-15,73738129;-48,29228118;"SPRF-DF";"DEL03-DF";"UOP02-DEL03-DF"
563893;2023-11-27;"segunda-feira";"07:25:00";"SC";280;16;"SAO FRANCISCO DO SUL";"Transitar na contramão";"Colisão lateral sentido oposto";"Com Vítimas Feridas";"Pleno dia";"Crescente";"Céu Claro";"Simples";"Reta";"Não";5;0;1;0;4;0;1;2;-26,34729908;-48,65797872;"SPRF-SC";"DEL03-SC";"UOP03-DEL03-SC"
563896;2023-11-27;"segunda-feira";"07:15:00";"PE";407;127;"PETROLINA";"Ultrapassagem Indevida";"Colisão traseira";"Com Vítimas Feridas";"Pleno dia";"Crescente";"Céu Claro";"Simples";"Reta;Em Obras";"Sim";2;0;2;0;0;0;2;1;-9,3908678;-40,52038627;"SPRF-PE";"DEL06-PE";"UOP01-DEL06-PE"
563897;2023-08-17;"quinta-feira";"16:42:00";"PR";376;178,6;"MARINGA";"Reação tardia ou ineficiente do condutor";"Colisão traseira";"Com Vítimas Feridas";"Pleno dia";"Crescente";"Ignorado";"Múltipla";"Interseção de Vias";"Não";1;0;0;1;0;0;1;1;-23,4192146;-51,91293985;"SPRF-PR";"DEL09-PR";"UOP01-DEL09-PR"
563898;2023-11-27;"segunda-feira";"07:10:00";"DF";40;2;"BRASILIA";"Trafegar com motocicleta (ou similar) entre as faixas";"Colisão traseira";"Com Vítimas Feridas";"Pleno dia";"Decrescente";"Chuva";"Dupla";"Reta;Aclive;Viaduto";"Sim";4;0;1;0;3;0;1;3;-15,99435;-47,985947;"SPRF-DF";"DEL01-DF";"UOP01-DEL01-DF"
563899;2023-09-16;"sábado";"18:00:00";"MG";267;133;"JUIZ DE FORA";"Curva acentuada";"Capotamento";"Com Vítimas Feridas";"Anoitecer";"Crescente";"Céu Claro";"Simples";"Curva;Declive";"Não";2;0;1;0;1;0;1;1;-21,77269778;-43,61024615;"SPRF-MG";"DEL05-MG";"UOP01-DEL05-MG"
563900;2023-11-24;"sexta-feira";"06:20:00";"PE";101;61,7;"RECIFE";"Condutor deixou de manter distância do veículo da frente";"Colisão traseira";"Com Vítimas Feridas";"Pleno dia";"Decrescente";"Céu Claro";"Múltipla";"Reta";"Sim";2;0;1;0;1;0;1;2;-7,99097103;-34,93598295;"SPRF-PE";"DEL01-PE";"UOP02-DEL01-PE"
563901;2023-11-27;"segunda-feira";"08:50:00";"MG";153;42;"CANAPOLIS";"Velocidade Incompatível";"Saída de leito carroçável";"Com Vítimas Feridas";"Pleno dia";"Decrescente";"Céu Claro";"Dupla";"Reta;Declive";"Não";5;0;4;0;0;1;4;2;-18,7557052;-49,07788634;"SPRF-MG";"DEL15-MG";"UOP03-DEL15-MG"
563902;2023-11-27;"segunda-feira";"06:50:00";"RO";364;6;"VILHENA";"Ausência de reação do condutor";"Colisão traseira";"Com Vítimas Feridas";"Pleno dia";"Decrescente";"Céu Claro";"Simples";"Reta";"Não";2;0;0;1;1;0;1;2;-12,7809996;-60,0916488;"SPRF-RO";"DEL04-RO";"UOP01-DEL04-RO"
563903;2023-11-27;"segunda-feira";"09:15:00";"SP";116;499;"CAJATI";"Reação tardia ou ineficiente do condutor";"Saída de leito carroçável";"Com Vítimas Feridas";"Pleno dia";"Crescente";"Chuva";"Simples";"Aclive;Curva";"Não";1;0;1;0;0;0;1;1;-24,78228753;-48,17695233;"SPRF-SP";"DEL05-SP";"UOP02-DEL05-SP"
563905;2023-11-27;"segunda-feira";"08:30:00";"ES";101;279,8;"SERRA";"Retorno proibido";"Colisão transversal";"Com Vítimas Feridas";"Pleno dia";"Decrescente";"Nublado";"Dupla";"Retorno Regulamentado";"Não";2;0;0;1;1;0;1;2;-20,2185181;-40,3455201;"SPRF-ES";"DEL02-ES";"UOP01-DEL02-ES"
563906;2023-11-27;"segunda-feira";"09:30:00";"SC";101;202,3;"SAO JOSE";"Manobra de mudança de faixa";"Colisão traseira";"Com Vítimas Feridas";"Pleno dia";"Crescente";"Garoa/Chuvisco";"Dupla";"Reta";"Não";2;0;1;0;1;0;1;2;-27,55662999;-48,619169;"SPRF-SC";"DEL01-SC";"UOP01-DEL01-SC"
563908;2023-11-27;"segunda-feira";"08:30:00";"AL";101;177;"TEOTONIO VILELA";"Transitar na contramão";"Colisão frontal";"Com Vítimas Feridas";"Pleno dia";"Crescente";"Nublado";"Dupla";"Curva";"Não";2;0;1;0;1;0;1;2;-9,88962;-36,382435;"SPRF-AL";"DEL02-AL";"UOP02-DEL02-AL"
563911;2023-11-27;"segunda-feira";"10:00:00";"MT";158;715,3;"BARRA DO GARCAS";"Velocidade Incompatível";"Saída de leito carroçável";"Com Vítimas Feridas";"Pleno dia";"Crescente";"Céu Claro";"Simples";"Curva";"Não";1;0;1;0;0;0;1;1;-15,18154098;-52,18080293;"SPRF-MT";"DEL07-MT";"UOP01-DEL07-MT"
563915;2023-11-27;"segunda-feira";"09:25:00";"MS";163;481;"CAMPO GRANDE";"Ausência de reação do condutor";"Colisão lateral mesmo sentido";"Com Vítimas Feridas";"Pleno dia";"Decrescente";"Céu Claro";"Simples";"Reta;Declive";"Não";3;0;1;0;2;0;1;2;-20,46580512;-54,55832742;"SPRF-MS";"DEL01-MS";"UOP01-DEL01-MS"
563916;2023-11-27;"segunda-feira";"10:00:00";"ES";101;260,9;"SERRA";"Retorno proibido";"Colisão transversal";"Com Vítimas Feridas";"Pleno dia";"Crescente";"Céu Claro";"Dupla";"Curva";"Sim";2;0;1;0;1;0;1;2;-20,14616415;-40,28836206;"SPRF-ES";"DEL02-ES";"UOP01-DEL02-ES"
563918;2023-11-03;"sexta-feira";"13:15:00";"CE";116;1;"FORTALEZA";"Condutor deixou de manter distância do veículo da frente";"Colisão lateral mesmo sentido";"Com Vítimas Feridas";"Pleno dia";"Decrescente";"Céu Claro";"Dupla";"Reta";"Não";2;0;1;0;1;0;1;2;-3,76159894;-38,51900662;"SPRF-CE";"DEL01-CE";"UOP02-DEL01-CE"
563919;2023-08-18;"sexta-feira";"14:35:00";"SE";101;102,1;"SAO CRISTOVAO";"Manobra de mudança de faixa";"Colisão lateral mesmo sentido";"Com Vítimas Feridas";"Pleno dia";"Crescente";"Céu Claro";"Dupla";"Reta";"Não";3;0;1;0;2;0;1;2;-10,94880037;-37,21099182;"SPRF-SE";"DEL02-SE";"UOP01-DEL02-SE"
563920;2023-11-26;"domingo";"23:30:00";"PI";316;331,4;"GEMINIANO";"Animais na Pista";"Atropelamento de Animal";"Com Vítimas Feridas";"Plena Noite";"Decrescente";"Ignorado";"Simples";"Reta";"Não";1;0;0;1;0;0;1;1;-7,10366323;-41,29901302;"SPRF-PI";"DEL04-PI";"UOP01-DEL04-PI"
563922;2023-11-27;"segunda-feira";"11:30:00";"PI";343;8,5;"PARNAIBA";"Desrespeitar a preferência no cruzamento";"Colisão transversal";"Com Vítimas Feridas";"Pleno dia";"Decrescente";"Sol";"Simples";"Interseção de Vias";"Sim";2;0;0;1;1;0;1;2;-2,90019712;-41,72932073;"SPRF-PI";"DEL05-PI";"UOP01-DEL05-PI"
563923;2023-11-27;"segunda-feira";"11:10:00";"RS";116;39,3;"VACARIA";"Desrespeitar a preferência no cruzamento";"Colisão transversal";"Com Vítimas Feridas";"Pleno dia";"Crescente";"Nublado";"Simples";"Rotatória;Interseção de Vias";"Sim";3;0;1;0;2;0;1;2;-28,5120121;-50,93237991;"SPRF-RS";"DEL05-RS";"UOP03-DEL05-RS"
563925;2023-11-27;"segunda-feira";"11:50:00";"CE";222;2,4;"FORTALEZA";"Pedestre cruzava a pista fora da faixa";"Atropelamento de Pedestre";"Com Vítimas Feridas";"Pleno dia";"Crescente";"Sol";"Múltipla";"Reta;Interseção de Vias";"Sim";2;0;1;0;1;0;1;2;-3,739518;-38,59136;"SPRF-CE";"DEL01-CE";"UOP01-DEL01-CE"
563926;2023-11-27;"segunda-feira";"11:40:00";"SC";101;203,5;"SAO JOSE";"Reação tardia ou ineficiente do condutor";"Colisão com objeto";"Com Vítimas Feridas";"Pleno dia";"Crescente";"Garoa/Chuvisco";"Simples";"Reta";"Sim";1;0;0;1;0;0;1;1;-27,5650044;-48,61460082;"SPRF-SC";"DEL01-SC";"UOP01-DEL01-SC"
563928;2023-11-27;"segunda-feira";"12:00:00";"MG";381;492;"BETIM";"Ausência de reação do condutor";"Colisão traseira";"Com Vítimas Feridas";"Pleno dia";"Decrescente";"Céu Claro";"Múltipla";"Reta";"Não";5;0;2;0;3;0;2;3;-19,96245522;-44,16395009;"SPRF-MG";"DEL01-MG";"UOP03-DEL01-MG"
563929;2023-11-27;"segunda-feira";"10:05:00";"MG";381;157,5;"GOVERNADOR VALADARES";"Ultrapassagem Indevida";"Colisão frontal";"Com Vítimas Feridas";"Pleno dia";"Crescente";"Nublado";"Simples";"Reta";"Não";4;0;2;0;2;0;2;2;-18,91099925;-42,00762101;"SPRF-MG";"DEL06-MG";"UOP01-DEL06-MG"
563930;2023-11-14;"terça-feira";"17:40:00";"PR";116;209;"RIO NEGRO";"Reação tardia ou ineficiente do condutor";"Queda de ocupante de veículo";"Com Vítimas Feridas";"Pleno dia";"Decrescente";"Nublado";"Simples";"Reta";"Sim";2;0;1;0;0;1;1;2;-26,07620916;-49,75230908;"SPRF-SC";"DEL06-SC";"UOP01-DEL06-SC"
563931;2023-11-19;"domingo";"02:50:00";"MS";163;496;"CAMPO GRANDE";"Animais na Pista";"Atropelamento de Animal";"Sem Vítimas";"Plena Noite";"Crescente";"Céu Claro";"Simples";"Reta";"Não";3;0;0;0;3;0;0;1;-20,35754;-54,523836;"SPRF-MS";"DEL01-MS";"UOP02-DEL01-MS"
563933;2023-11-18;"sábado";"10:26:00";"PR";369;148;"LONDRINA";"Ausência de reação do condutor";"Colisão traseira";"Com Vítimas Feridas";"Pleno dia";"Crescente";"Céu Claro";"Dupla";"Reta";"Sim";3;0;2;0;0;1;2;2;-23,29287296;-51,1601007;"SPRF-PR";"DEL07-PR";"UOP01-DEL07-PR"
563934;2023-11-27;"segunda-feira";"12:00:00";"PB";230;156,8;"CAMPINA GRANDE";"Condutor deixou de manter distância do veículo da frente";"Colisão traseira";"Com Vítimas Feridas";"Pleno dia";"Crescente";"Céu Claro";"Simples";"Interseção de Vias";"Sim";4;0;1;0;3;0;1;2;-7,2693;-35,9138;"SPRF-PB";"DEL02-PB";"UOP01-DEL02-PB"
563935;2023-11-27;"segunda-feira";"09:00:00";"BA";101;834,6;"PRADO";"Ausência de reação do condutor";"Colisão frontal";"Com Vítimas Feridas";"Pleno dia";"Crescente";"Céu Claro";"Dupla";"Curva";"Não";5;0;2;2;1;0;4;2;-17,24935094;-39,62150574;"SPRF-BA";"DEL09-BA";"UOP02-DEL09-BA"
563939;2023-11-27;"segunda-feira";"12:30:00";"PE";101;77;"RECIFE";"Condutor deixou de manter distância do veículo da frente";"Colisão traseira";"Com Vítimas Feridas";"Pleno dia";"Crescente";"Nublado";"Dupla";"Reta";"Não";2;0;1;0;1;0;1;2;-8,126982;-34,94386;"SPRF-PE";"DEL01-PE";"UOP01-DEL01-PE"
563942;2023-11-27;"segunda-feira";"09:00:00";"SC";101;118,2;"ITAJAI";"Avarias e/ou desgaste excessivo no pneu";"Tombamento";"Com Vítimas Feridas";"Pleno dia";"Decrescente";"Garoa/Chuvisco";"Dupla";"Reta";"Sim";1;0;1;0;0;0;1;1;-26,895859;-48,71903;"SPRF-SC";"DEL04-SC";"UOP04-DEL04-SC"
563944;2023-11-27;"segunda-feira";"12:15:00";"RO";364;237,9;"CACOAL";"Acessar a via sem observar a presença dos outros veículos";"Colisão transversal";"Com Vítimas Feridas";"Pleno dia";"Decrescente";"Céu Claro";"Simples";"Reta";"Sim";2;0;1;0;1;0;1;2;-11,44063799;-61,45194929;"SPRF-RO";"DEL02-RO";"UOP02-DEL02-RO"
563945;2023-11-27;"segunda-feira";"13:00:00";"SP";153;63;"SAO JOSE DO RIO PRETO";"Ausência de reação do condutor";"Engavetamento";"Com Vítimas Feridas";"Pleno dia";"Crescente";"Nublado";"Dupla";"Aclive";"Sim";4;0;2;0;2;0;2;3;-20,82149698;-49,35764818;"SPRF-SP";"DEL09-SP";"UOP01-DEL09-SP"
563946;2023-11-27;"segunda-feira";"12:00:00";"GO";153;659;"GOIATUBA";"Objeto estático sobre o leito carroçável";"Saída de leito carroçável";"Com Vítimas Feridas";"Pleno dia";"Decrescente";"Nublado";"Dupla";"Reta";"Não";2;0;2;0;0;0;2;1;-18,0458;-49,2679;"SPRF-GO";"DEL03-GO";"UOP01-DEL03-GO"
563947;2023-11-24;"sexta-feira";"06:30:00";"SC";101;443,9;"SANTA ROSA DO SUL";"Acumulo de areia ou detritos sobre o pavimento";"Tombamento";"Com Vítimas Feridas";"Amanhecer";"Decrescente";"Nublado";"Múltipla";"Reta;Interseção de Vias;Viaduto";"Sim";1;0;1;0;0;0;1;1;-29,13223626;-49,69660393;"SPRF-SC";"DEL02-SC";"UOP02-DEL02-SC"
563949;2023-11-27;"segunda-feira";"13:05:00";"RS";285;484,3;"ENTRE-IJUIS";"Avarias e/ou desgaste excessivo no pneu";"Saída de leito carroçável";"Com Vítimas Feridas";"Pleno dia";"Crescente";"Garoa/Chuvisco";"Simples";"Reta";"Não";3;0;3;0;0;0;3;1;-28,372733;-54,146156;"SPRF-RS";"DEL10-RS";"UOP01-DEL10-RS"
563951;2023-11-27;"segunda-feira";"07:40:00";"SC";282;386,8;"JOACABA";"Velocidade Incompatível";"Saída de leito carroçável";"Com Vítimas Feridas";"Pleno dia";"Crescente";"Céu Claro";"Simples";"Reta;Aclive";"Não";1;0;1;0;0;0;1;1;-27,18566;-51,518942;"SPRF-SC";"DEL07-SC";"UOP05-DEL07-SC"
563953;2023-11-27;"segunda-feira";"07:00:00";"PB";101;89;"JOAO PESSOA";"Condutor deixou de manter distância do veículo da frente";"Engavetamento";"Sem Vítimas";"Pleno dia";"Crescente";"Nublado";"Dupla";"Reta";"Não";3;0;0;0;2;1;0;3;-7,1710694;-34,89765372;"SPRF-PB";"DEL01-PB";"UOP02-DEL01-PB"
563954;2023-11-27;"segunda-feira";"10:40:00";"PE";232;473;"MIRANDIBA";"Reação tardia ou ineficiente do condutor";"Colisão com objeto";"Sem Vítimas";"Pleno dia";"Decrescente";"Céu Claro";"Simples";"Curva;Aclive";"Não";1;0;0;0;0;1;0;1;-8,0171659;-38,82834004;"SPRF-PE";"DEL05-PE";"UOP01-DEL05-PE"
563957;2023-11-10;"sexta-feira";"21:30:00";"MG";40;645,8;"CRISTIANO OTONI";"Animais na Pista";"Atropelamento de Animal";"Com Vítimas Feridas";"Plena Noite";"Decrescente";"Céu Claro";"Simples";"Reta";"Não";1;0;1;0;0;0;1;1;-20,792954;-43,810333;"SPRF-MG";"DEL05-MG";"UOP02-DEL05-MG"
563959;2023-11-27;"segunda-feira";"15:00:00";"MG";381;938,5;"EXTREMA";"Chuva";"Saída de leito carroçável";"Com Vítimas Feridas";"Pleno dia";"Crescente";"Chuva";"Dupla";"Reta";"Não";1;0;1;0;0;0;1;1;-22,83909203;-46,32850893;"SPRF-MG";"DEL16-MG";"UOP03-DEL16-MG"
563962;2023-11-27;"segunda-feira";"14:35:00";"MS";163;278,7;"DOURADOS";"Ausência de reação do condutor";"Colisão com objeto";"Com Vítimas Feridas";"Pleno dia";"Decrescente";"Chuva";"Dupla";"Rotatória";"Não";1;0;1;0;0;0;1;1;-22,14457824;-54,62811649;"SPRF-MS";"DEL04-MS";"UOP01-DEL04-MS"
563963;2023-11-27;"segunda-feira";"14:15:00";"SC";101;353,5;"JAGUARUNA";"Reação tardia ou ineficiente do condutor";"Colisão traseira";"Com Vítimas Feridas";"Pleno dia";"Crescente";"Nublado";"Dupla";"Reta;Em Obras;Aclive";"Não";3;0;3;0;0;0;3;2;-28,62077648;-49,07426476;"SPRF-SC";"DEL02-SC";"UOP01-DEL02-SC"
563964;2023-11-27;"segunda-feira";"07:00:00";"RO";435;124;"CEREJEIRAS";"Reação tardia ou ineficiente do condutor";"Colisão lateral mesmo sentido";"Com Vítimas Feridas";"Pleno dia";"Decrescente";"Céu Claro";"Dupla";"Reta;Interseção de Vias";"Sim";2;0;0;1;1;0;1;2;-13,188876;-60,817287;"SPRF-RO";"DEL04-RO";"UOP02-DEL04-RO"
563966;2023-11-27;"segunda-feira";"15:30:00";"SC";101;58;"ARAQUARI";"Chuva";"Saída de leito carroçável";"Com Vítimas Feridas";"Pleno dia";"Decrescente";"Chuva";"Dupla";"Curva";"Não";1;0;1;0;0;0;1;1;-26,44025049;-48,80129043;"SPRF-SC";"DEL03-SC";"UOP02-DEL03-SC"
563967;2023-11-27;"segunda-feira";"15:30:00";"PI";316;314;"PICOS";"Acessar a via sem observar a presença dos outros veículos";"Colisão transversal";"Com Vítimas Feridas";"Pleno dia";"Decrescente";"Céu Claro";"Simples";"Reta";"Sim";3;0;2;0;0;1;2;2;-7,0776992;-41,44117384;"SPRF-PI";"DEL04-PI";"UOP01-DEL04-PI"
563968;2023-11-27;"segunda-feira";"15:30:00";"SC";101;134;"BALNEARIO CAMBORIU";"Desrespeitar a preferência no cruzamento";"Colisão transversal";"Com Vítimas Feridas";"Pleno dia";"Crescente";"Céu Claro";"Simples";"Interseção de Vias";"Sim";2;0;0;1;1;0;1;2;-27,00218;-48,636433;"SPRF-SC";"DEL04-SC";"UOP03-DEL04-SC"
563969;2023-11-27;"segunda-feira";"15:50:00";"SP";116;0,5;"QUELUZ";"Manobra de mudança de faixa";"Colisão com objeto";"Com Vítimas Feridas";"Pleno dia";"Crescente";"Nublado";"Dupla";"Reta";"Não";2;0;1;0;1;0;1;1;-22,51857322;-44,70793587;"SPRF-SP";"DEL08-SP";"UOP02-DEL08-SP"
563970;2023-11-27;"segunda-feira";"15:00:00";"RJ";101;386;"RIO DE JANEIRO";"Condutor deixou de manter distância do veículo da frente";"Colisão traseira";"Com Vítimas Feridas";"Pleno dia";"Crescente";"Céu Claro";"Múltipla";"Reta";"Não";2;0;1;0;1;0;1;2;-22,88295192;-43,64094302;"SPRF-RJ";"DEL03-RJ";"UOP01-DEL03-RJ"
563971;2023-11-27;"segunda-feira";"15:45:00";"GO";153;94,1;"ANAPOLIS";"Demais falhas mecânicas ou elétricas";"Incêndio";"Sem Vítimas";"Pleno dia";"Decrescente";"Céu Claro";"Simples";"Reta";"Sim";1;0;0;0;1;0;0;1;-16,357348;-48,930909;"SPRF-GO";"DEL07-GO";"UOP01-DEL07-GO"
563973;2023-11-27;"segunda-feira";"15:00:00";"MG";116;411,8;"GOVERNADOR VALADARES";"Acessar a via sem observar a presença dos outros veículos";"Colisão lateral mesmo sentido";"Com Vítimas Feridas";"Pleno dia";"Crescente";"Sol";"Dupla";"Curva;Aclive";"Sim";2;0;0;1;1;0;1;2;-18,86244705;-41,97405237;"SPRF-MG";"DEL06-MG";"UOP01-DEL06-MG"
563974;2023-11-27;"segunda-feira";"16:00:00";"PR";277;3;"FOZ DO IGUACU";"Demais falhas mecânicas ou elétricas";"Incêndio";"Com Vítimas Feridas";"Pleno dia";"Crescente";"Chuva";"Dupla";"Reta";"Sim";1;0;1;0;0;0;1;1;-25,5469;-54,5882;"SPRF-PR";"DEL05-PR";"UOP03-DEL05-PR"
563975;2023-11-27;"segunda-feira";"15:30:00";"RN";101;96,7;"NATAL";"Manobra de mudança de faixa";"Colisão lateral mesmo sentido";"Com Vítimas Feridas";"Pleno dia";"Decrescente";"Chuva";"Múltipla";"Reta";"Não";2;0;1;0;0;1;1;2;-5,84949622;-35,20890752;"SPRF-RN";"DEL01-RN";"UOP01-DEL01-RN"
563977;2023-11-27;"segunda-feira";"15:05:00";"BA";116;678;"JEQUIE";"Afundamento ou ondulação no pavimento";"Tombamento";"Com Vítimas Feridas";"Pleno dia";"Decrescente";"Céu Claro";"Simples";"Reta";"Não";2;0;1;0;1;0;1;1;-13,88612634;-40,13920695;"SPRF-BA";"DEL03-BA";"UOP01-DEL03-BA"
563979;2023-11-27;"segunda-feira";"13:15:00";"MT";70;0,3;"PONTAL DO ARAGUAIA";"Condutor deixou de manter distância do veículo da frente";"Colisão traseira";"Com Vítimas Feridas";"Pleno dia";"Crescente";"Sol";"Simples";"Ponte";"Sim";2;0;1;0;1;0;1;2;-15,895538;-52,25599;"SPRF-MT";"DEL07-MT";"UOP01-DEL07-MT"
563980;2023-11-27;"segunda-feira";"14:10:00";"PA";155;307;"MARABA";"Reação tardia ou ineficiente do condutor";"Saída de leito carroçável";"Com Vítimas Feridas";"Pleno dia";"Decrescente";"Céu Claro";"Simples";"Reta;Declive";"Não";1;0;1;0;0;0;1;1;-5,67838705;-49,11460166;"SPRF-PA";"DEL03-PA";"UOP01-DEL03-PA"
563981;2023-11-27;"segunda-feira";"16:30:00";"MG";40;553;"NOVA LIMA";"Demais falhas mecânicas ou elétricas";"Colisão traseira";"Com Vítimas Feridas";"Pleno dia";"Crescente";"Nublado";"Simples";"Curva";"Sim";2;0;1;0;1;0;1;2;-20,06863326;-43,98194759;"SPRF-MG";"DEL01-MG";"UOP02-DEL01-MG"
563987;2023-11-27;"segunda-feira";"17:45:00";"SE";235;20;"NOSSA SENHORA DO SOCORRO";"Pista Escorregadia";"Tombamento";"Com Vítimas Feridas";"Plena Noite";"Crescente";"Chuva";"Simples";"Reta;Aclive";"Não";4;0;3;1;0;0;4;1;-10,834111;-37,221916;"SPRF-SE";"DEL01-SE";"UOP02-DEL01-SE"
563988;2023-11-27;"segunda-feira";"14:55:00";"MT";364;277;"JACIARA";"Retorno proibido";"Colisão transversal";"Com Vítimas Feridas";"Pleno dia";"Decrescente";"Céu Claro";"Dupla";"Reta;Aclive";"Não";2;0;0;1;1;0;1;2;-15,95076591;-54,99952397;"SPRF-MT";"DEL05-MT";"UOP02-DEL05-MT"
563989;2023-11-27;"segunda-feira";"17:00:00";"SP";116;275;"EMBU DAS ARTES";"Avarias e/ou desgaste excessivo no pneu";"Queda de ocupante de veículo";"Sem Vítimas";"Pleno dia";"Crescente";"Chuva";"Dupla";"Reta";"Sim";2;0;0;0;2;0;0;1;-23,63638826;-46,83251584;"SPRF-SP";"DEL04-SP";"UOP01-DEL04-SP"
563990;2023-11-27;"segunda-feira";"18:25:00";"PR";376;149,1;"LONDRINA";"Animais na Pista";"Atropelamento de Animal";"Com Vítimas Feridas";"Pleno dia";"Decrescente";"Céu Claro";"Dupla";"Reta";"Sim";1;0;1;0;0;0;1;1;-23,292994;-51,153107;"SPRF-PR";"DEL09-PR";"UOP01-DEL09-PR"
563991;2023-11-27;"segunda-feira";"17:40:00";"MG";40;784;"JUIZ DE FORA";"Acessar a via sem observar a presença dos outros veículos";"Colisão lateral mesmo sentido";"Com Vítimas Feridas";"Anoitecer";"Decrescente";"Céu Claro";"Dupla";"Retorno Regulamentado;Interseção de Vias";"Não";2;0;1;0;1;0;1;2;-21,71178893;-43,44743099;"SPRF-MG";"DEL05-MG";"UOP01-DEL05-MG"
563992;2023-11-27;"segunda-feira";"17:59:00";"PR";277;7;"PARANAGUA";"Acessar a via sem observar a presença dos outros veículos";"Colisão transversal";"Com Vítimas Feridas";"Pleno dia";"Decrescente";"Chuva";"Simples";"Reta;Interseção de Vias";"Sim";2;0;1;0;1;0;1;2;-25,51272906;-48,52089286;"SPRF-PR";"DEL01-PR";"UOP05-DEL01-PR"
563993;2023-11-27;"segunda-feira";"17:40:00";"PR";277;3;"FOZ DO IGUACU";"Reação tardia ou ineficiente do condutor";"Colisão lateral mesmo sentido";"Com Vítimas Feridas";"Anoitecer";"Crescente";"Nublado";"Dupla";"Curva";"Sim";3;0;1;0;2;0;1;2;-25,48388094;-54,58250284;"SPRF-PR";"DEL01-PR";"UOP05-DEL01-PR"
563994;2023-11-27;"segunda-feira";"17:24:00";"GO";40;30;"LUZIANIA";"Ausência de reação do condutor";"Saída de leito carroçável";"Com Vítimas Feridas";"Anoitecer";"Decrescente";"Céu Claro";"Dupla";"Reta";"Não";2;0;2;0;0;0;2;1;-16,277312;-47,86291;"SPRF-DF";"DEL01-DF";"UOP01-DEL01-DF"
563995;2023-11-27;"segunda-feira";"17:40:00";"RJ";101;452;"MANGARATIBA";"Ausência de reação do condutor";"Colisão frontal";"Com Vítimas Feridas";"Anoitecer";"Crescente";"Chuva";"Simples";"Curva;Declive";"Não";4;0;4;0;0;0;4;2;-23,03179764;-44,13196391;"SPRF-RJ";"DEL03-RJ";"UOP02-DEL03-RJ"
563996;2023-11-27;"segunda-feira";"09:00:00";"SC";101;446;"SANTA ROSA DO SUL";"Avarias e/ou desgaste excessivo no pneu";"Tombamento";"Com Vítimas Feridas";"Pleno dia";"Crescente";"Céu Claro";"Dupla";"Reta";"Sim";2;0;1;1;0;0;2;1;-29,14529081;-49,72240128;"SPRF-SC";"DEL02-SC";"UOP02-DEL02-SC"