"id";"data_inversa";"dia_semana";"horario";"uf";"br";"km";"municipio";"causa_acidente";"tipo_acidente";"classificacao_acidente";"fase_dia";"sentido_via";"condicao_metereologica";"tipo_pista";"tracado_via";"uso_solo";"pessoas";"mortos";"feridos_leves";"feridos_graves";"ilesos";"ignorados";"feridos";"veiculos";"latitude";"longitude";"regional";"delegacia";"uop"
563997;2023-10-04;"quarta-feira";"05:30:00";"GO";364;251;"JATAI";"Ausência de reação do condutor";"Saída de leito carroçável";"Sem Vítimas";"Amanhecer";"Crescente";"Céu Claro";"Simples";"Reta";"Não";1;0;0;0;1;0;0;1;-17,723007;-52,161961;"SPRF-GO";"DEL05-GO";"UOP01-DEL05-GO"
563998;2023-11-27;"segunda-feira";"18:40:00";"SP";116;103;"TAUBATE";"Reação tardia ou ineficiente do condutor";"Colisão traseira";"Com Vítimas Feridas";"Anoitecer";"Decrescente";"Chuva";"Dupla";"Reta";"Sim";3;0;2;0;0;1;2;3;-22,99919465;-45,49788917;"SPRF-SP";"DEL02-SP";"UOP02-DEL02-SP"
564000;2023-11-27;"segunda-feira";"18:04:00";"ES";101;297,5;"CARIACICA";"Condutor deixou de manter distância do veículo da frente";"Colisão lateral mesmo sentido";"Com Vítimas Feridas";"Anoitecer";"Crescente";"Céu Claro";"Múltipla";"Reta";"Sim";2;0;1;0;1;0;1;2;-20,35374444;-40,4156433;"SPRF-ES";"DEL01-ES";"UOP01-DEL01-ES"
564001;2023-11-27;"segunda-feira";"17:15:00";"BA";324;1;"FEIRA DE SANTANA";"Acessar a via sem observar a presença dos outros veículos";"Colisão lateral mesmo sentido";"Com Vítimas Feridas";"Anoitecer";"Crescente";"Céu Claro";"Dupla";"Reta";"Não";3;0;2;0;1;0;2;2;-12,274814;-38,937433;"SPRF-BA";"DEL02-BA";"UOP01-DEL02-BA"
564003;2023-11-27;"segunda-feira";"18:21:00";"RN";226;2;"NATAL";"Condutor deixou de manter distância do veículo da frente";"Colisão traseira";"Com Vítimas Feridas";"Plena Noite";"Decrescente";"Chuva";"Simples";"Reta";"Sim";4;0;2;0;2;0;2;2;-5,81364934;-35,2466547;"SPRF-RN";"DEL01-RN";"UOP02-DEL01-RN"
564004;2023-11-27;"segunda-feira";"17:20:00";"MG";40;511;"RIBEIRAO DAS NEVES";"Demais falhas mecânicas ou elétricas";"Eventos atípicos";"Com Vítimas Feridas";"Plena Noite";"Crescente";"Céu Claro";"Dupla";"Reta;Declive";"Não";3;0;2;0;1;0;2;3;-19,78164295;-44,11733194;"SPRF-MG";"DEL01-MG";"UOP02-DEL01-MG"
564005;2023-11-27;"segunda-feira";"18:55:00";"CE";116;1,8;"FORTALEZA";"Condutor deixou de manter distância do veículo da frente";"Colisão traseira";"Com Vítimas Feridas";"Plena Noite";"Crescente";"Nublado";"Múltipla";"Reta";"Sim";3;0;1;0;2;0;1;3;-3,76441;-38,51851;"SPRF-CE";"DEL01-CE";"UOP02-DEL01-CE"
564006;2023-11-27;"segunda-feira";"18:40:00";"SC";101;210,1;"SAO JOSE";"Reação tardia ou ineficiente do condutor";"Colisão traseira";"Com Vítimas Feridas";"Plena Noite";"Crescente";"Garoa/Chuvisco";"Múltipla";"Reta";"Sim";3;0;1;0;1;1;1;3;-27,6167305;-48,6457265;"SPRF-SC";"DEL01-SC";"UOP01-DEL01-SC"
564008;2023-11-27;"segunda-feira";"11:25:00";"BA";116;830;"VITORIA DA CONQUISTA";"Acesso irregular";"Colisão frontal";"Com Vítimas Feridas";"Pleno dia";"Decrescente";"Céu Claro";"Simples";"Declive";"Não";2;0;1;0;1;0;1;2;-14,90563955;-40,87051392;"SPRF-BA";"DEL08-BA";"UOP01-DEL08-BA"
564010;2023-11-27;"segunda-feira";"19:20:00";"SP";116;115,3;"TAUBATE";"Reação tardia ou ineficiente do condutor";"Tombamento";"Com Vítimas Feridas";"Pleno dia";"Crescente";"Chuva";"Dupla";"Reta";"Não";1;0;1;0;0;0;1;1;-23,0496047;-45,59973712;"SPRF-SP";"DEL02-SP";"UOP02-DEL02-SP"
564011;2023-11-27;"segunda-feira";"17:53:00";"PA";308;176,9;"TRACUATEUA";"Ingestão de álcool pelo condutor";"Colisão lateral sentido oposto";"Com Vítimas Feridas";"Anoitecer";"Crescente";"Céu Claro";"Simples";"Reta";"Sim";2;0;1;0;1;0;1;2;-1,15554443;-46,97640785;"SPRF-PA";"DEL01-PA";"UOP03-DEL01-PA"
564012;2023-11-27;"segunda-feira";"17:30:00";"SC";101;210,1;"SAO JOSE";"Pista Escorregadia";"Queda de ocupante de veículo";"Com Vítimas Feridas";"Plena Noite";"Crescente";"Chuva";"Múltipla";"Reta";"Não";2;0;1;0;1;0;1;1;-27,6167305;-48,6457265;"SPRF-SC";"DEL01-SC";"UOP01-DEL01-SC"
564015;2023-08-03;"quinta-feira";"13:20:00";"RJ";101;283;"ITABORAI";"Ausência de reação do condutor";"Queda de ocupante de veículo";"Com Vítimas Feridas";"Pleno dia";"Decrescente";"Céu Claro";"Dupla";"Reta";"Não";1;0;1;0;0;0;1;1;-22,73591014;-42,80592689;"SPRF-RJ";"DEL02-RJ";"UOP02-DEL02-RJ"
564016;2023-11-27;"segunda-feira";"18:15:00";"SP";153;60,7;"SAO JOSE DO RIO PRETO";"Reação tardia ou ineficiente do condutor";"Engavetamento";"Com Vítimas Feridas";"Plena Noite";"Crescente";"Céu Claro";"Dupla";"Reta";"Sim";4;0;1;0;3;0;1;3;-20,79627979;-49,35480206;"SPRF-SP";"DEL09-SP";"UOP01-DEL09-SP"
564017;2023-11-27;"segunda-feira";"18:00:00";"SC";101;146;"ITAPEMA";"Reação tardia ou ineficiente do condutor";"Colisão traseira";"Com Vítimas Feridas";"Anoitecer";"Decrescente";"Chuva";"Múltipla";"Reta";"Sim";4;0;3;0;1;0;3;2;-27,08666525;-48,60955587;"SPRF-SC";"DEL04-SC";"UOP03-DEL04-SC"
564018;2023-11-27;"segunda-feira";"19:45:00";"MG";40;521;"CONTAGEM";"Entrada inopinada do pedestre";"Atropelamento de Pedestre";"Com Vítimas Feridas";"Plena Noite";"Decrescente";"Céu Claro";"Dupla";"Reta";"Não";2;0;0;1;1;0;1;2;-19,85651501;-44,07213222;"SPRF-MG";"DEL01-MG";"UOP02-DEL01-MG"
564019;2023-11-27;"segunda-feira";"20:15:00";"BA";324;514;"FEIRA DE SANTANA";"Retorno proibido";"Colisão frontal";"Com Vítimas Feridas";"Plena Noite";"Crescente";"Céu Claro";"Simples";"Reta";"Não";3;0;2;0;1;0;2;2;-12,23253;-38,95014;"SPRF-BA";"DEL02-BA";"UOP01-DEL02-BA"
564021;2023-11-27;"segunda-feira";"19:05:00";"MT";174;293;"PONTES E LACERDA";"Ausência de reação do condutor";"Colisão traseira";"Com Vítimas Feridas";"Plena Noite";"Decrescente";"Céu Claro";"Simples";"Reta";"Não";3;0;1;1;1;0;2;2;-15,18889293;-59,32384877;"SPRF-MT";"DEL04-MT";"UOP01-DEL04-MT"
564022;2023-11-27;"segunda-feira";"19:40:00";"PR";369;429,4;"UBIRATA";"Transitar na contramão";"Colisão frontal";"Com Vítimas Feridas";"Plena Noite";"Decrescente";"Céu Claro";"Simples";"Aclive;Reta";"Não";4;0;2;1;1;0;3;2;-24,4486;-52,8448;"SPRF-PR";"DEL04-PR";"UOP03-DEL04-PR"
564023;2023-11-27;"segunda-feira";"20:00:00";"CE";222;300;"TIANGUA";"Ingestão de álcool pelo condutor";"Saída de leito carroçável";"Com Vítimas Feridas";"Plena Noite";"Decrescente";"Céu Claro";"Simples";"Curva;Declive";"Não";1;0;1;0;0;0;1;1;-3,65653078;-40,9347551;"SPRF-CE";"DEL04-CE";"UOP02-DEL04-CE"
564024;2023-11-27;"segunda-feira";"18:40:00";"PR";116;20,1;"ANTONINA";"Pista Escorregadia";"Saída de leito carroçável";"Com Vítimas Feridas";"Plena Noite";"Crescente";"Chuva";"Dupla";"Reta";"Não";3;0;1;0;2;0;1;1;-25,10052421;-48,72981603;"SPRF-PR";"DEL01-PR";"UOP02-DEL01-PR"
564027;2023-11-27;"segunda-feira";"17:48:00";"RJ";101;330;"RIO DE JANEIRO";"Reação tardia ou ineficiente do condutor";"Colisão traseira";"Com Vítimas Feridas";"Pleno dia";"Crescente";"Nublado";"Múltipla";"Reta";"Não";2;0;1;0;1;0;1;2;-22,8684989;-43,18548699;"SPRF-RJ";"DEL02-RJ";"UOP01-DEL02-RJ"
564031;2023-11-27;"segunda-feira";"22:20:00";"SC";280;130,5;"RIO NEGRINHO";"Ausência de reação do condutor";"Colisão traseira";"Com Vítimas Feridas";"Plena Noite";"Crescente";"Garoa/Chuvisco";"Simples";"Aclive;Reta";"Sim";2;0;1;0;1;0;1;2;-26,2530246;-49,52924913;"SPRF-SC";"DEL06-SC";"UOP03-DEL06-SC"
564033;2023-11-27;"segunda-feira";"15:20:00";"AL";316;127,2;"MINADOR DO NEGRAO";"Acumulo de água sobre o pavimento";"Colisão com objeto";"Sem Vítimas";"Pleno dia";"Decrescente";"Chuva";"Simples";"Reta";"Não";1;0;0;0;1;0;0;1;-9,39352708;-36,87591699;"SPRF-AL";"DEL03-AL";"UOP01-DEL03-AL"
564035;2023-11-27;"segunda-feira";"22:10:00";"RJ";101;494,7;"ANGRA DOS REIS";"Velocidade Incompatível";"Saída de leito carroçável";"Com Vítimas Feridas";"Plena Noite";"Crescente";"Garoa/Chuvisco";"Simples";"Reta";"Não";1;0;1;0;0;0;1;1;-22,93752781;-44,3185162;"SPRF-RJ";"DEL03-RJ";"UOP03-DEL03-RJ"
564044;2023-11-27;"segunda-feira";"22:00:00";"BA";101;840;"PRADO";"Transitar na contramão";"Saída de leito carroçável";"Com Vítimas Feridas";"Plena Noite";"Crescente";"Nublado";"Simples";"Curva";"Não";1;0;1;0;0;0;1;1;-17,24294818;-39,6208334;"SPRF-BA";"DEL09-BA";"UOP02-DEL09-BA"
564045;2023-11-27;"segunda-feira";"20:00:00";"PB";230;463,1;"SOUSA";"Conversão proibida";"Colisão transversal";"Com Vítimas Feridas";"Plena Noite";"Crescente";"Garoa/Chuvisco";"Simples";"Reta;Interseção de Vias";"Sim";2;0;1;0;1;0;1;2;-6,778787;-38,240906;"SPRF-PB";"DEL03-PB";"UOP03-DEL03-PB"
564046;2023-11-28;"terça-feira";"00:00:00";"RJ";116;324;"ITATIAIA";"Chuva";"Colisão com objeto";"Com Vítimas Feridas";"Plena Noite";"Crescente";"Chuva";"Dupla";"Curva";"Não";2;0;1;0;1;0;1;1;-22,49106419;-44,56183985;"SPRF-RJ";"DEL07-RJ";"UOP02-DEL07-RJ"
564049;2023-11-27;"segunda-feira";"20:00:00";"AM";317;426;"BOCA DO ACRE";"Ausência de reação do condutor";"Colisão traseira";"Com Vítimas Fatais";"Plena Noite";"Decrescente";"Céu Claro";"Simples";"Reta";"Não";2;1;0;0;0;1;0;2;-8,84401279;-67,29859264;"SPRF-AC";"DEL01-AC";"UOP01-DEL01-AC"
564050;2023-11-28;"terça-feira";"00:10:00";"RN";101;143;"GOIANINHA";"Chuva";"Saída de leito carroçável";"Sem Vítimas";"Plena Noite";"Decrescente";"Chuva";"Dupla";"Reta";"Não";1;0;0;0;1;0;0;1;-6,23449707;-35,21637886;"SPRF-RN";"DEL01-RN";"UOP01-DEL01-RN"
564051;2023-11-27;"segunda-feira";"21:30:00";"CE";222;1;"FORTALEZA";"Acessar a via sem observar a presença dos outros veículos";"Colisão lateral mesmo sentido";"Com Vítimas Feridas";"Plena Noite";"Crescente";"Céu Claro";"Múltipla";"Reta";"Sim";2;0;0;2;0;0;2;1;-3,737804;-38,578061;"SPRF-CE";"DEL01-CE";"UOP01-DEL01-CE"
564052;2023-11-28;"terça-feira";"01:00:00";"PR";153;310;"IMBITUVA";"Animais na Pista";"Atropelamento de Animal";"Sem Vítimas";"Plena Noite";"Decrescente";"Chuva";"Simples";"Reta";"Não";1;0;0;0;1;0;0;1;-25,28655004;-50,63892218;"SPRF-PR";"DEL08-PR";"UOP02-DEL08-PR"
564056;2023-11-28;"terça-feira";"02:30:00";"PR";369;57;"BANDEIRANTES";"Avarias e/ou desgaste excessivo no pneu";"Colisão traseira";"Sem Vítimas";"Plena Noite";"Decrescente";"Garoa/Chuvisco";"Simples";"Reta;Declive;Interseção de Vias";"Sim";3;0;0;0;1;2;0;3;-23,118286;-50,375834;"SPRF-PR";"DEL07-PR";"UOP05-DEL07-PR"
564058;2023-11-28;"terça-feira";"05:30:00";"MG";459;32;"CALDAS";"Condutor Dormindo";"Capotamento";"Com Vítimas Feridas";"Amanhecer";"Crescente";"Céu Claro";"Simples";"Curva";"Não";1;0;1;0;0;0;1;1;-21,929708;-46,3605;"SPRF-MG";"DEL09-MG";"UOP01-DEL09-MG"
564059;2023-11-28;"terça-feira";"04:40:00";"SC";101;119;"ITAJAI";"Chuva";"Colisão com objeto";"Com Vítimas Feridas";"Amanhecer";"Crescente";"Chuva";"Dupla";"Reta";"Não";1;0;1;0;0;0;1;1;-26,9043179;-48,71555481;"SPRF-SC";"DEL04-SC";"UOP04-DEL04-SC"
564060;2023-11-28;"terça-feira";"03:52:00";"SP";381;7;"VARGEM";"Ausência de reação do condutor";"Saída de leito carroçável";"Com Vítimas Feridas";"Plena Noite";"Crescente";"Nublado";"Dupla";"Reta";"Não";1;0;0;1;0;0;1;1;-22,90533708;-46,42270582;"SPRF-SP";"DEL03-SP";"UOP02-DEL03-SP"
564062;2023-11-28;"terça-feira";"05:30:00";"PR";277;688;"SAO MIGUEL DO IGUACU";"Condutor Dormindo";"Saída de leito carroçável";"Com Vítimas Feridas";"Amanhecer";"Crescente";"Chuva";"Dupla";"Curva";"Sim";2;0;2;0;0;0;2;1;-25,347512;-54,239421;"SPRF-PR";"DEL05-PR";"UOP01-DEL05-PR"
564064;2023-11-28;"terça-feira";"04:50:00";"PB";101;74,9;"SANTA RITA";"Condutor Dormindo";"Saída de leito carroçável";"Com Vítimas Fatais";"Amanhecer";"Decrescente";"Nublado";"Dupla";"Curva";"Não";1;1;0;0;0;0;0;1;-7,08339163;-34,98076176;"SPRF-PB";"DEL01-PB";"UOP04-DEL01-PB"
564067;2023-11-28;"terça-feira";"07:00:00";"RS";116;146;"CAXIAS DO SUL";"Avarias e/ou desgaste excessivo no pneu";"Tombamento";"Com Vítimas Feridas";"Pleno dia";"Decrescente";"Chuva";"Dupla";"Reta";"Sim";1;0;1;0;0;0;1;1;-29,14228897;-51,13622202;"SPRF-RS";"DEL05-RS";"UOP01-DEL05-RS"
564069;2023-08-20;"domingo";"10:40:00";"ES";262;119;"CONCEICAO DO CASTELO";"Ultrapassagem Indevida";"Colisão lateral mesmo sentido";"Com Vítimas Feridas";"Pleno dia";"Crescente";"Céu Claro";"Simples";"Curva";"Não";2;0;0;1;1;0;1;2;-20,30782485;-41,23182431;"SPRF-ES";"DEL01-ES";"UOP02-DEL01-ES"
564070;2023-11-28;"terça-feira";"01:50:00";"MG";262;104;"ABRE CAMPO";"Reação tardia ou ineficiente do condutor";"Capotamento";"Com Vítimas Feridas";"Plena Noite";"Decrescente";"Nublado";"Simples";"Curva;Aclive";"Não";1;0;1;0;0;0;1;1;-20,29194628;-42,54722618;"SPRF-MG";"DEL03-MG";"UOP03-DEL03-MG"
564071;2023-11-28;"terça-feira";"06:15:00";"ES";101;266;"SERRA";"Falta de acostamento";"Colisão lateral mesmo sentido";"Com Vítimas Feridas";"Pleno dia";"Crescente";"Chuva";"Dupla";"Reta";"Sim";2;0;1;0;1;0;1;2;-20,190199;-40,26828891;"SPRF-ES";"DEL02-ES";"UOP01-DEL02-ES"
564073;2023-11-28;"terça-feira";"06:00:00";"MG";381;480,5;"CONTAGEM";"Pedestre cruzava a pista fora da faixa";"Atropelamento de Pedestre";"Com Vítimas Feridas";"Pleno dia";"Decrescente";"Céu Claro";"Dupla";"Curva";"Sim";2;0;0;1;1;0;1;2;-19,95749597;-44,07899901;"SPRF-MG";"DEL01-MG";"UOP03-DEL01-MG"
564075;2023-11-28;"terça-feira";"07:20:00";"SC";470;65;"INDAIAL";"Acessar a via sem observar a presença dos outros veículos";"Colisão frontal";"Com Vítimas Feridas";"Pleno dia";"Crescente";"Chuva";"Simples";"Reta;Em Obras";"Sim";2;0;0;1;1;0;1;2;-26,87084929;-49,21490908;"SPRF-SC";"DEL04-SC";"UOP01-DEL04-SC"
564076;2023-11-28;"terça-feira";"07:20:00";"DF";70;16,3;"BRASILIA";"Acessar a via sem observar a presença dos outros veículos";"Colisão transversal";"Com Vítimas Feridas";"Pleno dia";"Decrescente";"Céu Claro";"Dupla";"Rotatória";"Não";4;0;1;0;3;0;1;2;-15,79588754;-48,19668889;"SPRF-DF";"DEL03-DF";"UOP02-DEL03-DF"
564077;2023-11-28;"terça-feira";"06:50:00";"MG";40;423;"CURVELO";"Acessar a via sem observar a presença dos outros veículos";"Colisão lateral mesmo sentido";"Com Vítimas Feridas";"Amanhecer";"Decrescente";"Céu Claro";"Simples";"Reta;Interseção de Vias";"Não";2;0;0;1;1;0;1;2;-19,15337404;-44,538155;"SPRF-MG";"DEL02-MG";"UOP01-DEL02-MG"
564079;2023-11-28;"terça-feira";"07:22:00";"SP";116;273;"TABOAO DA SERRA";"Ausência de reação do condutor";"Colisão lateral mesmo sentido";"Com Vítimas Feridas";"Pleno dia";"Decrescente";"Céu Claro";"Dupla";"Reta";"Sim";2;0;1;0;1;0;1;2;-23,62809795;-46,81870306;"SPRF-SP";"DEL04-SP";"UOP01-DEL04-SP"
564081;2023-11-28;"terça-feira";"06:50:00";"RN";110;49,5;"MOSSORO";"Neblina";"Tombamento";"Com Vítimas Feridas";"Pleno dia";"Decrescente";"Garoa/Chuvisco";"Dupla";"Interseção de Vias;Rotatória";"Sim";1;0;1;0;0;0;1;1;-5,21849;-37,327952;"SPRF-RN";"DEL04-RN";"UOP01-DEL04-RN"
564082;2023-11-28;"terça-feira";"08:38:00";"PB";230;18;"JOAO PESSOA";"Objeto estático sobre o leito carroçável";"Queda de ocupante de veículo";"Com Vítimas Feridas";"Pleno dia";"Decrescente";"Garoa/Chuvisco";"Dupla";"Reta";"Sim";2;0;2;0;0;0;2;1;-7,1198;-34,8453;"SPRF-PB";"DEL01-PB";"UOP01-DEL01-PB"
564083;2023-10-31;"terça-feira";"15:30:00";"PR";116;38;"CAMPINA GRANDE DO SUL";"Reação tardia ou ineficiente do condutor";"Colisão com objeto";"Com Vítimas Feridas";"Pleno dia";"Decrescente";"Chuva";"Dupla";"Reta";"Não";2;0;1;0;1;0;1;1;-25,14802509;-48,85922071;"SPRF-PR";"DEL01-PR";"UOP02-DEL01-PR"
564084;2023-11-28;"terça-feira";"07:05:00";"PE";232;408,9;"SERRA TALHADA";"Reação tardia ou ineficiente do condutor";"Tombamento";"Com Vítimas Feridas";"Pleno dia";"Crescente";"Sol";"Simples";"Reta;Declive";"Sim";3;0;2;0;0;1;2;2;-7,98371447;-38,28047709;"SPRF-PE";"DEL04-PE";"UOP01-DEL04-PE"
564087;2023-11-28;"terça-feira";"08:30:00";"RS";448;17;"CANOAS";"Reação tardia ou ineficiente do condutor";"Colisão traseira";"Com Vítimas Feridas";"Pleno dia";"Crescente";"Chuva";"Múltipla";"Reta";"Não";3;0;1;0;2;0;1;3;-29,93622992;-51,20860577;"SPRF-RS";"DEL01-RS";"UOP01-DEL01-RS"
564090;2023-11-28;"terça-feira";"07:40:00";"MS";163;615,2;"SAO GABRIEL DO OESTE";"Acessar a via sem observar a presença dos outros veículos";"Colisão transversal";"Com Vítimas Feridas";"Pleno dia";"Decrescente";"Céu Claro";"Simples";"Interseção de Vias";"Sim";2;0;1;0;1;0;1;2;-19,39073637;-54,57060659;"SPRF-MS";"DEL06-MS";"UOP02-DEL06-MS"
564091;2023-11-28;"terça-feira";"08:40:00";"SP";116;210;"GUARULHOS";"Trafegar com motocicleta (ou similar) entre as faixas";"Colisão traseira";"Com Vítimas Feridas";"Pleno dia";"Crescente";"Nublado";"Dupla";"Reta;Aclive";"Sim";2;0;1;0;0;1;1;2;-23,42870023;-46,41085991;"SPRF-SP";"DEL01-SP";"UOP01-DEL01-SP"
564092;2023-11-28;"terça-feira";"08:30:00";"MG";116;276;"TEOFILO OTONI";"Reação tardia ou ineficiente do condutor";"Tombamento";"Com Vítimas Feridas";"Pleno dia";"Crescente";"Nublado";"Simples";"Reta";"Sim";1;0;1;0;0;0;1;1;-17,85105696;-41,51454492;"SPRF-MG";"DEL11-MG";"UOP01-DEL11-MG"
564093;2023-11-28;"terça-feira";"09:00:00";"CE";116;2,5;"FORTALEZA";"Condutor deixou de manter distância do veículo da frente";"Colisão traseira";"Com Vítimas Feridas";"Pleno dia";"Decrescente";"Sol";"Múltipla";"Reta";"Sim";5;0;3;0;2;0;3;4;-3,77019802;-38,51724508;"SPRF-CE";"DEL01-CE";"UOP02-DEL01-CE"
564094;2023-11-28;"terça-feira";"10:00:00";"SP";116;223;"GUARULHOS";"Manobra de mudança de faixa";"Colisão traseira";"Com Vítimas Feridas";"Pleno dia";"Crescente";"Céu Claro";"Múltipla";"Reta";"Sim";2;0;1;0;1;0;1;2;-23,48079989;-46,53330624;"SPRF-SP";"DEL01-SP";"UOP01-DEL01-SP"
564097;2023-11-28;"terça-feira";"07:30:00";"SP";116;230;"SAO PAULO";"Trafegar com motocicleta (ou similar) entre as faixas";"Colisão traseira";"Com Vítimas Feridas";"Pleno dia";"Crescente";"Nublado";"Múltipla";"Reta";"Sim";3;0;1;0;2;0;1;2;-23,52251783;-46,5855702;"SPRF-SP";"DEL01-SP";"UOP01-DEL01-SP"
564099;2023-11-28;"terça-feira";"09:45:00";"MG";116;588;"MANHUACU";"Acessar a via sem observar a presença dos outros veículos";"Colisão frontal";"Com Vítimas Feridas";"Plena Noite";"Crescente";"Céu Claro";"Simples";"Interseção de Vias";"Sim";6;0;0;2;4;0;2;2;-20,23735195;-42,16443485;"SPRF-MG";"DEL06-MG";"UOP03-DEL06-MG"
564102;2023-11-28;"terça-feira";"09:50:00";"CE";222;23;"CAUCAIA";"Ingestão de álcool pelo condutor";"Colisão traseira";"Sem Vítimas";"Pleno dia";"Decrescente";"Céu Claro";"Simples";"Reta";"Sim";2;0;0;0;2;0;0;2;-3,73178984;-38,75974197;"SPRF-CE";"DEL01-CE";"UOP01-DEL01-CE"
564106;2023-11-28;"terça-feira";"10:10:00";"RO";364;691;"CANDEIAS DO JAMARI";"Retorno proibido";"Colisão transversal";"Com Vítimas Feridas";"Pleno dia";"Crescente";"Céu Claro";"Dupla";"Reta";"Não";3;0;0;2;1;0;2;2;-8,7961943;-63,68738597;"SPRF-RO";"DEL01-RO";"UOP01-DEL01-RO"
564107;2023-11-28;"terça-feira";"11:34:00";"PE";101;48;"IGARASSU";"Acessar a via sem observar a presença dos outros veículos";"Colisão lateral mesmo sentido";"Com Vítimas Feridas";"Pleno dia";"Crescente";"Céu Claro";"Simples";"Reta;Interseção de Vias";"Não";4;0;1;2;1;0;3;2;-7,89174705;-34,9033493;"SPRF-PE";"DEL01-PE";"UOP02-DEL01-PE"
564108;2023-11-28;"terça-feira";"11:25:00";"PB";230;27,9;"JOAO PESSOA";"Manobra de mudança de faixa";"Colisão com objeto";"Com Vítimas Feridas";"Pleno dia";"Crescente";"Sol";"Dupla";"Curva;Viaduto";"Sim";2;0;1;0;1;0;1;2;-7,165559;-34,89755273;"SPRF-PB";"DEL01-PB";"UOP01-DEL01-PB"
564109;2023-11-28;"terça-feira";"10:10:00";"PB";230;105,5;"MOGEIRO";"Chuva";"Saída de leito carroçável";"Sem Vítimas";"Pleno dia";"Decrescente";"Chuva";"Dupla";"Reta";"Não";1;0;0;0;1;0;0;1;-7,2075;-35,5248;"SPRF-PB";"DEL01-PB";"UOP03-DEL01-PB"
564110;2023-11-28;"terça-feira";"07:00:00";"RS";386;265,5;"FONTOURA XAVIER";"Reação tardia ou ineficiente do condutor";"Saída de leito carroçável";"Sem Vítimas";"Pleno dia";"Crescente";"Chuva";"Simples";"Reta";"Não";4;0;0;0;4;0;0;1;-28,928402;-52,379761;"SPRF-RS";"DEL04-RS";"UOP03-DEL04-RS"
564112;2023-11-28;"terça-feira";"11:10:00";"SC";101;328,2;"CAPIVARI DE BAIXO";"Acumulo de água sobre o pavimento";"Saída de leito carroçável";"Com Vítimas Feridas";"Pleno dia";"Decrescente";"Chuva";"Múltipla";"Aclive;Curva";"Sim";1;0;1;0;0;0;1;1;-28,43648094;-48,95989307;"SPRF-SC";"DEL02-SC";"UOP01-DEL02-SC"
564114;2023-11-28;"terça-feira";"11:52:00";"CE";116;11;"FORTALEZA";"Condutor deixou de manter distância do veículo da frente";"Colisão traseira";"Com Vítimas Feridas";"Pleno dia";"Crescente";"Nublado";"Múltipla";"Reta";"Sim";2;0;1;0;1;0;1;2;-3,84394724;-38,49891546;"SPRF-CE";"DEL01-CE";"UOP02-DEL01-CE"
564115;2023-11-28;"terça-feira";"09:30:00";"SP";101;52;"UBATUBA";"Reação tardia ou ineficiente do condutor";"Colisão traseira";"Com Vítimas Feridas";"Pleno dia";"Decrescente";"Céu Claro";"Simples";"Reta;Rotatória";"Sim";2;0;1;0;0;1;1;2;-23,4623355;-45,06476561;"SPRF-SP";"DEL06-SP";"UOP01-DEL06-SP"
564116;2023-11-24;"sexta-feira";"18:00:00";"ES";101;166,7;"LINHARES";"Acessar a via sem observar a presença dos outros veículos";"Colisão transversal";"Com Vítimas Feridas";"Plena Noite";"Decrescente";"Céu Claro";"Simples";"Interseção de Vias";"Sim";3;0;1;0;2;0;1;2;-19,52077663;-40,14566638;"SPRF-ES";"DEL04-ES";"UOP01-DEL04-ES"
564117;2023-11-28;"terça-feira";"09:30:00";"RJ";101;476;"ANGRA DOS REIS";"Acessar a via sem observar a presença dos outros veículos";"Colisão transversal";"Com Vítimas Feridas";"Pleno dia";"Decrescente";"Nublado";"Simples";"Curva";"Não";2;0;1;0;1;0;1;2;-23,0055431;-44,26195833;"SPRF-RJ";"DEL03-RJ";"UOP03-DEL03-RJ"
564118;2023-11-28;"terça-feira";"10:30:00";"RJ";101;498;"ANGRA DOS REIS";"Demais falhas mecânicas ou elétricas";"Tombamento";"Com Vítimas Feridas";"Pleno dia";"Decrescente";"Nublado";"Simples";"Reta";"Não";2;0;0;2;0;0;2;1;-22,91383999;-44,337147;"SPRF-RJ";"DEL03-RJ";"UOP03-DEL03-RJ"
564120;2023-11-28;"terça-feira";"11:20:00";"MS";60;427;"SIDROLANDIA";"Acessar a via sem observar a presença dos outros veículos";"Colisão transversal";"Sem Vítimas";"Pleno dia";"Crescente";"Céu Claro";"Simples";"Reta";"Sim";2;0;0;0;2;0;0;2;-20,94357358;-54,96636086;"SPRF-MS";"DEL01-MS";"UOP04-DEL01-MS"
564122;2023-11-28;"terça-feira";"12:08:00";"MG";381;478;"CONTAGEM";"Frear bruscamente";"Engavetamento";"Com Vítimas Feridas";"Pleno dia";"Crescente";"Céu Claro";"Dupla";"Reta;Aclive";"Sim";6;0;1;0;5;0;1;6;-19,96399101;-44,04693604;"SPRF-MG";"DEL01-MG";"UOP03-DEL01-MG"
564123;2023-11-28;"terça-feira";"13:25:00";"PE";101;72,7;"RECIFE";"Condutor deixou de manter distância do veículo da frente";"Colisão traseira";"Com Vítimas Feridas";"Pleno dia";"Crescente";"Céu Claro";"Dupla";"Reta";"Sim";2;0;1;0;0;1;1;2;-8,090882;-34,946832;"SPRF-PE";"DEL01-PE";"UOP01-DEL01-PE"
564124;2023-11-28;"terça-feira";"11:30:00";"BA";116;823;"VITORIA DA CONQUISTA";"Ausência de reação do condutor";"Engavetamento";"Sem Vítimas";"Pleno dia";"Crescente";"Céu Claro";"Dupla";"Reta";"Sim";3;0;0;0;2;1;0;3;-14,859041;-40,849692;"SPRF-BA";"DEL08-BA";"UOP01-DEL08-BA"