"id";"data_inversa";"dia_semana";"horario";"uf";"br";"km";"municipio";"causa_acidente";"tipo_acidente";"classificacao_acidente";"fase_dia";"sentido_via";"condicao_metereologica";"tipo_pista";"tracado_via";"uso_solo";"pessoas";"mortos";"feridos_leves";"feridos_graves";"ilesos";"ignorados";"feridos";"veiculos";"latitude";"longitude";"regional";"delegacia";"uop"
564125;2023-11-28;"terça-feira";"12:10:00";"ES";101;406;"ITAPEMIRIM";"Condutor Dormindo";"Capotamento";"Com Vítimas Feridas";"Pleno dia";"Decrescente";"Sol";"Simples";"Reta";"Não";1;0;1;0;0;0;1;1;-20,89814709;-41,02410309;"SPRF-ES";"DEL03-ES";"UOP02-DEL03-ES"
564128;2023-11-28;"terça-feira";"12:44:00";"SC";101;281,9;"IMBITUBA";"Ausência de sinalização";"Colisão com objeto";"Sem Vítimas";"Pleno dia";"Crescente";"Chuva";"Múltipla";"Reta";"Sim";5;0;0;0;5;0;0;3;-28,18793595;-48,69652041;"SPRF-SC";"DEL02-SC";"UOP03-DEL02-SC"
564130;2023-11-12;"domingo";"17:50:00";"PR";476;149;"CURITIBA";"Velocidade Incompatível";"Colisão lateral mesmo sentido";"Com Vítimas Feridas";"Pleno dia";"Decrescente";"Céu Claro";"Dupla";"Reta";"Não";7;0;2;0;5;0;2;3;-25,557926;-49,358585;"SPRF-PR";"DEL01-PR";"UOP06-DEL01-PR"
564131;2023-11-15;"quarta-feira";"10:00:00";"MG";116;389,7;"GOVERNADOR VALADARES";"Acessar a via sem observar a presença dos outros veículos";"Colisão transversal";"Com Vítimas Feridas";"Pleno dia";"Crescente";"Sol";"Simples";"Curva";"Não";2;0;0;1;1;0;1;2;-18,69360396;-41,98460695;"SPRF-MG";"DEL06-MG";"UOP01-DEL06-MG"
564133;2023-11-28;"terça-feira";"09:15:00";"RS";290;77;"GRAVATAI";"Chuva";"Capotamento";"Com Vítimas Feridas";"Pleno dia";"Decrescente";"Chuva";"Dupla";"Reta";"Não";2;0;1;0;1;0;1;2;-29,955027;-51,027363;"SPRF-RS";"DEL01-RS";"UOP01-DEL01-RS"
564137;2023-09-05;"terça-feira";"17:00:00";"RJ";493;19,5;"MAGE";"Transitar na contramão";"Colisão frontal";"Com Vítimas Feridas";"Pleno dia";"Decrescente";"Nublado";"Simples";"Reta";"Sim";2;0;0;1;0;1;1;2;-22,6663848;-43,02770248;"SPRF-RJ";"DEL04-RJ";"UOP02-DEL04-RJ"
564139;2023-11-28;"terça-feira";"14:00:00";"ES";101;258,7;"SERRA";"Pedestre cruzava a pista fora da faixa";"Atropelamento de Pedestre";"Com Vítimas Feridas";"Pleno dia";"Crescente";"Céu Claro";"Dupla";"Curva;Declive";"Sim";2;0;0;1;1;0;1;2;-20,12329327;-40,30484319;"SPRF-ES";"DEL02-ES";"UOP01-DEL02-ES"
564140;2023-11-28;"terça-feira";"12:55:00";"RS";101;88;"OSORIO";"Velocidade Incompatível";"Saída de leito carroçável";"Com Vítimas Feridas";"Pleno dia";"Crescente";"Chuva";"Dupla";"Curva";"Sim";2;0;1;0;1;0;1;1;-29,88794606;-50,27691364;"SPRF-RS";"DEL03-RS";"UOP01-DEL03-RS"
564141;2023-11-28;"terça-feira";"11:42:00";"RO";364;14;"VILHENA";"Acessar a via sem observar a presença dos outros veículos";"Colisão transversal";"Com Vítimas Feridas";"Pleno dia";"Decrescente";"Céu Claro";"Dupla";"Rotatória";"Sim";2;0;1;0;1;0;1;2;-12,73898138;-60,13911417;"SPRF-RO";"DEL04-RO";"UOP01-DEL04-RO"
564143;2023-11-28;"terça-feira";"14:15:00";"SC";280;27,8;"ARAQUARI";"Acessar a via sem observar a presença dos outros veículos";"Colisão lateral mesmo sentido";"Com Vítimas Feridas";"Pleno dia";"Crescente";"Nublado";"Simples";"Reta";"Sim";2;0;1;0;1;0;1;2;-26,39685622;-48,74021969;"SPRF-SC";"DEL03-SC";"UOP03-DEL03-SC"
564144;2023-11-28;"terça-feira";"09:30:00";"MG";381;174,5;"GOVERNADOR VALADARES";"Reação tardia ou ineficiente do condutor";"Colisão traseira";"Com Vítimas Feridas";"Pleno dia";"Decrescente";"Nublado";"Simples";"Reta";"Não";3;0;1;1;1;0;2;2;-18,99804398;-42,12267802;"SPRF-MG";"DEL06-MG";"UOP01-DEL06-MG"
564145;2023-11-28;"terça-feira";"14:30:00";"MG";381;728,8;"CARMO DA CACHOEIRA";"Pista Escorregadia";"Saída de leito carroçável";"Sem Vítimas";"Pleno dia";"Crescente";"Chuva";"Dupla";"Reta";"Não";2;0;0;0;2;0;0;1;-21,52361199;-45,22481701;"SPRF-MG";"DEL04-MG";"UOP02-DEL04-MG"
564148;2023-11-28;"terça-feira";"14:30:00";"SC";101;195,5;"SAO JOSE";"Acessar a via sem observar a presença dos outros veículos";"Colisão lateral mesmo sentido";"Com Vítimas Feridas";"Pleno dia";"Decrescente";"Chuva";"Dupla";"Reta";"Sim";2;0;1;0;1;0;1;2;-27,5047092;-48,65010819;"SPRF-SC";"DEL01-SC";"UOP01-DEL01-SC"
564149;2023-10-28;"sábado";"19:29:00";"TO";242;352;"PEIXE";"Ingestão de álcool pelo condutor";"Colisão frontal";"Com Vítimas Feridas";"Plena Noite";"Decrescente";"Nublado";"Simples";"Reta;Aclive";"Não";2;0;0;1;1;0;1;2;-11,86926956;-48,87444287;"SPRF-TO";"DEL01-TO";"UOP02-DEL01-TO"
564151;2023-11-28;"terça-feira";"15:20:00";"ES";101;258,4;"SERRA";"Suicídio (presumido)";"Atropelamento de Pedestre";"Com Vítimas Feridas";"Pleno dia";"Crescente";"Céu Claro";"Dupla";"Declive;Curva";"Sim";2;0;1;0;1;0;1;2;-20,13059888;-40,2961019;"SPRF-ES";"DEL02-ES";"UOP01-DEL02-ES"
564155;2023-11-28;"terça-feira";"15:30:00";"MG";40;661,3;"CARANDAI";"Ausência de reação do condutor";"Saída de leito carroçável";"Com Vítimas Feridas";"Pleno dia";"Crescente";"Céu Claro";"Simples";"Curva";"Não";2;0;1;0;1;0;1;1;-20,90511396;-43,82787922;"SPRF-MG";"DEL05-MG";"UOP02-DEL05-MG"
564156;2023-11-04;"sábado";"21:20:00";"RJ";40;119;"DUQUE DE CAXIAS";"Reação tardia ou ineficiente do condutor";"Tombamento";"Com Vítimas Feridas";"Plena Noite";"Crescente";"Céu Claro";"Dupla";"Reta";"Sim";1;0;1;0;0;0;1;1;-22,76375592;-43,28683062;"SPRF-RJ";"DEL01-RJ";"UOP01-DEL01-RJ"
564158;2023-11-28;"terça-feira";"14:40:00";"PR";277;580,9;"CASCAVEL";"Manobra de mudança de faixa";"Queda de ocupante de veículo";"Com Vítimas Feridas";"Pleno dia";"Decrescente";"Céu Claro";"Dupla";"Reta";"Não";2;0;1;0;1;0;1;2;-24,984741;-53,368952;"SPRF-PR";"DEL04-PR";"UOP01-DEL04-PR"
564160;2023-11-28;"terça-feira";"15:10:00";"PI";343;306;"ALTOS";"Acessar a via sem observar a presença dos outros veículos";"Colisão transversal";"Com Vítimas Feridas";"Pleno dia";"Decrescente";"Céu Claro";"Simples";"Reta";"Sim";2;0;1;0;1;0;1;2;-5,038756;-42,450893;"SPRF-PI";"DEL01-PI";"UOP01-DEL01-PI"
564161;2023-11-28;"terça-feira";"16:30:00";"PR";277;83;"CURITIBA";"Ultrapassagem Indevida";"Colisão lateral mesmo sentido";"Com Vítimas Feridas";"Pleno dia";"Crescente";"Nublado";"Dupla";"Reta";"Sim";2;0;1;0;1;0;1;2;-25,44678852;-49,23099697;"SPRF-PR";"DEL01-PR";"UOP07-DEL01-PR"
564162;2023-11-28;"terça-feira";"13:45:00";"RO";364;9;"VILHENA";"Ultrapassagem Indevida";"Colisão transversal";"Com Vítimas Feridas";"Pleno dia";"Crescente";"Céu Claro";"Simples";"Reta";"Sim";2;0;0;1;1;0;1;2;-12,75881009;-60,1001711;"SPRF-RO";"DEL04-RO";"UOP01-DEL04-RO"
564163;2023-11-28;"terça-feira";"16:20:00";"MG";116;522;"CARATINGA";"Ausência de reação do condutor";"Colisão lateral mesmo sentido";"Com Vítimas Feridas";"Pleno dia";"Decrescente";"Céu Claro";"Simples";"Rotatória";"Não";2;0;1;0;1;0;1;2;-19,74300101;-42,13231969;"SPRF-MG";"DEL06-MG";"UOP02-DEL06-MG"
564164;2023-11-28;"terça-feira";"14:20:00";"SC";470;179;"POUSO REDONDO";"Velocidade Incompatível";"Saída de leito carroçável";"Com Vítimas Feridas";"Pleno dia";"Decrescente";"Chuva";"Simples";"Reta";"Não";1;0;1;0;0;0;1;1;-27,24883049;-49,98264313;"SPRF-SC";"DEL04-SC";"UOP02-DEL04-SC"
564165;2023-11-28;"terça-feira";"15:39:00";"MG";40;43,8;"PARACATU";"Demais falhas mecânicas ou elétricas";"Incêndio";"Com Vítimas Feridas";"Pleno dia";"Decrescente";"Céu Claro";"Simples";"Reta";"Sim";1;0;1;0;0;0;1;1;-17,22598002;-46,86163701;"SPRF-MG";"DEL14-MG";"UOP01-DEL14-MG"
564166;2023-11-28;"terça-feira";"17:00:00";"CE";116;8;"FORTALEZA";"Manobra de mudança de faixa";"Colisão lateral mesmo sentido";"Com Vítimas Feridas";"Pleno dia";"Crescente";"Nublado";"Múltipla";"Reta";"Sim";2;0;1;0;1;0;1;2;-3,8192799;-38,50268337;"SPRF-CE";"DEL01-CE";"UOP02-DEL01-CE"
564167;2023-11-28;"terça-feira";"16:00:00";"MT";364;202;"RONDONOPOLIS";"Avarias e/ou desgaste excessivo no pneu";"Tombamento";"Com Vítimas Feridas";"Pleno dia";"Decrescente";"Chuva";"Dupla";"Reta";"Sim";1;0;1;0;0;0;1;1;-16,486688;-54,648266;"SPRF-MT";"DEL02-MT";"UOP01-DEL02-MT"
564168;2023-11-28;"terça-feira";"17:00:00";"CE";222;19;"CAUCAIA";"Transitar no Acostamento";"Colisão com objeto";"Com Vítimas Feridas";"Pleno dia";"Crescente";"Céu Claro";"Simples";"Reta";"Não";1;0;1;0;0;0;1;1;-3,74520337;-38,72713719;"SPRF-CE";"DEL01-CE";"UOP01-DEL01-CE"
564169;2023-11-28;"terça-feira";"17:30:00";"ES";101;269,6;"SERRA";"Trafegar com motocicleta (ou similar) entre as faixas";"Colisão lateral mesmo sentido";"Com Vítimas Feridas";"Anoitecer";"Decrescente";"Nublado";"Dupla";"Reta";"Sim";3;0;1;0;2;0;1;3;-20,21740496;-40,26990578;"SPRF-ES";"DEL02-ES";"UOP01-DEL02-ES"
564171;2023-11-28;"terça-feira";"17:45:00";"SP";381;58;"MAIRIPORA";"Chuva";"Queda de ocupante de veículo";"Com Vítimas Feridas";"Pleno dia";"Crescente";"Chuva";"Dupla";"Reta";"Não";1;0;1;0;0;0;1;1;-23,27438497;-46,58530615;"SPRF-SP";"DEL03-SP";"UOP01-DEL03-SP"
564172;2023-11-28;"terça-feira";"15:30:00";"TO";230;70;"LUZINOPOLIS";"Retorno proibido";"Colisão transversal";"Sem Vítimas";"Pleno dia";"Decrescente";"Céu Claro";"Simples";"Reta";"Sim";2;0;0;0;1;1;0;2;-6,19282836;-47,86155072;"SPRF-TO";"DEL02-TO";"UOP03-DEL02-TO"
564173;2023-11-28;"terça-feira";"18:12:00";"TO";226;39;"DARCINOPOLIS";"Velocidade Incompatível";"Colisão transversal";"Com Vítimas Feridas";"Anoitecer";"Crescente";"Céu Claro";"Simples";"Reta";"Sim";3;0;0;1;2;0;1;2;-6,705505;-47,753178;"SPRF-TO";"DEL02-TO";"UOP03-DEL02-TO"
564176;2023-11-28;"terça-feira";"18:05:00";"GO";60;380;"RIO VERDE";"Condutor deixou de manter distância do veículo da frente";"Colisão traseira";"Com Vítimas Feridas";"Pleno dia";"Crescente";"Céu Claro";"Dupla";"Reta";"Sim";2;0;1;0;1;0;1;2;-17,7646;-50,8822;"SPRF-GO";"DEL04-GO";"UOP02-DEL04-GO"
564178;2023-11-28;"terça-feira";"16:05:00";"RO";425;99;"NOVA MAMORE";"Acessar a via sem observar a presença dos outros veículos";"Saída de leito carroçável";"Sem Vítimas";"Pleno dia";"Crescente";"Garoa/Chuvisco";"Simples";"Reta;Interseção de Vias;Aclive";"Sim";5;0;0;0;5;0;0;2;-10,403116;-65,32756;"SPRF-RO";"DEL01-RO";"UOP03-DEL01-RO"
564179;2023-10-11;"quarta-feira";"18:00:00";"RN";110;58,9;"MOSSORO";"Pista esburacada";"Tombamento";"Com Vítimas Feridas";"Plena Noite";"Crescente";"Céu Claro";"Simples";"Reta;Em Obras";"Não";1;0;0;1;0;0;1;1;-5,298047;-37,33073;"SPRF-RN";"DEL04-RN";"UOP01-DEL04-RN"
564181;2023-11-28;"terça-feira";"18:20:00";"SC";101;147;"ITAPEMA";"Ausência de reação do condutor";"Colisão lateral mesmo sentido";"Com Vítimas Feridas";"Plena Noite";"Decrescente";"Chuva";"Múltipla";"Reta";"Sim";2;0;1;0;0;1;1;2;-27,09237407;-48,61730888;"SPRF-SC";"DEL04-SC";"UOP03-DEL04-SC"
564185;2023-11-28;"terça-feira";"13:30:00";"PR";376;615,6;"SAO JOSE DOS PINHAIS";"Avarias e/ou desgaste excessivo no pneu";"Colisão com objeto";"Sem Vítimas";"Pleno dia";"Crescente";"Chuva";"Dupla";"Aclive;Reta";"Sim";1;0;0;0;1;0;0;1;-25,58273364;-49,17721868;"SPRF-PR";"DEL01-PR";"UOP04-DEL01-PR"
564187;2023-11-28;"terça-feira";"18:15:00";"PR";116;99;"SAO JOSE DOS PINHAIS";"Manobra de mudança de faixa";"Colisão lateral mesmo sentido";"Com Vítimas Feridas";"Pleno dia";"Crescente";"Chuva";"Dupla";"Reta";"Sim";2;0;2;0;0;0;2;2;-25,5559756;-49,149711;"SPRF-PR";"DEL01-PR";"UOP07-DEL01-PR"
564188;2023-11-28;"terça-feira";"18:45:00";"RJ";116;174;"SAO JOAO DE MERITI";"Trafegar com motocicleta (ou similar) entre as faixas";"Colisão traseira";"Com Vítimas Feridas";"Plena Noite";"Crescente";"Chuva";"Múltipla";"Reta";"Sim";3;0;1;0;2;0;1;2;-22,7946293;-43,3633697;"SPRF-RJ";"DEL06-RJ";"UOP01-DEL06-RJ"
564189;2023-11-28;"terça-feira";"19:00:00";"RN";101;149,5;"GOIANINHA";"Acessar a via sem observar a presença dos outros veículos";"Atropelamento de Pedestre";"Com Vítimas Fatais";"Plena Noite";"Decrescente";"Céu Claro";"Dupla";"Reta";"Não";2;1;0;0;0;1;0;2;-6,28708712;-35,20055221;"SPRF-RN";"DEL01-RN";"UOP01-DEL01-RN"
564190;2023-11-28;"terça-feira";"19:20:00";"RS";448;22;"PORTO ALEGRE";"Reação tardia ou ineficiente do condutor";"Colisão com objeto";"Com Vítimas Feridas";"Plena Noite";"Crescente";"Chuva";"Dupla";"Ponte;Curva;Declive";"Não";2;0;1;0;1;0;1;1;-29,97547584;-51,19957209;"SPRF-RS";"DEL01-RS";"UOP01-DEL01-RS"
564191;2023-11-28;"terça-feira";"19:04:00";"PE";101;54;"PAULISTA";"Ingestão de álcool pelo condutor";"Colisão lateral mesmo sentido";"Com Vítimas Feridas";"Plena Noite";"Decrescente";"Céu Claro";"Dupla";"Reta";"Sim";2;0;0;1;1;0;1;2;-7,94351944;-34,90411162;"SPRF-PE";"DEL01-PE";"UOP02-DEL01-PE"
564193;2023-11-28;"terça-feira";"18:20:00";"SC";470;145;"RIO DO SUL";"Acessar a via sem observar a presença dos outros veículos";"Colisão transversal";"Com Vítimas Feridas";"Pleno dia";"Decrescente";"Chuva";"Simples";"Retorno Regulamentado";"Sim";3;0;1;0;2;0;1;2;-27,237301;-49,682217;"SPRF-SC";"DEL04-SC";"UOP02-DEL04-SC"
564194;2023-11-28;"terça-feira";"18:45:00";"PR";376;598,2;"CURITIBA";"Trafegar com motocicleta (ou similar) entre as faixas";"Queda de ocupante de veículo";"Com Vítimas Feridas";"Plena Noite";"Crescente";"Chuva";"Dupla";"Reta";"Sim";1;0;1;0;0;0;1;1;-25,51541112;-49,33698177;"SPRF-PR";"DEL01-PR";"UOP06-DEL01-PR"
564196;2023-11-28;"terça-feira";"19:10:00";"PI";343;267;"CAMPO MAIOR";"Entrada inopinada do pedestre";"Atropelamento de Pedestre";"Com Vítimas Feridas";"Plena Noite";"Decrescente";"Céu Claro";"Simples";"Reta";"Sim";2;0;1;0;1;0;1;2;-4,836484;-42,181347;"SPRF-PI";"DEL01-PI";"UOP03-DEL01-PI"
564197;2023-11-28;"terça-feira";"19:20:00";"GO";414;410;"ABADIANIA";"Área urbana sem a presença de local apropriado para a travessia de pedestres";"Atropelamento de Pedestre";"Com Vítimas Feridas";"Plena Noite";"Crescente";"Ignorado";"Simples";"Reta";"Sim";2;0;1;1;0;0;2;2;-16,05748312;-48,85384942;"SPRF-GO";"DEL02-GO";"UOP01-DEL02-GO"
564199;2023-11-28;"terça-feira";"20:12:00";"MG";381;513;"IGARAPE";"Ultrapassagem Indevida";"Colisão frontal";"Com Vítimas Feridas";"Plena Noite";"Decrescente";"Céu Claro";"Dupla";"Reta";"Sim";2;0;0;1;1;0;1;2;-20,099993;-44,318903;"SPRF-MG";"DEL01-MG";"UOP03-DEL01-MG"
564201;2023-11-28;"terça-feira";"19:40:00";"RS";116;144,1;"CAXIAS DO SUL";"Velocidade Incompatível";"Colisão frontal";"Com Vítimas Feridas";"Plena Noite";"Decrescente";"Chuva";"Dupla";"Declive;Curva";"Sim";2;0;1;1;0;0;2;2;-29,12849043;-51,12738848;"SPRF-RS";"DEL05-RS";"UOP01-DEL05-RS"
564202;2023-11-28;"terça-feira";"19:10:00";"PI";316;4,5;"TERESINA";"Entrada inopinada do pedestre";"Atropelamento de Pedestre";"Com Vítimas Feridas";"Plena Noite";"Crescente";"Céu Claro";"Múltipla";"Reta";"Sim";2;0;0;1;1;0;1;2;-5,13655894;-42,78900388;"SPRF-PI";"DEL01-PI";"UOP02-DEL01-PI"
564203;2023-11-28;"terça-feira";"19:15:00";"BA";242;620;"MUQUEM DE SAO FRANCISCO";"Animais na Pista";"Atropelamento de Animal";"Sem Vítimas";"Plena Noite";"Crescente";"Céu Claro";"Simples";"Reta";"Não";1;0;0;0;1;0;0;1;-12,15917385;-43,29818378;"SPRF-BA";"DEL10-BA";"UOP02-DEL10-BA"
564204;2023-11-28;"terça-feira";"19:35:00";"AL";101;77;"RIO LARGO";"Velocidade Incompatível";"Queda de ocupante de veículo";"Com Vítimas Feridas";"Plena Noite";"Crescente";"Chuva";"Dupla";"Reta";"Não";1;0;1;0;0;0;1;1;-9,42231892;-35,83907761;"SPRF-AL";"DEL01-AL";"UOP01-DEL01-AL"
564206;2023-11-28;"terça-feira";"19:00:00";"MG";262;37,2;"MANHUACU";"Acessar a via sem observar a presença dos outros veículos";"Colisão lateral mesmo sentido";"Com Vítimas Feridas";"Plena Noite";"Crescente";"Céu Claro";"Simples";"Reta";"Sim";3;0;1;0;2;0;1;3;-20,25748975;-42,03048732;"SPRF-MG";"DEL06-MG";"UOP03-DEL06-MG"
564209;2023-11-28;"terça-feira";"17:50:00";"PR";163;140;"CAPITAO LEONIDAS MARQUES";"Manobra de mudança de faixa";"Colisão lateral mesmo sentido";"Com Vítimas Feridas";"Pleno dia";"Decrescente";"Céu Claro";"Simples";"Curva";"Não";3;0;2;0;1;0;2;2;-25,49765306;-53,59938318;"SPRF-PR";"DEL05-PR";"UOP05-DEL05-PR"
564210;2023-11-28;"terça-feira";"20:50:00";"SC";101;208;"SAO JOSE";"Condutor deixou de manter distância do veículo da frente";"Colisão lateral mesmo sentido";"Com Vítimas Feridas";"Plena Noite";"Crescente";"Chuva";"Dupla";"Reta";"Sim";3;0;1;0;1;1;1;3;-27,60327979;-48,63201818;"SPRF-SC";"DEL01-SC";"UOP01-DEL01-SC"
564211;2023-11-28;"terça-feira";"20:36:00";"RJ";116;200;"QUEIMADOS";"Demais falhas mecânicas ou elétricas";"Incêndio";"Sem Vítimas";"Plena Noite";"Decrescente";"Chuva";"Dupla";"Reta";"Não";1;0;0;0;1;0;0;1;-22,7306082;-43,59401795;"SPRF-RJ";"DEL06-RJ";"UOP02-DEL06-RJ"
564212;2023-11-28;"terça-feira";"21:10:00";"RS";116;143,1;"CAXIAS DO SUL";"Reação tardia ou ineficiente do condutor";"Colisão lateral mesmo sentido";"Sem Vítimas";"Plena Noite";"Decrescente";"Nublado";"Dupla";"Reta";"Sim";5;0;0;0;5;0;0;2;-29,12028026;-51,1226356;"SPRF-RS";"DEL05-RS";"UOP01-DEL05-RS"
564215;2023-11-28;"terça-feira";"21:30:00";"CE";230;77;"VARZEA ALEGRE";"Transitar na contramão";"Colisão frontal";"Com Vítimas Fatais";"Plena Noite";"Decrescente";"Céu Claro";"Simples";"Reta;Aclive";"Sim";2;1;0;0;0;1;0;2;-6,791163;-39,275608;"SPRF-CE";"DEL05-CE";"UOP01-DEL05-CE"
564218;2023-11-28;"terça-feira";"21:15:00";"PR";376;393,5;"IMBAU";"Avarias e/ou desgaste excessivo no pneu";"Tombamento";"Com Vítimas Feridas";"Plena Noite";"Decrescente";"Nublado";"Dupla";"Reta";"Não";1;0;1;0;0;0;1;1;-24,54584833;-50,69101639;"SPRF-PR";"DEL03-PR";"UOP02-DEL03-PR"
564219;2023-11-28;"terça-feira";"21:40:00";"RS";287;324;"SAO VICENTE DO SUL";"Ingestão de álcool pelo condutor";"Colisão lateral mesmo sentido";"Com Vítimas Feridas";"Plena Noite";"Crescente";"Nublado";"Simples";"Reta;Declive";"Não";6;0;1;1;4;0;2;2;-29,66990301;-54,61081799;"SPRF-RS";"DEL09-RS";"UOP01-DEL09-RS"
564222;2023-11-28;"terça-feira";"22:20:00";"ES";101;270;"SERRA";"Acessar a via sem observar a presença dos outros veículos";"Atropelamento de Pedestre";"Com Vítimas Feridas";"Plena Noite";"Decrescente";"Céu Claro";"Dupla";"Reta";"Sim";2;0;0;1;1;0;1;2;-20,22662056;-40,27075088;"SPRF-ES";"DEL02-ES";"UOP01-DEL02-ES"
564225;2023-11-28;"terça-feira";"20:10:00";"BA";110;302;"INHAMBUPE";"Deixar de acionar o farol da motocicleta (ou similar)";"Colisão traseira";"Com Vítimas Feridas";"Plena Noite";"Crescente";"Céu Claro";"Simples";"Reta";"Não";2;0;1;1;0;0;2;1;-11,925838;-38,374245;"SPRF-BA";"DEL01-BA";"UOP04-DEL01-BA"
564227;2023-11-28;"terça-feira";"15:00:00";"RJ";40;47;"PETROPOLIS";"Condutor Dormindo";"Saída de leito carroçável";"Com Vítimas Feridas";"Pleno dia";"Decrescente";"Céu Claro";"Simples";"Reta";"Não";1;0;1;0;0;0;1;1;-22,29169833;-43,1279826;"SPRF-RJ";"DEL05-RJ";"UOP02-DEL05-RJ"
564232;2023-11-28;"terça-feira";"23:30:00";"SC";470;7,2;"NAVEGANTES";"Acessar a via sem observar a presença dos outros veículos";"Colisão frontal";"Com Vítimas Feridas";"Plena Noite";"Crescente";"Chuva";"Simples";"Interseção de Vias";"Não";2;0;0;1;0;1;1;2;-26,84499;-48,71505;"SPRF-SC";"DEL04-SC";"UOP04-DEL04-SC"
564233;2023-11-28;"terça-feira";"22:00:00";"BA";324;611;"SIMOES FILHO";"Condutor Dormindo";"Colisão com objeto";"Sem Vítimas";"Pleno dia";"Decrescente";"Céu Claro";"Dupla";"Reta";"Sim";1;0;0;0;0;1;0;1;-12,83798396;-38,41427011;"SPRF-BA";"DEL01-BA";"UOP01-DEL01-BA"
564234;2023-11-28;"terça-feira";"21:00:00";"RJ";495;31;"PETROPOLIS";"Acessar a via sem observar a presença dos outros veículos";"Colisão transversal";"Com Vítimas Feridas";"Plena Noite";"Decrescente";"Chuva";"Simples";"Reta";"Sim";2;0;1;0;1;0;1;2;-22,38713276;-43,12494278;"SPRF-RJ";"DEL05-RJ";"UOP02-DEL05-RJ"
564236;2023-10-26;"quinta-feira";"12:50:00";"RN";101;81,6;"SAO GONCALO DO AMARANTE";"Reação tardia ou ineficiente do condutor";"Atropelamento de Pedestre";"Com Vítimas Feridas";"Pleno dia";"Crescente";"Céu Claro";"Dupla";"Reta";"Sim";2;0;0;1;0;1;1;2;-5,76469466;-35,28295988;"SPRF-RN";"DEL02-RN";"UOP01-DEL02-RN"
564237;2023-11-04;"sábado";"15:00:00";"PR";277;626;"CEU AZUL";"Reação tardia ou ineficiente do condutor";"Saída de leito carroçável";"Com Vítimas Feridas";"Pleno dia";"Decrescente";"Céu Claro";"Simples";"Reta";"Não";1;0;1;0;0;0;1;1;-25,10767357;-53,76314163;"SPRF-PR";"DEL05-PR";"UOP02-DEL05-PR"
564246;2023-09-17;"domingo";"19:30:00";"MG";40;652,4;"CRISTIANO OTONI";"Animais na Pista";"Atropelamento de Animal";"Com Vítimas Feridas";"Plena Noite";"Crescente";"Ignorado";"Simples";"Reta";"Não";1;0;0;1;0;0;1;1;-20,84831251;-43,79859567;"SPRF-MG";"DEL05-MG";"UOP02-DEL05-MG"
564248;2023-11-28;"terça-feira";"13:15:00";"BA";367;65,6;"PORTO SEGURO";"Ultrapassagem Indevida";"Saída de leito carroçável";"Com Vítimas Feridas";"Pleno dia";"Crescente";"Sol";"Simples";"Reta";"Não";1;0;1;0;0;0;1;1;-16,39110057;-39,42665978;"SPRF-BA";"DEL09-BA";"UOP03-DEL09-BA"
564249;2023-11-29;"quarta-feira";"05:10:00";"GO";60;129;"GOIANAPOLIS";"Reação tardia ou ineficiente do condutor";"Saída de leito carroçável";"Com Vítimas Feridas";"Anoitecer";"Crescente";"Céu Claro";"Dupla";"Reta";"Não";2;0;1;0;1;0;1;1;-16,5587;-49,1534;"SPRF-GO";"DEL01-GO";"UOP01-DEL01-GO"
564251;2023-11-28;"terça-feira";"19:48:00";"DF";70;5,4;"BRASILIA";"Conversão proibida";"Saída de leito carroçável";"Sem Vítimas";"Plena Noite";"Decrescente";"Céu Claro";"Dupla";"Reta";"Sim";2;0;0;0;2;0;0;2;-15,794656;-48,096779;"SPRF-DF";"DEL03-DF";"UOP02-DEL03-DF"
564255;2023-11-28;"terça-feira";"17:15:00";"MT";163;577;"NOVA MUTUM";"Reação tardia ou ineficiente do condutor";"Saída de leito carroçável";"Com Vítimas Feridas";"Anoitecer";"Decrescente";"Céu Claro";"Simples";"Reta";"Não";3;0;2;0;1;0;2;1;-14,007312;-56,0985536;"SPRF-MT";"DEL01-MT";"UOP01-DEL01-MT"
564256;2023-11-29;"quarta-feira";"07:30:00";"GO";50;281;"CATALAO";"Acessar a via sem observar a presença dos outros veículos";"Colisão transversal";"Com Vítimas Feridas";"Pleno dia";"Crescente";"Céu Claro";"Dupla";"Retorno Regulamentado";"Sim";2;0;1;0;0;1;1;2;-18,1838;-47,9441;"SPRF-GO";"DEL06-GO";"UOP01-DEL06-GO"
564257;2023-11-29;"quarta-feira";"07:30:00";"GO";40;7;"VALPARAISO DE GOIAS";"Animais na Pista";"Queda de ocupante de veículo";"Com Vítimas Feridas";"Pleno dia";"Decrescente";"Céu Claro";"Dupla";"Reta";"Sim";1;0;1;0;0;0;1;1;-16,108482;-47,972524;"SPRF-DF";"DEL01-DF";"UOP01-DEL01-DF"
564258;2023-11-29;"quarta-feira";"06:50:00";"RJ";40;119;"DUQUE DE CAXIAS";"Ausência de reação do condutor";"Colisão traseira";"Com Vítimas Feridas";"Pleno dia";"Crescente";"Nublado";"Múltipla";"Reta";"Sim";2;0;1;0;1;0;1;2;-22,76375592;-43,28683062;"SPRF-RJ";"DEL01-RJ";"UOP02-DEL01-RJ"
564259;2023-11-29;"quarta-feira";"08:00:00";"RS";116;244;"SAO LEOPOLDO";"Trafegar com motocicleta (ou similar) entre as faixas";"Colisão lateral mesmo sentido";"Com Vítimas Feridas";"Pleno dia";"Crescente";"Nublado";"Dupla";"Reta";"Sim";2;0;1;0;1;0;1;2;-29,74088003;-51,15039566;"SPRF-RS";"DEL01-RS";"UOP02-DEL01-RS"