"id";"data_inversa";"dia_semana";"horario";"uf";"br";"km";"municipio";"causa_acidente";"tipo_acidente";"classificacao_acidente";"fase_dia";"sentido_via";"condicao_metereologica";"tipo_pista";"tracado_via";"uso_solo";"pessoas";"mortos";"feridos_leves";"feridos_graves";"ilesos";"ignorados";"feridos";"veiculos";"latitude";"longitude";"regional";"delegacia";"uop"
564487;2023-11-30;"quinta-feira";"11:40:00";"MG";50;154,5;"UBERABA";"Reação tardia ou ineficiente do condutor";"Colisão traseira";"Sem Vítimas";"Pleno dia";"Crescente";"Céu Claro";"Dupla";"Curva;Declive";"Não";2;0;0;0;1;1;0;2;-19,59976082;-48,02524854;"SPRF-MG";"DEL13-MG";"UOP01-DEL13-MG"
564488;2023-11-30;"quinta-feira";"12:40:00";"RN";101;97;"NATAL";"Acessar a via sem observar a presença dos outros veículos";"Colisão traseira";"Com Vítimas Feridas";"Pleno dia";"Crescente";"Céu Claro";"Simples";"Reta";"Sim";2;0;1;0;1;0;1;2;-5,85758898;-35,21271205;"SPRF-RN";"DEL01-RN";"UOP01-DEL01-RN"
564489;2023-08-16;"quarta-feira";"10:00:00";"MG";381;434,5;"SABARA";"Declive acentuado";"Tombamento";"Com Vítimas Feridas";"Pleno dia";"Crescente";"Céu Claro";"Simples";"Curva;Declive";"Não";1;0;1;0;0;0;1;1;-19,80043184;-43,75031407;"SPRF-MG";"DEL01-MG";"UOP01-DEL01-MG"
564492;2023-11-30;"quinta-feira";"11:15:00";"GO";40;13;"LUZIANIA";"Frear bruscamente";"Colisão traseira";"Sem Vítimas";"Pleno dia";"Decrescente";"Céu Claro";"Dupla";"Reta";"Sim";5;0;0;0;5;0;0;2;-16,151832;-47,939162;"SPRF-DF";"DEL01-DF";"UOP01-DEL01-DF"
564493;2023-11-30;"quinta-feira";"13:20:00";"MG";40;635,3;"CONSELHEIRO LAFAIETE";"Avarias e/ou desgaste excessivo no pneu";"Saída de leito carroçável";"Com Vítimas Feridas";"Pleno dia";"Decrescente";"Chuva";"Simples";"Curva;Declive";"Não";1;0;1;0;0;0;1;1;-20,70474;-43,792564;"SPRF-MG";"DEL05-MG";"UOP02-DEL05-MG"
564496;2023-11-30;"quinta-feira";"12:00:00";"RJ";116;135;"MAGE";"Reação tardia ou ineficiente do condutor";"Colisão lateral mesmo sentido";"Com Vítimas Feridas";"Pleno dia";"Decrescente";"Céu Claro";"Dupla";"Reta";"Não";2;0;1;0;1;0;1;2;-22,65225773;-43,16309893;"SPRF-RJ";"DEL04-RJ";"UOP02-DEL04-RJ"
564497;2023-11-30;"quinta-feira";"14:35:00";"CE";116;5;"FORTALEZA";"Ausência de reação do condutor";"Colisão lateral mesmo sentido";"Com Vítimas Feridas";"Pleno dia";"Decrescente";"Céu Claro";"Dupla";"Reta";"Sim";3;0;1;0;2;0;1;2;-3,79467116;-38,50772734;"SPRF-CE";"DEL01-CE";"UOP02-DEL01-CE"
564498;2023-11-30;"quinta-feira";"14:00:00";"SP";116;166;"JACAREI";"Reação tardia ou ineficiente do condutor";"Engavetamento";"Com Vítimas Feridas";"Pleno dia";"Decrescente";"Sol";"Dupla";"Reta";"Sim";4;0;2;0;2;0;2;3;-23,30055667;-46,01686506;"SPRF-SP";"DEL02-SP";"UOP01-DEL02-SP"
564499;2023-11-30;"quinta-feira";"14:00:00";"RN";226;33,4;"MACAIBA";"Conversão proibida";"Colisão transversal";"Com Vítimas Feridas";"Pleno dia";"Crescente";"Céu Claro";"Dupla";"Declive;Em Obras";"Não";6;0;1;0;5;0;1;2;-5,89085;-35,493743;"SPRF-RN";"DEL01-RN";"UOP02-DEL01-RN"
564500;2023-11-30;"quinta-feira";"13:30:00";"PR";277;42;"MORRETES";"Manobra de mudança de faixa";"Queda de ocupante de veículo";"Com Vítimas Feridas";"Pleno dia";"Decrescente";"Céu Claro";"Dupla";"Reta";"Não";1;0;1;0;0;0;1;1;-25,57361239;-48,84469597;"SPRF-PR";"DEL01-PR";"UOP01-DEL01-PR"
564501;2023-11-30;"quinta-feira";"13:10:00";"PB";230;147,9;"CAMPINA GRANDE";"Reação tardia ou ineficiente do condutor";"Colisão traseira";"Com Vítimas Feridas";"Pleno dia";"Crescente";"Céu Claro";"Dupla";"Rotatória";"Sim";6;0;1;0;5;0;1;2;-7,23655211;-35,86800098;"SPRF-PB";"DEL02-PB";"UOP01-DEL02-PB"
564506;2023-11-30;"quinta-feira";"14:35:00";"SC";116;244,8;"LAGES";"Reação tardia ou ineficiente do condutor";"Saída de leito carroçável";"Sem Vítimas";"Pleno dia";"Crescente";"Céu Claro";"Simples";"Curva";"Não";1;0;0;0;1;0;0;1;-27,79190261;-50,35807913;"SPRF-SC";"DEL05-SC";"UOP01-DEL05-SC"
564508;2023-11-30;"quinta-feira";"15:15:00";"SP";116;230;"SAO PAULO";"Manobra de mudança de faixa";"Colisão lateral mesmo sentido";"Com Vítimas Feridas";"Pleno dia";"Decrescente";"Céu Claro";"Múltipla";"Reta";"Sim";2;0;1;0;0;1;1;2;-23,52251783;-46,5855702;"SPRF-SP";"DEL01-SP";"UOP01-DEL01-SP"
564509;2023-11-20;"segunda-feira";"02:30:00";"RJ";101;480;"ANGRA DOS REIS";"Chuva";"Capotamento";"Com Vítimas Feridas";"Plena Noite";"Decrescente";"Chuva";"Simples";"Reta";"Não";2;0;2;0;0;0;2;1;-23,01331268;-44,28361913;"SPRF-RJ";"DEL03-RJ";"UOP03-DEL03-RJ"
564511;2023-11-30;"quinta-feira";"13:55:00";"MA";10;253,8;"IMPERATRIZ";"Acumulo de óleo sobre o pavimento";"Derramamento de carga";"Com Vítimas Feridas";"Pleno dia";"Decrescente";"Céu Claro";"Simples";"Reta";"Sim";2;0;2;0;0;0;2;1;-5,526911;-47,471455;"SPRF-MA";"DEL04-MA";"UOP01-DEL04-MA"
564512;2023-09-28;"quinta-feira";"07:15:00";"RN";101;83,8;"SAO GONCALO DO AMARANTE";"Pedestre cruzava a pista fora da faixa";"Atropelamento de Pedestre";"Com Vítimas Feridas";"Pleno dia";"Crescente";"Céu Claro";"Dupla";"Reta;Viaduto";"Sim";2;0;1;1;0;0;2;2;-5,7710445;-35,26616981;"SPRF-RN";"DEL02-RN";"UOP01-DEL02-RN"
564514;2023-11-30;"quinta-feira";"15:00:00";"SP";116;281;"EMBU DAS ARTES";"Trafegar com motocicleta (ou similar) entre as faixas";"Colisão traseira";"Com Vítimas Feridas";"Pleno dia";"Decrescente";"Céu Claro";"Dupla";"Reta";"Sim";2;0;1;0;1;0;1;2;-23,67784787;-46,85769227;"SPRF-SP";"DEL04-SP";"UOP01-DEL04-SP"
564516;2023-11-30;"quinta-feira";"15:40:00";"RN";101;100;"NATAL";"Condutor deixou de manter distância do veículo da frente";"Colisão traseira";"Com Vítimas Feridas";"Pleno dia";"Decrescente";"Céu Claro";"Múltipla";"Reta";"Sim";3;0;2;0;1;0;2;3;-5,88106901;-35,22542396;"SPRF-RN";"DEL01-RN";"UOP01-DEL01-RN"
564517;2023-11-30;"quinta-feira";"07:45:00";"BA";324;549,5;"AMELIA RODRIGUES";"Reação tardia ou ineficiente do condutor";"Capotamento";"Com Vítimas Feridas";"Pleno dia";"Decrescente";"Céu Claro";"Dupla";"Reta";"Sim";5;0;2;0;2;1;2;2;-12,43255269;-38,7319107;"SPRF-BA";"DEL01-BA";"UOP03-DEL01-BA"
564518;2023-10-07;"sábado";"06:30:00";"RS";116;263;"CANOAS";"Manobra de mudança de faixa";"Colisão lateral mesmo sentido";"Sem Vítimas";"Amanhecer";"Decrescente";"Garoa/Chuvisco";"Dupla";"Reta";"Sim";2;0;0;0;1;1;0;2;-29,90545398;-51,17674031;"SPRF-RS";"DEL01-RS";"UOP01-DEL01-RS"
564519;2023-11-30;"quinta-feira";"14:10:00";"PI";316;290;"PICOS";"Ausência de reação do condutor";"Colisão traseira";"Com Vítimas Feridas";"Pleno dia";"Crescente";"Céu Claro";"Simples";"Reta";"Não";2;0;1;0;1;0;1;2;-6,99681216;-41,61967609;"SPRF-PI";"DEL04-PI";"UOP01-DEL04-PI"
564522;2023-11-26;"domingo";"01:00:00";"RJ";101;313;"SAO GONCALO";"Ausência de reação do condutor";"Saída de leito carroçável";"Com Vítimas Feridas";"Anoitecer";"Crescente";"Céu Claro";"Simples";"Aclive;Curva;Retorno Regulamentado";"Sim";1;0;1;0;0;0;1;1;-22,81049093;-43,06983304;"SPRF-RJ";"DEL02-RJ";"UOP02-DEL02-RJ"
564525;2023-11-30;"quinta-feira";"16:20:00";"PB";101;7,7;"MAMANGUAPE";"Reação tardia ou ineficiente do condutor";"Saída de leito carroçável";"Com Vítimas Feridas";"Pleno dia";"Crescente";"Céu Claro";"Dupla";"Reta";"Não";3;0;3;0;0;0;3;1;-6,55994553;-35,13580041;"SPRF-PB";"DEL01-PB";"UOP04-DEL01-PB"
564527;2023-11-30;"quinta-feira";"15:50:00";"PI";316;316,2;"PICOS";"Reação tardia ou ineficiente do condutor";"Colisão com objeto";"Com Vítimas Feridas";"Pleno dia";"Crescente";"Sol";"Dupla";"Reta";"Sim";3;0;1;0;2;0;1;3;-7,08133721;-41,42347604;"SPRF-PI";"DEL04-PI";"UOP01-DEL04-PI"
564529;2023-11-30;"quinta-feira";"11:30:00";"PA";163;975;"SANTAREM";"Entrada inopinada do pedestre";"Atropelamento de Pedestre";"Com Vítimas Feridas";"Pleno dia";"Decrescente";"Céu Claro";"Simples";"Reta;Declive";"Não";2;0;0;1;1;0;1;2;-2,64483302;-54,79229999;"SPRF-PA";"DEL05-PA";"UOP01-DEL05-PA"
564530;2023-11-30;"quinta-feira";"14:55:00";"RJ";101;308;"SAO GONCALO";"Demais falhas na via";"Eventos atípicos";"Com Vítimas Feridas";"Pleno dia";"Decrescente";"Sol";"Dupla";"Reta";"Sim";1;0;0;1;0;0;1;1;-22,79309326;-43,02479595;"SPRF-RJ";"DEL02-RJ";"UOP02-DEL02-RJ"
564532;2023-11-30;"quinta-feira";"17:20:00";"SP";153;57,4;"SAO JOSE DO RIO PRETO";"Manobra de mudança de faixa";"Saída de leito carroçável";"Com Vítimas Feridas";"Pleno dia";"Crescente";"Céu Claro";"Dupla";"Reta";"Sim";4;0;4;0;0;0;4;2;-20,76991095;-49,34982212;"SPRF-SP";"DEL09-SP";"UOP01-DEL09-SP"
564533;2023-11-30;"quinta-feira";"17:10:00";"RJ";101;69;"CAMPOS DOS GOYTACAZES";"Reação tardia ou ineficiente do condutor";"Queda de ocupante de veículo";"Com Vítimas Feridas";"Pleno dia";"Decrescente";"Garoa/Chuvisco";"Simples";"Reta";"Não";2;0;1;0;1;0;1;1;-21,77624383;-41,3653321;"SPRF-RJ";"DEL08-RJ";"UOP02-DEL08-RJ"
564534;2023-11-30;"quinta-feira";"11:35:00";"RO";319;35;"PORTO VELHO";"Ausência de reação do condutor";"Saída de leito carroçável";"Com Vítimas Feridas";"Pleno dia";"Decrescente";"Ignorado";"Simples";"Curva";"Não";1;0;1;0;0;0;1;1;-8,08726663;-63,63603512;"SPRF-RO";"DEL01-RO";"UOP01-DEL01-RO"
564537;2023-11-30;"quinta-feira";"17:40:00";"MG";116;528;"CARATINGA";"Acessar a via sem observar a presença dos outros veículos";"Colisão transversal";"Com Vítimas Feridas";"Pleno dia";"Crescente";"Céu Claro";"Simples";"Reta";"Sim";3;0;2;0;1;0;2;2;-19,794033;-42,13731414;"SPRF-MG";"DEL06-MG";"UOP02-DEL06-MG"
564540;2023-09-12;"terça-feira";"22:35:00";"RJ";116;118;"DUQUE DE CAXIAS";"Transtornos Mentais (exceto suicidio)";"Atropelamento de Pedestre";"Com Vítimas Feridas";"Plena Noite";"Decrescente";"Céu Claro";"Múltipla";"Reta";"Sim";2;0;0;1;1;0;1;2;-22,7602652;-43,2867146;"SPRF-RJ";"DEL04-RJ";"UOP02-DEL04-RJ"
564541;2023-11-30;"quinta-feira";"17:10:00";"SC";101;213;"PALHOCA";"Reação tardia ou ineficiente do condutor";"Queda de ocupante de veículo";"Com Vítimas Feridas";"Pleno dia";"Decrescente";"Nublado";"Dupla";"Reta;Interseção de Vias";"Sim";1;0;0;1;0;0;1;1;-27,63697369;-48,66514142;"SPRF-SC";"DEL01-SC";"UOP02-DEL01-SC"
564543;2023-11-30;"quinta-feira";"15:40:00";"SC";280;15,7;"SAO FRANCISCO DO SUL";"Demais falhas mecânicas ou elétricas";"Tombamento";"Com Vítimas Feridas";"Pleno dia";"Crescente";"Céu Claro";"Simples";"Reta";"Não";2;0;2;0;0;0;2;1;-26,33868901;-48,65489598;"SPRF-SC";"DEL03-SC";"UOP03-DEL03-SC"
564544;2023-11-30;"quinta-feira";"18:00:00";"PR";376;232;"APUCARANA";"Reação tardia ou ineficiente do condutor";"Colisão traseira";"Com Vítimas Feridas";"Anoitecer";"Decrescente";"Céu Claro";"Dupla";"Retorno Regulamentado";"Não";2;0;0;1;1;0;1;2;-23,57126885;-51,50557362;"SPRF-PR";"DEL07-PR";"UOP03-DEL07-PR"
564546;2023-11-30;"quinta-feira";"17:00:00";"RJ";40;119;"DUQUE DE CAXIAS";"Avarias e/ou desgaste excessivo no pneu";"Queda de ocupante de veículo";"Com Vítimas Feridas";"Pleno dia";"Decrescente";"Céu Claro";"Múltipla";"Reta";"Sim";2;0;2;0;0;0;2;1;-22,76375592;-43,28683062;"SPRF-RJ";"DEL01-RJ";"UOP02-DEL01-RJ"
564551;2023-11-30;"quinta-feira";"18:10:00";"SC";101;150;"ITAPEMA";"Manobra de mudança de faixa";"Colisão lateral mesmo sentido";"Com Vítimas Feridas";"Plena Noite";"Decrescente";"Nublado";"Múltipla";"Reta";"Sim";4;0;0;3;1;0;3;3;-27,11744799;-48,60940987;"SPRF-SC";"DEL04-SC";"UOP03-DEL04-SC"
564553;2023-11-30;"quinta-feira";"18:20:00";"CE";116;12;"FORTALEZA";"Área urbana sem a presença de local apropriado para a travessia de pedestres";"Atropelamento de Pedestre";"Com Vítimas Feridas";"Plena Noite";"Crescente";"Céu Claro";"Dupla";"Reta";"Sim";2;0;0;2;0;0;2;2;-3,852077;-38,495525;"SPRF-CE";"DEL01-CE";"UOP02-DEL01-CE"
564555;2023-11-30;"quinta-feira";"18:30:00";"PR";277;592,5;"CASCAVEL";"Transitar na contramão";"Colisão lateral sentido oposto";"Com Vítimas Feridas";"Anoitecer";"Decrescente";"Nublado";"Simples";"Viaduto;Curva";"Sim";2;0;1;0;1;0;1;2;-24,98237624;-53,47411048;"SPRF-PR";"DEL04-PR";"UOP01-DEL04-PR"
564556;2023-11-30;"quinta-feira";"18:30:00";"SP";116;219;"GUARULHOS";"Trafegar com motocicleta (ou similar) entre as faixas";"Colisão lateral mesmo sentido";"Com Vítimas Feridas";"Plena Noite";"Crescente";"Céu Claro";"Múltipla";"Reta";"Sim";3;0;1;0;1;1;1;3;-23,46143954;-46,48885316;"SPRF-SP";"DEL01-SP";"UOP01-DEL01-SP"
564557;2023-11-30;"quinta-feira";"18:00:00";"SP";116;115;"TAUBATE";"Acessar a via sem observar a presença dos outros veículos";"Colisão transversal";"Com Vítimas Feridas";"Plena Noite";"Crescente";"Céu Claro";"Dupla";"Reta";"Sim";2;0;1;0;1;0;1;2;-23,0496047;-45,59973712;"SPRF-SP";"DEL02-SP";"UOP02-DEL02-SP"
564558;2023-11-30;"quinta-feira";"17:20:00";"SC";282;4;"FLORIANOPOLIS";"Trafegar com motocicleta (ou similar) entre as faixas";"Colisão traseira";"Com Vítimas Feridas";"Pleno dia";"Crescente";"Céu Claro";"Múltipla";"Reta";"Sim";2;0;1;0;1;0;1;2;-27,592646;-48,604034;"SPRF-SC";"DEL01-SC";"UOP01-DEL01-SC"
564559;2023-11-30;"quinta-feira";"17:30:00";"MG";267;275,5;"AIURUOCA";"Acessar a via sem observar a presença dos outros veículos";"Colisão transversal";"Com Vítimas Feridas";"Pleno dia";"Crescente";"Céu Claro";"Simples";"Reta";"Não";2;0;1;0;1;0;1;2;-21,93577364;-44,69336685;"SPRF-MG";"DEL17-MG";"UOP01-DEL17-MG"
564560;2023-11-30;"quinta-feira";"19:07:00";"PB";101;87,5;"JOAO PESSOA";"Reação tardia ou ineficiente do condutor";"Tombamento";"Com Vítimas Feridas";"Plena Noite";"Decrescente";"Céu Claro";"Dupla";"Reta";"Sim";2;0;2;0;0;0;2;1;-7,15886802;-34,90628504;"SPRF-PB";"DEL01-PB";"UOP01-DEL01-PB"
564561;2023-11-30;"quinta-feira";"18:30:00";"PR";277;3;"PARANAGUA";"Ausência de reação do condutor";"Colisão frontal";"Com Vítimas Feridas";"Anoitecer";"Crescente";"Céu Claro";"Simples";"Reta";"Não";2;0;1;0;1;0;1;2;-25,5442873;-48,559625;"SPRF-PR";"DEL01-PR";"UOP05-DEL01-PR"
564563;2023-11-30;"quinta-feira";"09:50:00";"PA";163;978;"SANTAREM";"Ausência de reação do condutor";"Saída de leito carroçável";"Com Vítimas Feridas";"Pleno dia";"Crescente";"Céu Claro";"Simples";"Reta";"Não";1;0;1;0;0;0;1;1;-2,6388318;-54,76592504;"SPRF-PA";"DEL05-PA";"UOP01-DEL05-PA"
564564;2023-11-30;"quinta-feira";"19:30:00";"CE";116;199,9;"LIMOEIRO DO NORTE";"Transitar na contramão";"Colisão frontal";"Com Vítimas Fatais";"Plena Noite";"Crescente";"Céu Claro";"Simples";"Reta";"Sim";2;1;0;1;0;0;1;2;-5,18121745;-38,19289684;"SPRF-CE";"DEL03-CE";"UOP01-DEL03-CE"
564565;2023-11-30;"quinta-feira";"14:50:00";"PE";232;369,7;"FLORES";"Ultrapassagem Indevida";"Colisão frontal";"Com Vítimas Feridas";"Pleno dia";"Decrescente";"Céu Claro";"Simples";"Reta";"Não";7;0;2;5;0;0;7;2;-8,03487532;-37,9570271;"SPRF-PE";"DEL04-PE";"UOP01-DEL04-PE"
564566;2023-11-30;"quinta-feira";"19:35:00";"SC";101;145;"ITAPEMA";"Animais na Pista";"Atropelamento de Animal";"Com Vítimas Feridas";"Plena Noite";"Crescente";"Céu Claro";"Dupla";"Curva;Aclive";"Sim";1;0;0;1;0;0;1;1;-27,08139206;-48,60130993;"SPRF-SC";"DEL04-SC";"UOP03-DEL04-SC"
564567;2023-11-30;"quinta-feira";"18:50:00";"GO";40;12,9;"LUZIANIA";"Acessar a via sem observar a presença dos outros veículos";"Colisão transversal";"Com Vítimas Feridas";"Plena Noite";"Decrescente";"Céu Claro";"Dupla";"Reta";"Sim";2;0;1;0;1;0;1;2;-16,145123;-47,945382;"SPRF-DF";"DEL01-DF";"UOP01-DEL01-DF"
564568;2023-11-30;"quinta-feira";"18:40:00";"MG";116;404,2;"GOVERNADOR VALADARES";"Ultrapassagem Indevida";"Colisão frontal";"Com Vítimas Feridas";"Plena Noite";"Crescente";"Chuva";"Simples";"Reta";"Não";3;0;1;0;2;0;1;2;-18,81054997;-41,98453386;"SPRF-MG";"DEL06-MG";"UOP01-DEL06-MG"
564569;2023-11-30;"quinta-feira";"19:40:00";"SP";116;277;"EMBU DAS ARTES";"Manobra de mudança de faixa";"Colisão lateral mesmo sentido";"Com Vítimas Feridas";"Plena Noite";"Crescente";"Nublado";"Múltipla";"Curva;Declive";"Sim";2;0;1;0;1;0;1;2;-23,64870535;-46,84395469;"SPRF-SP";"DEL04-SP";"UOP01-DEL04-SP"
564570;2023-11-30;"quinta-feira";"18:50:00";"RS";290;97,8;"PORTO ALEGRE";"Ausência de reação do condutor";"Queda de ocupante de veículo";"Com Vítimas Feridas";"Anoitecer";"Crescente";"Céu Claro";"Dupla";"Ponte";"Sim";2;0;2;0;0;0;2;1;-29,99727104;-51,2094748;"SPRF-RS";"DEL01-RS";"UOP01-DEL01-RS"
564571;2023-11-30;"quinta-feira";"18:20:00";"MG";50;188;"UBERABA";"Ausência de reação do condutor";"Colisão traseira";"Com Vítimas Feridas";"Anoitecer";"Decrescente";"Céu Claro";"Dupla";"Reta";"Não";4;0;0;1;3;0;1;3;-19,84070819;-47,87993327;"SPRF-MG";"DEL13-MG";"UOP01-DEL13-MG"
564572;2023-11-30;"quinta-feira";"16:30:00";"SC";280;82;"CORUPA";"Acessar a via sem observar a presença dos outros veículos";"Colisão transversal";"Com Vítimas Feridas";"Pleno dia";"Crescente";"Nublado";"Simples";"Rotatória";"Não";2;0;1;0;1;0;1;2;-26,44009491;-49,22605498;"SPRF-SC";"DEL06-SC";"UOP03-DEL06-SC"
564573;2023-11-30;"quinta-feira";"19:10:00";"PE";232;321;"CUSTODIA";"Deficiência do Sistema de Iluminação/Sinalização";"Colisão traseira";"Com Vítimas Feridas";"Plena Noite";"Decrescente";"Céu Claro";"Simples";"Reta";"Não";2;0;1;0;1;0;1;2;-8,11502317;-37,5492901;"SPRF-PE";"DEL04-PE";"UOP02-DEL04-PE"
564574;2023-11-30;"quinta-feira";"19:59:00";"ES";101;217,5;"IBIRACU";"Velocidade Incompatível";"Colisão com objeto";"Com Vítimas Feridas";"Plena Noite";"Crescente";"Céu Claro";"Dupla";"Curva";"Não";2;0;1;0;1;0;1;1;-19,847186;-40,384266;"SPRF-ES";"DEL02-ES";"UOP01-DEL02-ES"
564575;2023-11-30;"quinta-feira";"20:00:00";"PR";277;729;"FOZ DO IGUACU";"Iluminação deficiente";"Atropelamento de Pedestre";"Com Vítimas Fatais";"Plena Noite";"Crescente";"Céu Claro";"Dupla";"Reta";"Sim";2;1;0;0;1;0;0;2;-25,50749887;-54,58379896;"SPRF-PR";"DEL05-PR";"UOP03-DEL05-PR"
564576;2023-11-30;"quinta-feira";"20:00:00";"MS";163;615,7;"SAO GABRIEL DO OESTE";"Acessar a via sem observar a presença dos outros veículos";"Colisão transversal";"Com Vítimas Feridas";"Plena Noite";"Decrescente";"Céu Claro";"Simples";"Reta;Interseção de Vias";"Sim";2;0;1;0;1;0;1;2;-19,39149738;-54,57026124;"SPRF-MS";"DEL06-MS";"UOP02-DEL06-MS"
564578;2023-11-30;"quinta-feira";"21:50:00";"ES";101;234;"FUNDAO";"Reação tardia ou ineficiente do condutor";"Tombamento";"Com Vítimas Feridas";"Plena Noite";"Decrescente";"Céu Claro";"Simples";"Curva";"Não";1;0;1;0;0;0;1;1;-19,96973516;-40,40766379;"SPRF-ES";"DEL02-ES";"UOP01-DEL02-ES"
564582;2023-11-30;"quinta-feira";"22:27:00";"ES";101;262;"SERRA";"Semáforo com defeito";"Colisão transversal";"Com Vítimas Feridas";"Plena Noite";"Crescente";"Céu Claro";"Simples";"Interseção de Vias";"Sim";5;0;2;3;0;0;5;2;-20,1572331;-40,27678329;"SPRF-ES";"DEL02-ES";"UOP01-DEL02-ES"
564583;2023-11-30;"quinta-feira";"21:45:00";"SC";101;227;"PALHOCA";"Acumulo de areia ou detritos sobre o pavimento";"Tombamento";"Com Vítimas Feridas";"Plena Noite";"Crescente";"Nublado";"Múltipla";"Retorno Regulamentado";"Sim";1;0;0;1;0;0;1;1;-27,7509149;-48,63460277;"SPRF-SC";"DEL01-SC";"UOP02-DEL01-SC"
564584;2023-11-30;"quinta-feira";"21:50:00";"RS";386;345,9;"LAJEADO";"Acumulo de areia ou detritos sobre o pavimento";"Tombamento";"Com Vítimas Feridas";"Plena Noite";"Decrescente";"Céu Claro";"Dupla";"Curva;Viaduto;Aclive";"Sim";1;0;1;0;0;0;1;1;-29,44666755;-51,97462505;"SPRF-RS";"DEL04-RS";"UOP01-DEL04-RS"
564586;2023-11-30;"quinta-feira";"22:16:00";"PE";101;46;"IGARASSU";"Acesso irregular";"Colisão transversal";"Com Vítimas Feridas";"Plena Noite";"Crescente";"Céu Claro";"Múltipla";"Reta";"Não";2;0;2;0;0;0;2;2;-7,87406004;-34,90588126;"SPRF-PE";"DEL01-PE";"UOP02-DEL01-PE"
564588;2023-11-30;"quinta-feira";"20:15:00";"RS";290;353;"SAO SEPE";"Ausência de reação do condutor";"Colisão traseira";"Com Vítimas Feridas";"Plena Noite";"Crescente";"Céu Claro";"Simples";"Reta;Declive;Em Obras";"Não";3;0;1;0;0;2;1;3;-30,374231;-53,702789;"SPRF-RS";"DEL09-RS";"UOP02-DEL09-RS"
564590;2023-10-03;"terça-feira";"10:00:00";"PI";402;34,7;"PARNAIBA";"Acessar a via sem observar a presença dos outros veículos";"Colisão transversal";"Com Vítimas Feridas";"Pleno dia";"Crescente";"Céu Claro";"Simples";"Reta";"Sim";2;0;0;1;0;1;1;2;-2,93239061;-41,74947054;"SPRF-PI";"DEL05-PI";"UOP01-DEL05-PI"
564591;2023-11-30;"quinta-feira";"23:00:00";"SC";101;199,5;"SAO JOSE";"Reação tardia ou ineficiente do condutor";"Colisão traseira";"Com Vítimas Feridas";"Plena Noite";"Decrescente";"Nublado";"Dupla";"Viaduto";"Sim";3;0;2;0;1;0;2;2;-27,53413705;-48,63003205;"SPRF-SC";"DEL01-SC";"UOP01-DEL01-SC"
564592;2023-11-30;"quinta-feira";"20:30:00";"MA";10;255;"IMPERATRIZ";"Ingestão de álcool pelo condutor";"Colisão frontal";"Com Vítimas Feridas";"Plena Noite";"Crescente";"Céu Claro";"Simples";"Reta";"Sim";4;0;2;2;0;0;4;2;-5,508798;-47,471718;"SPRF-MA";"DEL04-MA";"UOP01-DEL04-MA"
564593;2023-11-30;"quinta-feira";"21:20:00";"RJ";116;235;"PIRAI";"Transitar na contramão";"Colisão frontal";"Com Vítimas Fatais";"Plena Noite";"Crescente";"Nublado";"Simples";"Reta";"Sim";2;1;0;0;1;0;0;2;-22,66934677;-43,85528603;"SPRF-RJ";"DEL07-RJ";"UOP01-DEL07-RJ"
564594;2023-11-30;"quinta-feira";"23:00:00";"RJ";40;38;"AREAL";"Ausência de reação do condutor";"Colisão com objeto";"Com Vítimas Feridas";"Plena Noite";"Decrescente";"Céu Claro";"Dupla";"Curva";"Não";1;0;1;0;0;0;1;1;-22,22751025;-43,11963242;"SPRF-RJ";"DEL05-RJ";"UOP02-DEL05-RJ"
564596;2023-11-30;"quinta-feira";"23:00:00";"SC";116;219,5;"CORREIA PINTO";"Velocidade Incompatível";"Capotamento";"Com Vítimas Feridas";"Plena Noite";"Crescente";"Céu Claro";"Simples";"Reta;Declive";"Sim";2;0;2;0;0;0;2;1;-27,57012897;-50,37318791;"SPRF-SC";"DEL05-SC";"UOP03-DEL05-SC"
564597;2023-11-30;"quinta-feira";"19:00:00";"RJ";101;329;"NITEROI";"Condutor deixou de manter distância do veículo da frente";"Colisão traseira";"Com Vítimas Feridas";"Plena Noite";"Decrescente";"Céu Claro";"Múltipla";"Reta";"Não";2;0;1;0;1;0;1;2;-22,86939305;-43,175642;"SPRF-RJ";"DEL02-RJ";"UOP01-DEL02-RJ"
564599;2023-11-30;"quinta-feira";"22:50:00";"RJ";116;180;"BELFORD ROXO";"Condutor deixou de manter distância do veículo da frente";"Colisão traseira";"Com Vítimas Feridas";"Plena Noite";"Decrescente";"Céu Claro";"Simples";"Reta";"Não";2;0;1;0;0;1;1;2;-22,7651616;-43,4154728;"SPRF-RJ";"DEL06-RJ";"UOP01-DEL06-RJ"
564600;2023-11-30;"quinta-feira";"20:30:00";"MT";174;503;"COMODORO";"Ultrapassagem Indevida";"Colisão frontal";"Com Vítimas Fatais";"Plena Noite";"Decrescente";"Céu Claro";"Simples";"Reta";"Não";8;5;0;3;0;0;3;2;-13,51225201;-59,83464505;"SPRF-MT";"DEL04-MT";"UOP02-DEL04-MT"
564602;2023-11-30;"quinta-feira";"20:30:00";"MA";222;618,9;"ACAILANDIA";"Transitar na contramão";"Queda de ocupante de veículo";"Com Vítimas Fatais";"Plena Noite";"Crescente";"Céu Claro";"Simples";"Curva";"Não";1;1;0;0;0;0;0;1;-4,764143;-47,052779;"SPRF-MA";"DEL04-MA";"UOP03-DEL04-MA"