"id";"data_inversa";"dia_semana";"horario";"uf";"br";"km";"municipio";"causa_acidente";"tipo_acidente";"classificacao_acidente";"fase_dia";"sentido_via";"condicao_metereologica";"tipo_pista";"tracado_via";"uso_solo";"pessoas";"mortos";"feridos_leves";"feridos_graves";"ilesos";"ignorados";"feridos";"veiculos";"latitude";"longitude";"regional";"delegacia";"uop"
564606;2023-11-12;"domingo";"05:00:00";"RS";471;593;"SANTA VITORIA DO PALMAR";"Condutor Dormindo";"Saída de leito carroçável";"Com Vítimas Feridas";"Pleno dia";"Decrescente";"Garoa/Chuvisco";"Simples";"Reta";"Não";4;0;3;0;0;1;3;2;-33,132965;-52,953785;"SPRF-RS";"DEL07-RS";"UOP04-DEL07-RS"
564608;2023-12-01;"sexta-feira";"01:06:00";"MG";381;493;"BETIM";"Velocidade Incompatível";"Colisão com objeto";"Com Vítimas Feridas";"Plena Noite";"Crescente";"Céu Claro";"Dupla";"Reta";"Sim";1;0;1;0;0;0;1;1;-19,964553;-44,171439;"SPRF-MG";"DEL01-MG";"UOP03-DEL01-MG"
564611;2023-11-30;"quinta-feira";"13:00:00";"RJ";116;173;"SAO JOAO DE MERITI";"Ausência de reação do condutor";"Colisão com objeto";"Com Vítimas Feridas";"Pleno dia";"Crescente";"Céu Claro";"Dupla";"Reta";"Sim";1;0;1;0;0;0;1;1;-22,79810324;-43,35726614;"SPRF-RJ";"DEL06-RJ";"UOP01-DEL06-RJ"
564613;2023-12-01;"sexta-feira";"00:30:00";"SP";101;49;"UBATUBA";"Manobra de mudança de faixa";"Colisão transversal";"Com Vítimas Feridas";"Plena Noite";"Decrescente";"Nublado";"Simples";"Reta";"Sim";2;0;2;0;0;0;2;2;-23,44410908;-45,08375708;"SPRF-SP";"DEL06-SP";"UOP01-DEL06-SP"
564614;2023-12-01;"sexta-feira";"00:05:00";"RN";406;161;"SAO GONCALO DO AMARANTE";"Animais na Pista";"Atropelamento de Animal";"Com Vítimas Feridas";"Plena Noite";"Decrescente";"Céu Claro";"Dupla";"Reta";"Não";1;0;1;0;0;0;1;1;-5,72093004;-35,36655305;"SPRF-RN";"DEL02-RN";"UOP01-DEL02-RN"
564616;2023-12-01;"sexta-feira";"02:00:00";"SP";101;32;"UBATUBA";"Ingestão de álcool pelo condutor";"Tombamento";"Com Vítimas Feridas";"Plena Noite";"Decrescente";"Nublado";"Simples";"Curva";"Não";2;0;0;1;1;0;1;1;-23,38790115;-44,98068892;"SPRF-SP";"DEL06-SP";"UOP01-DEL06-SP"
564617;2023-12-01;"sexta-feira";"01:40:00";"MG";365;604;"UBERLANDIA";"Condutor Dormindo";"Saída de leito carroçável";"Com Vítimas Feridas";"Plena Noite";"Crescente";"Céu Claro";"Dupla";"Reta;Retorno Regulamentado";"Não";1;0;1;0;0;0;1;1;-18,8935782;-48,13694;"SPRF-MG";"DEL15-MG";"UOP01-DEL15-MG"
564619;2023-12-01;"sexta-feira";"02:30:00";"RJ";40;72,5;"PETROPOLIS";"Ausência de reação do condutor";"Colisão com objeto";"Com Vítimas Feridas";"Plena Noite";"Crescente";"Céu Claro";"Simples";"Curva;Declive";"Não";2;0;2;0;0;0;2;1;-22,4585308;-43,21600514;"SPRF-RJ";"DEL01-RJ";"UOP01-DEL01-RJ"
564620;2023-12-01;"sexta-feira";"03:15:00";"MG";381;933;"EXTREMA";"Ingestão de álcool pelo condutor";"Colisão com objeto";"Sem Vítimas";"Plena Noite";"Decrescente";"Nublado";"Dupla";"Curva;Declive";"Não";1;0;0;0;1;0;0;1;-22,8015033;-46,25977993;"SPRF-MG";"DEL16-MG";"UOP03-DEL16-MG"
564621;2023-12-01;"sexta-feira";"03:45:00";"SC";101;196;"BIGUACU";"Ingestão de álcool pelo condutor";"Colisão frontal";"Com Vítimas Feridas";"Plena Noite";"Decrescente";"Céu Claro";"Múltipla";"Reta";"Não";2;0;0;1;1;0;1;2;-27,51101091;-48,64322292;"SPRF-SC";"DEL01-SC";"UOP01-DEL01-SC"
564623;2023-12-01;"sexta-feira";"04:00:00";"SP";116;212;"GUARULHOS";"Ausência de reação do condutor";"Colisão com objeto";"Com Vítimas Feridas";"Amanhecer";"Decrescente";"Céu Claro";"Múltipla";"Reta";"Sim";2;0;1;0;1;0;1;1;-23,43608315;-46,42805094;"SPRF-SP";"DEL01-SP";"UOP01-DEL01-SP"
564625;2023-12-01;"sexta-feira";"04:30:00";"PR";153;479,5;"PORTO VITORIA";"Condutor Dormindo";"Saída de leito carroçável";"Com Vítimas Feridas";"Plena Noite";"Decrescente";"Céu Claro";"Simples";"Reta";"Não";1;0;1;0;0;0;1;1;-26,35017;-51,25101;"SPRF-PR";"DEL02-PR";"UOP03-DEL02-PR"
564626;2023-12-01;"sexta-feira";"00:15:00";"RJ";116;132;"MAGE";"Velocidade Incompatível";"Saída de leito carroçável";"Sem Vítimas";"Amanhecer";"Crescente";"Nublado";"Dupla";"Reta";"Não";1;0;0;0;0;1;0;1;-22,65703272;-43,13458092;"SPRF-RJ";"DEL04-RJ";"UOP02-DEL04-RJ"
564628;2023-10-30;"segunda-feira";"20:30:00";"RJ";101;299;"SAO GONCALO";"Ausência de reação do condutor";"Colisão lateral mesmo sentido";"Com Vítimas Feridas";"Plena Noite";"Crescente";"Nublado";"Múltipla";"Reta";"Não";3;0;1;1;1;0;2;2;-22,77432673;-42,93823207;"SPRF-RJ";"DEL02-RJ";"UOP02-DEL02-RJ"
564629;2023-12-01;"sexta-feira";"05:20:00";"SP";116;116;"TAUBATE";"Demais falhas mecânicas ou elétricas";"Incêndio";"Sem Vítimas";"Amanhecer";"Crescente";"Nublado";"Dupla";"Reta";"Não";1;0;0;0;1;0;0;1;-23,05376319;-45,6088049;"SPRF-SP";"DEL02-SP";"UOP02-DEL02-SP"
564631;2023-11-30;"quinta-feira";"17:30:00";"PR";369;147;"LONDRINA";"Condutor deixou de manter distância do veículo da frente";"Colisão traseira";"Com Vítimas Feridas";"Anoitecer";"Crescente";"Céu Claro";"Dupla";"Reta";"Sim";2;0;1;0;1;0;1;2;-23,29309161;-51,13126159;"SPRF-PR";"DEL07-PR";"UOP01-DEL07-PR"
564635;2023-12-01;"sexta-feira";"05:40:00";"MG";40;758,8;"EWBANK DA CAMARA";"Ausência de reação do condutor";"Queda de ocupante de veículo";"Com Vítimas Feridas";"Amanhecer";"Decrescente";"Nublado";"Simples";"Reta";"Não";1;0;1;0;0;0;1;1;-21,51149748;-43,5259874;"SPRF-MG";"DEL05-MG";"UOP01-DEL05-MG"
564636;2023-11-30;"quinta-feira";"22:30:00";"GO";364;368;"MINEIROS";"Demais falhas mecânicas ou elétricas";"Incêndio";"Sem Vítimas";"Plena Noite";"Decrescente";"Céu Claro";"Simples";"Reta";"Não";1;0;0;0;1;0;0;1;-17,385122;-53,060925;"SPRF-GO";"DEL05-GO";"UOP01-DEL05-GO"
564637;2023-12-01;"sexta-feira";"06:40:00";"PE";428;183;"PETROLINA";"Ausência de reação do condutor";"Colisão transversal";"Com Vítimas Feridas";"Pleno dia";"Crescente";"Céu Claro";"Dupla";"Interseção de Vias";"Não";3;0;3;0;0;0;3;2;-9,32412987;-40,46211325;"SPRF-PE";"DEL06-PE";"UOP01-DEL06-PE"
564640;2023-12-01;"sexta-feira";"06:50:00";"ES";101;290,5;"CARIACICA";"Acessar a via sem observar a presença dos outros veículos";"Colisão transversal";"Com Vítimas Feridas";"Pleno dia";"Crescente";"Céu Claro";"Dupla";"Retorno Regulamentado;Declive";"Sim";2;0;0;1;1;0;1;2;-20,28927747;-40,39181575;"SPRF-ES";"DEL01-ES";"UOP01-DEL01-ES"
564641;2023-12-01;"sexta-feira";"07:30:00";"AP";156;819;"OIAPOQUE";"Acessar a via sem observar a presença dos outros veículos";"Colisão transversal";"Com Vítimas Feridas";"Pleno dia";"Decrescente";"Céu Claro";"Simples";"Reta";"Sim";2;0;2;0;0;0;2;2;3,83552896;-51,80935802;"SPRF-AP";"DEL01-AP";"UOP03-DEL01-AP"
564642;2023-12-01;"sexta-feira";"07:36:00";"GO";153;492;"GOIANIA";"Manobra de mudança de faixa";"Colisão lateral mesmo sentido";"Com Vítimas Feridas";"Pleno dia";"Crescente";"Céu Claro";"Dupla";"Reta";"Não";3;0;3;0;0;0;3;2;-16,6461;-49,2114;"SPRF-GO";"DEL01-GO";"UOP01-DEL01-GO"
564643;2023-12-01;"sexta-feira";"06:50:00";"ES";101;291,6;"CARIACICA";"Trafegar com motocicleta (ou similar) entre as faixas";"Colisão transversal";"Com Vítimas Feridas";"Pleno dia";"Decrescente";"Nublado";"Dupla";"Reta;Declive;Retorno Regulamentado";"Sim";5;0;0;4;1;0;4;3;-20,30650512;-40,39488717;"SPRF-ES";"DEL01-ES";"UOP01-DEL01-ES"
564644;2023-12-01;"sexta-feira";"06:50:00";"SC";101;365,2;"SANGAO";"Reação tardia ou ineficiente do condutor";"Saída de leito carroçável";"Com Vítimas Feridas";"Pleno dia";"Crescente";"Céu Claro";"Dupla";"Reta";"Não";3;0;3;0;0;0;3;2;-28,68290284;-49,14759308;"SPRF-SC";"DEL02-SC";"UOP01-DEL02-SC"
564645;2023-12-01;"sexta-feira";"01:15:00";"PA";230;529;"ANAPU";"Pista Escorregadia";"Colisão com objeto";"Sem Vítimas";"Plena Noite";"Crescente";"Garoa/Chuvisco";"Simples";"Reta;Declive";"Não";2;0;0;0;2;0;0;1;-3,299765;-51,425296;"SPRF-PA";"DEL04-PA";"UOP01-DEL04-PA"
564646;2023-12-01;"sexta-feira";"07:40:00";"PR";116;117;"CURITIBA";"Ausência de reação do condutor";"Colisão lateral mesmo sentido";"Com Vítimas Feridas";"Pleno dia";"Decrescente";"Sol";"Dupla";"Reta";"Sim";2;0;0;1;1;0;1;2;-25,54988723;-49,28248211;"SPRF-PR";"DEL01-PR";"UOP03-DEL01-PR"
564647;2023-12-01;"sexta-feira";"07:15:00";"PR";277;80;"CURITIBA";"Reação tardia ou ineficiente do condutor";"Colisão lateral mesmo sentido";"Com Vítimas Feridas";"Pleno dia";"Crescente";"Céu Claro";"Dupla";"Reta";"Sim";2;0;1;0;1;0;1;2;-25,47210341;-49,21085358;"SPRF-PR";"DEL01-PR";"UOP07-DEL01-PR"
564649;2023-12-01;"sexta-feira";"07:34:00";"PE";101;88;"JABOATAO DOS GUARARAPES";"Demais falhas mecânicas ou elétricas";"Queda de ocupante de veículo";"Com Vítimas Feridas";"Pleno dia";"Decrescente";"Céu Claro";"Dupla";"Reta";"Não";2;0;1;1;0;0;2;1;-8,192405;-34,975045;"SPRF-PE";"DEL01-PE";"UOP01-DEL01-PE"
564650;2023-12-01;"sexta-feira";"07:10:00";"RS";470;216,5;"BENTO GONCALVES";"Avarias e/ou desgaste excessivo no pneu";"Eventos atípicos";"Com Vítimas Feridas";"Pleno dia";"Decrescente";"Sol";"Dupla";"Curva;Retorno Regulamentado";"Sim";2;0;2;0;0;0;2;2;-29,171212;-51,524512;"SPRF-RS";"DEL06-RS";"UOP01-DEL06-RS"
564652;2023-12-01;"sexta-feira";"06:58:00";"SC";101;124;"ITAJAI";"Desrespeitar a preferência no cruzamento";"Colisão transversal";"Com Vítimas Feridas";"Amanhecer";"Crescente";"Nublado";"Simples";"Interseção de Vias";"Sim";2;0;1;0;1;0;1;2;-26,94335064;-48,69198648;"SPRF-SC";"DEL04-SC";"UOP04-DEL04-SC"
564655;2023-12-01;"sexta-feira";"07:41:00";"PI";343;345;"TERESINA";"Condutor deixou de manter distância do veículo da frente";"Colisão traseira";"Com Vítimas Feridas";"Pleno dia";"Crescente";"Céu Claro";"Simples";"Reta";"Sim";2;0;0;1;1;0;1;2;-5,107032;-42,768588;"SPRF-PI";"DEL01-PI";"UOP01-DEL01-PI"
564656;2023-12-01;"sexta-feira";"07:10:00";"BA";324;620,9;"SALVADOR";"Condutor deixou de manter distância do veículo da frente";"Engavetamento";"Sem Vítimas";"Pleno dia";"Crescente";"Sol";"Múltipla";"Reta";"Sim";4;0;0;0;4;0;0;4;-12,92032876;-38,46642852;"SPRF-BA";"DEL01-BA";"UOP01-DEL01-BA"
564657;2023-12-01;"sexta-feira";"07:54:00";"RN";101;103;"PARNAMIRIM";"Manobra de mudança de faixa";"Colisão lateral mesmo sentido";"Com Vítimas Feridas";"Pleno dia";"Decrescente";"Céu Claro";"Dupla";"Viaduto";"Sim";2;0;1;0;1;0;1;2;-5,89034022;-35,24894996;"SPRF-RN";"DEL01-RN";"UOP01-DEL01-RN"
564658;2023-12-01;"sexta-feira";"07:30:00";"SC";101;160;"PORTO BELO";"Demais falhas mecânicas ou elétricas";"Tombamento";"Com Vítimas Feridas";"Pleno dia";"Decrescente";"Céu Claro";"Dupla";"Reta";"Sim";2;0;1;1;0;0;2;1;-27,20831288;-48,61987922;"SPRF-SC";"DEL04-SC";"UOP03-DEL04-SC"
564660;2023-12-01;"sexta-feira";"07:52:00";"DF";70;16;"BRASILIA";"Desrespeitar a preferência no cruzamento";"Colisão transversal";"Com Vítimas Feridas";"Pleno dia";"Decrescente";"Nublado";"Dupla";"Rotatória";"Sim";2;0;1;0;1;0;1;2;-15,796144;-48,194225;"SPRF-DF";"DEL03-DF";"UOP02-DEL03-DF"
564661;2023-11-30;"quinta-feira";"06:50:00";"SC";282;411;"CATANDUVAS";"Condutor deixou de manter distância do veículo da frente";"Colisão traseira";"Com Vítimas Feridas";"Pleno dia";"Decrescente";"Céu Claro";"Simples";"Curva;Aclive";"Não";1;0;1;0;0;0;1;1;-27,06138061;-51,67129755;"SPRF-SC";"DEL07-SC";"UOP05-DEL07-SC"
564662;2023-12-01;"sexta-feira";"07:40:00";"SC";101;105,9;"PENHA";"Manobra de mudança de faixa";"Colisão lateral mesmo sentido";"Com Vítimas Feridas";"Pleno dia";"Crescente";"Céu Claro";"Dupla";"Reta";"Sim";2;0;0;1;1;0;1;2;-26,80215497;-48,67891041;"SPRF-SC";"DEL03-SC";"UOP02-DEL03-SC"
564663;2023-12-01;"sexta-feira";"07:18:00";"PE";101;72;"RECIFE";"Manobra de mudança de faixa";"Colisão lateral mesmo sentido";"Com Vítimas Feridas";"Pleno dia";"Decrescente";"Sol";"Dupla";"Reta";"Sim";2;0;1;0;1;0;1;2;-8,08493106;-34,9450639;"SPRF-PE";"DEL01-PE";"UOP01-DEL01-PE"
564664;2023-12-01;"sexta-feira";"08:10:00";"SC";282;17;"PALHOCA";"Acessar a via sem observar a presença dos outros veículos";"Colisão transversal";"Com Vítimas Feridas";"Pleno dia";"Crescente";"Céu Claro";"Simples";"Reta";"Sim";3;0;1;0;2;0;1;2;-27,665707;-48,688065;"SPRF-SC";"DEL01-SC";"UOP02-DEL01-SC"
564665;2023-12-01;"sexta-feira";"08:00:00";"RJ";101;67;"CAMPOS DOS GOYTACAZES";"Condutor deixou de manter distância do veículo da frente";"Colisão traseira";"Com Vítimas Feridas";"Pleno dia";"Decrescente";"Céu Claro";"Simples";"Reta;Interseção de Vias";"Não";4;0;1;0;3;0;1;2;-21,76751094;-41,34876249;"SPRF-RJ";"DEL08-RJ";"UOP02-DEL08-RJ"
564666;2023-12-01;"sexta-feira";"07:57:00";"DF";40;5;"BRASILIA";"Trafegar com motocicleta (ou similar) entre as faixas";"Colisão lateral mesmo sentido";"Com Vítimas Feridas";"Pleno dia";"Decrescente";"Céu Claro";"Dupla";"Reta";"Sim";3;0;2;0;1;0;2;2;-16,020903;-47,980541;"SPRF-DF";"DEL01-DF";"UOP01-DEL01-DF"
564667;2023-12-01;"sexta-feira";"07:00:00";"RJ";116;182;"NOVA IGUACU";"Demais falhas mecânicas ou elétricas";"Eventos atípicos";"Com Vítimas Feridas";"Pleno dia";"Crescente";"Céu Claro";"Simples";"Reta";"Sim";2;0;2;0;0;0;2;1;-22,7567755;-43,43107234;"SPRF-RJ";"DEL06-RJ";"UOP01-DEL06-RJ"
564672;2023-12-01;"sexta-feira";"09:30:00";"PE";101;120,7;"IPOJUCA";"Ausência de reação do condutor";"Saída de leito carroçável";"Com Vítimas Feridas";"Pleno dia";"Crescente";"Céu Claro";"Dupla";"Reta";"Não";5;0;3;0;2;0;3;1;-8,35341615;-35,17830299;"SPRF-PE";"DEL01-PE";"UOP03-DEL01-PE"
564673;2023-12-01;"sexta-feira";"08:40:00";"SC";101;360,9;"SANGAO";"Demais falhas mecânicas ou elétricas";"Engavetamento";"Com Vítimas Feridas";"Pleno dia";"Crescente";"Nublado";"Múltipla";"Curva;Aclive";"Não";5;0;1;0;4;0;1;4;-28,65823109;-49,10991486;"SPRF-SC";"DEL02-SC";"UOP01-DEL02-SC"
564674;2023-12-01;"sexta-feira";"08:00:00";"PE";423;95;"GARANHUNS";"Ausência de reação do condutor";"Colisão traseira";"Com Vítimas Feridas";"Pleno dia";"Crescente";"Céu Claro";"Simples";"Reta";"Não";3;0;1;0;2;0;1;3;-8,87891989;-36,47796305;"SPRF-PE";"DEL03-PE";"UOP01-DEL03-PE"
564675;2023-12-01;"sexta-feira";"09:15:00";"SP";116;504;"CAJATI";"Reação tardia ou ineficiente do condutor";"Colisão com objeto";"Com Vítimas Fatais";"Pleno dia";"Crescente";"Céu Claro";"Simples";"Curva;Aclive";"Não";2;1;0;0;0;1;0;2;-24,78266496;-48,20865858;"SPRF-SP";"DEL05-SP";"UOP02-DEL05-SP"
564676;2023-12-01;"sexta-feira";"09:00:00";"SP";116;289;"ITAPECERICA DA SERRA";"Ausência de reação do condutor";"Colisão lateral mesmo sentido";"Com Vítimas Feridas";"Pleno dia";"Decrescente";"Céu Claro";"Dupla";"Reta";"Não";2;0;2;0;0;0;2;2;-23,72000275;-46,88476537;"SPRF-SP";"DEL04-SP";"UOP01-DEL04-SP"
564677;2023-12-01;"sexta-feira";"08:15:00";"MG";381;710,2;"NEPOMUCENO";"Velocidade Incompatível";"Capotamento";"Com Vítimas Feridas";"Pleno dia";"Decrescente";"Céu Claro";"Dupla";"Reta";"Não";1;0;1;0;0;0;1;1;-21,38614615;-45,1948603;"SPRF-MG";"DEL04-MG";"UOP02-DEL04-MG"
564678;2023-12-01;"sexta-feira";"09:00:00";"RR";432;206,8;"CANTA";"Manobra de mudança de faixa";"Saída de leito carroçável";"Com Vítimas Feridas";"Pleno dia";"Crescente";"Céu Claro";"Simples";"Reta";"Não";5;0;2;3;0;0;5;1;2,73598004;-60,60845226;"SPRF-RR";"DEL01-RR";"UOP01-DEL01-RR"
564679;2023-12-01;"sexta-feira";"09:15:00";"PE";407;48;"PETROLINA";"Ausência de reação do condutor";"Colisão traseira";"Com Vítimas Feridas";"Pleno dia";"Crescente";"Céu Claro";"Simples";"Reta";"Não";3;0;0;1;1;1;1;3;-8,79740558;-40,86708064;"SPRF-PE";"DEL06-PE";"UOP02-DEL06-PE"
564682;2023-11-06;"segunda-feira";"09:30:00";"RS";290;32;"SANTO ANTONIO DA PATRULHA";"Acumulo de areia ou detritos sobre o pavimento";"Capotamento";"Com Vítimas Feridas";"Pleno dia";"Decrescente";"Sol";"Múltipla";"Reta";"Não";2;0;2;0;0;0;2;1;-29,884836;-50,576054;"SPRF-RS";"DEL03-RS";"UOP01-DEL03-RS"
564683;2023-12-01;"sexta-feira";"10:00:00";"SE";235;52;"ITABAIANA";"Transitar na contramão";"Colisão transversal";"Com Vítimas Feridas";"Pleno dia";"Crescente";"Céu Claro";"Simples";"Reta";"Não";2;0;2;0;0;0;2;2;-10,693279;-37,437557;"SPRF-SE";"DEL01-SE";"UOP02-DEL01-SE"
564686;2023-12-01;"sexta-feira";"10:00:00";"SC";282;1;"FLORIANOPOLIS";"Manobra de mudança de faixa";"Colisão lateral mesmo sentido";"Com Vítimas Feridas";"Pleno dia";"Decrescente";"Céu Claro";"Múltipla";"Reta";"Sim";2;0;1;0;1;0;1;2;-27,602955;-48,580509;"SPRF-SC";"DEL01-SC";"UOP01-DEL01-SC"
564687;2023-12-01;"sexta-feira";"08:20:00";"MS";262;240,4;"RIBAS DO RIO PARDO";"Acessar a via sem observar a presença dos outros veículos";"Colisão transversal";"Sem Vítimas";"Pleno dia";"Decrescente";"Céu Claro";"Simples";"Reta;Interseção de Vias";"Sim";2;0;0;0;2;0;0;2;-20,457145;-53,775059;"SPRF-MS";"DEL01-MS";"UOP01-DEL01-MS"
564691;2023-12-01;"sexta-feira";"12:00:00";"RJ";116;175;"SAO JOAO DE MERITI";"Ausência de reação do condutor";"Engavetamento";"Com Vítimas Feridas";"Pleno dia";"Decrescente";"Céu Claro";"Dupla";"Reta";"Sim";5;0;2;0;3;0;2;4;-22,7892355547;-43,3727527205;"SPRF-RJ";"DEL06-RJ";"UOP01-DEL06-RJ"
564693;2023-12-01;"sexta-feira";"12:50:00";"SC";282;17,1;"PALHOCA";"Acessar a via sem observar a presença dos outros veículos";"Colisão transversal";"Sem Vítimas";"Pleno dia";"Crescente";"Céu Claro";"Simples";"Reta";"Não";5;0;0;0;5;0;0;2;-27,665707;-48,688065;"SPRF-SC";"DEL01-SC";"UOP02-DEL01-SC"
564694;2023-12-01;"sexta-feira";"11:20:00";"MA";10;257;"IMPERATRIZ";"Acessar a via sem observar a presença dos outros veículos";"Colisão lateral sentido oposto";"Com Vítimas Feridas";"Pleno dia";"Decrescente";"Céu Claro";"Simples";"Reta";"Sim";2;0;1;0;1;0;1;2;-5,493275;-47,471909;"SPRF-MA";"DEL04-MA";"UOP01-DEL04-MA"
564695;2023-12-01;"sexta-feira";"11:00:00";"RJ";40;52;"PETROPOLIS";"Demais falhas mecânicas ou elétricas";"Queda de ocupante de veículo";"Com Vítimas Feridas";"Pleno dia";"Decrescente";"Céu Claro";"Dupla";"Reta";"Não";2;0;2;0;0;0;2;1;-22,33571319;-43,13320403;"SPRF-RJ";"DEL05-RJ";"UOP02-DEL05-RJ"
564696;2023-12-01;"sexta-feira";"12:30:00";"TO";235;176,6;"TUPIRAMA";"Condutor Dormindo";"Saída de leito carroçável";"Com Vítimas Feridas";"Pleno dia";"Crescente";"Chuva";"Simples";"Reta";"Não";2;0;0;1;0;1;1;2;-8,96704707;-48,27207204;"SPRF-TO";"DEL02-TO";"UOP02-DEL02-TO"
564697;2023-12-01;"sexta-feira";"13:50:00";"SC";282;16;"PALHOCA";"Trafegar com motocicleta (ou similar) entre as faixas";"Colisão transversal";"Com Vítimas Feridas";"Pleno dia";"Crescente";"Céu Claro";"Simples";"Reta";"Sim";2;0;1;0;1;0;1;2;-27,658611;-48,681847;"SPRF-SC";"DEL01-SC";"UOP02-DEL01-SC"
564698;2023-12-01;"sexta-feira";"12:10:00";"RJ";393;235,3;"VASSOURAS";"Acessar a via sem observar a presença dos outros veículos";"Colisão transversal";"Com Vítimas Feridas";"Pleno dia";"Crescente";"Sol";"Simples";"Retorno Regulamentado;Reta";"Sim";3;0;1;0;2;0;1;2;-22,41002179;-43,67148578;"SPRF-RJ";"DEL05-RJ";"UOP03-DEL05-RJ"
564699;2023-12-01;"sexta-feira";"13:50:00";"SC";101;337,3;"TUBARAO";"Ausência de reação do condutor";"Colisão traseira";"Com Vítimas Feridas";"Pleno dia";"Decrescente";"Nublado";"Múltipla";"Aclive";"Sim";2;0;1;0;1;0;1;2;-28,47801624;-49,03246283;"SPRF-SC";"DEL02-SC";"UOP01-DEL02-SC"
564700;2023-12-01;"sexta-feira";"14:10:00";"CE";116;6;"FORTALEZA";"Condutor deixou de manter distância do veículo da frente";"Colisão traseira";"Com Vítimas Feridas";"Pleno dia";"Decrescente";"Céu Claro";"Múltipla";"Reta;Declive";"Sim";2;0;1;0;1;0;1;2;-3,802624;-38,50400499;"SPRF-CE";"DEL01-CE";"UOP02-DEL01-CE"
564701;2023-12-01;"sexta-feira";"12:15:00";"PE";232;414;"SERRA TALHADA";"Acessar a via sem observar a presença dos outros veículos";"Colisão lateral mesmo sentido";"Com Vítimas Feridas";"Pleno dia";"Decrescente";"Céu Claro";"Simples";"Reta";"Não";2;0;1;0;1;0;1;2;-7,99236282;-38,33750809;"SPRF-PE";"DEL04-PE";"UOP01-DEL04-PE"
564702;2023-11-30;"quinta-feira";"21:00:00";"PI";316;17,3;"TERESINA";"Reação tardia ou ineficiente do condutor";"Colisão com objeto";"Com Vítimas Feridas";"Plena Noite";"Crescente";"Ignorado";"Dupla";"Reta";"Não";1;0;1;0;0;0;1;1;-5,23885376;-42,74027875;"SPRF-PI";"DEL01-PI";"UOP02-DEL01-PI"
564706;2023-12-01;"sexta-feira";"14:00:00";"MG";40;512;"RIBEIRAO DAS NEVES";"Demais falhas mecânicas ou elétricas";"Tombamento";"Com Vítimas Feridas";"Pleno dia";"Crescente";"Nublado";"Dupla";"Aclive;Reta";"Não";1;0;1;0;0;0;1;1;-19,78946999;-44,11290699;"SPRF-MG";"DEL01-MG";"UOP02-DEL01-MG"
564708;2023-12-01;"sexta-feira";"14:45:00";"RS";101;7;"TORRES";"Acessar a via sem observar a presença dos outros veículos";"Colisão transversal";"Com Vítimas Feridas";"Pleno dia";"Decrescente";"Céu Claro";"Dupla";"Reta;Rotatória;Em Obras";"Sim";2;0;1;0;1;0;1;2;-29,35399189;-49,8004501;"SPRF-RS";"DEL03-RS";"UOP02-DEL03-RS"
564710;2023-12-01;"sexta-feira";"14:50:00";"DF";70;9;"BRASILIA";"Acessar a via sem observar a presença dos outros veículos";"Colisão traseira";"Com Vítimas Feridas";"Pleno dia";"Decrescente";"Nublado";"Dupla";"Reta";"Sim";4;0;0;1;3;0;1;2;-15,784615;-48,132023;"SPRF-DF";"DEL03-DF";"UOP02-DEL03-DF"
564711;2023-12-01;"sexta-feira";"15:10:00";"SC";470;59;"BLUMENAU";"Trafegar com motocicleta (ou similar) entre as faixas";"Colisão lateral sentido oposto";"Com Vítimas Feridas";"Pleno dia";"Crescente";"Céu Claro";"Simples";"Declive";"Não";2;0;1;1;0;0;2;2;-26,882812;-49,1548;"SPRF-SC";"DEL04-SC";"UOP01-DEL04-SC"
564715;2023-12-01;"sexta-feira";"12:00:00";"MG";40;198;"JOAO PINHEIRO";"Ausência de reação do condutor";"Saída de leito carroçável";"Com Vítimas Feridas";"Pleno dia";"Crescente";"Sol";"Simples";"Reta";"Não";1;0;0;1;0;0;1;1;-18,00554485;-45,82960674;"SPRF-MG";"DEL14-MG";"UOP02-DEL14-MG"
564717;2023-12-01;"sexta-feira";"15:00:00";"PE";232;97,3;"BEZERROS";"Ingestão de álcool pelo condutor";"Saída de leito carroçável";"Sem Vítimas";"Pleno dia";"Decrescente";"Céu Claro";"Dupla";"Reta";"Sim";1;0;0;0;0;1;0;1;-8,23379718;-35,71628894;"SPRF-PE";"DEL02-PE";"UOP02-DEL02PE"
564719;2023-12-01;"sexta-feira";"06:45:00";"BA";324;614;"SALVADOR";"Condutor deixou de manter distância do veículo da frente";"Colisão traseira";"Com Vítimas Feridas";"Pleno dia";"Crescente";"Sol";"Múltipla";"Reta";"Sim";3;0;1;0;2;0;1;2;-12,87460569;-38,42901707;"SPRF-BA";"DEL01-BA";"UOP01-DEL01-BA"
564720;2023-12-01;"sexta-feira";"14:15:00";"RJ";116;177;"SAO JOAO DE MERITI";"Ausência de reação do condutor";"Colisão traseira";"Com Vítimas Feridas";"Pleno dia";"Decrescente";"Céu Claro";"Múltipla";"Reta";"Sim";3;0;1;0;2;0;1;2;-22,78055198;-43,39208599;"SPRF-RJ";"DEL06-RJ";"UOP01-DEL06-RJ"
564721;2023-12-01;"sexta-feira";"16:20:00";"PB";230;22,3;"JOAO PESSOA";"Ausência de reação do condutor";"Colisão traseira";"Com Vítimas Feridas";"Pleno dia";"Decrescente";"Céu Claro";"Dupla";"Reta";"Sim";3;0;1;1;0;1;2;2;-7,1495;-34,8517;"SPRF-PB";"DEL01-PB";"UOP01-DEL01-PB"
564724;2023-12-01;"sexta-feira";"15:15:00";"BA";367;23,6;"PORTO SEGURO";"Demais falhas na via";"Colisão transversal";"Com Vítimas Feridas";"Pleno dia";"Crescente";"Sol";"Simples";"Reta;Interseção de Vias;Em Obras";"Sim";2;0;1;0;1;0;1;2;-16,43599232;-39,07585992;"SPRF-BA";"DEL09-BA";"UOP03-DEL09-BA"