"id";"data_inversa";"dia_semana";"horario";"uf";"br";"km";"municipio";"causa_acidente";"tipo_acidente";"classificacao_acidente";"fase_dia";"sentido_via";"condicao_metereologica";"tipo_pista";"tracado_via";"uso_solo";"pessoas";"mortos";"feridos_leves";"feridos_graves";"ilesos";"ignorados";"feridos";"veiculos";"latitude";"longitude";"regional";"delegacia";"uop"
564725;2023-07-27;"quinta-feira";"08:20:00";"RJ";116;136;"DUQUE DE CAXIAS";"Reação tardia ou ineficiente do condutor";"Queda de ocupante de veículo";"Com Vítimas Feridas";"Pleno dia";"Decrescente";"Ignorado";"Dupla";"Reta";"Sim";2;0;0;1;1;0;1;1;-22,64988985;-43,17250297;"SPRF-RJ";"DEL04-RJ";"UOP02-DEL04-RJ"
564727;2023-12-01;"sexta-feira";"16:00:00";"PB";230;6;"CABEDELO";"Ausência de reação do condutor";"Tombamento";"Com Vítimas Feridas";"Pleno dia";"Crescente";"Céu Claro";"Múltipla";"Reta";"Sim";2;0;1;1;0;0;2;1;-7,02912937;-34,84012485;"SPRF-PB";"DEL01-PB";"UOP01-DEL01-PB"
564728;2023-12-01;"sexta-feira";"13:09:00";"GO";40;6;"VALPARAISO DE GOIAS";"Condutor deixou de manter distância do veículo da frente";"Colisão traseira";"Com Vítimas Feridas";"Pleno dia";"Decrescente";"Céu Claro";"Dupla";"Reta";"Sim";1;0;1;0;0;0;1;1;-16,100814;-47,977351;"SPRF-DF";"DEL01-DF";"UOP01-DEL01-DF"
564730;2023-12-01;"sexta-feira";"12:00:00";"RS";472;124,3;"TRES DE MAIO";"Mal súbito do condutor";"Saída de leito carroçável";"Com Vítimas Fatais";"Pleno dia";"Decrescente";"Céu Claro";"Simples";"Reta";"Não";1;1;0;0;0;0;0;1;-27,70969697;-54,17204205;"SPRF-RS";"DEL10-RS";"UOP01-DEL10-RS"
564734;2023-12-01;"sexta-feira";"15:40:00";"RS";116;47,2;"VACARIA";"Demais falhas mecânicas ou elétricas";"Incêndio";"Sem Vítimas";"Pleno dia";"Decrescente";"Céu Claro";"Simples";"Reta";"Não";2;0;0;0;2;0;0;1;-28,55966978;-50,98829019;"SPRF-RS";"DEL05-RS";"UOP03-DEL05-RS"
564735;2023-12-01;"sexta-feira";"16:00:00";"SC";101;213;"PALHOCA";"Condutor deixou de manter distância do veículo da frente";"Colisão lateral mesmo sentido";"Com Vítimas Feridas";"Pleno dia";"Crescente";"Céu Claro";"Múltipla";"Reta";"Sim";2;0;1;0;1;0;1;2;-27,63697369;-48,66514142;"SPRF-SC";"DEL01-SC";"UOP02-DEL01-SC"
564736;2023-12-01;"sexta-feira";"16:47:00";"RJ";40;119;"DUQUE DE CAXIAS";"Ausência de reação do condutor";"Colisão traseira";"Com Vítimas Feridas";"Pleno dia";"Decrescente";"Céu Claro";"Múltipla";"Reta";"Sim";2;0;1;0;1;0;1;2;-22,76375592;-43,28683062;"SPRF-RJ";"DEL01-RJ";"UOP02-DEL01-RJ"
564737;2023-12-01;"sexta-feira";"16:30:00";"DF";60;0,3;"BRASILIA";"Entrada inopinada do pedestre";"Atropelamento de Pedestre";"Com Vítimas Fatais";"Pleno dia";"Decrescente";"Céu Claro";"Dupla";"Reta";"Sim";3;1;0;0;2;0;0;2;-15,882499;-48,060212;"SPRF-DF";"DEL03-DF";"UOP01-DEL03-DF"
564738;2023-12-01;"sexta-feira";"16:20:00";"MG";381;573;"ITAGUARA";"Condutor Dormindo";"Saída de leito carroçável";"Com Vítimas Feridas";"Pleno dia";"Crescente";"Céu Claro";"Dupla";"Curva";"Não";3;0;3;0;0;0;3;1;-20,46009378;-44,57276625;"SPRF-MG";"DEL04-MG";"UOP01-DEL04-MG"
564739;2023-12-01;"sexta-feira";"14:45:00";"RJ";116;173;"RIO DE JANEIRO";"Reação tardia ou ineficiente do condutor";"Colisão traseira";"Sem Vítimas";"Pleno dia";"Crescente";"Céu Claro";"Múltipla";"Reta";"Sim";2;0;0;0;2;0;0;2;-22,8060415;-43,34289573;"SPRF-RJ";"DEL06-RJ";"UOP01-DEL06-RJ"
564740;2023-12-01;"sexta-feira";"17:20:00";"MG";381;491,5;"BETIM";"Manobra de mudança de faixa";"Colisão lateral mesmo sentido";"Com Vítimas Feridas";"Anoitecer";"Crescente";"Céu Claro";"Dupla";"Reta;Declive";"Sim";2;0;1;0;1;0;1;2;-19,97018187;-44,18210416;"SPRF-MG";"DEL01-MG";"UOP03-DEL01-MG"
564741;2023-12-01;"sexta-feira";"15:31:00";"PE";232;33,2;"MORENO";"Demais falhas mecânicas ou elétricas";"Colisão com objeto";"Com Vítimas Feridas";"Pleno dia";"Crescente";"Céu Claro";"Dupla";"Reta";"Não";1;0;1;0;0;0;1;1;-8,10539025;-35,17523495;"SPRF-PE";"DEL01-PE";"UOP01-DEL01-PE"
564742;2023-12-01;"sexta-feira";"16:00:00";"RJ";101;504;"ANGRA DOS REIS";"Desrespeitar a preferência no cruzamento";"Colisão transversal";"Com Vítimas Feridas";"Pleno dia";"Crescente";"Céu Claro";"Simples";"Reta";"Não";2;0;0;1;1;0;1;2;-22,93155828;-44,38812093;"SPRF-RJ";"DEL03-RJ";"UOP03-DEL03-RJ"
564743;2023-12-01;"sexta-feira";"17:00:00";"MG";381;829;"SAO SEBASTIAO DA BELA VISTA";"Velocidade Incompatível";"Colisão com objeto";"Com Vítimas Feridas";"Pleno dia";"Decrescente";"Sol";"Dupla";"Reta;Interseção de Vias";"Não";1;0;1;0;0;0;1;1;-22,12362394;-45,79487203;"SPRF-MG";"DEL16-MG";"UOP01-DEL16-MG"
564744;2023-12-01;"sexta-feira";"16:20:00";"SP";116;152,6;"SAO JOSE DOS CAMPOS";"Reação tardia ou ineficiente do condutor";"Colisão traseira";"Com Vítimas Feridas";"Pleno dia";"Decrescente";"Céu Claro";"Múltipla";"Reta";"Sim";2;0;0;1;0;1;1;2;-23,22620401;-45,90682999;"SPRF-SP";"DEL02-SP";"UOP01-DEL02-SP"
564745;2023-12-01;"sexta-feira";"16:00:00";"SC";282;16;"PALHOCA";"Reação tardia ou ineficiente do condutor";"Colisão traseira";"Sem Vítimas";"Pleno dia";"Crescente";"Céu Claro";"Simples";"Reta";"Não";2;0;0;0;0;2;0;2;-27,658611;-48,681847;"SPRF-SC";"DEL01-SC";"UOP02-DEL01-SC"
564746;2023-12-01;"sexta-feira";"17:00:00";"MG";365;551;"ESTRELA DO SUL";"Ausência de reação do condutor";"Colisão traseira";"Com Vítimas Feridas";"Pleno dia";"Crescente";"Sol";"Simples";"Reta";"Não";4;0;2;0;2;0;2;2;-18,930237;-47,67293;"SPRF-MG";"DEL15-MG";"UOP02-DEL15-MG"
564748;2023-10-24;"terça-feira";"18:25:00";"PR";376;170,5;"MARINGA";"Velocidade Incompatível";"Colisão lateral mesmo sentido";"Com Vítimas Feridas";"Anoitecer";"Decrescente";"Sol";"Dupla";"Declive;Reta";"Sim";9;0;3;0;6;0;3;4;-23,41595703;-51,97950402;"SPRF-PR";"DEL09-PR";"UOP01-DEL09-PR"
564749;2023-12-01;"sexta-feira";"15:35:00";"RS";392;59,6;"RIO GRANDE";"Demais falhas mecânicas ou elétricas";"Colisão com objeto";"Sem Vítimas";"Pleno dia";"Decrescente";"Céu Claro";"Simples";"Reta;Ponte";"Não";3;0;0;0;3;0;0;3;-31,79841635;-52,33697925;"SPRF-RS";"DEL07-RS";"UOP02-DEL07-RS"
564750;2023-12-01;"sexta-feira";"17:30:00";"SC";470;67,5;"INDAIAL";"Ingestão de álcool pelo condutor";"Colisão traseira";"Sem Vítimas";"Pleno dia";"Crescente";"Céu Claro";"Dupla";"Reta;Viaduto";"Sim";2;0;0;0;2;0;0;2;-26,872158;-49,23127;"SPRF-SC";"DEL04-SC";"UOP01-DEL04-SC"
564751;2023-12-01;"sexta-feira";"17:50:00";"RS";116;246;"SAO LEOPOLDO";"Trafegar com motocicleta (ou similar) entre as faixas";"Colisão traseira";"Com Vítimas Feridas";"Pleno dia";"Decrescente";"Céu Claro";"Dupla";"Reta;Ponte";"Sim";2;0;1;0;1;0;1;2;-29,758356;-51,151963;"SPRF-RS";"DEL01-RS";"UOP02-DEL01-RS"
564752;2023-12-01;"sexta-feira";"16:40:00";"SP";381;89;"GUARULHOS";"Ausência de reação do condutor";"Colisão traseira";"Com Vítimas Feridas";"Pleno dia";"Crescente";"Céu Claro";"Múltipla";"Reta";"Sim";2;0;1;0;1;0;1;2;-23,48469299;-46,55983288;"SPRF-SP";"DEL03-SP";"UOP01-DEL03-SP"
564753;2023-12-01;"sexta-feira";"16:00:00";"RJ";493;10;"GUAPIMIRIM";"Condutor deixou de manter distância do veículo da frente";"Colisão traseira";"Com Vítimas Feridas";"Pleno dia";"Crescente";"Céu Claro";"Simples";"Reta;Declive";"Não";3;0;1;0;2;0;1;2;-22,69541193;-42,95667763;"SPRF-RJ";"DEL04-RJ";"UOP02-DEL04-RJ"
564754;2023-12-01;"sexta-feira";"17:30:00";"SP";116;279;"EMBU DAS ARTES";"Manobra de mudança de faixa";"Colisão lateral mesmo sentido";"Com Vítimas Feridas";"Pleno dia";"Decrescente";"Nublado";"Dupla";"Reta";"Não";2;0;0;1;1;0;1;2;-23,66233697;-46,85292907;"SPRF-SP";"DEL04-SP";"UOP01-DEL04-SP"
564755;2023-12-01;"sexta-feira";"18:00:00";"SC";101;104;"PENHA";"Trafegar com motocicleta (ou similar) entre as faixas";"Colisão lateral mesmo sentido";"Com Vítimas Feridas";"Pleno dia";"Crescente";"Céu Claro";"Múltipla";"Reta";"Não";2;0;1;0;1;0;1;2;-26,79281742;-48,68080819;"SPRF-SC";"DEL03-SC";"UOP02-DEL03-SC"
564756;2023-12-01;"sexta-feira";"17:35:00";"RS";470;167,9;"VILA FLORES";"Reação tardia ou ineficiente do condutor";"Colisão traseira";"Com Vítimas Feridas";"Pleno dia";"Decrescente";"Céu Claro";"Dupla";"Reta;Em Obras";"Sim";3;0;1;0;2;0;1;2;-28,86004297;-51,55475963;"SPRF-RS";"DEL06-RS";"UOP02-DEL06-RS"
564757;2023-12-01;"sexta-feira";"17:50:00";"SP";116;229;"SAO PAULO";"Reação tardia ou ineficiente do condutor";"Colisão traseira";"Com Vítimas Feridas";"Pleno dia";"Decrescente";"Céu Claro";"Múltipla";"Reta";"Sim";2;0;1;0;1;0;1;2;-23,51291902;-46,57604698;"SPRF-SP";"DEL01-SP";"UOP01-DEL01-SP"
564758;2023-12-01;"sexta-feira";"16:20:00";"PE";428;94,8;"SANTA MARIA DA BOA VISTA";"Acessar a via sem observar a presença dos outros veículos";"Colisão transversal";"Com Vítimas Feridas";"Pleno dia";"Decrescente";"Céu Claro";"Simples";"Reta";"Não";2;0;1;0;0;1;1;2;-8,81058587;-39,91203508;"SPRF-PE";"DEL06-PE";"UOP03-DEL06-PE"
564759;2023-12-01;"sexta-feira";"17:40:00";"SP";381;21,3;"BRAGANCA PAULISTA";"Pista esburacada";"Tombamento";"Com Vítimas Feridas";"Anoitecer";"Crescente";"Sol";"Dupla";"Reta";"Não";1;0;1;0;0;0;1;1;-22,99140199;-46,50878201;"SPRF-SP";"DEL03-SP";"UOP02-DEL03-SP"
564760;2023-12-01;"sexta-feira";"18:30:00";"PR";376;164;"MARINGA";"Manobra de mudança de faixa";"Colisão lateral mesmo sentido";"Com Vítimas Feridas";"Pleno dia";"Decrescente";"Céu Claro";"Dupla";"Reta";"Não";2;0;1;0;1;0;1;2;-23,39038641;-52,01421918;"SPRF-PR";"DEL09-PR";"UOP01-DEL09-PR"
564761;2023-12-01;"sexta-feira";"18:00:00";"AP";210;0;"MACAPA";"Animais na Pista";"Atropelamento de Animal";"Com Vítimas Feridas";"Anoitecer";"Crescente";"Nublado";"Dupla";"Reta";"Sim";1;0;1;0;0;0;1;1;0,07780012;-51,06097;"SPRF-AP";"DEL01-AP";"UOP01-DEL01-AP"
564762;2023-12-01;"sexta-feira";"17:42:00";"PR";158;536;"PATO BRANCO";"Reação tardia ou ineficiente do condutor";"Queda de ocupante de veículo";"Com Vítimas Feridas";"Pleno dia";"Decrescente";"Céu Claro";"Simples";"Rotatória";"Sim";1;0;0;1;0;0;1;1;-26,24248639;-52,69697646;"SPRF-PR";"DEL02-PR";"UOP01-DEL02-PR"
564764;2023-12-01;"sexta-feira";"17:45:00";"SC";101;282,4;"IMBITUBA";"Ultrapassagem Indevida";"Colisão lateral mesmo sentido";"Com Vítimas Feridas";"Pleno dia";"Crescente";"Nublado";"Múltipla";"Reta;Declive";"Sim";2;0;1;0;1;0;1;2;-28,19626005;-48,69739859;"SPRF-SC";"DEL02-SC";"UOP03-DEL02-SC"
564766;2023-12-01;"sexta-feira";"19:00:00";"SP";116;229;"SAO PAULO";"Reação tardia ou ineficiente do condutor";"Colisão lateral mesmo sentido";"Com Vítimas Feridas";"Plena Noite";"Decrescente";"Céu Claro";"Dupla";"Reta";"Sim";2;0;1;0;1;0;1;2;-23,51291902;-46,57604698;"SPRF-SP";"DEL01-SP";"UOP01-DEL01-SP"
564767;2023-12-01;"sexta-feira";"17:00:00";"SC";470;54,1;"BLUMENAU";"Trafegar com motocicleta (ou similar) entre as faixas";"Colisão transversal";"Com Vítimas Feridas";"Pleno dia";"Crescente";"Nublado";"Simples";"Reta";"Sim";3;0;2;1;0;0;3;2;-26,871575;-49,111918;"SPRF-SC";"DEL04-SC";"UOP01-DEL04-SC"
564768;2023-12-01;"sexta-feira";"17:55:00";"RJ";101;297;"ITABORAI";"Condutor deixou de manter distância do veículo da frente";"Engavetamento";"Sem Vítimas";"Anoitecer";"Crescente";"Céu Claro";"Dupla";"Reta";"Sim";3;0;0;0;3;0;0;3;-22,76942037;-42,91873581;"SPRF-RJ";"DEL02-RJ";"UOP02-DEL02-RJ"
564769;2023-12-01;"sexta-feira";"07:40:00";"BA";116;11;"VITORIA DA CONQUISTA";"Desrespeitar a preferência no cruzamento";"Colisão transversal";"Com Vítimas Feridas";"Pleno dia";"Crescente";"Céu Claro";"Simples";"Rotatória;Interseção de Vias;Retorno Regulamentado";"Sim";2;0;1;0;1;0;1;2;-14,87299919;-40,87137222;"SPRF-BA";"DEL08-BA";"UOP01-DEL08-BA"
564770;2023-12-01;"sexta-feira";"17:00:00";"PB";230;150,6;"CAMPINA GRANDE";"Conversão proibida";"Colisão traseira";"Com Vítimas Feridas";"Anoitecer";"Crescente";"Céu Claro";"Múltipla";"Curva";"Sim";3;0;2;0;1;0;2;2;-7,25836363;-35,87784648;"SPRF-PB";"DEL02-PB";"UOP01-DEL02-PB"
564771;2023-12-01;"sexta-feira";"18:20:00";"PB";230;149,9;"CAMPINA GRANDE";"Ausência de reação do condutor";"Colisão traseira";"Com Vítimas Feridas";"Plena Noite";"Crescente";"Céu Claro";"Dupla";"Reta";"Não";2;0;1;0;1;0;1;2;-7,243;-35,8709;"SPRF-PB";"DEL02-PB";"UOP01-DEL02-PB"
564772;2023-12-01;"sexta-feira";"18:40:00";"SC";470;87;"ASCURRA";"Acessar a via sem observar a presença dos outros veículos";"Colisão traseira";"Com Vítimas Feridas";"Plena Noite";"Decrescente";"Céu Claro";"Simples";"Reta";"Não";2;0;1;0;1;0;1;2;-26,948483;-49,366833;"SPRF-SC";"DEL04-SC";"UOP01-DEL04-SC"
564774;2023-12-01;"sexta-feira";"16:00:00";"RO";364;196,8;"PIMENTA BUENO";"Acessar a via sem observar a presença dos outros veículos";"Colisão traseira";"Com Vítimas Feridas";"Pleno dia";"Crescente";"Céu Claro";"Simples";"Reta";"Sim";2;0;0;1;1;0;1;2;-11,679848;-61,187233;"SPRF-RO";"DEL02-RO";"UOP02-DEL02-RO"
564775;2023-12-01;"sexta-feira";"18:52:00";"ES";101;260,5;"SERRA";"Conversão proibida";"Colisão transversal";"Com Vítimas Feridas";"Plena Noite";"Crescente";"Céu Claro";"Dupla";"Curva";"Não";2;0;2;0;0;0;2;2;-20,14616415;-40,28836206;"SPRF-ES";"DEL02-ES";"UOP01-DEL02-ES"
564776;2023-12-01;"sexta-feira";"18:10:00";"PR";116;30;"CAMPINA GRANDE DO SUL";"Reação tardia ou ineficiente do condutor";"Colisão lateral mesmo sentido";"Sem Vítimas";"Pleno dia";"Crescente";"Céu Claro";"Múltipla";"Reta;Interseção de Vias";"Não";4;0;0;0;4;0;0;2;-25,10497579;-48,83973903;"SPRF-PR";"DEL01-PR";"UOP02-DEL01-PR"
564779;2023-12-01;"sexta-feira";"16:05:00";"SC";282;16,8;"PALHOCA";"Acessar a via sem observar a presença dos outros veículos";"Colisão transversal";"Com Vítimas Feridas";"Pleno dia";"Crescente";"Céu Claro";"Simples";"Reta";"Não";2;0;1;0;1;0;1;2;-27,658611;-48,681847;"SPRF-SC";"DEL01-SC";"UOP02-DEL01-SC"
564781;2023-12-01;"sexta-feira";"19:50:00";"PB";101;83;"BAYEUX";"Ausência de reação do condutor";"Colisão traseira";"Com Vítimas Feridas";"Plena Noite";"Crescente";"Céu Claro";"Dupla";"Reta";"Não";2;0;0;1;1;0;1;2;-7,1337703;-34,92963914;"SPRF-PB";"DEL01-PB";"UOP01-DEL01-PB"
564782;2023-12-01;"sexta-feira";"18:45:00";"DF";20;13;"BRASILIA";"Ausência de reação do condutor";"Engavetamento";"Com Vítimas Feridas";"Plena Noite";"Crescente";"Nublado";"Dupla";"Reta";"Não";5;0;2;0;3;0;2;4;-15,638752;-47,749599;"SPRF-DF";"DEL02-DF";"UOP01-DEL02-DF"
564784;2023-12-01;"sexta-feira";"19:36:00";"PE";232;409;"SERRA TALHADA";"Condutor deixou de manter distância do veículo da frente";"Colisão traseira";"Com Vítimas Feridas";"Plena Noite";"Crescente";"Céu Claro";"Simples";"Viaduto;Declive;Reta";"Sim";3;0;2;0;0;1;2;2;-7,981944;-38,289467;"SPRF-PE";"DEL04-PE";"UOP01-DEL04-PE"
564786;2023-12-01;"sexta-feira";"19:20:00";"DF";40;1,6;"BRASILIA";"Ingestão de álcool pelo condutor";"Engavetamento";"Com Vítimas Feridas";"Plena Noite";"Crescente";"Céu Claro";"Dupla";"Reta";"Sim";7;0;3;0;4;0;3;4;-15,985532;-47,987747;"SPRF-DF";"DEL01-DF";"UOP01-DEL01-DF"
564788;2023-12-01;"sexta-feira";"19:30:00";"RJ";116;202;"QUEIMADOS";"Objeto estático sobre o leito carroçável";"Incêndio";"Sem Vítimas";"Plena Noite";"Crescente";"Nublado";"Dupla";"Reta";"Não";5;0;0;0;5;0;0;1;-22,72996588;-43,61317403;"SPRF-RJ";"DEL06-RJ";"UOP02-DEL06-RJ"
564789;2023-12-01;"sexta-feira";"19:20:00";"CE";116;159,9;"RUSSAS";"Animais na Pista";"Atropelamento de Animal";"Com Vítimas Fatais";"Plena Noite";"Decrescente";"Céu Claro";"Simples";"Reta";"Sim";1;1;0;0;0;0;0;1;-4,91822722;-37,99424171;"SPRF-CE";"DEL03-CE";"UOP01-DEL03-CE"
564791;2023-12-01;"sexta-feira";"19:50:00";"SP";153;14;"ICEM";"Ausência de reação do condutor";"Colisão traseira";"Com Vítimas Feridas";"Plena Noite";"Decrescente";"Nublado";"Simples";"Reta";"Não";5;0;2;0;3;0;2;2;-20,41841134;-49,2663971;"SPRF-SP";"DEL09-SP";"UOP01-DEL09-SP"
564792;2023-12-01;"sexta-feira";"16:00:00";"MG";262;37,1;"MANHUACU";"Ultrapassagem Indevida";"Colisão lateral mesmo sentido";"Com Vítimas Feridas";"Pleno dia";"Decrescente";"Nublado";"Simples";"Reta";"Sim";2;0;1;0;1;0;1;2;-20,25748975;-42,03048732;"SPRF-MG";"DEL06-MG";"UOP03-DEL06-MG"
564793;2023-12-01;"sexta-feira";"18:20:00";"BA";116;13,9;"VITORIA DA CONQUISTA";"Acessar a via sem observar a presença dos outros veículos";"Colisão transversal";"Com Vítimas Feridas";"Plena Noite";"Crescente";"Céu Claro";"Simples";"Reta";"Não";2;0;0;2;0;0;2;2;-14,89294;-40,866074;"SPRF-PE";"DEL05-PE";"UOP03-DEL05-PE"
564796;2023-12-01;"sexta-feira";"20:00:00";"SP";116;221;"GUARULHOS";"Condutor Dormindo";"Colisão traseira";"Com Vítimas Feridas";"Plena Noite";"Decrescente";"Céu Claro";"Múltipla";"Reta";"Sim";2;0;1;0;1;0;1;2;-23,47093408;-46,51631097;"SPRF-SP";"DEL01-SP";"UOP01-DEL01-SP"
564799;2023-12-01;"sexta-feira";"18:30:00";"PB";104;134;"QUEIMADAS";"Transitar no Acostamento";"Colisão traseira";"Com Vítimas Feridas";"Plena Noite";"Crescente";"Céu Claro";"Simples";"Reta";"Não";2;0;1;0;0;1;1;2;-7,32562205;-35,89657067;"SPRF-PB";"DEL02-PB";"UOP03-DEL02-PB"
564802;2023-12-01;"sexta-feira";"20:30:00";"PR";369;20;"CAMBARA";"Ingestão de álcool e/ou substâncias psicoativas pelo pedestre";"Atropelamento de Pedestre";"Com Vítimas Feridas";"Plena Noite";"Crescente";"Nublado";"Simples";"Reta";"Sim";2;0;1;0;0;1;1;2;-23,03733299;-50,08237839;"SPRF-PR";"DEL07-PR";"UOP05-DEL07-PR"
564807;2023-12-01;"sexta-feira";"19:46:00";"RR";174;494;"BOA VISTA";"Ausência de reação do condutor";"Colisão traseira";"Com Vítimas Feridas";"Plena Noite";"Crescente";"Céu Claro";"Simples";"Reta;Viaduto";"Não";4;0;3;0;0;1;3;2;2,750012;-60,742367;"SPRF-RR";"DEL01-RR";"UOP01-DEL01-RR"
564808;2023-12-01;"sexta-feira";"20:50:00";"PI";316;319;"PICOS";"Ausência de reação do condutor";"Colisão traseira";"Com Vítimas Feridas";"Plena Noite";"Crescente";"Céu Claro";"Simples";"Curva";"Sim";3;0;2;0;1;0;2;2;-7,08926334;-41,39752113;"SPRF-PI";"DEL04-PI";"UOP01-DEL04-PI"
564812;2023-12-01;"sexta-feira";"20:50:00";"SP";116;119,4;"CACAPAVA";"Ausência de reação do condutor";"Colisão traseira";"Com Vítimas Fatais";"Plena Noite";"Decrescente";"Céu Claro";"Dupla";"Reta";"Não";3;1;0;1;1;0;1;2;-23,06710044;-45,63562878;"SPRF-SP";"DEL02-SP";"UOP02-DEL02-SP"
564815;2023-12-01;"sexta-feira";"22:05:00";"RN";101;108;"PARNAMIRIM";"Manobra de mudança de faixa";"Colisão lateral mesmo sentido";"Com Vítimas Feridas";"Plena Noite";"Crescente";"Céu Claro";"Múltipla";"Reta";"Sim";2;0;1;0;1;0;1;2;-5,92825102;-35,26465683;"SPRF-RN";"DEL01-RN";"UOP01-DEL01-RN"
564816;2023-12-01;"sexta-feira";"19:40:00";"RJ";101;418;"MANGARATIBA";"Ausência de reação do condutor";"Tombamento";"Com Vítimas Feridas";"Plena Noite";"Decrescente";"Céu Claro";"Simples";"Reta;Túnel";"Não";1;0;0;1;0;0;1;1;-22,9178274;-43,90471593;"SPRF-RJ";"DEL03-RJ";"UOP02-DEL03-RJ"
564817;2023-12-01;"sexta-feira";"19:20:00";"MT";163;854;"SINOP";"Acessar a via sem observar a presença dos outros veículos";"Colisão transversal";"Com Vítimas Feridas";"Plena Noite";"Decrescente";"Nublado";"Simples";"Reta;Interseção de Vias";"Sim";5;0;3;0;0;2;3;2;-11,69778998;-55,45259857;"SPRF-MT";"DEL06-MT";"UOP02-DEL06-MT"
564818;2023-12-01;"sexta-feira";"21:50:00";"SC";101;340,6;"TUBARAO";"Ultrapassagem Indevida";"Colisão transversal";"Com Vítimas Feridas";"Plena Noite";"Crescente";"Céu Claro";"Múltipla";"Reta";"Sim";3;0;1;0;2;0;1;2;-28,501444;-49,04690399;"SPRF-SC";"DEL02-SC";"UOP01-DEL02-SC"
564819;2023-12-01;"sexta-feira";"19:00:00";"BA";116;277;"TUCANO";"Transitar na contramão";"Colisão frontal";"Com Vítimas Fatais";"Pleno dia";"Decrescente";"Céu Claro";"Simples";"Reta";"Não";2;1;0;0;1;0;0;2;-10,98605827;-38,80013655;"SPRF-BA";"DEL07-BA";"UOP02-DEL07-BA"
564820;2023-12-01;"sexta-feira";"16:40:00";"RJ";40;119;"DUQUE DE CAXIAS";"Reação tardia ou ineficiente do condutor";"Colisão com objeto";"Com Vítimas Feridas";"Pleno dia";"Decrescente";"Nublado";"Dupla";"Reta";"Não";1;0;1;0;0;0;1;1;-22,76375592;-43,28683062;"SPRF-RJ";"DEL01-RJ";"UOP02-DEL01-RJ"
564822;2023-12-01;"sexta-feira";"22:00:00";"PR";369;502,5;"CASCAVEL";"Ingestão de álcool pelo condutor";"Saída de leito carroçável";"Com Vítimas Feridas";"Plena Noite";"Crescente";"Céu Claro";"Simples";"Reta";"Sim";1;0;1;0;0;0;1;1;-24,91298416;-53,3835125;"SPRF-PR";"DEL04-PR";"UOP03-DEL04-PR"
564824;2023-12-01;"sexta-feira";"18:00:00";"MG";262;32,2;"MANHUACU";"Ausência de sinalização";"Colisão traseira";"Com Vítimas Feridas";"Plena Noite";"Decrescente";"Chuva";"Simples";"Declive;Curva";"Não";6;0;2;0;4;0;2;2;-20,25556389;-41,99814902;"SPRF-MG";"DEL06-MG";"UOP03-DEL06-MG"
564827;2023-12-01;"sexta-feira";"23:00:00";"MG";267;125;"JUIZ DE FORA";"Animais na Pista";"Atropelamento de Animal";"Com Vítimas Feridas";"Plena Noite";"Decrescente";"Nublado";"Simples";"Reta";"Não";1;0;1;0;0;0;1;1;-21,72381566;-43,53970826;"SPRF-MG";"DEL05-MG";"UOP01-DEL05-MG"
564829;2023-12-01;"sexta-feira";"22:55:00";"RJ";116;170;"RIO DE JANEIRO";"Manobra de mudança de faixa";"Colisão lateral mesmo sentido";"Com Vítimas Feridas";"Plena Noite";"Crescente";"Céu Claro";"Dupla";"Reta";"Não";3;0;1;0;1;1;1;3;-22,81113183;-43,3336729;"SPRF-RJ";"DEL06-RJ";"UOP01-DEL06-RJ"
564830;2023-12-01;"sexta-feira";"23:00:00";"GO";60;6,2;"SANTO ANTONIO DO DESCOBERTO";"Manobra de mudança de faixa";"Colisão traseira";"Com Vítimas Feridas";"Plena Noite";"Crescente";"Nublado";"Dupla";"Reta";"Não";3;0;0;1;1;1;1;2;-16,098505;-48,285782;"SPRF-DF";"DEL03-DF";"UOP01-DEL03-DF"
564831;2023-12-01;"sexta-feira";"20:40:00";"RO";364;425;"JARU";"Desrespeitar a preferência no cruzamento";"Colisão transversal";"Com Vítimas Feridas";"Plena Noite";"Decrescente";"Céu Claro";"Simples";"Reta";"Sim";3;0;1;0;2;0;1;2;-10,43752488;-62,47169791;"SPRF-RO";"DEL03-RO";"UOP02-DEL03-RO"
564832;2023-12-01;"sexta-feira";"22:53:00";"PE";408;102;"SAO LOURENCO DA MATA";"Ausência de reação do condutor";"Incêndio";"Sem Vítimas";"Plena Noite";"Decrescente";"Céu Claro";"Dupla";"Reta";"Não";1;0;0;0;0;1;0;1;-8,05323195;-35,00247996;"SPRF-PE";"DEL01-PE";"UOP01-DEL01-PE"
564833;2023-12-01;"sexta-feira";"23:20:00";"RJ";493;96;"SEROPEDICA";"Conversão proibida";"Colisão transversal";"Com Vítimas Feridas";"Plena Noite";"Crescente";"Céu Claro";"Simples";"Declive";"Não";2;0;1;0;1;0;1;2;-22,71443004;-43,70584488;"SPRF-RJ";"DEL01-RJ";"UOP03-DEL01-RJ"
564840;2023-12-01;"sexta-feira";"22:30:00";"SC";282;92,2;"ALFREDO WAGNER";"Reação tardia ou ineficiente do condutor";"Saída de leito carroçável";"Sem Vítimas";"Plena Noite";"Decrescente";"Nevoeiro/Neblina";"Simples";"Curva";"Não";1;0;0;0;1;0;0;1;-27,697363;-49,23542;"SPRF-SC";"DEL01-SC";"UOP03-DEL01-SC"
564841;2023-12-01;"sexta-feira";"23:30:00";"AL";104;78;"RIO LARGO";"Pista Escorregadia";"Queda de ocupante de veículo";"Com Vítimas Feridas";"Plena Noite";"Decrescente";"Nublado";"Dupla";"Curva";"Não";2;0;2;0;0;0;2;1;-9,39312274;-35,83607934;"SPRF-AL";"DEL01-AL";"UOP01-DEL01-AL"