"id";"data_inversa";"dia_semana";"horario";"uf";"br";"km";"municipio";"causa_acidente";"tipo_acidente";"classificacao_acidente";"fase_dia";"sentido_via";"condicao_metereologica";"tipo_pista";"tracado_via";"uso_solo";"pessoas";"mortos";"feridos_leves";"feridos_graves";"ilesos";"ignorados";"feridos";"veiculos";"latitude";"longitude";"regional";"delegacia";"uop"
564842;2023-12-02;"sábado";"00:20:00";"SC";101;149,7;"ITAPEMA";"Ingestão de álcool pelo condutor";"Colisão transversal";"Com Vítimas Feridas";"Plena Noite";"Crescente";"Garoa/Chuvisco";"Simples";"Interseção de Vias";"Sim";3;0;2;0;1;0;2;2;-27,1089649;-48,61277586;"SPRF-SC";"DEL04-SC";"UOP03-DEL04-SC"
564844;2023-12-01;"sexta-feira";"23:30:00";"PE";232;508;"SALGUEIRO";"Acessar a via sem observar a presença dos outros veículos";"Colisão transversal";"Com Vítimas Feridas";"Plena Noite";"Crescente";"Céu Claro";"Simples";"Reta;Declive";"Sim";2;0;2;0;0;0;2;2;-8,06223271;-39,12095006;"SPRF-PE";"DEL05-PE";"UOP01-DEL05-PE"
564845;2023-12-01;"sexta-feira";"22:00:00";"SC";0;0;"CORREIA PINTO";"Ausência de reação do condutor";"Colisão traseira";"Sem Vítimas";"Plena Noite";"Não Informado";"Nublado";"Dupla";"Declive";"Sim";2;0;0;0;1;1;0;2;-27,58804261;-50,36468625;"SPRF-SC";"DEL05-SC";"UOP03-DEL05-SC"
564846;2023-12-02;"sábado";"00:15:00";"BA";101;196;"CONCEICAO DA FEIRA";"Animais na Pista";"Atropelamento de Animal";"Com Vítimas Feridas";"Plena Noite";"Decrescente";"Céu Claro";"Simples";"Reta";"Sim";2;0;1;0;1;0;1;1;-12,59679696;-39,038245;"SPRF-BA";"DEL01-BA";"UOP03-DEL01-BA"
564847;2023-12-02;"sábado";"01:00:00";"PI";316;1;"TERESINA";"Condutor Dormindo";"Colisão com objeto";"Com Vítimas Feridas";"Plena Noite";"Decrescente";"Garoa/Chuvisco";"Múltipla";"Reta";"Sim";1;0;0;1;0;0;1;1;-5,12861853;-42,80706778;"SPRF-PI";"DEL01-PI";"UOP02-DEL01-PI"
564849;2023-12-01;"sexta-feira";"23:05:00";"AC";317;91;"SENADOR GUIOMARD";"Pista esburacada";"Saída de leito carroçável";"Com Vítimas Feridas";"Plena Noite";"Crescente";"Céu Claro";"Simples";"Reta;Em Obras";"Não";3;0;2;1;0;0;3;1;-10,15762329;-67,71746572;"SPRF-AC";"DEL01-AC";"UOP01-DEL01-AC"
564850;2023-12-02;"sábado";"01:50:00";"ES";101;267,8;"SERRA";"Reação tardia ou ineficiente do condutor";"Saída de leito carroçável";"Sem Vítimas";"Plena Noite";"Crescente";"Céu Claro";"Múltipla";"Reta";"Sim";1;0;0;0;1;0;0;1;-20,19930999;-40,26884609;"SPRF-ES";"DEL02-ES";"UOP01-DEL02-ES"
564851;2023-12-02;"sábado";"01:50:00";"PR";277;6;"PARANAGUA";"Reação tardia ou ineficiente do condutor";"Tombamento";"Com Vítimas Feridas";"Plena Noite";"Decrescente";"Nublado";"Dupla";"Reta";"Sim";2;0;2;0;0;0;2;1;-25,559327;-48,576222;"SPRF-PR";"DEL01-PR";"UOP05-DEL01-PR"
564852;2023-12-02;"sábado";"02:20:00";"RS";116;251,3;"SAPUCAIA DO SUL";"Reação tardia ou ineficiente do condutor";"Colisão traseira";"Com Vítimas Feridas";"Plena Noite";"Decrescente";"Céu Claro";"Múltipla";"Reta;Aclive;Em Obras";"Sim";3;0;1;0;1;1;1;3;-29,79855044;-51,1651245;"SPRF-RS";"DEL01-RS";"UOP02-DEL01-RS"
564854;2023-12-02;"sábado";"01:00:00";"CE";116;247;"ALTO SANTO";"Animais na Pista";"Atropelamento de Animal";"Com Vítimas Feridas";"Plena Noite";"Crescente";"Céu Claro";"Simples";"Reta";"Não";2;0;1;0;1;0;1;1;-5,47565815;-38,38392377;"SPRF-CE";"DEL05-CE";"UOP02-DEL05-CE"
564855;2023-12-02;"sábado";"01:50:00";"RJ";465;21;"NOVA IGUACU";"Iluminação deficiente";"Atropelamento de Pedestre";"Com Vítimas Feridas";"Plena Noite";"Crescente";"Céu Claro";"Simples";"Reta";"Sim";2;0;0;1;0;1;1;2;-22,854782;-43,601933;"SPRF-RJ";"DEL06-RJ";"UOP02-DEL06-RJ"
564856;2023-12-02;"sábado";"03:10:00";"SP";116;128;"CACAPAVA";"Reação tardia ou ineficiente do condutor";"Colisão traseira";"Com Vítimas Feridas";"Plena Noite";"Decrescente";"Céu Claro";"Dupla";"Reta";"Sim";3;0;1;0;1;1;1;2;-23,11454664;-45,71105567;"SPRF-SP";"DEL02-SP";"UOP02-DEL02-SP"
564859;2023-12-01;"sexta-feira";"22:59:00";"SP";116;446,5;"REGISTRO";"Ausência de reação do condutor";"Tombamento";"Com Vítimas Feridas";"Plena Noite";"Crescente";"Céu Claro";"Dupla";"Reta";"Sim";2;0;2;0;0;0;2;1;-24,50467087;-47,84772743;"SPRF-SP";"DEL05-SP";"UOP01-DEL05-SP"
564861;2023-12-02;"sábado";"04:00:00";"CE";20;307,9;"CANINDE";"Reação tardia ou ineficiente do condutor";"Colisão com objeto";"Com Vítimas Feridas";"Plena Noite";"Decrescente";"Céu Claro";"Simples";"Reta;Ponte";"Não";1;0;1;0;0;0;1;1;-4,35800799;-39,3016531;"SPRF-CE";"DEL02-CE";"UOP01-DEL02-CE"
564862;2023-12-02;"sábado";"04:00:00";"RS";116;251;"SAO LEOPOLDO";"Demais falhas mecânicas ou elétricas";"Tombamento";"Com Vítimas Feridas";"Plena Noite";"Crescente";"Céu Claro";"Dupla";"Reta";"Não";1;0;1;0;0;0;1;1;-29,80035406;-51,16550365;"SPRF-RS";"DEL01-RS";"UOP02-DEL01-RS"
564865;2023-12-02;"sábado";"04:20:00";"RS";158;331;"SANTA MARIA";"Ausência de reação do condutor";"Colisão traseira";"Sem Vítimas";"Plena Noite";"Decrescente";"Céu Claro";"Dupla";"Curva";"Sim";2;0;0;0;2;0;0;2;-29,70438405;-53,84464597;"SPRF-RS";"DEL09-RS";"UOP01-DEL09-RS"
564866;2023-12-01;"sexta-feira";"22:45:00";"RS";116;224;"DOIS IRMAOS";"Ausência de reação do condutor";"Colisão com objeto";"Sem Vítimas";"Plena Noite";"Crescente";"Céu Claro";"Dupla";"Reta";"Sim";1;0;0;0;0;1;0;1;-29,588158;-51,105407;"SPRF-RS";"DEL01-RS";"UOP02-DEL01-RS"
564867;2023-12-02;"sábado";"04:15:00";"SC";101;272;"IMBITUBA";"Reação tardia ou ineficiente do condutor";"Colisão com objeto";"Sem Vítimas";"Plena Noite";"Crescente";"Céu Claro";"Dupla";"Reta";"Não";1;0;0;0;1;0;0;1;-28,11780197;-48,69928995;"SPRF-SC";"DEL02-SC";"UOP03-DEL02-SC"
564871;2023-12-02;"sábado";"05:40:00";"SC";470;49,4;"BLUMENAU";"Pista esburacada";"Tombamento";"Com Vítimas Feridas";"Amanhecer";"Decrescente";"Nublado";"Dupla";"Curva;Viaduto;Declive";"Sim";1;0;1;0;0;0;1;1;-26,86176839;-49,06952262;"SPRF-SC";"DEL04-SC";"UOP01-DEL04-SC"
564872;2023-12-02;"sábado";"05:20:00";"PR";376;631;"SAO JOSE DOS PINHAIS";"Ausência de reação do condutor";"Saída de leito carroçável";"Com Vítimas Feridas";"Amanhecer";"Crescente";"Céu Claro";"Múltipla";"Reta";"Sim";2;0;1;0;1;0;1;1;-25,70434399;-49,14198595;"SPRF-PR";"DEL01-PR";"UOP04-DEL01-PR"
564874;2023-12-02;"sábado";"05:25:00";"RN";101;134,8;"SAO JOSE DE MIPIBU";"Ausência de reação do condutor";"Saída de leito carroçável";"Sem Vítimas";"Pleno dia";"Crescente";"Céu Claro";"Dupla";"Reta";"Não";1;0;0;0;1;0;0;1;-6,15559697;-35,22641868;"SPRF-RN";"DEL01-RN";"UOP01-DEL01-RN"
564875;2023-12-02;"sábado";"01:00:00";"MT";364;156;"PEDRA PRETA";"Reação tardia ou ineficiente do condutor";"Colisão com objeto";"Com Vítimas Feridas";"Plena Noite";"Decrescente";"Céu Claro";"Simples";"Reta";"Não";1;0;0;1;0;0;1;1;-16,76032813;-54,2623751;"SPRF-MT";"DEL02-MT";"UOP01-DEL02-MT"
564877;2023-10-08;"domingo";"02:15:00";"RS";116;264;"CANOAS";"Ausência de reação do condutor";"Colisão lateral mesmo sentido";"Com Vítimas Feridas";"Plena Noite";"Decrescente";"Céu Claro";"Dupla";"Reta";"Sim";7;0;1;0;6;0;1;2;-29,914435;-51,17754495;"SPRF-RS";"DEL01-RS";"UOP01-DEL01-RS"
564879;2023-11-15;"quarta-feira";"19:30:00";"GO";40;10;"VALPARAISO DE GOIAS";"Ausência de reação do condutor";"Colisão lateral mesmo sentido";"Sem Vítimas";"Plena Noite";"Decrescente";"Céu Claro";"Dupla";"Reta";"Sim";2;0;0;0;2;0;0;2;-16,131285;-47,957923;"SPRF-DF";"DEL01-DF";"UOP01-DEL01-DF"
564881;2023-12-02;"sábado";"06:30:00";"MG";40;496,5;"PEDRO LEOPOLDO";"Ausência de reação do condutor";"Colisão traseira";"Com Vítimas Feridas";"Pleno dia";"Decrescente";"Nublado";"Dupla";"Curva;Aclive";"Não";2;0;1;0;1;0;1;2;-19,675088;-44,191287;"SPRF-MG";"DEL02-MG";"UOP01-DEL02-MG"
564882;2023-12-02;"sábado";"07:05:00";"PE";101;66;"RECIFE";"Avarias e/ou desgaste excessivo no pneu";"Queda de ocupante de veículo";"Com Vítimas Feridas";"Pleno dia";"Crescente";"Sol";"Dupla";"Reta";"Sim";2;0;2;0;0;0;2;1;-8,03368534;-34,94184125;"SPRF-PE";"DEL01-PE";"UOP01-DEL01-PE"
564883;2023-12-02;"sábado";"05:30:00";"RJ";40;118;"DUQUE DE CAXIAS";"Ausência de reação do condutor";"Colisão com objeto";"Com Vítimas Feridas";"Pleno dia";"Decrescente";"Céu Claro";"Múltipla";"Reta";"Sim";1;0;0;1;0;0;1;1;-22,75470802;-43,28737838;"SPRF-RJ";"DEL01-RJ";"UOP02-DEL01-RJ"
564884;2023-12-01;"sexta-feira";"14:30:00";"RJ";116;20;"SAPUCAIA";"Problema na suspensão";"Saída de leito carroçável";"Sem Vítimas";"Pleno dia";"Crescente";"Sol";"Simples";"Reta";"Não";1;0;0;0;0;1;0;1;-22,00111387;-42,76116206;"SPRF-RJ";"DEL05-RJ";"UOP01-DEL05-RJ"
564885;2023-12-02;"sábado";"05:00:00";"RJ";493;59;"DUQUE DE CAXIAS";"Condutor Dormindo";"Capotamento";"Sem Vítimas";"Amanhecer";"Decrescente";"Céu Claro";"Dupla";"Reta";"Não";3;0;0;0;3;0;0;1;-22,672089;-43,285053;"SPRF-RJ";"DEL01-RJ";"UOP03-DEL01-RJ"
564887;2023-12-01;"sexta-feira";"16:40:00";"PR";376;391;"IMBAU";"Ausência de reação do condutor";"Saída de leito carroçável";"Com Vítimas Feridas";"Pleno dia";"Decrescente";"Céu Claro";"Dupla";"Curva;Declive";"Não";1;0;1;0;0;0;1;1;-24,489867;-50,732333;"SPRF-PR";"DEL03-PR";"UOP02-DEL03-PR"
564888;2023-12-02;"sábado";"06:15:00";"PR";277;682;"SAO MIGUEL DO IGUACU";"Avarias e/ou desgaste excessivo no pneu";"Capotamento";"Com Vítimas Feridas";"Amanhecer";"Crescente";"Céu Claro";"Dupla";"Reta;Aclive";"Não";3;0;3;0;0;0;3;1;-25,32986789;-54,18272203;"SPRF-PR";"DEL05-PR";"UOP01-DEL05-PR"
564889;2023-12-01;"sexta-feira";"20:49:00";"MA";316;621;"TIMON";"Condutor deixou de manter distância do veículo da frente";"Colisão frontal";"Sem Vítimas";"Plena Noite";"Crescente";"Céu Claro";"Simples";"Reta";"Sim";1;0;0;0;0;1;0;1;-5,128434;-42,821575;"SPRF-MA";"DEL03-MA";"UOP02-DEL03-MA"
564890;2023-12-02;"sábado";"07:20:00";"PR";277;556,9;"CASCAVEL";"Condutor Dormindo";"Colisão traseira";"Sem Vítimas";"Pleno dia";"Crescente";"Sol";"Simples";"Reta";"Não";4;0;0;0;4;0;0;2;-25,08848857;-53,17848305;"SPRF-PR";"DEL04-PR";"UOP04-DEL04-PR"
564891;2023-12-02;"sábado";"05:00:00";"RJ";40;76;"PETROPOLIS";"Reação tardia ou ineficiente do condutor";"Capotamento";"Com Vítimas Feridas";"Pleno dia";"Decrescente";"Céu Claro";"Simples";"Curva";"Sim";1;0;1;0;0;0;1;1;-22,47192899;-43,23779321;"SPRF-RJ";"DEL01-RJ";"UOP01-DEL01-RJ"
564892;2023-12-01;"sexta-feira";"23:00:00";"SC";280;80;"CORUPA";"Acesso irregular";"Queda de ocupante de veículo";"Com Vítimas Feridas";"Plena Noite";"Crescente";"Céu Claro";"Simples";"Reta";"Não";2;0;1;1;0;0;2;1;-26,44412189;-49,20975187;"SPRF-SC";"DEL06-SC";"UOP03-DEL06-SC"
564895;2023-12-02;"sábado";"07:40:00";"RJ";101;529,7;"ANGRA DOS REIS";"Acumulo de areia ou detritos sobre o pavimento";"Saída de leito carroçável";"Com Vítimas Feridas";"Pleno dia";"Crescente";"Céu Claro";"Simples";"Curva";"Não";3;0;2;0;1;0;2;1;-23,02483585;-44,50876994;"SPRF-RJ";"DEL03-RJ";"UOP03-DEL03-RJ"
564896;2023-12-02;"sábado";"07:10:00";"MA";135;4;"SAO LUIS";"Pista Escorregadia";"Tombamento";"Com Vítimas Feridas";"Pleno dia";"Crescente";"Céu Claro";"Dupla";"Reta;Aclive";"Sim";3;0;2;0;1;0;2;2;-2,53073;-44,3068;"SPRF-MA";"DEL01-MA";"UOP01-DEL01-MA"
564897;2023-12-02;"sábado";"08:05:00";"PE";232;22;"MORENO";"Transitar no Acostamento";"Colisão traseira";"Com Vítimas Feridas";"Pleno dia";"Crescente";"Céu Claro";"Dupla";"Reta";"Não";2;0;0;1;1;0;1;2;-8,09712273;-35,088592;"SPRF-PE";"DEL01-PE";"UOP01-DEL01-PE"
564899;2023-12-02;"sábado";"08:30:00";"MG";381;942;"EXTREMA";"Avarias e/ou desgaste excessivo no pneu";"Queda de ocupante de veículo";"Com Vítimas Feridas";"Pleno dia";"Crescente";"Sol";"Dupla";"Reta";"Não";2;0;1;0;0;1;1;2;-22,86605937;-46,34940386;"SPRF-MG";"DEL16-MG";"UOP03-DEL16-MG"
564900;2023-12-02;"sábado";"09:00:00";"MG";381;5;"BETIM";"Avarias e/ou desgaste excessivo no pneu";"Queda de ocupante de veículo";"Com Vítimas Feridas";"Pleno dia";"Crescente";"Céu Claro";"Dupla";"Reta";"Não";2;0;2;0;0;0;2;1;-19,98690045;-44,17928696;"SPRF-MG";"DEL01-MG";"UOP03-DEL01-MG"
564902;2023-12-02;"sábado";"09:10:00";"RJ";116;177;"SAO JOAO DE MERITI";"Ausência de reação do condutor";"Colisão traseira";"Com Vítimas Feridas";"Pleno dia";"Decrescente";"Céu Claro";"Múltipla";"Reta";"Sim";2;0;1;0;1;0;1;2;-22,78055198;-43,39208599;"SPRF-RJ";"DEL06-RJ";"UOP01-DEL06-RJ"
564903;2023-08-17;"quinta-feira";"06:14:00";"SC";282;19;"PALHOCA";"Reação tardia ou ineficiente do condutor";"Colisão com objeto";"Com Vítimas Feridas";"Amanhecer";"Crescente";"Céu Claro";"Simples";"Reta";"Não";1;0;0;1;0;0;1;1;-27,678635;-48,70192;"SPRF-SC";"DEL01-SC";"UOP02-DEL01-SC"
564904;2023-12-02;"sábado";"08:00:00";"MT";364;205;"RONDONOPOLIS";"Reação tardia ou ineficiente do condutor";"Queda de ocupante de veículo";"Com Vítimas Feridas";"Pleno dia";"Decrescente";"Céu Claro";"Dupla";"Reta";"Sim";1;0;0;1;0;0;1;1;-16,45928621;-54,66092345;"SPRF-MT";"DEL02-MT";"UOP01-DEL02-MT"
564905;2023-12-02;"sábado";"08:00:00";"RJ";465;21;"NOVA IGUACU";"Retorno proibido";"Colisão transversal";"Com Vítimas Feridas";"Amanhecer";"Decrescente";"Céu Claro";"Dupla";"Reta";"Sim";2;0;1;0;1;0;1;2;-22,854782;-43,601933;"SPRF-RJ";"DEL06-RJ";"UOP02-DEL06-RJ"
564906;2023-12-02;"sábado";"07:40:00";"SC";280;218;"TRES BARRAS";"Acessar a via sem observar a presença dos outros veículos";"Colisão transversal";"Com Vítimas Feridas";"Pleno dia";"Decrescente";"Céu Claro";"Simples";"Reta";"Não";3;0;2;0;1;0;2;2;-26,17423794;-50,24534398;"SPRF-SC";"DEL06-SC";"UOP04-DEL06-SC"
564907;2023-12-02;"sábado";"05:15:00";"BA";135;135;"RIACHAO DAS NEVES";"Reação tardia ou ineficiente do condutor";"Saída de leito carroçável";"Com Vítimas Feridas";"Amanhecer";"Decrescente";"Céu Claro";"Simples";"Reta";"Sim";4;0;3;1;0;0;4;1;-11,83067715;-44,85667943;"SPRF-BA";"DEL08-BA";"UOP04-DEL08-BA"
564908;2023-12-02;"sábado";"09:00:00";"GO";60;58;"ABADIANIA";"Acessar a via sem observar a presença dos outros veículos";"Colisão traseira";"Com Vítimas Feridas";"Pleno dia";"Decrescente";"Céu Claro";"Dupla";"Curva;Retorno Regulamentado";"Sim";2;0;1;0;1;0;1;2;-16,1865;-48,6872;"SPRF-GO";"DEL02-GO";"UOP01-DEL02-GO"
564910;2023-12-02;"sábado";"08:20:00";"MA";230;1;"BARAO DE GRAJAU";"Reação tardia ou ineficiente do condutor";"Colisão transversal";"Com Vítimas Feridas";"Plena Noite";"Decrescente";"Céu Claro";"Simples";"Reta";"Sim";2;0;1;0;0;1;1;2;-6,75491021;-43,01659198;"SPRF-PI";"DEL03-PI";"UOP01-DEL03-PI"
564911;2023-11-11;"sábado";"12:20:00";"BA";101;173;"CONCEICAO DA FEIRA";"Ultrapassagem Indevida";"Saída de leito carroçável";"Com Vítimas Feridas";"Pleno dia";"Crescente";"Céu Claro";"Simples";"Reta;Declive";"Não";4;0;4;0;0;0;4;1;-12,519078;-38,970829;"SPRF-BA";"DEL01-BA";"UOP03-DEL01-BA"
564914;2023-12-02;"sábado";"09:45:00";"ES";101;309,9;"VIANA";"Ausência de reação do condutor";"Saída de leito carroçável";"Com Vítimas Feridas";"Pleno dia";"Crescente";"Chuva";"Dupla";"Curva";"Não";1;0;1;0;0;0;1;1;-20,417;-40,45984911;"SPRF-ES";"DEL01-ES";"UOP01-DEL01-ES"
564915;2023-11-28;"terça-feira";"14:00:00";"RJ";116;88;"TERESOPOLIS";"Retorno proibido";"Colisão transversal";"Com Vítimas Feridas";"Pleno dia";"Crescente";"Céu Claro";"Simples";"Reta";"Sim";2;0;1;0;1;0;1;2;-22,453468;-42,954449;"SPRF-RJ";"DEL04-RJ";"UOP01-DEL04-RJ"
564916;2023-12-02;"sábado";"09:40:00";"PB";230;293,2;"SANTA LUZIA";"Ingestão de álcool pelo condutor";"Tombamento";"Com Vítimas Feridas";"Pleno dia";"Crescente";"Céu Claro";"Simples";"Reta";"Sim";1;0;1;0;0;0;1;1;-6,872263;-36,926708;"SPRF-PB";"DEL03-PB";"UOP01-DEL03-PB"
564917;2023-12-02;"sábado";"10:10:00";"GO";70;9;"AGUAS LINDAS DE GOIAS";"Ausência de reação do condutor";"Colisão traseira";"Com Vítimas Feridas";"Pleno dia";"Decrescente";"Céu Claro";"Múltipla";"Reta";"Sim";3;0;1;0;2;0;1;3;-15,73576731;-48,28288046;"SPRF-DF";"DEL03-DF";"UOP02-DEL03-DF"
564918;2023-12-02;"sábado";"09:00:00";"SP";116;269;"TABOAO DA SERRA";"Ausência de reação do condutor";"Atropelamento de Pedestre";"Com Vítimas Fatais";"Pleno dia";"Crescente";"Céu Claro";"Múltipla";"Reta";"Sim";3;1;0;0;1;1;0;2;-23,61593059;-46,78826044;"SPRF-SP";"DEL04-SP";"UOP01-DEL04-SP"
564919;2023-12-02;"sábado";"07:56:00";"MG";50;29,7;"ARAGUARI";"Ausência de reação do condutor";"Saída de leito carroçável";"Com Vítimas Fatais";"Pleno dia";"Decrescente";"Céu Claro";"Dupla";"Curva;Declive";"Não";1;1;0;0;0;0;0;1;-18,62034416;-48,11087208;"SPRF-MG";"DEL15-MG";"UOP02-DEL15-MG"
564920;2023-12-02;"sábado";"10:30:00";"PR";369;196,1;"ARAPONGAS";"Velocidade Incompatível";"Saída de leito carroçável";"Com Vítimas Feridas";"Pleno dia";"Crescente";"Nublado";"Dupla";"Reta";"Não";2;0;1;0;1;0;1;1;-23,507023;-51,425243;"SPRF-PR";"DEL07-PR";"UOP03-DEL07-PR"
564921;2023-12-02;"sábado";"11:00:00";"SP";116;225;"GUARULHOS";"Ausência de reação do condutor";"Queda de ocupante de veículo";"Com Vítimas Feridas";"Pleno dia";"Crescente";"Céu Claro";"Múltipla";"Aclive;Reta";"Sim";1;0;1;0;0;0;1;1;-23,48586772;-46,54075317;"SPRF-SP";"DEL01-SP";"UOP01-DEL01-SP"
564923;2023-12-02;"sábado";"10:52:00";"PB";230;3;"CABEDELO";"Ingestão de álcool pelo condutor";"Colisão com objeto";"Com Vítimas Feridas";"Pleno dia";"Crescente";"Céu Claro";"Múltipla";"Reta";"Não";1;0;1;0;0;0;1;1;-6,9915;-34,8287;"SPRF-PB";"DEL01-PB";"UOP01-DEL01-PB"
564925;2023-12-02;"sábado";"09:30:00";"PI";316;8;"TERESINA";"Acessar a via sem observar a presença dos outros veículos";"Colisão lateral mesmo sentido";"Com Vítimas Feridas";"Pleno dia";"Crescente";"Céu Claro";"Dupla";"Interseção de Vias";"Sim";2;0;1;0;1;0;1;2;-5,16483402;-42,76899508;"SPRF-PI";"DEL01-PI";"UOP02-DEL01-PI"
564926;2023-12-02;"sábado";"09:30:00";"BA";242;423;"SEABRA";"Velocidade Incompatível";"Colisão traseira";"Com Vítimas Feridas";"Pleno dia";"Crescente";"Céu Claro";"Simples";"Reta";"Não";2;0;0;1;1;0;1;2;-12,41538607;-41,84550506;"SPRF-BA";"DEL06-BA";"UOP01-DEL06-BA"
564927;2023-11-28;"terça-feira";"07:37:00";"RJ";101;317;"SAO GONCALO";"Ausência de reação do condutor";"Colisão traseira";"Com Vítimas Feridas";"Pleno dia";"Crescente";"Céu Claro";"Dupla";"Reta";"Não";3;0;1;0;2;0;1;2;-22,83707798;-43,09492006;"SPRF-RJ";"DEL02-RJ";"UOP02-DEL02-RJ"
564929;2023-12-02;"sábado";"11:45:00";"SC";470;47,8;"BLUMENAU";"Reação tardia ou ineficiente do condutor";"Colisão traseira";"Com Vítimas Feridas";"Pleno dia";"Decrescente";"Céu Claro";"Simples";"Reta;Em Obras";"Sim";2;0;1;0;1;0;1;2;-26,8603327;-49,05398726;"SPRF-SC";"DEL04-SC";"UOP01-DEL04-SC"
564930;2023-12-02;"sábado";"10:40:00";"MA";222;673,9;"ACAILANDIA";"Condutor deixou de manter distância do veículo da frente";"Colisão traseira";"Com Vítimas Fatais";"Pleno dia";"Crescente";"Céu Claro";"Simples";"Aclive;Interseção de Vias";"Sim";4;1;1;0;2;0;1;3;-4,92960481;-47,44590111;"SPRF-MA";"DEL04-MA";"UOP03-DEL04-MA"
564932;2023-12-02;"sábado";"11:15:00";"SC";101;198,5;"BIGUACU";"Ultrapassagem Indevida";"Colisão lateral mesmo sentido";"Com Vítimas Feridas";"Pleno dia";"Crescente";"Céu Claro";"Dupla";"Reta";"Sim";2;0;1;0;1;0;1;2;-27,52658712;-48,63506019;"SPRF-SC";"DEL01-SC";"UOP01-DEL01-SC"
564933;2023-12-02;"sábado";"11:45:00";"SP";116;214;"GUARULHOS";"Reação tardia ou ineficiente do condutor";"Colisão traseira";"Com Vítimas Feridas";"Pleno dia";"Decrescente";"Céu Claro";"Dupla";"Reta";"Sim";5;0;1;0;4;0;1;2;-23,44333014;-46,44531294;"SPRF-SP";"DEL01-SP";"UOP01-DEL01-SP"
564935;2023-12-02;"sábado";"12:00:00";"SC";101;213;"PALHOCA";"Condutor deixou de manter distância do veículo da frente";"Engavetamento";"Com Vítimas Feridas";"Pleno dia";"Crescente";"Céu Claro";"Múltipla";"Reta";"Não";3;0;1;0;1;1;1;3;-27,63697369;-48,66514142;"SPRF-SC";"DEL01-SC";"UOP02-DEL01-SC"
564936;2023-12-02;"sábado";"12:45:00";"SC";101;113,7;"ITAJAI";"Reação tardia ou ineficiente do condutor";"Colisão lateral mesmo sentido";"Com Vítimas Feridas";"Pleno dia";"Decrescente";"Sol";"Múltipla";"Reta";"Não";2;0;1;0;1;0;1;2;-26,85311393;-48,72689927;"SPRF-SC";"DEL04-SC";"UOP04-DEL04-SC"
564937;2023-12-02;"sábado";"10:30:00";"CE";116;502;"BREJO SANTO";"Reação tardia ou ineficiente do condutor";"Colisão traseira";"Sem Vítimas";"Pleno dia";"Decrescente";"Céu Claro";"Simples";"Reta";"Sim";3;0;0;0;3;0;0;2;-7,46246999;-38,97595702;"SPRF-CE";"DEL05-CE";"UOP03-DEL05-CE"
564938;2023-12-02;"sábado";"12:00:00";"RJ";393;252,3;"BARRA DO PIRAI";"Desrespeitar a preferência no cruzamento";"Colisão transversal";"Com Vítimas Feridas";"Pleno dia";"Decrescente";"Céu Claro";"Simples";"Reta";"Não";2;0;0;1;1;0;1;2;-22,4535526;-43,81656647;"SPRF-RJ";"DEL05-RJ";"UOP04-DEL05-RJ"
564939;2023-12-02;"sábado";"12:40:00";"SP";381;81;"SAO PAULO";"Reação tardia ou ineficiente do condutor";"Colisão traseira";"Sem Vítimas";"Pleno dia";"Decrescente";"Céu Claro";"Dupla";"Reta";"Não";2;0;0;0;2;0;0;2;-23,42148819;-46,57734811;"SPRF-SP";"DEL03-SP";"UOP01-DEL03-SP"
564940;2023-12-02;"sábado";"13:12:00";"SP";116;209;"GUARULHOS";"Ausência de reação do condutor";"Queda de ocupante de veículo";"Com Vítimas Feridas";"Pleno dia";"Decrescente";"Céu Claro";"Múltipla";"Reta";"Sim";2;0;1;0;1;0;1;1;-23,42511799;-46,40221101;"SPRF-SP";"DEL01-SP";"UOP01-DEL01-SP"
564941;2023-12-02;"sábado";"13:00:00";"MG";381;832,1;"SAO SEBASTIAO DA BELA VISTA";"Entrada inopinada do pedestre";"Atropelamento de Pedestre";"Com Vítimas Feridas";"Pleno dia";"Crescente";"Sol";"Dupla";"Reta";"Não";3;0;0;1;2;0;1;2;-22,12118653;-45,78305483;"SPRF-MG";"DEL16-MG";"UOP01-DEL16-MG"
564942;2023-12-02;"sábado";"12:00:00";"PA";10;312;"IRITUIA";"Transitar na contramão";"Colisão lateral sentido oposto";"Com Vítimas Feridas";"Pleno dia";"Decrescente";"Céu Claro";"Simples";"Reta";"Não";2;0;0;1;1;0;1;2;-1,70219802;-47,5023325;"SPRF-PA";"DEL01-PA";"UOP02-DEL01-PA"
564945;2023-12-02;"sábado";"13:20:00";"GO";153;490;"GOIANIA";"Conversão proibida";"Colisão lateral mesmo sentido";"Com Vítimas Fatais";"Pleno dia";"Decrescente";"Céu Claro";"Simples";"Reta";"Sim";3;1;1;0;1;0;1;3;-16,639;-49,2063;"SPRF-GO";"DEL01-GO";"UOP01-DEL01-GO"
564947;2023-12-02;"sábado";"13:40:00";"PE";101;8;"GOIANA";"Ausência de reação do condutor";"Saída de leito carroçável";"Com Vítimas Feridas";"Pleno dia";"Crescente";"Céu Claro";"Dupla";"Reta";"Não";4;0;0;4;0;0;4;1;-7,56898134;-34,98959891;"SPRF-PE";"DEL01-PE";"UOP02-DEL01-PE"
564948;2023-10-11;"quarta-feira";"22:40:00";"RJ";493;6;"ITABORAI";"Pedestre cruzava a pista fora da faixa";"Atropelamento de Pedestre";"Com Vítimas Feridas";"Plena Noite";"Decrescente";"Céu Claro";"Simples";"Reta";"Sim";2;0;0;1;1;0;1;2;-22,73124198;-42,95145305;"SPRF-RJ";"DEL02-RJ";"UOP02-DEL02-RJ"