"id";"data_inversa";"dia_semana";"horario";"uf";"br";"km";"municipio";"causa_acidente";"tipo_acidente";"classificacao_acidente";"fase_dia";"sentido_via";"condicao_metereologica";"tipo_pista";"tracado_via";"uso_solo";"pessoas";"mortos";"feridos_leves";"feridos_graves";"ilesos";"ignorados";"feridos";"veiculos";"latitude";"longitude";"regional";"delegacia";"uop"
564949;2023-12-02;"sábado";"08:42:00";"RO";425;144,4;"GUAJARA-MIRIM";"Acessar a via sem observar a presença dos outros veículos";"Colisão transversal";"Com Vítimas Feridas";"Pleno dia";"Crescente";"Céu Claro";"Dupla";"Reta";"Sim";2;0;0;1;1;0;1;2;-10,76723;-65,318954;"SPRF-RO";"DEL01-RO";"UOP03-DEL01-RO"
564953;2023-12-02;"sábado";"13:50:00";"PB";101;89,1;"JOAO PESSOA";"Acessar a via sem observar a presença dos outros veículos";"Colisão traseira";"Com Vítimas Feridas";"Pleno dia";"Crescente";"Céu Claro";"Dupla";"Curva";"Sim";6;0;4;0;2;0;4;3;-7,16470016;-34,89993643;"SPRF-PB";"DEL01-PB";"UOP02-DEL01-PB"
564954;2023-12-02;"sábado";"13:50:00";"PE";232;5;"RECIFE";"Manobra de mudança de faixa";"Colisão lateral mesmo sentido";"Com Vítimas Fatais";"Pleno dia";"Crescente";"Céu Claro";"Dupla";"Reta";"Sim";2;1;0;0;1;0;0;2;-8,06795766;-34,94535414;"SPRF-PE";"DEL01-PE";"UOP01-DEL01-PE"
564955;2023-12-02;"sábado";"13:50:00";"RJ";101;425;"MANGARATIBA";"Acessar a via sem observar a presença dos outros veículos";"Colisão transversal";"Com Vítimas Feridas";"Pleno dia";"Crescente";"Céu Claro";"Simples";"Reta";"Sim";3;0;0;1;2;0;1;2;-22,92896061;-43,97521377;"SPRF-RJ";"DEL03-RJ";"UOP02-DEL03-RJ"
564956;2023-12-02;"sábado";"14:00:00";"SC";101;207;"SAO JOSE";"Condutor deixou de manter distância do veículo da frente";"Engavetamento";"Com Vítimas Feridas";"Pleno dia";"Decrescente";"Céu Claro";"Múltipla";"Reta;Declive";"Sim";6;0;1;0;5;0;1;6;-27,60001226;-48,6226467;"SPRF-SC";"DEL01-SC";"UOP01-DEL01-SC"
564958;2023-12-02;"sábado";"13:55:00";"PR";277;586,4;"CASCAVEL";"Desrespeitar a preferência no cruzamento";"Colisão transversal";"Com Vítimas Feridas";"Pleno dia";"Decrescente";"Sol";"Simples";"Interseção de Vias";"Sim";2;0;1;0;1;0;1;2;-24,96695428;-53,42438048;"SPRF-PR";"DEL04-PR";"UOP01-DEL04-PR"
564961;2023-12-02;"sábado";"13:30:00";"ES";101;267;"SERRA";"Mal súbito do condutor";"Colisão com objeto";"Com Vítimas Feridas";"Pleno dia";"Crescente";"Sol";"Dupla";"Reta";"Sim";2;0;0;1;0;1;1;2;-20,19930999;-40,26884609;"SPRF-ES";"DEL02-ES";"UOP01-DEL02-ES"
564964;2023-12-02;"sábado";"13:50:00";"AP";210;1;"MACAPA";"Manobra de mudança de faixa";"Colisão lateral mesmo sentido";"Sem Vítimas";"Pleno dia";"Decrescente";"Céu Claro";"Múltipla";"Reta";"Sim";2;0;0;0;1;1;0;2;0,07816717;-51,06998693;"SPRF-AP";"DEL01-AP";"UOP01-DEL01-AP"
564965;2023-12-02;"sábado";"14:20:00";"SC";101;119,7;"ITAJAI";"Demais falhas mecânicas ou elétricas";"Queda de ocupante de veículo";"Com Vítimas Feridas";"Pleno dia";"Decrescente";"Céu Claro";"Dupla";"Reta";"Sim";2;0;1;1;0;0;2;1;-26,9043179;-48,71555481;"SPRF-SC";"DEL04-SC";"UOP04-DEL04-SC"
564968;2023-12-02;"sábado";"15:00:00";"GO";40;1,9;"VALPARAISO DE GOIAS";"Manobra de mudança de faixa";"Colisão lateral mesmo sentido";"Com Vítimas Feridas";"Pleno dia";"Crescente";"Céu Claro";"Dupla";"Reta";"Sim";3;0;1;0;2;0;1;2;-16,058245;-47,982825;"SPRF-DF";"DEL01-DF";"UOP01-DEL01-DF"
564969;2023-12-02;"sábado";"15:00:00";"RJ";101;431;"MANGARATIBA";"Ausência de reação do condutor";"Saída de leito carroçável";"Com Vítimas Feridas";"Pleno dia";"Crescente";"Céu Claro";"Simples";"Curva";"Não";1;0;1;0;0;0;1;1;-22,93135183;-44,02377248;"SPRF-RJ";"DEL03-RJ";"UOP02-DEL03-RJ"
564971;2023-12-02;"sábado";"13:30:00";"MG";116;528,9;"CARATINGA";"Retorno proibido";"Colisão transversal";"Com Vítimas Feridas";"Pleno dia";"Decrescente";"Céu Claro";"Simples";"Reta";"Sim";2;0;1;0;1;0;1;2;-19,794033;-42,13731414;"SPRF-MG";"DEL06-MG";"UOP02-DEL06-MG"
564972;2023-12-02;"sábado";"15:00:00";"MG";262;817;"UBERABA";"Condutor Dormindo";"Saída de leito carroçável";"Com Vítimas Feridas";"Pleno dia";"Decrescente";"Céu Claro";"Dupla";"Reta";"Não";2;0;2;0;0;0;2;1;-19,76384526;-48,12927805;"SPRF-MG";"DEL13-MG";"UOP01-DEL13-MG"
564973;2023-12-02;"sábado";"15:15:00";"RJ";116;314;"ITATIAIA";"Avarias e/ou desgaste excessivo no pneu";"Tombamento";"Com Vítimas Feridas";"Pleno dia";"Crescente";"Céu Claro";"Dupla";"Reta";"Sim";2;0;2;0;0;0;2;1;-22,46045833;-44,47218299;"SPRF-RJ";"DEL07-RJ";"UOP02-DEL07-RJ"
564974;2023-12-02;"sábado";"16:00:00";"GO";414;372;"COCALZINHO DE GOIAS";"Ingestão de álcool pelo condutor";"Saída de leito carroçável";"Com Vítimas Feridas";"Pleno dia";"Decrescente";"Céu Claro";"Dupla";"Reta";"Sim";3;0;1;2;0;0;3;1;-15,78671658;-48,77033272;"SPRF-GO";"DEL02-GO";"UOP01-DEL02-GO"
564975;2023-12-02;"sábado";"13:00:00";"MG";50;111,2;"UBERABA";"Condutor Dormindo";"Saída de leito carroçável";"Com Vítimas Feridas";"Pleno dia";"Decrescente";"Céu Claro";"Dupla";"Reta";"Não";2;0;2;0;0;0;2;1;-19,23226801;-48,14217502;"SPRF-MG";"DEL13-MG";"UOP01-DEL13-MG"
564976;2023-12-02;"sábado";"16:45:00";"SC";101;134;"BALNEARIO CAMBORIU";"Ultrapassagem Indevida";"Colisão lateral mesmo sentido";"Com Vítimas Feridas";"Pleno dia";"Crescente";"Céu Claro";"Dupla";"Reta";"Sim";2;0;1;0;1;0;1;2;-27,00218;-48,636433;"SPRF-SC";"DEL04-SC";"UOP03-DEL04-SC"
564978;2023-12-02;"sábado";"15:30:00";"MS";163;259,1;"DOURADOS";"Ausência de reação do condutor";"Colisão com objeto";"Com Vítimas Feridas";"Pleno dia";"Crescente";"Céu Claro";"Dupla";"Reta";"Sim";1;0;1;0;0;0;1;1;-22,25258409;-54,77697385;"SPRF-MS";"DEL04-MS";"UOP01-DEL04-MS"
564979;2023-12-02;"sábado";"16:20:00";"RJ";101;52;"CAMPOS DOS GOYTACAZES";"Acessar a via sem observar a presença dos outros veículos";"Colisão transversal";"Com Vítimas Feridas";"Pleno dia";"Crescente";"Céu Claro";"Simples";"Reta";"Não";2;0;1;0;1;0;1;2;-21,65160802;-41,31128624;"SPRF-RJ";"DEL08-RJ";"UOP01-DEL08-RJ"
564980;2023-12-02;"sábado";"12:20:00";"RO";364;198,4;"PIMENTA BUENO";"Pedestre andava na pista";"Colisão transversal";"Com Vítimas Feridas";"Pleno dia";"Decrescente";"Céu Claro";"Simples";"Ponte";"Sim";2;0;2;0;0;0;2;2;-11,67049488;-61,19146173;"SPRF-RO";"DEL02-RO";"UOP02-DEL02-RO"
564981;2023-12-02;"sábado";"16:16:00";"RN";304;281;"MACAIBA";"Ausência de sinalização";"Capotamento";"Com Vítimas Feridas";"Pleno dia";"Decrescente";"Céu Claro";"Simples";"Reta;Em Obras";"Não";1;0;0;1;0;0;1;1;-5,88956382;-35,48954405;"SPRF-RN";"DEL01-RN";"UOP02-DEL01-RN"
564982;2023-12-02;"sábado";"16:10:00";"PR";376;628;"SAO JOSE DOS PINHAIS";"Reação tardia ou ineficiente do condutor";"Colisão traseira";"Com Vítimas Feridas";"Pleno dia";"Crescente";"Céu Claro";"Dupla";"Reta";"Não";6;0;2;0;4;0;2;2;-25,67832409;-49,14963231;"SPRF-PR";"DEL01-PR";"UOP04-DEL01-PR"
564983;2023-12-02;"sábado";"15:15:00";"RO";364;154,7;"PIMENTA BUENO";"Reação tardia ou ineficiente do condutor";"Tombamento";"Com Vítimas Feridas";"Pleno dia";"Crescente";"Céu Claro";"Simples";"Reta;Declive";"Não";1;0;1;0;0;0;1;1;-11,972505999;-60,9561639914;"SPRF-RO";"DEL02-RO";"UOP02-DEL02-RO"
564984;2023-12-02;"sábado";"16:45:00";"PB";101;88;"JOAO PESSOA";"Condutor deixou de manter distância do veículo da frente";"Colisão traseira";"Com Vítimas Feridas";"Pleno dia";"Crescente";"Céu Claro";"Dupla";"Reta";"Não";4;0;1;0;3;0;1;2;-7,16470016;-34,89993643;"SPRF-PB";"DEL01-PB";"UOP01-DEL01-PB"
564987;2023-12-02;"sábado";"17:00:00";"MG";381;487;"BETIM";"Ausência de reação do condutor";"Tombamento";"Com Vítimas Fatais";"Pleno dia";"Crescente";"Céu Claro";"Múltipla";"Declive;Curva";"Sim";2;1;0;1;0;0;1;1;-19,95586853;-44,14609501;"SPRF-MG";"DEL01-MG";"UOP03-DEL01-MG"
564990;2023-12-02;"sábado";"16:45:00";"SC";101;192;"BIGUACU";"Acessar a via sem observar a presença dos outros veículos";"Colisão transversal";"Com Vítimas Feridas";"Pleno dia";"Crescente";"Céu Claro";"Dupla";"Reta";"Sim";2;0;1;0;1;0;1;2;-27,48443781;-48,64765238;"SPRF-SC";"DEL01-SC";"UOP01-DEL01-SC"
564991;2023-12-02;"sábado";"14:20:00";"PE";423;161;"AGUAS BELAS";"Acessar a via sem observar a presença dos outros veículos";"Colisão frontal";"Sem Vítimas";"Pleno dia";"Decrescente";"Céu Claro";"Simples";"Reta";"Não";2;0;0;0;2;0;0;2;-9,09475044;-36,98347867;"SPRF-PE";"DEL03-PE";"UOP01-DEL03-PE"
564992;2023-12-02;"sábado";"17:15:00";"SP";101;48;"UBATUBA";"Conversão proibida";"Colisão lateral mesmo sentido";"Com Vítimas Feridas";"Pleno dia";"Crescente";"Céu Claro";"Simples";"Interseção de Vias";"Sim";2;0;1;0;1;0;1;2;-23,43696329;-45,08768768;"SPRF-SP";"DEL06-SP";"UOP01-DEL06-SP"
564993;2023-12-02;"sábado";"17:00:00";"PR";116;97,8;"SAO JOSE DOS PINHAIS";"Reação tardia ou ineficiente do condutor";"Saída de leito carroçável";"Sem Vítimas";"Pleno dia";"Decrescente";"Céu Claro";"Dupla";"Reta";"Sim";1;0;0;0;1;0;0;1;-25,51232495;-49,12871007;"SPRF-PR";"DEL01-PR";"UOP07-DEL01-PR"
564995;2023-12-02;"sábado";"16:35:00";"SC";280;53,9;"GUARAMIRIM";"Pedestre cruzava a pista fora da faixa";"Atropelamento de Pedestre";"Com Vítimas Feridas";"Pleno dia";"Crescente";"Céu Claro";"Dupla";"Reta";"Sim";2;0;1;0;1;0;1;2;-26,47236756;-48,97426617;"SPRF-SC";"DEL03-SC";"UOP03-DEL03-SC"
564996;2023-12-02;"sábado";"17:00:00";"PB";230;166,5;"CAMPINA GRANDE";"Acessar a via sem observar a presença dos outros veículos";"Colisão frontal";"Com Vítimas Feridas";"Pleno dia";"Crescente";"Céu Claro";"Simples";"Curva";"Sim";4;0;0;1;2;1;1;3;-7,1976;-35,955;"SPRF-PB";"DEL02-PB";"UOP02-DEL02-PB"
564997;2023-12-02;"sábado";"13:10:00";"TO";153;395;"RIO DOS BOIS";"Ultrapassagem Indevida";"Saída de leito carroçável";"Com Vítimas Feridas";"Pleno dia";"Decrescente";"Chuva";"Simples";"Reta;Aclive";"Não";4;0;1;0;3;0;1;1;-9,36820327;-48,55326257;"SPRF-TO";"DEL02-TO";"UOP02-DEL02-TO"
564998;2023-12-02;"sábado";"17:10:00";"RJ";116;191;"NOVA IGUACU";"Manobra de mudança de faixa";"Colisão lateral mesmo sentido";"Com Vítimas Feridas";"Pleno dia";"Crescente";"Céu Claro";"Dupla";"Reta";"Sim";2;0;1;0;1;0;1;2;-22,74421443;-43,509822;"SPRF-RJ";"DEL06-RJ";"UOP01-DEL06-RJ"
564999;2023-12-02;"sábado";"16:55:00";"RS";116;38,1;"VACARIA";"Acessar a via sem observar a presença dos outros veículos";"Colisão transversal";"Com Vítimas Feridas";"Pleno dia";"Crescente";"Nublado";"Simples";"Reta";"Sim";2;0;1;0;1;0;1;2;-28,50446827;-50,92417359;"SPRF-RS";"DEL05-RS";"UOP03-DEL05-RS"
565000;2023-12-02;"sábado";"17:45:00";"SC";101;135,5;"BALNEARIO CAMBORIU";"Ausência de reação do condutor";"Colisão com objeto";"Com Vítimas Feridas";"Pleno dia";"Crescente";"Céu Claro";"Dupla";"Reta;Ponte";"Sim";1;0;0;1;0;0;1;1;-27,00658322;-48,62144351;"SPRF-SC";"DEL04-SC";"UOP03-DEL04-SC"
565001;2023-12-02;"sábado";"17:30:00";"PR";277;8,5;"PARANAGUA";"Demais falhas mecânicas ou elétricas";"Tombamento";"Com Vítimas Feridas";"Pleno dia";"Crescente";"Sol";"Dupla";"Aclive;Reta";"Não";2;0;2;0;0;0;2;1;-25,56464594;-48,59984636;"SPRF-PR";"DEL01-PR";"UOP05-DEL01-PR"
565002;2023-12-02;"sábado";"17:15:00";"BA";367;80;"EUNAPOLIS";"Acessar a via sem observar a presença dos outros veículos";"Colisão transversal";"Com Vítimas Feridas";"Pleno dia";"Crescente";"Sol";"Simples";"Reta;Rotatória;Interseção de Vias";"Não";2;0;1;0;1;0;1;2;-16,36956642;-39,54444803;"SPRF-BA";"DEL09-BA";"UOP03-DEL09-BA"
565003;2023-12-02;"sábado";"15:00:00";"SP";153;139;"PROMISSAO";"Transitar no Acostamento";"Queda de ocupante de veículo";"Com Vítimas Feridas";"Pleno dia";"Decrescente";"Céu Claro";"Simples";"Reta";"Não";1;0;1;0;0;0;1;1;-21,31900204;-49,79432826;"SPRF-SP";"DEL07-SP";"UOP01-DEL07-SP"
565004;2023-12-02;"sábado";"16:35:00";"SC";153;105;"CONCORDIA";"Ausência de reação do condutor";"Capotamento";"Com Vítimas Feridas";"Pleno dia";"Decrescente";"Céu Claro";"Simples";"Curva";"Não";3;0;0;3;0;0;3;1;-27,2819;-51,969429;"SPRF-SC";"DEL07-SC";"UOP04-DEL07-SC"
565005;2023-12-02;"sábado";"17:15:00";"AP";210;2,5;"MACAPA";"Transitar na contramão";"Colisão transversal";"Com Vítimas Feridas";"Pleno dia";"Decrescente";"Céu Claro";"Dupla";"Reta";"Sim";2;0;0;1;1;0;1;2;0,08282017;-51,07776189;"SPRF-AP";"DEL01-AP";"UOP01-DEL01-AP"
565006;2023-12-02;"sábado";"17:10:00";"PR";116;93,8;"PIRAQUARA";"Ausência de reação do condutor";"Tombamento";"Com Vítimas Feridas";"Pleno dia";"Crescente";"Sol";"Dupla";"Reta";"Sim";1;0;1;0;0;0;1;1;-25,51813867;-49,13288176;"SPRF-PR";"DEL01-PR";"UOP07-DEL01-PR"
565007;2023-12-02;"sábado";"18:00:00";"GO";452;196;"ITUMBIARA";"Demais falhas mecânicas ou elétricas";"Incêndio";"Sem Vítimas";"Pleno dia";"Decrescente";"Nublado";"Simples";"Reta";"Não";1;0;0;0;1;0;0;1;-18,3606586;-49,22490312;"SPRF-GO";"DEL03-GO";"UOP02-DEL03-GO"
565008;2023-12-02;"sábado";"16:00:00";"SC";280;238;"CANOINHAS";"Avarias e/ou desgaste excessivo no pneu";"Queda de ocupante de veículo";"Com Vítimas Feridas";"Pleno dia";"Crescente";"Céu Claro";"Simples";"Reta;Aclive";"Não";1;0;0;1;0;0;1;1;-26,20421445;-50,43685913;"SPRF-SC";"DEL06-SC";"UOP04-DEL06-SC"
565009;2023-12-02;"sábado";"14:20:00";"PI";343;211;"CAPITAO DE CAMPOS";"Ausência de reação do condutor";"Colisão com objeto";"Com Vítimas Feridas";"Pleno dia";"Crescente";"Céu Claro";"Simples";"Reta";"Não";1;0;1;0;0;0;1;1;-4,445459;-41,922016;"SPRF-PI";"DEL02-PI";"UOP01-DEL02-PI"
565010;2023-12-02;"sábado";"10:00:00";"RS";471;458,7;"RIO GRANDE";"Conversão proibida";"Colisão transversal";"Com Vítimas Feridas";"Pleno dia";"Decrescente";"Garoa/Chuvisco";"Simples";"Curva";"Sim";2;0;1;0;1;0;1;2;-32,07595199;-52,26105982;"SPRF-RS";"DEL07-RS";"UOP02-DEL07-RS"
565012;2023-12-02;"sábado";"17:50:00";"PR";277;328;"GUARAPUAVA";"Demais falhas mecânicas ou elétricas";"Incêndio";"Sem Vítimas";"Pleno dia";"Crescente";"Nublado";"Simples";"Aclive;Reta";"Não";4;0;0;0;4;0;0;1;-25,365785;-51,347069;"SPRF-PR";"DEL08-PR";"UOP01-DEL08-PR"
565016;2023-12-02;"sábado";"17:30:00";"PR";116;205;"RIO NEGRO";"Reação tardia ou ineficiente do condutor";"Queda de ocupante de veículo";"Com Vítimas Feridas";"Pleno dia";"Crescente";"Céu Claro";"Simples";"Reta;Declive";"Não";1;0;1;0;0;0;1;1;-26,05749692;-49,72632005;"SPRF-SC";"DEL06-SC";"UOP01-DEL06-SC"
565017;2023-12-02;"sábado";"17:50:00";"MT";163;832;"SINOP";"Acessar a via sem observar a presença dos outros veículos";"Colisão lateral mesmo sentido";"Com Vítimas Feridas";"Plena Noite";"Crescente";"Céu Claro";"Dupla";"Retorno Regulamentado;Curva";"Sim";2;0;0;1;1;0;1;2;-11,88220421;-55,50048351;"SPRF-MT";"DEL06-MT";"UOP02-DEL06-MT"
565018;2023-12-02;"sábado";"13:00:00";"MG";50;182;"UBERABA";"Ausência de reação do condutor";"Saída de leito carroçável";"Com Vítimas Feridas";"Pleno dia";"Crescente";"Nublado";"Dupla";"Reta";"Sim";1;0;1;0;0;0;1;1;-19,799367;-47,90772;"SPRF-MG";"DEL13-MG";"UOP01-DEL13-MG"
565020;2023-12-02;"sábado";"18:25:00";"BA";324;611;"SIMOES FILHO";"Condutor deixou de manter distância do veículo da frente";"Colisão traseira";"Com Vítimas Feridas";"Plena Noite";"Crescente";"Céu Claro";"Dupla";"Reta";"Não";5;0;0;2;2;1;2;3;-12,848532;-38,418054;"SPRF-BA";"DEL01-BA";"UOP01-DEL01-BA"
565022;2023-12-02;"sábado";"18:40:00";"SP";116;221;"GUARULHOS";"Trafegar com motocicleta (ou similar) entre as faixas";"Colisão traseira";"Com Vítimas Feridas";"Anoitecer";"Decrescente";"Céu Claro";"Múltipla";"Reta";"Não";4;0;1;1;2;0;2;3;-23,46802395;-46,50704901;"SPRF-SP";"DEL01-SP";"UOP01-DEL01-SP"
565023;2023-12-02;"sábado";"18:00:00";"RJ";116;186;"NOVA IGUACU";"Ingestão de álcool pelo condutor";"Colisão lateral mesmo sentido";"Com Vítimas Feridas";"Anoitecer";"Crescente";"Céu Claro";"Múltipla";"Reta";"Sim";3;0;1;0;2;0;1;2;-22,73962339;-43,46276495;"SPRF-RJ";"DEL06-RJ";"UOP01-DEL06-RJ"
565024;2023-12-02;"sábado";"18:50:00";"RN";101;94,7;"NATAL";"Ingestão de álcool e/ou substâncias psicoativas pelo pedestre";"Atropelamento de Pedestre";"Com Vítimas Fatais";"Plena Noite";"Crescente";"Céu Claro";"Múltipla";"Reta";"Sim";2;1;0;0;1;0;0;2;-5,84048643;-35,21048427;"SPRF-RN";"DEL01-RN";"UOP01-DEL01-RN"
565025;2023-12-02;"sábado";"18:50:00";"PA";163;991;"SANTAREM";"Acessar a via sem observar a presença dos outros veículos";"Atropelamento de Pedestre";"Com Vítimas Feridas";"Plena Noite";"Decrescente";"Céu Claro";"Simples";"Reta";"Sim";2;0;2;0;0;0;2;2;-2,547851;-54,72278;"SPRF-PA";"DEL05-PA";"UOP01-DEL05-PA"
565026;2023-12-02;"sábado";"18:30:00";"RJ";101;393;"ITAGUAI";"Reação tardia ou ineficiente do condutor";"Saída de leito carroçável";"Sem Vítimas";"Plena Noite";"Decrescente";"Nublado";"Dupla";"Reta";"Sim";1;0;0;0;0;1;0;1;-22,88924912;-43,70370205;"SPRF-RJ";"DEL03-RJ";"UOP01-DEL03-RJ"
565027;2023-12-02;"sábado";"19:10:00";"SP";116;150,9;"SAO JOSE DOS CAMPOS";"Ausência de reação do condutor";"Colisão traseira";"Com Vítimas Fatais";"Plena Noite";"Crescente";"Céu Claro";"Múltipla";"Reta;Declive";"Sim";5;1;1;0;3;0;1;2;-23,21335525;-45,8930588;"SPRF-SP";"DEL02-SP";"UOP01-DEL02-SP"
565028;2023-12-02;"sábado";"18:55:00";"PI";343;340,3;"TERESINA";"Acessar a via sem observar a presença dos outros veículos";"Colisão traseira";"Com Vítimas Feridas";"Plena Noite";"Crescente";"Céu Claro";"Dupla";"Desvio Temporário;Em Obras;Aclive";"Sim";2;0;0;1;0;1;1;2;-5,074137;-42,73629;"SPRF-PI";"DEL01-PI";"UOP01-DEL01-PI"
565030;2023-12-02;"sábado";"17:00:00";"SC";101;331;"TUBARAO";"Demais falhas mecânicas ou elétricas";"Queda de ocupante de veículo";"Com Vítimas Feridas";"Pleno dia";"Crescente";"Nublado";"Dupla";"Reta";"Não";2;0;2;0;0;0;2;1;-28,45567521;-48,9812689;"SPRF-SC";"DEL02-SC";"UOP01-DEL02-SC"
565031;2023-12-02;"sábado";"20:20:00";"MG";116;635,8;"DIVINO";"Conversão proibida";"Colisão lateral mesmo sentido";"Com Vítimas Feridas";"Plena Noite";"Crescente";"Nublado";"Simples";"Reta";"Não";9;0;7;0;2;0;7;2;-20,61896908;-42,2233101;"SPRF-MG";"DEL07-MG";"UOP02-DEL07-MG"
565034;2023-12-02;"sábado";"17:00:00";"PR";369;503;"CASCAVEL";"Condutor deixou de manter distância do veículo da frente";"Colisão traseira";"Com Vítimas Feridas";"Pleno dia";"Decrescente";"Sol";"Simples";"Reta";"Não";2;0;1;0;1;0;1;2;-24,92309085;-53,39082068;"SPRF-PR";"DEL04-PR";"UOP03-DEL04-PR"
565035;2023-12-02;"sábado";"20:40:00";"PE";104;67;"CARUARU";"Transitar na contramão";"Colisão frontal";"Com Vítimas Feridas";"Plena Noite";"Crescente";"Céu Claro";"Dupla";"Reta;Retorno Regulamentado";"Não";2;0;1;0;1;0;1;2;-8,3016;-35,9882;"SPRF-PE";"DEL02-PE";"UOP01-DEL02-PE"
565036;2023-12-02;"sábado";"19:48:00";"ES";101;267,8;"SERRA";"Velocidade Incompatível";"Colisão traseira";"Com Vítimas Feridas";"Plena Noite";"Decrescente";"Céu Claro";"Dupla";"Reta";"Sim";4;0;1;0;2;1;1;2;-20,190199;-40,26828891;"SPRF-ES";"DEL02-ES";"UOP01-DEL02-ES"
565037;2023-12-02;"sábado";"18:45:00";"MT";158;400;"RIBEIRAO CASCALHEIRA";"Ausência de reação do condutor";"Colisão traseira";"Com Vítimas Fatais";"Anoitecer";"Crescente";"Céu Claro";"Simples";"Reta";"Não";7;1;0;4;2;0;4;3;-12,776162;-51,78263;"SPRF-MT";"DEL07-MT";"UOP02-DEL07-MT"
565038;2023-12-02;"sábado";"16:25:00";"BA";324;516;"FEIRA DE SANTANA";"Ausência de reação do condutor";"Colisão com objeto";"Com Vítimas Feridas";"Pleno dia";"Decrescente";"Céu Claro";"Simples";"Reta";"Sim";2;0;2;0;0;0;2;1;-12,2417119;-38,93768485;"SPRF-BA";"DEL02-BA";"UOP01-DEL02-BA"
565041;2023-12-02;"sábado";"09:50:00";"AC";317;102;"SENADOR GUIOMARD";"Ausência de reação do condutor";"Saída de leito carroçável";"Com Vítimas Fatais";"Pleno dia";"Decrescente";"Céu Claro";"Simples";"Reta";"Não";12;1;0;0;11;0;0;5;-10,251786;-67,70528;"SPRF-AC";"DEL01-AC";"UOP01-DEL01-AC"
565042;2023-12-02;"sábado";"16:53:00";"GO";153;258;"SAO LUIZ DO NORTE";"Ingestão de álcool pelo condutor";"Saída de leito carroçável";"Sem Vítimas";"Pleno dia";"Decrescente";"Céu Claro";"Simples";"Reta";"Não";1;0;0;0;1;0;0;1;-14,978558;-49,39592;"SPRF-GO";"DEL07-GO";"UOP02-DEL07-GO"
565043;2023-11-16;"quinta-feira";"11:00:00";"SP";116;208;"GUARULHOS";"Conversão proibida";"Colisão transversal";"Com Vítimas Feridas";"Pleno dia";"Crescente";"Céu Claro";"Múltipla";"Reta;Em Obras";"Sim";2;0;0;1;1;0;1;2;-23,42222263;-46,3932771;"SPRF-SP";"DEL01-SP";"UOP01-DEL01-SP"
565045;2023-12-02;"sábado";"18:30:00";"SC";282;338;"CAMPOS NOVOS";"Manobra de mudança de faixa";"Colisão frontal";"Com Vítimas Feridas";"Pleno dia";"Decrescente";"Sol";"Simples";"Curva";"Não";3;0;1;2;0;0;3;2;-27,39238323;-51,17641926;"SPRF-SC";"DEL07-SC";"UOP06-DEL07-SC"
565046;2023-12-02;"sábado";"18:19:00";"BA";116;392;"SANTA BARBARA";"Ingestão de álcool pelo condutor";"Colisão transversal";"Com Vítimas Feridas";"Plena Noite";"Decrescente";"Céu Claro";"Dupla";"Reta;Retorno Regulamentado";"Sim";2;0;1;1;0;0;2;2;-11,95668603;-38,97578416;"SPRF-BA";"DEL02-BA";"UOP01-DEL02-BA"
565047;2023-12-02;"sábado";"21:13:00";"CE";222;3;"FORTALEZA";"Condutor deixou de manter distância do veículo da frente";"Engavetamento";"Com Vítimas Feridas";"Plena Noite";"Decrescente";"Céu Claro";"Dupla";"Aclive;Ponte";"Sim";4;0;1;0;3;0;1;4;-3,7403769;-38,59569202;"SPRF-CE";"DEL01-CE";"UOP01-DEL01-CE"
565049;2023-12-02;"sábado";"20:30:00";"PA";10;214;"IPIXUNA DO PARA";"Ausência de reação do condutor";"Colisão traseira";"Com Vítimas Feridas";"Plena Noite";"Decrescente";"Chuva";"Simples";"Declive";"Não";3;0;0;1;1;1;1;3;-2,55659601;-47,4943411;"SPRF-PA";"DEL02-PA";"UOP01-DEL02-PA"
565051;2023-12-02;"sábado";"20:20:00";"SC";101;24,4;"JOINVILLE";"Pedestre cruzava a pista fora da faixa";"Atropelamento de Pedestre";"Com Vítimas Fatais";"Plena Noite";"Decrescente";"Céu Claro";"Múltipla";"Reta";"Não";3;1;0;0;2;0;0;2;-26,17929921;-48,90884757;"SPRF-SC";"DEL03-SC";"UOP01-DEL03-SC"
565052;2023-12-02;"sábado";"21:46:00";"ES";101;442;"MIMOSO DO SUL";"Condutor deixou de manter distância do veículo da frente";"Colisão traseira";"Com Vítimas Feridas";"Plena Noite";"Decrescente";"Nublado";"Simples";"Reta";"Sim";3;0;2;0;1;0;2;2;-21,09042295;-41,24777308;"SPRF-ES";"DEL03-ES";"UOP02-DEL03-ES"
565053;2023-12-02;"sábado";"21:00:00";"SC";101;212,2;"PALHOCA";"Condutor deixou de manter distância do veículo da frente";"Colisão traseira";"Com Vítimas Feridas";"Plena Noite";"Crescente";"Céu Claro";"Múltipla";"Reta";"Não";3;0;0;1;2;0;1;3;-27,62996929;-48,65903871;"SPRF-SC";"DEL01-SC";"UOP02-DEL01-SC"
565054;2023-12-02;"sábado";"21:40:00";"PE";316;54;"TRINDADE";"Animais na Pista";"Atropelamento de Animal";"Com Vítimas Feridas";"Plena Noite";"Decrescente";"Céu Claro";"Simples";"Reta";"Não";2;0;1;1;0;0;2;1;-7,73669808;-40,29450303;"SPRF-PE";"DEL05-PE";"UOP02-DEL05-PE"
565057;2023-12-02;"sábado";"21:45:00";"CE";116;10;"FORTALEZA";"Condutor deixou de manter distância do veículo da frente";"Colisão traseira";"Com Vítimas Feridas";"Plena Noite";"Crescente";"Céu Claro";"Múltipla";"Reta";"Sim";3;0;2;0;0;1;2;2;-3,83603805;-38,5027281;"SPRF-CE";"DEL01-CE";"UOP02-DEL01-CE"