"id";"data_inversa";"dia_semana";"horario";"uf";"br";"km";"municipio";"causa_acidente";"tipo_acidente";"classificacao_acidente";"fase_dia";"sentido_via";"condicao_metereologica";"tipo_pista";"tracado_via";"uso_solo";"pessoas";"mortos";"feridos_leves";"feridos_graves";"ilesos";"ignorados";"feridos";"veiculos";"latitude";"longitude";"regional";"delegacia";"uop"
565058;2023-12-02;"sábado";"21:30:00";"ES";101;145;"LINHARES";"Condutor deixou de manter distância do veículo da frente";"Colisão traseira";"Sem Vítimas";"Plena Noite";"Crescente";"Céu Claro";"Dupla";"Reta";"Sim";2;0;0;0;0;2;0;2;-19,36089598;-40,06464018;"SPRF-ES";"DEL04-ES";"UOP01-DEL04-ES"
565059;2023-12-02;"sábado";"21:00:00";"PE";101;43;"IGARASSU";"Manobra de mudança de faixa";"Colisão lateral mesmo sentido";"Com Vítimas Feridas";"Plena Noite";"Crescente";"Nublado";"Múltipla";"Reta;Declive";"Sim";3;0;1;2;0;0;3;2;-7,84753808;-34,90977038;"SPRF-PE";"DEL01-PE";"UOP02-DEL01-PE"
565061;2023-12-02;"sábado";"20:00:00";"MG";50;8,3;"ARAGUARI";"Ingestão de álcool pelo condutor";"Saída de leito carroçável";"Sem Vítimas";"Plena Noite";"Crescente";"Chuva";"Dupla";"Reta;Declive";"Não";1;0;0;0;1;0;0;1;-18,48857586;-48,04613852;"SPRF-MG";"DEL15-MG";"UOP02-DEL15-MG"
565062;2023-12-02;"sábado";"21:30:00";"AL";316;268;"SATUBA";"Transitar na contramão";"Colisão frontal";"Com Vítimas Feridas";"Plena Noite";"Decrescente";"Céu Claro";"Simples";"Reta";"Não";2;0;1;0;1;0;1;2;-9,58021969;-35,83876014;"SPRF-AL";"DEL02-AL";"UOP01-DEL02-AL"
565064;2023-12-02;"sábado";"20:30:00";"PR";376;630,2;"SAO JOSE DOS PINHAIS";"Ingestão de álcool pelo condutor";"Saída de leito carroçável";"Sem Vítimas";"Plena Noite";"Crescente";"Nublado";"Múltipla";"Reta";"Sim";1;0;0;0;0;1;0;1;-25,695757;-49,144882;"SPRF-PR";"DEL01-PR";"UOP04-DEL01-PR"
565065;2023-12-02;"sábado";"22:00:00";"SP";116;175,3;"GUARAREMA";"Transitar na contramão";"Colisão frontal";"Com Vítimas Feridas";"Plena Noite";"Crescente";"Céu Claro";"Dupla";"Reta;Aclive";"Sim";5;0;1;0;4;0;1;2;-23,321668;-46,10409;"SPRF-SP";"DEL01-SP";"UOP01-DEL01-SP"
565067;2023-12-02;"sábado";"21:45:00";"BA";110;227;"NOVA SOURE";"Reação tardia ou ineficiente do condutor";"Colisão traseira";"Com Vítimas Fatais";"Plena Noite";"Crescente";"Céu Claro";"Simples";"Reta";"Não";3;1;0;1;0;1;1;2;-11,286522;-38,428432;"SPRF-BA";"DEL07-BA";"UOP02-DEL07-BA"
565068;2023-12-02;"sábado";"22:00:00";"BA";324;539;"AMELIA RODRIGUES";"Ingestão de álcool pelo condutor";"Tombamento";"Com Vítimas Feridas";"Plena Noite";"Decrescente";"Céu Claro";"Dupla";"Reta";"Não";1;0;1;0;0;0;1;1;-12,37995647;-38,79955259;"SPRF-BA";"DEL01-BA";"UOP03-DEL01-BA"
565069;2023-12-02;"sábado";"23:00:00";"SP";116;208;"GUARULHOS";"Ultrapassagem Indevida";"Colisão traseira";"Com Vítimas Feridas";"Plena Noite";"Decrescente";"Céu Claro";"Múltipla";"Reta";"Sim";4;0;1;1;2;0;2;3;-23,42222263;-46,3932771;"SPRF-SP";"DEL01-SP";"UOP01-DEL01-SP"
565070;2023-12-02;"sábado";"21:00:00";"PE";101;69,6;"RECIFE";"Ausência de reação do condutor";"Tombamento";"Com Vítimas Fatais";"Plena Noite";"Crescente";"Céu Claro";"Simples";"Reta";"Não";1;1;0;0;0;0;0;1;-8,05951606;-34,94581024;"SPRF-PE";"DEL01-PE";"UOP01-DEL01-PE"
565071;2023-12-02;"sábado";"20:10:00";"SC";282;409;"CATANDUVAS";"Desrespeitar a preferência no cruzamento";"Colisão transversal";"Com Vítimas Feridas";"Pleno dia";"Crescente";"Céu Claro";"Simples";"Rotatória";"Sim";4;0;3;0;0;1;3;2;-27,065756;-51,664165;"SPRF-SC";"DEL07-SC";"UOP05-DEL07-SC"
565072;2023-12-02;"sábado";"22:40:00";"SC";101;24,2;"JOINVILLE";"Ingestão de álcool pelo condutor";"Saída de leito carroçável";"Sem Vítimas";"Plena Noite";"Crescente";"Nublado";"Simples";"Interseção de Vias";"Sim";1;0;0;0;1;0;0;1;-26,17483309;-48,90767978;"SPRF-SC";"DEL03-SC";"UOP01-DEL03-SC"
565073;2023-12-02;"sábado";"22:50:00";"GO";153;700;"ITUMBIARA";"Velocidade Incompatível";"Saída de leito carroçável";"Sem Vítimas";"Plena Noite";"Crescente";"Nublado";"Simples";"Reta";"Sim";3;0;0;0;3;0;0;1;-18,3945;-49,2051;"SPRF-GO";"DEL03-GO";"UOP02-DEL03-GO"
565076;2023-12-02;"sábado";"23:00:00";"SP";116;282;"EMBU DAS ARTES";"Ausência de reação do condutor";"Colisão traseira";"Com Vítimas Feridas";"Plena Noite";"Decrescente";"Céu Claro";"Múltipla";"Reta";"Sim";2;0;0;1;1;0;1;2;-23,68570216;-46,85970975;"SPRF-SP";"DEL04-SP";"UOP01-DEL04-SP"
565077;2023-12-02;"sábado";"21:15:00";"MT";364;379;"SANTO ANTONIO DO LEVERGER";"Pedestre andava na pista";"Atropelamento de Pedestre";"Com Vítimas Feridas";"Plena Noite";"Decrescente";"Céu Claro";"Dupla";"Reta";"Não";2;0;1;0;1;0;1;2;-15,70357434;-55,755179;"SPRF-MT";"DEL01-MT";"UOP02-DEL01-MT"
565079;2023-12-02;"sábado";"22:00:00";"RJ";101;494;"ANGRA DOS REIS";"Transitar na contramão";"Colisão frontal";"Com Vítimas Fatais";"Plena Noite";"Crescente";"Nublado";"Simples";"Curva";"Não";2;1;0;0;1;0;0;2;-22,93752781;-44,3185162;"SPRF-RJ";"DEL03-RJ";"UOP03-DEL03-RJ"
565080;2023-12-02;"sábado";"23:00:00";"MG";50;30;"ARAGUARI";"Ausência de reação do condutor";"Colisão com objeto";"Sem Vítimas";"Plena Noite";"Crescente";"Garoa/Chuvisco";"Dupla";"Reta;Declive";"Não";1;0;0;0;1;0;0;1;-18,61550987;-48,11660731;"SPRF-MG";"DEL15-MG";"UOP02-DEL15-MG"
565081;2023-12-02;"sábado";"22:45:00";"PE";232;50;"VITORIA DE SANTO ANTAO";"Fumaça";"Incêndio";"Sem Vítimas";"Plena Noite";"Decrescente";"Nublado";"Dupla";"Reta;Declive";"Não";1;0;0;0;1;0;0;1;-8,14106223;-35,32322707;"SPRF-PE";"DEL01-PE";"UOP01-DEL01-PE"
565083;2023-12-02;"sábado";"19:35:00";"PA";10;77;"ULIANOPOLIS";"Conversão proibida";"Colisão lateral sentido oposto";"Com Vítimas Feridas";"Plena Noite";"Decrescente";"Céu Claro";"Simples";"Reta";"Sim";2;0;0;1;1;0;1;2;-3,77365309;-47,50279765;"SPRF-PA";"DEL02-PA";"UOP02-DEL02-PA"
565084;2023-12-02;"sábado";"23:30:00";"ES";101;166;"LINHARES";"Pedestre cruzava a pista fora da faixa";"Atropelamento de Pedestre";"Com Vítimas Feridas";"Plena Noite";"Decrescente";"Céu Claro";"Simples";"Reta";"Sim";3;0;0;1;2;0;1;2;-19,52077663;-40,14566638;"SPRF-ES";"DEL04-ES";"UOP01-DEL04-ES"
565085;2023-11-28;"terça-feira";"19:50:00";"PE";232;4,9;"RECIFE";"Ingestão de álcool pelo condutor";"Colisão frontal";"Com Vítimas Feridas";"Plena Noite";"Crescente";"Céu Claro";"Dupla";"Curva";"Sim";3;0;1;1;1;0;2;2;-8,065496;-34,944371;"SPRF-PE";"DEL01-PE";"UOP01-DEL01-PE"
565086;2023-12-02;"sábado";"23:10:00";"MS";376;10,9;"DOURADOS";"Ausência de reação do condutor";"Saída de leito carroçável";"Com Vítimas Feridas";"Plena Noite";"Crescente";"Nublado";"Simples";"Reta";"Não";2;0;1;0;1;0;1;1;-22,26310595;-54,63195095;"SPRF-MS";"DEL04-MS";"UOP01-DEL04-MS"
565087;2023-12-02;"sábado";"23:40:00";"MT";364;403;"CUIABA";"Reação tardia ou ineficiente do condutor";"Colisão com objeto";"Sem Vítimas";"Plena Noite";"Decrescente";"Céu Claro";"Dupla";"Rotatória";"Sim";1;0;0;0;0;1;0;1;-15,6457;-56,0099;"SPRF-MT";"DEL01-MT";"UOP02-DEL01-MT"
565090;2023-12-02;"sábado";"20:40:00";"MT";174;91;"CACERES";"Animais na Pista";"Atropelamento de Animal";"Com Vítimas Feridas";"Plena Noite";"Decrescente";"Céu Claro";"Simples";"Reta";"Não";1;0;1;0;0;0;1;1;-15,89916998;-57,81388698;"SPRF-MT";"DEL03-MT";"UOP01-DEL03-MT"
565091;2023-12-03;"domingo";"00:05:00";"SC";101;349;"JAGUARUNA";"Ingestão de álcool pelo condutor";"Saída de leito carroçável";"Sem Vítimas";"Plena Noite";"Decrescente";"Ignorado";"Dupla";"Reta;Aclive";"Não";3;0;0;0;3;0;0;1;-28,596695;-49,048391;"SPRF-SC";"DEL02-SC";"UOP01-DEL02-SC"
565092;2023-12-02;"sábado";"23:40:00";"PR";277;112;"CAMPO LARGO";"Reação tardia ou ineficiente do condutor";"Saída de leito carroçável";"Com Vítimas Feridas";"Plena Noite";"Crescente";"Céu Claro";"Dupla";"Curva";"Não";1;0;1;0;0;0;1;1;-25,447;-49,472;"SPRF-PR";"DEL03-PR";"UOP03-DEL03-PR"
565093;2023-12-03;"domingo";"00:20:00";"SP";116;273,8;"TABOAO DA SERRA";"Ausência de reação do condutor";"Tombamento";"Com Vítimas Feridas";"Plena Noite";"Decrescente";"Nublado";"Dupla";"Reta";"Sim";1;0;1;0;0;0;1;1;-23,62809795;-46,81870306;"SPRF-SP";"DEL04-SP";"UOP01-DEL04-SP"
565094;2023-12-02;"sábado";"23:50:00";"SC";282;364,8;"ERVAL VELHO";"Reação tardia ou ineficiente do condutor";"Colisão com objeto";"Sem Vítimas";"Plena Noite";"Decrescente";"Céu Claro";"Simples";"Reta";"Não";1;0;0;0;0;1;0;1;-27,297649;-51,398533;"SPRF-SC";"DEL07-SC";"UOP05-DEL07-SC"
565095;2023-12-02;"sábado";"18:40:00";"PR";369;189,4;"ARAPONGAS";"Ausência de reação do condutor";"Saída de leito carroçável";"Sem Vítimas";"Plena Noite";"Crescente";"Céu Claro";"Dupla";"Reta";"Não";1;0;0;0;1;0;0;1;-23,4471;-51,4232;"SPRF-PR";"DEL07-PR";"UOP03-DEL07-PR"
565096;2023-12-03;"domingo";"01:30:00";"PE";101;67;"RECIFE";"Manobra de mudança de faixa";"Queda de ocupante de veículo";"Com Vítimas Feridas";"Plena Noite";"Decrescente";"Céu Claro";"Múltipla";"Reta";"Sim";2;0;2;0;0;0;2;1;-8,044705;-34,944094;"SPRF-PE";"DEL01-PE";"UOP01-DEL01-PE"
565097;2023-12-02;"sábado";"23:30:00";"RS";287;403;"SANTIAGO";"Animais na Pista";"Atropelamento de Animal";"Com Vítimas Feridas";"Plena Noite";"Crescente";"Céu Claro";"Simples";"Reta";"Não";5;0;2;0;2;1;2;2;-29,1405531;-54,89037922;"SPRF-RS";"DEL12-RS";"UOP02-DEL12-RS"
565098;2023-12-03;"domingo";"02:00:00";"SC";101;22,4;"JOINVILLE";"Velocidade Incompatível";"Saída de leito carroçável";"Com Vítimas Feridas";"Plena Noite";"Decrescente";"Nublado";"Dupla";"Reta";"Não";2;0;1;1;0;0;2;1;-26,15679993;-48,90786269;"SPRF-SC";"DEL03-SC";"UOP01-DEL03-SC"
565099;2023-12-03;"domingo";"01:30:00";"PR";376;3,8;"APUCARANA";"Ausência de reação do condutor";"Colisão transversal";"Com Vítimas Feridas";"Plena Noite";"Decrescente";"Céu Claro";"Simples";"Interseção de Vias";"Sim";7;0;4;2;1;0;6;2;-23,5513;-51,461266;"SPRF-PR";"DEL07-PR";"UOP03-DEL07-PR"
565100;2023-12-03;"domingo";"02:00:00";"CE";116;7;"FORTALEZA";"Ausência de reação do condutor";"Colisão lateral mesmo sentido";"Sem Vítimas";"Plena Noite";"Decrescente";"Céu Claro";"Múltipla";"Reta";"Sim";2;0;0;0;2;0;0;2;-3,81073099;-38,50074867;"SPRF-CE";"DEL01-CE";"UOP02-DEL01-CE"
565101;2023-12-03;"domingo";"02:30:00";"GO";414;421;"ABADIANIA";"Ingestão de álcool pelo condutor";"Colisão lateral mesmo sentido";"Com Vítimas Feridas";"Plena Noite";"Crescente";"Céu Claro";"Simples";"Reta";"Não";5;0;3;1;1;0;4;2;-16,13214805;-48,89319713;"SPRF-GO";"DEL02-GO";"UOP01-DEL02-GO"
565102;2023-12-03;"domingo";"01:50:00";"SP";116;276,2;"EMBU DAS ARTES";"Reação tardia ou ineficiente do condutor";"Colisão traseira";"Com Vítimas Feridas";"Plena Noite";"Decrescente";"Céu Claro";"Dupla";"Reta";"Sim";3;0;2;0;1;0;2;2;-23,64262417;-46,83811382;"SPRF-SP";"DEL04-SP";"UOP01-DEL04-SP"
565103;2023-12-03;"domingo";"01:30:00";"MT";364;355;"SANTO ANTONIO DO LEVERGER";"Reação tardia ou ineficiente do condutor";"Saída de leito carroçável";"Com Vítimas Fatais";"Plena Noite";"Crescente";"Céu Claro";"Dupla";"Curva";"Não";1;1;0;0;0;0;0;1;-15,79702449;-55,60063602;"SPRF-MT";"DEL05-MT";"UOP02-DEL05-MT"
565104;2023-12-03;"domingo";"03:40:00";"RS";386;341;"LAJEADO";"Ingestão de álcool pelo condutor";"Saída de leito carroçável";"Com Vítimas Feridas";"Plena Noite";"Crescente";"Nublado";"Simples";"Reta";"Sim";1;0;1;0;0;0;1;1;-29,425882;-52,019684;"SPRF-RS";"DEL04-RS";"UOP01-DEL04-RS"
565105;2023-12-03;"domingo";"04:20:00";"PB";101;106;"ALHANDRA";"Ingestão de álcool pelo condutor";"Saída de leito carroçável";"Com Vítimas Feridas";"Amanhecer";"Crescente";"Céu Claro";"Dupla";"Reta";"Não";1;0;1;0;0;0;1;1;-7,31642501;-34,94666379;"SPRF-PB";"DEL01-PB";"UOP02-DEL01-PB"
565106;2023-11-12;"domingo";"18:25:00";"SP";381;40;"ATIBAIA";"Reação tardia ou ineficiente do condutor";"Colisão traseira";"Com Vítimas Feridas";"Anoitecer";"Crescente";"Céu Claro";"Dupla";"Reta";"Não";3;0;1;0;2;0;1;2;-23,12997498;-46,5767598;"SPRF-SP";"DEL03-SP";"UOP01-DEL03-SP"
565108;2023-12-03;"domingo";"03:56:00";"ES";262;152;"IBATIBA";"Velocidade Incompatível";"Colisão lateral sentido oposto";"Com Vítimas Feridas";"Plena Noite";"Crescente";"Céu Claro";"Simples";"Aclive;Reta";"Não";3;0;1;0;2;0;1;2;-20,21979331;-41,45006235;"SPRF-ES";"DEL01-ES";"UOP02-DEL01-ES"
565110;2023-12-03;"domingo";"04:30:00";"SC";101;217;"PALHOCA";"Demais falhas mecânicas ou elétricas";"Saída de leito carroçável";"Sem Vítimas";"Plena Noite";"Crescente";"Céu Claro";"Dupla";"Reta";"Sim";1;0;0;0;1;0;0;1;-27,65981409;-48,67747798;"SPRF-SC";"DEL01-SC";"UOP02-DEL01-SC"
565113;2023-12-03;"domingo";"05:30:00";"RJ";393;279;"BARRA DO PIRAI";"Ingestão de álcool pelo condutor";"Colisão frontal";"Com Vítimas Feridas";"Pleno dia";"Crescente";"Nevoeiro/Neblina";"Simples";"Reta";"Sim";2;0;0;1;1;0;1;2;-22,47615736;-44,00889998;"SPRF-RJ";"DEL05-RJ";"UOP04-DEL05-RJ"
565114;2023-12-03;"domingo";"04:45:00";"PR";277;566,1;"CASCAVEL";"Ultrapassagem Indevida";"Colisão frontal";"Com Vítimas Fatais";"Plena Noite";"Crescente";"Céu Claro";"Simples";"Aclive;Reta";"Não";11;1;3;0;6;1;3;3;-25,02047875;-53,27935696;"SPRF-PR";"DEL04-PR";"UOP04-DEL04-PR"
565117;2023-12-03;"domingo";"06:05:00";"DF";20;8;"BRASILIA";"Condutor Dormindo";"Capotamento";"Com Vítimas Feridas";"Pleno dia";"Crescente";"Céu Claro";"Dupla";"Viaduto";"Sim";1;0;1;0;0;0;1;1;-15,658386;-47,791534;"SPRF-DF";"DEL02-DF";"UOP01-DEL02-DF"
565118;2023-12-02;"sábado";"18:42:00";"PA";230;99,7;"SAO JOAO DO ARAGUAIA";"Ausência de reação do condutor";"Colisão lateral mesmo sentido";"Com Vítimas Feridas";"Plena Noite";"Crescente";"Céu Claro";"Simples";"Reta";"Não";2;0;1;0;0;1;1;2;-5,41297822;-48,9430982;"SPRF-PA";"DEL03-PA";"UOP01-DEL03-PA"
565119;2023-12-03;"domingo";"06:00:00";"RS";392;265;"CACAPAVA DO SUL";"Ausência de reação do condutor";"Saída de leito carroçável";"Sem Vítimas";"Amanhecer";"Crescente";"Céu Claro";"Múltipla";"Declive;Curva";"Não";1;0;0;0;0;1;0;1;-30,434884;-53,50004801;"SPRF-RS";"DEL09-RS";"UOP02-DEL09-RS"
565121;2023-12-03;"domingo";"00:30:00";"RJ";40;109;"DUQUE DE CAXIAS";"Reação tardia ou ineficiente do condutor";"Queda de ocupante de veículo";"Com Vítimas Feridas";"Plena Noite";"Decrescente";"Céu Claro";"Múltipla";"Reta";"Sim";2;0;0;1;1;0;1;1;-22,67374628;-43,28638368;"SPRF-RJ";"DEL01-RJ";"UOP02-DEL01-RJ"
565122;2023-12-03;"domingo";"04:35:00";"RS";285;518,5;"VITORIA DAS MISSOES";"Ingestão de álcool pelo condutor";"Colisão lateral sentido oposto";"Com Vítimas Feridas";"Amanhecer";"Crescente";"Céu Claro";"Simples";"Reta";"Não";3;0;0;1;2;0;1;2;-28,399614;-54,473412;"SPRF-RS";"DEL10-RS";"UOP01-DEL10-RS"
565123;2023-12-03;"domingo";"02:43:00";"RJ";101;49;"CAMPOS DOS GOYTACAZES";"Ultrapassagem Indevida";"Colisão frontal";"Com Vítimas Fatais";"Plena Noite";"Crescente";"Nublado";"Simples";"Reta";"Não";4;1;0;2;0;1;2;3;-21,62508006;-41,31411242;"SPRF-RJ";"DEL08-RJ";"UOP01-DEL08-RJ"
565124;2023-12-02;"sábado";"22:00:00";"RS";468;124,1;"TIRADENTES DO SUL";"Ausência de reação do condutor";"Saída de leito carroçável";"Com Vítimas Feridas";"Plena Noite";"Decrescente";"Nublado";"Simples";"Reta";"Sim";1;0;1;0;0;0;1;1;-27,39431697;-54,08905149;"SPRF-RS";"DEL08-RS";"UOP02-DEL08-RS"
565125;2023-12-03;"domingo";"06:20:00";"MG";40;509,6;"RIBEIRAO DAS NEVES";"Acesso irregular";"Atropelamento de Pedestre";"Com Vítimas Feridas";"Amanhecer";"Crescente";"Nublado";"Dupla";"Reta;Declive";"Sim";2;0;1;0;1;0;1;2;-19,76728744;-44,12855905;"SPRF-MG";"DEL01-MG";"UOP02-DEL01-MG"
565126;2023-12-03;"domingo";"06:00:00";"RJ";40;121;"DUQUE DE CAXIAS";"Condutor deixou de manter distância do veículo da frente";"Colisão lateral mesmo sentido";"Com Vítimas Feridas";"Amanhecer";"Decrescente";"Céu Claro";"Múltipla";"Reta";"Sim";2;0;1;0;1;0;1;2;-22,78185499;-43,28571273;"SPRF-RJ";"DEL01-RJ";"UOP02-DEL01-RJ"
565127;2023-12-03;"domingo";"06:50:00";"ES";101;287,5;"CARIACICA";"Reação tardia ou ineficiente do condutor";"Capotamento";"Com Vítimas Feridas";"Pleno dia";"Crescente";"Céu Claro";"Dupla";"Reta;Declive";"Sim";1;0;1;0;0;0;1;1;-20,26493528;-40,38471702;"SPRF-ES";"DEL01-ES";"UOP01-DEL01-ES"
565130;2023-12-03;"domingo";"05:45:00";"GO";153;579;"PIRACANJUBA";"Condutor Dormindo";"Saída de leito carroçável";"Com Vítimas Feridas";"Pleno dia";"Crescente";"Céu Claro";"Dupla";"Curva";"Não";1;0;1;0;0;0;1;1;-17,3767;-49,2382;"SPRF-GO";"DEL03-GO";"UOP01-DEL03-GO"
565131;2023-12-03;"domingo";"04:00:00";"RN";304;30;"MOSSORO";"Ingestão de álcool e/ou substâncias psicoativas pelo pedestre";"Colisão com objeto";"Sem Vítimas";"Amanhecer";"Decrescente";"Céu Claro";"Simples";"Reta";"Não";2;0;0;0;2;0;0;1;-5,11703801;-37,34100094;"SPRF-RN";"DEL04-RN";"UOP02-DEL04-RN"
565138;2023-12-03;"domingo";"06:20:00";"PR";153;8;"JACAREZINHO";"Velocidade Incompatível";"Saída de leito carroçável";"Com Vítimas Feridas";"Pleno dia";"Crescente";"Céu Claro";"Simples";"Reta";"Não";2;0;2;0;0;0;2;1;-23,05854894;-49,93062828;"SPRF-PR";"DEL07-PR";"UOP04-DEL07-PR"
565139;2023-12-03;"domingo";"07:28:00";"DF";20;6;"BRASILIA";"Manobra de mudança de faixa";"Colisão lateral mesmo sentido";"Com Vítimas Feridas";"Pleno dia";"Crescente";"Céu Claro";"Múltipla";"Reta;Aclive";"Sim";3;0;0;1;2;0;1;2;-15,665888;-47,808308;"SPRF-DF";"DEL02-DF";"UOP01-DEL02-DF"
565140;2023-11-25;"sábado";"22:00:00";"PA";230;1;"ALTAMIRA";"Ausência de reação do condutor";"Queda de ocupante de veículo";"Com Vítimas Feridas";"Plena Noite";"Decrescente";"Céu Claro";"Dupla";"Declive";"Não";1;0;1;0;0;0;1;1;-3,203721;-52,206787;"SPRF-PA";"DEL04-PA";"UOP01-DEL04-PA"
565141;2023-12-03;"domingo";"03:15:00";"PR";277;684;"SAO MIGUEL DO IGUACU";"Transitar na contramão";"Colisão frontal";"Com Vítimas Fatais";"Plena Noite";"Decrescente";"Céu Claro";"Dupla";"Curva;Aclive";"Não";5;2;1;0;0;2;1;3;-25,33927;-54,200909;"SPRF-PR";"DEL05-PR";"UOP01-DEL05-PR"
565142;2023-12-03;"domingo";"07:40:00";"PR";376;4;"APUCARANA";"Acessar a via sem observar a presença dos outros veículos";"Colisão transversal";"Com Vítimas Feridas";"Pleno dia";"Decrescente";"Céu Claro";"Simples";"Reta";"Sim";2;0;0;1;1;0;1;2;-23,5513;-51,461266;"SPRF-PR";"DEL07-PR";"UOP03-DEL07-PR"
565144;2023-12-03;"domingo";"06:25:00";"PR";369;161,3;"CAMBE";"Ausência de reação do condutor";"Colisão traseira";"Com Vítimas Feridas";"Amanhecer";"Decrescente";"Vento";"Dupla";"Reta;Aclive";"Não";3;0;1;0;2;0;1;2;-23,28886401;-51,26199245;"SPRF-PR";"DEL07-PR";"UOP01-DEL07-PR"
565147;2023-11-15;"quarta-feira";"04:45:00";"SC";101;277,5;"IMBITUBA";"Ingestão de álcool pelo condutor";"Capotamento";"Com Vítimas Feridas";"Amanhecer";"Decrescente";"Nublado";"Múltipla";"Reta";"Não";2;0;2;0;0;0;2;1;-28,15478103;-48,69265474;"SPRF-SC";"DEL02-SC";"UOP03-DEL02-SC"
565148;2023-12-03;"domingo";"09:15:00";"SP";116;215;"GUARULHOS";"Reação tardia ou ineficiente do condutor";"Colisão traseira";"Com Vítimas Feridas";"Pleno dia";"Decrescente";"Céu Claro";"Múltipla";"Reta";"Sim";2;0;1;0;1;0;1;2;-23,44695693;-46,45394103;"SPRF-SP";"DEL01-SP";"UOP01-DEL01-SP"
565149;2023-12-03;"domingo";"05:43:00";"RJ";101;295;"ITABORAI";"Reação tardia ou ineficiente do condutor";"Colisão frontal";"Com Vítimas Feridas";"Pleno dia";"Decrescente";"Céu Claro";"Simples";"Reta";"Não";2;0;1;0;1;0;1;1;-22,76365068;-42,90223623;"SPRF-RJ";"DEL02-RJ";"UOP02-DEL02-RJ"
565150;2023-12-03;"domingo";"09:00:00";"RJ";40;66;"PETROPOLIS";"Velocidade Incompatível";"Colisão traseira";"Com Vítimas Feridas";"Pleno dia";"Crescente";"Céu Claro";"Dupla";"Curva";"Não";2;0;0;1;1;0;1;2;-22,43038811;-43,16805124;"SPRF-RJ";"DEL05-RJ";"UOP02-DEL05-RJ"
565151;2023-12-03;"domingo";"04:00:00";"PB";361;111;"ITAPORANGA";"Pedestre cruzava a pista fora da faixa";"Atropelamento de Pedestre";"Com Vítimas Fatais";"Pleno dia";"Crescente";"Céu Claro";"Simples";"Reta";"Sim";2;1;0;0;0;1;0;2;-7,30036449;-38,13712122;"SPRF-PB";"DEL03-PB";"UOP01-DEL03-PB"
565152;2023-12-03;"domingo";"07:05:00";"RR";432;199;"CANTA";"Manobra de mudança de faixa";"Saída de leito carroçável";"Com Vítimas Feridas";"Pleno dia";"Crescente";"Céu Claro";"Simples";"Reta";"Não";5;0;2;0;2;1;2;1;2,67803291;-60,59554924;"SPRF-RR";"DEL01-RR";"UOP01-DEL01-RR"
565153;2023-12-03;"domingo";"09:20:00";"PR";116;22;"CAMPINA GRANDE DO SUL";"Ausência de reação do condutor";"Saída de leito carroçável";"Com Vítimas Feridas";"Pleno dia";"Crescente";"Céu Claro";"Dupla";"Curva";"Não";2;0;1;0;0;1;1;2;-25,10922624;-48,74659689;"SPRF-PR";"DEL01-PR";"UOP02-DEL01-PR"
565154;2023-12-03;"domingo";"10:10:00";"ES";101;287;"CARIACICA";"Manobra de mudança de faixa";"Colisão lateral mesmo sentido";"Com Vítimas Feridas";"Pleno dia";"Decrescente";"Sol";"Dupla";"Reta";"Sim";2;0;1;0;1;0;1;2;-20,26493528;-40,38471702;"SPRF-ES";"DEL01-ES";"UOP01-DEL01-ES"
565155;2023-12-03;"domingo";"09:55:00";"SC";101;132,2;"BALNEARIO CAMBORIU";"Conversão proibida";"Colisão transversal";"Com Vítimas Feridas";"Pleno dia";"Crescente";"Nublado";"Múltipla";"Interseção de Vias";"Não";2;0;1;0;1;0;1;2;-26,99862994;-48,64932775;"SPRF-SC";"DEL04-SC";"UOP03-DEL04-SC"
565156;2023-12-03;"domingo";"10:05:00";"ES";262;46,4;"MARECHAL FLORIANO";"Transitar na contramão";"Colisão frontal";"Com Vítimas Feridas";"Pleno dia";"Crescente";"Sol";"Múltipla";"Reta";"Sim";2;0;0;1;1;0;1;2;-20,40565705;-40,67280081;"SPRF-ES";"DEL01-ES";"UOP01-DEL01-ES"
565158;2023-12-03;"domingo";"10:00:00";"MG";40;553;"NOVA LIMA";"Acessar a via sem observar a presença dos outros veículos";"Colisão traseira";"Com Vítimas Feridas";"Pleno dia";"Crescente";"Céu Claro";"Dupla";"Curva";"Sim";2;0;1;0;1;0;1;2;-20,06863326;-43,98194759;"SPRF-MG";"DEL01-MG";"UOP02-DEL01-MG"
565162;2023-11-26;"domingo";"15:30:00";"MS";163;283;"DOURADOS";"Ausência de reação do condutor";"Colisão traseira";"Sem Vítimas";"Pleno dia";"Decrescente";"Nublado";"Simples";"Reta";"Não";3;0;0;0;3;0;0;2;-22,12044992;-54,59725206;"SPRF-MS";"DEL04-MS";"UOP01-DEL04-MS"
565163;2023-12-03;"domingo";"10:15:00";"RS";116;37,8;"VACARIA";"Acessar a via sem observar a presença dos outros veículos";"Colisão transversal";"Com Vítimas Feridas";"Pleno dia";"Crescente";"Céu Claro";"Simples";"Rotatória";"Sim";3;0;2;0;1;0;2;2;-28,49871957;-50,9176864;"SPRF-RS";"DEL05-RS";"UOP03-DEL05-RS"
565164;2023-12-03;"domingo";"10:40:00";"MG";40;486;"SETE LAGOAS";"Animais na Pista";"Tombamento";"Com Vítimas Feridas";"Pleno dia";"Decrescente";"Céu Claro";"Dupla";"Reta";"Não";1;0;1;0;0;0;1;1;-19,59064511;-44,22670625;"SPRF-MG";"DEL02-MG";"UOP01-DEL02-MG"
565166;2023-12-03;"domingo";"11:00:00";"ES";262;41,6;"DOMINGOS MARTINS";"Reação tardia ou ineficiente do condutor";"Queda de ocupante de veículo";"Com Vítimas Feridas";"Pleno dia";"Decrescente";"Céu Claro";"Simples";"Curva;Declive";"Não";1;0;1;0;0;0;1;1;-20,38521335;-40,64485887;"SPRF-ES";"DEL01-ES";"UOP01-DEL01-ES"