"id";"data_inversa";"dia_semana";"horario";"uf";"br";"km";"municipio";"causa_acidente";"tipo_acidente";"classificacao_acidente";"fase_dia";"sentido_via";"condicao_metereologica";"tipo_pista";"tracado_via";"uso_solo";"pessoas";"mortos";"feridos_leves";"feridos_graves";"ilesos";"ignorados";"feridos";"veiculos";"latitude";"longitude";"regional";"delegacia";"uop"
565167;2023-12-03;"domingo";"10:55:00";"SP";116;72,4;"APARECIDA";"Manobra de mudança de faixa";"Colisão lateral mesmo sentido";"Com Vítimas Feridas";"Pleno dia";"Decrescente";"Céu Claro";"Dupla";"Aclive;Curva";"Não";5;0;4;0;1;0;4;3;-22,86354218;-45,23746093;"SPRF-SP";"DEL08-SP";"UOP01-DEL08-SP"
565168;2023-12-03;"domingo";"11:10:00";"SC";101;327,1;"CAPIVARI DE BAIXO";"Desrespeitar a preferência no cruzamento";"Colisão transversal";"Com Vítimas Feridas";"Pleno dia";"Decrescente";"Céu Claro";"Simples";"Interseção de Vias";"Não";3;0;1;0;2;0;1;2;-28,43023306;-48,95205197;"SPRF-SC";"DEL02-SC";"UOP01-DEL02-SC"
565169;2023-12-03;"domingo";"10:40:00";"GO";40;61,3;"CRISTALINA";"Condutor deixou de manter distância do veículo da frente";"Colisão traseira";"Com Vítimas Feridas";"Pleno dia";"Crescente";"Nublado";"Simples";"Reta;Declive";"Não";9;0;4;0;5;0;4;2;-16,56874489;-47,79155731;"SPRF-DF";"DEL01-DF";"UOP02-DEL01-DF"
565170;2023-12-03;"domingo";"11:20:00";"RS";290;688,5;"URUGUAIANA";"Velocidade Incompatível";"Saída de leito carroçável";"Com Vítimas Feridas";"Pleno dia";"Crescente";"Chuva";"Simples";"Reta";"Não";4;0;2;0;2;0;2;1;-29,879225;-56,771877;"SPRF-RS";"DEL13-RS";"UOP01-DEL13-RS"
565171;2023-12-03;"domingo";"11:40:00";"SC";470;173;"POUSO REDONDO";"Conversão proibida";"Colisão transversal";"Com Vítimas Feridas";"Pleno dia";"Decrescente";"Céu Claro";"Dupla";"Reta";"Sim";2;0;1;0;1;0;1;2;-27,25984;-49,919285;"SPRF-SC";"DEL04-SC";"UOP02-DEL04-SC"
565174;2023-12-03;"domingo";"11:40:00";"PR";376;101;"PARANAVAI";"Acessar a via sem observar a presença dos outros veículos";"Colisão transversal";"Sem Vítimas";"Pleno dia";"Decrescente";"Céu Claro";"Simples";"Reta";"Não";3;0;0;0;3;0;0;2;-23,04143749;-52,47358046;"SPRF-PR";"DEL09-PR";"UOP02-DEL09-PR"
565175;2023-12-03;"domingo";"12:10:00";"PR";277;10;"PARANAGUA";"Reação tardia ou ineficiente do condutor";"Tombamento";"Com Vítimas Feridas";"Pleno dia";"Crescente";"Nublado";"Dupla";"Viaduto";"Não";2;0;2;0;0;0;2;1;-25,568198;-48,615292;"SPRF-PR";"DEL01-PR";"UOP05-DEL01-PR"
565176;2023-12-03;"domingo";"10:30:00";"MG";116;805,3;"ALEM PARAIBA";"Reação tardia ou ineficiente do condutor";"Tombamento";"Com Vítimas Feridas";"Pleno dia";"Decrescente";"Nublado";"Simples";"Reta";"Não";2;0;2;0;0;0;2;1;-21,79939622;-42,70870435;"SPRF-MG";"DEL07-MG";"UOP01-DEL07-MG"
565178;2023-12-03;"domingo";"11:50:00";"MG";381;634,2;"OLIVEIRA";"Condutor Dormindo";"Saída de leito carroçável";"Com Vítimas Feridas";"Pleno dia";"Decrescente";"Sol";"Dupla";"Reta";"Não";3;0;1;0;2;0;1;1;-20,87602422;-44,84695195;"SPRF-MG";"DEL04-MG";"UOP01-DEL04-MG"
565180;2023-12-03;"domingo";"10:47:00";"GO";153;200;"URUACU";"Acessar a via sem observar a presença dos outros veículos";"Colisão traseira";"Sem Vítimas";"Pleno dia";"Crescente";"Nublado";"Simples";"Rotatória;Interseção de Vias";"Sim";3;0;0;0;3;0;0;2;-14,513057;-49,149277;"SPRF-GO";"DEL07-GO";"UOP02-DEL07-GO"
565181;2023-12-03;"domingo";"11:30:00";"RS";290;475,4;"ROSARIO DO SUL";"Acessar a via sem observar a presença dos outros veículos";"Colisão transversal";"Com Vítimas Feridas";"Pleno dia";"Crescente";"Nublado";"Dupla";"Reta;Interseção de Vias";"Não";4;0;0;1;2;1;1;3;-30,239809;-54,86842;"SPRF-RS";"DEL11-RS";"UOP02-DEL11-RS"
565182;2023-12-03;"domingo";"09:35:00";"PR";277;145;"PORTO AMAZONAS";"Acessar a via sem observar a presença dos outros veículos";"Colisão frontal";"Com Vítimas Feridas";"Pleno dia";"Crescente";"Sol";"Simples";"Curva";"Não";4;0;1;1;1;1;2;3;-25,469798;-49,777049;"SPRF-PR";"DEL03-PR";"UOP03-DEL03-PR"
565184;2023-12-03;"domingo";"12:00:00";"BA";116;652;"JEQUIE";"Acessar a via sem observar a presença dos outros veículos";"Colisão transversal";"Com Vítimas Feridas";"Pleno dia";"Crescente";"Céu Claro";"Simples";"Interseção de Vias";"Não";2;0;1;0;1;0;1;2;-13,62855903;-40,09262869;"SPRF-BA";"DEL03-BA";"UOP01-DEL03-BA"
565185;2023-12-03;"domingo";"12:00:00";"ES";262;27;"VIANA";"Mal súbito do condutor";"Tombamento";"Com Vítimas Feridas";"Pleno dia";"Decrescente";"Céu Claro";"Simples";"Curva";"Não";1;0;1;0;0;0;1;1;-20,38398959;-40,55226465;"SPRF-ES";"DEL01-ES";"UOP01-DEL01-ES"
565186;2023-12-03;"domingo";"12:20:00";"ES";259;47,1;"COLATINA";"Condutor deixou de manter distância do veículo da frente";"Colisão traseira";"Com Vítimas Feridas";"Pleno dia";"Crescente";"Sol";"Simples";"Curva";"Não";2;0;1;0;1;0;1;2;-19,52869806;-40,58823006;"SPRF-ES";"DEL02-ES";"UOP01-DEL02-ES"
565187;2023-12-03;"domingo";"12:50:00";"PE";408;85;"PAUDALHO";"Condutor Dormindo";"Capotamento";"Com Vítimas Feridas";"Pleno dia";"Decrescente";"Céu Claro";"Múltipla";"Reta";"Não";3;0;1;0;2;0;1;1;-7,95430093;-35,10252793;"SPRF-PE";"DEL01-PE";"UOP01-DEL01-PE"
565188;2023-12-03;"domingo";"10:30:00";"MG";40;559;"NOVA LIMA";"Condutor deixou de manter distância do veículo da frente";"Engavetamento";"Com Vítimas Feridas";"Pleno dia";"Crescente";"Nublado";"Dupla";"Reta;Declive";"Sim";5;0;2;0;3;0;2;3;-20,11861708;-43,96783926;"SPRF-MG";"DEL01-MG";"UOP02-DEL01-MG"
565189;2023-12-03;"domingo";"05:00:00";"PI";135;511;"GILBUES";"Ausência de reação do condutor";"Saída de leito carroçável";"Com Vítimas Fatais";"Pleno dia";"Crescente";"Céu Claro";"Simples";"Curva;Declive";"Não";1;1;0;0;0;0;0;1;-9,80068508;-45,32791265;"SPRF-PI";"DEL03-PI";"UOP02-DEL03-PI"
565192;2023-12-03;"domingo";"10:00:00";"PR";373;271;"PRUDENTOPOLIS";"Ingestão de álcool pelo condutor";"Saída de leito carroçável";"Sem Vítimas";"Pleno dia";"Decrescente";"Céu Claro";"Simples";"Reta";"Não";1;0;0;0;0;1;0;1;-25,22218018;-51,02471352;"SPRF-PR";"DEL08-PR";"UOP01-DEL08-PR"
565193;2023-12-03;"domingo";"11:30:00";"BA";135;165;"BARREIRAS";"Acostamento em desnível";"Saída de leito carroçável";"Com Vítimas Feridas";"Pleno dia";"Crescente";"Céu Claro";"Simples";"Reta";"Não";1;0;1;0;0;0;1;1;-12,04796112;-44,9630617;"SPRF-BA";"DEL08-BA";"UOP04-DEL08-BA"
565194;2023-12-03;"domingo";"07:00:00";"PI";135;557;"SAO GONCALO DO GURGUEIA";"Reação tardia ou ineficiente do condutor";"Capotamento";"Com Vítimas Feridas";"Pleno dia";"Crescente";"Céu Claro";"Simples";"Curva;Declive";"Sim";2;0;1;1;0;0;2;1;-10,14559434;-45,19422894;"SPRF-PI";"DEL03-PI";"UOP02-DEL03-PI"
565195;2023-12-03;"domingo";"13:30:00";"RJ";393;236;"VASSOURAS";"Ultrapassagem Indevida";"Colisão lateral mesmo sentido";"Com Vítimas Feridas";"Pleno dia";"Crescente";"Sol";"Simples";"Reta";"Não";2;0;2;0;0;0;2;1;-22,414053;-43,676039;"SPRF-RJ";"DEL05-RJ";"UOP03-DEL05-RJ"
565196;2023-12-03;"domingo";"13:00:00";"PR";376;266,1;"MARILANDIA DO SUL";"Velocidade Incompatível";"Colisão com objeto";"Com Vítimas Feridas";"Pleno dia";"Decrescente";"Nublado";"Dupla";"Declive;Viaduto";"Não";2;0;2;0;0;0;2;1;-23,73390825;-51,28327917;"SPRF-PR";"DEL07-PR";"UOP03-DEL07-PR"
565199;2023-12-03;"domingo";"13:50:00";"GO";153;522;"HIDROLANDIA";"Demais falhas mecânicas ou elétricas";"Saída de leito carroçável";"Com Vítimas Feridas";"Pleno dia";"Crescente";"Céu Claro";"Dupla";"Reta";"Não";2;0;2;0;0;0;2;1;-16,9027;-49,2546;"SPRF-GO";"DEL01-GO";"UOP03-DEL01-GO"
565200;2023-12-03;"domingo";"13:00:00";"PE";232;43,4;"VITORIA DE SANTO ANTAO";"Velocidade Incompatível";"Colisão traseira";"Com Vítimas Feridas";"Pleno dia";"Decrescente";"Céu Claro";"Dupla";"Reta;Viaduto";"Não";4;0;2;0;2;0;2;3;-8,12026;-35,265373;"SPRF-PE";"DEL01-PE";"UOP01-DEL01-PE"
565201;2023-12-03;"domingo";"12:15:00";"RJ";116;309,9;"RESENDE";"Demais falhas mecânicas ou elétricas";"Queda de ocupante de veículo";"Com Vítimas Feridas";"Pleno dia";"Crescente";"Céu Claro";"Dupla";"Reta";"Sim";2;0;2;0;0;0;2;1;-22,45852838;-44,42672997;"SPRF-RJ";"DEL07-RJ";"UOP02-DEL07-RJ"
565202;2023-12-03;"domingo";"12:30:00";"GO";153;626;"MORRINHOS";"Reação tardia ou ineficiente do condutor";"Saída de leito carroçável";"Com Vítimas Feridas";"Pleno dia";"Crescente";"Céu Claro";"Dupla";"Reta;Declive";"Não";2;0;2;0;0;0;2;1;-17,7719;-49,1732;"SPRF-GO";"DEL03-GO";"UOP01-DEL03-GO"
565203;2023-11-01;"quarta-feira";"15:00:00";"BA";324;519;"FEIRA DE SANTANA";"Reação tardia ou ineficiente do condutor";"Colisão lateral mesmo sentido";"Com Vítimas Feridas";"Pleno dia";"Decrescente";"Céu Claro";"Simples";"Reta";"Sim";2;0;0;1;1;0;1;2;-12,26687642;-38,93349875;"SPRF-BA";"DEL02-BA";"UOP01-DEL02-BA"
565204;2023-12-03;"domingo";"10:00:00";"MG";381;523,2;"BRUMADINHO";"Condutor deixou de manter distância do veículo da frente";"Colisão traseira";"Com Vítimas Fatais";"Pleno dia";"Crescente";"Sol";"Dupla";"Reta;Declive";"Não";3;1;0;0;1;1;0;3;-20,1530682;-44,32617552;"SPRF-MG";"DEL04-MG";"UOP03-DEL04-MG"
565205;2023-12-03;"domingo";"13:00:00";"ES";259;49,9;"COLATINA";"Conversão proibida";"Colisão lateral mesmo sentido";"Com Vítimas Feridas";"Pleno dia";"Crescente";"Céu Claro";"Simples";"Curva";"Sim";2;0;0;1;1;0;1;2;-19,51873313;-40,60040662;"SPRF-ES";"DEL02-ES";"UOP01-DEL02-ES"
565206;2023-12-03;"domingo";"14:00:00";"RN";406;168,9;"SAO GONCALO DO AMARANTE";"Demais falhas mecânicas ou elétricas";"Incêndio";"Sem Vítimas";"Pleno dia";"Crescente";"Sol";"Dupla";"Reta";"Sim";1;0;0;0;1;0;0;1;-5,75269453;-35,31535484;"SPRF-RN";"DEL02-RN";"UOP01-DEL02-RN"
565207;2023-12-03;"domingo";"13:00:00";"RJ";101;477;"ANGRA DOS REIS";"Avarias e/ou desgaste excessivo no pneu";"Tombamento";"Com Vítimas Feridas";"Pleno dia";"Decrescente";"Céu Claro";"Simples";"Reta";"Sim";1;0;1;0;0;0;1;1;-22,99820396;-44,26554599;"SPRF-RJ";"DEL03-RJ";"UOP03-DEL03-RJ"
565208;2023-12-03;"domingo";"14:20:00";"GO";60;130,4;"GOIANAPOLIS";"Demais falhas mecânicas ou elétricas";"Incêndio";"Sem Vítimas";"Pleno dia";"Crescente";"Sol";"Dupla";"Reta";"Não";2;0;0;0;2;0;0;1;-16,5675;-49,1554;"SPRF-GO";"DEL01-GO";"UOP01-DEL01-GO"
565209;2023-12-03;"domingo";"14:50:00";"SC";101;195;"BIGUACU";"Manobra de mudança de faixa";"Colisão lateral mesmo sentido";"Com Vítimas Feridas";"Pleno dia";"Decrescente";"Céu Claro";"Múltipla";"Reta";"Sim";3;0;3;0;0;0;3;2;-27,5047092;-48,65010819;"SPRF-SC";"DEL01-SC";"UOP01-DEL01-SC"
565211;2023-12-03;"domingo";"14:40:00";"MG";50;142;"UBERABA";"Reação tardia ou ineficiente do condutor";"Saída de leito carroçável";"Com Vítimas Feridas";"Pleno dia";"Decrescente";"Chuva";"Dupla";"Reta;Declive";"Não";1;0;1;0;0;0;1;1;-19,49393401;-48,04798403;"SPRF-MG";"DEL13-MG";"UOP01-DEL13-MG"
565212;2023-12-03;"domingo";"14:40:00";"SP";101;46;"UBATUBA";"Reação tardia ou ineficiente do condutor";"Colisão traseira";"Com Vítimas Feridas";"Pleno dia";"Decrescente";"Céu Claro";"Simples";"Reta";"Sim";2;0;1;0;0;1;1;2;-23,42403383;-45,07492113;"SPRF-SP";"DEL06-SP";"UOP01-DEL06-SP"
565215;2023-12-03;"domingo";"15:12:00";"RJ";40;109;"DUQUE DE CAXIAS";"Acumulo de areia ou detritos sobre o pavimento";"Queda de ocupante de veículo";"Com Vítimas Feridas";"Pleno dia";"Decrescente";"Céu Claro";"Múltipla";"Curva";"Sim";1;0;1;0;0;0;1;1;-22,67374628;-43,28638368;"SPRF-RJ";"DEL01-RJ";"UOP02-DEL01-RJ"
565216;2023-12-03;"domingo";"14:00:00";"PR";277;436,1;"VIRMOND";"Reação tardia ou ineficiente do condutor";"Saída de leito carroçável";"Com Vítimas Feridas";"Pleno dia";"Decrescente";"Céu Claro";"Simples";"Curva";"Não";1;0;1;0;0;0;1;1;-25,37374294;-52,22093399;"SPRF-PR";"DEL04-PR";"UOP02-DEL04-PR"
565217;2023-12-03;"domingo";"15:40:00";"SC";101;142;"ITAPEMA";"Velocidade Incompatível";"Colisão traseira";"Com Vítimas Feridas";"Pleno dia";"Decrescente";"Nublado";"Dupla";"Curva;Interseção de Vias";"Não";5;0;2;0;3;0;2;4;-27,056089;-48,599449;"SPRF-SC";"DEL04-SC";"UOP03-DEL04-SC"
565218;2023-12-03;"domingo";"16:10:00";"SP";101;49;"UBATUBA";"Reação tardia ou ineficiente do condutor";"Queda de ocupante de veículo";"Com Vítimas Feridas";"Pleno dia";"Crescente";"Nublado";"Simples";"Reta";"Sim";1;0;1;0;0;0;1;1;-23,44410908;-45,08375708;"SPRF-SP";"DEL06-SP";"UOP01-DEL06-SP"
565219;2023-12-03;"domingo";"11:50:00";"RJ";101;385;"RIO DE JANEIRO";"Reação tardia ou ineficiente do condutor";"Queda de ocupante de veículo";"Com Vítimas Feridas";"Pleno dia";"Decrescente";"Sol";"Dupla";"Reta";"Sim";1;0;1;0;0;0;1;1;-22,88064129;-43,63218994;"SPRF-RJ";"DEL03-RJ";"UOP01-DEL03-RJ"
565220;2023-12-03;"domingo";"16:00:00";"PR";277;144;"PORTO AMAZONAS";"Acessar a via sem observar a presença dos outros veículos";"Colisão transversal";"Com Vítimas Feridas";"Pleno dia";"Crescente";"Céu Claro";"Simples";"Reta";"Não";7;0;5;0;2;0;5;2;-25,469016;-49,7724;"SPRF-PR";"DEL03-PR";"UOP03-DEL03-PR"
565221;2023-12-03;"domingo";"16:10:00";"RJ";393;114;"SAPUCAIA";"Curva acentuada";"Tombamento";"Com Vítimas Feridas";"Pleno dia";"Decrescente";"Céu Claro";"Simples";"Curva";"Não";2;0;2;0;0;0;2;1;-21,90846963;-42,73541595;"SPRF-RJ";"DEL05-RJ";"UOP01-DEL05-RJ"
565222;2023-12-03;"domingo";"16:00:00";"SP";116;225;"GUARULHOS";"Velocidade Incompatível";"Colisão traseira";"Com Vítimas Feridas";"Pleno dia";"Crescente";"Nublado";"Múltipla";"Aclive";"Sim";2;0;1;0;1;0;1;2;-23,48586772;-46,54075317;"SPRF-SP";"DEL01-SP";"UOP01-DEL01-SP"
565224;2023-12-03;"domingo";"13:45:00";"RJ";101;415;"ITAGUAI";"Ausência de reação do condutor";"Tombamento";"Com Vítimas Feridas";"Pleno dia";"Decrescente";"Céu Claro";"Dupla";"Reta";"Não";2;0;1;1;0;0;2;1;-22,90433243;-43,88181398;"SPRF-RJ";"DEL03-RJ";"UOP01-DEL03-RJ"
565225;2023-12-03;"domingo";"16:00:00";"SP";116;153;"SAO JOSE DOS CAMPOS";"Velocidade Incompatível";"Colisão lateral mesmo sentido";"Com Vítimas Feridas";"Pleno dia";"Decrescente";"Sol";"Dupla";"Reta";"Sim";2;0;1;0;1;0;1;2;-23,23262274;-45,91372624;"SPRF-SP";"DEL02-SP";"UOP01-DEL02-SP"
565226;2023-12-03;"domingo";"16:20:00";"PR";277;57;"SAO JOSE DOS PINHAIS";"Ausência de reação do condutor";"Tombamento";"Com Vítimas Feridas";"Pleno dia";"Crescente";"Céu Claro";"Dupla";"Reta";"Não";1;0;1;0;0;0;1;1;-25,58123713;-48,96273806;"SPRF-PR";"DEL01-PR";"UOP01-DEL01-PR"
565227;2023-10-28;"sábado";"21:00:00";"ES";262;157,5;"IBATIBA";"Transitar na contramão";"Colisão frontal";"Com Vítimas Feridas";"Plena Noite";"Crescente";"Nublado";"Simples";"Reta";"Sim";2;0;2;0;0;0;2;2;-20,23102878;-41,48810903;"SPRF-ES";"DEL01-ES";"UOP02-DEL01-ES"
565228;2023-12-03;"domingo";"16:20:00";"SC";101;88;"BARRA VELHA";"Transitar na contramão";"Colisão transversal";"Sem Vítimas";"Pleno dia";"Decrescente";"Céu Claro";"Dupla";"Viaduto";"Sim";2;0;0;0;1;1;0;2;-26,64253985;-48,68950684;"SPRF-SC";"DEL03-SC";"UOP02-DEL03-SC"
565229;2023-12-03;"domingo";"15:40:00";"RN";226;248,8;"JUCURUTU";"Ingestão de álcool pelo condutor";"Colisão traseira";"Com Vítimas Fatais";"Pleno dia";"Decrescente";"Céu Claro";"Simples";"Reta;Declive";"Não";3;2;1;0;0;0;1;2;-6,01172875;-37,03615129;"SPRF-RN";"DEL03-RN";"UOP01-DEL03-RN"
565231;2023-12-03;"domingo";"16:35:00";"PR";0;0;"SAO JOSE DOS PINHAIS";"Manobra de mudança de faixa";"Saída de leito carroçável";"Com Vítimas Feridas";"Pleno dia";"Não Informado";"Céu Claro";"Dupla";"Reta";"Sim";2;0;2;0;0;0;2;1;-25,52566152;-49,09629643;"SPRF-PR";"DEL01-PR";"UOP01-DEL01-PR"
565233;2023-12-03;"domingo";"17:25:00";"SC";101;72,1;"ARAQUARI";"Ausência de reação do condutor";"Colisão traseira";"Com Vítimas Feridas";"Pleno dia";"Decrescente";"Nublado";"Múltipla";"Reta";"Sim";4;0;1;0;0;3;1;4;-26,52700004;-48,71551117;"SPRF-SC";"DEL03-SC";"UOP02-DEL03-SC"
565235;2023-12-03;"domingo";"17:20:00";"RS";158;321;"SANTA MARIA";"Pista Escorregadia";"Colisão com objeto";"Com Vítimas Feridas";"Pleno dia";"Decrescente";"Chuva";"Dupla";"Reta;Declive";"Sim";3;0;1;1;0;1;2;2;-29,69545704;-53,78094662;"SPRF-RS";"DEL09-RS";"UOP01-DEL09-RS"
565237;2023-12-03;"domingo";"17:30:00";"BA";116;16;"VITORIA DA CONQUISTA";"Acessar a via sem observar a presença dos outros veículos";"Colisão transversal";"Com Vítimas Feridas";"Anoitecer";"Crescente";"Céu Claro";"Simples";"Interseção de Vias";"Sim";3;0;2;0;1;0;2;2;-14,902388;-40,844245;"SPRF-BA";"DEL08-BA";"UOP01-DEL08-BA"
565238;2023-12-03;"domingo";"17:45:00";"SC";101;201;"BIGUACU";"Entrada inopinada do pedestre";"Atropelamento de Pedestre";"Com Vítimas Feridas";"Anoitecer";"Crescente";"Garoa/Chuvisco";"Múltipla";"Reta";"Não";2;0;1;0;1;0;1;2;-27,54836599;-48,61977975;"SPRF-SC";"DEL01-SC";"UOP01-DEL01-SC"
565239;2023-12-03;"domingo";"18:00:00";"PR";277;39;"MORRETES";"Condutor deixou de manter distância do veículo da frente";"Colisão traseira";"Com Vítimas Feridas";"Plena Noite";"Crescente";"Garoa/Chuvisco";"Múltipla";"Reta";"Não";2;0;1;0;1;0;1;2;-25,571233;-48,817137;"SPRF-PR";"DEL01-PR";"UOP05-DEL01-PR"
565240;2023-12-03;"domingo";"17:50:00";"AL";104;30,5;"UNIAO DOS PALMARES";"Reação tardia ou ineficiente do condutor";"Colisão frontal";"Com Vítimas Feridas";"Anoitecer";"Decrescente";"Céu Claro";"Simples";"Reta";"Não";2;0;0;1;1;0;1;2;-9,12603274;-36,03386675;"SPRF-AL";"DEL01-AL";"UOP02-DEL01-AL"
565241;2023-12-03;"domingo";"17:35:00";"BA";324;617;"SALVADOR";"Ausência de reação do condutor";"Colisão lateral mesmo sentido";"Com Vítimas Feridas";"Anoitecer";"Decrescente";"Céu Claro";"Dupla";"Reta";"Sim";2;0;1;0;1;0;1;2;-12,8860325;-38,43806469;"SPRF-BA";"DEL01-BA";"UOP01-DEL01-BA"
565242;2023-12-03;"domingo";"17:15:00";"PR";116;104;"SAO JOSE DOS PINHAIS";"Ingestão de álcool pelo condutor";"Colisão traseira";"Sem Vítimas";"Anoitecer";"Crescente";"Nublado";"Dupla";"Reta";"Sim";6;0;0;0;6;0;0;2;-25,571942;-49,203132;"SPRF-PR";"DEL01-PR";"UOP07-DEL01-PR"
565243;2023-12-03;"domingo";"17:20:00";"GO";153;509;"APARECIDA DE GOIANIA";"Ingestão de álcool pelo condutor";"Saída de leito carroçável";"Sem Vítimas";"Pleno dia";"Crescente";"Céu Claro";"Dupla";"Reta;Aclive";"Sim";1;0;0;0;1;0;0;1;-16,7888;-49,2379;"SPRF-GO";"DEL01-GO";"UOP03-DEL01-GO"
565244;2023-12-03;"domingo";"17:45:00";"RJ";101;575,3;"PARATY";"Acesso irregular";"Colisão transversal";"Com Vítimas Feridas";"Anoitecer";"Crescente";"Céu Claro";"Simples";"Reta";"Não";2;0;0;1;1;0;1;2;-23,21978585;-44,73466957;"SPRF-RJ";"DEL03-RJ";"UOP04-DEL03-RJ"
565245;2023-11-07;"terça-feira";"18:00:00";"BA";324;616;"SALVADOR";"Acessar a via sem observar a presença dos outros veículos";"Colisão traseira";"Com Vítimas Feridas";"Plena Noite";"Decrescente";"Chuva";"Dupla";"Reta";"Sim";2;0;1;0;1;0;1;2;-12,87957905;-38,43213893;"SPRF-BA";"DEL01-BA";"UOP01-DEL01-BA"
565246;2023-12-03;"domingo";"16:00:00";"MT";70;728;"CACERES";"Acessar a via sem observar a presença dos outros veículos";"Colisão transversal";"Com Vítimas Feridas";"Pleno dia";"Crescente";"Céu Claro";"Simples";"Reta";"Não";3;0;3;0;0;0;3;2;-16,16906177;-57,60941461;"SPRF-MT";"DEL03-MT";"UOP01-DEL03-MT"
565247;2023-12-03;"domingo";"16:50:00";"PI";230;307,8;"FLORIANO";"Ausência de reação do condutor";"Colisão traseira";"Com Vítimas Feridas";"Anoitecer";"Decrescente";"Nublado";"Simples";"Reta;Aclive";"Sim";4;0;0;3;0;1;3;2;-6,786109;-42,994451;"SPRF-PI";"DEL03-PI";"UOP01-DEL03-PI"
565248;2023-12-03;"domingo";"13:40:00";"PE";101;94;"CABO DE SANTO AGOSTINHO";"Ausência de reação do condutor";"Saída de leito carroçável";"Com Vítimas Feridas";"Pleno dia";"Crescente";"Sol";"Dupla";"Reta";"Não";1;0;0;1;0;0;1;1;-8,24829064;-35,00697936;"SPRF-PE";"DEL01-PE";"UOP03-DEL01-PE"
565249;2023-12-03;"domingo";"17:50:00";"PE";232;97;"BEZERROS";"Ingestão de álcool pelo condutor";"Colisão transversal";"Sem Vítimas";"Anoitecer";"Decrescente";"Céu Claro";"Dupla";"Retorno Regulamentado";"Não";2;0;0;0;2;0;0;2;-8,23379718;-35,71628894;"SPRF-PE";"DEL02-PE";"UOP02-DEL02PE"
565250;2023-12-03;"domingo";"17:01:00";"MG";381;857;"POUSO ALEGRE";"Demais falhas mecânicas ou elétricas";"Tombamento";"Com Vítimas Feridas";"Pleno dia";"Decrescente";"Nublado";"Dupla";"Reta";"Não";2;0;2;0;0;0;2;1;-22,29539012;-45,89890565;"SPRF-MG";"DEL16-MG";"UOP01-DEL16-MG"
565254;2023-12-03;"domingo";"18:30:00";"MG";381;508,7;"SAO JOAQUIM DE BICAS";"Ingestão de álcool pelo condutor";"Colisão lateral mesmo sentido";"Sem Vítimas";"Anoitecer";"Decrescente";"Nublado";"Múltipla";"Interseção de Vias";"Sim";2;0;0;0;2;0;0;2;-20,06277698;-44,29329002;"SPRF-MG";"DEL01-MG";"UOP03-DEL01-MG"
565255;2023-12-03;"domingo";"17:45:00";"SP";153;5;"ICEM";"Ausência de reação do condutor";"Saída de leito carroçável";"Sem Vítimas";"Anoitecer";"Crescente";"Céu Claro";"Simples";"Reta;Interseção de Vias";"Não";1;0;0;0;1;0;0;1;-20,34913356;-49,21505928;"SPRF-SP";"DEL09-SP";"UOP01-DEL09-SP"
565256;2023-12-03;"domingo";"17:00:00";"RJ";116;307;"RESENDE";"Condutor deixou de manter distância do veículo da frente";"Engavetamento";"Com Vítimas Feridas";"Pleno dia";"Decrescente";"Céu Claro";"Dupla";"Reta";"Não";5;0;1;0;4;0;1;4;-22,45713262;-44,41063703;"SPRF-RJ";"DEL07-RJ";"UOP02-DEL07-RJ"
565258;2023-12-03;"domingo";"18:30:00";"PE";408;86;"PAUDALHO";"Acesso irregular";"Colisão traseira";"Com Vítimas Feridas";"Plena Noite";"Crescente";"Céu Claro";"Dupla";"Reta;Retorno Regulamentado";"Sim";4;0;1;0;1;2;1;2;-7,96358;-35,09346;"SPRF-PE";"DEL01-PE";"UOP01-DEL01-PE"
565260;2023-12-03;"domingo";"18:10:00";"PB";230;43;"SANTA RITA";"Ausência de reação do condutor";"Saída de leito carroçável";"Com Vítimas Feridas";"Plena Noite";"Decrescente";"Céu Claro";"Dupla";"Reta";"Não";1;0;1;0;0;0;1;1;-7,1479;-35,0029;"SPRF-PB";"DEL01-PB";"UOP03-DEL01-PB"
565261;2023-12-03;"domingo";"19:40:00";"SC";282;4,8;"SAO JOSE";"Demais falhas mecânicas ou elétricas";"Eventos atípicos";"Com Vítimas Feridas";"Plena Noite";"Decrescente";"Nublado";"Múltipla";"Reta";"Sim";2;0;2;0;0;0;2;1;-27,59004899;-48,60954523;"SPRF-SC";"DEL01-SC";"UOP01-DEL01-SC"
565262;2023-12-03;"domingo";"17:30:00";"RJ";116;306;"RESENDE";"Reação tardia ou ineficiente do condutor";"Queda de ocupante de veículo";"Com Vítimas Feridas";"Pleno dia";"Decrescente";"Céu Claro";"Dupla";"Reta";"Sim";1;0;1;0;0;0;1;1;-22,45645538;-44,40259093;"SPRF-RJ";"DEL07-RJ";"UOP02-DEL07-RJ"
565263;2023-12-03;"domingo";"19:11:00";"PE";232;58,7;"POMBOS";"Ausência de reação do condutor";"Colisão traseira";"Com Vítimas Feridas";"Plena Noite";"Decrescente";"Céu Claro";"Dupla";"Reta";"Sim";3;0;1;2;0;0;3;2;-8,13762681;-35,37336212;"SPRF-PE";"DEL02-PE";"UOP02-DEL02PE"
565264;2023-12-03;"domingo";"20:10:00";"MG";381;503,1;"BETIM";"Ausência de reação do condutor";"Colisão traseira";"Com Vítimas Feridas";"Plena Noite";"Crescente";"Céu Claro";"Dupla";"Curva";"Sim";2;0;0;1;1;0;1;2;-20,03855134;-44,25495493;"SPRF-MG";"DEL01-MG";"UOP03-DEL01-MG"