"id";"data_inversa";"dia_semana";"horario";"uf";"br";"km";"municipio";"causa_acidente";"tipo_acidente";"classificacao_acidente";"fase_dia";"sentido_via";"condicao_metereologica";"tipo_pista";"tracado_via";"uso_solo";"pessoas";"mortos";"feridos_leves";"feridos_graves";"ilesos";"ignorados";"feridos";"veiculos";"latitude";"longitude";"regional";"delegacia";"uop"
565265;2023-12-03;"domingo";"19:00:00";"MG";40;601,5;"CONGONHAS";"Ingestão de álcool pelo condutor";"Colisão lateral mesmo sentido";"Com Vítimas Feridas";"Plena Noite";"Crescente";"Nublado";"Simples";"Reta;Declive";"Não";3;0;1;0;2;0;1;2;-20,43827308;-43,84643555;"SPRF-MG";"DEL05-MG";"UOP02-DEL05-MG"
565266;2023-12-03;"domingo";"20:24:00";"SE";101;88;"NOSSA SENHORA DO SOCORRO";"Entrada inopinada do pedestre";"Atropelamento de Pedestre";"Com Vítimas Feridas";"Plena Noite";"Crescente";"Céu Claro";"Dupla";"Aclive";"Sim";2;0;1;0;0;1;1;2;-10,87113297;-37,1344637;"SPRF-SE";"DEL01-SE";"UOP01-DEL01-SE"
565269;2023-12-03;"domingo";"18:30:00";"SC";282;48,9;"AGUAS MORNAS";"Chuva";"Colisão frontal";"Com Vítimas Feridas";"Pleno dia";"Crescente";"Garoa/Chuvisco";"Simples";"Curva";"Não";7;0;3;1;3;0;4;2;-27,714352;-48,938072;"SPRF-SC";"DEL01-SC";"UOP03-DEL01-SC"
565270;2023-12-03;"domingo";"19:15:00";"MT";364;202;"RONDONOPOLIS";"Reação tardia ou ineficiente do condutor";"Colisão traseira";"Com Vítimas Feridas";"Plena Noite";"Decrescente";"Céu Claro";"Dupla";"Ponte;Reta";"Sim";2;0;1;0;1;0;1;2;-16,48347324;-54,64970354;"SPRF-MT";"DEL02-MT";"UOP01-DEL02-MT"
565271;2023-12-03;"domingo";"20:40:00";"DF";60;3;"BRASILIA";"Acessar a via sem observar a presença dos outros veículos";"Colisão traseira";"Com Vítimas Feridas";"Plena Noite";"Crescente";"Céu Claro";"Dupla";"Reta;Retorno Regulamentado";"Sim";5;0;1;1;3;0;2;2;-15,890521;-48,086864;"SPRF-DF";"DEL03-DF";"UOP01-DEL03-DF"
565272;2023-12-03;"domingo";"14:10:00";"SC";101;314,1;"LAGUNA";"Condutor desrespeitou a iluminação vermelha do semáforo";"Colisão frontal";"Com Vítimas Fatais";"Pleno dia";"Crescente";"Céu Claro";"Simples";"Reta;Ponte;Em Obras";"Não";2;1;1;0;0;0;1;2;-28,430059;-48,84128;"SPRF-SC";"DEL02-SC";"UOP01-DEL02-SC"
565273;2023-12-03;"domingo";"20:00:00";"BA";116;23,1;"VITORIA DA CONQUISTA";"Ausência de reação do condutor";"Saída de leito carroçável";"Com Vítimas Feridas";"Plena Noite";"Crescente";"Nublado";"Simples";"Reta";"Não";2;0;2;0;0;0;2;1;-14,874688;-40,79963;"SPRF-BA";"DEL08-BA";"UOP01-DEL08-BA"
565274;2023-12-03;"domingo";"20:00:00";"SC";101;12,1;"GARUVA";"Reação tardia ou ineficiente do condutor";"Colisão traseira";"Sem Vítimas";"Plena Noite";"Decrescente";"Nublado";"Dupla";"Reta";"Não";7;0;0;0;7;0;0;3;-26,08104399;-48,86175612;"SPRF-SC";"DEL03-SC";"UOP01-DEL03-SC"
565275;2023-12-03;"domingo";"18:40:00";"SC";282;32;"AGUAS MORNAS";"Chuva";"Capotamento";"Com Vítimas Feridas";"Plena Noite";"Decrescente";"Garoa/Chuvisco";"Simples";"Curva;Declive";"Não";1;0;1;0;0;0;1;1;-27,70116;-48,800175;"SPRF-SC";"DEL01-SC";"UOP03-DEL01-SC"
565276;2023-12-03;"domingo";"19:10:00";"PR";116;115,3;"SAO JOSE DOS PINHAIS";"Acessar a via sem observar a presença dos outros veículos";"Colisão lateral mesmo sentido";"Com Vítimas Feridas";"Plena Noite";"Crescente";"Céu Claro";"Dupla";"Reta";"Sim";5;0;1;1;3;0;2;2;-25,55953326;-49,26560414;"SPRF-PR";"DEL01-PR";"UOP07-DEL01-PR"
565277;2023-12-03;"domingo";"19:00:00";"MT";364;195;"RONDONOPOLIS";"Reação tardia ou ineficiente do condutor";"Saída de leito carroçável";"Com Vítimas Feridas";"Plena Noite";"Decrescente";"Céu Claro";"Simples";"Reta;Declive";"Não";1;0;1;0;0;0;1;1;-16,52139597;-54,59966598;"SPRF-MT";"DEL02-MT";"UOP01-DEL02-MT"
565278;2023-12-03;"domingo";"19:00:00";"AC";364;121;"RIO BRANCO";"Entrada inopinada do pedestre";"Atropelamento de Pedestre";"Com Vítimas Feridas";"Plena Noite";"Decrescente";"Céu Claro";"Dupla";"Reta";"Sim";2;0;1;1;0;0;2;2;-10,01202049;-67,772441;"SPRF-AC";"DEL01-AC";"UOP01-DEL01-AC"
565280;2023-12-03;"domingo";"21:30:00";"MG";262;821;"UBERABA";"Ausência de reação do condutor";"Colisão com objeto";"Com Vítimas Feridas";"Plena Noite";"Crescente";"Céu Claro";"Dupla";"Reta";"Não";2;0;1;0;1;0;1;1;-19,762056;-48,138805;"SPRF-MG";"DEL13-MG";"UOP01-DEL13-MG"
565282;2023-12-03;"domingo";"19:00:00";"RJ";465;3;"SEROPEDICA";"Conversão proibida";"Colisão transversal";"Com Vítimas Feridas";"Plena Noite";"Decrescente";"Céu Claro";"Simples";"Reta";"Não";6;0;3;0;2;1;3;2;-22,73427;-43,711994;"SPRF-RJ";"DEL06-RJ";"UOP02-DEL06-RJ"
565283;2023-12-03;"domingo";"20:12:00";"MG";381;434,7;"SABARA";"Mal súbito do condutor";"Colisão com objeto";"Com Vítimas Feridas";"Plena Noite";"Decrescente";"Céu Claro";"Simples";"Reta";"Sim";2;0;2;0;0;0;2;1;-19,78775221;-43,72903258;"SPRF-MG";"DEL01-MG";"UOP01-DEL01-MG"
565284;2023-12-03;"domingo";"22:10:00";"RJ";116;116;"MAGE";"Reação tardia ou ineficiente do condutor";"Tombamento";"Com Vítimas Feridas";"Plena Noite";"Crescente";"Céu Claro";"Dupla";"Reta";"Não";2;0;1;1;0;0;2;1;-22,5943135;-43,02305931;"SPRF-RJ";"DEL04-RJ";"UOP02-DEL04-RJ"
565285;2023-12-03;"domingo";"14:30:00";"PR";373;433;"CHOPINZINHO";"Curva acentuada";"Colisão transversal";"Com Vítimas Feridas";"Pleno dia";"Decrescente";"Chuva";"Simples";"Curva";"Não";4;0;4;0;0;0;4;2;-25,76110804;-52,2554565;"SPRF-PR";"DEL02-PR";"UOP01-DEL02-PR"
565286;2023-12-03;"domingo";"20:00:00";"SP";116;415;"JUQUIA";"Transitar na contramão";"Saída de leito carroçável";"Sem Vítimas";"Plena Noite";"Crescente";"Céu Claro";"Dupla";"Reta";"Sim";1;0;0;0;1;0;0;1;-24,334489;-47,641203;"SPRF-SP";"DEL05-SP";"UOP01-DEL05-SP"
565288;2023-12-03;"domingo";"18:49:00";"MG";381;700,7;"LAVRAS";"Pedestre andava na pista";"Atropelamento de Pedestre";"Com Vítimas Feridas";"Anoitecer";"Decrescente";"Céu Claro";"Múltipla";"Curva";"Não";4;0;0;1;1;2;1;2;-21,31137883;-45,16451703;"SPRF-MG";"DEL04-MG";"UOP02-DEL04-MG"
565290;2023-12-03;"domingo";"19:45:00";"PR";373;258;"PRUDENTOPOLIS";"Acessar a via sem observar a presença dos outros veículos";"Colisão transversal";"Com Vítimas Feridas";"Plena Noite";"Crescente";"Céu Claro";"Simples";"Reta";"Não";3;0;1;0;2;0;1;2;-25,20075897;-50,92820203;"SPRF-PR";"DEL08-PR";"UOP01-DEL08-PR"
565291;2023-12-03;"domingo";"22:10:00";"PR";369;132,2;"JATAIZINHO";"Reação tardia ou ineficiente do condutor";"Queda de ocupante de veículo";"Com Vítimas Feridas";"Pleno dia";"Crescente";"Céu Claro";"Dupla";"Reta";"Não";2;0;0;2;0;0;2;1;-23,26021336;-51,00136757;"SPRF-PR";"DEL07-PR";"UOP01-DEL07-PR"
565292;2023-12-03;"domingo";"20:19:00";"MS";163;254;"DOURADOS";"Ausência de reação do condutor";"Saída de leito carroçável";"Com Vítimas Feridas";"Plena Noite";"Crescente";"Nublado";"Dupla";"Reta;Declive";"Sim";1;0;1;0;0;0;1;1;-22,27184267;-54,81657129;"SPRF-MS";"DEL04-MS";"UOP01-DEL04-MS"
565294;2023-12-03;"domingo";"21:30:00";"PR";376;1,2;"APUCARANA";"Acesso irregular";"Colisão lateral mesmo sentido";"Com Vítimas Feridas";"Plena Noite";"Decrescente";"Céu Claro";"Simples";"Reta;Declive;Em Obras";"Sim";6;0;0;1;5;0;1;2;-23,57165758;-51,4278388;"SPRF-PR";"DEL07-PR";"UOP03-DEL07-PR"
565295;2023-12-03;"domingo";"22:40:00";"RJ";393;285;"BARRA DO PIRAI";"Condutor deixou de manter distância do veículo da frente";"Colisão traseira";"Com Vítimas Feridas";"Plena Noite";"Decrescente";"Céu Claro";"Simples";"Reta";"Sim";3;0;0;1;2;0;1;2;-22,481726;-44,06308602;"SPRF-RJ";"DEL05-RJ";"UOP04-DEL05-RJ"
565296;2023-12-03;"domingo";"21:25:00";"RJ";40;114;"DUQUE DE CAXIAS";"Reação tardia ou ineficiente do condutor";"Colisão traseira";"Com Vítimas Feridas";"Pleno dia";"Crescente";"Céu Claro";"Dupla";"Reta";"Sim";5;0;4;0;1;0;4;2;-22,71853604;-43,28993324;"SPRF-RJ";"DEL01-RJ";"UOP02-DEL01-RJ"
565297;2023-12-03;"domingo";"20:56:00";"PA";316;199;"SANTA LUZIA DO PARA";"Iluminação deficiente";"Colisão traseira";"Com Vítimas Fatais";"Plena Noite";"Decrescente";"Céu Claro";"Simples";"Reta;Declive";"Não";2;1;0;0;1;0;0;2;-1,53261003;-46,89144403;"SPRF-PA";"DEL01-PA";"UOP03-DEL01-PA"
565298;2023-12-03;"domingo";"22:30:00";"MG";116;754,8;"LEOPOLDINA";"Reação tardia ou ineficiente do condutor";"Saída de leito carroçável";"Com Vítimas Feridas";"Plena Noite";"Decrescente";"Céu Claro";"Simples";"Curva";"Não";2;0;0;2;0;0;2;1;-21,47859776;-42,57564516;"SPRF-MG";"DEL07-MG";"UOP01-DEL07-MG"
565300;2023-12-03;"domingo";"16:50:00";"RJ";356;65;"ITAPERUNA";"Ausência de reação do condutor";"Queda de ocupante de veículo";"Com Vítimas Feridas";"Pleno dia";"Crescente";"Céu Claro";"Simples";"Reta";"Não";2;0;1;0;1;0;1;1;-21,34906796;-41,7137759;"SPRF-RJ";"DEL08-RJ";"UOP03-DEL08-RJ"
565301;2023-12-03;"domingo";"21:30:00";"MT";163;1029;"PEIXOTO DE AZEVEDO";"Acessar a via sem observar a presença dos outros veículos";"Colisão transversal";"Com Vítimas Feridas";"Plena Noite";"Crescente";"Céu Claro";"Simples";"Reta";"Sim";2;0;1;0;1;0;1;2;-10,254116;-54,996943;"SPRF-MT";"DEL06-MT";"UOP03-DEL06-MT"
565303;2023-12-03;"domingo";"22:53:00";"PR";116;7;"CAMPINA GRANDE DO SUL";"Reação tardia ou ineficiente do condutor";"Colisão com objeto";"Com Vítimas Feridas";"Plena Noite";"Crescente";"Nublado";"Dupla";"Reta";"Não";4;0;1;0;3;0;1;1;-25,08235366;-48,61499799;"SPRF-PR";"DEL01-PR";"UOP02-DEL01-PR"
565304;2023-12-04;"segunda-feira";"00:30:00";"RS";386;38,2;"FREDERICO WESTPHALEN";"Acessar a via sem observar a presença dos outros veículos";"Colisão transversal";"Com Vítimas Feridas";"Plena Noite";"Crescente";"Céu Claro";"Simples";"Reta";"Não";4;0;1;0;3;0;1;2;-27,391367;-53,400776;"SPRF-RS";"DEL08-RS";"UOP02-DEL08-RS"
565305;2023-12-03;"domingo";"23:30:00";"MT";163;688;"LUCAS DO RIO VERDE";"Acessar a via sem observar a presença dos outros veículos";"Colisão transversal";"Com Vítimas Feridas";"Plena Noite";"Decrescente";"Nublado";"Dupla";"Interseção de Vias";"Sim";2;0;1;0;1;0;1;2;-13,07;-55,927;"SPRF-MT";"DEL06-MT";"UOP01-DEL06-MT"
565306;2023-12-04;"segunda-feira";"00:30:00";"MG";40;696;"BARBACENA";"Suicídio (presumido)";"Colisão lateral sentido oposto";"Com Vítimas Feridas";"Plena Noite";"Decrescente";"Céu Claro";"Simples";"Reta";"Não";2;0;0;1;1;0;1;2;-21,14688299;-43,76443098;"SPRF-MG";"DEL05-MG";"UOP02-DEL05-MG"
565307;2023-12-03;"domingo";"23:10:00";"MS";376;5;"DOURADOS";"Ausência de reação do condutor";"Saída de leito carroçável";"Sem Vítimas";"Plena Noite";"Decrescente";"Nublado";"Simples";"Reta";"Não";1;0;0;0;1;0;0;1;-22,22975885;-54,66181211;"SPRF-MS";"DEL04-MS";"UOP01-DEL04-MS"
565308;2023-12-04;"segunda-feira";"01:20:00";"RS";116;243;"SAO LEOPOLDO";"Ausência de reação do condutor";"Saída de leito carroçável";"Com Vítimas Feridas";"Plena Noite";"Decrescente";"Garoa/Chuvisco";"Dupla";"Reta";"Sim";2;0;2;0;0;0;2;1;-29,73691763;-51,15006924;"SPRF-RS";"DEL01-RS";"UOP02-DEL01-RS"
565309;2023-12-03;"domingo";"19:00:00";"RO";364;707;"PORTO VELHO";"Reação tardia ou ineficiente do condutor";"Queda de ocupante de veículo";"Com Vítimas Feridas";"Plena Noite";"Crescente";"Céu Claro";"Simples";"Reta";"Sim";1;0;1;0;0;0;1;1;-8,80037213;-63,83262707;"SPRF-RO";"DEL01-RO";"UOP01-DEL01-RO"
565310;2023-12-04;"segunda-feira";"03:05:00";"SP";116;437;"REGISTRO";"Condutor Dormindo";"Capotamento";"Com Vítimas Feridas";"Plena Noite";"Decrescente";"Céu Claro";"Dupla";"Reta";"Não";1;0;0;1;0;0;1;1;-24,44201718;-47,79888683;"SPRF-SP";"DEL05-SP";"UOP01-DEL05-SP"
565311;2023-12-04;"segunda-feira";"02:50:00";"SC";101;326,9;"CAPIVARI DE BAIXO";"Reação tardia ou ineficiente do condutor";"Colisão com objeto";"Com Vítimas Feridas";"Plena Noite";"Decrescente";"Céu Claro";"Simples";"Reta";"Não";1;0;1;0;0;0;1;1;-28,42524483;-48,94302707;"SPRF-SC";"DEL02-SC";"UOP01-DEL02-SC"
565312;2023-12-03;"domingo";"22:08:00";"PE";316;270;"BELEM DE SAO FRANCISCO";"Ausência de reação do condutor";"Tombamento";"Com Vítimas Fatais";"Plena Noite";"Crescente";"Céu Claro";"Simples";"Reta";"Não";1;1;0;0;0;0;0;1;-8,70166228;-38,8611809;"SPRF-PE";"DEL04-PE";"UOP03-DEL04-PE"
565313;2023-12-04;"segunda-feira";"01:30:00";"PR";277;5,1;"PARANAGUA";"Ausência de reação do condutor";"Colisão com objeto";"Com Vítimas Feridas";"Plena Noite";"Decrescente";"Nublado";"Dupla";"Viaduto";"Sim";2;0;2;0;0;0;2;1;-25,5205;-48,5095;"SPRF-PR";"DEL01-PR";"UOP05-DEL01-PR"
565314;2023-12-03;"domingo";"23:00:00";"MG";116;396;"GOVERNADOR VALADARES";"Ausência de reação do condutor";"Colisão lateral sentido oposto";"Sem Vítimas";"Plena Noite";"Decrescente";"Céu Claro";"Simples";"Reta";"Não";2;0;0;0;2;0;0;2;-18,74773492;-41,98373226;"SPRF-MG";"DEL06-MG";"UOP01-DEL06-MG"
565315;2023-12-03;"domingo";"22:00:00";"PI";230;212;"OEIRAS";"Reação tardia ou ineficiente do condutor";"Colisão traseira";"Com Vítimas Fatais";"Plena Noite";"Crescente";"Céu Claro";"Simples";"Curva";"Não";3;2;0;0;0;1;0;2;-7,05764849;-42,23343987;"SPRF-PI";"DEL03-PI";"UOP01-DEL03-PI"
565317;2023-12-04;"segunda-feira";"01:10:00";"PR";376;492,7;"PONTA GROSSA";"Ingestão de álcool pelo condutor";"Saída de leito carroçável";"Sem Vítimas";"Plena Noite";"Decrescente";"Céu Claro";"Dupla";"Reta";"Sim";1;0;0;0;1;0;0;1;-25,15559918;-50,13322909;"SPRF-PR";"DEL03-PR";"UOP04-DEL03-PR"
565320;2023-12-04;"segunda-feira";"04:00:00";"SC";282;44;"AGUAS MORNAS";"Demais falhas mecânicas ou elétricas";"Saída de leito carroçável";"Com Vítimas Feridas";"Plena Noite";"Decrescente";"Céu Claro";"Simples";"Curva;Declive";"Não";1;0;1;0;0;0;1;1;-27,722137;-48,90694;"SPRF-SC";"DEL01-SC";"UOP03-DEL01-SC"
565325;2023-12-04;"segunda-feira";"05:24:00";"SE";101;92;"NOSSA SENHORA DO SOCORRO";"Objeto estático sobre o leito carroçável";"Queda de ocupante de veículo";"Com Vítimas Feridas";"Pleno dia";"Crescente";"Céu Claro";"Dupla";"Reta";"Sim";1;0;0;1;0;0;1;1;-10,90169474;-37,13619222;"SPRF-SE";"DEL01-SE";"UOP01-DEL01-SE"
565328;2023-12-04;"segunda-feira";"05:45:00";"AL";101;73;"MESSIAS";"Condutor Dormindo";"Colisão com objeto";"Com Vítimas Feridas";"Pleno dia";"Crescente";"Céu Claro";"Dupla";"Reta";"Sim";2;0;1;0;0;1;1;1;-9,38720792;-35,8364428;"SPRF-AL";"DEL01-AL";"UOP01-DEL01-AL"
565329;2023-12-04;"segunda-feira";"06:10:00";"PE";101;49,7;"ABREU E LIMA";"Conversão proibida";"Atropelamento de Pedestre";"Com Vítimas Feridas";"Pleno dia";"Decrescente";"Nublado";"Múltipla";"Interseção de Vias";"Sim";2;0;1;0;1;0;1;2;-7,90491377;-34,90210533;"SPRF-PE";"DEL01-PE";"UOP02-DEL01-PE"
565331;2023-12-03;"domingo";"20:00:00";"SC";280;296,8;"PORTO UNIAO";"Velocidade Incompatível";"Colisão frontal";"Com Vítimas Feridas";"Plena Noite";"Crescente";"Céu Claro";"Simples";"Reta";"Não";6;0;1;5;0;0;6;2;-26,28733189;-50,98370597;"SPRF-SC";"DEL06-SC";"UOP04-DEL06-SC"
565332;2023-12-04;"segunda-feira";"05:00:00";"MS";262;123,8;"AGUA CLARA";"Ultrapassagem Indevida";"Colisão frontal";"Com Vítimas Fatais";"Pleno dia";"Crescente";"Nublado";"Simples";"Reta";"Não";3;1;1;0;1;0;1;2;-20,49917;-52,70746;"SPRF-MS";"DEL07-MS";"UOP02-DEL07-MS"
565333;2023-12-04;"segunda-feira";"05:18:00";"SC";101;41;"JOINVILLE";"Ausência de reação do condutor";"Saída de leito carroçável";"Sem Vítimas";"Amanhecer";"Decrescente";"Garoa/Chuvisco";"Dupla";"Curva";"Não";1;0;0;0;1;0;0;1;-26,28215489;-48,88973081;"SPRF-SC";"DEL03-SC";"UOP01-DEL03-SC"
565334;2023-12-04;"segunda-feira";"01:20:00";"PA";316;46;"SANTA IZABEL DO PARA";"Ingestão de álcool pelo condutor";"Saída de leito carroçável";"Com Vítimas Feridas";"Plena Noite";"Crescente";"Céu Claro";"Dupla";"Reta";"Não";1;0;0;1;0;0;1;1;-1,28003179;-48,06971495;"SPRF-PA";"DEL01-PA";"UOP01-DEL01-PA"
565335;2023-12-04;"segunda-feira";"05:30:00";"PB";101;80;"BAYEUX";"Condutor deixou de manter distância do veículo da frente";"Tombamento";"Com Vítimas Feridas";"Pleno dia";"Crescente";"Céu Claro";"Dupla";"Curva";"Sim";1;0;0;1;0;0;1;1;-7,11753704;-34,94951428;"SPRF-PB";"DEL01-PB";"UOP04-DEL01-PB"
565336;2023-12-04;"segunda-feira";"05:50:00";"AL";101;73;"MESSIAS";"Chuva";"Queda de ocupante de veículo";"Com Vítimas Feridas";"Pleno dia";"Crescente";"Chuva";"Dupla";"Curva";"Não";1;0;0;1;0;0;1;1;-9,38720792;-35,8364428;"SPRF-AL";"DEL01-AL";"UOP01-DEL01-AL"
565338;2023-12-04;"segunda-feira";"06:40:00";"GO";50;162;"CAMPO ALEGRE DE GOIAS";"Reação tardia ou ineficiente do condutor";"Saída de leito carroçável";"Com Vítimas Feridas";"Amanhecer";"Decrescente";"Céu Claro";"Dupla";"Reta";"Não";2;0;2;0;0;0;2;1;-17,2714;-47,7665;"SPRF-GO";"DEL06-GO";"UOP01-DEL06-GO"
565340;2023-12-04;"segunda-feira";"06:00:00";"BA";116;776,2;"PLANALTO";"Transitar no Acostamento";"Derramamento de carga";"Com Vítimas Feridas";"Pleno dia";"Decrescente";"Céu Claro";"Simples";"Reta";"Não";2;0;1;0;1;0;1;2;-14,59897899;-40,43763203;"SPRF-BA";"DEL08-BA";"UOP02-DEL08-BA"
565341;2023-12-04;"segunda-feira";"06:40:00";"MG";381;485;"BETIM";"Ausência de reação do condutor";"Colisão lateral mesmo sentido";"Com Vítimas Feridas";"Pleno dia";"Crescente";"Céu Claro";"Múltipla";"Reta";"Sim";3;0;1;1;1;0;2;2;-19,9558571;-44,1022882;"SPRF-MG";"DEL01-MG";"UOP03-DEL01-MG"
565344;2023-12-04;"segunda-feira";"06:10:00";"BA";324;621,9;"SALVADOR";"Mal súbito do condutor";"Colisão traseira";"Com Vítimas Feridas";"Pleno dia";"Crescente";"Céu Claro";"Dupla";"Reta";"Sim";6;0;2;1;3;0;3;3;-12,91233708;-38,45956983;"SPRF-BA";"DEL01-BA";"UOP01-DEL01-BA"
565345;2023-12-04;"segunda-feira";"01:00:00";"MT";163;1032;"PEIXOTO DE AZEVEDO";"Velocidade Incompatível";"Colisão traseira";"Com Vítimas Feridas";"Plena Noite";"Crescente";"Céu Claro";"Simples";"Reta";"Sim";3;0;1;1;0;1;2;2;-10,22597519;-54,97426294;"SPRF-MT";"DEL06-MT";"UOP03-DEL06-MT"
565346;2023-12-04;"segunda-feira";"06:55:00";"PR";277;137,9;"BALSA NOVA";"Acumulo de areia ou detritos sobre o pavimento";"Colisão com objeto";"Com Vítimas Feridas";"Pleno dia";"Decrescente";"Nublado";"Dupla";"Curva";"Não";2;0;1;0;1;0;1;1;-25,476041;-49,710779;"SPRF-PR";"DEL03-PR";"UOP03-DEL03-PR"
565347;2023-12-04;"segunda-feira";"06:30:00";"BA";324;561;"AMELIA RODRIGUES";"Condutor deixou de manter distância do veículo da frente";"Colisão traseira";"Com Vítimas Feridas";"Pleno dia";"Crescente";"Céu Claro";"Dupla";"Reta";"Não";5;0;1;0;2;2;1;5;-12,49921146;-38,64420533;"SPRF-BA";"DEL01-BA";"UOP01-DEL01-BA"
565348;2023-12-04;"segunda-feira";"06:45:00";"SC";101;212,2;"PALHOCA";"Trafegar com motocicleta (ou similar) entre as faixas";"Colisão lateral mesmo sentido";"Com Vítimas Feridas";"Pleno dia";"Decrescente";"Nublado";"Dupla";"Reta";"Sim";3;0;1;1;1;0;2;3;-27,62996929;-48,65903871;"SPRF-SC";"DEL01-SC";"UOP02-DEL01-SC"
565351;2023-12-04;"segunda-feira";"06:05:00";"RJ";101;324;"NITEROI";"Ausência de reação do condutor";"Queda de ocupante de veículo";"Com Vítimas Feridas";"Pleno dia";"Decrescente";"Céu Claro";"Múltipla";"Reta";"Não";1;0;1;0;0;0;1;1;-22,87381074;-43,12640997;"SPRF-RJ";"DEL02-RJ";"UOP01-DEL02-RJ"
565352;2023-12-04;"segunda-feira";"07:05:00";"SC";101;216,8;"PALHOCA";"Trafegar com motocicleta (ou similar) entre as faixas";"Colisão transversal";"Com Vítimas Feridas";"Pleno dia";"Decrescente";"Nublado";"Múltipla";"Reta";"Sim";2;0;0;1;1;0;1;2;-27,65981409;-48,67747798;"SPRF-SC";"DEL01-SC";"UOP02-DEL01-SC"
565353;2023-12-04;"segunda-feira";"07:20:00";"SC";101;215;"PALHOCA";"Condutor deixou de manter distância do veículo da frente";"Colisão lateral mesmo sentido";"Com Vítimas Feridas";"Pleno dia";"Decrescente";"Céu Claro";"Múltipla";"Reta";"Não";2;0;1;0;0;1;1;2;-27,65184843;-48,67604941;"SPRF-SC";"DEL01-SC";"UOP02-DEL01-SC"
565356;2023-12-03;"domingo";"19:00:00";"PA";230;631;"ALTAMIRA";"Ausência de reação do condutor";"Queda de ocupante de veículo";"Com Vítimas Fatais";"Plena Noite";"Decrescente";"Céu Claro";"Simples";"Reta;Rotatória";"Sim";2;1;0;0;0;1;0;2;-3,17548707;-52,18108249;"SPRF-PA";"DEL04-PA";"UOP01-DEL04-PA"
565357;2023-12-04;"segunda-feira";"07:10:00";"PE";101;12,2;"GOIANA";"Reação tardia ou ineficiente do condutor";"Saída de leito carroçável";"Com Vítimas Feridas";"Pleno dia";"Decrescente";"Céu Claro";"Dupla";"Reta";"Não";4;0;4;0;0;0;4;1;-7,62621106;-34,96669711;"SPRF-PE";"DEL01-PE";"UOP02-DEL01-PE"
565360;2023-12-04;"segunda-feira";"08:00:00";"SC";282;1,2;"FLORIANOPOLIS";"Reação tardia ou ineficiente do condutor";"Colisão lateral mesmo sentido";"Com Vítimas Feridas";"Pleno dia";"Decrescente";"Nublado";"Múltipla";"Reta";"Sim";2;0;1;0;1;0;1;2;-27,602955;-48,580509;"SPRF-SC";"DEL01-SC";"UOP01-DEL01-SC"
565361;2023-12-04;"segunda-feira";"07:20:00";"SC";101;211,8;"PALHOCA";"Reação tardia ou ineficiente do condutor";"Colisão traseira";"Com Vítimas Feridas";"Pleno dia";"Decrescente";"Céu Claro";"Dupla";"Reta;Declive";"Sim";2;0;1;0;1;0;1;2;-27,62329313;-48,65245588;"SPRF-SC";"DEL01-SC";"UOP02-DEL01-SC"
565362;2023-12-04;"segunda-feira";"07:30:00";"SP";116;140,2;"SAO JOSE DOS CAMPOS";"Ausência de reação do condutor";"Colisão traseira";"Com Vítimas Feridas";"Pleno dia";"Crescente";"Céu Claro";"Dupla";"Reta";"Sim";2;0;0;1;1;0;1;2;-23,16577714;-45,81246193;"SPRF-SP";"DEL02-SP";"UOP01-DEL02-SP"
565363;2023-12-04;"segunda-feira";"06:20:00";"PE";423;95;"GARANHUNS";"Acessar a via sem observar a presença dos outros veículos";"Colisão transversal";"Sem Vítimas";"Amanhecer";"Decrescente";"Chuva";"Simples";"Reta";"Sim";2;0;0;0;2;0;0;2;-8,87891989;-36,47796305;"SPRF-PE";"DEL03-PE";"UOP01-DEL03-PE"
565365;2023-12-04;"segunda-feira";"07:15:00";"PR";376;492,8;"PONTA GROSSA";"Velocidade Incompatível";"Colisão com objeto";"Com Vítimas Feridas";"Pleno dia";"Decrescente";"Nublado";"Dupla";"Curva;Ponte";"Sim";1;0;1;0;0;0;1;1;-25,12277799;-50,18361282;"SPRF-PR";"DEL03-PR";"UOP04-DEL03-PR"
565366;2023-12-04;"segunda-feira";"08:15:00";"DF";40;2,5;"BRASILIA";"Trafegar com motocicleta (ou similar) entre as faixas";"Colisão lateral mesmo sentido";"Com Vítimas Feridas";"Pleno dia";"Decrescente";"Céu Claro";"Dupla";"Reta";"Não";2;0;1;1;0;0;2;2;-16,00118084;-47,98434377;"SPRF-DF";"DEL01-DF";"UOP01-DEL01-DF"
565367;2023-11-30;"quinta-feira";"00:20:00";"SC";282;643,7;"SAO MIGUEL DO OESTE";"Velocidade Incompatível";"Saída de leito carroçável";"Sem Vítimas";"Plena Noite";"Decrescente";"Nublado";"Simples";"Curva";"Não";1;0;0;0;0;1;0;1;-26,768974;-53,469772;"SPRF-SC";"DEL07-SC";"UOP03-DEL07-SC"
565368;2023-12-04;"segunda-feira";"07:10:00";"MG";381;485;"BETIM";"Condutor deixou de manter distância do veículo da frente";"Engavetamento";"Com Vítimas Feridas";"Pleno dia";"Crescente";"Céu Claro";"Dupla";"Curva;Aclive";"Sim";3;0;1;0;2;0;1;3;-19,95659361;-44,12622893;"SPRF-MG";"DEL01-MG";"UOP03-DEL01-MG"