"id";"data_inversa";"dia_semana";"horario";"uf";"br";"km";"municipio";"causa_acidente";"tipo_acidente";"classificacao_acidente";"fase_dia";"sentido_via";"condicao_metereologica";"tipo_pista";"tracado_via";"uso_solo";"pessoas";"mortos";"feridos_leves";"feridos_graves";"ilesos";"ignorados";"feridos";"veiculos";"latitude";"longitude";"regional";"delegacia";"uop"
565369;2023-12-04;"segunda-feira";"08:21:00";"PB";230;23,9;"JOAO PESSOA";"Condutor deixou de manter distância do veículo da frente";"Colisão traseira";"Com Vítimas Feridas";"Pleno dia";"Decrescente";"Céu Claro";"Dupla";"Reta;Viaduto";"Sim";3;0;1;1;1;0;2;2;-7,1562;-34,8574;"SPRF-PB";"DEL01-PB";"UOP01-DEL01-PB"
565371;2023-12-04;"segunda-feira";"06:30:00";"GO";153;589,9;"MORRINHOS";"Acumulo de água sobre o pavimento";"Saída de leito carroçável";"Com Vítimas Feridas";"Amanhecer";"Decrescente";"Chuva";"Dupla";"Reta;Declive";"Não";4;0;4;0;0;0;4;1;-17,4675;-49,2187;"SPRF-GO";"DEL03-GO";"UOP01-DEL03-GO"
565374;2023-12-04;"segunda-feira";"08:15:00";"GO";153;504;"APARECIDA DE GOIANIA";"Condutor Dormindo";"Saída de leito carroçável";"Com Vítimas Feridas";"Pleno dia";"Decrescente";"Céu Claro";"Dupla";"Aclive";"Não";2;0;2;0;0;0;2;1;-16,7451;-49,2408;"SPRF-GO";"DEL01-GO";"UOP01-DEL01-GO"
565375;2023-11-06;"segunda-feira";"08:30:00";"PR";277;76;"SAO JOSE DOS PINHAIS";"Condutor Dormindo";"Colisão traseira";"Com Vítimas Feridas";"Pleno dia";"Crescente";"Céu Claro";"Múltipla";"Reta";"Sim";3;0;1;0;2;0;1;3;-25,48775487;-49,18201447;"SPRF-PR";"DEL01-PR";"UOP07-DEL01-PR"
565377;2023-12-04;"segunda-feira";"07:26:00";"PR";277;73;"SAO JOSE DOS PINHAIS";"Reação tardia ou ineficiente do condutor";"Engavetamento";"Com Vítimas Feridas";"Pleno dia";"Crescente";"Céu Claro";"Dupla";"Reta";"Não";13;0;1;0;12;0;1;6;-25,49689325;-49,16039518;"SPRF-PR";"DEL01-PR";"UOP07-DEL01-PR"
565379;2023-10-09;"segunda-feira";"18:10:00";"RJ";101;319;"NITEROI";"Condutor deixou de manter distância do veículo da frente";"Engavetamento";"Com Vítimas Feridas";"Anoitecer";"Decrescente";"Céu Claro";"Dupla";"Reta";"Sim";3;0;1;0;0;2;1;3;-22,85411774;-43,1018014;"SPRF-RJ";"DEL02-RJ";"UOP02-DEL02-RJ"
565381;2023-12-04;"segunda-feira";"08:00:00";"RJ";101;319;"NITEROI";"Trafegar com motocicleta (ou similar) entre as faixas";"Colisão lateral mesmo sentido";"Com Vítimas Feridas";"Pleno dia";"Crescente";"Nublado";"Múltipla";"Reta";"Não";4;0;1;0;3;0;1;2;-22,85411774;-43,1018014;"SPRF-RJ";"DEL02-RJ";"UOP02-DEL02-RJ"
565382;2023-12-04;"segunda-feira";"07:20:00";"PI";316;2;"TERESINA";"Condutor deixou de manter distância do veículo da frente";"Engavetamento";"Com Vítimas Feridas";"Pleno dia";"Decrescente";"Céu Claro";"Dupla";"Reta";"Sim";6;0;1;1;4;0;2;5;-5,12477477;-42,79848465;"SPRF-PI";"DEL01-PI";"UOP02-DEL01-PI"
565383;2023-12-04;"segunda-feira";"07:30:00";"SC";470;50,8;"BLUMENAU";"Entrada inopinada do pedestre";"Atropelamento de Pedestre";"Com Vítimas Feridas";"Pleno dia";"Decrescente";"Nublado";"Simples";"Reta";"Sim";2;0;1;0;1;0;1;2;-26,859768;-49,074493;"SPRF-SC";"DEL04-SC";"UOP01-DEL04-SC"
565384;2023-12-04;"segunda-feira";"08:30:00";"MG";262;466,4;"BOM DESPACHO";"Velocidade Incompatível";"Saída de leito carroçável";"Sem Vítimas";"Pleno dia";"Crescente";"Céu Claro";"Simples";"Reta";"Não";1;0;0;0;0;1;0;1;-19,80696129;-45,12497507;"SPRF-MG";"DEL08-MG";"UOP03-DEL08-MG"
565385;2023-12-04;"segunda-feira";"07:51:00";"SC";101;18,3;"JOINVILLE";"Avarias e/ou desgaste excessivo no pneu";"Queda de ocupante de veículo";"Com Vítimas Feridas";"Pleno dia";"Crescente";"Céu Claro";"Dupla";"Reta";"Não";2;0;2;0;0;0;2;1;-26,128553;-48,888776;"SPRF-SC";"DEL03-SC";"UOP01-DEL03-SC"
565386;2023-12-04;"segunda-feira";"02:30:00";"AC";364;272,2;"SENA MADUREIRA";"Reação tardia ou ineficiente do condutor";"Colisão com objeto";"Com Vítimas Feridas";"Plena Noite";"Decrescente";"Ignorado";"Simples";"Reta;Ponte";"Sim";2;0;2;0;0;0;2;1;-9,08102203;-68,66159147;"SPRF-AC";"DEL01-AC";"UOP01-DEL01-AC"
565389;2023-12-03;"domingo";"21:00:00";"RJ";116;200;"QUEIMADOS";"Reação tardia ou ineficiente do condutor";"Colisão com objeto";"Sem Vítimas";"Plena Noite";"Crescente";"Céu Claro";"Dupla";"Reta";"Não";1;0;0;0;0;1;0;1;-22,7306082;-43,59401795;"SPRF-RJ";"DEL06-RJ";"UOP02-DEL06-RJ"
565390;2023-12-04;"segunda-feira";"09:40:00";"SC";101;110,9;"NAVEGANTES";"Condutor deixou de manter distância do veículo da frente";"Colisão traseira";"Com Vítimas Feridas";"Pleno dia";"Crescente";"Nublado";"Dupla";"Reta";"Não";2;0;1;0;1;0;1;2;-26,83477;-48,706151;"SPRF-SC";"DEL04-SC";"UOP04-DEL04-SC"
565391;2023-12-04;"segunda-feira";"09:25:00";"RJ";40;94;"DUQUE DE CAXIAS";"Ausência de reação do condutor";"Tombamento";"Com Vítimas Feridas";"Pleno dia";"Decrescente";"Céu Claro";"Simples";"Curva;Aclive";"Sim";1;0;1;0;0;0;1;1;-22,55763285;-43,26574352;"SPRF-RJ";"DEL01-RJ";"UOP01-DEL01-RJ"
565393;2023-12-04;"segunda-feira";"07:30:00";"PR";277;75,5;"SAO JOSE DOS PINHAIS";"Condutor deixou de manter distância do veículo da frente";"Colisão traseira";"Com Vítimas Feridas";"Pleno dia";"Crescente";"Sol";"Dupla";"Reta";"Não";2;0;1;0;1;0;1;2;-25,49410785;-49,16725159;"SPRF-PR";"DEL01-PR";"UOP07-DEL01-PR"
565394;2023-10-21;"sábado";"18:20:00";"RO";364;344;"JI-PARANA";"Manobra de mudança de faixa";"Colisão lateral mesmo sentido";"Com Vítimas Feridas";"Anoitecer";"Decrescente";"Céu Claro";"Múltipla";"Retorno Regulamentado";"Sim";2;0;0;1;0;1;1;2;-10,87376391;-61,95256893;"SPRF-RO";"DEL02-RO";"UOP01-DEL02-RO"
565395;2023-12-04;"segunda-feira";"03:25:00";"PE";101;113,6;"IPOJUCA";"Ausência de reação do condutor";"Saída de leito carroçável";"Com Vítimas Feridas";"Plena Noite";"Decrescente";"Céu Claro";"Dupla";"Curva";"Não";1;0;1;0;0;0;1;1;-8,33107097;-35,12666499;"SPRF-PE";"DEL01-PE";"UOP03-DEL01-PE"
565397;2023-12-04;"segunda-feira";"08:55:00";"PR";277;108;"CAMPO LARGO";"Avarias e/ou desgaste excessivo no pneu";"Saída de leito carroçável";"Com Vítimas Feridas";"Pleno dia";"Decrescente";"Céu Claro";"Dupla";"Reta";"Não";2;0;1;1;0;0;2;1;-25,439;-49,446;"SPRF-PR";"DEL03-PR";"UOP03-DEL03-PR"
565399;2023-12-04;"segunda-feira";"10:12:00";"RJ";393;177;"TRES RIOS";"Ultrapassagem Indevida";"Colisão lateral mesmo sentido";"Com Vítimas Feridas";"Pleno dia";"Crescente";"Céu Claro";"Simples";"Curva";"Sim";2;0;1;0;1;0;1;2;-22,12586166;-43,21215519;"SPRF-RJ";"DEL05-RJ";"UOP03-DEL05-RJ"
565400;2023-12-04;"segunda-feira";"10:45:00";"AL";101;50;"FLEXEIRAS";"Acessar a via sem observar a presença dos outros veículos";"Colisão transversal";"Com Vítimas Feridas";"Pleno dia";"Crescente";"Céu Claro";"Dupla";"Reta";"Não";5;0;3;0;2;0;3;2;-9,241987;-35,760014;"SPRF-AL";"DEL01-AL";"UOP02-DEL01-AL"
565402;2023-10-18;"quarta-feira";"07:50:00";"PR";376;592;"CURITIBA";"Acessar a via sem observar a presença dos outros veículos";"Atropelamento de Pedestre";"Com Vítimas Feridas";"Pleno dia";"Crescente";"Nublado";"Dupla";"Reta";"Não";2;0;1;0;1;0;1;2;-25,46833525;-49,35524543;"SPRF-PR";"DEL01-PR";"UOP06-DEL01-PR"
565403;2023-12-04;"segunda-feira";"07:40:00";"MG";40;517;"RIBEIRAO DAS NEVES";"Manobra de mudança de faixa";"Colisão lateral mesmo sentido";"Com Vítimas Feridas";"Pleno dia";"Crescente";"Céu Claro";"Dupla";"Reta";"Não";3;0;1;0;0;2;1;2;-19,82351202;-44,08438913;"SPRF-MG";"DEL01-MG";"UOP02-DEL01-MG"
565405;2023-12-04;"segunda-feira";"10:50:00";"SP";381;84;"SAO PAULO";"Pista esburacada";"Queda de ocupante de veículo";"Com Vítimas Feridas";"Pleno dia";"Decrescente";"Céu Claro";"Múltipla";"Reta";"Sim";2;0;2;0;0;0;2;1;-23,43937;-46,56807;"SPRF-SP";"DEL03-SP";"UOP01-DEL03-SP"
565406;2023-10-08;"domingo";"16:00:00";"PI";343;2;"TERESINA";"Ingestão de álcool pelo condutor";"Colisão traseira";"Com Vítimas Feridas";"Pleno dia";"Crescente";"Céu Claro";"Múltipla";"Reta";"Sim";2;0;0;1;1;0;1;2;-5,089569;-42,802288;"SPRF-PI";"DEL01-PI";"UOP01-DEL01-PI"
565407;2023-12-04;"segunda-feira";"06:30:00";"RJ";40;123;"DUQUE DE CAXIAS";"Manobra de mudança de faixa";"Colisão traseira";"Com Vítimas Feridas";"Pleno dia";"Crescente";"Céu Claro";"Dupla";"Reta";"Não";3;0;2;0;0;1;2;2;-22,79907687;-43,29015739;"SPRF-RJ";"DEL01-RJ";"UOP02-DEL01-RJ"
565408;2023-12-04;"segunda-feira";"09:30:00";"SC";101;332,5;"TUBARAO";"Acessar a via sem observar a presença dos outros veículos";"Colisão transversal";"Com Vítimas Feridas";"Pleno dia";"Decrescente";"Chuva";"Simples";"Reta";"Sim";2;0;1;0;1;0;1;2;-28,46016431;-48,98968873;"SPRF-SC";"DEL02-SC";"UOP01-DEL02-SC"
565409;2023-12-04;"segunda-feira";"11:30:00";"RS";290;17;"SANTO ANTONIO DA PATRULHA";"Condutor Dormindo";"Atropelamento de Pedestre";"Com Vítimas Feridas";"Pleno dia";"Decrescente";"Nublado";"Dupla";"Reta";"Não";3;0;0;1;2;0;1;3;-29,87541937;-50,4252113;"SPRF-RS";"DEL03-RS";"UOP01-DEL03-RS"
565410;2023-12-04;"segunda-feira";"11:30:00";"RN";226;92,5;"TANGARA";"Condutor deixou de manter distância do veículo da frente";"Colisão traseira";"Com Vítimas Feridas";"Pleno dia";"Crescente";"Céu Claro";"Simples";"Curva";"Não";2;0;1;0;1;0;1;2;-6,2466165;-35,8596715;"SPRF-RN";"DEL03-RN";"UOP02-DEL03-RN"
565412;2023-12-04;"segunda-feira";"09:20:00";"RO";364;425;"JARU";"Desrespeitar a preferência no cruzamento";"Colisão transversal";"Com Vítimas Feridas";"Pleno dia";"Crescente";"Céu Claro";"Dupla";"Reta;Interseção de Vias";"Não";3;0;1;0;2;0;1;3;-10,43752488;-62,47169791;"SPRF-RO";"DEL03-RO";"UOP02-DEL03-RO"
565413;2023-09-07;"quinta-feira";"13:15:00";"AL";101;177;"TEOTONIO VILELA";"Acumulo de água sobre o pavimento";"Capotamento";"Com Vítimas Feridas";"Pleno dia";"Crescente";"Chuva";"Dupla";"Reta";"Sim";2;0;1;0;1;0;1;1;-9,88962;-36,382435;"SPRF-AL";"DEL02-AL";"UOP02-DEL02-AL"
565414;2023-12-04;"segunda-feira";"11:15:00";"PE";101;65;"RECIFE";"Ausência de reação do condutor";"Engavetamento";"Com Vítimas Feridas";"Pleno dia";"Decrescente";"Céu Claro";"Dupla";"Reta";"Sim";3;0;1;0;2;0;1;3;-8,02478597;-34,94276635;"SPRF-PE";"DEL01-PE";"UOP01-DEL01-PE"
565416;2023-12-04;"segunda-feira";"08:55:00";"MG";50;177,8;"UBERABA";"Velocidade Incompatível";"Tombamento";"Com Vítimas Feridas";"Pleno dia";"Decrescente";"Céu Claro";"Dupla";"Viaduto";"Sim";2;0;2;0;0;0;2;1;-19,779175;-47,944964;"SPRF-MG";"DEL13-MG";"UOP01-DEL13-MG"
565418;2023-12-04;"segunda-feira";"08:30:00";"SP";116;206;"GUARULHOS";"Reação tardia ou ineficiente do condutor";"Colisão lateral mesmo sentido";"Com Vítimas Feridas";"Pleno dia";"Crescente";"Céu Claro";"Múltipla";"Reta";"Sim";2;0;1;0;1;0;1;2;-23,41722629;-46,37510292;"SPRF-SP";"DEL01-SP";"UOP01-DEL01-SP"
565419;2023-12-04;"segunda-feira";"07:50:00";"MG";381;388,7;"BARAO DE COCAIS";"Velocidade Incompatível";"Saída de leito carroçável";"Com Vítimas Feridas";"Pleno dia";"Decrescente";"Céu Claro";"Simples";"Curva";"Não";1;0;1;0;0;0;1;1;-19,8051994;-43,4027619;"SPRF-MG";"DEL01-MG";"UOP01-DEL01-MG"
565420;2023-12-04;"segunda-feira";"11:00:00";"MG";116;509,5;"UBAPORANGA";"Ausência de reação do condutor";"Colisão traseira";"Com Vítimas Feridas";"Pleno dia";"Crescente";"Céu Claro";"Simples";"Reta";"Não";2;0;1;0;1;0;1;2;-19,63654904;-42,10593182;"SPRF-MG";"DEL06-MG";"UOP02-DEL06-MG"
565422;2023-12-04;"segunda-feira";"12:30:00";"SC";470;45;"GASPAR";"Ausência de reação do condutor";"Colisão lateral mesmo sentido";"Com Vítimas Feridas";"Pleno dia";"Crescente";"Céu Claro";"Simples";"Reta;Em Obras";"Sim";2;0;1;0;1;0;1;2;-26,867064;-49,031109;"SPRF-SC";"DEL04-SC";"UOP01-DEL04-SC"
565427;2023-12-04;"segunda-feira";"09:00:00";"PR";469;17,7;"FOZ DO IGUACU";"Acesso irregular";"Colisão transversal";"Com Vítimas Feridas";"Pleno dia";"Crescente";"Céu Claro";"Simples";"Reta";"Sim";3;0;2;0;0;1;2;3;-25,5906;-54,5172;"SPRF-PR";"DEL05-PR";"UOP04-DEL05-PR"
565429;2023-12-04;"segunda-feira";"13:00:00";"SP";381;43;"ATIBAIA";"Ausência de reação do condutor";"Engavetamento";"Com Vítimas Feridas";"Pleno dia";"Decrescente";"Céu Claro";"Múltipla";"Reta";"Sim";5;0;0;1;4;0;1;5;-23,15597105;-46,5740155;"SPRF-SP";"DEL03-SP";"UOP01-DEL03-SP"
565430;2023-12-04;"segunda-feira";"08:00:00";"MG";459;94;"POUSO ALEGRE";"Acumulo de água sobre o pavimento";"Capotamento";"Com Vítimas Feridas";"Pleno dia";"Decrescente";"Chuva";"Simples";"Curva";"Não";3;0;2;0;0;1;2;2;-22,184677;-45,988678;"SPRF-MG";"DEL09-MG";"UOP01-DEL09-MG"
565433;2023-10-17;"terça-feira";"23:30:00";"RJ";101;320;"NITEROI";"Ausência de reação do condutor";"Queda de ocupante de veículo";"Com Vítimas Feridas";"Plena Noite";"Decrescente";"Céu Claro";"Múltipla";"Curva";"Sim";1;0;1;0;0;0;1;1;-22,86171098;-43,10714015;"SPRF-RJ";"DEL02-RJ";"UOP01-DEL02-RJ"
565434;2023-12-04;"segunda-feira";"12:45:00";"PR";163;227,8;"CASCAVEL";"Acessar a via sem observar a presença dos outros veículos";"Colisão lateral mesmo sentido";"Com Vítimas Feridas";"Pleno dia";"Decrescente";"Céu Claro";"Dupla";"Reta";"Sim";2;0;1;0;1;0;1;2;-24,897235;-53,533793;"SPRF-PR";"DEL04-PR";"UOP01-DEL04-PR"
565436;2023-10-25;"quarta-feira";"09:47:00";"MG";40;531,6;"BELO HORIZONTE";"Reação tardia ou ineficiente do condutor";"Tombamento";"Com Vítimas Feridas";"Pleno dia";"Crescente";"Ignorado";"Dupla";"Curva;Declive";"Sim";1;0;1;0;0;0;1;1;-19,92275841;-44,02106523;"SPRF-MG";"DEL01-MG";"UOP02-DEL01-MG"
565437;2023-10-12;"quinta-feira";"10:35:00";"RJ";101;265;"RIO BONITO";"Condutor deixou de manter distância do veículo da frente";"Queda de ocupante de veículo";"Com Vítimas Feridas";"Pleno dia";"Decrescente";"Céu Claro";"Dupla";"Reta";"Sim";2;0;1;0;1;0;1;2;-22,71359987;-42,64391188;"SPRF-RJ";"DEL02-RJ";"UOP03-DEL02-RJ"
565438;2023-12-04;"segunda-feira";"14:30:00";"PR";369;39;"ANDIRA";"Acessar a via sem observar a presença dos outros veículos";"Colisão transversal";"Com Vítimas Feridas";"Pleno dia";"Crescente";"Céu Claro";"Simples";"Interseção de Vias";"Sim";4;0;4;0;0;0;4;2;-23,05859238;-50,24834104;"SPRF-PR";"DEL07-PR";"UOP05-DEL07-PR"
565439;2023-12-04;"segunda-feira";"13:30:00";"RJ";40;114;"DUQUE DE CAXIAS";"Avarias e/ou desgaste excessivo no pneu";"Queda de ocupante de veículo";"Com Vítimas Feridas";"Pleno dia";"Crescente";"Céu Claro";"Múltipla";"Reta";"Sim";2;0;1;0;0;1;1;1;-22,71853604;-43,28993324;"SPRF-RJ";"DEL01-RJ";"UOP02-DEL01-RJ"
565441;2023-12-04;"segunda-feira";"14:15:00";"RJ";101;323;"NITEROI";"Ausência de reação do condutor";"Colisão traseira";"Com Vítimas Feridas";"Pleno dia";"Decrescente";"Nublado";"Múltipla";"Reta";"Não";4;0;2;0;2;0;2;2;-22,87684786;-43,11728689;"SPRF-RJ";"DEL02-RJ";"UOP01-DEL02-RJ"
565442;2023-12-04;"segunda-feira";"14:58:00";"SC";101;209,2;"SAO JOSE";"Reação tardia ou ineficiente do condutor";"Queda de ocupante de veículo";"Com Vítimas Feridas";"Pleno dia";"Decrescente";"Nublado";"Múltipla";"Reta";"Sim";1;0;1;0;0;0;1;1;-27,61000542;-48,63895057;"SPRF-SC";"DEL01-SC";"UOP01-DEL01-SC"
565444;2023-12-04;"segunda-feira";"15:20:00";"PE";101;64;"RECIFE";"Manobra de mudança de faixa";"Colisão lateral mesmo sentido";"Com Vítimas Feridas";"Pleno dia";"Crescente";"Céu Claro";"Múltipla";"Curva";"Sim";2;0;0;1;1;0;1;2;-8,02478597;-34,94276635;"SPRF-PE";"DEL01-PE";"UOP01-DEL01-PE"
565445;2023-12-04;"segunda-feira";"15:15:00";"RS";116;270;"CANOAS";"Pista Escorregadia";"Queda de ocupante de veículo";"Com Vítimas Feridas";"Pleno dia";"Decrescente";"Chuva";"Dupla";"Reta";"Sim";1;0;1;0;0;0;1;1;-29,96839095;-51,17623895;"SPRF-RS";"DEL01-RS";"UOP01-DEL01-RS"
565449;2023-12-04;"segunda-feira";"11:30:00";"AC";364;137;"RIO BRANCO";"Acessar a via sem observar a presença dos outros veículos";"Colisão traseira";"Com Vítimas Feridas";"Pleno dia";"Decrescente";"Céu Claro";"Dupla";"Rotatória";"Sim";2;0;1;0;1;0;1;2;-9,96935404;-67,85264513;"SPRF-AC";"DEL01-AC";"UOP01-DEL01-AC"
565451;2023-12-04;"segunda-feira";"14:10:00";"GO";40;68,7;"CRISTALINA";"Acessar a via sem observar a presença dos outros veículos";"Colisão transversal";"Com Vítimas Feridas";"Pleno dia";"Crescente";"Céu Claro";"Simples";"Reta;Declive";"Não";4;0;2;1;1;0;3;2;-16,588668;-47,779562;"SPRF-DF";"DEL01-DF";"UOP02-DEL01-DF"
565454;2023-11-11;"sábado";"00:18:00";"PE";232;7;"RECIFE";"Ausência de reação do condutor";"Colisão traseira";"Com Vítimas Feridas";"Plena Noite";"Crescente";"Céu Claro";"Dupla";"Reta;Retorno Regulamentado";"Não";3;0;2;1;0;0;3;2;-8,07583727;-34,97015791;"SPRF-PE";"DEL01-PE";"UOP01-DEL01-PE"
565456;2023-12-04;"segunda-feira";"15:08:00";"MG";381;814,5;"CAREACU";"Velocidade Incompatível";"Saída de leito carroçável";"Com Vítimas Feridas";"Pleno dia";"Decrescente";"Céu Claro";"Dupla";"Reta";"Não";1;0;1;0;0;0;1;1;-22,08082995;-45,70131507;"SPRF-MG";"DEL16-MG";"UOP02-DEL16-MG"
565457;2023-12-04;"segunda-feira";"15:30:00";"GO";414;439;"ANAPOLIS";"Área urbana sem a presença de local apropriado para a travessia de pedestres";"Atropelamento de Pedestre";"Com Vítimas Feridas";"Pleno dia";"Crescente";"Garoa/Chuvisco";"Simples";"Reta";"Sim";2;0;0;1;1;0;1;2;-16,28128823;-48,94258908;"SPRF-GO";"DEL02-GO";"UOP01-DEL02-GO"
565458;2023-12-04;"segunda-feira";"15:40:00";"DF";20;52;"BRASILIA";"Velocidade Incompatível";"Saída de leito carroçável";"Com Vítimas Feridas";"Pleno dia";"Crescente";"Céu Claro";"Dupla";"Aclive;Reta";"Não";4;0;3;0;1;0;3;1;-15,580098;-47,403366;"SPRF-DF";"DEL02-DF";"UOP01-DEL02-DF"
565459;2023-12-04;"segunda-feira";"15:30:00";"ES";101;75,5;"SAO MATEUS";"Demais falhas mecânicas ou elétricas";"Saída de leito carroçável";"Com Vítimas Feridas";"Pleno dia";"Decrescente";"Sol";"Simples";"Reta";"Não";1;0;1;0;0;0;1;1;-18,78487912;-39,87911084;"SPRF-ES";"DEL04-ES";"UOP02-DEL04-ES"
565460;2023-09-18;"segunda-feira";"06:00:00";"SC";101;131;"BALNEARIO CAMBORIU";"Animais na Pista";"Queda de ocupante de veículo";"Com Vítimas Feridas";"Amanhecer";"Crescente";"Nublado";"Dupla";"Reta";"Sim";1;0;0;1;0;0;1;1;-26,99064209;-48,66310912;"SPRF-SC";"DEL04-SC";"UOP03-DEL04-SC"
565462;2023-12-04;"segunda-feira";"15:33:00";"RJ";493;1;"ITABORAI";"Demais falhas mecânicas ou elétricas";"Incêndio";"Sem Vítimas";"Pleno dia";"Crescente";"Sol";"Dupla";"Reta";"Sim";1;0;0;0;1;0;0;1;-22,76398788;-42,92731895;"SPRF-RJ";"DEL02-RJ";"UOP02-DEL02-RJ"
565463;2023-12-04;"segunda-feira";"16:00:00";"SC";101;213,1;"PALHOCA";"Reação tardia ou ineficiente do condutor";"Colisão lateral mesmo sentido";"Com Vítimas Feridas";"Pleno dia";"Crescente";"Nublado";"Dupla";"Reta";"Sim";3;0;0;1;2;0;1;2;-27,63697369;-48,66514142;"SPRF-SC";"DEL01-SC";"UOP02-DEL01-SC"
565464;2023-12-02;"sábado";"18:00:00";"PI";135;570;"CORRENTE";"Avarias e/ou desgaste excessivo no pneu";"Saída de leito carroçável";"Sem Vítimas";"Anoitecer";"Decrescente";"Nublado";"Simples";"Reta";"Não";1;0;0;0;1;0;0;1;-10,259186;-45,17849699;"SPRF-PI";"DEL03-PI";"UOP02-DEL03-PI"
565465;2023-12-04;"segunda-feira";"16:10:00";"RJ";101;489;"ANGRA DOS REIS";"Ultrapassagem Indevida";"Colisão lateral mesmo sentido";"Com Vítimas Feridas";"Pleno dia";"Crescente";"Céu Claro";"Simples";"Reta";"Sim";3;0;1;0;2;0;1;2;-22,95605138;-44,30404997;"SPRF-RJ";"DEL03-RJ";"UOP03-DEL03-RJ"
565467;2023-12-04;"segunda-feira";"16:10:00";"GO";50;97,6;"CRISTALINA";"Desrespeitar a preferência no cruzamento";"Colisão transversal";"Com Vítimas Feridas";"Pleno dia";"Decrescente";"Céu Claro";"Simples";"Rotatória";"Sim";4;0;3;0;1;0;3;2;-16,9309;-47,7117;"SPRF-DF";"DEL01-DF";"UOP02-DEL01-DF"
565468;2023-12-04;"segunda-feira";"14:30:00";"RO";364;712;"PORTO VELHO";"Manobra de mudança de faixa";"Colisão lateral mesmo sentido";"Com Vítimas Feridas";"Pleno dia";"Crescente";"Céu Claro";"Dupla";"Reta";"Sim";3;0;2;0;1;0;2;2;-8,7770354;-63,87316466;"SPRF-RO";"DEL01-RO";"UOP01-DEL01-RO"
565469;2023-12-04;"segunda-feira";"16:10:00";"PR";376;671,9;"GUARATUBA";"Reação tardia ou ineficiente do condutor";"Colisão com objeto";"Sem Vítimas";"Pleno dia";"Crescente";"Chuva";"Dupla";"Reta;Declive";"Não";2;0;0;0;2;0;0;1;-25,885323;-48,935154;"SPRF-PR";"DEL01-PR";"UOP04-DEL01-PR"
565470;2023-12-04;"segunda-feira";"15:23:00";"RS";116;267,5;"CANOAS";"Falta de acostamento";"Atropelamento de Pedestre";"Com Vítimas Fatais";"Pleno dia";"Crescente";"Nublado";"Dupla";"Reta";"Sim";4;1;1;0;1;1;1;4;-29,94142398;-51,17697062;"SPRF-RS";"DEL01-RS";"UOP01-DEL01-RS"
565472;2023-12-04;"segunda-feira";"16:45:00";"PB";101;89,5;"JOAO PESSOA";"Manobra de mudança de faixa";"Colisão lateral mesmo sentido";"Com Vítimas Feridas";"Pleno dia";"Decrescente";"Céu Claro";"Simples";"Reta;Retorno Regulamentado";"Sim";2;0;1;0;0;1;1;2;-7,1710694;-34,89765372;"SPRF-PB";"DEL01-PB";"UOP02-DEL01-PB"
565473;2023-12-04;"segunda-feira";"17:00:00";"SC";101;201,5;"SAO JOSE";"Manobra de mudança de faixa";"Colisão lateral mesmo sentido";"Com Vítimas Feridas";"Pleno dia";"Decrescente";"Nublado";"Múltipla";"Reta";"Sim";3;0;2;0;1;0;2;2;-27,54836599;-48,61977975;"SPRF-SC";"DEL01-SC";"UOP01-DEL01-SC"
565474;2023-12-04;"segunda-feira";"17:20:00";"PR";376;159,1;"MANDAGUACU";"Entrada inopinada do pedestre";"Atropelamento de Pedestre";"Com Vítimas Feridas";"Pleno dia";"Crescente";"Sol";"Dupla";"Reta";"Sim";2;0;0;1;1;0;1;2;-23,36128023;-52,08653569;"SPRF-PR";"DEL09-PR";"UOP01-DEL09-PR"
565476;2023-12-04;"segunda-feira";"17:20:00";"SE";235;0,2;"ARACAJU";"Manobra de mudança de faixa";"Colisão traseira";"Com Vítimas Feridas";"Plena Noite";"Crescente";"Céu Claro";"Dupla";"Reta";"Sim";2;0;1;0;1;0;1;2;-10,9087;-37,0855;"SPRF-SE";"DEL01-SE";"UOP01-DEL01-SE"
565477;2023-12-04;"segunda-feira";"17:00:00";"MG";381;799;"SAO GONCALO DO SAPUCAI";"Ausência de reação do condutor";"Saída de leito carroçável";"Com Vítimas Feridas";"Pleno dia";"Decrescente";"Chuva";"Dupla";"Reta";"Não";2;0;1;0;1;0;1;1;-21,97237106;-45,63123585;"SPRF-MG";"DEL16-MG";"UOP02-DEL16-MG"
565478;2023-12-04;"segunda-feira";"14:38:00";"MT";163;9,3;"ITIQUIRA";"Chuva";"Capotamento";"Com Vítimas Feridas";"Pleno dia";"Crescente";"Chuva";"Dupla";"Reta";"Não";2;0;1;0;1;0;1;1;-17,43965802;-54,74570613;"SPRF-MT";"DEL02-MT";"UOP03-DEL02-MT"
565480;2023-12-04;"segunda-feira";"16:40:00";"AP";210;31;"MACAPA";"Velocidade Incompatível";"Saída de leito carroçável";"Com Vítimas Feridas";"Pleno dia";"Crescente";"Chuva";"Simples";"Reta";"Não";4;0;2;0;2;0;2;1;0,285809;-51,082493;"SPRF-AP";"DEL01-AP";"UOP01-DEL01-AP"
565481;2023-12-04;"segunda-feira";"15:50:00";"MT";163;766,9;"SORRISO";"Ausência de reação do condutor";"Engavetamento";"Com Vítimas Feridas";"Pleno dia";"Decrescente";"Nublado";"Simples";"Reta;Em Obras";"Não";5;0;1;0;4;0;1;3;-12,44085115;-55,65347672;"SPRF-MT";"DEL06-MT";"UOP01-DEL06-MT"
565482;2023-12-04;"segunda-feira";"16:25:00";"RS";0;0;"PORTO ALEGRE";"Pista Escorregadia";"Colisão com objeto";"Sem Vítimas";"Pleno dia";"Não Informado";"Chuva";"Dupla";"Reta";"Sim";4;0;0;0;4;0;0;2;-29,99119443;-51,19098609;"SPRF-RS";"DEL01-RS";"UOP01-DEL01-RS"