"id";"data_inversa";"dia_semana";"horario";"uf";"br";"km";"municipio";"causa_acidente";"tipo_acidente";"classificacao_acidente";"fase_dia";"sentido_via";"condicao_metereologica";"tipo_pista";"tracado_via";"uso_solo";"pessoas";"mortos";"feridos_leves";"feridos_graves";"ilesos";"ignorados";"feridos";"veiculos";"latitude";"longitude";"regional";"delegacia";"uop"
565601;2023-10-05;"quinta-feira";"16:20:00";"RN";304;36,3;"MOSSORO";"Objeto estático sobre o leito carroçável";"Colisão com objeto";"Com Vítimas Feridas";"Pleno dia";"Decrescente";"Céu Claro";"Dupla";"Reta";"Sim";3;0;1;1;0;1;2;2;-5,171801;-37,359112;"SPRF-RN";"DEL04-RN";"UOP02-DEL04-RN"
565602;2023-12-05;"terça-feira";"08:15:00";"RO";364;703;"PORTO VELHO";"Manobra de mudança de faixa";"Colisão lateral mesmo sentido";"Com Vítimas Feridas";"Pleno dia";"Crescente";"Céu Claro";"Dupla";"Reta";"Não";2;0;1;0;1;0;1;2;-8,80021523;-63,79557792;"SPRF-RO";"DEL01-RO";"UOP01-DEL01-RO"
565606;2023-04-30;"domingo";"04:10:00";"GO";70;156,6;"JARAGUA";"Ingestão de álcool pelo condutor";"Saída de leito carroçável";"Com Vítimas Feridas";"Plena Noite";"Decrescente";"Céu Claro";"Simples";"Reta";"Não";3;0;0;3;0;0;3;1;-15,89430659;-49,50445788;"SPRF-GO";"DEL02-GO";"UOP02-DEL02-GO"
565607;2023-12-05;"terça-feira";"09:40:00";"SC";101;198,6;"BIGUACU";"Condutor deixou de manter distância do veículo da frente";"Colisão traseira";"Com Vítimas Feridas";"Pleno dia";"Crescente";"Chuva";"Múltipla";"Reta";"Sim";2;0;0;1;1;0;1;2;-27,52658712;-48,63506019;"SPRF-SC";"DEL01-SC";"UOP01-DEL01-SC"
565609;2023-12-05;"terça-feira";"09:40:00";"PB";230;136,7;"CAMPINA GRANDE";"Demais falhas mecânicas ou elétricas";"Queda de ocupante de veículo";"Com Vítimas Feridas";"Pleno dia";"Decrescente";"Céu Claro";"Dupla";"Reta";"Não";2;0;1;1;0;0;2;1;-7,2818;-35,7675;"SPRF-PB";"DEL02-PB";"UOP01-DEL02-PB"
565610;2023-11-08;"quarta-feira";"19:20:00";"SC";470;263;"CURITIBANOS";"Ultrapassagem Indevida";"Tombamento";"Com Vítimas Feridas";"Anoitecer";"Decrescente";"Ignorado";"Simples";"Reta";"Não";2;0;1;0;0;1;1;2;-27,302788;-50,701061;"SPRF-SC";"DEL05-SC";"UOP03-DEL05-SC"
565611;2023-12-05;"terça-feira";"09:55:00";"MG";262;812,7;"UBERABA";"Pedestre cruzava a pista fora da faixa";"Atropelamento de Pedestre";"Com Vítimas Feridas";"Pleno dia";"Decrescente";"Céu Claro";"Dupla";"Reta";"Sim";4;0;0;1;1;2;1;2;-19,764429;-47,998346;"SPRF-MG";"DEL13-MG";"UOP01-DEL13-MG"
565612;2023-12-01;"sexta-feira";"20:20:00";"MT";70;621,1;"POCONE";"Chuva";"Saída de leito carroçável";"Com Vítimas Feridas";"Plena Noite";"Crescente";"Chuva";"Simples";"Curva";"Não";5;0;3;0;2;0;3;1;-15,89206796;-56,89337907;"SPRF-MT";"DEL03-MT";"UOP02-DEL03-MT"
565614;2023-12-05;"terça-feira";"09:05:00";"MG";459;97;"POUSO ALEGRE";"Acessar a via sem observar a presença dos outros veículos";"Colisão lateral mesmo sentido";"Com Vítimas Feridas";"Pleno dia";"Crescente";"Céu Claro";"Simples";"Reta";"Não";2;0;1;0;1;0;1;2;-22,203475;-45,951935;"SPRF-MG";"DEL09-MG";"UOP01-DEL09-MG"
565616;2023-12-05;"terça-feira";"09:00:00";"SP";381;40;"ATIBAIA";"Condutor deixou de manter distância do veículo da frente";"Colisão traseira";"Com Vítimas Feridas";"Pleno dia";"Decrescente";"Sol";"Dupla";"Reta";"Não";4;0;3;0;1;0;3;2;-23,12997498;-46,5767598;"SPRF-SP";"DEL03-SP";"UOP01-DEL03-SP"
565618;2023-12-05;"terça-feira";"10:20:00";"SP";381;30;"ATIBAIA";"Ausência de reação do condutor";"Colisão traseira";"Com Vítimas Feridas";"Pleno dia";"Decrescente";"Céu Claro";"Dupla";"Reta";"Sim";1;0;1;0;0;0;1;1;-23,04885102;-46,56482797;"SPRF-SP";"DEL03-SP";"UOP02-DEL03-SP"
565619;2023-12-05;"terça-feira";"10:30:00";"MG";381;331;"NOVA ERA";"Ausência de reação do condutor";"Colisão traseira";"Com Vítimas Feridas";"Pleno dia";"Crescente";"Céu Claro";"Dupla";"Reta;Aclive";"Não";6;0;1;0;5;0;1;2;-19,79418323;-43,05545733;"SPRF-MG";"DEL03-MG";"UOP01-DEL03-MG"
565622;2023-12-05;"terça-feira";"10:00:00";"RJ";40;109;"DUQUE DE CAXIAS";"Reação tardia ou ineficiente do condutor";"Colisão traseira";"Sem Vítimas";"Pleno dia";"Crescente";"Nublado";"Dupla";"Curva";"Sim";2;0;0;0;2;0;0;2;-22,67374628;-43,28638368;"SPRF-RJ";"DEL01-RJ";"UOP02-DEL01-RJ"
565625;2023-12-05;"terça-feira";"11:03:00";"PE";101;86,4;"JABOATAO DOS GUARARAPES";"Condutor deixou de manter distância do veículo da frente";"Colisão traseira";"Com Vítimas Feridas";"Pleno dia";"Decrescente";"Céu Claro";"Dupla";"Reta";"Não";2;0;1;0;1;0;1;2;-8,18470013;-34,96816895;"SPRF-PE";"DEL01-PE";"UOP01-DEL01-PE"
565626;2023-08-06;"domingo";"18:00:00";"MA";230;103,5;"SAO JOAO DOS PATOS";"Demais falhas mecânicas ou elétricas";"Incêndio";"Sem Vítimas";"Pleno dia";"Decrescente";"Céu Claro";"Simples";"Curva";"Não";4;0;0;0;1;3;0;2;-6,50510898;-43,786668;"SPRF-MA";"DEL05-MA";"UOP01-DEL05-MA"
565627;2023-12-05;"terça-feira";"10:45:00";"PR";272;391,6;"FAROL";"Desrespeitar a preferência no cruzamento";"Colisão transversal";"Com Vítimas Feridas";"Pleno dia";"Decrescente";"Nublado";"Simples";"Interseção de Vias";"Não";3;0;1;0;2;0;1;2;-24,08509006;-52,61529396;"SPRF-PR";"DEL09-PR";"UOP03-DEL09-PR"
565628;2023-12-05;"terça-feira";"08:45:00";"BA";324;625;"SALVADOR";"Condutor deixou de manter distância do veículo da frente";"Colisão traseira";"Com Vítimas Feridas";"Pleno dia";"Crescente";"Céu Claro";"Dupla";"Reta";"Sim";2;0;0;1;1;0;1;2;-12,94194706;-38,47081224;"SPRF-BA";"DEL01-BA";"UOP01-DEL01-BA"
565630;2023-12-05;"terça-feira";"10:50:00";"MS";163;554;"BANDEIRANTES";"Ausência de reação do condutor";"Saída de leito carroçável";"Sem Vítimas";"Pleno dia";"Decrescente";"Chuva";"Simples";"Curva";"Não";1;0;0;0;1;0;0;1;-19,87347013;-54,37096865;"SPRF-MS";"DEL01-MS";"UOP02-DEL01-MS"
565631;2023-12-05;"terça-feira";"06:20:00";"BA";324;622;"SALVADOR";"Reação tardia ou ineficiente do condutor";"Queda de ocupante de veículo";"Com Vítimas Feridas";"Pleno dia";"Crescente";"Céu Claro";"Múltipla";"Reta";"Sim";1;0;1;0;0;0;1;1;-12,91888605;-38,46502095;"SPRF-BA";"DEL01-BA";"UOP01-DEL01-BA"
565634;2023-12-05;"terça-feira";"11:40:00";"PR";369;170,5;"ROLANDIA";"Retorno proibido";"Colisão lateral mesmo sentido";"Com Vítimas Feridas";"Pleno dia";"Crescente";"Céu Claro";"Simples";"Reta";"Sim";2;0;0;1;1;0;1;2;-23,300827;-51,346867;"SPRF-PR";"DEL07-PR";"UOP01-DEL07-PR"
565635;2023-12-05;"terça-feira";"11:50:00";"GO";153;428;"ANAPOLIS";"Animais na Pista";"Colisão com objeto";"Com Vítimas Feridas";"Pleno dia";"Crescente";"Céu Claro";"Dupla";"Reta";"Sim";1;0;1;0;0;0;1;1;-16,237425;-49,005501;"SPRF-GO";"DEL02-GO";"UOP01-DEL02-GO"
565636;2023-12-05;"terça-feira";"09:15:00";"RJ";356;77;"ITALVA";"Condutor deixou de manter distância do veículo da frente";"Colisão traseira";"Com Vítimas Feridas";"Pleno dia";"Decrescente";"Céu Claro";"Simples";"Reta";"Sim";3;0;1;0;2;0;1;2;-21,4368996;-41,6806513;"SPRF-RJ";"DEL08-RJ";"UOP03-DEL08-RJ"
565637;2023-12-05;"terça-feira";"13:00:00";"SP";116;223;"GUARULHOS";"Trafegar com motocicleta (ou similar) entre as faixas";"Colisão lateral mesmo sentido";"Com Vítimas Feridas";"Pleno dia";"Crescente";"Nublado";"Múltipla";"Reta";"Sim";2;0;1;0;0;1;1;2;-23,47559815;-46,5246609;"SPRF-SP";"DEL01-SP";"UOP01-DEL01-SP"
565640;2023-12-05;"terça-feira";"13:25:00";"GO";153;557;"PROFESSOR JAMIL";"Condutor Dormindo";"Capotamento";"Com Vítimas Feridas";"Pleno dia";"Crescente";"Nublado";"Dupla";"Reta;Declive";"Não";1;0;0;1;0;0;1;1;-17,2013;-49,2083;"SPRF-GO";"DEL03-GO";"UOP01-DEL03-GO"
565641;2023-11-16;"quinta-feira";"03:30:00";"AM";174;949;"MANAUS";"Ausência de reação do condutor";"Saída de leito carroçável";"Com Vítimas Feridas";"Plena Noite";"Crescente";"Nublado";"Simples";"Declive";"Não";5;0;3;0;0;2;3;1;-2,40805199;-60,03384194;"SPRF-AM";"DEL01-AM";"UOP01-DEL01-AM"
565643;2023-12-05;"terça-feira";"13:15:00";"PE";101;69,5;"RECIFE";"Ingestão de álcool pelo condutor";"Colisão transversal";"Sem Vítimas";"Pleno dia";"Crescente";"Céu Claro";"Múltipla";"Reta";"Não";3;0;0;0;1;2;0;3;-8,05951606;-34,94581024;"SPRF-PE";"DEL01-PE";"UOP01-DEL01-PE"
565645;2023-12-05;"terça-feira";"13:30:00";"SP";116;221;"GUARULHOS";"Reação tardia ou ineficiente do condutor";"Colisão traseira";"Sem Vítimas";"Pleno dia";"Decrescente";"Céu Claro";"Simples";"Reta";"Sim";3;0;0;0;2;1;0;2;-23,46802395;-46,50704901;"SPRF-SP";"DEL01-SP";"UOP01-DEL01-SP"
565646;2023-12-05;"terça-feira";"12:00:00";"AL";101;170,8;"TEOTONIO VILELA";"Suicídio (presumido)";"Atropelamento de Pedestre";"Com Vítimas Fatais";"Pleno dia";"Crescente";"Céu Claro";"Dupla";"Reta;Declive";"Não";2;1;0;0;0;1;0;2;-9,91003801;-36,326073;"SPRF-AL";"DEL02-AL";"UOP02-DEL02-AL"
565649;2023-12-05;"terça-feira";"10:20:00";"SC";101;119;"ITAJAI";"Ausência de reação do condutor";"Colisão lateral mesmo sentido";"Com Vítimas Feridas";"Pleno dia";"Crescente";"Nublado";"Dupla";"Reta";"Não";3;0;2;0;1;0;2;2;-26,9043179;-48,71555481;"SPRF-SC";"DEL04-SC";"UOP04-DEL04-SC"
565650;2023-12-05;"terça-feira";"09:20:00";"AC";364;195;"BUJARI";"Conversão proibida";"Colisão transversal";"Com Vítimas Feridas";"Pleno dia";"Decrescente";"Nublado";"Simples";"Reta;Aclive";"Não";3;0;1;0;2;0;1;2;-9,62509439;-68,23334141;"SPRF-AC";"DEL01-AC";"UOP01-DEL01-AC"
565651;2023-12-05;"terça-feira";"10:25:00";"RJ";101;485;"ANGRA DOS REIS";"Reação tardia ou ineficiente do condutor";"Colisão lateral mesmo sentido";"Com Vítimas Feridas";"Pleno dia";"Crescente";"Céu Claro";"Dupla";"Curva";"Sim";3;0;1;0;2;0;1;2;-22,98573526;-44,29709764;"SPRF-RJ";"DEL03-RJ";"UOP03-DEL03-RJ"
565652;2023-12-05;"terça-feira";"13:30:00";"RJ";393;285;"VOLTA REDONDA";"Condutor deixou de manter distância do veículo da frente";"Colisão traseira";"Com Vítimas Feridas";"Pleno dia";"Crescente";"Céu Claro";"Simples";"Reta";"Sim";3;0;2;0;1;0;2;2;-22,50004839;-44,07297492;"SPRF-RJ";"DEL05-RJ";"UOP04-DEL05-RJ"
565653;2023-12-05;"terça-feira";"12:00:00";"SC";480;129,8;"CHAPECO";"Ausência de reação do condutor";"Colisão frontal";"Com Vítimas Feridas";"Pleno dia";"Decrescente";"Sol";"Simples";"Reta;Interseção de Vias";"Sim";5;0;1;0;4;0;1;4;-27,04656607;-52,63577131;"SPRF-SC";"DEL07-SC";"UOP01-DEL07-SC"
565654;2023-12-05;"terça-feira";"13:32:00";"ES";259;100;"BAIXO GUANDU";"Ausência de reação do condutor";"Queda de ocupante de veículo";"Com Vítimas Feridas";"Pleno dia";"Crescente";"Céu Claro";"Simples";"Reta";"Não";1;0;1;0;0;0;1;1;-19,51441295;-40,99560702;"SPRF-ES";"DEL02-ES";"UOP01-DEL02-ES"
565656;2023-12-05;"terça-feira";"14:05:00";"SC";101;140;"BALNEARIO CAMBORIU";"Ausência de reação do condutor";"Colisão traseira";"Com Vítimas Feridas";"Pleno dia";"Crescente";"Chuva";"Simples";"Reta;Declive";"Não";3;0;1;0;2;0;1;2;-27,03881189;-48,60025148;"SPRF-SC";"DEL04-SC";"UOP03-DEL04-SC"
565659;2023-12-05;"terça-feira";"12:30:00";"BA";242;422;"SEABRA";"Ultrapassagem Indevida";"Saída de leito carroçável";"Com Vítimas Feridas";"Pleno dia";"Decrescente";"Céu Claro";"Simples";"Reta";"Não";4;0;1;0;3;0;1;1;-12,42107802;-41,83842802;"SPRF-BA";"DEL06-BA";"UOP01-DEL06-BA"
565660;2023-12-05;"terça-feira";"09:40:00";"RJ";101;314;"SAO GONCALO";"Transitar na contramão";"Colisão traseira";"Com Vítimas Feridas";"Pleno dia";"Crescente";"Nublado";"Múltipla";"Reta";"Não";2;0;1;0;1;0;1;2;-22,81648739;-43,07728467;"SPRF-RJ";"DEL02-RJ";"UOP02-DEL02-RJ"
565661;2023-12-05;"terça-feira";"13:00:00";"RJ";101;404,5;"ITAGUAI";"Ausência de reação do condutor";"Colisão transversal";"Com Vítimas Feridas";"Pleno dia";"Crescente";"Céu Claro";"Dupla";"Reta";"Sim";3;0;2;0;1;0;2;2;-22,86342703;-43,79642098;"SPRF-RJ";"DEL03-RJ";"UOP01-DEL03-RJ"
565662;2023-12-05;"terça-feira";"13:30:00";"SP";116;117;"TAUBATE";"Conversão proibida";"Colisão transversal";"Com Vítimas Feridas";"Pleno dia";"Decrescente";"Céu Claro";"Múltipla";"Reta";"Sim";2;0;2;0;0;0;2;2;-23,0582298;-45,6176951;"SPRF-SP";"DEL02-SP";"UOP02-DEL02-SP"
565664;2023-11-28;"terça-feira";"19:50:00";"MS";262;359;"CAMPO GRANDE";"Objeto estático sobre o leito carroçável";"Colisão com objeto";"Sem Vítimas";"Plena Noite";"Crescente";"Nublado";"Simples";"Declive";"Não";3;0;0;0;3;0;0;1;-20,53268586;-54,70358985;"SPRF-MS";"DEL01-MS";"UOP03-DEL01-MS"
565665;2023-12-05;"terça-feira";"15:00:00";"MG";381;931,8;"EXTREMA";"Velocidade Incompatível";"Saída de leito carroçável";"Com Vítimas Feridas";"Pleno dia";"Crescente";"Nublado";"Dupla";"Curva";"Não";4;0;3;0;1;0;3;1;-22,8076393;-46,27636971;"SPRF-MG";"DEL16-MG";"UOP03-DEL16-MG"
565667;2023-12-05;"terça-feira";"15:30:00";"GO";60;355;"SANTO ANTONIO DA BARRA";"Acumulo de água sobre o pavimento";"Colisão com objeto";"Com Vítimas Feridas";"Pleno dia";"Decrescente";"Céu Claro";"Dupla";"Declive";"Não";1;0;1;0;0;0;1;1;-17,598;-50,7337;"SPRF-GO";"DEL04-GO";"UOP02-DEL04-GO"
565669;2023-12-05;"terça-feira";"15:12:00";"MG";365;633;"UBERLANDIA";"Demais falhas mecânicas ou elétricas";"Incêndio";"Sem Vítimas";"Pleno dia";"Crescente";"Céu Claro";"Dupla";"Reta";"Não";1;0;0;0;1;0;0;1;-18,89532742;-48,39981506;"SPRF-MG";"DEL15-MG";"UOP01-DEL15-MG"
565671;2023-12-05;"terça-feira";"16:08:00";"SC";101;199,3;"BIGUACU";"Pista Escorregadia";"Tombamento";"Com Vítimas Feridas";"Pleno dia";"Crescente";"Chuva";"Dupla";"Interseção de Vias";"Sim";1;0;0;1;0;0;1;1;-27,53396604;-48,63040209;"SPRF-SC";"DEL01-SC";"UOP01-DEL01-SC"
565674;2023-12-05;"terça-feira";"14:45:00";"RJ";116;175;"SAO JOAO DE MERITI";"Ausência de reação do condutor";"Colisão lateral mesmo sentido";"Com Vítimas Feridas";"Pleno dia";"Decrescente";"Sol";"Múltipla";"Reta";"Sim";2;0;1;0;0;1;1;2;-22,78923555;-43,37275272;"SPRF-RJ";"DEL06-RJ";"UOP01-DEL06-RJ"
565675;2023-12-05;"terça-feira";"09:40:00";"MG";381;243,1;"SANTANA DO PARAISO";"Transitar na contramão";"Colisão frontal";"Com Vítimas Fatais";"Pleno dia";"Crescente";"Nublado";"Simples";"Reta";"Não";3;2;0;1;0;0;1;2;-19,40073;-42,483552;"SPRF-MG";"DEL06-MG";"UOP01-DEL06-MG"
565676;2023-12-05;"terça-feira";"15:00:00";"PR";476;112;"COLOMBO";"Acessar a via sem observar a presença dos outros veículos";"Colisão lateral mesmo sentido";"Com Vítimas Feridas";"Pleno dia";"Decrescente";"Nublado";"Simples";"Declive";"Não";2;0;1;0;1;0;1;2;-25,31968317;-49,1591996;"SPRF-PR";"DEL01-PR";"UOP01-DEL01-PR"
565678;2023-12-05;"terça-feira";"16:32:00";"RN";101;135;"NISIA FLORESTA";"Ausência de reação do condutor";"Saída de leito carroçável";"Com Vítimas Feridas";"Pleno dia";"Crescente";"Céu Claro";"Dupla";"Aclive;Reta";"Não";2;0;2;0;0;0;2;1;-6,16443306;-35,22487309;"SPRF-RN";"DEL01-RN";"UOP01-DEL01-RN"
565680;2023-12-05;"terça-feira";"16:50:00";"PR";476;112;"COLOMBO";"Condutor deixou de manter distância do veículo da frente";"Colisão traseira";"Sem Vítimas";"Pleno dia";"Crescente";"Nublado";"Simples";"Reta";"Não";6;0;0;0;6;0;0;2;-25,32030385;-49,15939271;"SPRF-PR";"DEL01-PR";"UOP01-DEL01-PR"
565681;2023-12-05;"terça-feira";"15:20:00";"RJ";40;119;"DUQUE DE CAXIAS";"Manobra de mudança de faixa";"Queda de ocupante de veículo";"Com Vítimas Feridas";"Pleno dia";"Decrescente";"Nublado";"Dupla";"Reta";"Sim";3;0;1;0;0;2;1;3;-22,76375592;-43,28683062;"SPRF-RJ";"DEL01-RJ";"UOP02-DEL01-RJ"
565682;2023-12-05;"terça-feira";"16:00:00";"MG";116;406,7;"GOVERNADOR VALADARES";"Acessar a via sem observar a presença dos outros veículos";"Colisão transversal";"Com Vítimas Feridas";"Pleno dia";"Crescente";"Céu Claro";"Simples";"Reta";"Não";2;0;0;1;1;0;1;2;-18,82512764;-41,98650599;"SPRF-MG";"DEL06-MG";"UOP01-DEL06-MG"
565683;2023-12-05;"terça-feira";"16:30:00";"SC";101;151;"ITAPEMA";"Trafegar com motocicleta (ou similar) entre as faixas";"Colisão traseira";"Com Vítimas Feridas";"Pleno dia";"Decrescente";"Chuva";"Dupla";"Reta";"Sim";2;0;0;1;1;0;1;2;-27,126536;-48,609642;"SPRF-SC";"DEL04-SC";"UOP03-DEL04-SC"
565685;2023-12-05;"terça-feira";"17:05:00";"PR";369;115;"URAI";"Velocidade Incompatível";"Saída de leito carroçável";"Com Vítimas Feridas";"Pleno dia";"Crescente";"Chuva";"Dupla";"Curva;Declive";"Não";1;0;1;0;0;0;1;1;-23,2783;-50,858156;"SPRF-PR";"DEL07-PR";"UOP05-DEL07-PR"
565687;2023-12-05;"terça-feira";"15:40:00";"MG";365;752;"ITUIUTABA";"Velocidade Incompatível";"Colisão com objeto";"Com Vítimas Feridas";"Pleno dia";"Crescente";"Sol";"Simples";"Aclive;Reta";"Sim";1;0;1;0;0;0;1;1;-18,947495;-49,45934;"SPRF-MG";"DEL15-MG";"UOP03-DEL15-MG"
565688;2023-12-05;"terça-feira";"13:10:00";"BA";116;28;"VITORIA DA CONQUISTA";"Acessar a via sem observar a presença dos outros veículos";"Colisão transversal";"Com Vítimas Feridas";"Pleno dia";"Decrescente";"Céu Claro";"Simples";"Reta";"Não";2;0;0;1;1;0;1;2;-14,851;-40,8485;"SPRF-BA";"DEL08-BA";"UOP01-DEL08-BA"
565689;2023-12-05;"terça-feira";"17:00:00";"SP";116;106,4;"TAUBATE";"Demais falhas mecânicas ou elétricas";"Tombamento";"Com Vítimas Feridas";"Pleno dia";"Decrescente";"Nublado";"Dupla";"Reta;Declive";"Sim";1;0;1;0;0;0;1;1;-23,01250593;-45,52256005;"SPRF-SP";"DEL02-SP";"UOP02-DEL02-SP"
565691;2023-12-05;"terça-feira";"13:35:00";"MG";116;526,6;"CARATINGA";"Condutor deixou de manter distância do veículo da frente";"Colisão traseira";"Com Vítimas Feridas";"Pleno dia";"Crescente";"Céu Claro";"Dupla";"Aclive;Reta";"Sim";2;0;1;0;1;0;1;2;-19,77654011;-42,13327989;"SPRF-MG";"DEL06-MG";"UOP02-DEL06-MG"
565692;2023-12-05;"terça-feira";"17:20:00";"SC";282;1;"FLORIANOPOLIS";"Condutor deixou de manter distância do veículo da frente";"Colisão traseira";"Com Vítimas Feridas";"Pleno dia";"Crescente";"Céu Claro";"Múltipla";"Reta";"Não";4;0;1;0;3;0;1;3;-27,602955;-48,580509;"SPRF-SC";"DEL01-SC";"UOP01-DEL01-SC"
565693;2023-12-05;"terça-feira";"16:20:00";"SP";116;213;"GUARULHOS";"Objeto estático sobre o leito carroçável";"Eventos atípicos";"Sem Vítimas";"Pleno dia";"Crescente";"Céu Claro";"Dupla";"Reta";"Sim";2;0;0;0;2;0;0;1;-23,43971486;-46,43667806;"SPRF-SP";"DEL01-SP";"UOP01-DEL01-SP"
565695;2023-12-05;"terça-feira";"16:55:00";"PR";153;376,8;"MALLET";"Ausência de reação do condutor";"Saída de leito carroçável";"Com Vítimas Feridas";"Pleno dia";"Crescente";"Garoa/Chuvisco";"Simples";"Curva";"Não";5;0;5;0;0;0;5;1;-25,77257801;-50,84657489;"SPRF-PR";"DEL08-PR";"UOP02-DEL08-PR"
565697;2023-12-05;"terça-feira";"16:40:00";"MG";381;673,4;"PERDOES";"Acumulo de água sobre o pavimento";"Saída de leito carroçável";"Com Vítimas Feridas";"Pleno dia";"Crescente";"Chuva";"Dupla";"Curva";"Não";2;0;2;0;0;0;2;1;-21,09966091;-45,08510908;"SPRF-MG";"DEL04-MG";"UOP02-DEL04-MG"
565699;2023-12-05;"terça-feira";"18:00:00";"MG";381;487;"BETIM";"Condutor deixou de manter distância do veículo da frente";"Colisão traseira";"Com Vítimas Feridas";"Anoitecer";"Crescente";"Nublado";"Dupla";"Reta;Declive";"Sim";2;0;1;0;1;0;1;2;-19,95586853;-44,14609501;"SPRF-MG";"DEL01-MG";"UOP03-DEL01-MG"
565700;2023-12-05;"terça-feira";"17:40:00";"GO";153;435,7;"ANAPOLIS";"Condutor deixou de manter distância do veículo da frente";"Colisão traseira";"Com Vítimas Feridas";"Pleno dia";"Decrescente";"Céu Claro";"Dupla";"Reta";"Sim";3;0;2;0;0;1;2;2;-16,29369788;-48,93307686;"SPRF-GO";"DEL02-GO";"UOP01-DEL02-GO"
565701;2023-12-05;"terça-feira";"17:05:00";"RS";471;150,5;"SANTA CRUZ DO SUL";"Acessar a via sem observar a presença dos outros veículos";"Colisão transversal";"Com Vítimas Fatais";"Pleno dia";"Decrescente";"Céu Claro";"Simples";"Reta;Retorno Regulamentado;Interseção de Vias";"Sim";2;1;0;0;1;0;0;2;-29,817495;-52,403397;"SPRF-RS";"DEL02-RS";"UOP03-DEL02-RS"
565702;2023-12-05;"terça-feira";"09:40:00";"MA";135;303,9;"DOM PEDRO";"Ultrapassagem Indevida";"Colisão frontal";"Com Vítimas Fatais";"Pleno dia";"Crescente";"Céu Claro";"Simples";"Curva";"Sim";7;1;2;4;0;0;6;2;-4,98507084;-44,42191337;"SPRF-MA";"DEL03-MA";"UOP01-DEL03-MA"
565703;2023-12-05;"terça-feira";"18:00:00";"SC";101;210;"SAO JOSE";"Acessar a via sem observar a presença dos outros veículos";"Colisão lateral mesmo sentido";"Com Vítimas Feridas";"Pleno dia";"Decrescente";"Garoa/Chuvisco";"Dupla";"Reta;Interseção de Vias";"Sim";2;0;1;0;1;0;1;2;-27,6167305;-48,6457265;"SPRF-SC";"DEL01-SC";"UOP01-DEL01-SC"
565704;2023-12-05;"terça-feira";"17:40:00";"MG";116;759,3;"LEOPOLDINA";"Acesso irregular";"Colisão transversal";"Com Vítimas Feridas";"Pleno dia";"Decrescente";"Sol";"Simples";"Reta";"Sim";4;0;0;2;2;0;2;2;-21,50589297;-42,60923908;"SPRF-MG";"DEL07-MG";"UOP01-DEL07-MG"
565705;2023-12-05;"terça-feira";"18:25:00";"PR";277;31;"MORRETES";"Acumulo de água sobre o pavimento";"Colisão com objeto";"Com Vítimas Feridas";"Anoitecer";"Crescente";"Chuva";"Dupla";"Curva";"Não";3;0;2;0;1;0;2;1;-25,52874613;-48,73512603;"SPRF-PR";"DEL01-PR";"UOP05-DEL01-PR"
565706;2023-12-05;"terça-feira";"18:50:00";"RN";110;47,4;"MOSSORO";"Desrespeitar a preferência no cruzamento";"Colisão transversal";"Com Vítimas Feridas";"Plena Noite";"Crescente";"Céu Claro";"Simples";"Interseção de Vias";"Sim";2;0;1;0;1;0;1;2;-5,20338376;-37,32563418;"SPRF-RN";"DEL04-RN";"UOP01-DEL04-RN"
565707;2023-12-05;"terça-feira";"18:40:00";"SP";116;186;"SANTA ISABEL";"Acumulo de areia ou detritos sobre o pavimento";"Queda de ocupante de veículo";"Com Vítimas Feridas";"Plena Noite";"Decrescente";"Céu Claro";"Simples";"Retorno Regulamentado;Curva";"Sim";2;0;1;0;0;1;1;2;-23,3523229;-46,19873285;"SPRF-SP";"DEL01-SP";"UOP01-DEL01-SP"
565708;2023-10-31;"terça-feira";"04:45:00";"SC";280;120;"SAO BENTO DO SUL";"Reação tardia ou ineficiente do condutor";"Colisão transversal";"Com Vítimas Feridas";"Amanhecer";"Crescente";"Ignorado";"Simples";"Rotatória";"Não";1;0;1;0;0;0;1;1;-26,26094075;-49,44273982;"SPRF-SC";"DEL06-SC";"UOP03-DEL06-SC"
565709;2023-12-05;"terça-feira";"18:15:00";"PR";277;38;"MORRETES";"Chuva";"Colisão com objeto";"Com Vítimas Feridas";"Anoitecer";"Crescente";"Chuva";"Dupla";"Curva;Aclive";"Não";1;0;0;1;0;0;1;1;-25,56584471;-48,81116269;"SPRF-PR";"DEL01-PR";"UOP05-DEL01-PR"
565710;2023-12-05;"terça-feira";"18:15:00";"PE";232;78;"GRAVATA";"Reação tardia ou ineficiente do condutor";"Colisão lateral sentido oposto";"Com Vítimas Feridas";"Plena Noite";"Crescente";"Céu Claro";"Simples";"Reta";"Sim";2;0;1;0;1;0;1;2;-8,19343658;-35,55186505;"SPRF-PE";"DEL02-PE";"UOP02-DEL02PE"
565712;2023-12-05;"terça-feira";"17:00:00";"SP";116;153;"SAO JOSE DOS CAMPOS";"Frear bruscamente";"Tombamento";"Com Vítimas Feridas";"Pleno dia";"Crescente";"Céu Claro";"Múltipla";"Reta";"Sim";1;0;0;1;0;0;1;1;-23,23262274;-45,91372624;"SPRF-SP";"DEL02-SP";"UOP01-DEL02-SP"
565715;2023-12-05;"terça-feira";"10:45:00";"PI";343;227,6;"COCAL DE TELHA";"Ausência de reação do condutor";"Saída de leito carroçável";"Com Vítimas Feridas";"Pleno dia";"Decrescente";"Céu Claro";"Simples";"Reta";"Não";2;0;0;2;0;0;2;1;-4,573768;-41,97813;"SPRF-PI";"DEL01-PI";"UOP03-DEL01-PI"