"id";"data_inversa";"dia_semana";"horario";"uf";"br";"km";"municipio";"causa_acidente";"tipo_acidente";"classificacao_acidente";"fase_dia";"sentido_via";"condicao_metereologica";"tipo_pista";"tracado_via";"uso_solo";"pessoas";"mortos";"feridos_leves";"feridos_graves";"ilesos";"ignorados";"feridos";"veiculos";"latitude";"longitude";"regional";"delegacia";"uop"
565716;2023-12-05;"terça-feira";"16:20:00";"MG";365;277;"JOAO PINHEIRO";"Demais falhas mecânicas ou elétricas";"Incêndio";"Sem Vítimas";"Pleno dia";"Decrescente";"Céu Claro";"Simples";"Reta";"Sim";3;0;0;0;3;0;0;1;-17,99582097;-45,62105704;"SPRF-MG";"DEL10-MG";"UOP02-DEL010-MG"
565717;2023-12-05;"terça-feira";"19:05:00";"SC";470;66,6;"INDAIAL";"Ausência de reação do condutor";"Tombamento";"Com Vítimas Feridas";"Anoitecer";"Crescente";"Céu Claro";"Simples";"Retorno Regulamentado;Curva";"Sim";1;0;1;0;0;0;1;1;-26,870407;-49,221844;"SPRF-SC";"DEL04-SC";"UOP01-DEL04-SC"
565718;2023-12-05;"terça-feira";"19:00:00";"MG";50;70;"UBERLANDIA";"Manobra de mudança de faixa";"Colisão lateral mesmo sentido";"Com Vítimas Feridas";"Anoitecer";"Decrescente";"Nublado";"Dupla";"Reta;Viaduto";"Sim";2;0;1;0;1;0;1;2;-18,8852848;-48,26476336;"SPRF-MG";"DEL15-MG";"UOP01-DEL15-MG"
565719;2023-12-05;"terça-feira";"19:00:00";"RJ";393;283;"VOLTA REDONDA";"Acessar a via sem observar a presença dos outros veículos";"Colisão transversal";"Com Vítimas Feridas";"Plena Noite";"Crescente";"Céu Claro";"Simples";"Interseção de Vias";"Sim";4;0;1;0;3;0;1;2;-22,49245217;-44,0653904;"SPRF-RJ";"DEL05-RJ";"UOP04-DEL05-RJ"
565720;2023-12-05;"terça-feira";"19:10:00";"CE";116;2,3;"FORTALEZA";"Carga excessiva e/ou mal acondicionada";"Colisão traseira";"Com Vítimas Feridas";"Plena Noite";"Decrescente";"Nublado";"Múltipla";"Reta";"Sim";4;0;1;0;2;1;1;4;-3,7728306;-38,51628006;"SPRF-CE";"DEL01-CE";"UOP02-DEL01-CE"
565721;2023-12-05;"terça-feira";"19:50:00";"SP";116;136,9;"SAO JOSE DOS CAMPOS";"Reação tardia ou ineficiente do condutor";"Queda de ocupante de veículo";"Com Vítimas Feridas";"Plena Noite";"Crescente";"Céu Claro";"Dupla";"Reta";"Não";2;0;1;0;0;1;1;2;-23,14874471;-45,77863714;"SPRF-SP";"DEL02-SP";"UOP01-DEL02-SP"
565722;2023-12-05;"terça-feira";"16:30:00";"MG";251;502;"FRANCISCO SA";"Reação tardia ou ineficiente do condutor";"Saída de leito carroçável";"Com Vítimas Feridas";"Pleno dia";"Decrescente";"Chuva";"Simples";"Reta;Aclive";"Não";1;0;0;1;0;0;1;1;-16,60880407;-43,65899216;"SPRF-MG";"DEL12-MG";"UOP01-DEL12-MG"
565723;2023-12-05;"terça-feira";"10:30:00";"RJ";40;100,6;"DUQUE DE CAXIAS";"Reação tardia ou ineficiente do condutor";"Tombamento";"Com Vítimas Feridas";"Pleno dia";"Crescente";"Nublado";"Dupla";"Reta";"Não";1;0;1;0;0;0;1;1;-22,59404803;-43,28079889;"SPRF-RJ";"DEL01-RJ";"UOP01-DEL01-RJ"
565724;2023-12-05;"terça-feira";"01:00:00";"BA";116;368;"SERRINHA";"Demais falhas mecânicas ou elétricas";"Incêndio";"Sem Vítimas";"Pleno dia";"Decrescente";"Céu Claro";"Simples";"Reta";"Não";1;0;0;0;1;0;0;1;-11,74325699;-38,98617175;"SPRF-BA";"DEL02-BA";"UOP01-DEL02-BA"
565728;2023-11-30;"quinta-feira";"17:50:00";"ES";101;140;"LINHARES";"Condutor desrespeitou a iluminação vermelha do semáforo";"Colisão transversal";"Com Vítimas Feridas";"Anoitecer";"Crescente";"Céu Claro";"Simples";"Interseção de Vias";"Sim";2;0;1;0;1;0;1;2;-19,31817306;-40,07552313;"SPRF-ES";"DEL04-ES";"UOP01-DEL04-ES"
565729;2023-12-05;"terça-feira";"20:30:00";"MA";316;619,7;"TIMON";"Transitar na contramão";"Colisão frontal";"Com Vítimas Feridas";"Plena Noite";"Decrescente";"Céu Claro";"Simples";"Reta";"Sim";2;0;0;1;1;0;1;2;-5,119788;-42,824196;"SPRF-MA";"DEL03-MA";"UOP02-DEL03-MA"
565731;2023-12-05;"terça-feira";"20:15:00";"ES";101;61;"SAO MATEUS";"Condutor deixou de manter distância do veículo da frente";"Colisão traseira";"Com Vítimas Feridas";"Plena Noite";"Decrescente";"Nublado";"Simples";"Reta";"Sim";2;0;0;1;0;1;1;2;-18,68153217;-39,86364755;"SPRF-ES";"DEL04-ES";"UOP02-DEL04-ES"
565732;2023-12-05;"terça-feira";"18:02:00";"PI";343;594;"FLORIANO";"Manobra de mudança de faixa";"Colisão transversal";"Com Vítimas Feridas";"Anoitecer";"Decrescente";"Céu Claro";"Simples";"Reta";"Sim";2;0;0;2;0;0;2;2;-6,788374;-43,044399;"SPRF-PI";"DEL03-PI";"UOP01-DEL03-PI"
565733;2023-12-05;"terça-feira";"19:40:00";"RN";226;81;"TANGARA";"Ingestão de álcool pelo condutor";"Colisão traseira";"Com Vítimas Feridas";"Plena Noite";"Decrescente";"Céu Claro";"Simples";"Reta";"Não";2;0;2;0;0;0;2;2;-6,18917402;-35,7831037;"SPRF-RN";"DEL01-RN";"UOP02-DEL01-RN"
565736;2023-12-05;"terça-feira";"20:05:00";"MG";262;801,5;"UBERABA";"Ausência de reação do condutor";"Tombamento";"Com Vítimas Feridas";"Plena Noite";"Decrescente";"Céu Claro";"Dupla";"Reta";"Sim";1;0;1;0;0;0;1;1;-19,77920263;-47,955319;"SPRF-MG";"DEL13-MG";"UOP01-DEL13-MG"
565737;2023-12-05;"terça-feira";"20:40:00";"SC";101;119;"ITAJAI";"Reação tardia ou ineficiente do condutor";"Tombamento";"Com Vítimas Feridas";"Plena Noite";"Decrescente";"Chuva";"Dupla";"Reta";"Não";1;0;1;0;0;0;1;1;-26,9043179;-48,71555481;"SPRF-SC";"DEL04-SC";"UOP04-DEL04-SC"
565739;2023-12-05;"terça-feira";"21:30:00";"TO";153;141;"ARAGUAINA";"Ingestão de álcool pelo condutor";"Colisão traseira";"Com Vítimas Feridas";"Plena Noite";"Crescente";"Céu Claro";"Dupla";"Reta";"Sim";3;0;2;0;1;0;2;2;-7,175959;-48,219548;"SPRF-TO";"DEL02-TO";"UOP01-DEL02-TO"
565740;2023-12-05;"terça-feira";"21:05:00";"MS";262;14,4;"TRES LAGOAS";"Acumulo de areia ou detritos sobre o pavimento";"Tombamento";"Com Vítimas Feridas";"Plena Noite";"Crescente";"Nublado";"Simples";"Rotatória";"Sim";2;0;1;0;0;1;1;2;-20,81105192;-51,73282743;"SPRF-MS";"DEL07-MS";"UOP01-DEL07-MS"
565742;2023-12-05;"terça-feira";"21:20:00";"PR";277;1;"FOZ DO IGUACU";"Acessar a via sem observar a presença dos outros veículos";"Atropelamento de Pedestre";"Com Vítimas Feridas";"Plena Noite";"Crescente";"Nublado";"Dupla";"Reta;Retorno Regulamentado";"Sim";2;0;1;1;0;0;2;2;-25,50358827;-54,58424091;"SPRF-PR";"DEL01-PR";"UOP05-DEL01-PR"
565743;2023-12-05;"terça-feira";"21:40:00";"RN";110;46,9;"MOSSORO";"Desrespeitar a preferência no cruzamento";"Colisão transversal";"Sem Vítimas";"Plena Noite";"Crescente";"Céu Claro";"Dupla";"Rotatória";"Sim";2;0;0;0;1;1;0;2;-5,19797675;-37,31839819;"SPRF-RN";"DEL04-RN";"UOP01-DEL04-RN"
565747;2023-12-05;"terça-feira";"18:15:00";"MG";116;525,4;"CARATINGA";"Manobra de mudança de faixa";"Colisão lateral mesmo sentido";"Com Vítimas Feridas";"Amanhecer";"Decrescente";"Nublado";"Simples";"Reta";"Sim";2;0;0;1;1;0;1;2;-19,76833785;-42,13105238;"SPRF-MG";"DEL06-MG";"UOP02-DEL06-MG"
565748;2023-12-05;"terça-feira";"18:50:00";"MG";262;34,5;"MANHUACU";"Falta de acostamento";"Colisão transversal";"Com Vítimas Feridas";"Plena Noite";"Crescente";"Nublado";"Simples";"Rotatória";"Não";2;0;1;0;1;0;1;2;-20,25692664;-42,01099203;"SPRF-MG";"DEL06-MG";"UOP03-DEL06-MG"
565749;2023-12-05;"terça-feira";"23:10:00";"PA";163;984;"SANTAREM";"Velocidade Incompatível";"Saída de leito carroçável";"Com Vítimas Feridas";"Plena Noite";"Crescente";"Céu Claro";"Simples";"Curva";"Não";1;0;1;0;0;0;1;1;-2,60702251;-54,72032547;"SPRF-PA";"DEL05-PA";"UOP01-DEL05-PA"
565750;2023-12-05;"terça-feira";"21:30:00";"AP";210;1;"MACAPA";"Ingestão de álcool pelo condutor";"Colisão lateral sentido oposto";"Com Vítimas Feridas";"Plena Noite";"Crescente";"Nublado";"Simples";"Reta";"Sim";3;0;1;1;1;0;2;2;0,07816717;-51,06998693;"SPRF-AP";"DEL01-AP";"UOP01-DEL01-AP"
565752;2023-12-05;"terça-feira";"20:05:00";"GO";153;71;"PORANGATU";"Pedestre cruzava a pista fora da faixa";"Atropelamento de Pedestre";"Com Vítimas Feridas";"Plena Noite";"Crescente";"Céu Claro";"Simples";"Reta";"Não";3;0;1;1;1;0;2;2;-13,45846;-49,135578;"SPRF-GO";"DEL07-GO";"UOP01-DEL07-GO"
565758;2023-12-05;"terça-feira";"20:30:00";"RS";392;197,2;"SANTANA DA BOA VISTA";"Ingestão de álcool pelo condutor";"Saída de leito carroçável";"Com Vítimas Feridas";"Plena Noite";"Crescente";"Nublado";"Múltipla";"Reta";"Não";2;0;1;0;1;0;1;1;-30,89277906;-53,12505484;"SPRF-RS";"DEL09-RS";"UOP02-DEL09-RS"
565759;2023-12-05;"terça-feira";"23:50:00";"SP";116;271;"TABOAO DA SERRA";"Condutor deixou de manter distância do veículo da frente";"Colisão traseira";"Com Vítimas Feridas";"Pleno dia";"Crescente";"Céu Claro";"Dupla";"Reta";"Sim";2;0;1;0;1;0;1;2;-23,61809286;-46,80556302;"SPRF-SP";"DEL04-SP";"UOP01-DEL04-SP"
565760;2023-12-05;"terça-feira";"20:00:00";"MG";381;195;"PERIQUITO";"Ausência de reação do condutor";"Queda de ocupante de veículo";"Com Vítimas Feridas";"Plena Noite";"Decrescente";"Céu Claro";"Simples";"Curva";"Não";1;0;0;1;0;0;1;1;-19,11240723;-42,20329285;"SPRF-MG";"DEL06-MG";"UOP01-DEL06-MG"
565762;2023-12-05;"terça-feira";"22:55:00";"RS";116;39,3;"VACARIA";"Ingestão de álcool pelo condutor";"Colisão traseira";"Sem Vítimas";"Plena Noite";"Decrescente";"Céu Claro";"Simples";"Interseção de Vias";"Sim";2;0;0;0;2;0;0;2;-28,51448727;-50,93458593;"SPRF-RS";"DEL05-RS";"UOP03-DEL05-RS"
565763;2023-12-05;"terça-feira";"21:50:00";"PI";316;412,5;"MARCOLANDIA";"Mal súbito do condutor";"Saída de leito carroçável";"Com Vítimas Fatais";"Plena Noite";"Crescente";"Vento";"Simples";"Reta";"Não";1;1;0;0;0;0;0;1;-7,42256832;-40,70734132;"SPRF-PI";"DEL04-PI";"UOP03-DEL04-PI"
565766;2023-12-06;"quarta-feira";"01:50:00";"SE";101;73,3;"MARUIM";"Reação tardia ou ineficiente do condutor";"Colisão traseira";"Com Vítimas Feridas";"Plena Noite";"Crescente";"Céu Claro";"Dupla";"Reta;Declive";"Não";2;0;1;0;1;0;1;2;-10,75674403;-37,10467696;"SPRF-SE";"DEL01-SE";"UOP01-DEL01-SE"
565768;2023-12-06;"quarta-feira";"02:08:00";"MG";40;615;"CONGONHAS";"Acesso irregular";"Colisão frontal";"Sem Vítimas";"Plena Noite";"Crescente";"Céu Claro";"Simples";"Declive";"Não";2;0;0;0;2;0;0;2;-20,53765999;-43,82077849;"SPRF-MG";"DEL05-MG";"UOP02-DEL05-MG"
565769;2023-12-06;"quarta-feira";"02:15:00";"MS";267;113;"NOVA ANDRADINA";"Transitar na contramão";"Colisão frontal";"Com Vítimas Feridas";"Plena Noite";"Decrescente";"Céu Claro";"Simples";"Reta";"Não";2;0;0;1;0;1;1;2;-21,79758579;-53,15869188;"SPRF-MS";"DEL02-MS";"UOP03-DEL02-MS"
565771;2023-12-06;"quarta-feira";"04:55:00";"GO";153;502;"GOIANIA";"Ausência de reação do condutor";"Saída de leito carroçável";"Com Vítimas Feridas";"Amanhecer";"Crescente";"Nevoeiro/Neblina";"Dupla";"Interseção de Vias";"Sim";1;0;0;1;0;0;1;1;-16,7287;-49,2424;"SPRF-GO";"DEL01-GO";"UOP01-DEL01-GO"
565772;2023-12-06;"quarta-feira";"04:45:00";"RJ";116;172;"SAO JOAO DE MERITI";"Pedestre andava na pista";"Atropelamento de Pedestre";"Com Vítimas Feridas";"Amanhecer";"Crescente";"Céu Claro";"Dupla";"Curva";"Não";3;0;2;0;1;0;2;2;-22,80188151;-43,35043673;"SPRF-RJ";"DEL06-RJ";"UOP01-DEL06-RJ"
565779;2023-12-06;"quarta-feira";"05:45:00";"MG";40;512,8;"CONTAGEM";"Ausência de reação do condutor";"Tombamento";"Com Vítimas Feridas";"Amanhecer";"Crescente";"Céu Claro";"Dupla";"Reta";"Sim";2;0;0;1;1;0;1;2;-19,78946999;-44,11290699;"SPRF-MG";"DEL01-MG";"UOP02-DEL01-MG"
565784;2023-12-05;"terça-feira";"16:00:00";"BA";116;481;"RAFAEL JAMBEIRO";"Condutor Dormindo";"Saída de leito carroçável";"Com Vítimas Feridas";"Pleno dia";"Crescente";"Céu Claro";"Dupla";"Reta";"Não";1;0;0;1;0;0;1;1;-12,51286544;-39,37630378;"SPRF-BA";"DEL02-BA";"UOP01-DEL02-BA"
565787;2023-12-06;"quarta-feira";"06:58:00";"SC";470;49,7;"BLUMENAU";"Ausência de reação do condutor";"Colisão lateral mesmo sentido";"Com Vítimas Feridas";"Pleno dia";"Crescente";"Nublado";"Dupla";"Aclive;Curva";"Sim";2;0;1;0;1;0;1;2;-26,8613664;-49,07017708;"SPRF-SC";"DEL04-SC";"UOP01-DEL04-SC"
565789;2023-12-06;"quarta-feira";"06:20:00";"PE";101;51;"ABREU E LIMA";"Ausência de reação do condutor";"Colisão traseira";"Com Vítimas Feridas";"Pleno dia";"Crescente";"Céu Claro";"Múltipla";"Interseção de Vias;Viaduto";"Sim";3;0;2;0;1;0;2;2;-7,9169968;-34,89689272;"SPRF-PE";"DEL01-PE";"UOP02-DEL01-PE"
565790;2023-12-06;"quarta-feira";"06:15:00";"PR";116;17;"CURITIBA";"Velocidade Incompatível";"Colisão traseira";"Com Vítimas Feridas";"Pleno dia";"Crescente";"Céu Claro";"Múltipla";"Reta";"Não";2;0;1;0;1;0;1;2;-25,389;-49,1867;"SPRF-PR";"DEL01-PR";"UOP02-DEL01-PR"
565791;2023-12-06;"quarta-feira";"06:30:00";"MG";40;519;"CONTAGEM";"Ausência de reação do condutor";"Queda de ocupante de veículo";"Com Vítimas Feridas";"Pleno dia";"Crescente";"Céu Claro";"Dupla";"Reta";"Não";1;0;1;0;0;0;1;1;-19,83957589;-44,07684485;"SPRF-MG";"DEL01-MG";"UOP02-DEL01-MG"
565792;2023-12-05;"terça-feira";"18:30:00";"AM";174;886;"MANAUS";"Deficiência do Sistema de Iluminação/Sinalização";"Atropelamento de Pedestre";"Com Vítimas Feridas";"Plena Noite";"Crescente";"Céu Claro";"Simples";"Curva";"Não";6;0;3;1;1;1;4;2;-2,96034732;-60,03160432;"SPRF-AM";"DEL01-AM";"UOP01-DEL01-AM"
565793;2023-12-06;"quarta-feira";"06:30:00";"MG";381;282;"JAGUARACU";"Acessar a via sem observar a presença dos outros veículos";"Colisão transversal";"Com Vítimas Feridas";"Pleno dia";"Crescente";"Nublado";"Simples";"Reta";"Não";2;0;1;0;1;0;1;2;-19,58596914;-42,73113197;"SPRF-MG";"DEL03-MG";"UOP02-DEL03-MG"
565794;2023-12-05;"terça-feira";"23:00:00";"PI";222;67,1;"PIRIPIRI";"Ingestão de álcool pelo condutor";"Tombamento";"Com Vítimas Fatais";"Plena Noite";"Crescente";"Céu Claro";"Simples";"Reta;Declive";"Não";4;1;0;0;0;3;0;2;-4,2395321;-41,70672489;"SPRF-PI";"DEL02-PI";"UOP01-DEL02-PI"
565795;2023-12-06;"quarta-feira";"07:45:00";"RS";116;244,2;"SAO LEOPOLDO";"Trafegar com motocicleta (ou similar) entre as faixas";"Colisão lateral mesmo sentido";"Com Vítimas Feridas";"Pleno dia";"Crescente";"Nublado";"Dupla";"Reta";"Sim";2;0;1;0;1;0;1;2;-29,7385386;-51,15034819;"SPRF-RS";"DEL01-RS";"UOP02-DEL01-RS"
565797;2023-12-06;"quarta-feira";"07:55:00";"MG";40;520;"CONTAGEM";"Transitar no Acostamento";"Tombamento";"Com Vítimas Feridas";"Pleno dia";"Crescente";"Céu Claro";"Dupla";"Reta";"Sim";2;0;0;1;0;1;1;2;-19,84761911;-44,07276144;"SPRF-MG";"DEL01-MG";"UOP02-DEL01-MG"
565800;2023-12-06;"quarta-feira";"08:05:00";"MG";381;482;"BETIM";"Frear bruscamente";"Colisão traseira";"Com Vítimas Feridas";"Pleno dia";"Decrescente";"Céu Claro";"Dupla";"Reta;Aclive";"Sim";2;0;1;0;1;0;1;2;-19,955532;-44,097209;"SPRF-MG";"DEL01-MG";"UOP03-DEL01-MG"
565801;2023-12-06;"quarta-feira";"07:10:00";"SC";282;1;"FLORIANOPOLIS";"Manobra de mudança de faixa";"Colisão lateral mesmo sentido";"Com Vítimas Feridas";"Pleno dia";"Decrescente";"Chuva";"Dupla";"Reta";"Sim";2;0;1;0;1;0;1;2;-27,602955;-48,580509;"SPRF-SC";"DEL01-SC";"UOP01-DEL01-SC"
565802;2023-12-06;"quarta-feira";"07:20:00";"SC";280;126;"RIO NEGRINHO";"Frear bruscamente";"Colisão lateral mesmo sentido";"Com Vítimas Feridas";"Pleno dia";"Crescente";"Céu Claro";"Simples";"Interseção de Vias";"Sim";2;0;1;0;1;0;1;2;-26,23779604;-49,49427399;"SPRF-SC";"DEL06-SC";"UOP03-DEL06-SC"
565803;2023-12-06;"quarta-feira";"07:45:00";"RS";472;122,2;"SAO JOSE DO INHACORA";"Velocidade Incompatível";"Saída de leito carroçável";"Com Vítimas Fatais";"Pleno dia";"Crescente";"Nublado";"Simples";"Aclive;Curva";"Não";2;2;0;0;0;0;0;1;-27,69262191;-54,16408508;"SPRF-RS";"DEL10-RS";"UOP01-DEL10-RS"
565805;2023-12-06;"quarta-feira";"06:50:00";"MG";116;764,8;"LEOPOLDINA";"Acessar a via sem observar a presença dos outros veículos";"Colisão transversal";"Com Vítimas Feridas";"Pleno dia";"Crescente";"Sol";"Simples";"Curva;Declive;Interseção de Vias";"Sim";3;0;2;0;1;0;2;2;-21,52171912;-42,64030314;"SPRF-MG";"DEL07-MG";"UOP01-DEL07-MG"
565806;2023-12-06;"quarta-feira";"07:40:00";"DF";40;0;"BRASILIA";"Ausência de reação do condutor";"Colisão traseira";"Sem Vítimas";"Pleno dia";"Crescente";"Nublado";"Dupla";"Reta";"Sim";5;0;0;0;5;0;0;5;-15,976897;-47,990129;"SPRF-DF";"DEL01-DF";"UOP01-DEL01-DF"
565807;2023-12-06;"quarta-feira";"08:00:00";"PR";277;70;"SAO JOSE DOS PINHAIS";"Acessar a via sem observar a presença dos outros veículos";"Colisão traseira";"Com Vítimas Feridas";"Pleno dia";"Decrescente";"Céu Claro";"Múltipla";"Reta";"Sim";2;0;2;0;0;0;2;2;-25,53317957;-49,07969781;"SPRF-PR";"DEL01-PR";"UOP01-DEL01-PR"
565808;2023-12-06;"quarta-feira";"07:10:00";"SC";470;49,2;"BLUMENAU";"Manobra de mudança de faixa";"Colisão lateral mesmo sentido";"Com Vítimas Feridas";"Pleno dia";"Crescente";"Garoa/Chuvisco";"Dupla";"Curva";"Sim";3;0;1;0;2;0;1;3;-26,8615004;-49,06800985;"SPRF-SC";"DEL04-SC";"UOP01-DEL04-SC"
565810;2023-12-06;"quarta-feira";"08:15:00";"MG";40;609,9;"CONGONHAS";"Conversão proibida";"Colisão transversal";"Com Vítimas Feridas";"Pleno dia";"Crescente";"Nublado";"Simples";"Curva;Interseção de Vias";"Não";2;0;1;0;1;0;1;2;-20,50555761;-43,83872503;"SPRF-MG";"DEL05-MG";"UOP02-DEL05-MG"
565813;2023-09-17;"domingo";"15:40:00";"ES";101;357,4;"ANCHIETA";"Velocidade Incompatível";"Saída de leito carroçável";"Com Vítimas Feridas";"Pleno dia";"Crescente";"Céu Claro";"Múltipla";"Curva;Aclive;Viaduto";"Não";1;0;0;1;0;0;1;1;-20,68939658;-40,69515524;"SPRF-ES";"DEL03-ES";"UOP01-DEL03-ES"
565814;2023-12-06;"quarta-feira";"08:40:00";"MG";381;799;"SAO GONCALO DO SAPUCAI";"Ausência de reação do condutor";"Saída de leito carroçável";"Com Vítimas Feridas";"Pleno dia";"Crescente";"Nublado";"Dupla";"Reta";"Não";2;0;2;0;0;0;2;1;-21,97237106;-45,63123585;"SPRF-MG";"DEL16-MG";"UOP02-DEL16-MG"
565815;2023-12-06;"quarta-feira";"07:27:00";"MA";135;3;"SAO LUIS";"Reação tardia ou ineficiente do condutor";"Colisão lateral mesmo sentido";"Com Vítimas Feridas";"Pleno dia";"Decrescente";"Céu Claro";"Dupla";"Reta";"Sim";2;0;1;0;1;0;1;2;-2,606802;-44,247512;"SPRF-MA";"DEL01-MA";"UOP01-DEL01-MA"
565816;2023-12-06;"quarta-feira";"08:30:00";"SC";101;205;"SAO JOSE";"Reação tardia ou ineficiente do condutor";"Queda de ocupante de veículo";"Com Vítimas Feridas";"Pleno dia";"Decrescente";"Céu Claro";"Múltipla";"Reta";"Sim";1;0;1;0;0;0;1;1;-27,58878431;-48,61707687;"SPRF-SC";"DEL01-SC";"UOP01-DEL01-SC"
565817;2023-12-06;"quarta-feira";"07:30:00";"SP";116;269;"TABOAO DA SERRA";"Acessar a via sem observar a presença dos outros veículos";"Atropelamento de Pedestre";"Com Vítimas Feridas";"Pleno dia";"Decrescente";"Céu Claro";"Dupla";"Interseção de Vias;Reta";"Sim";2;0;1;0;1;0;1;2;-23,61593059;-46,78826044;"SPRF-SP";"DEL04-SP";"UOP01-DEL04-SP"
565818;2023-11-30;"quinta-feira";"10:30:00";"MA";230;407,2;"BALSAS";"Manobra de mudança de faixa";"Colisão frontal";"Com Vítimas Feridas";"Pleno dia";"Decrescente";"Céu Claro";"Simples";"Reta";"Sim";2;0;0;1;1;0;1;2;-7,51919168;-46,06740888;"SPRF-MA";"DEL05-MA";"UOP01-DEL05-MA"
565822;2023-12-06;"quarta-feira";"08:20:00";"BA";324;622;"SALVADOR";"Demais falhas mecânicas ou elétricas";"Colisão traseira";"Com Vítimas Feridas";"Pleno dia";"Decrescente";"Garoa/Chuvisco";"Múltipla";"Reta";"Sim";3;0;2;0;0;1;2;2;-12,931197;-38,470652;"SPRF-BA";"DEL01-BA";"UOP01-DEL01-BA"
565823;2023-10-10;"terça-feira";"21:10:00";"RN";101;94;"NATAL";"Condutor deixou de manter distância do veículo da frente";"Colisão traseira";"Com Vítimas Feridas";"Plena Noite";"Decrescente";"Céu Claro";"Simples";"Reta";"Sim";2;0;0;1;1;0;1;2;-5,83176615;-35,21191342;"SPRF-RN";"DEL01-RN";"UOP01-DEL01-RN"
565825;2023-12-06;"quarta-feira";"09:57:00";"MG";381;484;"BETIM";"Demais falhas mecânicas ou elétricas";"Incêndio";"Sem Vítimas";"Pleno dia";"Decrescente";"Céu Claro";"Dupla";"Reta;Aclive";"Sim";2;0;0;0;2;0;0;1;-19,95531717;-44,11722196;"SPRF-MG";"DEL01-MG";"UOP03-DEL01-MG"
565826;2023-10-10;"terça-feira";"07:56:00";"RN";101;99;"NATAL";"Condutor deixou de manter distância do veículo da frente";"Colisão traseira";"Com Vítimas Feridas";"Pleno dia";"Decrescente";"Céu Claro";"Múltipla";"Reta";"Sim";3;0;0;2;1;0;2;2;-5,87359183;-35,22063023;"SPRF-RN";"DEL01-RN";"UOP01-DEL01-RN"
565827;2023-12-06;"quarta-feira";"08:20:00";"PI";316;1;"TERESINA";"Manobra de mudança de faixa";"Colisão lateral mesmo sentido";"Com Vítimas Feridas";"Pleno dia";"Decrescente";"Nublado";"Múltipla";"Reta;Retorno Regulamentado";"Sim";2;0;1;0;1;0;1;2;-5,12861853;-42,80706778;"SPRF-PI";"DEL01-PI";"UOP02-DEL01-PI"
565828;2023-10-02;"segunda-feira";"12:07:00";"RN";101;157;"CANGUARETAMA";"Problema na suspensão";"Saída de leito carroçável";"Com Vítimas Feridas";"Pleno dia";"Crescente";"Céu Claro";"Dupla";"Reta";"Não";5;0;4;1;0;0;5;1;-6,34791574;-35,16581255;"SPRF-RN";"DEL01-RN";"UOP01-DEL01-RN"
565830;2023-12-06;"quarta-feira";"08:35:00";"RJ";356;75;"ITALVA";"Conversão proibida";"Colisão transversal";"Com Vítimas Feridas";"Pleno dia";"Decrescente";"Céu Claro";"Simples";"Reta";"Sim";2;0;1;0;1;0;1;2;-21,42140416;-41,69075621;"SPRF-RJ";"DEL08-RJ";"UOP03-DEL08-RJ"
565831;2023-12-06;"quarta-feira";"07:37:00";"SC";282;502,3;"XANXERE";"Reação tardia ou ineficiente do condutor";"Colisão com objeto";"Com Vítimas Feridas";"Pleno dia";"Crescente";"Nublado";"Dupla";"Reta;Rotatória;Retorno Regulamentado";"Sim";2;0;0;1;1;0;1;1;-26,884584;-52,390911;"SPRF-SC";"DEL07-SC";"UOP01-DEL07-SC"
565832;2023-10-23;"segunda-feira";"11:50:00";"ES";262;21,1;"VIANA";"Reação tardia ou ineficiente do condutor";"Saída de leito carroçável";"Com Vítimas Fatais";"Pleno dia";"Crescente";"Céu Claro";"Simples";"Reta";"Não";1;1;0;0;0;0;0;1;-20,38054389;-40,50497908;"SPRF-ES";"DEL01-ES";"UOP01-DEL01-ES"
565833;2023-12-02;"sábado";"16:00:00";"RJ";40;84;"PETROPOLIS";"Acumulo de óleo sobre o pavimento";"Queda de ocupante de veículo";"Com Vítimas Feridas";"Pleno dia";"Decrescente";"Céu Claro";"Dupla";"Curva";"Não";1;0;1;0;0;0;1;1;-22,52145512;-43,23707996;"SPRF-RJ";"DEL01-RJ";"UOP01-DEL01-RJ"
565834;2023-12-06;"quarta-feira";"03:28:00";"RS";470;205;"BENTO GONCALVES";"Demais falhas mecânicas ou elétricas";"Incêndio";"Sem Vítimas";"Plena Noite";"Crescente";"Nublado";"Simples";"Reta";"Não";1;0;0;0;0;1;0;1;-29,08303999;-51,56096429;"SPRF-RS";"DEL06-RS";"UOP01-DEL06-RS"
565835;2023-12-06;"quarta-feira";"10:20:00";"MG";40;449,9;"CAETANOPOLIS";"Transitar no Acostamento";"Atropelamento de Pedestre";"Com Vítimas Feridas";"Pleno dia";"Decrescente";"Céu Claro";"Dupla";"Reta";"Não";3;0;0;1;0;2;1;2;-19,30931885;-44,37278577;"SPRF-MG";"DEL02-MG";"UOP01-DEL02-MG"
565836;2023-12-06;"quarta-feira";"10:00:00";"RS";392;107,1;"PELOTAS";"Velocidade Incompatível";"Saída de leito carroçável";"Com Vítimas Feridas";"Pleno dia";"Crescente";"Chuva";"Simples";"Curva";"Não";1;0;1;0;0;0;1;1;-31,4859591147;-52,6186461324;"SPRF-RS";"DEL07-RS";"UOP01-DEL07-RS"
565837;2023-12-06;"quarta-feira";"08:30:00";"GO";153;501;"GOIANIA";"Ausência de reação do condutor";"Colisão traseira";"Com Vítimas Feridas";"Pleno dia";"Crescente";"Céu Claro";"Dupla";"Reta";"Sim";3;0;1;0;1;1;1;2;-16,7189;-49,2382;"SPRF-GO";"DEL01-GO";"UOP01-DEL01-GO"