"id";"data_inversa";"dia_semana";"horario";"uf";"br";"km";"municipio";"causa_acidente";"tipo_acidente";"classificacao_acidente";"fase_dia";"sentido_via";"condicao_metereologica";"tipo_pista";"tracado_via";"uso_solo";"pessoas";"mortos";"feridos_leves";"feridos_graves";"ilesos";"ignorados";"feridos";"veiculos";"latitude";"longitude";"regional";"delegacia";"uop"
565963;2023-12-06;"quarta-feira";"22:05:00";"PR";369;138;"LONDRINA";"Ingestão de álcool pelo condutor";"Colisão com objeto";"Com Vítimas Feridas";"Plena Noite";"Crescente";"Céu Claro";"Simples";"Reta;Declive";"Sim";1;0;1;0;0;0;1;1;-23,27319122;-51,05292499;"SPRF-PR";"DEL07-PR";"UOP01-DEL07-PR"
565965;2023-12-06;"quarta-feira";"18:30:00";"PI";343;191;"PIRIPIRI";"Ausência de reação do condutor";"Colisão traseira";"Com Vítimas Fatais";"Plena Noite";"Decrescente";"Céu Claro";"Simples";"Reta";"Não";2;1;0;0;0;1;0;2;-4,326797;-41,78846;"SPRF-PI";"DEL02-PI";"UOP01-DEL02-PI"
565966;2023-12-06;"quarta-feira";"22:55:00";"RN";406;143;"CEARA-MIRIM";"Animais na Pista";"Atropelamento de Animal";"Com Vítimas Feridas";"Plena Noite";"Crescente";"Céu Claro";"Simples";"Reta";"Não";2;0;0;2;0;0;2;1;-5,64780342;-35,49043179;"SPRF-RN";"DEL02-RN";"UOP01-DEL02-RN"
565967;2023-12-06;"quarta-feira";"21:20:00";"PR";277;723,3;"IRATI";"Manobra de mudança de faixa";"Colisão traseira";"Com Vítimas Feridas";"Plena Noite";"Decrescente";"Céu Claro";"Dupla";"Reta";"Sim";4;0;0;2;1;1;2;3;-25,3831825;-50,85631993;"SPRF-PR";"DEL05-PR";"UOP03-DEL05-PR"
565969;2023-12-06;"quarta-feira";"21:30:00";"SC";470;175;"POUSO REDONDO";"Transitar na contramão";"Colisão frontal";"Com Vítimas Feridas";"Plena Noite";"Decrescente";"Nublado";"Simples";"Reta";"Sim";2;0;0;1;1;0;1;2;-27,25617;-49,938969;"SPRF-SC";"DEL04-SC";"UOP02-DEL04-SC"
565970;2023-12-06;"quarta-feira";"22:55:00";"PR";277;578,2;"CASCAVEL";"Ausência de reação do condutor";"Queda de ocupante de veículo";"Com Vítimas Feridas";"Plena Noite";"Crescente";"Nublado";"Dupla";"Reta;Em Obras";"Sim";1;0;1;0;0;0;1;1;-24,98385591;-53,34955899;"SPRF-PR";"DEL04-PR";"UOP01-DEL04-PR"
565971;2023-12-06;"quarta-feira";"23:35:00";"PR";116;122,4;"CURITIBA";"Ausência de reação do condutor";"Colisão com objeto";"Sem Vítimas";"Plena Noite";"Crescente";"Céu Claro";"Dupla";"Retorno Regulamentado;Interseção de Vias;Curva";"Sim";1;0;0;0;0;1;0;1;-25,61018417;-49,31953669;"SPRF-PR";"DEL01-PR";"UOP03-DEL01-PR"
565972;2023-12-07;"quinta-feira";"00:10:00";"SC";101;146;"ITAPEMA";"Ingestão de álcool pelo condutor";"Tombamento";"Com Vítimas Feridas";"Plena Noite";"Crescente";"Garoa/Chuvisco";"Dupla";"Reta";"Sim";1;0;1;0;0;0;1;1;-27,08666525;-48,60955587;"SPRF-SC";"DEL04-SC";"UOP03-DEL04-SC"
565973;2023-12-06;"quarta-feira";"21:39:00";"SC";163;72;"SAO MIGUEL DO OESTE";"Estacionar ou parar em local proibido";"Colisão lateral mesmo sentido";"Com Vítimas Feridas";"Plena Noite";"Decrescente";"Nublado";"Dupla";"Reta;Declive";"Sim";5;0;1;1;3;0;2;4;-26,71908804;-53,5157791;"SPRF-SC";"DEL07-SC";"UOP03-DEL07-SC"
565974;2023-12-06;"quarta-feira";"23:00:00";"RJ";101;484;"ANGRA DOS REIS";"Reação tardia ou ineficiente do condutor";"Colisão frontal";"Com Vítimas Feridas";"Plena Noite";"Decrescente";"Ignorado";"Simples";"Curva;Interseção de Vias";"Sim";2;0;1;0;1;0;1;2;-22,99188881;-44,30468559;"SPRF-RJ";"DEL03-RJ";"UOP03-DEL03-RJ"
565976;2023-12-06;"quarta-feira";"22:41:00";"PI";135;317;"CRISTINO CASTRO";"Acessar a via sem observar a presença dos outros veículos";"Colisão transversal";"Com Vítimas Feridas";"Plena Noite";"Crescente";"Céu Claro";"Simples";"Reta;Interseção de Vias";"Sim";4;0;1;1;2;0;2;2;-8,81837444;-44,2225351;"SPRF-PI";"DEL03-PI";"UOP02-DEL03-PI"
565977;2023-12-06;"quarta-feira";"23:30:00";"MS";163;424,4;"CAMPO GRANDE";"Animais na Pista";"Atropelamento de Animal";"Com Vítimas Feridas";"Plena Noite";"Crescente";"Ignorado";"Simples";"Reta";"Não";3;0;1;1;1;0;2;2;-20,94618198;-54,50086918;"SPRF-MS";"DEL01-MS";"UOP01-DEL01-MS"
565982;2023-12-06;"quarta-feira";"23:00:00";"SC";101;318,2;"PESCARIA BRAVA";"Pedestre cruzava a pista fora da faixa";"Atropelamento de Pedestre";"Com Vítimas Fatais";"Plena Noite";"Decrescente";"Céu Claro";"Múltipla";"Reta";"Não";5;1;0;0;3;1;0;2;-28,4266481;-48,86160099;"SPRF-SC";"DEL02-SC";"UOP01-DEL02-SC"
565983;2023-12-07;"quinta-feira";"01:50:00";"PE";232;54,1;"POMBOS";"Ausência de reação do condutor";"Saída de leito carroçável";"Com Vítimas Fatais";"Plena Noite";"Crescente";"Chuva";"Dupla";"Reta";"Não";3;1;1;1;0;0;2;1;-8,12919504;-35,35716398;"SPRF-PE";"DEL02-PE";"UOP02-DEL02PE"
565986;2023-12-07;"quinta-feira";"02:50:00";"CE";116;15,3;"FORTALEZA";"Pedestre andava na pista";"Atropelamento de Pedestre";"Com Vítimas Fatais";"Plena Noite";"Decrescente";"Céu Claro";"Dupla";"Reta";"Sim";2;1;0;0;1;0;0;2;-3,87839882;-38,50066893;"SPRF-CE";"DEL01-CE";"UOP02-DEL01-CE"
565988;2023-12-07;"quinta-feira";"02:30:00";"MG";40;527,4;"CONTAGEM";"Objeto estático sobre o leito carroçável";"Colisão com objeto";"Com Vítimas Feridas";"Plena Noite";"Decrescente";"Céu Claro";"Dupla";"Reta";"Sim";2;0;1;0;1;0;1;1;-19,90149502;-44,04938939;"SPRF-MG";"DEL01-MG";"UOP02-DEL01-MG"
565990;2023-12-07;"quinta-feira";"02:30:00";"PI";222;84;"PIRIPIRI";"Manobra de mudança de faixa";"Colisão frontal";"Sem Vítimas";"Plena Noite";"Decrescente";"Céu Claro";"Simples";"Reta";"Não";2;0;0;0;2;0;0;2;-4,221304;-41,911667;"SPRF-PI";"DEL02-PI";"UOP01-DEL02-PI"
565995;2023-12-06;"quarta-feira";"13:30:00";"RJ";116;134;"MAGE";"Reação tardia ou ineficiente do condutor";"Tombamento";"Com Vítimas Feridas";"Pleno dia";"Crescente";"Céu Claro";"Dupla";"Reta";"Não";1;0;1;0;0;0;1;1;-22,65368834;-43,153534;"SPRF-RJ";"DEL04-RJ";"UOP02-DEL04-RJ"
565996;2023-12-07;"quinta-feira";"05:40:00";"SC";282;216,8;"LAGES";"Reação tardia ou ineficiente do condutor";"Saída de leito carroçável";"Sem Vítimas";"Amanhecer";"Crescente";"Chuva";"Simples";"Reta";"Sim";2;0;0;0;2;0;0;1;-27,797529;-50,291862;"SPRF-SC";"DEL05-SC";"UOP01-DEL05-SC"
565999;2023-12-07;"quinta-feira";"00:40:00";"MG";40;38,8;"PARACATU";"Condutor deixou de manter distância do veículo da frente";"Queda de ocupante de veículo";"Com Vítimas Feridas";"Plena Noite";"Decrescente";"Céu Claro";"Simples";"Reta";"Sim";4;0;2;1;1;0;3;3;-17,21050388;-46,89942099;"SPRF-MG";"DEL14-MG";"UOP01-DEL14-MG"
566001;2023-12-07;"quinta-feira";"06:40:00";"PE";232;9,5;"JABOATAO DOS GUARARAPES";"Reação tardia ou ineficiente do condutor";"Colisão traseira";"Com Vítimas Feridas";"Pleno dia";"Decrescente";"Nublado";"Dupla";"Reta;Em Obras";"Sim";2;0;1;0;1;0;1;2;-8,078502;-34,982514;"SPRF-PE";"DEL01-PE";"UOP01-DEL01-PE"
566004;2023-12-07;"quinta-feira";"06:49:00";"PE";101;43;"IGARASSU";"Reação tardia ou ineficiente do condutor";"Colisão traseira";"Com Vítimas Feridas";"Pleno dia";"Crescente";"Céu Claro";"Múltipla";"Reta";"Sim";3;0;1;1;1;0;2;2;-7,84753808;-34,90977038;"SPRF-PE";"DEL01-PE";"UOP02-DEL01-PE"
566005;2023-12-07;"quinta-feira";"06:45:00";"PR";376;502,5;"PONTA GROSSA";"Acesso irregular";"Colisão lateral mesmo sentido";"Com Vítimas Feridas";"Pleno dia";"Decrescente";"Céu Claro";"Dupla";"Declive";"Não";2;0;0;1;1;0;1;2;-25,172405;-50,10705;"SPRF-PR";"DEL03-PR";"UOP04-DEL03-PR"
566007;2023-12-07;"quinta-feira";"07:30:00";"SP";116;216;"GUARULHOS";"Sinalização mal posicionada";"Colisão com objeto";"Com Vítimas Feridas";"Pleno dia";"Decrescente";"Sol";"Múltipla";"Reta;Interseção de Vias;Declive;Desvio Temporário;Em Obras";"Sim";2;0;2;0;0;0;2;1;-23,45056589;-46,46258105;"SPRF-SP";"DEL01-SP";"UOP01-DEL01-SP"
566008;2023-12-07;"quinta-feira";"07:20:00";"SP";116;104;"TAUBATE";"Reação tardia ou ineficiente do condutor";"Colisão traseira";"Com Vítimas Feridas";"Pleno dia";"Crescente";"Céu Claro";"Dupla";"Reta";"Não";3;0;1;0;2;0;1;2;-23,00340176;-45,50626912;"SPRF-SP";"DEL02-SP";"UOP02-DEL02-SP"
566009;2023-12-07;"quinta-feira";"06:28:00";"RS";116;252,1;"SAPUCAIA DO SUL";"Desvio temporário";"Colisão com objeto";"Com Vítimas Feridas";"Pleno dia";"Decrescente";"Nublado";"Dupla";"Reta;Desvio Temporário";"Não";2;0;1;0;1;0;1;2;-29,80913395;-51,1675292;"SPRF-RS";"DEL01-RS";"UOP02-DEL01-RS"
566011;2023-12-07;"quinta-feira";"06:56:00";"RN";101;85,5;"NATAL";"Acessar a via sem observar a presença dos outros veículos";"Colisão lateral mesmo sentido";"Sem Vítimas";"Pleno dia";"Crescente";"Céu Claro";"Dupla";"Em Obras";"Sim";2;0;0;0;2;0;0;2;-5,777664;-35,24937;"SPRF-RN";"DEL02-RN";"UOP01-DEL02-RN"
566012;2023-12-07;"quinta-feira";"07:35:00";"CE";116;12;"FORTALEZA";"Acessar a via sem observar a presença dos outros veículos";"Colisão transversal";"Com Vítimas Feridas";"Pleno dia";"Decrescente";"Sol";"Múltipla";"Reta";"Sim";2;0;0;2;0;0;2;2;-3,852077;-38,495525;"SPRF-CE";"DEL01-CE";"UOP02-DEL01-CE"
566015;2023-12-02;"sábado";"17:00:00";"SC";282;500;"XANXERE";"Acessar a via sem observar a presença dos outros veículos";"Colisão traseira";"Com Vítimas Feridas";"Pleno dia";"Decrescente";"Chuva";"Dupla";"Rotatória";"Sim";3;0;2;0;1;0;2;2;-26,881372;-52,37252;"SPRF-SC";"DEL07-SC";"UOP01-DEL07-SC"
566016;2023-12-07;"quinta-feira";"06:00:00";"RJ";40;60;"PETROPOLIS";"Reação tardia ou ineficiente do condutor";"Colisão com objeto";"Com Vítimas Feridas";"Amanhecer";"Crescente";"Céu Claro";"Simples";"Reta";"Não";1;0;1;0;0;0;1;1;-22,39450315;-43,13468983;"SPRF-RJ";"DEL05-RJ";"UOP02-DEL05-RJ"
566018;2023-11-11;"sábado";"10:00:00";"AM";230;524;"HUMAITA";"Condutor Dormindo";"Saída de leito carroçável";"Com Vítimas Feridas";"Pleno dia";"Crescente";"Sol";"Simples";"Reta";"Não";1;0;1;0;0;0;1;1;-7,80431952;-62,34933285;"SPRF-AM";"DEL01-AM";"UOP05-DEL01-AM"
566019;2023-12-07;"quinta-feira";"07:50:00";"MG";262;34;"MANHUACU";"Acessar a via sem observar a presença dos outros veículos";"Colisão transversal";"Com Vítimas Feridas";"Pleno dia";"Crescente";"Céu Claro";"Simples";"Rotatória;Reta";"Sim";2;0;1;0;1;0;1;2;-20,25692664;-42,01099203;"SPRF-MG";"DEL06-MG";"UOP03-DEL06-MG"
566020;2023-12-07;"quinta-feira";"06:20:00";"SC";163;66,8;"SAO MIGUEL DO OESTE";"Desrespeitar a preferência no cruzamento";"Colisão transversal";"Com Vítimas Feridas";"Pleno dia";"Decrescente";"Chuva";"Dupla";"Interseção de Vias;Rotatória";"Sim";2;0;1;0;1;0;1;2;-26,76090062;-53,50055337;"SPRF-SC";"DEL07-SC";"UOP03-DEL07-SC"
566021;2023-12-07;"quinta-feira";"07:40:00";"MG";116;701,8;"MURIAE";"Acessar a via sem observar a presença dos outros veículos";"Colisão transversal";"Com Vítimas Feridas";"Pleno dia";"Decrescente";"Céu Claro";"Simples";"Reta";"Sim";2;0;0;1;1;0;1;2;-21,11084891;-42,3806104;"SPRF-MG";"DEL07-MG";"UOP02-DEL07-MG"
566022;2023-12-07;"quinta-feira";"08:40:00";"SP";101;37,7;"UBATUBA";"Retorno proibido";"Colisão transversal";"Com Vítimas Feridas";"Pleno dia";"Decrescente";"Céu Claro";"Simples";"Curva;Declive";"Não";7;0;1;0;6;0;1;2;-23,40235292;-45,01855494;"SPRF-SP";"DEL06-SP";"UOP01-DEL06-SP"
566023;2023-12-07;"quinta-feira";"08:30:00";"MG";116;414;"GOVERNADOR VALADARES";"Acessar a via sem observar a presença dos outros veículos";"Colisão traseira";"Com Vítimas Feridas";"Pleno dia";"Decrescente";"Céu Claro";"Simples";"Ponte";"Não";2;0;1;0;1;0;1;2;-18,88102703;-41,95910802;"SPRF-MG";"DEL06-MG";"UOP01-DEL06-MG"
566024;2023-12-07;"quinta-feira";"09:00:00";"RJ";465;20;"NOVA IGUACU";"Transitar na contramão";"Colisão frontal";"Com Vítimas Feridas";"Pleno dia";"Crescente";"Sol";"Simples";"Reta";"Não";2;0;1;0;0;1;1;2;-22,846828;-43,605339;"SPRF-RJ";"DEL06-RJ";"UOP02-DEL06-RJ"
566025;2023-12-07;"quinta-feira";"07:40:00";"SP";381;89;"GUARULHOS";"Reação tardia ou ineficiente do condutor";"Colisão lateral mesmo sentido";"Com Vítimas Feridas";"Pleno dia";"Crescente";"Céu Claro";"Dupla";"Reta";"Sim";3;0;2;0;0;1;2;3;-23,48469299;-46,55983288;"SPRF-SP";"DEL03-SP";"UOP01-DEL03-SP"
566028;2023-12-07;"quinta-feira";"09:10:00";"PE";101;78;"RECIFE";"Condutor deixou de manter distância do veículo da frente";"Colisão lateral mesmo sentido";"Com Vítimas Feridas";"Pleno dia";"Decrescente";"Céu Claro";"Dupla";"Reta";"Não";2;0;0;1;1;0;1;2;-8,13496499;-34,94738614;"SPRF-PE";"DEL01-PE";"UOP01-DEL01-PE"
566029;2023-12-07;"quinta-feira";"07:15:00";"AC";364;124;"RIO BRANCO";"Condutor deixou de manter distância do veículo da frente";"Colisão traseira";"Com Vítimas Feridas";"Pleno dia";"Crescente";"Céu Claro";"Dupla";"Reta";"Sim";2;0;1;0;1;0;1;2;-10,01152469;-67,79140099;"SPRF-AC";"DEL01-AC";"UOP01-DEL01-AC"
566030;2023-12-07;"quinta-feira";"09:10:00";"RS";290;96;"PORTO ALEGRE";"Ausência de reação do condutor";"Colisão traseira";"Com Vítimas Feridas";"Pleno dia";"Crescente";"Céu Claro";"Múltipla";"Reta";"Não";3;0;2;0;1;0;2;2;-29,992107;-51,204525;"SPRF-RS";"DEL01-RS";"UOP01-DEL01-RS"
566032;2023-12-07;"quinta-feira";"09:01:00";"PE";101;49;"ABREU E LIMA";"Condutor deixou de manter distância do veículo da frente";"Colisão traseira";"Sem Vítimas";"Pleno dia";"Decrescente";"Céu Claro";"Múltipla";"Reta";"Sim";2;0;0;0;1;1;0;2;-7,90342284;-34,90198195;"SPRF-PE";"DEL01-PE";"UOP02-DEL01-PE"
566033;2023-12-07;"quinta-feira";"08:08:00";"MG";365;407,4;"PATOS DE MINAS";"Pista Escorregadia";"Queda de ocupante de veículo";"Com Vítimas Feridas";"Pleno dia";"Decrescente";"Céu Claro";"Simples";"Reta;Rotatória";"Sim";1;0;0;1;0;0;1;1;-18,64392302;-46,49892399;"SPRF-MG";"DEL10-MG";"UOP01-DEL10-MG"
566034;2023-12-07;"quinta-feira";"09:10:00";"PR";376;472,4;"PONTA GROSSA";"Manobra de mudança de faixa";"Saída de leito carroçável";"Com Vítimas Feridas";"Pleno dia";"Decrescente";"Céu Claro";"Dupla";"Curva";"Não";1;0;1;0;0;0;1;1;-25,04050891;-50,25140203;"SPRF-PR";"DEL03-PR";"UOP01-DEL03-PR"
566035;2023-12-07;"quinta-feira";"05:40:00";"RJ";40;120;"DUQUE DE CAXIAS";"Trafegar com motocicleta (ou similar) entre as faixas";"Queda de ocupante de veículo";"Com Vítimas Feridas";"Amanhecer";"Decrescente";"Céu Claro";"Múltipla";"Reta";"Não";1;0;1;0;0;0;1;1;-22,77280597;-43,28626763;"SPRF-RJ";"DEL01-RJ";"UOP02-DEL01-RJ"
566038;2023-12-07;"quinta-feira";"09:15:00";"PR";369;150,9;"LONDRINA";"Ausência de reação do condutor";"Queda de ocupante de veículo";"Com Vítimas Feridas";"Pleno dia";"Decrescente";"Sol";"Dupla";"Reta;Interseção de Vias;Aclive";"Não";1;0;1;0;0;0;1;1;-23,29287481;-51,17056131;"SPRF-PR";"DEL07-PR";"UOP01-DEL07-PR"
566039;2023-12-07;"quinta-feira";"08:55:00";"SC";282;502;"XANXERE";"Acessar a via sem observar a presença dos outros veículos";"Colisão frontal";"Com Vítimas Feridas";"Pleno dia";"Decrescente";"Chuva";"Simples";"Reta;Interseção de Vias";"Sim";2;0;1;1;0;0;2;2;-26,883679;-52,388344;"SPRF-SC";"DEL07-SC";"UOP01-DEL07-SC"
566040;2023-12-07;"quinta-feira";"09:35:00";"SC";101;26;"JOINVILLE";"Transitar no Acostamento";"Colisão lateral mesmo sentido";"Com Vítimas Feridas";"Pleno dia";"Decrescente";"Nublado";"Dupla";"Reta";"Não";2;0;1;0;0;1;1;2;-26,19234802;-48,91210384;"SPRF-SC";"DEL03-SC";"UOP01-DEL03-SC"
566044;2023-11-29;"quarta-feira";"19:30:00";"RJ";116;180;"BELFORD ROXO";"Reação tardia ou ineficiente do condutor";"Colisão traseira";"Com Vítimas Feridas";"Plena Noite";"Crescente";"Céu Claro";"Múltipla";"Reta";"Sim";2;0;0;1;1;0;1;2;-22,7651616;-43,4154728;"SPRF-RJ";"DEL06-RJ";"UOP01-DEL06-RJ"
566045;2023-09-25;"segunda-feira";"16:20:00";"SC";282;49;"AGUAS MORNAS";"Velocidade Incompatível";"Saída de leito carroçável";"Sem Vítimas";"Pleno dia";"Crescente";"Chuva";"Simples";"Reta";"Não";1;0;0;0;1;0;0;1;-27,712931;-48,943741;"SPRF-SC";"DEL01-SC";"UOP03-DEL01-SC"
566046;2023-12-07;"quinta-feira";"10:10:00";"CE";222;4,5;"CAUCAIA";"Ausência de reação do condutor";"Colisão transversal";"Com Vítimas Feridas";"Pleno dia";"Decrescente";"Sol";"Múltipla";"Reta";"Sim";2;0;1;0;1;0;1;2;-3,74164754;-38,60449792;"SPRF-CE";"DEL01-CE";"UOP01-DEL01-CE"
566047;2023-11-06;"segunda-feira";"08:40:00";"MG";116;262;"TEOFILO OTONI";"Manobra de mudança de faixa";"Colisão lateral mesmo sentido";"Com Vítimas Feridas";"Pleno dia";"Crescente";"Céu Claro";"Simples";"Reta";"Não";2;0;0;1;0;1;1;2;-17,73929595;-41,50092126;"SPRF-MG";"DEL11-MG";"UOP01-DEL11-MG"
566048;2023-12-07;"quinta-feira";"08:00:00";"SC";470;13;"ILHOTA";"Condutor deixou de manter distância do veículo da frente";"Colisão traseira";"Com Vítimas Feridas";"Pleno dia";"Decrescente";"Céu Claro";"Dupla";"Interseção de Vias";"Não";2;0;0;1;1;0;1;2;-26,839108;-48,766262;"SPRF-SC";"DEL04-SC";"UOP04-DEL04-SC"
566052;2023-11-30;"quinta-feira";"06:30:00";"RJ";116;174;"SAO JOAO DE MERITI";"Trafegar com motocicleta (ou similar) entre as faixas";"Colisão lateral mesmo sentido";"Com Vítimas Feridas";"Pleno dia";"Decrescente";"Céu Claro";"Múltipla";"Reta";"Não";2;0;1;0;1;0;1;2;-22,79423806;-43,36403759;"SPRF-RJ";"DEL06-RJ";"UOP01-DEL06-RJ"
566055;2023-12-07;"quinta-feira";"09:00:00";"PR";376;3,3;"APUCARANA";"Velocidade Incompatível";"Queda de ocupante de veículo";"Com Vítimas Feridas";"Pleno dia";"Decrescente";"Nublado";"Simples";"Reta;Interseção de Vias";"Sim";1;0;0;1;0;0;1;1;-23,55913878;-51,43817067;"SPRF-PR";"DEL07-PR";"UOP03-DEL07-PR"
566061;2023-12-07;"quinta-feira";"11:50:00";"SC";101;211;"PALHOCA";"Ausência de reação do condutor";"Colisão traseira";"Com Vítimas Feridas";"Pleno dia";"Decrescente";"Céu Claro";"Múltipla";"Reta";"Sim";2;0;0;1;1;0;1;2;-27,62329313;-48,65245588;"SPRF-SC";"DEL01-SC";"UOP02-DEL01-SC"
566064;2023-12-07;"quinta-feira";"12:00:00";"SP";116;226;"GUARULHOS";"Trafegar com motocicleta (ou similar) entre as faixas";"Colisão lateral mesmo sentido";"Sem Vítimas";"Pleno dia";"Crescente";"Céu Claro";"Múltipla";"Reta";"Sim";2;0;0;0;0;2;0;2;-23,49102507;-46,54878195;"SPRF-SP";"DEL01-SP";"UOP01-DEL01-SP"
566065;2023-12-07;"quinta-feira";"11:00:00";"MG";381;590,5;"CARMOPOLIS DE MINAS";"Objeto estático sobre o leito carroçável";"Saída de leito carroçável";"Com Vítimas Feridas";"Pleno dia";"Decrescente";"Céu Claro";"Dupla";"Reta";"Sim";8;0;2;0;6;0;2;1;-20,54883527;-44,65901982;"SPRF-MG";"DEL04-MG";"UOP01-DEL04-MG"
566069;2023-12-07;"quinta-feira";"11:35:00";"SC";101;109,7;"PENHA";"Reação tardia ou ineficiente do condutor";"Colisão traseira";"Com Vítimas Feridas";"Pleno dia";"Crescente";"Nublado";"Dupla";"Reta";"Não";4;0;1;0;3;0;1;3;-26,8333519;-48,69632106;"SPRF-SC";"DEL03-SC";"UOP02-DEL03-SC"
566070;2023-12-07;"quinta-feira";"12:15:00";"RS";287;247,4;"SANTA MARIA";"Ingestão de álcool pelo condutor";"Colisão traseira";"Com Vítimas Feridas";"Pleno dia";"Decrescente";"Chuva";"Simples";"Reta;Declive";"Sim";2;0;1;0;1;0;1;2;-29,69991534;-53,84176017;"SPRF-RS";"DEL09-RS";"UOP01-DEL09-RS"
566072;2023-12-07;"quinta-feira";"12:35:00";"GO";153;498,3;"GOIANIA";"Condutor deixou de manter distância do veículo da frente";"Engavetamento";"Sem Vítimas";"Pleno dia";"Decrescente";"Céu Claro";"Dupla";"Reta";"Sim";4;0;0;0;4;0;0;4;-16,68891973;-49,23295498;"SPRF-GO";"DEL01-GO";"UOP01-DEL01-GO"
566073;2023-12-07;"quinta-feira";"09:40:00";"RJ";101;321;"NITEROI";"Trafegar com motocicleta (ou similar) entre as faixas";"Colisão lateral mesmo sentido";"Com Vítimas Feridas";"Pleno dia";"Decrescente";"Céu Claro";"Dupla";"Reta";"Sim";2;0;1;0;1;0;1;2;-22,86981096;-43,11046465;"SPRF-RJ";"DEL02-RJ";"UOP01-DEL02-RJ"
566074;2023-12-07;"quinta-feira";"10:10:00";"RJ";40;120;"DUQUE DE CAXIAS";"Ausência de reação do condutor";"Colisão traseira";"Com Vítimas Feridas";"Pleno dia";"Crescente";"Céu Claro";"Dupla";"Reta";"Sim";3;0;1;0;2;0;1;2;-22,77280597;-43,28626763;"SPRF-RJ";"DEL01-RJ";"UOP02-DEL01-RJ"
566075;2023-12-07;"quinta-feira";"12:30:00";"ES";101;212;"IBIRACU";"Ausência de reação do condutor";"Colisão lateral sentido oposto";"Com Vítimas Feridas";"Pleno dia";"Crescente";"Céu Claro";"Simples";"Reta;Retorno Regulamentado";"Não";2;0;1;0;1;0;1;2;-19,81537521;-40,36655964;"SPRF-ES";"DEL02-ES";"UOP01-DEL02-ES"
566076;2023-12-07;"quinta-feira";"09:35:00";"RJ";101;332;"RIO DE JANEIRO";"Reação tardia ou ineficiente do condutor";"Colisão traseira";"Com Vítimas Feridas";"Pleno dia";"Crescente";"Céu Claro";"Dupla";"Reta;Ponte";"Sim";4;0;3;0;1;0;3;2;-22,87997097;-43,2119751;"SPRF-RJ";"DEL02-RJ";"UOP01-DEL02-RJ"
566080;2023-12-07;"quinta-feira";"10:10:00";"AM";230;653;"CANUTAMA";"Pista Escorregadia";"Capotamento";"Com Vítimas Feridas";"Pleno dia";"Decrescente";"Sol";"Simples";"Curva";"Não";2;0;1;0;1;0;1;1;-7,50380829;-63,37044284;"SPRF-AM";"DEL01-AM";"UOP05-DEL01-AM"
566081;2023-12-07;"quinta-feira";"12:50:00";"SC";470;112;"IBIRAMA";"Chuva";"Saída de leito carroçável";"Com Vítimas Feridas";"Pleno dia";"Decrescente";"Chuva";"Simples";"Reta";"Sim";1;0;1;0;0;0;1;1;-27,09701;-49,462887;"SPRF-SC";"DEL04-SC";"UOP02-DEL04-SC"
566082;2023-12-07;"quinta-feira";"13:03:00";"GO";60;35;"GOIANIA";"Velocidade Incompatível";"Capotamento";"Sem Vítimas";"Pleno dia";"Decrescente";"Céu Claro";"Dupla";"Reta;Declive";"Sim";1;0;0;0;1;0;0;1;-16,6777;-49,2676;"SPRF-GO";"DEL01-GO";"UOP02-DEL01-GO"
566084;2023-12-07;"quinta-feira";"13:00:00";"PR";476;175;"CONTENDA";"Acessar a via sem observar a presença dos outros veículos";"Colisão transversal";"Com Vítimas Feridas";"Pleno dia";"Crescente";"Nublado";"Simples";"Reta";"Não";2;0;1;1;0;0;2;2;-25,6933828;-49,5506134;"SPRF-PR";"DEL01-PR";"UOP06-DEL01-PR"
566085;2023-12-07;"quinta-feira";"13:00:00";"RS";101;71;"OSORIO";"Ingestão de álcool pelo condutor";"Colisão traseira";"Com Vítimas Feridas";"Pleno dia";"Crescente";"Céu Claro";"Dupla";"Reta";"Não";5;0;1;0;4;0;1;2;-29,759604;-50,21723;"SPRF-RS";"DEL03-RS";"UOP01-DEL03-RS"
566086;2023-12-07;"quinta-feira";"12:30:00";"RJ";101;483,9;"ANGRA DOS REIS";"Ultrapassagem Indevida";"Colisão lateral mesmo sentido";"Com Vítimas Feridas";"Pleno dia";"Crescente";"Céu Claro";"Simples";"Curva";"Sim";3;0;0;1;2;0;1;3;-22,9971900123;-44,3013620481;"SPRF-RJ";"DEL03-RJ";"UOP03-DEL03-RJ"
566087;2023-12-07;"quinta-feira";"13:45:00";"MG";40;669,8;"CARANDAI";"Acesso irregular";"Colisão transversal";"Com Vítimas Feridas";"Pleno dia";"Decrescente";"Céu Claro";"Simples";"Reta";"Não";3;0;0;1;2;0;1;2;-20,95949689;-43,78978984;"SPRF-MG";"DEL05-MG";"UOP02-DEL05-MG"
566088;2023-12-07;"quinta-feira";"10:50:00";"PE";232;113;"BEZERROS";"Pista esburacada";"Saída de leito carroçável";"Com Vítimas Feridas";"Pleno dia";"Crescente";"Céu Claro";"Dupla";"Declive";"Sim";1;0;0;1;0;0;1;1;-8,29906533;-35,8402169;"SPRF-PE";"DEL02-PE";"UOP02-DEL02PE"
566089;2023-12-07;"quinta-feira";"13:10:00";"MA";135;10;"SAO LUIS";"Acumulo de óleo sobre o pavimento";"Saída de leito carroçável";"Com Vítimas Feridas";"Pleno dia";"Decrescente";"Céu Claro";"Dupla";"Aclive;Reta";"Não";1;0;1;0;0;0;1;1;-2,53073;-44,3068;"SPRF-MA";"DEL01-MA";"UOP01-DEL01-MA"