"id";"data_inversa";"dia_semana";"horario";"uf";"br";"km";"municipio";"causa_acidente";"tipo_acidente";"classificacao_acidente";"fase_dia";"sentido_via";"condicao_metereologica";"tipo_pista";"tracado_via";"uso_solo";"pessoas";"mortos";"feridos_leves";"feridos_graves";"ilesos";"ignorados";"feridos";"veiculos";"latitude";"longitude";"regional";"delegacia";"uop"
566350;2023-11-15;"quarta-feira";"20:40:00";"PR";277;233;"FERNANDES PINHEIRO";"Pedestre andava na pista";"Atropelamento de Pedestre";"Com Vítimas Feridas";"Plena Noite";"Decrescente";"Céu Claro";"Simples";"Reta;Declive";"Não";3;0;0;1;2;0;1;2;-25,464181;-50,565753;"SPRF-PR";"DEL08-PR";"UOP02-DEL08-PR"
566352;2023-12-08;"sexta-feira";"08:00:00";"PR";476;279;"SAO MATEUS DO SUL";"Ultrapassagem Indevida";"Colisão lateral mesmo sentido";"Com Vítimas Feridas";"Pleno dia";"Decrescente";"Céu Claro";"Simples";"Reta";"Sim";1;0;1;0;0;0;1;1;-25,871132;-50,406021;"SPRF-PR";"DEL02-PR";"UOP03-DEL02-PR"
566353;2023-12-08;"sexta-feira";"15:20:00";"SP";116;326;"JUQUITIBA";"Pista Escorregadia";"Capotamento";"Com Vítimas Feridas";"Pleno dia";"Decrescente";"Nublado";"Múltipla";"Curva";"Sim";4;0;1;0;3;0;1;1;-23,93901304;-47,06241203;"SPRF-SP";"DEL04-SP";"UOP03-DEL04-SP"
566354;2023-12-08;"sexta-feira";"15:30:00";"BA";324;589;"CANDEIAS";"Condutor Dormindo";"Capotamento";"Com Vítimas Feridas";"Pleno dia";"Crescente";"Sol";"Dupla";"Reta";"Não";1;0;1;0;0;0;1;1;-12,66425409;-38,4707655;"SPRF-BA";"DEL01-BA";"UOP01-DEL01-BA"
566357;2023-12-08;"sexta-feira";"13:20:00";"MG";40;597,8;"OURO PRETO";"Condutor Dormindo";"Saída de leito carroçável";"Com Vítimas Feridas";"Pleno dia";"Crescente";"Nublado";"Simples";"Curva;Declive";"Não";2;0;2;0;0;0;2;1;-20,423387;-43,877525;"SPRF-MG";"DEL05-MG";"UOP02-DEL05-MG"
566358;2023-12-08;"sexta-feira";"15:30:00";"BA";101;30;"ESPLANADA";"Condutor Dormindo";"Saída de leito carroçável";"Com Vítimas Feridas";"Pleno dia";"Decrescente";"Céu Claro";"Dupla";"Reta";"Não";3;0;3;0;0;0;3;1;-11,78656982;-37,95020332;"SPRF-SE";"DEL02-SE";"UOP03-DEL02-SE"
566359;2023-12-08;"sexta-feira";"15:20:00";"RR";432;202;"CANTA";"Ausência de reação do condutor";"Saída de leito carroçável";"Com Vítimas Feridas";"Pleno dia";"Crescente";"Céu Claro";"Simples";"Curva";"Não";2;0;2;0;0;0;2;1;2,70070499;-60,60825615;"SPRF-RR";"DEL01-RR";"UOP01-DEL01-RR"
566360;2023-12-08;"sexta-feira";"15:31:00";"PE";104;121,9;"PANELAS";"Velocidade Incompatível";"Saída de leito carroçável";"Com Vítimas Feridas";"Pleno dia";"Crescente";"Céu Claro";"Simples";"Curva;Declive";"Não";5;0;4;0;1;0;4;2;-8,70717;-36,026234;"SPRF-PE";"DEL02-PE";"UOP03-DEL02-PE"
566361;2023-12-07;"quinta-feira";"20:40:00";"MG";40;281,2;"TRES MARIAS";"Acessar a via sem observar a presença dos outros veículos";"Colisão lateral mesmo sentido";"Com Vítimas Feridas";"Plena Noite";"Crescente";"Céu Claro";"Simples";"Reta;Interseção de Vias;Aclive";"Sim";3;0;1;0;2;0;1;2;-18,24589972;-45,2051568;"SPRF-MG";"DEL14-MG";"UOP02-DEL14-MG"
566362;2023-12-08;"sexta-feira";"16:10:00";"MG";381;506;"SAO JOAQUIM DE BICAS";"Ausência de reação do condutor";"Saída de leito carroçável";"Sem Vítimas";"Pleno dia";"Decrescente";"Céu Claro";"Dupla";"Reta";"Sim";1;0;0;0;1;0;0;1;-20,05039397;-44,27962502;"SPRF-MG";"DEL01-MG";"UOP03-DEL01-MG"
566364;2023-12-08;"sexta-feira";"15:59:00";"SC";470;120;"IBIRAMA";"Reação tardia ou ineficiente do condutor";"Colisão traseira";"Com Vítimas Feridas";"Pleno dia";"Crescente";"Nublado";"Simples";"Interseção de Vias";"Sim";3;0;1;0;2;0;1;2;-27,089924;-49,520416;"SPRF-SC";"DEL04-SC";"UOP02-DEL04-SC"
566366;2023-12-08;"sexta-feira";"16:45:00";"SP";116;216;"GUARULHOS";"Entrada inopinada do pedestre";"Atropelamento de Pedestre";"Com Vítimas Feridas";"Pleno dia";"Decrescente";"Nublado";"Dupla";"Reta";"Sim";2;0;1;0;1;0;1;2;-23,45056589;-46,46258105;"SPRF-SP";"DEL01-SP";"UOP01-DEL01-SP"
566367;2023-12-08;"sexta-feira";"16:15:00";"MG";381;487;"BETIM";"Condutor deixou de manter distância do veículo da frente";"Colisão traseira";"Com Vítimas Feridas";"Pleno dia";"Decrescente";"Céu Claro";"Dupla";"Aclive;Reta";"Sim";3;0;1;0;1;1;1;2;-19,95586853;-44,14609501;"SPRF-MG";"DEL01-MG";"UOP03-DEL01-MG"
566368;2023-12-08;"sexta-feira";"16:15:00";"SC";101;139,7;"BALNEARIO CAMBORIU";"Ausência de reação do condutor";"Colisão lateral mesmo sentido";"Com Vítimas Feridas";"Pleno dia";"Crescente";"Nublado";"Dupla";"Aclive";"Não";2;0;1;0;1;0;1;2;-27,02982303;-48,60115006;"SPRF-SC";"DEL04-SC";"UOP03-DEL04-SC"
566369;2023-12-08;"sexta-feira";"16:14:00";"PE";101;46;"IGARASSU";"Condutor deixou de manter distância do veículo da frente";"Colisão traseira";"Com Vítimas Feridas";"Pleno dia";"Decrescente";"Céu Claro";"Múltipla";"Reta";"Sim";3;0;1;0;2;0;1;3;-7,87406004;-34,90588126;"SPRF-PE";"DEL01-PE";"UOP02-DEL01-PE"
566370;2023-12-08;"sexta-feira";"09:15:00";"PE";101;157;"GAMELEIRA";"Manobra de mudança de faixa";"Colisão traseira";"Sem Vítimas";"Pleno dia";"Decrescente";"Sol";"Dupla";"Reta;Retorno Regulamentado";"Não";2;0;0;0;2;0;0;2;-8,55352976;-35,3964161;"SPRF-PE";"DEL01-PE";"UOP03-DEL01-PE"
566371;2023-12-08;"sexta-feira";"16:10:00";"SC";101;120;"ITAJAI";"Ausência de reação do condutor";"Colisão traseira";"Com Vítimas Feridas";"Pleno dia";"Crescente";"Nublado";"Múltipla";"Reta";"Não";2;0;1;0;1;0;1;2;-26,912758;-48,711998;"SPRF-SC";"DEL04-SC";"UOP04-DEL04-SC"
566372;2023-12-08;"sexta-feira";"16:15:00";"BA";101;508;"ITABUNA";"Ausência de reação do condutor";"Queda de ocupante de veículo";"Com Vítimas Feridas";"Pleno dia";"Crescente";"Céu Claro";"Simples";"Reta";"Não";1;0;1;0;0;0;1;1;-14,97000197;-39,31996203;"SPRF-BA";"DEL05-BA";"UOP01-DEL05-BA"
566373;2023-12-08;"sexta-feira";"16:50:00";"ES";101;107;"SOORETAMA";"Velocidade Incompatível";"Colisão traseira";"Com Vítimas Feridas";"Pleno dia";"Decrescente";"Céu Claro";"Simples";"Reta";"Não";3;0;1;0;0;2;1;2;-19,03760793;-40,02283215;"SPRF-ES";"DEL04-ES";"UOP01-DEL04-ES"
566375;2023-12-08;"sexta-feira";"17:00:00";"AL";316;242;"ATALAIA";"Ingestão de álcool pelo condutor";"Queda de ocupante de veículo";"Com Vítimas Feridas";"Pleno dia";"Decrescente";"Céu Claro";"Simples";"Curva";"Não";1;0;0;1;0;0;1;1;-9,50727405;-36,02113501;"SPRF-AL";"DEL01-AL";"UOP01-DEL01-AL"
566377;2023-12-08;"sexta-feira";"14:00:00";"BA";116;408;"FEIRA DE SANTANA";"Ausência de reação do condutor";"Capotamento";"Com Vítimas Feridas";"Pleno dia";"Decrescente";"Céu Claro";"Dupla";"Reta";"Não";1;0;1;0;0;0;1;1;-12,09905801;-38,96893229;"SPRF-BA";"DEL02-BA";"UOP01-DEL02-BA"
566378;2023-12-08;"sexta-feira";"17:10:00";"RS";116;259;"CANOAS";"Iluminação deficiente";"Queda de ocupante de veículo";"Com Vítimas Feridas";"Pleno dia";"Crescente";"Céu Claro";"Dupla";"Reta";"Sim";2;0;1;0;0;1;1;2;-29,870408;-51,179909;"SPRF-RS";"DEL01-RS";"UOP02-DEL01-RS"
566380;2023-12-08;"sexta-feira";"16:45:00";"RS";285;566;"SAO LUIZ GONZAGA";"Acessar a via sem observar a presença dos outros veículos";"Colisão transversal";"Com Vítimas Feridas";"Pleno dia";"Crescente";"Céu Claro";"Simples";"Reta;Rotatória;Interseção de Vias";"Sim";5;0;2;0;3;0;2;2;-28,419132;-54,956936;"SPRF-RS";"DEL10-RS";"UOP01-DEL10-RS"
566382;2023-12-08;"sexta-feira";"17:40:00";"SP";101;49,1;"UBATUBA";"Reação tardia ou ineficiente do condutor";"Engavetamento";"Sem Vítimas";"Pleno dia";"Crescente";"Chuva";"Simples";"Reta";"Sim";3;0;0;0;3;0;0;3;-23,4496476;-45,0775162;"SPRF-SP";"DEL06-SP";"UOP01-DEL06-SP"
566383;2023-12-08;"sexta-feira";"17:20:00";"SP";381;29;"ATIBAIA";"Condutor deixou de manter distância do veículo da frente";"Colisão traseira";"Com Vítimas Feridas";"Pleno dia";"Decrescente";"Céu Claro";"Dupla";"Reta";"Sim";3;0;1;0;1;1;1;2;-23,04177622;-46,55896672;"SPRF-SP";"DEL03-SP";"UOP02-DEL03-SP"
566384;2023-12-08;"sexta-feira";"13:55:00";"GO";153;399;"PIRENOPOLIS";"Acumulo de areia ou detritos sobre o pavimento";"Saída de leito carroçável";"Com Vítimas Feridas";"Pleno dia";"Decrescente";"Céu Claro";"Simples";"Curva";"Não";4;0;2;2;0;0;4;1;-16,02478;-49,101807;"SPRF-GO";"DEL02-GO";"UOP02-DEL02-GO"
566385;2023-12-08;"sexta-feira";"13:00:00";"CE";226;255;"PEDRA BRANCA";"Ausência de reação do condutor";"Tombamento";"Com Vítimas Feridas";"Pleno dia";"Crescente";"Céu Claro";"Simples";"Reta";"Não";1;0;1;0;0;0;1;1;-5,438511;-39,996735;"SPRF-CE";"DEL02-CE";"UOP02-DEL02-CE"
566386;2023-12-08;"sexta-feira";"16:55:00";"RS";101;35;"TRES CACHOEIRAS";"Ausência de reação do condutor";"Colisão traseira";"Com Vítimas Feridas";"Pleno dia";"Crescente";"Garoa/Chuvisco";"Múltipla";"Reta";"Não";3;0;1;0;2;0;1;2;-29,51719812;-49,99124485;"SPRF-RS";"DEL03-RS";"UOP02-DEL03-RS"
566387;2023-10-29;"domingo";"05:00:00";"SP";116;152;"SAO JOSE DOS CAMPOS";"Ausência de reação do condutor";"Colisão traseira";"Com Vítimas Feridas";"Amanhecer";"Decrescente";"Céu Claro";"Dupla";"Declive";"Sim";3;0;1;0;1;1;1;3;-23,22620401;-45,90682999;"SPRF-SP";"DEL02-SP";"UOP01-DEL02-SP"
566388;2023-12-08;"sexta-feira";"16:40:00";"PR";376;174;"MARINGA";"Desrespeitar a preferência no cruzamento";"Atropelamento de Pedestre";"Com Vítimas Feridas";"Pleno dia";"Decrescente";"Céu Claro";"Dupla";"Interseção de Vias";"Sim";3;0;2;0;1;0;2;2;-23,41430102;-51,94984299;"SPRF-PR";"DEL09-PR";"UOP01-DEL09-PR"
566391;2023-12-08;"sexta-feira";"17:30:00";"SC";101;253,1;"PAULO LOPES";"Demais falhas mecânicas ou elétricas";"Incêndio";"Sem Vítimas";"Pleno dia";"Decrescente";"Nublado";"Simples";"Reta";"Não";1;0;0;0;1;0;0;1;-27,96884556;-48,67924511;"SPRF-SC";"DEL02-SC";"UOP03-DEL02-SC"
566392;2023-12-08;"sexta-feira";"17:30:00";"SP";153;202;"GUAIMBE";"Reação tardia ou ineficiente do condutor";"Tombamento";"Com Vítimas Feridas";"Pleno dia";"Crescente";"Céu Claro";"Simples";"Aclive;Reta";"Não";1;0;1;0;0;0;1;1;-21,83770502;-49,90399879;"SPRF-SP";"DEL07-SP";"UOP01-DEL07-SP"
566394;2023-12-08;"sexta-feira";"09:10:00";"RJ";40;116;"DUQUE DE CAXIAS";"Manobra de mudança de faixa";"Colisão lateral mesmo sentido";"Com Vítimas Feridas";"Pleno dia";"Crescente";"Céu Claro";"Múltipla";"Reta";"Sim";3;0;2;0;1;0;2;2;-22,73662299;-43,28858785;"SPRF-RJ";"DEL01-RJ";"UOP02-DEL01-RJ"
566395;2023-12-08;"sexta-feira";"12:20:00";"RJ";116;208;"SEROPEDICA";"Ausência de reação do condutor";"Queda de ocupante de veículo";"Com Vítimas Feridas";"Pleno dia";"Decrescente";"Nublado";"Dupla";"Reta";"Não";1;0;1;0;0;0;1;1;-22,72297475;-43,67131596;"SPRF-RJ";"DEL06-RJ";"UOP02-DEL06-RJ"
566397;2023-12-08;"sexta-feira";"18:00:00";"PR";369;141;"IBIPORA";"Ingestão de substâncias psicoativas pelo condutor";"Colisão transversal";"Sem Vítimas";"Pleno dia";"Crescente";"Céu Claro";"Dupla";"Rotatória";"Sim";2;0;0;0;2;0;0;2;-23,28559915;-51,07435048;"SPRF-PR";"DEL07-PR";"UOP01-DEL07-PR"
566398;2023-12-08;"sexta-feira";"16:49:00";"MT";163;850,4;"SINOP";"Ultrapassagem Indevida";"Saída de leito carroçável";"Com Vítimas Feridas";"Pleno dia";"Crescente";"Céu Claro";"Simples";"Reta";"Não";1;0;1;0;0;0;1;1;-11,7303987;-55,46083832;"SPRF-MT";"DEL06-MT";"UOP02-DEL06-MT"
566399;2023-12-08;"sexta-feira";"18:05:00";"RS";290;68;"GRAVATAI";"Condutor deixou de manter distância do veículo da frente";"Colisão traseira";"Com Vítimas Feridas";"Pleno dia";"Crescente";"Céu Claro";"Simples";"Curva";"Não";2;0;0;1;1;0;1;2;-29,94339;-50,936755;"SPRF-RS";"DEL03-RS";"UOP01-DEL03-RS"
566403;2023-12-08;"sexta-feira";"18:50:00";"SC";101;193,3;"BIGUACU";"Reação tardia ou ineficiente do condutor";"Colisão traseira";"Com Vítimas Feridas";"Anoitecer";"Decrescente";"Nublado";"Múltipla";"Reta";"Sim";2;0;0;1;1;0;1;2;-27,489574;-48,655914;"SPRF-SC";"DEL01-SC";"UOP01-DEL01-SC"
566406;2023-12-08;"sexta-feira";"16:15:00";"SP";116;29;"CRUZEIRO";"Reação tardia ou ineficiente do condutor";"Colisão com objeto";"Com Vítimas Feridas";"Pleno dia";"Decrescente";"Nublado";"Dupla";"Declive;Reta";"Não";1;0;1;0;0;0;1;1;-22,62913624;-44,92451055;"SPRF-SP";"DEL08-SP";"UOP02-DEL08-SP"
566408;2023-12-08;"sexta-feira";"18:10:00";"PR";277;75;"SAO JOSE DOS PINHAIS";"Condutor deixou de manter distância do veículo da frente";"Engavetamento";"Sem Vítimas";"Pleno dia";"Crescente";"Céu Claro";"Dupla";"Reta";"Não";4;0;0;0;4;0;0;4;-25,49007917;-49,17720795;"SPRF-PR";"DEL01-PR";"UOP07-DEL01-PR"
566409;2023-12-08;"sexta-feira";"18:30:00";"DF";70;9;"BRASILIA";"Reação tardia ou ineficiente do condutor";"Colisão traseira";"Sem Vítimas";"Anoitecer";"Crescente";"Céu Claro";"Dupla";"Reta";"Não";2;0;0;0;2;0;0;2;-15,79109729;-48,15311909;"SPRF-DF";"DEL03-DF";"UOP02-DEL03-DF"
566410;2023-12-08;"sexta-feira";"14:00:00";"BA";116;408;"FEIRA DE SANTANA";"Reação tardia ou ineficiente do condutor";"Capotamento";"Com Vítimas Feridas";"Pleno dia";"Decrescente";"Céu Claro";"Dupla";"Reta";"Não";1;0;1;0;0;0;1;1;-12,09905801;-38,96893229;"SPRF-BA";"DEL02-BA";"UOP01-DEL02-BA"
566411;2023-12-08;"sexta-feira";"16:15:00";"MT";163;538;"DIAMANTINO";"Conversão proibida";"Colisão frontal";"Com Vítimas Feridas";"Pleno dia";"Crescente";"Céu Claro";"Simples";"Reta";"Não";4;0;1;1;2;0;2;2;-14,39790283;-56,11054979;"SPRF-MT";"DEL01-MT";"UOP01-DEL01-MT"
566412;2023-12-08;"sexta-feira";"18:00:00";"RJ";116;139;"DUQUE DE CAXIAS";"Reação tardia ou ineficiente do condutor";"Queda de ocupante de veículo";"Com Vítimas Feridas";"Anoitecer";"Crescente";"Nublado";"Múltipla";"Reta";"Sim";1;0;1;0;0;0;1;1;-22,64655224;-43,20138601;"SPRF-RJ";"DEL04-RJ";"UOP02-DEL04-RJ"
566413;2023-12-08;"sexta-feira";"19:20:00";"ES";101;71;"SAO MATEUS";"Transitar no Acostamento";"Colisão lateral mesmo sentido";"Com Vítimas Feridas";"Plena Noite";"Crescente";"Céu Claro";"Simples";"Reta";"Não";2;0;1;0;0;1;1;2;-18,753513;-39,862598;"SPRF-ES";"DEL04-ES";"UOP02-DEL04-ES"
566414;2023-12-08;"sexta-feira";"19:30:00";"BA";116;15,5;"VITORIA DA CONQUISTA";"Conversão proibida";"Colisão transversal";"Com Vítimas Feridas";"Plena Noite";"Decrescente";"Céu Claro";"Simples";"Reta";"Não";2;0;1;0;1;0;1;2;-14,90098;-40,85236;"SPRF-BA";"DEL08-BA";"UOP01-DEL08-BA"
566415;2023-12-08;"sexta-feira";"18:59:00";"MG";381;453,6;"SABARA";"Mal súbito do condutor";"Saída de leito carroçável";"Com Vítimas Feridas";"Plena Noite";"Decrescente";"Céu Claro";"Simples";"Reta";"Sim";2;0;1;0;0;1;1;2;-19,841905;-43,865433;"SPRF-MG";"DEL01-MG";"UOP01-DEL01-MG"
566416;2023-12-08;"sexta-feira";"18:51:00";"GO";40;106;"CRISTALINA";"Condutor Dormindo";"Capotamento";"Com Vítimas Feridas";"Anoitecer";"Decrescente";"Céu Claro";"Dupla";"Reta";"Não";1;0;1;0;0;0;1;1;-16,82722;-47,543386;"SPRF-DF";"DEL01-DF";"UOP02-DEL01-DF"
566418;2023-11-06;"segunda-feira";"17:00:00";"SP";116;270;"TABOAO DA SERRA";"Ausência de reação do condutor";"Colisão traseira";"Com Vítimas Feridas";"Pleno dia";"Crescente";"Céu Claro";"Dupla";"Reta";"Não";3;0;2;0;1;0;2;2;-23,61799728;-46,79677694;"SPRF-SP";"DEL04-SP";"UOP01-DEL04-SP"
566419;2023-12-08;"sexta-feira";"15:45:00";"SE";235;12;"NOSSA SENHORA DO SOCORRO";"Transtornos Mentais (exceto suicidio)";"Queda de ocupante de veículo";"Com Vítimas Feridas";"Pleno dia";"Decrescente";"Céu Claro";"Simples";"Curva";"Sim";2;0;1;0;1;0;1;1;-10,872643;-37,163246;"SPRF-SE";"DEL01-SE";"UOP01-DEL01-SE"
566420;2023-12-08;"sexta-feira";"07:40:00";"MG";365;868;"SANTA VITORIA";"Velocidade Incompatível";"Colisão frontal";"Com Vítimas Feridas";"Pleno dia";"Decrescente";"Sol";"Simples";"Aclive;Retorno Regulamentado";"Sim";1;0;1;0;0;0;1;1;-19,047554;-50,486767;"SPRF-MG";"DEL15-MG";"UOP03-DEL15-MG"
566421;2023-12-08;"sexta-feira";"18:30:00";"SP";116;515;"CAJATI";"Pista Escorregadia";"Queda de ocupante de veículo";"Com Vítimas Feridas";"Anoitecer";"Decrescente";"Chuva";"Simples";"Curva;Declive";"Não";2;0;1;0;1;0;1;1;-24,86704083;-48,21738184;"SPRF-SP";"DEL05-SP";"UOP02-DEL05-SP"
566423;2023-12-08;"sexta-feira";"19:35:00";"MG";381;433,6;"SABARA";"Velocidade Incompatível";"Capotamento";"Com Vítimas Feridas";"Plena Noite";"Crescente";"Chuva";"Simples";"Reta";"Não";1;0;1;0;0;0;1;1;-19,78649179;-43,72052193;"SPRF-MG";"DEL01-MG";"UOP01-DEL01-MG"
566426;2023-12-08;"sexta-feira";"19:15:00";"RJ";101;204;"CASIMIRO DE ABREU";"Condutor deixou de manter distância do veículo da frente";"Colisão traseira";"Sem Vítimas";"Plena Noite";"Crescente";"Garoa/Chuvisco";"Dupla";"Reta";"Não";4;0;0;0;4;0;0;2;-22,47451129;-42,18198196;"SPRF-RJ";"DEL08-RJ";"UOP04-DEL08-RJ"
566427;2023-12-08;"sexta-feira";"19:30:00";"PR";369;481,8;"CORBELIA";"Reação tardia ou ineficiente do condutor";"Colisão traseira";"Com Vítimas Feridas";"Plena Noite";"Crescente";"Céu Claro";"Simples";"Reta";"Não";6;0;2;0;4;0;2;2;-24,6524;-53,2195;"SPRF-PR";"DEL04-PR";"UOP03-DEL04-PR"
566429;2023-12-08;"sexta-feira";"18:50:00";"MT";163;1081;"GUARANTA DO NORTE";"Acesso irregular";"Colisão transversal";"Com Vítimas Feridas";"Plena Noite";"Crescente";"Céu Claro";"Simples";"Reta";"Não";2;0;1;0;1;0;1;2;-9,85581547;-54,88161391;"SPRF-MT";"DEL06-MT";"UOP03-DEL06-MT"
566430;2023-12-08;"sexta-feira";"18:30:00";"RJ";465;20,5;"NOVA IGUACU";"Transitar no Acostamento";"Atropelamento de Pedestre";"Com Vítimas Feridas";"Anoitecer";"Crescente";"Ignorado";"Simples";"Reta";"Não";2;0;1;0;0;1;1;2;-22,846828;-43,605339;"SPRF-RJ";"DEL06-RJ";"UOP02-DEL06-RJ"
566431;2023-12-08;"sexta-feira";"19:40:00";"SC";101;132,7;"BALNEARIO CAMBORIU";"Trafegar com motocicleta (ou similar) entre as faixas";"Colisão traseira";"Com Vítimas Feridas";"Plena Noite";"Crescente";"Nublado";"Dupla";"Reta";"Sim";2;0;0;1;1;0;1;2;-26,99654133;-48,65564711;"SPRF-SC";"DEL04-SC";"UOP03-DEL04-SC"
566432;2023-12-08;"sexta-feira";"20:00:00";"RS";153;49,8;"ERECHIM";"Ingestão de álcool pelo condutor";"Colisão transversal";"Sem Vítimas";"Plena Noite";"Decrescente";"Nublado";"Simples";"Reta";"Não";4;0;0;0;3;1;0;3;-27,65540246;-52,26874352;"SPRF-RS";"DEL08-RS";"UOP04-DEL08-RS"
566433;2023-12-08;"sexta-feira";"18:40:00";"PE";232;223;"PESQUEIRA";"Ausência de reação do condutor";"Colisão frontal";"Com Vítimas Feridas";"Plena Noite";"Decrescente";"Céu Claro";"Simples";"Reta";"Não";2;0;0;1;1;0;1;2;-8,40436455;-36,81023008;"SPRF-PE";"DEL03-PE";"UOP02-DEL03-PE"
566436;2023-12-08;"sexta-feira";"20:48:00";"PE";101;65,5;"RECIFE";"Ausência de reação do condutor";"Colisão traseira";"Com Vítimas Feridas";"Plena Noite";"Decrescente";"Céu Claro";"Dupla";"Reta";"Sim";3;0;1;0;1;1;1;2;-8,02478597;-34,94276635;"SPRF-PE";"DEL01-PE";"UOP01-DEL01-PE"
566437;2023-12-08;"sexta-feira";"20:40:00";"GO";153;511,5;"APARECIDA DE GOIANIA";"Ausência de reação do condutor";"Tombamento";"Com Vítimas Feridas";"Plena Noite";"Decrescente";"Céu Claro";"Dupla";"Reta";"Sim";1;0;0;1;0;0;1;1;-16,8067;-49,2394;"SPRF-GO";"DEL01-GO";"UOP03-DEL01-GO"
566438;2023-12-08;"sexta-feira";"19:50:00";"RJ";40;72;"PETROPOLIS";"Pista Escorregadia";"Colisão traseira";"Com Vítimas Feridas";"Plena Noite";"Decrescente";"Chuva";"Dupla";"Reta";"Não";3;0;1;0;2;0;1;2;-22,4585308;-43,21600514;"SPRF-RJ";"DEL01-RJ";"UOP01-DEL01-RJ"
566439;2023-12-08;"sexta-feira";"19:15:00";"MG";40;356,3;"FELIXLANDIA";"Desrespeitar a preferência no cruzamento";"Colisão transversal";"Com Vítimas Feridas";"Plena Noite";"Crescente";"Céu Claro";"Simples";"Curva";"Não";6;0;3;1;1;1;4;3;-18,73053982;-44,88268599;"SPRF-MG";"DEL02-MG";"UOP01-DEL02-MG"
566441;2023-12-08;"sexta-feira";"21:20:00";"PB";230;21,5;"JOAO PESSOA";"Ausência de reação do condutor";"Colisão lateral mesmo sentido";"Com Vítimas Feridas";"Plena Noite";"Crescente";"Céu Claro";"Dupla";"Curva";"Sim";2;0;1;0;1;0;1;2;-7,148781;-34,851042;"SPRF-PB";"DEL01-PB";"UOP01-DEL01-PB"
566442;2023-12-08;"sexta-feira";"17:20:00";"MA";316;524,8;"CAXIAS";"Demais falhas mecânicas ou elétricas";"Queda de ocupante de veículo";"Com Vítimas Feridas";"Pleno dia";"Crescente";"Céu Claro";"Simples";"Reta";"Não";2;0;2;0;0;0;2;1;-4,79143;-43,572159;"SPRF-MA";"DEL03-MA";"UOP02-DEL03-MA"
566443;2023-12-08;"sexta-feira";"21:25:00";"SC";101;211,6;"PALHOCA";"Reação tardia ou ineficiente do condutor";"Atropelamento de Pedestre";"Com Vítimas Feridas";"Plena Noite";"Crescente";"Nublado";"Dupla";"Viaduto;Curva";"Sim";2;0;1;0;1;0;1;2;-27,62329313;-48,65245588;"SPRF-SC";"DEL01-SC";"UOP02-DEL01-SC"
566444;2023-12-08;"sexta-feira";"16:40:00";"AL";104;36,8;"UNIAO DOS PALMARES";"Animais na Pista";"Atropelamento de Animal";"Com Vítimas Feridas";"Pleno dia";"Decrescente";"Céu Claro";"Simples";"Reta";"Não";1;0;1;0;0;0;1;1;-9,16859247;-36,02287647;"SPRF-AL";"DEL01-AL";"UOP02-DEL01-AL"
566445;2023-12-08;"sexta-feira";"18:40:00";"GO";50;254;"CATALAO";"Chuva";"Saída de leito carroçável";"Sem Vítimas";"Plena Noite";"Crescente";"Chuva";"Dupla";"Reta";"Não";1;0;0;0;1;0;0;1;-18,0022;-47,8024;"SPRF-GO";"DEL06-GO";"UOP01-DEL06-GO"
566446;2023-12-08;"sexta-feira";"20:50:00";"ES";101;293,5;"CARIACICA";"Ausência de reação do condutor";"Queda de ocupante de veículo";"Com Vítimas Feridas";"Plena Noite";"Crescente";"Céu Claro";"Dupla";"Curva;Em Obras;Aclive";"Sim";1;0;0;1;0;0;1;1;-20,31526144;-40,39567044;"SPRF-ES";"DEL01-ES";"UOP01-DEL01-ES"
566449;2023-12-08;"sexta-feira";"20:35:00";"RS";290;166,9;"BUTIA";"Acessar a via sem observar a presença dos outros veículos";"Colisão transversal";"Com Vítimas Feridas";"Plena Noite";"Decrescente";"Céu Claro";"Simples";"Reta";"Não";3;0;1;1;1;0;2;2;-30,122547;-51,868572;"SPRF-RS";"DEL02-RS";"UOP03-DEL02-RS"
566450;2023-06-24;"sábado";"01:57:00";"GO";70;9;"AGUAS LINDAS DE GOIAS";"Transitar na contramão";"Colisão frontal";"Com Vítimas Feridas";"Plena Noite";"Crescente";"Céu Claro";"Múltipla";"Reta";"Não";2;0;1;0;1;0;1;2;-15,73576731;-48,28288046;"SPRF-DF";"DEL03-DF";"UOP02-DEL03-DF"
566452;2023-12-08;"sexta-feira";"21:35:00";"MG";153;194,9;"FRUTAL";"Afundamento ou ondulação no pavimento";"Colisão com objeto";"Com Vítimas Feridas";"Pleno dia";"Crescente";"Céu Claro";"Simples";"Ponte;Reta;Declive;Interseção de Vias";"Não";2;0;1;0;1;0;1;1;-19,92665221;-48,95835578;"SPRF-MG";"DEL13-MG";"UOP02-DEL13-MG"
566453;2023-12-08;"sexta-feira";"18:50:00";"MG";50;80;"UBERLANDIA";"Acesso irregular";"Colisão transversal";"Com Vítimas Feridas";"Plena Noite";"Decrescente";"Céu Claro";"Simples";"Reta";"Não";2;0;1;0;1;0;1;2;-18,986906;-48,211853;"SPRF-MG";"DEL15-MG";"UOP01-DEL15-MG"
566454;2023-12-08;"sexta-feira";"21:00:00";"RJ";101;468;"ANGRA DOS REIS";"Ausência de reação do condutor";"Engavetamento";"Com Vítimas Feridas";"Plena Noite";"Decrescente";"Chuva";"Simples";"Curva";"Não";4;0;2;0;1;1;2;3;-23,00721537;-44,22359287;"SPRF-RJ";"DEL03-RJ";"UOP03-DEL03-RJ"