"id";"data_inversa";"dia_semana";"horario";"uf";"br";"km";"municipio";"causa_acidente";"tipo_acidente";"classificacao_acidente";"fase_dia";"sentido_via";"condicao_metereologica";"tipo_pista";"tracado_via";"uso_solo";"pessoas";"mortos";"feridos_leves";"feridos_graves";"ilesos";"ignorados";"feridos";"veiculos";"latitude";"longitude";"regional";"delegacia";"uop"
566455;2023-12-08;"sexta-feira";"20:30:00";"PR";277;79;"CURITIBA";"Condutor deixou de manter distância do veículo da frente";"Colisão traseira";"Sem Vítimas";"Plena Noite";"Decrescente";"Nublado";"Dupla";"Curva";"Não";2;0;0;0;2;0;0;2;-25,47644264;-49,20742035;"SPRF-PR";"DEL01-PR";"UOP07-DEL01-PR"
566456;2023-12-08;"sexta-feira";"18:30:00";"PE";101;114;"CABO DE SANTO AGOSTINHO";"Demais falhas mecânicas ou elétricas";"Saída de leito carroçável";"Com Vítimas Feridas";"Plena Noite";"Decrescente";"Céu Claro";"Dupla";"Reta";"Não";1;0;0;1;0;0;1;1;-8,33585626;-35,1333699;"SPRF-PE";"DEL01-PE";"UOP03-DEL01-PE"
566458;2023-12-08;"sexta-feira";"20:50:00";"BA";415;32;"ILHEUS";"Ausência de reação do condutor";"Queda de ocupante de veículo";"Com Vítimas Feridas";"Pleno dia";"Crescente";"Céu Claro";"Simples";"Reta";"Não";2;0;2;0;0;0;2;1;-14,8482;-39,281986;"SPRF-BA";"DEL05-BA";"UOP01-DEL05-BA"
566460;2023-12-08;"sexta-feira";"21:30:00";"SP";116;220;"GUARULHOS";"Condutor deixou de manter distância do veículo da frente";"Colisão lateral mesmo sentido";"Com Vítimas Feridas";"Plena Noite";"Decrescente";"Céu Claro";"Múltipla";"Em Obras;Reta";"Não";5;0;1;0;4;0;1;3;-23,46472809;-46,49793962;"SPRF-SP";"DEL01-SP";"UOP01-DEL01-SP"
566462;2023-12-08;"sexta-feira";"21:10:00";"GO";40;12,5;"LUZIANIA";"Acessar a via sem observar a presença dos outros veículos";"Atropelamento de Pedestre";"Com Vítimas Fatais";"Plena Noite";"Crescente";"Céu Claro";"Dupla";"Aclive;Reta";"Sim";2;1;0;0;0;1;0;2;-16,145123;-47,945382;"SPRF-DF";"DEL01-DF";"UOP01-DEL01-DF"
566465;2023-12-08;"sexta-feira";"20:20:00";"SC";280;245,5;"CANOINHAS";"Reação tardia ou ineficiente do condutor";"Saída de leito carroçável";"Sem Vítimas";"Plena Noite";"Crescente";"Nublado";"Simples";"Interseção de Vias";"Não";1;0;0;0;0;1;0;1;-26,24263646;-50,49461672;"SPRF-SC";"DEL06-SC";"UOP04-DEL06-SC"
566466;2023-12-08;"sexta-feira";"21:45:00";"MG";116;417;"GOVERNADOR VALADARES";"Acumulo de areia ou detritos sobre o pavimento";"Tombamento";"Com Vítimas Feridas";"Plena Noite";"Crescente";"Céu Claro";"Simples";"Reta";"Sim";1;0;1;0;0;0;1;1;-18,90130308;-41,94492414;"SPRF-MG";"DEL06-MG";"UOP01-DEL06-MG"
566467;2023-12-08;"sexta-feira";"21:55:00";"PE";316;83;"OURICURI";"Ingestão de álcool pelo condutor";"Colisão com objeto";"Com Vítimas Feridas";"Plena Noite";"Decrescente";"Céu Claro";"Simples";"Interseção de Vias;Curva";"Sim";1;0;1;0;0;0;1;1;-7,87468608;-40,08532003;"SPRF-PE";"DEL05-PE";"UOP02-DEL05-PE"
566468;2023-12-08;"sexta-feira";"19:40:00";"BA";101;939;"MUCURI";"Desrespeitar a preferência no cruzamento";"Colisão transversal";"Com Vítimas Feridas";"Plena Noite";"Decrescente";"Céu Claro";"Simples";"Rotatória";"Não";4;0;3;0;1;0;3;2;-18,04403274;-39,86732483;"SPRF-BA";"DEL09-BA";"UOP02-DEL09-BA"
566469;2023-12-08;"sexta-feira";"23:30:00";"RS";470;157,5;"NOVA PRATA";"Ingestão de álcool pelo condutor";"Saída de leito carroçável";"Com Vítimas Feridas";"Plena Noite";"Crescente";"Céu Claro";"Simples";"Curva;Declive";"Não";1;0;1;0;0;0;1;1;-28,791576;-51,616725;"SPRF-RS";"DEL06-RS";"UOP02-DEL06-RS"
566472;2023-12-08;"sexta-feira";"20:30:00";"PB";110;69;"SAO JOSE DE ESPINHARAS";"Reação tardia ou ineficiente do condutor";"Colisão com objeto";"Com Vítimas Feridas";"Plena Noite";"Crescente";"Céu Claro";"Simples";"Curva";"Não";1;0;0;1;0;0;1;1;-6,917194;-37,40767004;"SPRF-PB";"DEL03-PB";"UOP01-DEL03-PB"
566474;2023-12-08;"sexta-feira";"20:59:00";"TO";230;132;"ARAGUATINS";"Ingestão de álcool pelo condutor";"Saída de leito carroçável";"Sem Vítimas";"Plena Noite";"Decrescente";"Céu Claro";"Simples";"Reta";"Não";1;0;0;0;0;1;0;1;-5,76086104;-48,05106605;"SPRF-TO";"DEL02-TO";"UOP03-DEL02-TO"
566478;2023-12-08;"sexta-feira";"23:21:00";"MT";163;798;"VERA";"Condutor Dormindo";"Saída de leito carroçável";"Com Vítimas Feridas";"Plena Noite";"Crescente";"Nublado";"Simples";"Reta";"Não";1;0;1;0;0;0;1;1;-12,195;-55,533;"SPRF-MT";"DEL06-MT";"UOP01-DEL06-MT"
566479;2023-12-09;"sábado";"00:25:00";"DF";40;3;"BRASILIA";"Ausência de reação do condutor";"Colisão traseira";"Sem Vítimas";"Plena Noite";"Crescente";"Céu Claro";"Dupla";"Reta";"Sim";3;0;0;0;2;1;0;2;-16,003145;-47,983944;"SPRF-DF";"DEL01-DF";"UOP01-DEL01-DF"
566480;2023-12-09;"sábado";"01:20:00";"SC";101;5;"SAO JOSE";"Frear bruscamente";"Saída de leito carroçável";"Com Vítimas Feridas";"Plena Noite";"Decrescente";"Céu Claro";"Múltipla";"Reta";"Não";1;0;1;0;0;0;1;1;-27,58786016;-48,61426592;"SPRF-SC";"DEL03-SC";"UOP01-DEL03-SC"
566481;2023-12-09;"sábado";"01:20:00";"SP";116;276;"EMBU DAS ARTES";"Reação tardia ou ineficiente do condutor";"Colisão com objeto";"Sem Vítimas";"Plena Noite";"Decrescente";"Garoa/Chuvisco";"Múltipla";"Reta";"Sim";1;0;0;0;1;0;0;1;-23,64262417;-46,83811382;"SPRF-SP";"DEL04-SP";"UOP01-DEL04-SP"
566482;2023-12-09;"sábado";"02:00:00";"MG";381;498;"BETIM";"Pedestre andava na pista";"Atropelamento de Pedestre";"Com Vítimas Fatais";"Plena Noite";"Crescente";"Céu Claro";"Dupla";"Reta;Declive";"Sim";5;1;0;0;3;1;0;5;-20,01172662;-44,21976041;"SPRF-MG";"DEL01-MG";"UOP03-DEL01-MG"
566483;2023-04-13;"quinta-feira";"14:46:00";"RJ";101;64;"CAMPOS DOS GOYTACAZES";"Conversão proibida";"Colisão transversal";"Com Vítimas Feridas";"Pleno dia";"Crescente";"Céu Claro";"Simples";"Interseção de Vias";"Sim";2;0;2;0;0;0;2;2;-21,74908605;-41,33632461;"SPRF-RJ";"DEL08-RJ";"UOP02-DEL08-RJ"
566484;2023-12-08;"sexta-feira";"19:50:00";"MA";230;28,4;"BARAO DE GRAJAU";"Reação tardia ou ineficiente do condutor";"Saída de leito carroçável";"Com Vítimas Feridas";"Plena Noite";"Decrescente";"Ignorado";"Simples";"Reta";"Não";2;0;0;2;0;0;2;1;-6,69612298;-43,23769;"SPRF-PI";"DEL03-PI";"UOP01-DEL03-PI"
566485;2023-12-09;"sábado";"01:35:00";"MG";381;450;"SABARA";"Ingestão de álcool pelo condutor";"Saída de leito carroçável";"Sem Vítimas";"Plena Noite";"Crescente";"Céu Claro";"Simples";"Reta;Desvio Temporário";"Sim";5;0;0;0;1;4;0;2;-19,84130639;-43,87176902;"SPRF-MG";"DEL01-MG";"UOP01-DEL01-MG"
566486;2023-12-09;"sábado";"01:30:00";"SP";116;276;"EMBU DAS ARTES";"Ingestão de álcool pelo condutor";"Colisão traseira";"Sem Vítimas";"Plena Noite";"Decrescente";"Nublado";"Dupla";"Reta";"Não";2;0;0;0;2;0;0;2;-23,64262417;-46,83811382;"SPRF-SP";"DEL04-SP";"UOP01-DEL04-SP"
566488;2023-12-09;"sábado";"02:40:00";"SC";116;227;"CORREIA PINTO";"Reação tardia ou ineficiente do condutor";"Capotamento";"Sem Vítimas";"Plena Noite";"Decrescente";"Garoa/Chuvisco";"Simples";"Reta";"Não";1;0;0;0;1;0;0;1;-27,63660007;-50,3395215;"SPRF-SC";"DEL05-SC";"UOP03-DEL05-SC"
566489;2023-12-09;"sábado";"03:00:00";"MG";381;900,2;"CAMBUI";"Ausência de reação do condutor";"Colisão traseira";"Com Vítimas Feridas";"Plena Noite";"Crescente";"Céu Claro";"Dupla";"Interseção de Vias";"Não";5;0;2;0;3;0;2;2;-22,66197715;-46,08921986;"SPRF-MG";"DEL16-MG";"UOP03-DEL16-MG"
566490;2023-12-09;"sábado";"02:00:00";"PR";373;244,1;"GUAMIRANGA";"Velocidade Incompatível";"Saída de leito carroçável";"Sem Vítimas";"Plena Noite";"Crescente";"Céu Claro";"Simples";"Curva;Declive";"Não";1;0;0;0;0;1;0;1;-25,1905309;-50,79562196;"SPRF-PR";"DEL03-PR";"UOP01-DEL03-PR"
566491;2023-12-09;"sábado";"03:20:00";"GO";70;3;"AGUAS LINDAS DE GOIAS";"Condutor Dormindo";"Saída de leito carroçável";"Com Vítimas Feridas";"Plena Noite";"Crescente";"Ignorado";"Dupla";"Reta";"Sim";2;0;1;0;1;0;1;1;-15,76177302;-48,2368693;"SPRF-DF";"DEL03-DF";"UOP02-DEL03-DF"
566493;2023-12-09;"sábado";"03:40:00";"SC";116;233,7;"CORREIA PINTO";"Condutor Dormindo";"Saída de leito carroçável";"Sem Vítimas";"Plena Noite";"Decrescente";"Céu Claro";"Simples";"Aclive;Curva";"Não";1;0;0;0;0;1;0;1;-27,69306795;-50,33623941;"SPRF-SC";"DEL05-SC";"UOP01-DEL05-SC"
566494;2023-12-09;"sábado";"03:43:00";"RS";116;253;"SAPUCAIA DO SUL";"Reação tardia ou ineficiente do condutor";"Colisão com objeto";"Sem Vítimas";"Plena Noite";"Decrescente";"Céu Claro";"Dupla";"Em Obras";"Sim";1;0;0;0;1;0;0;1;-29,81784209;-51,16996166;"SPRF-RS";"DEL01-RS";"UOP02-DEL01-RS"
566495;2023-12-09;"sábado";"03:12:00";"MA";10;256;"IMPERATRIZ";"Condutor deixou de manter distância do veículo da frente";"Colisão traseira";"Sem Vítimas";"Plena Noite";"Decrescente";"Céu Claro";"Simples";"Reta";"Não";3;0;0;0;3;0;0;2;-5,499715;-47,471836;"SPRF-MA";"DEL04-MA";"UOP01-DEL04-MA"
566496;2023-12-09;"sábado";"04:10:00";"RS";158;92,5;"PALMEIRA DAS MISSOES";"Manobra de mudança de faixa";"Colisão lateral sentido oposto";"Sem Vítimas";"Amanhecer";"Crescente";"Céu Claro";"Simples";"Reta";"Não";2;0;0;0;2;0;0;2;-27,82241545;-53,33630562;"SPRF-RS";"DEL08-RS";"UOP02-DEL08-RS"
566497;2023-12-08;"sexta-feira";"22:30:00";"PA";155;270;"ELDORADO DO CARAJAS";"Ausência de reação do condutor";"Colisão com objeto";"Com Vítimas Feridas";"Plena Noite";"Decrescente";"Céu Claro";"Simples";"Reta;Ponte";"Não";2;0;0;2;0;0;2;1;-5,9805958;-49,23350923;"SPRF-PA";"DEL03-PA";"UOP01-DEL03-PA"
566498;2023-12-09;"sábado";"04:00:00";"SC";101;201,3;"SAO JOSE";"Ingestão de álcool pelo condutor";"Saída de leito carroçável";"Sem Vítimas";"Plena Noite";"Decrescente";"Nublado";"Múltipla";"Reta";"Sim";1;0;0;0;1;0;0;1;-27,54836599;-48,61977975;"SPRF-SC";"DEL01-SC";"UOP01-DEL01-SC"
566499;2023-12-09;"sábado";"04:10:00";"DF";20;9,1;"BRASILIA";"Velocidade Incompatível";"Colisão com objeto";"Com Vítimas Feridas";"Amanhecer";"Decrescente";"Céu Claro";"Múltipla";"Reta;Interseção de Vias;Viaduto";"Sim";2;0;1;0;0;1;1;2;-15,654671;-47,782917;"SPRF-DF";"DEL02-DF";"UOP01-DEL02-DF"
566501;2023-12-09;"sábado";"05:08:00";"RS";116;522,2;"PELOTAS";"Ingestão de álcool pelo condutor";"Colisão com objeto";"Sem Vítimas";"Amanhecer";"Crescente";"Céu Claro";"Dupla";"Reta;Ponte";"Não";1;0;0;0;1;0;0;1;-31,714441;-52,374715;"SPRF-RS";"DEL07-RS";"UOP01-DEL07-RS"
566502;2023-12-09;"sábado";"02:30:00";"PR";369;382,3;"MAMBORE";"Ingestão de álcool pelo condutor";"Colisão lateral sentido oposto";"Sem Vítimas";"Plena Noite";"Crescente";"Céu Claro";"Simples";"Reta;Em Obras";"Não";2;0;0;0;2;0;0;2;-24,2253;-52,5175;"SPRF-PR";"DEL04-PR";"UOP03-DEL04-PR"
566503;2023-12-08;"sexta-feira";"20:40:00";"GO";153;506;"APARECIDA DE GOIANIA";"Velocidade Incompatível";"Saída de leito carroçável";"Sem Vítimas";"Plena Noite";"Crescente";"Céu Claro";"Dupla";"Reta";"Não";1;0;0;0;0;1;0;1;-16,7633;-49,24;"SPRF-GO";"DEL01-GO";"UOP01-DEL01-GO"
566504;2023-12-09;"sábado";"05:20:00";"MS";60;372,8;"CAMPO GRANDE";"Reação tardia ou ineficiente do condutor";"Saída de leito carroçável";"Com Vítimas Fatais";"Pleno dia";"Crescente";"Céu Claro";"Simples";"Reta";"Não";2;1;0;0;1;0;0;2;-20,571;-54,695;"SPRF-MS";"DEL01-MS";"UOP04-DEL01-MS"
566505;2023-12-09;"sábado";"05:30:00";"CE";116;5,1;"FORTALEZA";"Ausência de reação do condutor";"Colisão com objeto";"Sem Vítimas";"Pleno dia";"Crescente";"Céu Claro";"Múltipla";"Reta";"Sim";1;0;0;0;0;1;0;1;-3,79467116;-38,50772734;"SPRF-CE";"DEL01-CE";"UOP02-DEL01-CE"
566509;2023-12-08;"sexta-feira";"22:20:00";"MG";116;675;"MIRADOURO";"Acessar a via sem observar a presença dos outros veículos";"Colisão transversal";"Com Vítimas Feridas";"Plena Noite";"Decrescente";"Chuva";"Simples";"Curva";"Não";3;0;2;0;1;0;2;2;-20,903481;-42,350573;"SPRF-MG";"DEL07-MG";"UOP02-DEL07-MG"
566510;2023-12-09;"sábado";"00:40:00";"RJ";101;407;"ITAGUAI";"Condutor deixou de manter distância do veículo da frente";"Colisão traseira";"Sem Vítimas";"Plena Noite";"Decrescente";"Chuva";"Múltipla";"Reta";"Não";2;0;0;0;1;1;0;2;-22,88087914;-43,82441392;"SPRF-RJ";"DEL03-RJ";"UOP01-DEL03-RJ"
566511;2023-12-09;"sábado";"04:50:00";"SP";116;55,5;"LORENA";"Reação tardia ou ineficiente do condutor";"Colisão com objeto";"Com Vítimas Feridas";"Plena Noite";"Decrescente";"Nublado";"Dupla";"Reta";"Não";3;0;3;0;0;0;3;1;-22,76356421;-45,12272385;"SPRF-SP";"DEL08-SP";"UOP02-DEL08-SP"
566512;2023-12-09;"sábado";"05:00:00";"PR";277;4,5;"PARANAGUA";"Reação tardia ou ineficiente do condutor";"Queda de ocupante de veículo";"Com Vítimas Feridas";"Amanhecer";"Crescente";"Céu Claro";"Simples";"Declive";"Sim";1;0;0;1;0;0;1;1;-25,5558739;-48,56416762;"SPRF-PR";"DEL01-PR";"UOP05-DEL01-PR"
566513;2023-12-09;"sábado";"05:21:00";"CE";222;2,2;"FORTALEZA";"Manobra de mudança de faixa";"Colisão traseira";"Com Vítimas Feridas";"Pleno dia";"Decrescente";"Garoa/Chuvisco";"Múltipla";"Reta;Interseção de Vias";"Sim";3;0;2;0;1;0;2;3;-3,73911117;-38,58687498;"SPRF-CE";"DEL01-CE";"UOP01-DEL01-CE"
566515;2023-12-09;"sábado";"06:20:00";"SC";101;184;"BIGUACU";"Condutor Dormindo";"Saída de leito carroçável";"Com Vítimas Feridas";"Amanhecer";"Decrescente";"Nublado";"Dupla";"Reta";"Não";1;0;1;0;0;0;1;1;-27,41613807;-48,6266443;"SPRF-SC";"DEL01-SC";"UOP01-DEL01-SC"
566516;2023-12-09;"sábado";"06:55:00";"RN";304;295;"MACAIBA";"Acesso irregular";"Tombamento";"Com Vítimas Feridas";"Amanhecer";"Decrescente";"Céu Claro";"Dupla";"Em Obras;Reta;Desvio Temporário";"Não";1;0;1;0;0;0;1;1;-5,86785;-35,370407;"SPRF-RN";"DEL01-RN";"UOP02-DEL01-RN"
566517;2023-12-08;"sexta-feira";"21:20:00";"RJ";116;220;"PARACAMBI";"Ausência de reação do condutor";"Colisão com objeto";"Com Vítimas Feridas";"Plena Noite";"Decrescente";"Chuva";"Dupla";"Reta";"Não";1;0;1;0;0;0;1;1;-22,69305776;-43,77362606;"SPRF-RJ";"DEL06-RJ";"UOP02-DEL06-RJ"
566518;2023-12-09;"sábado";"05:50:00";"PE";101;63;"RECIFE";"Reação tardia ou ineficiente do condutor";"Queda de ocupante de veículo";"Com Vítimas Feridas";"Pleno dia";"Decrescente";"Céu Claro";"Múltipla";"Reta";"Sim";1;0;1;0;0;0;1;1;-8,012441;-34,93821;"SPRF-PE";"DEL01-PE";"UOP01-DEL01-PE"
566519;2023-12-09;"sábado";"07:00:00";"CE";116;6;"FORTALEZA";"Manobra de mudança de faixa";"Colisão lateral mesmo sentido";"Com Vítimas Feridas";"Pleno dia";"Decrescente";"Nublado";"Múltipla";"Reta;Declive";"Sim";3;0;0;1;0;2;1;3;-3,802624;-38,50400499;"SPRF-CE";"DEL01-CE";"UOP02-DEL01-CE"
566522;2023-12-09;"sábado";"07:05:00";"MG";262;365;"JUATUBA";"Ausência de reação do condutor";"Saída de leito carroçável";"Com Vítimas Feridas";"Pleno dia";"Decrescente";"Céu Claro";"Dupla";"Reta";"Sim";1;0;0;1;0;0;1;1;-19,97856934;-44,25336717;"SPRF-MG";"DEL01-MG";"UOP03-DEL01-MG"
566523;2023-12-09;"sábado";"06:00:00";"PE";101;81;"RECIFE";"Manobra de mudança de faixa";"Colisão lateral mesmo sentido";"Com Vítimas Feridas";"Pleno dia";"Decrescente";"Céu Claro";"Dupla";"Curva;Viaduto";"Sim";2;0;1;0;0;1;1;2;-8,1597489;-34,94024569;"SPRF-PE";"DEL01-PE";"UOP01-DEL01-PE"
566524;2023-12-09;"sábado";"07:10:00";"SC";470;52,2;"BLUMENAU";"Condutor Dormindo";"Colisão frontal";"Com Vítimas Feridas";"Pleno dia";"Decrescente";"Nublado";"Simples";"Reta;Interseção de Vias;Rotatória";"Sim";4;0;1;0;3;0;1;2;-26,862286;-49,093903;"SPRF-SC";"DEL04-SC";"UOP01-DEL04-SC"
566526;2023-12-09;"sábado";"07:00:00";"RJ";40;47,9;"PETROPOLIS";"Demais falhas mecânicas ou elétricas";"Saída de leito carroçável";"Com Vítimas Feridas";"Pleno dia";"Crescente";"Céu Claro";"Dupla";"Curva";"Não";1;0;1;0;0;0;1;1;-22,29169833;-43,1279826;"SPRF-RJ";"DEL05-RJ";"UOP02-DEL05-RJ"
566527;2023-12-09;"sábado";"05:40:00";"SP";116;146,5;"SAO JOSE DOS CAMPOS";"Condutor Dormindo";"Colisão com objeto";"Com Vítimas Feridas";"Amanhecer";"Crescente";"Nublado";"Múltipla";"Reta";"Sim";1;0;1;0;0;0;1;1;-23,19122919;-45,86327591;"SPRF-SP";"DEL02-SP";"UOP01-DEL02-SP"
566528;2023-12-09;"sábado";"06:00:00";"RO";364;16;"VILHENA";"Ausência de reação do condutor";"Saída de leito carroçável";"Sem Vítimas";"Pleno dia";"Crescente";"Céu Claro";"Simples";"Declive";"Não";1;0;0;0;0;1;0;1;-12,73437947;-60,15696986;"SPRF-RO";"DEL04-RO";"UOP01-DEL04-RO"
566529;2023-12-09;"sábado";"07:50:00";"DF";60;5,6;"BRASILIA";"Entrada inopinada do pedestre";"Atropelamento de Pedestre";"Com Vítimas Feridas";"Pleno dia";"Decrescente";"Céu Claro";"Dupla";"Reta";"Sim";2;0;1;0;1;0;1;2;-15,895438;-48,104771;"SPRF-DF";"DEL03-DF";"UOP01-DEL03-DF"
566531;2023-12-08;"sexta-feira";"20:30:00";"RJ";465;13;"SEROPEDICA";"Acessar a via sem observar a presença dos outros veículos";"Colisão lateral mesmo sentido";"Com Vítimas Feridas";"Plena Noite";"Decrescente";"Céu Claro";"Simples";"Reta";"Não";2;0;0;1;0;1;1;2;-22,798468;-43,645508;"SPRF-RJ";"DEL06-RJ";"UOP02-DEL06-RJ"
566532;2023-12-09;"sábado";"07:45:00";"PR";277;650;"CEU AZUL";"Ultrapassagem Indevida";"Colisão traseira";"Com Vítimas Feridas";"Pleno dia";"Crescente";"Céu Claro";"Simples";"Declive;Reta";"Não";11;0;2;0;9;0;2;5;-25,19035881;-53,93738222;"SPRF-PR";"DEL05-PR";"UOP02-DEL05-PR"
566533;2023-12-09;"sábado";"08:00:00";"PR";476;142;"CURITIBA";"Ausência de reação do condutor";"Colisão traseira";"Com Vítimas Feridas";"Pleno dia";"Decrescente";"Céu Claro";"Dupla";"Reta";"Sim";2;0;1;0;1;0;1;2;-25,537161;-49,301632;"SPRF-PR";"DEL01-PR";"UOP03-DEL01-PR"
566535;2023-12-09;"sábado";"07:20:00";"PE";423;96,5;"GARANHUNS";"Reação tardia ou ineficiente do condutor";"Colisão frontal";"Sem Vítimas";"Pleno dia";"Crescente";"Sol";"Simples";"Reta";"Sim";2;0;0;0;2;0;0;2;-8,88021822;-36,48651678;"SPRF-PE";"DEL03-PE";"UOP01-DEL03-PE"
566541;2023-12-09;"sábado";"08:55:00";"SC";280;51,5;"GUARAMIRIM";"Acessar a via sem observar a presença dos outros veículos";"Colisão transversal";"Com Vítimas Feridas";"Pleno dia";"Crescente";"Nublado";"Dupla";"Reta";"Não";2;0;1;0;1;0;1;2;-26,46538871;-48,95544449;"SPRF-SC";"DEL03-SC";"UOP03-DEL03-SC"
566543;2023-12-09;"sábado";"08:10:00";"MS";163;506,3;"JARAGUARI";"Ausência de reação do condutor";"Colisão traseira";"Com Vítimas Fatais";"Pleno dia";"Decrescente";"Céu Claro";"Dupla";"Reta;Declive";"Não";3;1;1;0;0;1;1;3;-20,27898388;-54,49191222;"SPRF-MS";"DEL01-MS";"UOP02-DEL01-MS"
566546;2023-12-09;"sábado";"09:30:00";"ES";101;204,2;"JOAO NEIVA";"Condutor deixou de manter distância do veículo da frente";"Colisão traseira";"Com Vítimas Feridas";"Pleno dia";"Crescente";"Céu Claro";"Simples";"Reta";"Sim";2;0;1;0;1;0;1;2;-19,74948916;-40,37922678;"SPRF-ES";"DEL02-ES";"UOP01-DEL02-ES"
566547;2023-12-09;"sábado";"01:56:00";"MT";174;530;"COMODORO";"Condutor Dormindo";"Saída de leito carroçável";"Com Vítimas Feridas";"Plena Noite";"Decrescente";"Nublado";"Dupla";"Curva";"Não";1;0;0;1;0;0;1;1;-13,276274;-59,86591896;"SPRF-MT";"DEL04-MT";"UOP02-DEL04-MT"
566548;2023-12-08;"sexta-feira";"23:00:00";"RO";174;16;"VILHENA";"Deficiência do Sistema de Iluminação/Sinalização";"Queda de ocupante de veículo";"Com Vítimas Feridas";"Plena Noite";"Decrescente";"Nublado";"Simples";"Reta";"Sim";2;0;0;1;0;1;1;2;-12,71452302;-60,1262149;"SPRF-RO";"DEL04-RO";"UOP01-DEL04-RO"
566549;2023-10-07;"sábado";"23:00:00";"MG";365;449,3;"PATROCINIO";"Acesso irregular";"Colisão frontal";"Com Vítimas Feridas";"Plena Noite";"Crescente";"Céu Claro";"Simples";"Reta";"Não";3;0;0;2;1;0;2;2;-18,83084564;-46,81816006;"SPRF-MG";"DEL10-MG";"UOP01-DEL10-MG"
566550;2023-12-09;"sábado";"10:00:00";"SP";101;51;"UBATUBA";"Acessar a via sem observar a presença dos outros veículos";"Colisão transversal";"Com Vítimas Feridas";"Pleno dia";"Crescente";"Chuva";"Simples";"Reta";"Sim";4;0;2;0;2;0;2;2;-23,45627795;-45,07111896;"SPRF-SP";"DEL06-SP";"UOP01-DEL06-SP"
566553;2023-12-09;"sábado";"10:10:00";"PR";116;115;"CURITIBA";"Condutor deixou de manter distância do veículo da frente";"Colisão traseira";"Com Vítimas Feridas";"Pleno dia";"Decrescente";"Céu Claro";"Dupla";"Reta";"Sim";5;0;2;0;3;0;2;3;-25,55953326;-49,26560414;"SPRF-PR";"DEL01-PR";"UOP07-DEL01-PR"
566554;2023-12-09;"sábado";"09:50:00";"PR";376;177,2;"MARINGA";"Manobra de mudança de faixa";"Colisão lateral mesmo sentido";"Com Vítimas Feridas";"Pleno dia";"Crescente";"Céu Claro";"Dupla";"Reta";"Sim";2;0;1;0;1;0;1;2;-23,41396944;-51,92878962;"SPRF-PR";"DEL09-PR";"UOP01-DEL09-PR"
566555;2023-12-09;"sábado";"09:40:00";"BA";367;83,3;"EUNAPOLIS";"Desrespeitar a preferência no cruzamento";"Colisão transversal";"Com Vítimas Feridas";"Pleno dia";"Decrescente";"Sol";"Dupla";"Reta;Interseção de Vias";"Sim";4;0;1;0;3;0;1;2;-16,373781;-39,57609;"SPRF-BA";"DEL09-BA";"UOP03-DEL09-BA"
566556;2023-12-09;"sábado";"10:30:00";"SC";101;207;"SAO JOSE";"Demais falhas mecânicas ou elétricas";"Tombamento";"Com Vítimas Feridas";"Pleno dia";"Decrescente";"Nublado";"Múltipla";"Reta";"Sim";2;0;2;0;0;0;2;1;-27,60001226;-48,6226467;"SPRF-SC";"DEL01-SC";"UOP01-DEL01-SC"
566558;2023-12-09;"sábado";"10:45:00";"SC";101;135;"BALNEARIO CAMBORIU";"Reação tardia ou ineficiente do condutor";"Colisão traseira";"Com Vítimas Feridas";"Pleno dia";"Decrescente";"Nublado";"Dupla";"Reta";"Sim";3;0;1;0;2;0;1;2;-27,0050108;-48,62677494;"SPRF-SC";"DEL04-SC";"UOP03-DEL04-SC"
566559;2023-12-09;"sábado";"10:30:00";"BA";367;83,6;"EUNAPOLIS";"Acessar a via sem observar a presença dos outros veículos";"Colisão transversal";"Sem Vítimas";"Pleno dia";"Crescente";"Céu Claro";"Simples";"Reta";"Sim";4;0;0;0;3;1;0;2;-16,37256267;-39,57064408;"SPRF-BA";"DEL09-BA";"UOP03-DEL09-BA"
566560;2023-12-09;"sábado";"09:29:00";"MT";364;1;"ALTO ARAGUAIA";"Acessar a via sem observar a presença dos outros veículos";"Colisão transversal";"Com Vítimas Feridas";"Pleno dia";"Crescente";"Céu Claro";"Dupla";"Declive;Reta";"Sim";2;0;1;0;1;0;1;2;-17,31227325;-53,21828343;"SPRF-MT";"DEL02-MT";"UOP02-DEL02-MT"
566561;2023-12-09;"sábado";"08:25:00";"ES";262;76,5;"DOMINGOS MARTINS";"Ausência de reação do condutor";"Queda de ocupante de veículo";"Com Vítimas Feridas";"Pleno dia";"Decrescente";"Céu Claro";"Simples";"Curva";"Não";1;0;1;0;0;0;1;1;-20,41279327;-40,90834307;"SPRF-ES";"DEL01-ES";"UOP02-DEL01-ES"
566564;2023-12-09;"sábado";"10:54:00";"SC";101;217,7;"PALHOCA";"Condutor deixou de manter distância do veículo da frente";"Colisão traseira";"Com Vítimas Feridas";"Pleno dia";"Crescente";"Nublado";"Dupla";"Reta";"Sim";2;0;1;0;1;0;1;2;-27,66779034;-48,67393586;"SPRF-SC";"DEL01-SC";"UOP02-DEL01-SC"
566565;2023-12-09;"sábado";"11:40:00";"MG";354;753,5;"ITAMONTE";"Ultrapassagem Indevida";"Colisão transversal";"Com Vítimas Feridas";"Pleno dia";"Crescente";"Céu Claro";"Simples";"Curva";"Sim";2;0;1;0;1;0;1;2;-22,283565;-44,86967348;"SPRF-MG";"DEL17-MG";"UOP01-DEL17-MG"
566567;2023-12-09;"sábado";"11:30:00";"SP";381;41;"ATIBAIA";"Trafegar com motocicleta (ou similar) entre as faixas";"Colisão traseira";"Com Vítimas Feridas";"Pleno dia";"Crescente";"Céu Claro";"Dupla";"Aclive;Reta";"Sim";2;0;0;1;1;0;1;2;-23,13863999;-46,57584088;"SPRF-SP";"DEL03-SP";"UOP01-DEL03-SP"