"id";"data_inversa";"dia_semana";"horario";"uf";"br";"km";"municipio";"causa_acidente";"tipo_acidente";"classificacao_acidente";"fase_dia";"sentido_via";"condicao_metereologica";"tipo_pista";"tracado_via";"uso_solo";"pessoas";"mortos";"feridos_leves";"feridos_graves";"ilesos";"ignorados";"feridos";"veiculos";"latitude";"longitude";"regional";"delegacia";"uop"
566675;2023-12-09;"sábado";"21:15:00";"RS";285;566;"SAO LUIZ GONZAGA";"Ausência de reação do condutor";"Colisão traseira";"Com Vítimas Feridas";"Plena Noite";"Decrescente";"Céu Claro";"Simples";"Reta";"Não";4;0;2;1;0;1;3;3;-28,41767354;-54,94121075;"SPRF-RS";"DEL10-RS";"UOP01-DEL10-RS"
566678;2023-12-09;"sábado";"21:13:00";"PR";369;155;"LONDRINA";"Reação tardia ou ineficiente do condutor";"Colisão traseira";"Sem Vítimas";"Plena Noite";"Crescente";"Céu Claro";"Dupla";"Reta";"Sim";6;0;0;0;5;1;0;3;-23,29568036;-51,2081176;"SPRF-PR";"DEL07-PR";"UOP01-DEL07-PR"
566680;2023-12-09;"sábado";"21:20:00";"GO";70;320;"JUSSARA";"Ausência de reação do condutor";"Colisão traseira";"Com Vítimas Feridas";"Plena Noite";"Crescente";"Céu Claro";"Dupla";"Reta";"Sim";4;0;2;0;1;1;2;2;-15,87750467;-50,88807475;"SPRF-GO";"DEL04-GO";"UOP02-DEL04-GO"
566681;2023-12-09;"sábado";"19:47:00";"PR";369;187;"ARAPONGAS";"Trafegar com motocicleta (ou similar) entre as faixas";"Queda de ocupante de veículo";"Com Vítimas Feridas";"Plena Noite";"Crescente";"Céu Claro";"Simples";"Interseção de Vias";"Sim";1;0;1;0;0;0;1;1;-23,42166832;-51,42468452;"SPRF-PR";"DEL07-PR";"UOP03-DEL07-PR"
566683;2023-12-09;"sábado";"05:07:00";"PA";0;0;"ITAITUBA";"Desrespeitar a preferência no cruzamento";"Colisão transversal";"Com Vítimas Feridas";"Plena Noite";"Não Informado";"Céu Claro";"Dupla";"Reta;Interseção de Vias";"Sim";4;0;0;1;3;0;1;2;-4,272088;-55,9796606;"SPRF-PA";"DEL05-PA";"UOP02-DEL05-PA"
566685;2023-12-09;"sábado";"20:00:00";"PR";369;181;"ARAPONGAS";"Entrada inopinada do pedestre";"Atropelamento de Pedestre";"Com Vítimas Fatais";"Plena Noite";"Crescente";"Nublado";"Simples";"Reta";"Não";3;1;0;0;2;0;0;2;-23,37663108;-51,4152503;"SPRF-PR";"DEL07-PR";"UOP03-DEL07-PR"
566686;2023-12-09;"sábado";"14:16:00";"CE";230;80,1;"VARZEA ALEGRE";"Pedestre andava na pista";"Atropelamento de Pedestre";"Com Vítimas Fatais";"Pleno dia";"Decrescente";"Céu Claro";"Dupla";"Curva";"Sim";2;1;0;0;0;1;0;2;-6,79469;-39,303137;"SPRF-CE";"DEL05-CE";"UOP01-DEL05-CE"
566687;2023-12-09;"sábado";"20:57:00";"PI";343;348;"TERESINA";"Ausência de reação do condutor";"Colisão lateral mesmo sentido";"Com Vítimas Feridas";"Plena Noite";"Crescente";"Ignorado";"Simples";"Reta";"Sim";2;0;0;1;1;0;1;2;-5,118706;-42,786411;"SPRF-PI";"DEL01-PI";"UOP01-DEL01-PI"
566688;2023-12-09;"sábado";"18:13:00";"PE";232;134;"CARUARU";"Pedestre cruzava a pista fora da faixa";"Atropelamento de Pedestre";"Com Vítimas Feridas";"Plena Noite";"Crescente";"Céu Claro";"Dupla";"Reta";"Sim";3;0;2;1;0;0;3;2;-8,30853497;-36,02442101;"SPRF-PE";"DEL02-PE";"UOP01-DEL02-PE"
566689;2023-12-09;"sábado";"21:00:00";"PE";232;178,8;"BELO JARDIM";"Acessar a via sem observar a presença dos outros veículos";"Colisão frontal";"Com Vítimas Feridas";"Plena Noite";"Decrescente";"Céu Claro";"Simples";"Reta";"Sim";3;0;0;1;2;0;1;2;-8,347448;-36,411818;"SPRF-PE";"DEL03-PE";"UOP02-DEL03-PE"
566690;2023-12-09;"sábado";"21:10:00";"RJ";116;306;"RESENDE";"Transitar no Acostamento";"Atropelamento de Pedestre";"Com Vítimas Feridas";"Plena Noite";"Crescente";"Nublado";"Dupla";"Reta";"Não";2;0;0;1;1;0;1;2;-22,45581331;-44,39776897;"SPRF-RJ";"DEL07-RJ";"UOP02-DEL07-RJ"
566691;2023-12-09;"sábado";"20:40:00";"PB";230;215;"SOLEDADE";"Reação tardia ou ineficiente do condutor";"Atropelamento de Pedestre";"Com Vítimas Feridas";"Plena Noite";"Decrescente";"Céu Claro";"Simples";"Reta";"Sim";2;0;0;1;1;0;1;2;-7,0577;-36,3629;"SPRF-PB";"DEL02-PB";"UOP02-DEL02-PB"
566696;2023-12-09;"sábado";"22:00:00";"SC";101;137;"BALNEARIO CAMBORIU";"Velocidade Incompatível";"Capotamento";"Sem Vítimas";"Plena Noite";"Crescente";"Garoa/Chuvisco";"Simples";"Reta";"Sim";1;0;0;0;1;0;0;1;-27,0157238;-48,61192763;"SPRF-SC";"DEL04-SC";"UOP03-DEL04-SC"
566697;2023-12-09;"sábado";"22:00:00";"CE";116;5,6;"FORTALEZA";"Condutor deixou de manter distância do veículo da frente";"Colisão traseira";"Com Vítimas Feridas";"Plena Noite";"Decrescente";"Nublado";"Múltipla";"Viaduto";"Sim";4;0;1;0;3;0;1;2;-3,79833092;-38,50555122;"SPRF-CE";"DEL01-CE";"UOP02-DEL01-CE"
566698;2023-12-09;"sábado";"18:30:00";"SP";116;36,7;"CACHOEIRA PAULISTA";"Velocidade Incompatível";"Colisão com objeto";"Com Vítimas Feridas";"Plena Noite";"Crescente";"Chuva";"Dupla";"Curva";"Não";2;0;1;0;0;1;1;2;-22,66104604;-44,97604019;"SPRF-SP";"DEL08-SP";"UOP02-DEL08-SP"
566699;2023-12-09;"sábado";"16:55:00";"GO";153;318,7;"RIANAPOLIS";"Condutor deixou de manter distância do veículo da frente";"Colisão traseira";"Com Vítimas Feridas";"Pleno dia";"Crescente";"Céu Claro";"Simples";"Reta;Declive";"Sim";3;0;1;0;2;0;1;2;-15,429304;-49,512638;"SPRF-GO";"DEL02-GO";"UOP02-DEL02-GO"
566700;2023-12-09;"sábado";"22:00:00";"MG";40;507;"RIBEIRAO DAS NEVES";"Velocidade Incompatível";"Colisão traseira";"Com Vítimas Feridas";"Plena Noite";"Crescente";"Céu Claro";"Dupla";"Reta";"Sim";4;0;3;0;1;0;3;2;-19,75431705;-44,14152606;"SPRF-MG";"DEL02-MG";"UOP01-DEL02-MG"
566701;2023-12-09;"sábado";"23:00:00";"SC";101;68;"ARAQUARI";"Chuva";"Tombamento";"Com Vítimas Feridas";"Plena Noite";"Crescente";"Chuva";"Dupla";"Reta";"Não";1;0;1;0;0;0;1;1;-26,49513001;-48,73280803;"SPRF-SC";"DEL03-SC";"UOP02-DEL03-SC"
566702;2023-12-09;"sábado";"23:20:00";"RJ";116;303;"PORTO REAL";"Reação tardia ou ineficiente do condutor";"Colisão traseira";"Com Vítimas Fatais";"Plena Noite";"Crescente";"Nublado";"Dupla";"Reta";"Não";1;1;0;0;0;0;0;1;-22,45434989;-44,37845201;"SPRF-RJ";"DEL07-RJ";"UOP02-DEL07-RJ"
566703;2023-12-09;"sábado";"18:00:00";"SC";470;112;"IBIRAMA";"Ultrapassagem Indevida";"Colisão frontal";"Com Vítimas Feridas";"Anoitecer";"Decrescente";"Nublado";"Simples";"Reta";"Não";2;0;1;0;1;0;1;2;-27,09701;-49,462887;"SPRF-SC";"DEL04-SC";"UOP02-DEL04-SC"
566704;2023-12-09;"sábado";"23:00:00";"BA";135;162;"RIACHAO DAS NEVES";"Reação tardia ou ineficiente do condutor";"Colisão frontal";"Com Vítimas Feridas";"Plena Noite";"Crescente";"Céu Claro";"Simples";"Reta";"Não";5;0;0;5;0;0;5;2;-12,028568;-44,955219;"SPRF-BA";"DEL08-BA";"UOP04-DEL08-BA"
566705;2023-12-09;"sábado";"21:55:00";"MG";116;683,6;"MURIAE";"Condutor Dormindo";"Colisão com objeto";"Com Vítimas Feridas";"Plena Noite";"Decrescente";"Céu Claro";"Simples";"Reta";"Não";2;0;0;2;0;0;2;1;-20,96503001;-42,35223064;"SPRF-MG";"DEL07-MG";"UOP02-DEL07-MG"
566709;2023-12-09;"sábado";"22:40:00";"RS";392;661,6;"CERRO LARGO";"Estacionar ou parar em local proibido";"Colisão traseira";"Com Vítimas Feridas";"Plena Noite";"Crescente";"Céu Claro";"Simples";"Reta";"Não";2;0;0;1;1;0;1;2;-28,12455475;-54,73008335;"SPRF-RS";"DEL10-RS";"UOP01-DEL10-RS"
566711;2023-12-10;"domingo";"00:10:00";"MG";50;35,7;"ARAGUARI";"Ingestão de álcool pelo condutor";"Colisão transversal";"Com Vítimas Feridas";"Plena Noite";"Decrescente";"Céu Claro";"Dupla";"Reta";"Não";6;0;4;0;2;0;4;2;-18,65075062;-48,13867716;"SPRF-MG";"DEL15-MG";"UOP02-DEL15-MG"
566712;2023-12-09;"sábado";"23:10:00";"MA";222;663;"ACAILANDIA";"Transitar na contramão";"Colisão frontal";"Com Vítimas Fatais";"Plena Noite";"Decrescente";"Céu Claro";"Simples";"Reta";"Sim";3;1;0;0;0;2;0;3;-4,87587256;-47,35338025;"SPRF-MA";"DEL04-MA";"UOP03-DEL04-MA"
566713;2023-12-09;"sábado";"23:15:00";"BA";110;370;"CATU";"Acessar a via sem observar a presença dos outros veículos";"Colisão lateral sentido oposto";"Com Vítimas Feridas";"Plena Noite";"Crescente";"Céu Claro";"Simples";"Reta";"Sim";3;0;2;0;0;1;2;3;-12,41038544;-38,42231793;"SPRF-BA";"DEL01-BA";"UOP04-DEL01-BA"
566715;2023-12-09;"sábado";"23:45:00";"PA";10;319;"IRITUIA";"Entrada inopinada do pedestre";"Atropelamento de Pedestre";"Com Vítimas Fatais";"Plena Noite";"Decrescente";"Nublado";"Simples";"Reta;Aclive";"Não";2;1;0;0;0;1;0;2;-1,64240799;-47,48804109;"SPRF-PA";"DEL01-PA";"UOP02-DEL01-PA"
566716;2023-12-09;"sábado";"23:50:00";"RJ";101;231;"SILVA JARDIM";"Animais na Pista";"Atropelamento de Animal";"Sem Vítimas";"Plena Noite";"Decrescente";"Ignorado";"Dupla";"Reta";"Não";1;0;0;0;1;0;0;1;-22,57752408;-42,38045083;"SPRF-RJ";"DEL02-RJ";"UOP03-DEL02-RJ"
566718;2023-12-09;"sábado";"23:00:00";"PE";407;129;"PETROLINA";"Reação tardia ou ineficiente do condutor";"Colisão frontal";"Sem Vítimas";"Plena Noite";"Crescente";"Céu Claro";"Simples";"Reta";"Sim";2;0;0;0;2;0;0;2;-9,39958299;-40,50459298;"SPRF-PE";"DEL06-PE";"UOP01-DEL06-PE"
566719;2023-12-10;"domingo";"01:15:00";"MG";50;176;"UBERABA";"Reação tardia ou ineficiente do condutor";"Saída de leito carroçável";"Sem Vítimas";"Plena Noite";"Decrescente";"Céu Claro";"Dupla";"Reta";"Sim";2;0;0;0;2;0;0;1;-19,77919981;-47,960032;"SPRF-MG";"DEL13-MG";"UOP01-DEL13-MG"
566720;2023-12-10;"domingo";"00:30:00";"RJ";116;180;"NOVA IGUACU";"Ingestão de álcool e/ou substâncias psicoativas pelo pedestre";"Colisão traseira";"Com Vítimas Feridas";"Pleno dia";"Crescente";"Céu Claro";"Dupla";"Reta";"Não";2;0;0;1;1;0;1;2;-22,7651616;-43,4154728;"SPRF-RJ";"DEL06-RJ";"UOP01-DEL06-RJ"
566721;2023-12-09;"sábado";"22:30:00";"MT";163;894,2;"CLAUDIA";"Ausência de reação do condutor";"Saída de leito carroçável";"Com Vítimas Feridas";"Plena Noite";"Crescente";"Céu Claro";"Simples";"Reta";"Não";1;0;0;1;0;0;1;1;-11,36405;-55,337746;"SPRF-MT";"DEL06-MT";"UOP02-DEL06-MT"
566722;2023-12-10;"domingo";"02:00:00";"RS";116;37,2;"VACARIA";"Ingestão de álcool pelo condutor";"Saída de leito carroçável";"Com Vítimas Feridas";"Plena Noite";"Decrescente";"Céu Claro";"Simples";"Rotatória;Reta;Interseção de Vias";"Sim";1;0;1;0;0;0;1;1;-28,500974;-50,919825;"SPRF-RS";"DEL05-RS";"UOP03-DEL05-RS"
566723;2023-12-10;"domingo";"01:30:00";"MG";381;487;"BETIM";"Ausência de reação do condutor";"Colisão com objeto";"Sem Vítimas";"Plena Noite";"Crescente";"Nublado";"Dupla";"Curva";"Não";1;0;0;0;0;1;0;1;-19,95586853;-44,14609501;"SPRF-MG";"DEL01-MG";"UOP03-DEL01-MG"
566724;2023-12-10;"domingo";"01:30:00";"PI";343;11,6;"PARNAIBA";"Ingestão de álcool pelo condutor";"Colisão com objeto";"Com Vítimas Feridas";"Plena Noite";"Crescente";"Céu Claro";"Dupla";"Reta";"Sim";2;0;2;0;0;0;2;1;-2,90740638;-41,75349069;"SPRF-PI";"DEL05-PI";"UOP01-DEL05-PI"
566725;2023-12-10;"domingo";"01:15:00";"PR";116;124;"FAZENDA RIO GRANDE";"Ingestão de álcool pelo condutor";"Queda de ocupante de veículo";"Com Vítimas Feridas";"Plena Noite";"Crescente";"Céu Claro";"Dupla";"Reta";"Sim";1;0;1;0;0;0;1;1;-25,62406487;-49,31561731;"SPRF-PR";"DEL01-PR";"UOP03-DEL01-PR"
566726;2023-12-09;"sábado";"23:52:00";"PI";316;96;"BARRO DURO";"Ingestão de álcool pelo condutor";"Colisão com objeto";"Com Vítimas Feridas";"Plena Noite";"Crescente";"Nublado";"Simples";"Curva;Declive;Em Obras";"Sim";3;0;2;0;0;1;2;3;-5,81557921;-42,51383316;"SPRF-PI";"DEL04-PI";"UOP02-DEL04-PI"
566727;2023-12-10;"domingo";"01:25:00";"MS";163;79;"ITAQUIRAI";"Ausência de reação do condutor";"Saída de leito carroçável";"Sem Vítimas";"Plena Noite";"Decrescente";"Nublado";"Simples";"Reta";"Não";1;0;0;0;0;1;0;1;-23,46580118;-54,1909603;"SPRF-MS";"DEL09-MS";"UOP01-DEL09-MS"
566728;2023-12-10;"domingo";"02:25:00";"PR";369;428,9;"UBIRATA";"Condutor Dormindo";"Colisão frontal";"Com Vítimas Feridas";"Plena Noite";"Decrescente";"Céu Claro";"Simples";"Curva;Declive";"Não";2;0;1;1;0;0;2;2;-24,4409;-52,8391;"SPRF-PR";"DEL04-PR";"UOP03-DEL04-PR"
566729;2023-12-10;"domingo";"00:06:00";"MT";163;653;"LUCAS DO RIO VERDE";"Reação tardia ou ineficiente do condutor";"Saída de leito carroçável";"Com Vítimas Feridas";"Plena Noite";"Decrescente";"Nublado";"Simples";"Curva";"Não";1;0;1;0;0;0;1;1;-13,353871;-56,061314;"SPRF-MT";"DEL06-MT";"UOP01-DEL06-MT"
566730;2023-12-10;"domingo";"02:20:00";"PE";101;49;"ABREU E LIMA";"Ingestão de álcool e/ou substâncias psicoativas pelo pedestre";"Capotamento";"Sem Vítimas";"Plena Noite";"Decrescente";"Vento";"Múltipla";"Curva;Declive";"Não";2;0;0;0;0;2;0;2;-7,9005152;-34,90180641;"SPRF-PE";"DEL01-PE";"UOP02-DEL01-PE"
566731;2023-12-10;"domingo";"02:20:00";"MT";163;683;"LUCAS DO RIO VERDE";"Reação tardia ou ineficiente do condutor";"Saída de leito carroçável";"Com Vítimas Feridas";"Plena Noite";"Decrescente";"Céu Claro";"Simples";"Reta";"Não";2;0;2;0;0;0;2;1;-13,2163579;-56,00079923;"SPRF-MT";"DEL06-MT";"UOP01-DEL06-MT"
566732;2023-12-09;"sábado";"22:40:00";"SC";101;420,7;"ARARANGUA";"Ultrapassagem Indevida";"Colisão lateral mesmo sentido";"Com Vítimas Feridas";"Plena Noite";"Decrescente";"Céu Claro";"Dupla";"Reta";"Sim";2;0;0;1;1;0;1;2;-29,0402251;-49,61223688;"SPRF-SC";"DEL02-SC";"UOP02-DEL02-SC"
566733;2023-12-10;"domingo";"02:15:00";"SC";101;113;"ITAJAI";"Manobra de mudança de faixa";"Colisão lateral mesmo sentido";"Com Vítimas Feridas";"Plena Noite";"Decrescente";"Nublado";"Simples";"Retorno Regulamentado";"Não";2;0;2;0;0;0;2;2;-26,85447207;-48,72686321;"SPRF-SC";"DEL04-SC";"UOP04-DEL04-SC"
566734;2023-12-10;"domingo";"03:00:00";"RS";116;152,4;"CAXIAS DO SUL";"Ingestão de álcool pelo condutor";"Tombamento";"Com Vítimas Feridas";"Plena Noite";"Crescente";"Céu Claro";"Dupla";"Reta";"Sim";1;0;1;0;0;0;1;1;-29,18415418;-51,17215991;"SPRF-RS";"DEL05-RS";"UOP01-DEL05-RS"
566735;2023-12-10;"domingo";"02:20:00";"PR";277;602,6;"CASCAVEL";"Velocidade Incompatível";"Saída de leito carroçável";"Com Vítimas Feridas";"Plena Noite";"Crescente";"Nublado";"Dupla";"Curva";"Não";1;0;1;0;0;0;1;1;-25,00282;-53,523851;"SPRF-PR";"DEL04-PR";"UOP01-DEL04-PR"
566738;2023-12-10;"domingo";"03:30:00";"SC";282;93,9;"ALFREDO WAGNER";"Entrada inopinada do pedestre";"Atropelamento de Pedestre";"Com Vítimas Fatais";"Plena Noite";"Decrescente";"Nublado";"Simples";"Reta";"Não";3;1;0;0;1;1;0;3;-27,7100708;-49,244363;"SPRF-SC";"DEL01-SC";"UOP03-DEL01-SC"
566739;2023-12-10;"domingo";"04:20:00";"PB";230;18;"JOAO PESSOA";"Ingestão de álcool pelo condutor";"Colisão traseira";"Sem Vítimas";"Plena Noite";"Decrescente";"Céu Claro";"Dupla";"Reta";"Sim";2;0;0;0;1;1;0;2;-7,12366507;-34,84513521;"SPRF-PB";"DEL01-PB";"UOP01-DEL01-PB"
566740;2023-12-10;"domingo";"02:30:00";"MT";163;813;"SINOP";"Reação tardia ou ineficiente do condutor";"Saída de leito carroçável";"Com Vítimas Feridas";"Plena Noite";"Decrescente";"Céu Claro";"Simples";"Reta";"Não";1;0;1;0;0;0;1;1;-12,05192611;-55,51740074;"SPRF-MT";"DEL06-MT";"UOP02-DEL06-MT"
566741;2023-12-10;"domingo";"02:40:00";"SP";116;561;"BARRA DO TURVO";"Reação tardia ou ineficiente do condutor";"Saída de leito carroçável";"Com Vítimas Feridas";"Plena Noite";"Decrescente";"Garoa/Chuvisco";"Dupla";"Curva;Aclive";"Não";5;0;1;0;4;0;1;1;-25,02045097;-48,51586004;"SPRF-SP";"DEL05-SP";"UOP02-DEL05-SP"
566742;2023-12-10;"domingo";"04:37:00";"SC";470;86,2;"RODEIO";"Chuva";"Tombamento";"Com Vítimas Feridas";"Plena Noite";"Crescente";"Chuva";"Simples";"Interseção de Vias;Reta";"Não";1;0;0;1;0;0;1;1;-26,949951;-49,357296;"SPRF-SC";"DEL04-SC";"UOP01-DEL04-SC"
566743;2023-12-10;"domingo";"04:30:00";"PR";277;4;"PARANAGUA";"Ingestão de álcool pelo condutor";"Colisão com objeto";"Com Vítimas Feridas";"Plena Noite";"Crescente";"Nublado";"Simples";"Curva";"Não";1;0;1;0;0;0;1;1;-25,554707;-48,563108;"SPRF-PR";"DEL01-PR";"UOP05-DEL01-PR"
566746;2023-12-10;"domingo";"05:20:00";"AL";101;147,7;"JEQUIA DA PRAIA";"Velocidade Incompatível";"Capotamento";"Com Vítimas Feridas";"Pleno dia";"Crescente";"Céu Claro";"Dupla";"Curva";"Não";4;0;3;1;0;0;4;1;-9,88248201;-36,13719598;"SPRF-AL";"DEL02-AL";"UOP01-DEL02-AL"
566748;2023-12-10;"domingo";"02:10:00";"GO";80;134;"VILA PROPICIO";"Ingestão de álcool pelo condutor";"Colisão traseira";"Sem Vítimas";"Plena Noite";"Decrescente";"Céu Claro";"Simples";"Reta";"Não";2;0;0;0;2;0;0;2;-15,208875;-48,697312;"SPRF-GO";"DEL07-GO";"UOP02-DEL07-GO"
566749;2023-12-10;"domingo";"05:20:00";"RS";392;352,3;"SANTA MARIA";"Acessar a via sem observar a presença dos outros veículos";"Colisão transversal";"Sem Vítimas";"Amanhecer";"Decrescente";"Nublado";"Simples";"Reta;Interseção de Vias;Rotatória";"Sim";5;0;0;0;5;0;0;2;-29,720404;-53,807632;"SPRF-RS";"DEL09-RS";"UOP01-DEL09-RS"
566751;2023-12-10;"domingo";"05:30:00";"RS";101;9;"TORRES";"Reação tardia ou ineficiente do condutor";"Saída de leito carroçável";"Sem Vítimas";"Amanhecer";"Crescente";"Nublado";"Dupla";"Rotatória";"Sim";1;0;0;0;0;1;0;1;-29,36685801;-49,81514399;"SPRF-RS";"DEL03-RS";"UOP02-DEL03-RS"
566752;2023-12-10;"domingo";"01:50:00";"SC";101;97;"BALNEARIO PICARRAS";"Condutor Dormindo";"Colisão com objeto";"Sem Vítimas";"Plena Noite";"Crescente";"Garoa/Chuvisco";"Dupla";"Reta";"Não";1;0;0;0;0;1;0;1;-26,72823703;-48,70224928;"SPRF-SC";"DEL03-SC";"UOP02-DEL03-SC"
566753;2023-12-10;"domingo";"06:10:00";"RJ";393;138;"SAPUCAIA";"Velocidade Incompatível";"Saída de leito carroçável";"Com Vítimas Feridas";"Amanhecer";"Crescente";"Nublado";"Simples";"Curva";"Não";1;0;1;0;0;0;1;1;-22,00266194;-42,93093204;"SPRF-RJ";"DEL05-RJ";"UOP01-DEL05-RJ"
566754;2023-12-10;"domingo";"04:00:00";"SP";459;30;"LORENA";"Ingestão de álcool pelo condutor";"Colisão traseira";"Sem Vítimas";"Amanhecer";"Decrescente";"Nublado";"Simples";"Reta";"Não";3;0;0;0;2;1;0;3;-22,725021;-45,103531;"SPRF-SP";"DEL08-SP";"UOP02-DEL08-SP"
566755;2023-12-10;"domingo";"06:49:00";"TO";153;141;"ARAGUAINA";"Reação tardia ou ineficiente do condutor";"Queda de ocupante de veículo";"Com Vítimas Feridas";"Pleno dia";"Crescente";"Céu Claro";"Dupla";"Reta";"Sim";1;0;1;0;0;0;1;1;-7,175959;-48,219548;"SPRF-TO";"DEL02-TO";"UOP01-DEL02-TO"
566756;2023-12-10;"domingo";"01:00:00";"MT";174;287;"PONTES E LACERDA";"Ingestão de álcool pelo condutor";"Saída de leito carroçável";"Com Vítimas Feridas";"Plena Noite";"Decrescente";"Céu Claro";"Simples";"Reta";"Não";1;0;1;0;0;0;1;1;-15,24297301;-59,31386001;"SPRF-MT";"DEL04-MT";"UOP01-DEL04-MT"
566758;2023-12-10;"domingo";"06:50:00";"PE";232;13;"JABOATAO DOS GUARARAPES";"Ausência de reação do condutor";"Colisão traseira";"Com Vítimas Feridas";"Pleno dia";"Crescente";"Céu Claro";"Dupla";"Reta";"Não";2;0;2;0;0;0;2;2;-8,08831567;-35,01203806;"SPRF-PE";"DEL01-PE";"UOP01-DEL01-PE"
566759;2023-12-10;"domingo";"06:20:00";"RS";101;29;"TRES CACHOEIRAS";"Ingestão de álcool pelo condutor";"Colisão com objeto";"Sem Vítimas";"Pleno dia";"Decrescente";"Céu Claro";"Dupla";"Curva";"Não";2;0;0;0;2;0;0;1;-29,4735831;-49,95929681;"SPRF-RS";"DEL03-RS";"UOP02-DEL03-RS"
566760;2023-12-10;"domingo";"00:20:00";"AM";319;66;"CANUTAMA";"Animais na Pista";"Atropelamento de Animal";"Com Vítimas Fatais";"Plena Noite";"Decrescente";"Nublado";"Simples";"Reta";"Não";3;1;0;0;2;0;0;2;-8,20605344;-63,89579773;"SPRF-AM";"DEL01-AM";"UOP04-DEL01-AM"
566761;2023-12-10;"domingo";"03:30:00";"PA";153;147,5;"SAO GERALDO DO ARAGUAIA";"Ausência de reação do condutor";"Colisão frontal";"Com Vítimas Fatais";"Plena Noite";"Crescente";"Nublado";"Simples";"Reta;Declive";"Sim";3;1;0;1;0;1;1;2;-6,374044;-48,585861;"SPRF-PA";"DEL03-PA";"UOP01-DEL03-PA"
566764;2023-12-10;"domingo";"07:30:00";"SC";480;125,8;"CHAPECO";"Velocidade Incompatível";"Saída de leito carroçável";"Sem Vítimas";"Pleno dia";"Decrescente";"Chuva";"Dupla";"Reta";"Sim";1;0;0;0;0;1;0;1;-27,01164515;-52,63953123;"SPRF-SC";"DEL07-SC";"UOP01-DEL07-SC"
566765;2023-12-10;"domingo";"06:30:00";"RS";392;52;"RIO GRANDE";"Ausência de reação do condutor";"Colisão traseira";"Sem Vítimas";"Pleno dia";"Decrescente";"Nublado";"Dupla";"Reta";"Não";2;0;0;0;1;1;0;2;-31,85621898;-52,32534987;"SPRF-RS";"DEL07-RS";"UOP02-DEL07-RS"
566766;2023-12-10;"domingo";"05:30:00";"RJ";116;180;"NOVA IGUACU";"Transitar na contramão";"Colisão lateral sentido oposto";"Com Vítimas Feridas";"Amanhecer";"Decrescente";"Nublado";"Dupla";"Reta";"Sim";5;0;1;0;4;0;1;2;-22,7651616;-43,4154728;"SPRF-RJ";"DEL06-RJ";"UOP01-DEL06-RJ"
566767;2023-12-10;"domingo";"06:00:00";"MT";174;75,8;"CACERES";"Ausência de reação do condutor";"Saída de leito carroçável";"Com Vítimas Feridas";"Amanhecer";"Crescente";"Céu Claro";"Simples";"Rotatória";"Não";1;0;1;0;0;0;1;1;-16,02087;-57,733944;"SPRF-MT";"DEL03-MT";"UOP01-DEL03-MT"
566768;2023-12-10;"domingo";"07:30:00";"PR";376;637;"TIJUCAS DO SUL";"Ingestão de álcool pelo condutor";"Colisão com objeto";"Com Vítimas Feridas";"Pleno dia";"Crescente";"Céu Claro";"Simples";"Reta";"Não";2;0;1;0;1;0;1;1;-25,74835685;-49,13010836;"SPRF-PR";"DEL01-PR";"UOP04-DEL01-PR"
566769;2023-12-10;"domingo";"07:54:00";"PE";232;9;"RECIFE";"Ausência de reação do condutor";"Colisão traseira";"Com Vítimas Feridas";"Pleno dia";"Crescente";"Céu Claro";"Múltipla";"Reta";"Não";2;0;1;0;1;0;1;2;-8,076708;-34,973473;"SPRF-PE";"DEL01-PE";"UOP01-DEL01-PE"
566771;2023-12-10;"domingo";"08:40:00";"GO";60;45;"ALEXANIA";"Ausência de reação do condutor";"Colisão traseira";"Com Vítimas Feridas";"Pleno dia";"Decrescente";"Céu Claro";"Dupla";"Aclive";"Não";3;0;0;1;1;1;1;3;-16,1324;-48,5977;"SPRF-GO";"DEL02-GO";"UOP01-DEL02-GO"
566772;2023-12-10;"domingo";"08:40:00";"RS";116;233;"NOVO HAMBURGO";"Conversão proibida";"Colisão transversal";"Com Vítimas Feridas";"Pleno dia";"Decrescente";"Céu Claro";"Simples";"Aclive;Reta";"Sim";2;0;1;1;0;0;2;2;-29,65121313;-51,1444433;"SPRF-RS";"DEL01-RS";"UOP02-DEL01-RS"
566773;2023-10-08;"domingo";"08:00:00";"MG";40;513;"RIBEIRAO DAS NEVES";"Reação tardia ou ineficiente do condutor";"Colisão traseira";"Com Vítimas Feridas";"Pleno dia";"Decrescente";"Céu Claro";"Dupla";"Reta";"Sim";2;0;0;1;1;0;1;2;-19,7970544;-44,1080512;"SPRF-MG";"DEL01-MG";"UOP02-DEL01-MG"
566774;2023-12-10;"domingo";"08:13:00";"PB";230;16;"CABEDELO";"Condutor deixou de manter distância do veículo da frente";"Colisão traseira";"Com Vítimas Feridas";"Pleno dia";"Decrescente";"Céu Claro";"Dupla";"Curva;Declive";"Sim";2;0;1;0;1;0;1;2;-7,1039;-34,8458;"SPRF-PB";"DEL01-PB";"UOP01-DEL01-PB"
566775;2023-12-10;"domingo";"07:30:00";"RJ";40;124;"DUQUE DE CAXIAS";"Condutor deixou de manter distância do veículo da frente";"Colisão traseira";"Com Vítimas Feridas";"Pleno dia";"Decrescente";"Nublado";"Dupla";"Reta";"Sim";2;0;1;0;0;1;1;2;-22,807953;-43,289124;"SPRF-RJ";"DEL01-RJ";"UOP02-DEL01-RJ"
566777;2023-12-10;"domingo";"08:40:00";"RS";116;147,2;"CAXIAS DO SUL";"Reação tardia ou ineficiente do condutor";"Colisão traseira";"Sem Vítimas";"Pleno dia";"Decrescente";"Nublado";"Dupla";"Reta";"Sim";2;0;0;0;2;0;0;2;-29,14908014;-51,1429969;"SPRF-RS";"DEL05-RS";"UOP01-DEL05-RS"