"id";"data_inversa";"dia_semana";"horario";"uf";"br";"km";"municipio";"causa_acidente";"tipo_acidente";"classificacao_acidente";"fase_dia";"sentido_via";"condicao_metereologica";"tipo_pista";"tracado_via";"uso_solo";"pessoas";"mortos";"feridos_leves";"feridos_graves";"ilesos";"ignorados";"feridos";"veiculos";"latitude";"longitude";"regional";"delegacia";"uop"
566887;2023-12-10;"domingo";"18:50:00";"MG";365;634;"UBERLANDIA";"Transitar na contramão";"Colisão frontal";"Com Vítimas Feridas";"Plena Noite";"Crescente";"Céu Claro";"Múltipla";"Aclive";"Não";2;0;1;0;0;1;1;2;-18,89398203;-48,409205;"SPRF-MG";"DEL15-MG";"UOP01-DEL15-MG"
566891;2023-12-10;"domingo";"18:35:00";"MG";40;510,6;"RIBEIRAO DAS NEVES";"Trafegar com motocicleta (ou similar) entre as faixas";"Colisão lateral mesmo sentido";"Com Vítimas Feridas";"Anoitecer";"Crescente";"Céu Claro";"Simples";"Reta;Aclive";"Sim";3;0;2;0;1;0;2;2;-19,77463885;-44,12321882;"SPRF-MG";"DEL01-MG";"UOP02-DEL01-MG"
566892;2023-12-10;"domingo";"18:00:00";"PB";101;85,9;"BAYEUX";"Condutor deixou de manter distância do veículo da frente";"Colisão traseira";"Sem Vítimas";"Plena Noite";"Crescente";"Céu Claro";"Dupla";"Retorno Regulamentado";"Sim";2;0;0;0;2;0;0;2;-7,14538184;-34,91662887;"SPRF-PB";"DEL01-PB";"UOP01-DEL01-PB"
566894;2023-12-10;"domingo";"18:30:00";"PI";343;348,9;"TERESINA";"Retorno proibido";"Colisão transversal";"Com Vítimas Feridas";"Anoitecer";"Decrescente";"Céu Claro";"Dupla";"Reta";"Não";2;0;1;0;1;0;1;2;-5,122515;-42,794392;"SPRF-PI";"DEL01-PI";"UOP01-DEL01-PI"
566895;2023-12-10;"domingo";"18:30:00";"PE";232;16;"JABOATAO DOS GUARARAPES";"Mal súbito do condutor";"Saída de leito carroçável";"Com Vítimas Feridas";"Plena Noite";"Crescente";"Céu Claro";"Dupla";"Reta";"Não";1;0;1;0;0;0;1;1;-8,09414193;-35,03716601;"SPRF-PE";"DEL01-PE";"UOP01-DEL01-PE"
566896;2023-12-10;"domingo";"19:20:00";"MG";153;212,5;"FRUTAL";"Ingestão de álcool pelo condutor";"Engavetamento";"Com Vítimas Feridas";"Plena Noite";"Crescente";"Céu Claro";"Simples";"Reta";"Não";3;0;1;0;2;0;1;3;-20,04270808;-49,05052185;"SPRF-MG";"DEL13-MG";"UOP02-DEL13-MG"
566897;2023-12-10;"domingo";"17:50:00";"BA";324;530;"FEIRA DE SANTANA";"Acumulo de água sobre o pavimento";"Colisão com objeto";"Com Vítimas Feridas";"Anoitecer";"Decrescente";"Chuva";"Dupla";"Reta";"Não";10;0;1;0;8;1;1;4;-12,336447;-38,850543;"SPRF-BA";"DEL01-BA";"UOP03-DEL01-BA"
566898;2023-12-10;"domingo";"19:25:00";"PE";101;50,9;"ABREU E LIMA";"Ingestão de substâncias psicoativas pelo condutor";"Colisão frontal";"Com Vítimas Feridas";"Plena Noite";"Crescente";"Céu Claro";"Múltipla";"Reta";"Sim";3;0;2;1;0;0;3;2;-7,90938602;-34,90123228;"SPRF-PE";"DEL01-PE";"UOP02-DEL01-PE"
566899;2023-12-10;"domingo";"19:00:00";"PR";376;633;"SAO JOSE DOS PINHAIS";"Velocidade Incompatível";"Queda de ocupante de veículo";"Com Vítimas Feridas";"Plena Noite";"Crescente";"Chuva";"Dupla";"Reta";"Não";1;0;0;1;0;0;1;1;-25,73527164;-49,13157821;"SPRF-PR";"DEL01-PR";"UOP04-DEL01-PR"
566900;2023-12-10;"domingo";"19:20:00";"AL";104;88;"RIO LARGO";"Reação tardia ou ineficiente do condutor";"Colisão lateral mesmo sentido";"Sem Vítimas";"Plena Noite";"Crescente";"Nublado";"Dupla";"Reta";"Sim";2;0;0;0;2;0;0;2;-9,48375193;-35,81815581;"SPRF-AL";"DEL01-AL";"UOP01-DEL01-AL"
566901;2023-12-10;"domingo";"17:30:00";"RO";364;355;"JI-PARANA";"Ultrapassagem Indevida";"Saída de leito carroçável";"Com Vítimas Feridas";"Pleno dia";"Decrescente";"Sol";"Simples";"Reta;Declive";"Não";1;0;0;1;0;0;1;1;-10,80768392;-62,02081678;"SPRF-RO";"DEL02-RO";"UOP01-DEL02-RO"
566902;2023-12-10;"domingo";"18:20:00";"PR";116;105,1;"SAO JOSE DOS PINHAIS";"Reação tardia ou ineficiente do condutor";"Saída de leito carroçável";"Sem Vítimas";"Anoitecer";"Decrescente";"Chuva";"Dupla";"Reta";"Não";1;0;0;0;0;1;0;1;-25,56635207;-49,16833598;"SPRF-PR";"DEL01-PR";"UOP07-DEL01-PR"
566903;2023-12-10;"domingo";"17:29:00";"PE";423;151;"IATI";"Ausência de reação do condutor";"Colisão frontal";"Sem Vítimas";"Anoitecer";"Crescente";"Céu Claro";"Simples";"Reta";"Não";2;0;0;0;1;1;0;2;-9,0414635;-36,91156637;"SPRF-PE";"DEL03-PE";"UOP01-DEL03-PE"
566904;2023-12-10;"domingo";"19:20:00";"MG";40;523,6;"CONTAGEM";"Ingestão de álcool pelo condutor";"Colisão traseira";"Com Vítimas Feridas";"Plena Noite";"Decrescente";"Céu Claro";"Dupla";"Reta";"Sim";3;0;0;1;2;0;1;3;-19,8754469;-44,05345586;"SPRF-MG";"DEL01-MG";"UOP02-DEL01-MG"
566905;2023-12-10;"domingo";"18:45:00";"PR";369;177;"ROLANDIA";"Velocidade Incompatível";"Saída de leito carroçável";"Com Vítimas Feridas";"Anoitecer";"Crescente";"Chuva";"Dupla";"Curva;Viaduto";"Sim";2;0;2;0;0;0;2;1;-23,34968015;-51,38666337;"SPRF-PR";"DEL07-PR";"UOP01-DEL07-PR"
566906;2023-12-10;"domingo";"20:10:00";"PA";308;180;"TRACUATEUA";"Ausência de reação do condutor";"Colisão traseira";"Com Vítimas Fatais";"Plena Noite";"Crescente";"Céu Claro";"Simples";"Reta";"Não";4;2;0;0;2;0;0;3;-1,12888877;-46,94252522;"SPRF-PA";"DEL01-PA";"UOP03-DEL01-PA"
566910;2023-12-10;"domingo";"14:50:00";"MG";116;690;"MURIAE";"Ausência de sinalização";"Colisão traseira";"Com Vítimas Feridas";"Pleno dia";"Crescente";"Nublado";"Simples";"Aclive;Reta";"Não";2;0;1;0;1;0;1;2;-21,01876307;-42,36118053;"SPRF-MG";"DEL07-MG";"UOP02-DEL07-MG"
566914;2023-12-10;"domingo";"20:05:00";"RS";470;225;"GARIBALDI";"Acessar a via sem observar a presença dos outros veículos";"Colisão transversal";"Com Vítimas Feridas";"Plena Noite";"Crescente";"Céu Claro";"Simples";"Reta";"Não";2;0;1;0;1;0;1;2;-29,21454003;-51,51762617;"SPRF-RS";"DEL06-RS";"UOP01-DEL06-RS"
566915;2023-12-10;"domingo";"20:25:00";"SP";101;47,9;"UBATUBA";"Condutor deixou de manter distância do veículo da frente";"Colisão traseira";"Com Vítimas Feridas";"Plena Noite";"Crescente";"Céu Claro";"Simples";"Rotatória";"Sim";2;0;0;1;1;0;1;2;-23,429897;-45,082436;"SPRF-SP";"DEL06-SP";"UOP01-DEL06-SP"
566916;2023-12-10;"domingo";"18:30:00";"BA";116;777,2;"PLANALTO";"Pedestre cruzava a pista fora da faixa";"Atropelamento de Pedestre";"Com Vítimas Feridas";"Plena Noite";"Decrescente";"Céu Claro";"Simples";"Reta";"Sim";2;0;1;1;0;0;2;2;-14,669604;-40,472392;"SPRF-BA";"DEL08-BA";"UOP02-DEL08-BA"
566919;2023-11-28;"terça-feira";"21:00:00";"PR";277;40,7;"MORRETES";"Chuva";"Queda de ocupante de veículo";"Com Vítimas Feridas";"Plena Noite";"Crescente";"Chuva";"Dupla";"Retorno Regulamentado;Curva";"Não";1;0;1;0;0;0;1;1;-25,57368831;-48,82659689;"SPRF-PR";"DEL01-PR";"UOP01-DEL01-PR"
566920;2023-12-10;"domingo";"17:00:00";"MT";70;207;"GENERAL CARNEIRO";"Transitar na contramão";"Capotamento";"Com Vítimas Feridas";"Anoitecer";"Crescente";"Ignorado";"Simples";"Reta";"Não";5;0;0;5;0;0;5;1;-15,74291483;-53,78853498;"SPRF-MT";"DEL05-MT";"UOP01-DEL05-MT"
566921;2023-12-10;"domingo";"19:20:00";"AP";0;0;"MACAPA";"Frear bruscamente";"Colisão traseira";"Sem Vítimas";"Plena Noite";"Não Informado";"Ignorado";"Simples";"Reta";"Sim";2;0;0;0;2;0;0;2;0,09295459;-51,06218934;"SPRF-AP";"DEL01-AP";"UOP01-DEL01-AP"
566923;2023-12-10;"domingo";"20:00:00";"PB";101;123;"CAAPORA";"Falta de elemento de contenção que evite a saída do leito carroçável";"Colisão com objeto";"Com Vítimas Feridas";"Plena Noite";"Decrescente";"Céu Claro";"Dupla";"Curva;Declive";"Não";7;0;6;0;1;0;6;2;-7,45909075;-34,98049935;"SPRF-PB";"DEL01-PB";"UOP02-DEL01-PB"
566924;2023-12-10;"domingo";"20:10:00";"SC";101;276;"IMBITUBA";"Demais falhas mecânicas ou elétricas";"Colisão com objeto";"Sem Vítimas";"Plena Noite";"Decrescente";"Chuva";"Simples";"Reta";"Sim";2;0;0;0;2;0;0;2;-28,14644701;-48,69204746;"SPRF-SC";"DEL02-SC";"UOP03-DEL02-SC"
566925;2023-12-10;"domingo";"19:00:00";"SC";280;129,8;"RIO NEGRINHO";"Acessar a via sem observar a presença dos outros veículos";"Colisão transversal";"Com Vítimas Feridas";"Plena Noite";"Decrescente";"Garoa/Chuvisco";"Simples";"Reta;Declive";"Sim";3;0;1;0;2;0;1;2;-26,25403676;-49,53467131;"SPRF-SC";"DEL06-SC";"UOP03-DEL06-SC"
566926;2023-12-10;"domingo";"19:30:00";"RS";153;650,2;"ACEGUA";"Demais falhas mecânicas ou elétricas";"Saída de leito carroçável";"Com Vítimas Feridas";"Anoitecer";"Decrescente";"Céu Claro";"Simples";"Reta";"Não";4;0;2;0;2;0;2;1;-31,48443104;-54,13702317;"SPRF-RS";"DEL11-RS";"UOP03-DEL11-RS"
566927;2023-12-10;"domingo";"19:10:00";"RJ";101;415;"ITAGUAI";"Ingestão de álcool pelo condutor";"Colisão com objeto";"Com Vítimas Feridas";"Plena Noite";"Decrescente";"Nublado";"Dupla";"Reta";"Sim";2;0;1;0;1;0;1;1;-22,90433243;-43,88181398;"SPRF-RJ";"DEL03-RJ";"UOP01-DEL03-RJ"
566928;2023-12-10;"domingo";"17:50:00";"SC";282;67;"RANCHO QUEIMADO";"Pista Escorregadia";"Colisão frontal";"Com Vítimas Feridas";"Pleno dia";"Crescente";"Chuva";"Simples";"Declive";"Não";6;0;4;0;2;0;4;2;-27,6911398;-49,0728638;"SPRF-SC";"DEL01-SC";"UOP03-DEL01-SC"
566929;2023-12-10;"domingo";"19:20:00";"SC";280;130,6;"RIO NEGRINHO";"Reação tardia ou ineficiente do condutor";"Capotamento";"Com Vítimas Feridas";"Plena Noite";"Decrescente";"Garoa/Chuvisco";"Simples";"Reta;Declive";"Sim";1;0;1;0;0;0;1;1;-26,25473135;-49,53708529;"SPRF-SC";"DEL06-SC";"UOP03-DEL06-SC"
566931;2023-12-10;"domingo";"21:18:00";"GO";50;296;"CATALAO";"Ausência de reação do condutor";"Saída de leito carroçável";"Com Vítimas Feridas";"Plena Noite";"Decrescente";"Céu Claro";"Dupla";"Curva";"Não";1;0;1;0;0;0;1;1;-18,2979;-48,0109;"SPRF-GO";"DEL06-GO";"UOP01-DEL06-GO"
566932;2023-12-10;"domingo";"19:20:00";"SC";280;130,6;"RIO NEGRINHO";"Reação tardia ou ineficiente do condutor";"Colisão traseira";"Com Vítimas Feridas";"Plena Noite";"Decrescente";"Garoa/Chuvisco";"Simples";"Reta;Declive";"Sim";2;0;1;0;1;0;1;2;-26,25502001;-49,53773975;"SPRF-SC";"DEL06-SC";"UOP03-DEL06-SC"
566933;2023-12-10;"domingo";"20:00:00";"MG";381;696;"LAVRAS";"Reação tardia ou ineficiente do condutor";"Colisão com objeto";"Com Vítimas Feridas";"Plena Noite";"Crescente";"Nublado";"Dupla";"Reta";"Não";1;0;0;1;0;0;1;1;-21,28522379;-45,14051435;"SPRF-MG";"DEL04-MG";"UOP02-DEL04-MG"
566935;2023-12-10;"domingo";"21:45:00";"SP";101;46,7;"UBATUBA";"Ausência de reação do condutor";"Tombamento";"Com Vítimas Feridas";"Plena Noite";"Decrescente";"Nublado";"Simples";"Reta";"Sim";2;0;1;0;1;0;1;1;-23,42403383;-45,07492113;"SPRF-SP";"DEL06-SP";"UOP01-DEL06-SP"
566937;2023-12-10;"domingo";"20:15:00";"RS";101;0,5;"TORRES";"Reação tardia ou ineficiente do condutor";"Saída de leito carroçável";"Com Vítimas Feridas";"Plena Noite";"Decrescente";"Garoa/Chuvisco";"Dupla";"Reta;Aclive";"Não";1;0;1;0;0;0;1;1;-29,30551455;-49,77207899;"SPRF-RS";"DEL03-RS";"UOP02-DEL03-RS"
566938;2023-12-10;"domingo";"19:50:00";"AL";110;6,7;"DELMIRO GOUVEIA";"Pista esburacada";"Queda de ocupante de veículo";"Com Vítimas Feridas";"Plena Noite";"Crescente";"Céu Claro";"Simples";"Reta";"Não";1;0;0;1;0;0;1;1;-9,34428104;-38,18168514;"SPRF-BA";"DEL07-BA";"UOP01-DEL07-BA"
566939;2023-12-10;"domingo";"18:30:00";"BA";110;382;"SAO SEBASTIAO DO PASSE";"Ausência de sinalização";"Colisão frontal";"Com Vítimas Feridas";"Plena Noite";"Decrescente";"Céu Claro";"Simples";"Reta";"Não";4;0;2;2;0;0;4;2;-12,46815995;-38,47693711;"SPRF-BA";"DEL01-BA";"UOP01-DEL01-BA"
566940;2023-12-10;"domingo";"19:20:00";"RO";364;308;"PRESIDENTE MEDICI";"Acessar a via sem observar a presença dos outros veículos";"Colisão transversal";"Com Vítimas Feridas";"Plena Noite";"Decrescente";"Céu Claro";"Dupla";"Reta";"Sim";3;0;1;0;2;0;1;2;-11,172427;-61,901573;"SPRF-RO";"DEL02-RO";"UOP01-DEL02-RO"
566942;2023-12-10;"domingo";"20:40:00";"PE";232;103,4;"BEZERROS";"Demais falhas mecânicas ou elétricas";"Incêndio";"Sem Vítimas";"Plena Noite";"Decrescente";"Céu Claro";"Dupla";"Reta";"Não";1;0;0;0;0;1;0;1;-8,25219029;-35,76584983;"SPRF-PE";"DEL02-PE";"UOP02-DEL02PE"
566943;2023-12-10;"domingo";"20:50:00";"SC";282;195,5;"LAGES";"Ausência de reação do condutor";"Capotamento";"Com Vítimas Feridas";"Plena Noite";"Decrescente";"Chuva";"Simples";"Reta";"Não";2;0;1;0;0;1;1;1;-27,746756;-50,084789;"SPRF-SC";"DEL05-SC";"UOP01-DEL05-SC"
566944;2023-12-10;"domingo";"21:25:00";"RJ";116;134;"DUQUE DE CAXIAS";"Manobra de mudança de faixa";"Queda de ocupante de veículo";"Com Vítimas Feridas";"Plena Noite";"Decrescente";"Céu Claro";"Dupla";"Reta";"Não";2;0;1;0;0;1;1;2;-22,658304;-43,248776;"SPRF-RJ";"DEL04-RJ";"UOP02-DEL04-RJ"
566945;2023-12-10;"domingo";"21:35:00";"PB";230;14;"CABEDELO";"Ausência de reação do condutor";"Tombamento";"Com Vítimas Feridas";"Plena Noite";"Crescente";"Céu Claro";"Dupla";"Retorno Regulamentado;Reta";"Sim";1;0;1;0;0;0;1;1;-7,09404001;-34,84817863;"SPRF-PB";"DEL01-PB";"UOP01-DEL01-PB"
566947;2023-12-10;"domingo";"22:35:00";"RN";304;303,5;"MACAIBA";"Demais falhas na via";"Saída de leito carroçável";"Com Vítimas Feridas";"Plena Noite";"Decrescente";"Céu Claro";"Dupla";"Reta";"Não";2;0;2;0;0;0;2;1;-5,88217905;-35,28934802;"SPRF-RN";"DEL01-RN";"UOP02-DEL01-RN"
566948;2023-12-10;"domingo";"21:30:00";"PI";230;307;"FLORIANO";"Transitar na contramão";"Colisão frontal";"Com Vítimas Feridas";"Plena Noite";"Decrescente";"Céu Claro";"Simples";"Reta";"Não";2;0;0;1;0;1;1;2;-6,78667452;-42,99358035;"SPRF-PI";"DEL03-PI";"UOP01-DEL03-PI"
566949;2023-12-10;"domingo";"23:00:00";"MG";50;64;"UBERLANDIA";"Acumulo de água sobre o pavimento";"Saída de leito carroçável";"Sem Vítimas";"Plena Noite";"Decrescente";"Chuva";"Múltipla";"Declive";"Não";1;0;0;0;0;1;0;1;-18,84248402;-48,25258395;"SPRF-MG";"DEL15-MG";"UOP02-DEL15-MG"
566950;2023-12-10;"domingo";"22:40:00";"PR";369;145,5;"LONDRINA";"Velocidade Incompatível";"Saída de leito carroçável";"Com Vítimas Fatais";"Plena Noite";"Decrescente";"Nublado";"Dupla";"Declive";"Não";4;1;1;1;0;1;2;2;-23,293333;-51,116823;"SPRF-PR";"DEL07-PR";"UOP01-DEL07-PR"
566951;2023-12-10;"domingo";"23:10:00";"SP";116;291;"ITAPECERICA DA SERRA";"Reação tardia ou ineficiente do condutor";"Colisão lateral mesmo sentido";"Com Vítimas Feridas";"Plena Noite";"Decrescente";"Chuva";"Múltipla";"Reta";"Sim";4;0;1;0;3;0;1;2;-23,73826593;-46,89672721;"SPRF-SP";"DEL04-SP";"UOP01-DEL04-SP"
566952;2023-12-03;"domingo";"17:40:00";"PE";232;178,8;"BELO JARDIM";"Pedestre cruzava a pista fora da faixa";"Atropelamento de Pedestre";"Com Vítimas Feridas";"Anoitecer";"Crescente";"Céu Claro";"Simples";"Reta";"Sim";2;0;0;1;0;1;1;2;-8,347448;-36,411818;"SPRF-PE";"DEL03-PE";"UOP02-DEL03-PE"
566953;2023-12-10;"domingo";"22:30:00";"SP";116;288;"ITAPECERICA DA SERRA";"Ingestão de álcool pelo condutor";"Saída de leito carroçável";"Sem Vítimas";"Plena Noite";"Crescente";"Chuva";"Dupla";"Reta;Rotatória;Retorno Regulamentado";"Sim";3;0;0;0;3;0;0;1;-23,719254;-46,883144;"SPRF-SP";"DEL04-SP";"UOP01-DEL04-SP"
566955;2023-12-10;"domingo";"17:00:00";"RJ";116;103;"GUAPIMIRIM";"Velocidade Incompatível";"Tombamento";"Com Vítimas Feridas";"Pleno dia";"Decrescente";"Nublado";"Simples";"Curva";"Não";1;0;1;0;0;0;1;1;-22,5031646;-42,99910415;"SPRF-RJ";"DEL04-RJ";"UOP01-DEL04-RJ"
566956;2023-12-10;"domingo";"21:15:00";"SP";153;159;"PROMISSAO";"Transitar na contramão";"Colisão frontal";"Com Vítimas Feridas";"Plena Noite";"Decrescente";"Céu Claro";"Simples";"Reta";"Não";5;0;4;0;1;0;4;2;-21,49830402;-49,78000966;"SPRF-SP";"DEL07-SP";"UOP01-DEL07-SP"
566957;2023-12-10;"domingo";"23:10:00";"SP";116;186;"SANTA ISABEL";"Conversão proibida";"Colisão transversal";"Com Vítimas Feridas";"Plena Noite";"Crescente";"Chuva";"Dupla";"Curva;Interseção de Vias;Aclive";"Não";4;0;1;0;3;0;1;2;-23,35220682;-46,19934905;"SPRF-SP";"DEL01-SP";"UOP01-DEL01-SP"
566958;2023-12-10;"domingo";"23:30:00";"ES";101;296;"CARIACICA";"Animais na Pista";"Queda de ocupante de veículo";"Com Vítimas Feridas";"Plena Noite";"Decrescente";"Nublado";"Dupla";"Viaduto";"Sim";1;0;0;1;0;0;1;1;-20,34029997;-40,40405712;"SPRF-ES";"DEL01-ES";"UOP01-DEL01-ES"
566959;2023-12-10;"domingo";"23:35:00";"ES";101;296;"CARIACICA";"Acumulo de óleo sobre o pavimento";"Tombamento";"Com Vítimas Feridas";"Plena Noite";"Decrescente";"Nublado";"Dupla";"Viaduto";"Sim";1;0;1;0;0;0;1;1;-20,34029997;-40,40405712;"SPRF-ES";"DEL01-ES";"UOP01-DEL01-ES"
566960;2023-12-10;"domingo";"23:20:00";"SC";101;206;"SAO JOSE";"Pista Escorregadia";"Colisão transversal";"Sem Vítimas";"Plena Noite";"Crescente";"Garoa/Chuvisco";"Simples";"Curva";"Sim";2;0;0;0;2;0;0;2;-27,59193546;-48,61824557;"SPRF-SC";"DEL01-SC";"UOP01-DEL01-SC"
566961;2023-12-10;"domingo";"23:30:00";"TO";10;463;"PALMAS";"Reação tardia ou ineficiente do condutor";"Colisão traseira";"Com Vítimas Feridas";"Plena Noite";"Crescente";"Céu Claro";"Múltipla";"Reta";"Não";4;0;0;2;1;1;2;4;-10,15618788;-48,16564032;"SPRF-TO";"DEL01-TO";"UOP03-DEL01-TO"
566962;2023-12-10;"domingo";"23:30:00";"DF";60;23;"BRASILIA";"Reação tardia ou ineficiente do condutor";"Saída de leito carroçável";"Com Vítimas Feridas";"Plena Noite";"Decrescente";"Nublado";"Dupla";"Reta";"Não";1;0;1;0;0;0;1;1;-15,988988;-48,226314;"SPRF-DF";"DEL03-DF";"UOP01-DEL03-DF"
566964;2023-12-10;"domingo";"22:30:00";"PR";163;8;"BARRACAO";"Reação tardia ou ineficiente do condutor";"Colisão com objeto";"Com Vítimas Feridas";"Plena Noite";"Crescente";"Céu Claro";"Simples";"Reta";"Sim";1;0;1;0;0;0;1;1;-26,25066;-53,635523;"SPRF-PR";"DEL02-PR";"UOP02-DEL02-PR"
566965;2023-12-10;"domingo";"19:50:00";"BA";116;437,5;"FEIRA DE SANTANA";"Reação tardia ou ineficiente do condutor";"Colisão com objeto";"Com Vítimas Feridas";"Plena Noite";"Crescente";"Céu Claro";"Simples";"Curva";"Sim";2;0;2;0;0;0;2;1;-12,30757399;-39,04263987;"SPRF-BA";"DEL02-BA";"UOP01-DEL02-BA"
566966;2023-12-10;"domingo";"23:00:00";"PR";369;185;"ARAPONGAS";"Ausência de reação do condutor";"Tombamento";"Com Vítimas Feridas";"Plena Noite";"Decrescente";"Céu Claro";"Simples";"Reta";"Sim";1;0;1;0;0;0;1;1;-23,403;-51,4279;"SPRF-PR";"DEL07-PR";"UOP03-DEL07-PR"
566968;2023-12-10;"domingo";"22:20:00";"BA";101;884;"TEIXEIRA DE FREITAS";"Ausência de reação do condutor";"Saída de leito carroçável";"Com Vítimas Feridas";"Plena Noite";"Decrescente";"Nublado";"Simples";"Curva";"Não";4;0;2;0;2;0;2;1;-17,60083013;-39,74853516;"SPRF-BA";"DEL09-BA";"UOP02-DEL09-BA"
566970;2023-12-10;"domingo";"22:40:00";"PI";316;95,6;"BARRO DURO";"Ausência de reação do condutor";"Atropelamento de Pedestre";"Com Vítimas Fatais";"Plena Noite";"Crescente";"Céu Claro";"Simples";"Reta";"Sim";2;1;0;0;0;1;0;2;-5,81026323;-42,52112517;"SPRF-PI";"DEL04-PI";"UOP02-DEL04-PI"
566971;2023-12-11;"segunda-feira";"00:20:00";"RS";448;0;"SAPUCAIA DO SUL";"Ausência de reação do condutor";"Saída de leito carroçável";"Com Vítimas Feridas";"Plena Noite";"Crescente";"Nublado";"Dupla";"Interseção de Vias";"Não";4;0;2;1;0;1;3;2;-29,827246;-51,173317;"SPRF-RS";"DEL01-RS";"UOP02-DEL01-RS"
566973;2023-12-10;"domingo";"23:10:00";"AC";364;132;"RIO BRANCO";"Ausência de reação do condutor";"Saída de leito carroçável";"Sem Vítimas";"Plena Noite";"Decrescente";"Céu Claro";"Dupla";"Rotatória";"Sim";1;0;0;0;0;1;0;1;-10,01005063;-67,84552927;"SPRF-AC";"DEL01-AC";"UOP01-DEL01-AC"
566974;2023-12-10;"domingo";"20:45:00";"MS";163;154;"JUTI";"Ingestão de álcool pelo condutor";"Saída de leito carroçável";"Sem Vítimas";"Plena Noite";"Crescente";"Garoa/Chuvisco";"Simples";"Reta";"Não";2;0;0;0;2;0;0;1;-22,94335394;-54,46141995;"SPRF-MS";"DEL09-MS";"UOP01-DEL09-MS"
566977;2023-12-11;"segunda-feira";"02:00:00";"RO";364;515;"ARIQUEMES";"Ingestão de álcool pelo condutor";"Saída de leito carroçável";"Com Vítimas Feridas";"Plena Noite";"Decrescente";"Nublado";"Simples";"Reta";"Sim";2;0;1;0;1;0;1;1;-9,92497302;-63,05491046;"SPRF-RO";"DEL03-RO";"UOP01-DEL03-RO"
566978;2023-12-10;"domingo";"23:17:00";"RO";429;29,1;"PRESIDENTE MEDICI";"Velocidade Incompatível";"Tombamento";"Com Vítimas Fatais";"Plena Noite";"Crescente";"Nublado";"Simples";"Reta;Declive";"Não";1;1;0;0;0;0;0;1;-11,22169658;-62,15195695;"SPRF-RO";"DEL02-RO";"UOP01-DEL02-RO"
566979;2023-12-10;"domingo";"21:30:00";"RS";290;644,1;"URUGUAIANA";"Reação tardia ou ineficiente do condutor";"Colisão traseira";"Com Vítimas Feridas";"Plena Noite";"Crescente";"Céu Claro";"Simples";"Reta";"Não";3;0;1;0;2;0;1;3;-30,011345;-56,358948;"SPRF-RS";"DEL13-RS";"UOP02-DEL13-RS"
566980;2023-12-11;"segunda-feira";"02:50:00";"SP";116;144,9;"SAO JOSE DOS CAMPOS";"Avarias e/ou desgaste excessivo no pneu";"Tombamento";"Com Vítimas Feridas";"Plena Noite";"Decrescente";"Nublado";"Dupla";"Reta;Declive";"Sim";1;0;1;0;0;0;1;1;-23,18274416;-45,84633592;"SPRF-SP";"DEL02-SP";"UOP01-DEL02-SP"
566981;2023-12-10;"domingo";"23:50:00";"BA";330;833;"IPIAU";"Transitar na contramão";"Colisão lateral sentido oposto";"Com Vítimas Fatais";"Plena Noite";"Crescente";"Céu Claro";"Simples";"Curva";"Não";3;1;0;1;0;1;1;2;-14,1046959;-39,77673688;"SPRF-BA";"DEL03-BA";"UOP01-DEL03-BA"
566983;2023-12-11;"segunda-feira";"02:20:00";"MS";60;420;"SIDROLANDIA";"Ausência de reação do condutor";"Colisão traseira";"Com Vítimas Feridas";"Plena Noite";"Crescente";"Nevoeiro/Neblina";"Simples";"Reta";"Sim";3;0;1;1;1;0;2;2;-20,90053615;-54,92368799;"SPRF-MS";"DEL01-MS";"UOP04-DEL01-MS"
566984;2023-12-11;"segunda-feira";"00:55:00";"DF";40;8;"BRASILIA";"Ingestão de álcool pelo condutor";"Eventos atípicos";"Sem Vítimas";"Plena Noite";"Crescente";"Céu Claro";"Simples";"Reta";"Sim";1;0;0;0;1;0;0;1;-16,051163;-47,981774;"SPRF-DF";"DEL01-DF";"UOP01-DEL01-DF"
566986;2023-12-11;"segunda-feira";"03:00:00";"MS";163;490;"CAMPO GRANDE";"Reação tardia ou ineficiente do condutor";"Saída de leito carroçável";"Sem Vítimas";"Plena Noite";"Crescente";"Céu Claro";"Dupla";"Rotatória;Em Obras";"Sim";1;0;0;0;1;0;0;1;-20,3946469;-54,5570721;"SPRF-MS";"DEL01-MS";"UOP02-DEL01-MS"
566987;2023-12-11;"segunda-feira";"00:30:00";"PE";232;30,5;"MORENO";"Ausência de reação do condutor";"Saída de leito carroçável";"Com Vítimas Fatais";"Plena Noite";"Decrescente";"Céu Claro";"Dupla";"Curva;Declive";"Não";2;2;0;0;0;0;0;1;-8,11063325;-35,15197001;"SPRF-PE";"DEL01-PE";"UOP01-DEL01-PE"
566989;2023-12-10;"domingo";"13:00:00";"MG";365;798;"GURINHATA";"Reação tardia ou ineficiente do condutor";"Saída de leito carroçável";"Com Vítimas Feridas";"Pleno dia";"Decrescente";"Céu Claro";"Simples";"Reta";"Não";1;0;1;0;0;0;1;1;-18,91250782;-49,89022193;"SPRF-MG";"DEL15-MG";"UOP03-DEL15-MG"
566991;2023-12-11;"segunda-feira";"05:30:00";"GO";153;492;"GOIANIA";"Condutor deixou de manter distância do veículo da frente";"Colisão traseira";"Com Vítimas Feridas";"Amanhecer";"Decrescente";"Chuva";"Dupla";"Aclive;Reta";"Sim";6;0;1;0;5;0;1;3;-16,6461;-49,2114;"SPRF-GO";"DEL01-GO";"UOP01-DEL01-GO"