"id";"data_inversa";"dia_semana";"horario";"uf";"br";"km";"municipio";"causa_acidente";"tipo_acidente";"classificacao_acidente";"fase_dia";"sentido_via";"condicao_metereologica";"tipo_pista";"tracado_via";"uso_solo";"pessoas";"mortos";"feridos_leves";"feridos_graves";"ilesos";"ignorados";"feridos";"veiculos";"latitude";"longitude";"regional";"delegacia";"uop"
567111;2023-12-11;"segunda-feira";"14:30:00";"MG";50;80,5;"UBERLANDIA";"Pedestre andava na pista";"Atropelamento de Pedestre";"Com Vítimas Fatais";"Pleno dia";"Crescente";"Nublado";"Dupla";"Reta;Declive";"Não";2;1;0;0;1;0;0;2;-18,9653673;-48,2158288;"SPRF-MG";"DEL15-MG";"UOP01-DEL15-MG"
567112;2023-12-11;"segunda-feira";"14:00:00";"SC";101;376,5;"ICARA";"Condutor Dormindo";"Saída de leito carroçável";"Com Vítimas Feridas";"Pleno dia";"Decrescente";"Céu Claro";"Múltipla";"Curva";"Não";1;0;1;0;0;0;1;1;-28,72736111;-49,24066084;"SPRF-SC";"DEL02-SC";"UOP01-DEL02-SC"
567114;2023-12-11;"segunda-feira";"15:25:00";"SC";101;145;"ITAPEMA";"Trafegar com motocicleta (ou similar) entre as faixas";"Colisão lateral mesmo sentido";"Com Vítimas Feridas";"Pleno dia";"Decrescente";"Nublado";"Dupla";"Declive";"Sim";2;0;1;0;1;0;1;2;-27,08139206;-48,60130993;"SPRF-SC";"DEL04-SC";"UOP03-DEL04-SC"
567115;2023-12-11;"segunda-feira";"12:30:00";"MG";116;598,6;"MANHUACU";"Velocidade Incompatível";"Saída de leito carroçável";"Com Vítimas Feridas";"Pleno dia";"Crescente";"Sol";"Simples";"Reta";"Não";1;0;1;0;0;0;1;1;-20,32311714;-42,15013946;"SPRF-MG";"DEL06-MG";"UOP03-DEL06-MG"
567116;2023-12-11;"segunda-feira";"13:49:00";"PI";343;3,6;"TERESINA";"Acessar a via sem observar a presença dos outros veículos";"Colisão lateral mesmo sentido";"Com Vítimas Feridas";"Pleno dia";"Crescente";"Sol";"Múltipla";"Reta";"Sim";3;0;2;0;0;1;2;2;-5,089569;-42,802288;"SPRF-PI";"DEL01-PI";"UOP01-DEL01-PI"
567117;2023-12-11;"segunda-feira";"14:05:00";"RO";319;64;"PORTO VELHO";"Manobra de mudança de faixa";"Colisão lateral mesmo sentido";"Com Vítimas Feridas";"Pleno dia";"Crescente";"Céu Claro";"Dupla";"Interseção de Vias";"Sim";2;0;1;0;1;0;1;2;-8,76477277;-63,88445735;"SPRF-RO";"DEL01-RO";"UOP01-DEL01-RO"
567118;2023-12-11;"segunda-feira";"14:45:00";"RS";285;293,1;"PASSO FUNDO";"Área urbana sem a presença de local apropriado para a travessia de pedestres";"Atropelamento de Pedestre";"Com Vítimas Feridas";"Pleno dia";"Crescente";"Sol";"Dupla";"Interseção de Vias";"Sim";2;0;1;0;1;0;1;2;-28,236645;-52,375156;"SPRF-RS";"DEL08-RS";"UOP03-DEL08-RS"
567119;2023-12-11;"segunda-feira";"15:00:00";"SP";116;191;"SANTA ISABEL";"Avarias e/ou desgaste excessivo no pneu";"Tombamento";"Com Vítimas Feridas";"Pleno dia";"Crescente";"Céu Claro";"Dupla";"Curva";"Não";2;0;1;0;1;0;1;1;-23,37124281;-46,2426022;"SPRF-SP";"DEL01-SP";"UOP01-DEL01-SP"
567120;2023-12-11;"segunda-feira";"15:30:00";"SP";116;223,7;"GUARULHOS";"Ausência de reação do condutor";"Queda de ocupante de veículo";"Com Vítimas Feridas";"Pleno dia";"Decrescente";"Nublado";"Múltipla";"Reta";"Sim";1;0;1;0;0;0;1;1;-23,47559815;-46,5246609;"SPRF-SP";"DEL01-SP";"UOP01-DEL01-SP"
567121;2023-12-11;"segunda-feira";"12:34:00";"SP";116;561;"BARRA DO TURVO";"Ausência de reação do condutor";"Saída de leito carroçável";"Com Vítimas Feridas";"Pleno dia";"Decrescente";"Garoa/Chuvisco";"Dupla";"Curva;Declive";"Não";2;0;1;0;1;0;1;1;-25,02045097;-48,51586004;"SPRF-SP";"DEL05-SP";"UOP02-DEL05-SP"
567123;2023-12-07;"quinta-feira";"14:40:00";"SC";101;205,1;"SAO JOSE";"Manobra de mudança de faixa";"Colisão lateral mesmo sentido";"Com Vítimas Feridas";"Pleno dia";"Crescente";"Nublado";"Dupla";"Curva";"Sim";2;0;1;0;1;0;1;2;-27,58313237;-48,61532885;"SPRF-SC";"DEL01-SC";"UOP01-DEL01-SC"
567125;2023-12-11;"segunda-feira";"16:30:00";"SP";116;220;"GUARULHOS";"Reação tardia ou ineficiente do condutor";"Tombamento";"Com Vítimas Feridas";"Pleno dia";"Crescente";"Nublado";"Múltipla";"Reta";"Sim";1;0;1;0;0;0;1;1;-23,46472809;-46,49793962;"SPRF-SP";"DEL01-SP";"UOP01-DEL01-SP"
567126;2023-12-11;"segunda-feira";"16:25:00";"PE";104;58,7;"CARUARU";"Ausência de reação do condutor";"Colisão traseira";"Sem Vítimas";"Pleno dia";"Crescente";"Céu Claro";"Dupla";"Reta";"Sim";3;0;0;0;2;1;0;3;-8,2265;-35,9779;"SPRF-PE";"DEL02-PE";"UOP01-DEL02-PE"
567127;2023-12-11;"segunda-feira";"14:15:00";"PR";116;22;"CAMPINA GRANDE DO SUL";"Ausência de reação do condutor";"Saída de leito carroçável";"Com Vítimas Feridas";"Pleno dia";"Decrescente";"Nublado";"Dupla";"Curva";"Não";2;0;2;0;0;0;2;1;-25,10922624;-48,74659689;"SPRF-PR";"DEL01-PR";"UOP02-DEL01-PR"
567129;2023-12-11;"segunda-feira";"16:25:00";"PE";104;58,7;"CARUARU";"Condutor deixou de manter distância do veículo da frente";"Colisão traseira";"Com Vítimas Feridas";"Pleno dia";"Crescente";"Céu Claro";"Dupla";"Reta";"Sim";2;0;1;0;1;0;1;2;-8,2265;-35,9779;"SPRF-PE";"DEL02-PE";"UOP01-DEL02-PE"
567130;2023-12-11;"segunda-feira";"11:00:00";"RJ";40;119;"DUQUE DE CAXIAS";"Trafegar com motocicleta (ou similar) entre as faixas";"Colisão lateral mesmo sentido";"Com Vítimas Feridas";"Pleno dia";"Crescente";"Nublado";"Múltipla";"Reta";"Sim";3;0;2;0;1;0;2;2;-22,76375592;-43,28683062;"SPRF-RJ";"DEL01-RJ";"UOP02-DEL01-RJ"
567131;2023-12-11;"segunda-feira";"08:20:00";"PA";230;114;"MARABA";"Ausência de reação do condutor";"Colisão traseira";"Com Vítimas Feridas";"Pleno dia";"Crescente";"Nublado";"Simples";"Reta";"Não";2;0;1;0;1;0;1;2;-5,36466678;-49,06623294;"SPRF-PA";"DEL03-PA";"UOP01-DEL03-PA"
567133;2023-12-11;"segunda-feira";"16:25:00";"BA";101;263;"SANTO ANTONIO DE JESUS";"Acesso irregular";"Colisão lateral mesmo sentido";"Com Vítimas Feridas";"Pleno dia";"Crescente";"Céu Claro";"Simples";"Interseção de Vias";"Sim";2;0;1;0;1;0;1;2;-13,09003799;-39,27863203;"SPRF-BA";"DEL01-BA";"UOP02-DEL01-BA"
567134;2023-12-11;"segunda-feira";"16:30:00";"RS";116;264;"CANOAS";"Condutor deixou de manter distância do veículo da frente";"Colisão transversal";"Com Vítimas Feridas";"Pleno dia";"Crescente";"Céu Claro";"Dupla";"Reta";"Sim";2;0;1;0;1;0;1;2;-29,91382064;-51,17780328;"SPRF-RS";"DEL01-RS";"UOP01-DEL01-RS"
567135;2023-12-11;"segunda-feira";"13:35:00";"MG";381;834;"SAO SEBASTIAO DA BELA VISTA";"Condutor deixou de manter distância do veículo da frente";"Colisão traseira";"Com Vítimas Feridas";"Pleno dia";"Decrescente";"Chuva";"Dupla";"Reta";"Não";4;0;4;0;0;0;4;2;-22,12596898;-45,79881034;"SPRF-MG";"DEL16-MG";"UOP01-DEL16-MG"
567136;2023-12-11;"segunda-feira";"16:10:00";"RJ";40;110;"DUQUE DE CAXIAS";"Pista Escorregadia";"Tombamento";"Com Vítimas Feridas";"Pleno dia";"Decrescente";"Céu Claro";"Dupla";"Reta";"Não";1;0;1;0;0;0;1;1;-22,68289906;-43,28549346;"SPRF-RJ";"DEL01-RJ";"UOP02-DEL01-RJ"
567137;2023-12-11;"segunda-feira";"16:30:00";"SP";101;49;"UBATUBA";"Condutor deixou de manter distância do veículo da frente";"Engavetamento";"Com Vítimas Feridas";"Pleno dia";"Crescente";"Chuva";"Dupla";"Reta";"Sim";3;0;1;0;2;0;1;3;-23,44410908;-45,08375708;"SPRF-SP";"DEL06-SP";"UOP01-DEL06-SP"
567138;2023-12-11;"segunda-feira";"16:50:00";"RN";406;151;"CEARA-MIRIM";"Reação tardia ou ineficiente do condutor";"Queda de ocupante de veículo";"Com Vítimas Feridas";"Pleno dia";"Decrescente";"Céu Claro";"Simples";"Reta";"Não";1;0;1;0;0;0;1;1;-5,65094554;-35,42341594;"SPRF-RN";"DEL02-RN";"UOP01-DEL02-RN"
567139;2023-12-11;"segunda-feira";"17:00:00";"BA";116;424;"FEIRA DE SANTANA";"Manobra de mudança de faixa";"Colisão traseira";"Com Vítimas Feridas";"Pleno dia";"Crescente";"Céu Claro";"Dupla";"Reta";"Sim";3;0;1;0;2;0;1;2;-12,23257586;-38,97248506;"SPRF-BA";"DEL02-BA";"UOP01-DEL02-BA"
567141;2023-12-11;"segunda-feira";"17:00:00";"BA";20;177;"LUIS EDUARDO MAGALHAES";"Reação tardia ou ineficiente do condutor";"Saída de leito carroçável";"Com Vítimas Feridas";"Pleno dia";"Crescente";"Céu Claro";"Simples";"Reta";"Não";3;0;2;1;0;0;3;1;-12,396;-45,869;"SPRF-BA";"DEL10-BA";"UOP01-DEL10-BA"
567142;2023-12-11;"segunda-feira";"16:20:00";"MG";40;768,6;"JUIZ DE FORA";"Chuva";"Colisão frontal";"Com Vítimas Feridas";"Pleno dia";"Decrescente";"Chuva";"Simples";"Reta";"Não";2;0;2;0;0;0;2;2;-21,58240015;-43,46596328;"SPRF-MG";"DEL05-MG";"UOP01-DEL05-MG"
567144;2023-12-11;"segunda-feira";"17:45:00";"GO";40;5;"VALPARAISO DE GOIAS";"Acessar a via sem observar a presença dos outros veículos";"Colisão transversal";"Com Vítimas Feridas";"Pleno dia";"Crescente";"Céu Claro";"Dupla";"Reta;Declive;Retorno Regulamentado";"Sim";4;0;2;0;2;0;2;2;-16,093134;-47,982236;"SPRF-DF";"DEL01-DF";"UOP01-DEL01-DF"
567145;2023-12-11;"segunda-feira";"17:30:00";"RS";386;439;"CANOAS";"Condutor deixou de manter distância do veículo da frente";"Colisão traseira";"Sem Vítimas";"Pleno dia";"Crescente";"Céu Claro";"Dupla";"Reta";"Sim";4;0;0;0;4;0;0;4;-29,871458;-51,248714;"SPRF-RS";"DEL04-RS";"UOP02-DEL04-RS"
567146;2023-12-11;"segunda-feira";"17:20:00";"PE";104;61,3;"CARUARU";"Manobra de mudança de faixa";"Colisão traseira";"Com Vítimas Feridas";"Anoitecer";"Crescente";"Céu Claro";"Dupla";"Retorno Regulamentado;Reta";"Sim";3;0;2;0;1;0;2;2;-8,2529;-35,9751;"SPRF-PE";"DEL02-PE";"UOP01-DEL02-PE"
567147;2023-12-11;"segunda-feira";"13:49:00";"MG";381;876;"ESTIVA";"Ausência de reação do condutor";"Saída de leito carroçável";"Com Vítimas Feridas";"Pleno dia";"Decrescente";"Chuva";"Dupla";"Curva";"Não";2;0;1;0;1;0;1;1;-22,472813;-46,01072791;"SPRF-MG";"DEL16-MG";"UOP01-DEL16-MG"
567149;2023-12-11;"segunda-feira";"17:30:00";"SC";101;123;"ITAJAI";"Desrespeitar a preferência no cruzamento";"Colisão transversal";"Com Vítimas Feridas";"Pleno dia";"Crescente";"Céu Claro";"Dupla";"Interseção de Vias;Viaduto";"Não";2;0;1;0;1;0;1;2;-26,93668609;-48,69876905;"SPRF-SC";"DEL04-SC";"UOP04-DEL04-SC"
567150;2023-12-11;"segunda-feira";"17:40:00";"PE";101;40;"IGARASSU";"Conversão proibida";"Colisão frontal";"Sem Vítimas";"Plena Noite";"Crescente";"Céu Claro";"Dupla";"Reta;Interseção de Vias";"Sim";3;0;0;0;1;2;0;2;-7,821475;-34,916545;"SPRF-PE";"DEL01-PE";"UOP02-DEL01-PE"
567151;2023-12-11;"segunda-feira";"17:50:00";"RS";285;455;"IJUI";"Acessar a via sem observar a presença dos outros veículos";"Colisão transversal";"Com Vítimas Feridas";"Pleno dia";"Decrescente";"Céu Claro";"Simples";"Reta";"Sim";2;0;0;1;1;0;1;2;-28,38299989;-53,88459206;"SPRF-RS";"DEL10-RS";"UOP01-DEL10-RS"
567153;2023-12-12;"terça-feira";"17:00:00";"SP";381;5;"VARGEM";"Ausência de reação do condutor";"Saída de leito carroçável";"Com Vítimas Feridas";"Pleno dia";"Crescente";"Céu Claro";"Dupla";"Curva";"Sim";2;0;1;0;0;1;1;2;-22,89377;-46,41555;"SPRF-SP";"DEL03-SP";"UOP02-DEL03-SP"
567154;2023-12-11;"segunda-feira";"17:10:00";"MG";381;501;"BETIM";"Manobra de mudança de faixa";"Colisão lateral mesmo sentido";"Com Vítimas Feridas";"Anoitecer";"Decrescente";"Céu Claro";"Dupla";"Reta";"Sim";2;0;1;0;1;0;1;2;-20,0118574;-44,219637;"SPRF-MG";"DEL01-MG";"UOP03-DEL01-MG"
567155;2023-12-11;"segunda-feira";"18:23:00";"GO";364;60;"CACHOEIRA ALTA";"Pedestre andava na pista";"Atropelamento de Pedestre";"Com Vítimas Feridas";"Pleno dia";"Decrescente";"Céu Claro";"Simples";"Reta";"Não";2;0;0;1;1;0;1;2;-18,7332;-50,947502;"SPRF-GO";"DEL05-GO";"UOP02-DEL05-GO"
567156;2023-12-11;"segunda-feira";"17:25:00";"SC";101;160,2;"PORTO BELO";"Demais falhas mecânicas ou elétricas";"Tombamento";"Com Vítimas Feridas";"Pleno dia";"Decrescente";"Céu Claro";"Dupla";"Reta";"Não";2;0;1;0;1;0;1;1;-27,20831288;-48,61987922;"SPRF-SC";"DEL04-SC";"UOP03-DEL04-SC"
567157;2023-12-08;"sexta-feira";"05:00:00";"MS";60;601,7;"JARDIM";"Condutor Dormindo";"Tombamento";"Com Vítimas Feridas";"Amanhecer";"Crescente";"Nublado";"Simples";"Reta;Declive";"Não";1;0;0;1;0;0;1;1;-21,55001198;-56,16849329;"SPRF-MS";"DEL05-MS";"UOP01-DEL05-MS"
567159;2023-12-11;"segunda-feira";"17:55:00";"SC";116;247,9;"LAGES";"Acessar a via sem observar a presença dos outros veículos";"Colisão transversal";"Com Vítimas Feridas";"Pleno dia";"Decrescente";"Sol";"Simples";"Reta;Interseção de Vias";"Sim";2;0;0;1;1;0;1;2;-27,81262488;-50,36859817;"SPRF-SC";"DEL05-SC";"UOP02-DEL05-SC"
567160;2023-12-11;"segunda-feira";"17:45:00";"SC";470;0,9;"NAVEGANTES";"Manobra de mudança de faixa";"Colisão lateral mesmo sentido";"Com Vítimas Feridas";"Pleno dia";"Decrescente";"Nublado";"Múltipla";"Reta";"Sim";2;0;1;0;1;0;1;2;-26,868551;-48,674831;"SPRF-SC";"DEL04-SC";"UOP04-DEL04-SC"
567161;2023-12-11;"segunda-feira";"17:30:00";"RJ";101;403;"ITAGUAI";"Demais falhas mecânicas ou elétricas";"Queda de ocupante de veículo";"Com Vítimas Feridas";"Pleno dia";"Crescente";"Chuva";"Dupla";"Reta";"Sim";2;0;2;0;0;0;2;1;-22,85924449;-43,79010059;"SPRF-RJ";"DEL03-RJ";"UOP01-DEL03-RJ"
567162;2023-12-11;"segunda-feira";"18:30:00";"MG";116;723,6;"LARANJAL";"Demais falhas mecânicas ou elétricas";"Queda de ocupante de veículo";"Com Vítimas Feridas";"Plena Noite";"Decrescente";"Nublado";"Simples";"Reta";"Não";1;0;1;0;0;0;1;1;-21,276714;-42,40975;"SPRF-MG";"DEL07-MG";"UOP02-DEL07-MG"
567164;2023-12-11;"segunda-feira";"18:10:00";"PR";476;149;"ARAUCARIA";"Reação tardia ou ineficiente do condutor";"Colisão traseira";"Com Vítimas Feridas";"Anoitecer";"Crescente";"Nublado";"Dupla";"Reta";"Sim";2;0;1;0;1;0;1;2;-25,5578264;-49,3596444;"SPRF-PR";"DEL01-PR";"UOP06-DEL01-PR"
567165;2023-12-11;"segunda-feira";"18:30:00";"RS";285;534,7;"CAIBATE";"Ausência de reação do condutor";"Saída de leito carroçável";"Com Vítimas Feridas";"Anoitecer";"Decrescente";"Céu Claro";"Simples";"Reta";"Não";3;0;1;0;2;0;1;1;-28,40468877;-54,62076187;"SPRF-RS";"DEL10-RS";"UOP01-DEL10-RS"
567166;2023-12-11;"segunda-feira";"18:40:00";"CE";116;16,9;"EUSEBIO";"Condutor deixou de manter distância do veículo da frente";"Colisão traseira";"Com Vítimas Feridas";"Plena Noite";"Decrescente";"Céu Claro";"Dupla";"Reta";"Não";2;0;1;0;1;0;1;2;-3,88732794;-38,50185439;"SPRF-CE";"DEL01-CE";"UOP02-DEL01-CE"
567167;2023-12-11;"segunda-feira";"18:54:00";"ES";262;94;"DOMINGOS MARTINS";"Acessar a via sem observar a presença dos outros veículos";"Colisão transversal";"Com Vítimas Feridas";"Plena Noite";"Crescente";"Céu Claro";"Simples";"Reta;Interseção de Vias;Aclive";"Não";2;0;1;1;0;0;2;2;-20,37386581;-41,05851884;"SPRF-ES";"DEL01-ES";"UOP02-DEL01-ES"
567168;2023-12-11;"segunda-feira";"10:15:00";"RO";425;136;"GUAJARA-MIRIM";"Reação tardia ou ineficiente do condutor";"Colisão traseira";"Com Vítimas Feridas";"Pleno dia";"Crescente";"Céu Claro";"Dupla";"Reta;Interseção de Vias";"Sim";4;0;1;1;1;1;2;3;-10,7128;-65,273972;"SPRF-RO";"DEL01-RO";"UOP03-DEL01-RO"
567169;2023-11-15;"quarta-feira";"22:50:00";"MS";158;104,7;"PARANAIBA";"Ausência de reação do condutor";"Saída de leito carroçável";"Com Vítimas Feridas";"Plena Noite";"Crescente";"Céu Claro";"Simples";"Reta";"Não";1;0;1;0;0;0;1;1;-19,735575;-51,131191;"SPRF-MS";"DEL08-MS";"UOP01-DEL08-MS"
567170;2023-12-11;"segunda-feira";"18:30:00";"RS";290;721;"URUGUAIANA";"Acessar a via sem observar a presença dos outros veículos";"Colisão transversal";"Com Vítimas Feridas";"Pleno dia";"Crescente";"Céu Claro";"Simples";"Interseção de Vias;Reta";"Sim";2;0;1;0;1;0;1;2;-29,76013036;-57,059201;"SPRF-RS";"DEL13-RS";"UOP01-DEL13-RS"
567171;2023-12-11;"segunda-feira";"20:01:00";"GO";40;1,4;"VALPARAISO DE GOIAS";"Ingestão de álcool pelo condutor";"Colisão lateral mesmo sentido";"Com Vítimas Feridas";"Plena Noite";"Crescente";"Nublado";"Dupla";"Reta";"Sim";4;0;1;0;3;0;1;4;-16,058245;-47,982825;"SPRF-DF";"DEL01-DF";"UOP01-DEL01-DF"
567173;2023-12-11;"segunda-feira";"19:20:00";"PE";424;93,8;"GARANHUNS";"Deficiência do Sistema de Iluminação/Sinalização";"Colisão transversal";"Com Vítimas Feridas";"Plena Noite";"Crescente";"Céu Claro";"Simples";"Reta;Declive";"Sim";2;0;2;0;0;0;2;2;-8,914223;-36,488603;"SPRF-PE";"DEL03-PE";"UOP01-DEL03-PE"
567175;2023-12-11;"segunda-feira";"20:30:00";"PR";373;402;"CANDOI";"Ausência de reação do condutor";"Saída de leito carroçável";"Com Vítimas Feridas";"Plena Noite";"Crescente";"Céu Claro";"Simples";"Reta;Declive";"Não";1;0;1;0;0;0;1;1;-25,59710314;-52,05665588;"SPRF-PR";"DEL08-PR";"UOP01-DEL08-PR"
567176;2023-12-11;"segunda-feira";"20:30:00";"SP";116;216;"GUARULHOS";"Ausência de reação do condutor";"Queda de ocupante de veículo";"Com Vítimas Feridas";"Plena Noite";"Crescente";"Nublado";"Múltipla";"Reta";"Sim";1;0;1;0;0;0;1;1;-23,45056589;-46,46258105;"SPRF-SP";"DEL01-SP";"UOP01-DEL01-SP"
567177;2023-12-11;"segunda-feira";"20:32:00";"ES";101;67;"SAO MATEUS";"Ausência de reação do condutor";"Colisão lateral mesmo sentido";"Com Vítimas Feridas";"Plena Noite";"Decrescente";"Céu Claro";"Simples";"Curva";"Sim";2;0;0;1;1;0;1;2;-18,72054021;-39,8658931;"SPRF-ES";"DEL04-ES";"UOP02-DEL04-ES"
567178;2023-12-11;"segunda-feira";"20:10:00";"PR";277;73;"SAO JOSE DOS PINHAIS";"Ausência de reação do condutor";"Colisão traseira";"Com Vítimas Feridas";"Plena Noite";"Crescente";"Nublado";"Dupla";"Reta";"Não";2;0;2;0;0;0;2;2;-25,52124342;-49,10648119;"SPRF-PR";"DEL01-PR";"UOP07-DEL01-PR"
567180;2023-12-11;"segunda-feira";"20:30:00";"AP";156;482;"TARTARUGALZINHO";"Animais na Pista";"Atropelamento de Animal";"Com Vítimas Feridas";"Plena Noite";"Decrescente";"Céu Claro";"Simples";"Reta";"Não";4;0;3;1;0;0;4;1;1,59415812;-50,90241689;"SPRF-AP";"DEL01-AP";"UOP02-DEL01-AP"
567181;2023-12-11;"segunda-feira";"19:20:00";"SC";282;568,8;"NOVA ERECHIM";"Velocidade Incompatível";"Saída de leito carroçável";"Com Vítimas Feridas";"Anoitecer";"Crescente";"Céu Claro";"Simples";"Reta";"Sim";1;0;1;0;0;0;1;1;-26,89006;-52,93306;"SPRF-SC";"DEL07-SC";"UOP02-DEL07-SC"
567183;2023-12-11;"segunda-feira";"21:05:00";"RN";101;78;"NATAL";"Reação tardia ou ineficiente do condutor";"Colisão com objeto";"Com Vítimas Feridas";"Plena Noite";"Decrescente";"Céu Claro";"Dupla";"Reta";"Não";2;0;2;0;0;0;2;1;-5,74071896;-35,29021064;"SPRF-RN";"DEL02-RN";"UOP01-DEL02-RN"
567187;2023-12-11;"segunda-feira";"19:30:00";"MS";262;513,3;"ANASTACIO";"Ausência de reação do condutor";"Colisão traseira";"Com Vítimas Feridas";"Plena Noite";"Decrescente";"Céu Claro";"Simples";"Reta";"Não";2;0;0;1;1;0;1;2;-20,48812287;-55,94510593;"SPRF-MS";"DEL03-MS";"UOP01-DEL03-MS"
567188;2023-12-11;"segunda-feira";"19:30:00";"SC";470;91;"ASCURRA";"Mal súbito do condutor";"Saída de leito carroçável";"Com Vítimas Fatais";"Plena Noite";"Decrescente";"Céu Claro";"Simples";"Reta";"Não";1;1;0;0;0;0;0;1;-26,979705;-49,3704194;"SPRF-SC";"DEL04-SC";"UOP01-DEL04-SC"
567189;2023-12-11;"segunda-feira";"21:35:00";"SC";470;138,5;"RIO DO SUL";"Acessar a via sem observar a presença dos outros veículos";"Colisão transversal";"Com Vítimas Feridas";"Plena Noite";"Crescente";"Céu Claro";"Simples";"Curva";"Sim";2;0;1;1;0;0;2;2;-27,207214;-49,648476;"SPRF-SC";"DEL04-SC";"UOP02-DEL04-SC"
567190;2023-12-11;"segunda-feira";"22:15:00";"MG";381;5,8;"BETIM";"Ausência de reação do condutor";"Tombamento";"Com Vítimas Feridas";"Plena Noite";"Decrescente";"Céu Claro";"Dupla";"Curva";"Sim";1;0;1;0;0;0;1;1;-19,98986014;-44,19311068;"SPRF-MG";"DEL01-MG";"UOP03-DEL01-MG"
567192;2023-12-11;"segunda-feira";"21:30:00";"SP";153;68;"SAO JOSE DO RIO PRETO";"Ausência de reação do condutor";"Colisão traseira";"Com Vítimas Feridas";"Plena Noite";"Crescente";"Céu Claro";"Dupla";"Reta";"Sim";3;0;2;0;1;0;2;3;-20,8505829;-49,383795;"SPRF-SP";"DEL09-SP";"UOP01-DEL09-SP"
567195;2023-12-11;"segunda-feira";"20:30:00";"MA";226;304,3;"BARRA DO CORDA";"Acessar a via sem observar a presença dos outros veículos";"Colisão traseira";"Com Vítimas Feridas";"Plena Noite";"Decrescente";"Céu Claro";"Simples";"Reta";"Não";2;0;1;0;0;1;1;2;-5,48391094;-45,27514167;"SPRF-MA";"DEL06-MA";"UOP01-DEL06-MA"
567196;2023-12-11;"segunda-feira";"22:15:00";"PR";116;93;"SAO JOSE DOS PINHAIS";"Ausência de reação do condutor";"Tombamento";"Com Vítimas Feridas";"Plena Noite";"Crescente";"Céu Claro";"Simples";"Reta";"Sim";1;0;0;1;0;0;1;1;-25,48227693;-49,10588805;"SPRF-PR";"DEL01-PR";"UOP07-DEL01-PR"
567199;2023-12-11;"segunda-feira";"23:48:00";"GO";60;166;"GOIANIA";"Reação tardia ou ineficiente do condutor";"Colisão traseira";"Com Vítimas Feridas";"Plena Noite";"Crescente";"Céu Claro";"Dupla";"Retorno Regulamentado";"Sim";2;0;0;1;1;0;1;2;-16,7129;-49,358;"SPRF-GO";"DEL01-GO";"UOP02-DEL01-GO"
567200;2023-12-11;"segunda-feira";"22:40:00";"PR";277;70;"SAO JOSE DOS PINHAIS";"Ausência de reação do condutor";"Capotamento";"Sem Vítimas";"Plena Noite";"Decrescente";"Céu Claro";"Dupla";"Reta";"Sim";1;0;0;0;1;0;0;1;-25,53317957;-49,07969781;"SPRF-PR";"DEL01-PR";"UOP01-DEL01-PR"
567202;2023-12-11;"segunda-feira";"19:30:00";"MS";376;112;"IVINHEMA";"Ausência de reação do condutor";"Colisão traseira";"Com Vítimas Feridas";"Plena Noite";"Decrescente";"Ignorado";"Simples";"Reta";"Não";3;0;0;2;1;0;2;2;-22,29359307;-53,898203;"SPRF-MS";"DEL04-MS";"UOP04-DEL04-MS"
567203;2023-12-11;"segunda-feira";"22:00:00";"SC";101;381,1;"ICARA";"Avarias e/ou desgaste excessivo no pneu";"Tombamento";"Com Vítimas Feridas";"Plena Noite";"Decrescente";"Nublado";"Múltipla";"Reta";"Não";2;0;2;0;0;0;2;1;-28,75478409;-49,27732095;"SPRF-SC";"DEL02-SC";"UOP02-DEL02-SC"
567204;2023-12-11;"segunda-feira";"20:25:00";"AC";317;100;"SENADOR GUIOMARD";"Ausência de reação do condutor";"Tombamento";"Com Vítimas Feridas";"Plena Noite";"Decrescente";"Céu Claro";"Simples";"Curva";"Não";1;0;1;0;0;0;1;1;-10,2212353;-67,70247852;"SPRF-AC";"DEL01-AC";"UOP01-DEL01-AC"
567205;2023-12-12;"terça-feira";"01:05:00";"GO";80;142;"BARRO ALTO";"Ingestão de álcool pelo condutor";"Saída de leito carroçável";"Com Vítimas Feridas";"Plena Noite";"Crescente";"Ignorado";"Simples";"Reta";"Não";1;0;1;0;0;0;1;1;-14,91942442;-48,95090528;"SPRF-GO";"DEL07-GO";"UOP02-DEL07-GO"
567206;2023-12-11;"segunda-feira";"22:00:00";"MT";364;130;"PEDRA PRETA";"Demais falhas mecânicas ou elétricas";"Incêndio";"Sem Vítimas";"Plena Noite";"Decrescente";"Céu Claro";"Simples";"Reta";"Não";1;0;0;0;1;0;0;1;-16,82985771;-54,01578902;"SPRF-MT";"DEL02-MT";"UOP01-DEL02-MT"
567210;2023-12-12;"terça-feira";"03:00:00";"RJ";116;179;"BELFORD ROXO";"Ausência de reação do condutor";"Colisão traseira";"Sem Vítimas";"Plena Noite";"Crescente";"Nublado";"Múltipla";"Reta";"Sim";2;0;0;0;1;1;0;2;-22,769902;-43,408036;"SPRF-RJ";"DEL06-RJ";"UOP01-DEL06-RJ"
567213;2023-12-12;"terça-feira";"03:20:00";"MG";381;393;"BOM JESUS DO AMPARO";"Reação tardia ou ineficiente do condutor";"Colisão com objeto";"Com Vítimas Feridas";"Plena Noite";"Decrescente";"Céu Claro";"Dupla";"Curva;Declive";"Não";4;0;4;0;0;0;4;1;-19,75958849;-43,46406908;"SPRF-MG";"DEL01-MG";"UOP01-DEL01-MG"