"id";"data_inversa";"dia_semana";"horario";"uf";"br";"km";"municipio";"causa_acidente";"tipo_acidente";"classificacao_acidente";"fase_dia";"sentido_via";"condicao_metereologica";"tipo_pista";"tracado_via";"uso_solo";"pessoas";"mortos";"feridos_leves";"feridos_graves";"ilesos";"ignorados";"feridos";"veiculos";"latitude";"longitude";"regional";"delegacia";"uop"
567566;2023-12-13;"quarta-feira";"21:15:00";"MG";40;517;"RIBEIRAO DAS NEVES";"Demais falhas mecânicas ou elétricas";"Tombamento";"Com Vítimas Feridas";"Plena Noite";"Crescente";"Céu Claro";"Dupla";"Reta";"Não";2;0;2;0;0;0;2;1;-19,83542682;-44,08023834;"SPRF-MG";"DEL01-MG";"UOP02-DEL01-MG"
567567;2023-12-13;"quarta-feira";"20:40:00";"MS";262;8;"TRES LAGOAS";"Acessar a via sem observar a presença dos outros veículos";"Colisão transversal";"Com Vítimas Feridas";"Plena Noite";"Crescente";"Céu Claro";"Dupla";"Interseção de Vias;Reta";"Sim";2;0;1;0;1;0;1;2;-20,79699882;-51,68201829;"SPRF-MS";"DEL07-MS";"UOP01-DEL07-MS"
567569;2023-12-13;"quarta-feira";"21:02:00";"DF";40;4;"BRASILIA";"Condutor deixou de manter distância do veículo da frente";"Engavetamento";"Com Vítimas Feridas";"Plena Noite";"Crescente";"Céu Claro";"Dupla";"Reta;Aclive";"Não";4;0;2;0;2;0;2;4;-16,012033;-47,982124;"SPRF-DF";"DEL01-DF";"UOP01-DEL01-DF"
567570;2023-12-13;"quarta-feira";"19:20:00";"PB";230;163,6;"CAMPINA GRANDE";"Acessar a via sem observar a presença dos outros veículos";"Colisão transversal";"Com Vítimas Feridas";"Plena Noite";"Decrescente";"Céu Claro";"Simples";"Declive;Reta";"Sim";2;0;0;1;1;0;1;2;-7,2198;-35,9443;"SPRF-PB";"DEL02-PB";"UOP01-DEL02-PB"
567571;2023-12-13;"quarta-feira";"18:00:00";"MG";40;521;"CONTAGEM";"Demais falhas mecânicas ou elétricas";"Incêndio";"Sem Vítimas";"Anoitecer";"Crescente";"Céu Claro";"Dupla";"Reta";"Não";1;0;0;0;1;0;0;1;-19,86394512;-44,06797528;"SPRF-MG";"DEL01-MG";"UOP02-DEL01-MG"
567572;2023-12-13;"quarta-feira";"21:55:00";"SP";116;216;"GUARULHOS";"Reação tardia ou ineficiente do condutor";"Colisão traseira";"Sem Vítimas";"Plena Noite";"Crescente";"Vento";"Múltipla";"Declive";"Sim";3;0;0;0;3;0;0;2;-23,45056589;-46,46258105;"SPRF-SP";"DEL01-SP";"UOP01-DEL01-SP"
567573;2023-12-13;"quarta-feira";"10:30:00";"RJ";40;105;"DUQUE DE CAXIAS";"Conversão proibida";"Colisão transversal";"Com Vítimas Feridas";"Pleno dia";"Crescente";"Nublado";"Simples";"Reta;Declive";"Sim";3;0;2;0;1;0;2;2;-22,63784806;-43,28428824;"SPRF-RJ";"DEL01-RJ";"UOP02-DEL01-RJ"
567574;2023-12-13;"quarta-feira";"21:29:00";"MG";116;701,6;"MURIAE";"Conversão proibida";"Colisão transversal";"Com Vítimas Feridas";"Plena Noite";"Crescente";"Céu Claro";"Simples";"Reta;Interseção de Vias";"Sim";4;0;1;1;1;1;2;3;-21,11963296;-42,38009334;"SPRF-MG";"DEL07-MG";"UOP02-DEL07-MG"
567578;2023-12-13;"quarta-feira";"22:40:00";"BA";116;364;"SERRINHA";"Ingestão de álcool pelo condutor";"Colisão com objeto";"Com Vítimas Feridas";"Plena Noite";"Crescente";"Céu Claro";"Simples";"Reta";"Não";1;0;0;1;0;0;1;1;-11,70702301;-38,98667233;"SPRF-BA";"DEL02-BA";"UOP01-DEL02-BA"
567580;2023-12-13;"quarta-feira";"20:54:00";"MS";163;583,3;"BANDEIRANTES";"Ausência de reação do condutor";"Saída de leito carroçável";"Com Vítimas Feridas";"Plena Noite";"Crescente";"Céu Claro";"Dupla";"Reta";"Não";2;0;1;0;1;0;1;1;-19,62316122;-54,37913031;"SPRF-MS";"DEL06-MS";"UOP02-DEL06-MS"
567581;2023-12-13;"quarta-feira";"23:00:00";"PR";376;617;"SAO JOSE DOS PINHAIS";"Demais falhas mecânicas ou elétricas";"Tombamento";"Com Vítimas Feridas";"Plena Noite";"Crescente";"Céu Claro";"Dupla";"Curva";"Não";2;0;2;0;0;0;2;1;-25,58811106;-49,17241752;"SPRF-PR";"DEL01-PR";"UOP04-DEL01-PR"
567588;2023-11-18;"sábado";"07:33:00";"DF";70;18,5;"BRASILIA";"Trafegar com motocicleta (ou similar) entre as faixas";"Colisão lateral mesmo sentido";"Com Vítimas Feridas";"Pleno dia";"Decrescente";"Céu Claro";"Dupla";"Aclive";"Sim";2;0;1;0;1;0;1;2;-15,791093;-48,21096;"SPRF-DF";"DEL03-DF";"UOP02-DEL03-DF"
567589;2023-12-13;"quarta-feira";"22:30:00";"MG";365;639;"UBERLANDIA";"Ausência de reação do condutor";"Colisão traseira";"Com Vítimas Feridas";"Plena Noite";"Decrescente";"Céu Claro";"Dupla";"Reta;Declive";"Não";3;0;0;2;1;0;2;2;-18,886914;-48,456831;"SPRF-MG";"DEL15-MG";"UOP01-DEL15-MG"
567592;2023-12-13;"quarta-feira";"20:10:00";"RS";472;579;"URUGUAIANA";"Reação tardia ou ineficiente do condutor";"Atropelamento de Pedestre";"Com Vítimas Fatais";"Plena Noite";"Crescente";"Chuva";"Simples";"Reta";"Não";3;1;0;0;1;1;0;2;-29,787273;-57,083543;"SPRF-RS";"DEL13-RS";"UOP01-DEL13-RS"
567594;2023-11-15;"quarta-feira";"15:40:00";"ES";101;291,7;"CARIACICA";"Afundamento ou ondulação no pavimento";"Queda de ocupante de veículo";"Com Vítimas Feridas";"Pleno dia";"Crescente";"Céu Claro";"Dupla";"Curva";"Sim";1;0;0;1;0;0;1;1;-20,29755744;-40,39445616;"SPRF-ES";"DEL01-ES";"UOP01-DEL01-ES"
567595;2023-12-14;"quinta-feira";"02:15:00";"PR";376;599,1;"CURITIBA";"Demais falhas na via";"Queda de ocupante de veículo";"Com Vítimas Feridas";"Plena Noite";"Crescente";"Céu Claro";"Dupla";"Reta";"Sim";1;0;1;0;0;0;1;1;-25,52629711;-49,32958412;"SPRF-PR";"DEL01-PR";"UOP06-DEL01-PR"
567599;2023-12-14;"quinta-feira";"01:00:00";"PB";230;19,6;"JOAO PESSOA";"Transitar no Acostamento";"Atropelamento de Pedestre";"Com Vítimas Fatais";"Plena Noite";"Decrescente";"Céu Claro";"Dupla";"Curva";"Sim";4;1;0;0;0;3;0;3;-7,13233211;-34,85331763;"SPRF-PB";"DEL01-PB";"UOP01-DEL01-PB"
567600;2023-12-14;"quinta-feira";"01:20:00";"BA";116;606;"IRAJUBA";"Condutor Dormindo";"Saída de leito carroçável";"Com Vítimas Feridas";"Plena Noite";"Crescente";"Céu Claro";"Simples";"Reta";"Não";3;0;1;1;1;0;2;1;-13,25016089;-40,01424881;"SPRF-BA";"DEL03-BA";"UOP01-DEL03-BA"
567601;2023-12-13;"quarta-feira";"17:20:00";"BA";101;879;"IBIRAPUA";"Desrespeitar a preferência no cruzamento";"Colisão transversal";"Com Vítimas Feridas";"Anoitecer";"Crescente";"Céu Claro";"Simples";"Reta;Rotatória";"Sim";2;0;1;0;1;0;1;2;-17,80547535;-39,78155315;"SPRF-BA";"DEL09-BA";"UOP02-DEL09-BA"
567602;2023-12-14;"quinta-feira";"03:00:00";"MG";381;928,7;"ITAPEVA";"Transitar na contramão";"Colisão frontal";"Com Vítimas Feridas";"Plena Noite";"Decrescente";"Céu Claro";"Dupla";"Curva";"Sim";2;0;1;0;1;0;1;2;-22,79564412;-46,25379582;"SPRF-MG";"DEL16-MG";"UOP03-DEL16-MG"
567603;2023-12-14;"quinta-feira";"03:00:00";"PR";476;143,9;"CURITIBA";"Velocidade Incompatível";"Saída de leito carroçável";"Sem Vítimas";"Plena Noite";"Decrescente";"Céu Claro";"Dupla";"Curva;Interseção de Vias";"Não";1;0;0;0;0;1;0;1;-25,54209011;-49,31192458;"SPRF-PR";"DEL01-PR";"UOP06-DEL01-PR"
567604;2023-12-14;"quinta-feira";"04:00:00";"RS";448;10;"CANOAS";"Condutor Dormindo";"Colisão com objeto";"Sem Vítimas";"Amanhecer";"Crescente";"Céu Claro";"Dupla";"Viaduto;Reta;Retorno Regulamentado";"Não";1;0;0;0;1;0;0;1;-29,903273;-51,244934;"SPRF-RS";"DEL01-RS";"UOP01-DEL01-RS"
567608;2023-12-14;"quinta-feira";"03:50:00";"MG";116;406,9;"GOVERNADOR VALADARES";"Ausência de reação do condutor";"Saída de leito carroçável";"Com Vítimas Feridas";"Amanhecer";"Crescente";"Nublado";"Simples";"Curva";"Sim";1;0;1;0;0;0;1;1;-18,82669347;-41,98753335;"SPRF-MG";"DEL06-MG";"UOP01-DEL06-MG"
567612;2023-12-14;"quinta-feira";"06:00:00";"DF";20;21,7;"BRASILIA";"Trafegar com motocicleta (ou similar) entre as faixas";"Colisão traseira";"Com Vítimas Feridas";"Pleno dia";"Decrescente";"Sol";"Dupla";"Reta";"Sim";2;0;1;0;1;0;1;2;-15,603384;-47,684692;"SPRF-DF";"DEL02-DF";"UOP01-DEL02-DF"
567613;2023-12-14;"quinta-feira";"03:20:00";"PE";104;105,2;"CUPIRA";"Pedestre andava na pista";"Atropelamento de Pedestre";"Com Vítimas Fatais";"Plena Noite";"Crescente";"Garoa/Chuvisco";"Simples";"Reta";"Não";2;1;0;0;0;1;0;2;-8,606543;-35,963277;"SPRF-PE";"DEL02-PE";"UOP03-DEL02-PE"
567614;2023-12-14;"quinta-feira";"03:30:00";"SC";282;115;"ALFREDO WAGNER";"Ausência de reação do condutor";"Saída de leito carroçável";"Com Vítimas Feridas";"Amanhecer";"Crescente";"Garoa/Chuvisco";"Simples";"Reta";"Não";3;0;1;0;2;0;1;1;-27,755424;-49,39444;"SPRF-SC";"DEL01-SC";"UOP03-DEL01-SC"
567616;2023-12-14;"quinta-feira";"06:37:00";"CE";116;13;"FORTALEZA";"Pedestre cruzava a pista fora da faixa";"Queda de ocupante de veículo";"Com Vítimas Feridas";"Pleno dia";"Crescente";"Céu Claro";"Múltipla";"Reta";"Sim";2;0;1;0;0;1;1;2;-3,86088501;-38,49715296;"SPRF-CE";"DEL01-CE";"UOP02-DEL01-CE"
567619;2023-12-14;"quinta-feira";"07:00:00";"ES";101;333;"GUARAPARI";"Ausência de reação do condutor";"Tombamento";"Com Vítimas Feridas";"Pleno dia";"Crescente";"Céu Claro";"Dupla";"Reta";"Não";2;0;2;0;0;0;2;1;-20,61464111;-40,51385389;"SPRF-ES";"DEL03-ES";"UOP01-DEL03-ES"
567620;2023-12-14;"quinta-feira";"06:55:00";"SC";101;41,9;"JOINVILLE";"Manobra de mudança de faixa";"Colisão lateral mesmo sentido";"Com Vítimas Feridas";"Pleno dia";"Decrescente";"Sol";"Dupla";"Reta";"Não";3;0;2;0;0;1;2;2;-26,28215489;-48,88973081;"SPRF-SC";"DEL03-SC";"UOP01-DEL03-SC"
567622;2023-12-14;"quinta-feira";"07:23:00";"ES";101;148;"LINHARES";"Ausência de reação do condutor";"Colisão transversal";"Com Vítimas Feridas";"Pleno dia";"Decrescente";"Céu Claro";"Múltipla";"Reta";"Sim";4;0;1;1;2;0;2;2;-19,38787399;-40,06752766;"SPRF-ES";"DEL04-ES";"UOP01-DEL04-ES"
567624;2023-12-14;"quinta-feira";"04:50:00";"SC";282;368,2;"ERVAL VELHO";"Conversão proibida";"Colisão transversal";"Com Vítimas Feridas";"Plena Noite";"Decrescente";"Céu Claro";"Simples";"Curva";"Sim";5;0;3;1;1;0;4;2;-27,283747;-51,434963;"SPRF-SC";"DEL07-SC";"UOP05-DEL07-SC"
567627;2023-12-13;"quarta-feira";"23:40:00";"RJ";116;182;"NOVA IGUACU";"Acessar a via sem observar a presença dos outros veículos";"Colisão lateral mesmo sentido";"Com Vítimas Feridas";"Plena Noite";"Decrescente";"Céu Claro";"Dupla";"Reta";"Sim";1;0;1;0;0;0;1;1;-22,7567755;-43,43107234;"SPRF-RJ";"DEL06-RJ";"UOP01-DEL06-RJ"
567628;2023-12-14;"quinta-feira";"06:50:00";"MG";381;484;"BETIM";"Reação tardia ou ineficiente do condutor";"Tombamento";"Com Vítimas Feridas";"Pleno dia";"Decrescente";"Céu Claro";"Dupla";"Aclive;Reta";"Sim";1;0;1;0;0;0;1;1;-19,95979596;-44,08332825;"SPRF-MG";"DEL01-MG";"UOP03-DEL01-MG"
567629;2023-12-14;"quinta-feira";"08:00:00";"PR";277;592;"CASCAVEL";"Semáforo com defeito";"Colisão transversal";"Com Vítimas Feridas";"Pleno dia";"Decrescente";"Céu Claro";"Simples";"Viaduto";"Não";2;0;1;0;1;0;1;2;-24,98285697;-53,47319399;"SPRF-PR";"DEL04-PR";"UOP01-DEL04-PR"
567630;2023-12-14;"quinta-feira";"08:02:00";"RS";116;38,2;"VACARIA";"Acessar a via sem observar a presença dos outros veículos";"Colisão lateral mesmo sentido";"Com Vítimas Feridas";"Pleno dia";"Crescente";"Nublado";"Simples";"Reta";"Sim";2;0;0;1;1;0;1;2;-28,50637749;-50,92630863;"SPRF-RS";"DEL05-RS";"UOP03-DEL05-RS"
567634;2023-12-14;"quinta-feira";"08:30:00";"SC";101;199,8;"SAO JOSE";"Trafegar com motocicleta (ou similar) entre as faixas";"Colisão traseira";"Com Vítimas Feridas";"Pleno dia";"Crescente";"Sol";"Múltipla";"Reta";"Sim";2;0;1;0;1;0;1;2;-27,53413705;-48,63003205;"SPRF-SC";"DEL01-SC";"UOP01-DEL01-SC"
567635;2023-12-14;"quinta-feira";"08:00:00";"SP";116;454;"REGISTRO";"Ausência de reação do condutor";"Saída de leito carroçável";"Com Vítimas Feridas";"Pleno dia";"Crescente";"Sol";"Dupla";"Curva";"Não";2;0;1;0;1;0;1;1;-24,56704392;-47,87450304;"SPRF-SP";"DEL05-SP";"UOP01-DEL05-SP"
567636;2023-12-14;"quinta-feira";"07:53:00";"BA";324;519,9;"FEIRA DE SANTANA";"Frear bruscamente";"Colisão traseira";"Com Vítimas Feridas";"Pleno dia";"Decrescente";"Garoa/Chuvisco";"Dupla";"Reta";"Sim";2;0;1;0;1;0;1;2;-12,26687642;-38,93349875;"SPRF-BA";"DEL01-BA";"UOP03-DEL01-BA"
567637;2023-12-14;"quinta-feira";"08:54:00";"PE";428;189;"PETROLINA";"Acessar a via sem observar a presença dos outros veículos";"Colisão traseira";"Sem Vítimas";"Pleno dia";"Crescente";"Céu Claro";"Múltipla";"Interseção de Vias";"Sim";4;0;0;0;4;0;0;3;-9,37841559;-40,50595175;"SPRF-PE";"DEL06-PE";"UOP01-DEL06-PE"
567638;2023-12-14;"quinta-feira";"08:50:00";"RS";290;95;"PORTO ALEGRE";"Trafegar com motocicleta (ou similar) entre as faixas";"Colisão traseira";"Com Vítimas Feridas";"Pleno dia";"Crescente";"Sol";"Múltipla";"Reta";"Sim";2;0;1;0;1;0;1;2;-29,982832;-51,201572;"SPRF-RS";"DEL01-RS";"UOP01-DEL01-RS"
567639;2023-12-14;"quinta-feira";"08:45:00";"SP";101;46;"UBATUBA";"Acessar a via sem observar a presença dos outros veículos";"Colisão transversal";"Com Vítimas Feridas";"Pleno dia";"Decrescente";"Céu Claro";"Simples";"Interseção de Vias";"Sim";2;0;1;0;1;0;1;2;-23,42403383;-45,07492113;"SPRF-SP";"DEL06-SP";"UOP01-DEL06-SP"
567640;2023-12-14;"quinta-feira";"06:00:00";"GO";60;457;"JATAI";"Pedestre andava na pista";"Atropelamento de Pedestre";"Com Vítimas Fatais";"Pleno dia";"Crescente";"Céu Claro";"Dupla";"Reta";"Não";4;1;0;0;0;3;0;2;-17,8679;-51,5883;"SPRF-GO";"DEL05-GO";"UOP01-DEL05-GO"
567642;2023-11-21;"terça-feira";"08:10:00";"SC";101;326;"CAPIVARI DE BAIXO";"Demais falhas na via";"Tombamento";"Com Vítimas Feridas";"Pleno dia";"Crescente";"Céu Claro";"Dupla";"Reta";"Não";1;0;0;1;0;0;1;1;-28,42524483;-48,94302707;"SPRF-SC";"DEL02-SC";"UOP01-DEL02-SC"
567643;2023-12-14;"quinta-feira";"08:10:00";"RJ";40;83;"PETROPOLIS";"Reação tardia ou ineficiente do condutor";"Colisão traseira";"Com Vítimas Feridas";"Pleno dia";"Decrescente";"Céu Claro";"Simples";"Reta";"Não";2;0;1;0;1;0;1;2;-22,51910302;-43,22873364;"SPRF-RJ";"DEL01-RJ";"UOP01-DEL01-RJ"
567644;2023-12-14;"quinta-feira";"08:10:00";"BA";116;10,3;"VITORIA DA CONQUISTA";"Condutor deixou de manter distância do veículo da frente";"Colisão traseira";"Com Vítimas Feridas";"Pleno dia";"Decrescente";"Céu Claro";"Simples";"Reta;Declive";"Não";2;0;0;1;1;0;1;2;-14,862127;-40,874421;"SPRF-PE";"DEL05-PE";"UOP03-DEL05-PE"
567645;2023-12-14;"quinta-feira";"09:30:00";"PE";101;73;"RECIFE";"Manobra de mudança de faixa";"Tombamento";"Com Vítimas Feridas";"Pleno dia";"Crescente";"Céu Claro";"Dupla";"Curva";"Sim";2;0;2;0;0;0;2;1;-8,093369;-34,947464;"SPRF-PE";"DEL01-PE";"UOP01-DEL01-PE"
567646;2023-12-14;"quinta-feira";"08:40:00";"SC";101;162;"TIJUCAS";"Reação tardia ou ineficiente do condutor";"Colisão traseira";"Com Vítimas Feridas";"Pleno dia";"Decrescente";"Céu Claro";"Múltipla";"Reta";"Sim";2;0;1;0;1;0;1;2;-27,22554009;-48,6279367;"SPRF-SC";"DEL04-SC";"UOP03-DEL04-SC"
567648;2023-12-14;"quinta-feira";"07:50:00";"RN";304;167;"ANGICOS";"Condutor deixou de manter distância do veículo da frente";"Colisão traseira";"Com Vítimas Feridas";"Pleno dia";"Crescente";"Sol";"Simples";"Interseção de Vias";"Não";2;0;1;0;0;1;1;2;-5,6806294;-36,45476004;"SPRF-RN";"DEL01-RN";"UOP03-DEL01-RN"
567649;2023-12-14;"quinta-feira";"08:30:00";"PR";376;229,2;"APUCARANA";"Ausência de reação do condutor";"Capotamento";"Com Vítimas Feridas";"Pleno dia";"Decrescente";"Céu Claro";"Dupla";"Curva";"Sim";2;0;2;0;0;0;2;1;-23,564101;-51,5307394;"SPRF-PR";"DEL07-PR";"UOP03-DEL07-PR"
567651;2023-12-14;"quinta-feira";"09:00:00";"PR";116;115;"CURITIBA";"Ausência de reação do condutor";"Colisão lateral mesmo sentido";"Com Vítimas Feridas";"Pleno dia";"Decrescente";"Céu Claro";"Dupla";"Reta";"Sim";3;0;2;0;1;0;2;2;-25,55953326;-49,26560414;"SPRF-PR";"DEL01-PR";"UOP07-DEL01-PR"
567652;2023-12-14;"quinta-feira";"07:05:00";"SC";470;97;"APIUNA";"Acessar a via sem observar a presença dos outros veículos";"Colisão transversal";"Com Vítimas Feridas";"Pleno dia";"Decrescente";"Sol";"Simples";"Retorno Regulamentado;Interseção de Vias";"Sim";4;0;2;0;2;0;2;2;-27,026621;-49,378124;"SPRF-SC";"DEL04-SC";"UOP01-DEL04-SC"
567655;2023-07-01;"sábado";"22:30:00";"MT";174;383,9;"CONQUISTA DOESTE";"Acessar a via sem observar a presença dos outros veículos";"Colisão traseira";"Com Vítimas Feridas";"Plena Noite";"Decrescente";"Ignorado";"Simples";"Reta";"Não";3;0;1;0;0;2;1;3;-14,537879;-59,54684;"SPRF-MT";"DEL04-MT";"UOP01-DEL04-MT"
567657;2023-12-14;"quinta-feira";"08:00:00";"SC";282;75,5;"RANCHO QUEIMADO";"Velocidade Incompatível";"Saída de leito carroçável";"Com Vítimas Feridas";"Pleno dia";"Decrescente";"Céu Claro";"Simples";"Curva";"Não";2;0;0;2;0;0;2;1;-27,690931;-49,129143;"SPRF-SC";"DEL01-SC";"UOP03-DEL01-SC"
567658;2023-12-14;"quinta-feira";"06:20:00";"SP";381;4;"VARGEM";"Manobra de mudança de faixa";"Queda de ocupante de veículo";"Com Vítimas Feridas";"Pleno dia";"Decrescente";"Sol";"Dupla";"Reta";"Não";1;0;1;0;0;0;1;1;-22,8826217;-46,40779515;"SPRF-SP";"DEL03-SP";"UOP02-DEL03-SP"
567659;2023-12-14;"quinta-feira";"07:40:00";"RN";304;41,2;"MOSSORO";"Ausência de reação do condutor";"Saída de leito carroçável";"Com Vítimas Feridas";"Pleno dia";"Crescente";"Céu Claro";"Dupla";"Reta";"Sim";2;0;2;0;0;0;2;1;-5,20483515;-37,37615746;"SPRF-RN";"DEL04-RN";"UOP01-DEL04-RN"
567660;2023-09-26;"terça-feira";"18:30:00";"RN";101;161;"CANGUARETAMA";"Ultrapassagem Indevida";"Colisão lateral sentido oposto";"Com Vítimas Feridas";"Plena Noite";"Decrescente";"Céu Claro";"Múltipla";"Reta";"Sim";2;0;0;2;0;0;2;2;-6,44861299;-35,10983015;"SPRF-RN";"DEL01-RN";"UOP01-DEL01-RN"
567662;2023-12-14;"quinta-feira";"10:20:00";"SE";101;84;"NOSSA SENHORA DO SOCORRO";"Afundamento ou ondulação no pavimento";"Queda de ocupante de veículo";"Com Vítimas Feridas";"Pleno dia";"Crescente";"Céu Claro";"Dupla";"Reta";"Não";2;0;2;0;0;0;2;1;-10,835002;-37,13775504;"SPRF-SE";"DEL01-SE";"UOP01-DEL01-SE"
567664;2023-12-14;"quinta-feira";"07:45:00";"MG";365;625,8;"UBERLANDIA";"Condutor deixou de manter distância do veículo da frente";"Colisão traseira";"Sem Vítimas";"Pleno dia";"Decrescente";"Sol";"Dupla";"Declive";"Sim";2;0;0;0;2;0;0;2;-18,90983896;-48,30754995;"SPRF-MG";"DEL15-MG";"UOP01-DEL15-MG"
567665;2023-12-14;"quinta-feira";"10:30:00";"RS";448;1;"SAPUCAIA DO SUL";"Mal súbito do condutor";"Colisão com objeto";"Com Vítimas Feridas";"Pleno dia";"Decrescente";"Céu Claro";"Dupla";"Curva";"Sim";1;0;1;0;0;0;1;1;-29,82832156;-51,17521763;"SPRF-RS";"DEL01-RS";"UOP02-DEL01-RS"
567666;2023-12-14;"quinta-feira";"08:30:00";"SC";101;201;"SAO JOSE";"Manobra de mudança de faixa";"Colisão lateral mesmo sentido";"Com Vítimas Feridas";"Pleno dia";"Crescente";"Céu Claro";"Dupla";"Reta";"Sim";3;0;3;0;0;0;3;2;-27,54836599;-48,61977975;"SPRF-SC";"DEL01-SC";"UOP01-DEL01-SC"
567669;2023-10-21;"sábado";"11:10:00";"RS";116;206,9;"PICADA CAFE";"Reação tardia ou ineficiente do condutor";"Colisão lateral sentido oposto";"Com Vítimas Feridas";"Pleno dia";"Decrescente";"Céu Claro";"Simples";"Curva";"Não";5;0;0;1;2;2;1;3;-29,49966726;-51,1306017;"SPRF-RS";"DEL05-RS";"UOP02-DEL05-RS"
567670;2023-12-14;"quinta-feira";"11:15:00";"SE";101;123;"ITAPORANGA DAJUDA";"Velocidade Incompatível";"Colisão com objeto";"Com Vítimas Feridas";"Pleno dia";"Decrescente";"Céu Claro";"Dupla";"Aclive";"Não";4;0;1;2;0;1;3;2;-11,03730971;-37,3646369;"SPRF-SE";"DEL02-SE";"UOP01-DEL02-SE"
567673;2023-12-14;"quinta-feira";"09:30:00";"MS";60;86,2;"PARAISO DAS AGUAS";"Ausência de reação do condutor";"Colisão lateral sentido oposto";"Com Vítimas Feridas";"Pleno dia";"Crescente";"Céu Claro";"Simples";"Reta";"Não";2;0;1;0;1;0;1;2;-19,21633807;-53,10659791;"SPRF-MS";"DEL06-MS";"UOP02-DEL06-MS"
567674;2023-12-14;"quinta-feira";"10:35:00";"SC";101;107,9;"PENHA";"Condutor deixou de manter distância do veículo da frente";"Colisão traseira";"Com Vítimas Feridas";"Pleno dia";"Crescente";"Céu Claro";"Dupla";"Reta;Declive";"Não";2;0;1;0;1;0;1;2;-26,81930608;-48,68390282;"SPRF-SC";"DEL03-SC";"UOP02-DEL03-SC"
567676;2023-12-14;"quinta-feira";"12:05:00";"SP";381;65;"MAIRIPORA";"Ultrapassagem Indevida";"Colisão traseira";"Sem Vítimas";"Pleno dia";"Decrescente";"Céu Claro";"Dupla";"Reta";"Não";3;0;0;0;3;0;0;2;-23,316547;-46,58251;"SPRF-SP";"DEL03-SP";"UOP01-DEL03-SP"
567677;2023-12-14;"quinta-feira";"12:00:00";"RS";290;145;"ELDORADO DO SUL";"Acessar a via sem observar a presença dos outros veículos";"Colisão transversal";"Com Vítimas Feridas";"Pleno dia";"Crescente";"Céu Claro";"Simples";"Reta";"Sim";4;0;2;0;2;0;2;2;-30,100563;-51,656773;"SPRF-RS";"DEL02-RS";"UOP01-DEL02-RS"
567678;2023-11-02;"quinta-feira";"18:20:00";"RN";226;4;"NATAL";"Animais na Pista";"Atropelamento de Animal";"Com Vítimas Feridas";"Plena Noite";"Crescente";"Céu Claro";"Simples";"Reta";"Sim";2;0;2;0;0;0;2;1;-5,81958019;-35,25969486;"SPRF-RN";"DEL01-RN";"UOP02-DEL01-RN"
567679;2023-12-14;"quinta-feira";"10:50:00";"AL";424;96;"SATUBA";"Velocidade Incompatível";"Colisão frontal";"Com Vítimas Fatais";"Pleno dia";"Decrescente";"Céu Claro";"Simples";"Curva";"Não";4;2;0;0;2;0;0;3;-9,61883739;-35,86604832;"SPRF-AL";"DEL02-AL";"UOP01-DEL02-AL"
567681;2023-12-14;"quinta-feira";"11:00:00";"SC";282;609,9;"MARAVILHA";"Reação tardia ou ineficiente do condutor";"Saída de leito carroçável";"Com Vítimas Feridas";"Pleno dia";"Decrescente";"Sol";"Simples";"Curva;Aclive";"Não";4;0;2;0;2;0;2;1;-26,75581368;-53,23093772;"SPRF-SC";"DEL07-SC";"UOP02-DEL07-SC"
567683;2023-12-14;"quinta-feira";"11:30:00";"BA";235;41;"PEDRO ALEXANDRE";"Ausência de reação do condutor";"Colisão com objeto";"Sem Vítimas";"Pleno dia";"Crescente";"Céu Claro";"Simples";"Reta";"Não";1;0;0;0;1;0;0;1;-10,10930824;-38,01909906;"SPRF-SE";"DEL01-SE";"UOP02-DEL01-SE"
567684;2023-12-14;"quinta-feira";"12:40:00";"SC";470;65,7;"INDAIAL";"Acessar a via sem observar a presença dos outros veículos";"Colisão transversal";"Com Vítimas Feridas";"Pleno dia";"Decrescente";"Céu Claro";"Simples";"Reta;Em Obras";"Sim";3;0;1;1;1;0;2;2;-26,87067328;-49,21991722;"SPRF-SC";"DEL04-SC";"UOP01-DEL04-SC"
567685;2023-11-12;"domingo";"01:10:00";"PB";230;36,8;"SANTA RITA";"Reação tardia ou ineficiente do condutor";"Saída de leito carroçável";"Com Vítimas Fatais";"Plena Noite";"Decrescente";"Céu Claro";"Dupla";"Reta";"Sim";4;1;0;2;0;1;2;3;-7,13087613;-34,95546699;"SPRF-PB";"DEL01-PB";"UOP03-DEL01-PB"
567686;2023-12-14;"quinta-feira";"13:00:00";"RJ";101;325;"NITEROI";"Trafegar com motocicleta (ou similar) entre as faixas";"Colisão lateral mesmo sentido";"Com Vítimas Feridas";"Pleno dia";"Crescente";"Céu Claro";"Dupla";"Reta";"Sim";4;0;1;0;3;0;1;4;-22,87292569;-43,13625699;"SPRF-RJ";"DEL02-RJ";"UOP01-DEL02-RJ"
567688;2023-12-14;"quinta-feira";"12:40:00";"PE";104;62,6;"CARUARU";"Frear bruscamente";"Colisão traseira";"Com Vítimas Feridas";"Pleno dia";"Decrescente";"Sol";"Dupla";"Reta";"Sim";3;0;3;0;0;0;3;2;-8,2618;-35,976;"SPRF-PE";"DEL02-PE";"UOP01-DEL02-PE"
567689;2023-12-14;"quinta-feira";"13:30:00";"PE";101;69,9;"RECIFE";"Objeto estático sobre o leito carroçável";"Colisão traseira";"Com Vítimas Feridas";"Pleno dia";"Decrescente";"Céu Claro";"Múltipla";"Reta";"Não";3;0;1;0;2;0;1;2;-8,05951606;-34,94581024;"SPRF-PE";"DEL01-PE";"UOP01-DEL01-PE"