"id";"data_inversa";"dia_semana";"horario";"uf";"br";"km";"municipio";"causa_acidente";"tipo_acidente";"classificacao_acidente";"fase_dia";"sentido_via";"condicao_metereologica";"tipo_pista";"tracado_via";"uso_solo";"pessoas";"mortos";"feridos_leves";"feridos_graves";"ilesos";"ignorados";"feridos";"veiculos";"latitude";"longitude";"regional";"delegacia";"uop"
567690;2023-12-14;"quinta-feira";"11:50:00";"RO";364;426,9;"JARU";"Acessar a via sem observar a presença dos outros veículos";"Colisão transversal";"Com Vítimas Feridas";"Pleno dia";"Crescente";"Céu Claro";"Simples";"Rotatória;Reta;Interseção de Vias";"Sim";2;0;1;0;1;0;1;2;-10,432443;-62,479584;"SPRF-RO";"DEL03-RO";"UOP02-DEL03-RO"
567692;2023-12-14;"quinta-feira";"11:35:00";"RJ";40;120;"DUQUE DE CAXIAS";"Reação tardia ou ineficiente do condutor";"Tombamento";"Com Vítimas Feridas";"Pleno dia";"Decrescente";"Céu Claro";"Múltipla";"Reta";"Sim";2;0;2;0;0;0;2;1;-22,77280597;-43,28626763;"SPRF-RJ";"DEL01-RJ";"UOP02-DEL01-RJ"
567693;2023-12-14;"quinta-feira";"11:35:00";"RJ";40;107;"DUQUE DE CAXIAS";"Pedestre cruzava a pista fora da faixa";"Tombamento";"Com Vítimas Feridas";"Pleno dia";"Decrescente";"Céu Claro";"Dupla";"Reta";"Sim";2;0;1;0;0;1;1;2;-22,65581497;-43,28378546;"SPRF-RJ";"DEL01-RJ";"UOP02-DEL01-RJ"
567694;2023-10-02;"segunda-feira";"08:20:00";"RS";472;577;"URUGUAIANA";"Acessar a via sem observar a presença dos outros veículos";"Colisão transversal";"Com Vítimas Feridas";"Pleno dia";"Crescente";"Céu Claro";"Simples";"Rotatória";"Sim";2;0;1;0;1;0;1;2;-29,78008479;-57,06329942;"SPRF-RS";"DEL13-RS";"UOP01-DEL13-RS"
567696;2023-12-14;"quinta-feira";"13:40:00";"PE";232;127;"CARUARU";"Ultrapassagem Indevida";"Colisão frontal";"Com Vítimas Feridas";"Pleno dia";"Decrescente";"Céu Claro";"Simples";"Aclive";"Sim";2;0;0;1;1;0;1;2;-8,30610303;-35,96342301;"SPRF-PE";"DEL02-PE";"UOP01-DEL02-PE"
567699;2023-12-14;"quinta-feira";"13:30:00";"SP";153;62,5;"SAO JOSE DO RIO PRETO";"Condutor deixou de manter distância do veículo da frente";"Colisão traseira";"Com Vítimas Feridas";"Pleno dia";"Crescente";"Céu Claro";"Dupla";"Aclive;Reta";"Sim";2;0;1;0;1;0;1;2;-20,81325404;-49,35675563;"SPRF-SP";"DEL09-SP";"UOP01-DEL09-SP"
567700;2023-12-14;"quinta-feira";"09:00:00";"MG";116;349;"CAMPANARIO";"Demais falhas na via";"Tombamento";"Com Vítimas Feridas";"Pleno dia";"Decrescente";"Céu Claro";"Simples";"Reta";"Não";1;0;1;0;0;0;1;1;-18,23813927;-41,72898363;"SPRF-MG";"DEL11-MG";"UOP01-DEL11-MG"
567703;2023-12-14;"quinta-feira";"14:10:00";"MS";163;39,2;"ELDORADO";"Condutor deixou de manter distância do veículo da frente";"Colisão lateral mesmo sentido";"Com Vítimas Feridas";"Pleno dia";"Crescente";"Céu Claro";"Simples";"Reta";"Sim";4;0;2;0;2;0;2;2;-23,7948851;-54,28686992;"SPRF-MS";"DEL09-MS";"UOP02-DEL09-MS"
567704;2023-12-06;"quarta-feira";"09:50:00";"RJ";0;0;"RIO DE JANEIRO";"Acessar a via sem observar a presença dos outros veículos";"Colisão lateral mesmo sentido";"Com Vítimas Feridas";"Pleno dia";"Não Informado";"Céu Claro";"Dupla";"Reta";"Não";2;0;1;0;1;0;1;2;-22,8044846;-43,3451769;"SPRF-RJ";"DEL06-RJ";"UOP01-DEL06-RJ"
567706;2023-12-14;"quinta-feira";"05:30:00";"MG";267;217,2;"BOM JARDIM DE MINAS";"Condutor Dormindo";"Colisão com objeto";"Com Vítimas Feridas";"Pleno dia";"Decrescente";"Céu Claro";"Simples";"Reta";"Não";1;0;1;0;0;0;1;1;-21,94210972;-44,22549998;"SPRF-MG";"DEL17-MG";"UOP01-DEL17-MG"
567707;2023-12-14;"quinta-feira";"14:25:00";"SC";101;71,4;"ARAQUARI";"Reação tardia ou ineficiente do condutor";"Colisão transversal";"Com Vítimas Feridas";"Pleno dia";"Crescente";"Céu Claro";"Dupla";"Reta";"Não";2;0;1;0;1;0;1;2;-26,51864822;-48,71874636;"SPRF-SC";"DEL03-SC";"UOP02-DEL03-SC"
567708;2023-12-14;"quinta-feira";"14:50:00";"SC";282;2,3;"FLORIANOPOLIS";"Condutor deixou de manter distância do veículo da frente";"Colisão traseira";"Com Vítimas Feridas";"Pleno dia";"Crescente";"Céu Claro";"Múltipla";"Reta";"Sim";2;0;1;0;1;0;1;2;-27,603289;-48,590416;"SPRF-SC";"DEL01-SC";"UOP01-DEL01-SC"
567709;2023-12-14;"quinta-feira";"10:40:00";"SC";280;215,5;"TRES BARRAS";"Ultrapassagem Indevida";"Colisão lateral mesmo sentido";"Com Vítimas Feridas";"Pleno dia";"Crescente";"Céu Claro";"Simples";"Declive;Reta";"Não";2;0;0;1;1;0;1;2;-26,18222028;-50,21677704;"SPRF-SC";"DEL06-SC";"UOP04-DEL06-SC"
567711;2023-12-14;"quinta-feira";"13:40:00";"MT";70;76;"GENERAL CARNEIRO";"Demais falhas na via";"Saída de leito carroçável";"Com Vítimas Feridas";"Pleno dia";"Crescente";"Céu Claro";"Simples";"Curva;Declive";"Não";4;0;2;0;2;0;2;1;-15,67421693;-52,81408803;"SPRF-MT";"DEL07-MT";"UOP01-DEL07-MT"
567712;2023-12-14;"quinta-feira";"14:00:00";"BA";324;537,9;"AMELIA RODRIGUES";"Reação tardia ou ineficiente do condutor";"Capotamento";"Com Vítimas Feridas";"Pleno dia";"Crescente";"Chuva";"Dupla";"Reta";"Sim";3;0;1;0;2;0;1;1;-12,38393736;-38,79442406;"SPRF-BA";"DEL01-BA";"UOP03-DEL01-BA"
567713;2023-12-14;"quinta-feira";"14:00:00";"RJ";116;111;"GUAPIMIRIM";"Acessar a via sem observar a presença dos outros veículos";"Colisão lateral mesmo sentido";"Com Vítimas Feridas";"Pleno dia";"Decrescente";"Sol";"Dupla";"Reta";"Sim";2;0;1;0;1;0;1;2;-22,55838319;-42,99482067;"SPRF-RJ";"DEL04-RJ";"UOP02-DEL04-RJ"
567714;2023-12-14;"quinta-feira";"15:55:00";"PE";101;52,4;"PAULISTA";"Acesso irregular";"Colisão transversal";"Com Vítimas Feridas";"Pleno dia";"Crescente";"Céu Claro";"Dupla";"Reta";"Sim";2;0;2;0;0;0;2;2;-7,92358799;-34,89607201;"SPRF-PE";"DEL01-PE";"UOP02-DEL01-PE"
567715;2023-12-14;"quinta-feira";"15:30:00";"SC";101;120;"ITAJAI";"Condutor deixou de manter distância do veículo da frente";"Colisão traseira";"Com Vítimas Feridas";"Pleno dia";"Crescente";"Céu Claro";"Dupla";"Reta";"Não";3;0;1;1;0;1;2;3;-26,912758;-48,711998;"SPRF-SC";"DEL04-SC";"UOP04-DEL04-SC"
567717;2023-12-14;"quinta-feira";"15:00:00";"MG";116;522,8;"CARATINGA";"Desrespeitar a preferência no cruzamento";"Colisão transversal";"Com Vítimas Feridas";"Pleno dia";"Crescente";"Céu Claro";"Simples";"Interseção de Vias";"Sim";3;0;2;0;1;0;2;2;-19,74300101;-42,13231969;"SPRF-MG";"DEL06-MG";"UOP02-DEL06-MG"
567718;2023-12-14;"quinta-feira";"15:30:00";"PR";277;690;"SAO MIGUEL DO IGUACU";"Reação tardia ou ineficiente do condutor";"Colisão com objeto";"Com Vítimas Fatais";"Pleno dia";"Crescente";"Céu Claro";"Dupla";"Aclive;Reta";"Sim";2;1;0;0;0;1;0;2;-25,3582673;-54,24527283;"SPRF-PR";"DEL05-PR";"UOP01-DEL05-PR"
567720;2023-12-14;"quinta-feira";"11:10:00";"ES";393;9;"MUQUI";"Condutor usando celular";"Capotamento";"Com Vítimas Feridas";"Pleno dia";"Crescente";"Sol";"Simples";"Curva";"Não";1;0;1;0;0;0;1;1;-20,83805215;-41,2306509;"SPRF-ES";"DEL03-ES";"UOP02-DEL03-ES"
567723;2023-12-14;"quinta-feira";"11:30:00";"RJ";101;131;"MACAE";"Reação tardia ou ineficiente do condutor";"Capotamento";"Com Vítimas Feridas";"Pleno dia";"Crescente";"Céu Claro";"Dupla";"Reta";"Não";1;0;1;0;0;0;1;1;-22,4757184;-42,1889044;"SPRF-RJ";"DEL08-RJ";"UOP04-DEL08-RJ"
567724;2023-12-14;"quinta-feira";"16:02:00";"RN";101;83,8;"NATAL";"Ausência de reação do condutor";"Colisão traseira";"Com Vítimas Feridas";"Pleno dia";"Decrescente";"Céu Claro";"Dupla";"Reta";"Sim";2;0;1;0;1;0;1;2;-5,7710445;-35,26616981;"SPRF-RN";"DEL02-RN";"UOP01-DEL02-RN"
567725;2023-12-14;"quinta-feira";"16:40:00";"MG";381;486;"BETIM";"Trafegar com motocicleta (ou similar) entre as faixas";"Colisão lateral mesmo sentido";"Com Vítimas Feridas";"Pleno dia";"Crescente";"Céu Claro";"Múltipla";"Reta";"Sim";2;0;0;1;1;0;1;2;-19,95644414;-44,13611598;"SPRF-MG";"DEL01-MG";"UOP03-DEL01-MG"
567727;2023-12-14;"quinta-feira";"15:35:00";"SC";101;198,3;"BIGUACU";"Trafegar com motocicleta (ou similar) entre as faixas";"Colisão lateral mesmo sentido";"Com Vítimas Fatais";"Pleno dia";"Crescente";"Sol";"Múltipla";"Reta";"Sim";5;1;0;0;4;0;0;3;-27,5294913;-48,6332451;"SPRF-SC";"DEL01-SC";"UOP01-DEL01-SC"
567730;2023-12-14;"quinta-feira";"16:57:00";"SC";470;57,9;"BLUMENAU";"Transitar no Acostamento";"Colisão transversal";"Com Vítimas Feridas";"Pleno dia";"Decrescente";"Céu Claro";"Simples";"Reta;Interseção de Vias;Rotatória";"Sim";2;0;1;0;1;0;1;2;-26,880428;-49,136532;"SPRF-SC";"DEL04-SC";"UOP01-DEL04-SC"
567731;2023-12-14;"quinta-feira";"16:20:00";"MG";116;703;"MURIAE";"Reação tardia ou ineficiente do condutor";"Colisão traseira";"Com Vítimas Feridas";"Pleno dia";"Crescente";"Sol";"Simples";"Ponte;Reta";"Sim";2;0;1;0;1;0;1;2;-21,12682309;-42,3832189;"SPRF-MG";"DEL07-MG";"UOP02-DEL07-MG"
567737;2023-12-14;"quinta-feira";"17:15:00";"SC";101;43,9;"JOINVILLE";"Desrespeitar a preferência no cruzamento";"Colisão transversal";"Com Vítimas Feridas";"Pleno dia";"Decrescente";"Céu Claro";"Simples";"Declive;Viaduto;Interseção de Vias";"Sim";2;0;1;1;0;0;2;2;-26,33800595;-48,85957539;"SPRF-SC";"DEL03-SC";"UOP01-DEL03-SC"
567741;2023-12-14;"quinta-feira";"17:35:00";"SC";280;33;"ARAQUARI";"Acessar a via sem observar a presença dos outros veículos";"Colisão transversal";"Com Vítimas Feridas";"Pleno dia";"Crescente";"Céu Claro";"Simples";"Reta;Retorno Regulamentado";"Sim";2;0;1;0;1;0;1;2;-26,42576441;-48,78741376;"SPRF-SC";"DEL03-SC";"UOP03-DEL03-SC"
567742;2023-12-14;"quinta-feira";"17:30:00";"SP";116;94,5;"PINDAMONHANGABA";"Ausência de reação do condutor";"Tombamento";"Com Vítimas Feridas";"Pleno dia";"Crescente";"Céu Claro";"Dupla";"Reta";"Não";1;0;1;0;0;0;1;1;-22,96083987;-45,42156507;"SPRF-SP";"DEL08-SP";"UOP01-DEL08-SP"
567743;2023-12-14;"quinta-feira";"17:40:00";"RS";386;351,3;"ESTRELA";"Acessar a via sem observar a presença dos outros veículos";"Colisão traseira";"Com Vítimas Feridas";"Pleno dia";"Crescente";"Nublado";"Dupla";"Curva;Viaduto";"Não";7;0;1;0;6;0;1;2;-29,48510873;-51,95498943;"SPRF-RS";"DEL04-RS";"UOP01-DEL04-RS"
567744;2023-12-14;"quinta-feira";"15:00:00";"PB";101;88,7;"JOAO PESSOA";"Condutor Dormindo";"Saída de leito carroçável";"Com Vítimas Feridas";"Pleno dia";"Decrescente";"Sol";"Dupla";"Reta";"Sim";4;0;2;0;2;0;2;1;-7,17189276;-34,89774585;"SPRF-PB";"DEL01-PB";"UOP02-DEL01-PB"
567745;2023-12-14;"quinta-feira";"17:40:00";"DF";40;1,4;"BRASILIA";"Trafegar com motocicleta (ou similar) entre as faixas";"Colisão traseira";"Com Vítimas Feridas";"Pleno dia";"Crescente";"Céu Claro";"Dupla";"Reta";"Sim";3;0;1;0;1;1;1;3;-15,985532;-47,987747;"SPRF-DF";"DEL01-DF";"UOP01-DEL01-DF"
567747;2023-12-14;"quinta-feira";"17:30:00";"RJ";101;489;"ANGRA DOS REIS";"Conversão proibida";"Colisão lateral mesmo sentido";"Com Vítimas Feridas";"Pleno dia";"Decrescente";"Céu Claro";"Simples";"Curva";"Sim";2;0;1;0;1;0;1;2;-22,9564669;-44,30135965;"SPRF-RJ";"DEL03-RJ";"UOP03-DEL03-RJ"
567748;2023-12-14;"quinta-feira";"17:30:00";"SP";116;217;"GUARULHOS";"Trafegar com motocicleta (ou similar) entre as faixas";"Colisão traseira";"Com Vítimas Feridas";"Anoitecer";"Decrescente";"Céu Claro";"Múltipla";"Aclive";"Sim";2;0;0;1;1;0;1;2;-23,45423824;-46,47119028;"SPRF-SP";"DEL01-SP";"UOP01-DEL01-SP"
567749;2023-12-14;"quinta-feira";"17:45:00";"SC";101;204,4;"SAO JOSE";"Trafegar com motocicleta (ou similar) entre as faixas";"Colisão lateral mesmo sentido";"Com Vítimas Feridas";"Pleno dia";"Crescente";"Céu Claro";"Dupla";"Reta";"Sim";2;0;1;0;1;0;1;2;-27,57413014;-48,61363083;"SPRF-SC";"DEL01-SC";"UOP01-DEL01-SC"
567750;2023-12-02;"sábado";"22:00:00";"RJ";101;310;"SAO GONCALO";"Ausência de reação do condutor";"Colisão com objeto";"Com Vítimas Feridas";"Plena Noite";"Crescente";"Garoa/Chuvisco";"Dupla";"Reta";"Não";1;0;1;0;0;0;1;1;-22,79717023;-43,04404993;"SPRF-RJ";"DEL02-RJ";"UOP02-DEL02-RJ"
567752;2023-12-14;"quinta-feira";"16:50:00";"BA";407;98,9;"JAGUARARI";"Reação tardia ou ineficiente do condutor";"Colisão traseira";"Com Vítimas Feridas";"Pleno dia";"Decrescente";"Sol";"Simples";"Reta;Em Obras";"Não";3;0;1;1;1;0;2;2;-10,22882;-40,20781;"SPRF-BA";"DEL04-BA";"UOP01-DEL04-BA"
567753;2023-12-14;"quinta-feira";"18:30:00";"RJ";40;118;"DUQUE DE CAXIAS";"Reação tardia ou ineficiente do condutor";"Colisão lateral sentido oposto";"Sem Vítimas";"Plena Noite";"Crescente";"Céu Claro";"Dupla";"Reta";"Sim";2;0;0;0;2;0;0;2;-22,75470802;-43,28737838;"SPRF-RJ";"DEL01-RJ";"UOP02-DEL01-RJ"
567754;2023-12-14;"quinta-feira";"17:45:00";"SC";101;88;"BARRA VELHA";"Acessar a via sem observar a presença dos outros veículos";"Colisão lateral mesmo sentido";"Com Vítimas Feridas";"Pleno dia";"Crescente";"Céu Claro";"Dupla";"Viaduto";"Sim";2;0;1;0;1;0;1;2;-26,64253985;-48,68950684;"SPRF-SC";"DEL03-SC";"UOP02-DEL03-SC"
567755;2023-12-14;"quinta-feira";"18:50:00";"RS";471;661;"SANTA VITORIA DO PALMAR";"Reação tardia ou ineficiente do condutor";"Colisão traseira";"Com Vítimas Feridas";"Pleno dia";"Decrescente";"Céu Claro";"Simples";"Rotatória;Reta";"Sim";6;0;1;0;5;0;1;2;-33,540749;-53,35442;"SPRF-RS";"DEL07-RS";"UOP04-DEL07-RS"
567757;2023-12-14;"quinta-feira";"17:15:00";"PB";230;297;"SANTA LUZIA";"Acesso irregular";"Saída de leito carroçável";"Com Vítimas Feridas";"Anoitecer";"Crescente";"Céu Claro";"Simples";"Reta";"Não";4;0;1;0;3;0;1;3;-6,8947;-36,9559;"SPRF-PB";"DEL03-PB";"UOP01-DEL03-PB"
567758;2023-12-14;"quinta-feira";"18:55:00";"RS";386;32;"FREDERICO WESTPHALEN";"Acessar a via sem observar a presença dos outros veículos";"Colisão transversal";"Sem Vítimas";"Anoitecer";"Decrescente";"Nublado";"Simples";"Interseção de Vias;Reta";"Sim";1;0;0;0;1;0;0;1;-27,3434001;-53,38871175;"SPRF-RS";"DEL08-RS";"UOP02-DEL08-RS"
567759;2023-12-14;"quinta-feira";"18:30:00";"PR";277;2;"PARANAGUA";"Acessar a via sem observar a presença dos outros veículos";"Colisão transversal";"Com Vítimas Feridas";"Plena Noite";"Decrescente";"Céu Claro";"Simples";"Reta";"Sim";2;0;1;0;1;0;1;2;-25,568198;-48,615292;"SPRF-PR";"DEL01-PR";"UOP05-DEL01-PR"
567760;2023-12-14;"quinta-feira";"16:04:00";"MG";365;291;"JOAO PINHEIRO";"Demais falhas mecânicas ou elétricas";"Incêndio";"Sem Vítimas";"Pleno dia";"Decrescente";"Céu Claro";"Simples";"Reta";"Não";1;0;0;0;1;0;0;1;-18,0999199;-45,69094512;"SPRF-MG";"DEL10-MG";"UOP02-DEL010-MG"
567762;2023-12-14;"quinta-feira";"14:00:00";"MT";158;556;"AGUA BOA";"Condutor deixou de manter distância do veículo da frente";"Engavetamento";"Com Vítimas Feridas";"Pleno dia";"Crescente";"Céu Claro";"Simples";"Reta";"Não";4;0;2;0;2;0;2;3;-13,95871907;-52,11673091;"SPRF-MT";"DEL07-MT";"UOP02-DEL07-MT"
567763;2023-12-14;"quinta-feira";"18:06:00";"TO";235;166;"TUPIRAMA";"Animais na Pista";"Atropelamento de Animal";"Sem Vítimas";"Plena Noite";"Crescente";"Céu Claro";"Simples";"Reta";"Não";1;0;0;0;1;0;0;1;-8,98369837;-48,19282129;"SPRF-TO";"DEL02-TO";"UOP02-DEL02-TO"
567764;2023-12-14;"quinta-feira";"18:40:00";"RJ";116;317;"ITATIAIA";"Ausência de reação do condutor";"Tombamento";"Com Vítimas Feridas";"Plena Noite";"Crescente";"Céu Claro";"Dupla";"Reta";"Não";2;0;2;0;0;0;2;1;-22,46708478;-44,50067002;"SPRF-RJ";"DEL07-RJ";"UOP02-DEL07-RJ"
567767;2023-12-14;"quinta-feira";"17:00:00";"MA";10;290,3;"IMPERATRIZ";"Pista Escorregadia";"Capotamento";"Com Vítimas Feridas";"Pleno dia";"Decrescente";"Chuva";"Simples";"Reta";"Não";1;0;1;0;0;0;1;1;-5,19816;-47,519409;"SPRF-MA";"DEL04-MA";"UOP01-DEL04-MA"
567768;2023-12-14;"quinta-feira";"18:45:00";"RS";470;212;"BENTO GONCALVES";"Acessar a via sem observar a presença dos outros veículos";"Colisão transversal";"Com Vítimas Feridas";"Pleno dia";"Decrescente";"Chuva";"Simples";"Curva";"Sim";2;0;1;0;1;0;1;2;-29,1311721;-51,54412793;"SPRF-RS";"DEL06-RS";"UOP01-DEL06-RS"
567770;2023-12-14;"quinta-feira";"19:10:00";"RS";116;136,9;"CAXIAS DO SUL";"Reação tardia ou ineficiente do condutor";"Saída de leito carroçável";"Sem Vítimas";"Anoitecer";"Crescente";"Nublado";"Simples";"Curva";"Não";2;0;0;0;2;0;0;1;-29,075135;-51,106044;"SPRF-RS";"DEL05-RS";"UOP01-DEL05-RS"
567771;2023-12-14;"quinta-feira";"19:30:00";"GO";40;0;"VALPARAISO DE GOIAS";"Desvio temporário";"Saída de leito carroçável";"Com Vítimas Feridas";"Plena Noite";"Decrescente";"Céu Claro";"Dupla";"Aclive";"Não";1;0;1;0;0;0;1;1;-16,058273;-47,982655;"SPRF-DF";"DEL01-DF";"UOP01-DEL01-DF"
567772;2023-12-14;"quinta-feira";"17:06:00";"RJ";493;13;"GUAPIMIRIM";"Reação tardia ou ineficiente do condutor";"Colisão traseira";"Com Vítimas Feridas";"Pleno dia";"Decrescente";"Céu Claro";"Múltipla";"Reta";"Não";2;0;1;0;0;1;1;2;-22,67551484;-42,97451889;"SPRF-RJ";"DEL04-RJ";"UOP02-DEL04-RJ"
567773;2023-12-14;"quinta-feira";"20:10:00";"RS";386;417;"MONTENEGRO";"Velocidade Incompatível";"Colisão lateral sentido oposto";"Com Vítimas Feridas";"Plena Noite";"Decrescente";"Chuva";"Simples";"Curva;Retorno Regulamentado";"Não";8;0;5;0;3;0;5;2;-29,818958;-51,452934;"SPRF-RS";"DEL04-RS";"UOP02-DEL04-RS"
567774;2023-12-14;"quinta-feira";"18:10:00";"PI";230;310,1;"FLORIANO";"Ausência de reação do condutor";"Colisão traseira";"Com Vítimas Feridas";"Plena Noite";"Crescente";"Céu Claro";"Simples";"Reta";"Sim";3;0;0;1;2;0;1;2;-6,76580135;-43,00941327;"SPRF-PI";"DEL03-PI";"UOP01-DEL03-PI"
567776;2023-12-14;"quinta-feira";"19:30:00";"RJ";116;169;"RIO DE JANEIRO";"Ingestão de álcool pelo condutor";"Colisão lateral mesmo sentido";"Com Vítimas Feridas";"Plena Noite";"Decrescente";"Céu Claro";"Múltipla";"Reta";"Sim";2;0;1;0;1;0;1;2;-22,816206;-43,324463;"SPRF-RJ";"DEL06-RJ";"UOP01-DEL06-RJ"
567777;2023-12-14;"quinta-feira";"19:40:00";"BA";367;75;"EUNAPOLIS";"Transitar na contramão";"Colisão frontal";"Com Vítimas Feridas";"Plena Noite";"Crescente";"Céu Claro";"Simples";"Curva";"Não";2;0;0;2;0;0;2;2;-16,369727;-39,506281;"SPRF-BA";"DEL09-BA";"UOP03-DEL09-BA"
567778;2023-12-14;"quinta-feira";"17:30:00";"MG";116;583,5;"MANHUACU";"Ausência de reação do condutor";"Saída de leito carroçável";"Com Vítimas Feridas";"Anoitecer";"Crescente";"Céu Claro";"Simples";"Curva";"Não";1;0;1;0;0;0;1;1;-20,22469;-42,17807;"SPRF-MG";"DEL06-MG";"UOP03-DEL06-MG"
567779;2023-12-14;"quinta-feira";"20:30:00";"MG";40;515;"RIBEIRAO DAS NEVES";"Avarias e/ou desgaste excessivo no pneu";"Colisão traseira";"Sem Vítimas";"Plena Noite";"Decrescente";"Céu Claro";"Dupla";"Reta";"Sim";2;0;0;0;2;0;0;2;-19,81628624;-44,08960124;"SPRF-MG";"DEL01-MG";"UOP02-DEL01-MG"
567780;2023-12-14;"quinta-feira";"18:40:00";"MT";70;281,7;"PRIMAVERA DO LESTE";"Acessar a via sem observar a presença dos outros veículos";"Colisão transversal";"Com Vítimas Feridas";"Plena Noite";"Crescente";"Céu Claro";"Simples";"Interseção de Vias";"Sim";2;0;0;1;1;0;1;2;-15,56702889;-54,30512706;"SPRF-MT";"DEL05-MT";"UOP01-DEL05-MT"
567782;2023-12-14;"quinta-feira";"21:20:00";"RN";101;96;"NATAL";"Reação tardia ou ineficiente do condutor";"Colisão lateral mesmo sentido";"Com Vítimas Feridas";"Plena Noite";"Decrescente";"Céu Claro";"Múltipla";"Reta;Interseção de Vias";"Sim";6;0;1;0;5;0;1;2;-5,84949622;-35,20890752;"SPRF-RN";"DEL01-RN";"UOP01-DEL01-RN"
567785;2023-12-14;"quinta-feira";"21:30:00";"GO";60;92;"ANAPOLIS";"Ausência de reação do condutor";"Saída de leito carroçável";"Com Vítimas Feridas";"Plena Noite";"Crescente";"Céu Claro";"Dupla";"Reta;Declive";"Sim";1;0;1;0;0;0;1;1;-16,353;-48,9178;"SPRF-GO";"DEL02-GO";"UOP01-DEL02-GO"
567787;2023-12-14;"quinta-feira";"18:30:00";"MA";316;94,9;"PRESIDENTE MEDICI";"Reação tardia ou ineficiente do condutor";"Colisão traseira";"Com Vítimas Feridas";"Anoitecer";"Decrescente";"Céu Claro";"Simples";"Reta";"Sim";2;0;1;0;1;0;1;2;-2,365762;-45,823395;"SPRF-MA";"DEL02-MA";"UOP02-DEL02-MA"
567790;2023-12-14;"quinta-feira";"21:40:00";"SP";116;426;"JUQUIA";"Reação tardia ou ineficiente do condutor";"Colisão com objeto";"Com Vítimas Feridas";"Plena Noite";"Crescente";"Céu Claro";"Múltipla";"Curva";"Não";1;0;0;1;0;0;1;1;-24,38748887;-47,71796823;"SPRF-SP";"DEL05-SP";"UOP01-DEL05-SP"
567791;2023-12-14;"quinta-feira";"21:45:00";"BA";101;879,5;"TEIXEIRA DE FREITAS";"Acessar a via sem observar a presença dos outros veículos";"Colisão transversal";"Com Vítimas Feridas";"Plena Noite";"Crescente";"Céu Claro";"Simples";"Rotatória";"Sim";3;0;2;0;1;0;2;2;-17,55447519;-39,7236371;"SPRF-BA";"DEL09-BA";"UOP02-DEL09-BA"
567792;2023-12-14;"quinta-feira";"17:30:00";"RO";364;33;"VILHENA";"Manobra de mudança de faixa";"Saída de leito carroçável";"Com Vítimas Feridas";"Plena Noite";"Decrescente";"Céu Claro";"Simples";"Reta";"Não";2;0;2;0;0;0;2;1;-12,68196465;-60,28911173;"SPRF-RO";"DEL04-RO";"UOP01-DEL04-RO"
567793;2023-12-14;"quinta-feira";"20:00:00";"AP";210;0;"MACAPA";"Acessar a via sem observar a presença dos outros veículos";"Colisão transversal";"Com Vítimas Feridas";"Plena Noite";"Decrescente";"Céu Claro";"Dupla";"Reta";"Sim";2;0;1;0;1;0;1;2;0,07780012;-51,06097;"SPRF-AP";"DEL01-AP";"UOP01-DEL01-AP"
567794;2023-12-14;"quinta-feira";"21:20:00";"ES";393;0;"CACHOEIRO DE ITAPEMIRIM";"Manobra de mudança de faixa";"Colisão lateral sentido oposto";"Com Vítimas Feridas";"Plena Noite";"Crescente";"Céu Claro";"Simples";"Reta";"Não";2;0;1;1;0;0;2;2;-20,841324;-41,15929;"SPRF-ES";"DEL03-ES";"UOP02-DEL03-ES"
567795;2023-12-14;"quinta-feira";"17:30:00";"MT";70;511,5;"CUIABA";"Demais falhas mecânicas ou elétricas";"Queda de ocupante de veículo";"Sem Vítimas";"Anoitecer";"Crescente";"Céu Claro";"Simples";"Reta";"Não";1;0;0;0;1;0;0;1;-15,69902823;-56,11245632;"SPRF-MT";"DEL01-MT";"UOP02-DEL01-MT"
567798;2023-12-14;"quinta-feira";"22:40:00";"SC";101;209,5;"SAO JOSE";"Ausência de reação do condutor";"Queda de ocupante de veículo";"Com Vítimas Feridas";"Plena Noite";"Crescente";"Céu Claro";"Dupla";"Reta";"Sim";2;0;1;0;0;1;1;2;-27,61000542;-48,63895057;"SPRF-SC";"DEL01-SC";"UOP01-DEL01-SC"
567800;2023-12-14;"quinta-feira";"19:50:00";"RJ";116;182;"NOVA IGUACU";"Manobra de mudança de faixa";"Colisão lateral mesmo sentido";"Com Vítimas Feridas";"Plena Noite";"Crescente";"Céu Claro";"Dupla";"Reta";"Não";3;0;1;0;2;0;1;3;-22,7567755;-43,43107234;"SPRF-RJ";"DEL06-RJ";"UOP01-DEL06-RJ"
567802;2023-12-14;"quinta-feira";"23:00:00";"RS";386;446;"CANOAS";"Acessar a via sem observar a presença dos outros veículos";"Colisão traseira";"Com Vítimas Feridas";"Plena Noite";"Crescente";"Chuva";"Dupla";"Reta";"Sim";2;0;1;0;1;0;1;2;-29,89359217;-51,18371487;"SPRF-RS";"DEL01-RS";"UOP01-DEL01-RS"
567803;2023-12-14;"quinta-feira";"23:10:00";"SC";101;137;"BALNEARIO CAMBORIU";"Manobra de mudança de faixa";"Colisão lateral mesmo sentido";"Com Vítimas Feridas";"Plena Noite";"Crescente";"Céu Claro";"Dupla";"Reta";"Sim";2;0;1;0;1;0;1;2;-27,0157238;-48,61192763;"SPRF-SC";"DEL04-SC";"UOP03-DEL04-SC"