"id";"data_inversa";"dia_semana";"horario";"uf";"br";"km";"municipio";"causa_acidente";"tipo_acidente";"classificacao_acidente";"fase_dia";"sentido_via";"condicao_metereologica";"tipo_pista";"tracado_via";"uso_solo";"pessoas";"mortos";"feridos_leves";"feridos_graves";"ilesos";"ignorados";"feridos";"veiculos";"latitude";"longitude";"regional";"delegacia";"uop"
567804;2023-12-14;"quinta-feira";"20:58:00";"MA";230;395,2;"BALSAS";"Transitar na contramão";"Capotamento";"Com Vítimas Feridas";"Plena Noite";"Crescente";"Céu Claro";"Simples";"Reta";"Não";1;0;1;0;0;0;1;1;-7,44963195;-46,01125609;"SPRF-MA";"DEL05-MA";"UOP01-DEL05-MA"
567805;2023-12-14;"quinta-feira";"23:45:00";"CE";116;9,6;"FORTALEZA";"Ausência de reação do condutor";"Colisão com objeto";"Com Vítimas Feridas";"Plena Noite";"Crescente";"Céu Claro";"Dupla";"Reta";"Sim";3;0;2;1;0;0;3;3;-3,82779096;-38,50486117;"SPRF-CE";"DEL01-CE";"UOP02-DEL01-CE"
567807;2023-12-14;"quinta-feira";"21:00:00";"MT";163;908;"CLAUDIA";"Animais na Pista";"Atropelamento de Animal";"Com Vítimas Feridas";"Plena Noite";"Crescente";"Céu Claro";"Simples";"Reta";"Não";2;0;2;0;0;0;2;1;-11,36443594;-55,33765923;"SPRF-MT";"DEL06-MT";"UOP02-DEL06-MT"
567808;2023-12-14;"quinta-feira";"22:40:00";"PR";277;281;"PRUDENTOPOLIS";"Objeto estático sobre o leito carroçável";"Colisão com objeto";"Com Vítimas Feridas";"Plena Noite";"Crescente";"Céu Claro";"Simples";"Reta;Declive";"Não";4;0;1;0;3;0;1;1;-25,323022;-50,981947;"SPRF-PR";"DEL08-PR";"UOP02-DEL08-PR"
567809;2023-12-14;"quinta-feira";"21:20:00";"BA";116;400;"SANTA BARBARA";"Demais falhas mecânicas ou elétricas";"Incêndio";"Sem Vítimas";"Plena Noite";"Decrescente";"Céu Claro";"Dupla";"Reta";"Não";1;0;0;0;1;0;0;1;-12,02850801;-38,97078747;"SPRF-BA";"DEL02-BA";"UOP01-DEL02-BA"
567811;2023-12-14;"quinta-feira";"23:40:00";"SE";101;145;"ESTANCIA";"Carga excessiva e/ou mal acondicionada";"Colisão com objeto";"Com Vítimas Feridas";"Plena Noite";"Crescente";"Céu Claro";"Dupla";"Reta";"Não";1;0;1;0;0;0;1;1;-11,20665403;-37,41238793;"SPRF-SE";"DEL02-SE";"UOP01-DEL02-SE"
567812;2023-12-15;"sexta-feira";"00:05:00";"GO";153;441;"ANAPOLIS";"Ausência de reação do condutor";"Colisão com objeto";"Com Vítimas Feridas";"Plena Noite";"Decrescente";"Céu Claro";"Dupla";"Reta;Declive";"Sim";1;0;1;0;0;0;1;1;-16,315866;-48,921612;"SPRF-GO";"DEL02-GO";"UOP01-DEL02-GO"
567815;2023-12-14;"quinta-feira";"23:45:00";"RJ";393;174,3;"TRES RIOS";"Velocidade Incompatível";"Colisão com objeto";"Com Vítimas Feridas";"Plena Noite";"Decrescente";"Céu Claro";"Simples";"Curva";"Sim";3;0;3;0;0;0;3;1;-22,12182263;-43,18837166;"SPRF-RJ";"DEL05-RJ";"UOP03-DEL05-RJ"
567817;2023-12-14;"quinta-feira";"22:30:00";"GO";60;252;"INDIARA";"Ingestão de álcool pelo condutor";"Capotamento";"Sem Vítimas";"Plena Noite";"Crescente";"Céu Claro";"Dupla";"Viaduto;Curva";"Sim";1;0;0;0;1;0;0;1;-17,13926536;-49,99383062;"SPRF-GO";"DEL01-GO";"UOP02-DEL01-GO"
567818;2023-12-15;"sexta-feira";"02:15:00";"RS";290;93;"PORTO ALEGRE";"Avarias e/ou desgaste excessivo no pneu";"Queda de ocupante de veículo";"Com Vítimas Feridas";"Plena Noite";"Decrescente";"Céu Claro";"Dupla";"Reta";"Sim";2;0;1;0;1;0;1;1;-29,970839;-51,187725;"SPRF-RS";"DEL01-RS";"UOP01-DEL01-RS"
567823;2023-12-15;"sexta-feira";"03:00:00";"PB";230;153;"CAMPINA GRANDE";"Ausência de reação do condutor";"Saída de leito carroçável";"Sem Vítimas";"Plena Noite";"Decrescente";"Céu Claro";"Simples";"Interseção de Vias;Em Obras";"Sim";1;0;0;0;0;1;0;1;-7,2763;-35,8887;"SPRF-PB";"DEL02-PB";"UOP01-DEL02-PB"
567824;2023-12-14;"quinta-feira";"23:00:00";"RJ";356;2;"ITAPERUNA";"Ultrapassagem Indevida";"Colisão lateral mesmo sentido";"Com Vítimas Fatais";"Plena Noite";"Decrescente";"Céu Claro";"Simples";"Declive;Reta";"Não";2;1;0;0;1;0;0;2;-21,14747369;-42,16443672;"SPRF-RJ";"DEL08-RJ";"UOP03-DEL08-RJ"
567825;2023-12-15;"sexta-feira";"02:25:00";"PR";116;61;"QUATRO BARRAS";"Velocidade Incompatível";"Colisão traseira";"Com Vítimas Fatais";"Plena Noite";"Decrescente";"Nevoeiro/Neblina";"Dupla";"Reta";"Não";3;1;0;0;2;0;0;3;-25,30264645;-48,96353197;"SPRF-PR";"DEL01-PR";"UOP02-DEL01-PR"
567826;2023-12-15;"sexta-feira";"03:50:00";"PE";101;43;"IGARASSU";"Pedestre cruzava a pista fora da faixa";"Atropelamento de Pedestre";"Com Vítimas Feridas";"Plena Noite";"Crescente";"Chuva";"Múltipla";"Reta";"Sim";2;0;0;2;0;0;2;2;-7,84753808;-34,90977038;"SPRF-PE";"DEL01-PE";"UOP02-DEL01-PE"
567828;2023-12-15;"sexta-feira";"03:30:00";"GO";60;400;"RIO VERDE";"Ingestão de álcool pelo condutor";"Capotamento";"Sem Vítimas";"Plena Noite";"Decrescente";"Céu Claro";"Dupla";"Reta;Declive";"Não";1;0;0;0;1;0;0;1;-17,8221;-51,0534;"SPRF-GO";"DEL04-GO";"UOP02-DEL04-GO"
567829;2023-12-15;"sexta-feira";"01:15:00";"SC";101;216;"PALHOCA";"Ausência de reação do condutor";"Queda de ocupante de veículo";"Com Vítimas Feridas";"Plena Noite";"Decrescente";"Céu Claro";"Dupla";"Reta";"Não";2;0;1;0;0;1;1;1;-27,65981409;-48,67747798;"SPRF-SC";"DEL01-SC";"UOP02-DEL01-SC"
567830;2023-12-15;"sexta-feira";"05:00:00";"PE";407;89;"PETROLINA";"Animais na Pista";"Atropelamento de Animal";"Sem Vítimas";"Amanhecer";"Crescente";"Céu Claro";"Simples";"Reta";"Não";2;0;0;0;2;0;0;1;-9,091449;-40,6561579;"SPRF-PE";"DEL06-PE";"UOP02-DEL06-PE"
567831;2023-12-14;"quinta-feira";"22:05:00";"RJ";493;0,1;"ITABORAI";"Acesso irregular";"Colisão lateral sentido oposto";"Com Vítimas Feridas";"Plena Noite";"Crescente";"Céu Claro";"Simples";"Reta";"Não";2;0;1;0;1;0;1;2;-22,77062;-42,92223;"SPRF-RJ";"DEL02-RJ";"UOP02-DEL02-RJ"
567832;2023-12-15;"sexta-feira";"05:30:00";"MG";40;528,3;"CONTAGEM";"Acesso irregular";"Atropelamento de Pedestre";"Com Vítimas Feridas";"Amanhecer";"Crescente";"Céu Claro";"Dupla";"Aclive;Curva";"Sim";2;0;1;0;1;0;1;2;-19,90883179;-44,04436577;"SPRF-MG";"DEL01-MG";"UOP02-DEL01-MG"
567834;2023-12-15;"sexta-feira";"04:15:00";"PE";423;59,4;"LAJEDO";"Animais na Pista";"Atropelamento de Animal";"Com Vítimas Feridas";"Amanhecer";"Crescente";"Nublado";"Simples";"Reta";"Sim";1;0;1;0;0;0;1;1;-8,64676387;-36,31558317;"SPRF-PE";"DEL03-PE";"UOP01-DEL03-PE"
567835;2023-12-15;"sexta-feira";"00:00:00";"PR";369;161,4;"CAMBE";"Ausência de reação do condutor";"Saída de leito carroçável";"Sem Vítimas";"Plena Noite";"Decrescente";"Céu Claro";"Dupla";"Aclive;Reta";"Sim";1;0;0;0;1;0;0;1;-23,29014912;-51,2637483;"SPRF-PR";"DEL07-PR";"UOP01-DEL07-PR"
567837;2023-12-15;"sexta-feira";"06:30:00";"PE";104;87,8;"AGRESTINA";"Manobra de mudança de faixa";"Colisão lateral sentido oposto";"Com Vítimas Feridas";"Pleno dia";"Crescente";"Nublado";"Simples";"Interseção de Vias";"Sim";7;0;2;0;5;0;2;2;-8,454104;-35,945515;"SPRF-PE";"DEL02-PE";"UOP01-DEL02-PE"
567838;2023-12-15;"sexta-feira";"06:15:00";"PR";277;526,5;"GUARANIACU";"Condutor Dormindo";"Saída de leito carroçável";"Com Vítimas Feridas";"Pleno dia";"Decrescente";"Céu Claro";"Simples";"Reta";"Não";1;0;1;0;0;0;1;1;-25,09131227;-52,93029059;"SPRF-PR";"DEL04-PR";"UOP04-DEL04-PR"
567839;2023-12-15;"sexta-feira";"06:00:00";"MT";70;6;"BARRA DO GARCAS";"Pista Escorregadia";"Queda de ocupante de veículo";"Com Vítimas Feridas";"Amanhecer";"Decrescente";"Céu Claro";"Dupla";"Reta;Declive";"Sim";2;0;1;0;1;0;1;1;-15,878268;-52,306705;"SPRF-MT";"DEL07-MT";"UOP01-DEL07-MT"
567841;2023-12-15;"sexta-feira";"07:10:00";"SP";116;154,5;"SAO JOSE DOS CAMPOS";"Avarias e/ou desgaste excessivo no pneu";"Tombamento";"Com Vítimas Feridas";"Pleno dia";"Decrescente";"Céu Claro";"Múltipla";"Reta";"Sim";2;0;2;0;0;0;2;1;-23,23903999;-45,92061901;"SPRF-SP";"DEL02-SP";"UOP01-DEL02-SP"
567842;2023-12-15;"sexta-feira";"06:05:00";"PE";101;52;"PAULISTA";"Chuva";"Capotamento";"Com Vítimas Feridas";"Pleno dia";"Decrescente";"Chuva";"Dupla";"Curva";"Sim";2;0;1;0;1;0;1;1;-7,92358799;-34,89607201;"SPRF-PE";"DEL01-PE";"UOP02-DEL01-PE"
567843;2023-12-15;"sexta-feira";"07:15:00";"RS";290;92;"PORTO ALEGRE";"Reação tardia ou ineficiente do condutor";"Colisão traseira";"Com Vítimas Feridas";"Pleno dia";"Crescente";"Céu Claro";"Múltipla";"Reta";"Não";2;0;1;0;1;0;1;2;-29,971916;-51,176838;"SPRF-RS";"DEL01-RS";"UOP01-DEL01-RS"
567844;2023-12-15;"sexta-feira";"06:43:00";"BA";324;616;"SALVADOR";"Ausência de reação do condutor";"Colisão traseira";"Com Vítimas Feridas";"Pleno dia";"Crescente";"Céu Claro";"Dupla";"Reta";"Sim";2;0;1;0;1;0;1;2;-12,87957905;-38,43213893;"SPRF-BA";"DEL01-BA";"UOP01-DEL01-BA"
567846;2023-12-15;"sexta-feira";"06:20:00";"PE";101;72,2;"RECIFE";"Transitar no Acostamento";"Colisão transversal";"Com Vítimas Feridas";"Pleno dia";"Decrescente";"Garoa/Chuvisco";"Dupla";"Curva";"Sim";3;0;1;0;2;0;1;2;-8,08493106;-34,9450639;"SPRF-PE";"DEL01-PE";"UOP01-DEL01-PE"
567847;2023-12-15;"sexta-feira";"06:40:00";"CE";222;1,7;"FORTALEZA";"Desrespeitar a preferência no cruzamento";"Colisão traseira";"Com Vítimas Feridas";"Pleno dia";"Decrescente";"Céu Claro";"Dupla";"Interseção de Vias";"Sim";2;0;1;1;0;0;2;2;-3,737804;-38,578061;"SPRF-CE";"DEL01-CE";"UOP01-DEL01-CE"
567848;2023-12-15;"sexta-feira";"07:18:00";"PR";116;107;"SAO JOSE DOS PINHAIS";"Ausência de reação do condutor";"Colisão lateral mesmo sentido";"Com Vítimas Feridas";"Pleno dia";"Decrescente";"Céu Claro";"Dupla";"Reta";"Não";4;0;3;0;1;0;3;3;-25,56989668;-49,18778205;"SPRF-PR";"DEL01-PR";"UOP07-DEL01-PR"
567849;2023-12-15;"sexta-feira";"06:40:00";"PB";230;19;"JOAO PESSOA";"Transitar no Acostamento";"Colisão traseira";"Com Vítimas Feridas";"Pleno dia";"Decrescente";"Garoa/Chuvisco";"Múltipla";"Curva;Declive";"Sim";2;0;1;0;1;0;1;2;-7,1281;-34,8466;"SPRF-PB";"DEL01-PB";"UOP01-DEL01-PB"
567850;2023-12-15;"sexta-feira";"06:30:00";"SP";116;275;"TABOAO DA SERRA";"Ausência de reação do condutor";"Queda de ocupante de veículo";"Com Vítimas Feridas";"Pleno dia";"Crescente";"Céu Claro";"Dupla";"Reta";"Sim";1;0;1;0;0;0;1;1;-23,63638826;-46,83251584;"SPRF-SP";"DEL04-SP";"UOP01-DEL04-SP"
567852;2023-12-14;"quinta-feira";"19:00:00";"RO";364;315;"PRESIDENTE MEDICI";"Ausência de reação do condutor";"Colisão traseira";"Com Vítimas Feridas";"Plena Noite";"Decrescente";"Céu Claro";"Simples";"Reta";"Não";2;0;2;0;0;0;2;2;-11,10935386;-61,90211266;"SPRF-RO";"DEL02-RO";"UOP01-DEL02-RO"
567854;2023-12-15;"sexta-feira";"05:30:00";"RO";364;341;"JI-PARANA";"Ausência de reação do condutor";"Queda de ocupante de veículo";"Com Vítimas Feridas";"Amanhecer";"Decrescente";"Céu Claro";"Simples";"Viaduto";"Não";1;0;1;0;0;0;1;1;-10,88987987;-61,93126772;"SPRF-RO";"DEL02-RO";"UOP01-DEL02-RO"
567856;2023-12-15;"sexta-feira";"05:30:00";"GO";20;143,9;"ALVORADA DO NORTE";"Transitar na contramão";"Colisão frontal";"Com Vítimas Fatais";"Amanhecer";"Crescente";"Céu Claro";"Simples";"Curva";"Não";25;3;1;3;18;0;4;2;-14,751736;-46,656445;"SPRF-DF";"DEL02-DF";"UOP03-DEL02-DF"
567857;2023-12-15;"sexta-feira";"06:55:00";"MT";364;397;"CUIABA";"Manobra de mudança de faixa";"Colisão lateral mesmo sentido";"Com Vítimas Feridas";"Pleno dia";"Crescente";"Sol";"Dupla";"Reta;Retorno Regulamentado";"Sim";2;0;0;1;1;0;1;2;-15,6864248909;-55,9134749503;"SPRF-MT";"DEL01-MT";"UOP02-DEL01-MT"
567858;2023-12-15;"sexta-feira";"07:45:00";"PE";232;127;"CARUARU";"Ausência de reação do condutor";"Colisão traseira";"Com Vítimas Feridas";"Pleno dia";"Crescente";"Céu Claro";"Dupla";"Reta";"Não";2;0;0;1;0;1;1;2;-8,30610303;-35,96342301;"SPRF-PE";"DEL02-PE";"UOP01-DEL02-PE"
567862;2023-12-15;"sexta-feira";"05:30:00";"MT";364;238;"JUSCIMEIRA";"Ausência de reação do condutor";"Colisão com objeto";"Com Vítimas Feridas";"Amanhecer";"Decrescente";"Céu Claro";"Dupla";"Reta";"Não";2;0;1;0;1;0;1;1;-16,19634212;-54,78316547;"SPRF-MT";"DEL02-MT";"UOP01-DEL02-MT"
567863;2023-12-15;"sexta-feira";"07:50:00";"PR";373;172;"PONTA GROSSA";"Acessar a via sem observar a presença dos outros veículos";"Tombamento";"Com Vítimas Feridas";"Pleno dia";"Crescente";"Sol";"Dupla";"Interseção de Vias;Reta";"Sim";2;0;0;2;0;0;2;2;-25,08128454;-50,19090056;"SPRF-PR";"DEL03-PR";"UOP01-DEL03-PR"
567865;2023-12-15;"sexta-feira";"08:40:00";"RN";101;98,1;"NATAL";"Reação tardia ou ineficiente do condutor";"Colisão traseira";"Sem Vítimas";"Pleno dia";"Decrescente";"Chuva";"Múltipla";"Declive";"Sim";2;0;0;0;2;0;0;2;-5,87359183;-35,22063023;"SPRF-RN";"DEL01-RN";"UOP01-DEL01-RN"
567867;2023-12-15;"sexta-feira";"08:15:00";"PE";428;189;"PETROLINA";"Conversão proibida";"Colisão transversal";"Com Vítimas Feridas";"Pleno dia";"Crescente";"Céu Claro";"Dupla";"Retorno Regulamentado;Reta";"Sim";2;0;0;1;1;0;1;2;-9,37197508;-40,48679585;"SPRF-PE";"DEL06-PE";"UOP01-DEL06-PE"
567868;2023-12-15;"sexta-feira";"08:30:00";"SC";101;212;"PALHOCA";"Condutor deixou de manter distância do veículo da frente";"Colisão lateral mesmo sentido";"Com Vítimas Feridas";"Pleno dia";"Decrescente";"Céu Claro";"Múltipla";"Reta";"Sim";2;0;1;0;1;0;1;2;-27,62996929;-48,65903871;"SPRF-SC";"DEL01-SC";"UOP02-DEL01-SC"
567869;2023-12-15;"sexta-feira";"08:30:00";"DF";20;34;"BRASILIA";"Reação tardia ou ineficiente do condutor";"Colisão traseira";"Com Vítimas Feridas";"Pleno dia";"Crescente";"Céu Claro";"Múltipla";"Reta";"Não";2;0;1;0;1;0;1;2;-15,585016;-47,568085;"SPRF-DF";"DEL02-DF";"UOP01-DEL02-DF"
567871;2023-12-15;"sexta-feira";"07:00:00";"PR";272;368;"CAMPO MOURAO";"Condutor deixou de manter distância do veículo da frente";"Colisão traseira";"Com Vítimas Feridas";"Pleno dia";"Decrescente";"Céu Claro";"Dupla";"Reta";"Sim";2;0;1;0;1;0;1;2;-24,05475193;-52,41061403;"SPRF-PR";"DEL09-PR";"UOP03-DEL09-PR"
567872;2023-12-15;"sexta-feira";"09:00:00";"MG";381;482;"CONTAGEM";"Manobra de mudança de faixa";"Colisão lateral mesmo sentido";"Com Vítimas Feridas";"Pleno dia";"Decrescente";"Céu Claro";"Múltipla";"Reta";"Não";3;0;2;0;1;0;2;2;-19,9583525;-44,0679787;"SPRF-MG";"DEL01-MG";"UOP03-DEL01-MG"
567875;2023-12-15;"sexta-feira";"07:40:00";"RJ";101;301;"ITABORAI";"Avarias e/ou desgaste excessivo no pneu";"Queda de ocupante de veículo";"Com Vítimas Feridas";"Pleno dia";"Crescente";"Céu Claro";"Dupla";"Reta";"Sim";2;0;2;0;0;0;2;1;-22,77857497;-42,95745101;"SPRF-RJ";"DEL02-RJ";"UOP02-DEL02-RJ"
567876;2023-12-15;"sexta-feira";"09:00:00";"PR";369;180,4;"ARAPONGAS";"Mal súbito do condutor";"Colisão com objeto";"Com Vítimas Feridas";"Pleno dia";"Decrescente";"Céu Claro";"Dupla";"Reta";"Sim";1;0;1;0;0;0;1;1;-23,37088;-51,409632;"SPRF-PR";"DEL07-PR";"UOP03-DEL07-PR"
567878;2023-12-15;"sexta-feira";"08:25:00";"AL";104;82,5;"RIO LARGO";"Condutor deixou de manter distância do veículo da frente";"Colisão traseira";"Com Vítimas Feridas";"Pleno dia";"Crescente";"Sol";"Dupla";"Reta;Retorno Regulamentado";"Não";3;0;1;0;2;0;1;2;-9,4330621;-35,83709754;"SPRF-AL";"DEL01-AL";"UOP01-DEL01-AL"
567879;2023-12-15;"sexta-feira";"09:00:00";"RS";287;250;"SANTA MARIA";"Pedestre cruzava a pista fora da faixa";"Atropelamento de Pedestre";"Com Vítimas Fatais";"Pleno dia";"Crescente";"Céu Claro";"Múltipla";"Reta";"Sim";3;1;0;0;2;0;0;2;-29,69077137;-53,87064812;"SPRF-RS";"DEL09-RS";"UOP01-DEL09-RS"
567880;2023-12-15;"sexta-feira";"08:00:00";"PR";277;713;"SANTA TEREZINHA DE ITAIPU";"Ausência de reação do condutor";"Colisão traseira";"Com Vítimas Feridas";"Pleno dia";"Crescente";"Céu Claro";"Dupla";"Aclive;Reta";"Sim";7;0;1;0;6;0;1;3;-25,46144154;-54,44010119;"SPRF-PR";"DEL05-PR";"UOP01-DEL05-PR"
567882;2023-12-15;"sexta-feira";"09:25:00";"RS";386;337,6;"MARQUES DE SOUZA";"Condutor Dormindo";"Saída de leito carroçável";"Com Vítimas Feridas";"Pleno dia";"Crescente";"Sol";"Simples";"Curva;Aclive";"Não";5;0;2;2;1;0;4;1;-29,396667;-52,041908;"SPRF-RS";"DEL04-RS";"UOP01-DEL04-RS"
567883;2023-07-14;"sexta-feira";"07:18:00";"PR";369;203;"APUCARANA";"Pedestre andava na pista";"Atropelamento de Pedestre";"Com Vítimas Feridas";"Amanhecer";"Crescente";"Céu Claro";"Dupla";"Reta;Interseção de Vias";"Sim";2;0;0;1;0;1;1;2;-23,54777352;-51,45125985;"SPRF-PR";"DEL07-PR";"UOP03-DEL07-PR"
567884;2023-12-15;"sexta-feira";"09:20:00";"RN";101;97,8;"NATAL";"Condutor deixou de manter distância do veículo da frente";"Colisão traseira";"Sem Vítimas";"Pleno dia";"Decrescente";"Chuva";"Múltipla";"Reta";"Sim";6;0;0;0;6;0;0;3;-5,859124;-35,213477;"SPRF-RN";"DEL01-RN";"UOP01-DEL01-RN"
567885;2023-12-15;"sexta-feira";"07:10:00";"MS";163;612,3;"SAO GABRIEL DO OESTE";"Reação tardia ou ineficiente do condutor";"Engavetamento";"Com Vítimas Feridas";"Pleno dia";"Decrescente";"Céu Claro";"Simples";"Reta";"Não";5;0;2;0;3;0;2;3;-19,42060818;-54,54960119;"SPRF-MS";"DEL06-MS";"UOP02-DEL06-MS"
567887;2023-12-15;"sexta-feira";"09:15:00";"RS";392;21,5;"RIO GRANDE";"Acumulo de água sobre o pavimento";"Saída de leito carroçável";"Sem Vítimas";"Pleno dia";"Crescente";"Chuva";"Dupla";"Reta";"Não";2;0;0;0;2;0;0;2;-32,08769775;-52,20709106;"SPRF-RS";"DEL07-RS";"UOP02-DEL07-RS"
567888;2023-12-15;"sexta-feira";"09:50:00";"SC";101;200;"SAO JOSE";"Demais falhas mecânicas ou elétricas";"Colisão transversal";"Com Vítimas Feridas";"Pleno dia";"Crescente";"Céu Claro";"Dupla";"Reta";"Sim";3;0;2;0;1;0;2;2;-27,54018513;-48,62287714;"SPRF-SC";"DEL01-SC";"UOP01-DEL01-SC"
567889;2023-12-15;"sexta-feira";"09:00:00";"PR";116;115;"CURITIBA";"Reação tardia ou ineficiente do condutor";"Colisão lateral mesmo sentido";"Com Vítimas Feridas";"Pleno dia";"Decrescente";"Céu Claro";"Dupla";"Reta";"Não";2;0;1;0;1;0;1;2;-25,55953326;-49,26560414;"SPRF-PR";"DEL01-PR";"UOP07-DEL01-PR"
567893;2023-12-15;"sexta-feira";"10:30:00";"AL";104;93;"RIO LARGO";"Manobra de mudança de faixa";"Colisão lateral mesmo sentido";"Com Vítimas Feridas";"Pleno dia";"Crescente";"Nublado";"Dupla";"Reta";"Sim";2;0;1;0;0;1;1;2;-9,52891696;-35,79807693;"SPRF-AL";"DEL01-AL";"UOP01-DEL01-AL"
567894;2023-12-15;"sexta-feira";"09:47:00";"RS";290;699;"URUGUAIANA";"Ingestão de álcool pelo condutor";"Capotamento";"Com Vítimas Feridas";"Pleno dia";"Decrescente";"Chuva";"Simples";"Reta";"Não";1;0;0;1;0;0;1;1;-29,864939;-56,884193;"SPRF-RS";"DEL13-RS";"UOP01-DEL13-RS"
567895;2023-12-15;"sexta-feira";"10:30:00";"MG";381;492;"BETIM";"Condutor usando celular";"Colisão com objeto";"Com Vítimas Feridas";"Pleno dia";"Crescente";"Sol";"Múltipla";"Reta";"Sim";1;0;0;1;0;0;1;1;-19,95841439;-44,15303349;"SPRF-MG";"DEL01-MG";"UOP03-DEL01-MG"
567896;2023-12-15;"sexta-feira";"10:00:00";"BA";324;521;"FEIRA DE SANTANA";"Condutor deixou de manter distância do veículo da frente";"Engavetamento";"Com Vítimas Feridas";"Pleno dia";"Crescente";"Céu Claro";"Dupla";"Reta";"Sim";3;0;1;0;2;0;1;3;-12,27918591;-38,92645693;"SPRF-BA";"DEL01-BA";"UOP03-DEL01-BA"
567899;2023-12-15;"sexta-feira";"10:00:00";"RN";406;171;"SAO GONCALO DO AMARANTE";"Reação tardia ou ineficiente do condutor";"Colisão traseira";"Sem Vítimas";"Pleno dia";"Crescente";"Nublado";"Dupla";"Reta";"Sim";2;0;0;0;2;0;0;2;-5,76172663;-35,29115323;"SPRF-RN";"DEL02-RN";"UOP01-DEL02-RN"
567900;2023-12-15;"sexta-feira";"10:40:00";"PE";316;302;"FLORESTA";"Reação tardia ou ineficiente do condutor";"Saída de leito carroçável";"Com Vítimas Feridas";"Pleno dia";"Crescente";"Céu Claro";"Simples";"Curva";"Sim";4;0;3;0;1;0;3;1;-8,60666402;-38,587711;"SPRF-PE";"DEL04-PE";"UOP03-DEL04-PE"
567901;2023-12-15;"sexta-feira";"10:10:00";"RO";364;230;"CACOAL";"Pista esburacada";"Queda de ocupante de veículo";"Com Vítimas Feridas";"Pleno dia";"Crescente";"Céu Claro";"Simples";"Reta";"Não";1;0;0;1;0;0;1;1;-11,476321;-61,393789;"SPRF-RO";"DEL02-RO";"UOP02-DEL02-RO"
567902;2023-12-15;"sexta-feira";"09:40:00";"PR";373;181,1;"PONTA GROSSA";"Transitar na contramão";"Colisão transversal";"Com Vítimas Feridas";"Pleno dia";"Decrescente";"Céu Claro";"Dupla";"Reta";"Sim";5;0;1;0;4;0;1;2;-25,04266233;-50,25791089;"SPRF-PR";"DEL03-PR";"UOP01-DEL03-PR"
567904;2023-12-15;"sexta-feira";"11:00:00";"RN";101;94,4;"NATAL";"Reação tardia ou ineficiente do condutor";"Colisão traseira";"Com Vítimas Feridas";"Pleno dia";"Decrescente";"Chuva";"Múltipla";"Curva;Declive";"Sim";2;0;1;0;1;0;1;2;-5,83176615;-35,21191342;"SPRF-RN";"DEL01-RN";"UOP01-DEL01-RN"
567905;2023-11-24;"sexta-feira";"17:00:00";"PI";407;602;"ACAUA";"Conversão proibida";"Colisão frontal";"Com Vítimas Fatais";"Anoitecer";"Crescente";"Céu Claro";"Simples";"Reta";"Não";2;1;0;0;1;0;0;2;-8,35758719;-41,06942862;"SPRF-PI";"DEL04-PI";"UOP01-DEL04-PI"
567907;2023-12-15;"sexta-feira";"12:20:00";"SP";116;205;"GUARULHOS";"Condutor deixou de manter distância do veículo da frente";"Colisão lateral mesmo sentido";"Com Vítimas Feridas";"Pleno dia";"Crescente";"Céu Claro";"Dupla";"Reta;Declive";"Não";2;0;1;0;1;0;1;2;-23,41475243;-46,36600788;"SPRF-SP";"DEL01-SP";"UOP01-DEL01-SP"
567908;2023-12-15;"sexta-feira";"11:50:00";"SC";101;199,3;"SAO JOSE";"Reação tardia ou ineficiente do condutor";"Colisão traseira";"Com Vítimas Feridas";"Pleno dia";"Decrescente";"Céu Claro";"Dupla";"Reta";"Sim";3;0;2;0;1;0;2;2;-27,53413705;-48,63003205;"SPRF-SC";"DEL01-SC";"UOP01-DEL01-SC"
567909;2023-12-15;"sexta-feira";"11:50:00";"PR";376;125;"ALTO PARANA";"Manobra de mudança de faixa";"Saída de leito carroçável";"Com Vítimas Feridas";"Pleno dia";"Crescente";"Céu Claro";"Dupla";"Aclive;Reta";"Não";1;0;1;0;0;0;1;1;-23,147023;-52,277805;"SPRF-PR";"DEL09-PR";"UOP02-DEL09-PR"
567910;2023-12-15;"sexta-feira";"09:20:00";"RJ";101;529,5;"ANGRA DOS REIS";"Reação tardia ou ineficiente do condutor";"Colisão com objeto";"Com Vítimas Feridas";"Pleno dia";"Crescente";"Sol";"Simples";"Curva";"Não";1;0;1;0;0;0;1;1;-23,02483585;-44,50876994;"SPRF-RJ";"DEL03-RJ";"UOP03-DEL03-RJ"
567913;2023-12-15;"sexta-feira";"12:06:00";"ES";101;255,3;"SERRA";"Desrespeitar a preferência no cruzamento";"Colisão transversal";"Com Vítimas Feridas";"Pleno dia";"Decrescente";"Sol";"Múltipla";"Interseção de Vias";"Sim";2;0;0;1;1;0;1;2;-20,117261;-40,3148001;"SPRF-ES";"DEL02-ES";"UOP01-DEL02-ES"
567914;2023-12-12;"terça-feira";"14:15:00";"BA";116;414;"FEIRA DE SANTANA";"Acessar a via sem observar a presença dos outros veículos";"Colisão transversal";"Com Vítimas Feridas";"Pleno dia";"Crescente";"Sol";"Dupla";"Reta";"Não";2;0;1;0;0;1;1;2;-12,15091699;-38,96471948;"SPRF-BA";"DEL02-BA";"UOP01-DEL02-BA"
567915;2023-12-15;"sexta-feira";"12:20:00";"SC";101;48,9;"JOINVILLE";"Reação tardia ou ineficiente do condutor";"Colisão traseira";"Com Vítimas Feridas";"Pleno dia";"Crescente";"Céu Claro";"Dupla";"Curva";"Não";3;0;2;0;1;0;2;2;-26,38211838;-48,85161996;"SPRF-SC";"DEL03-SC";"UOP01-DEL03-SC"
567916;2023-12-15;"sexta-feira";"11:13:00";"RS";290;693;"URUGUAIANA";"Chuva";"Queda de ocupante de veículo";"Com Vítimas Feridas";"Pleno dia";"Crescente";"Chuva";"Simples";"Reta";"Não";1;0;1;0;0;0;1;1;-29,873632;-56,823204;"SPRF-RS";"DEL13-RS";"UOP01-DEL13-RS"