"id";"data_inversa";"dia_semana";"horario";"uf";"br";"km";"municipio";"causa_acidente";"tipo_acidente";"classificacao_acidente";"fase_dia";"sentido_via";"condicao_metereologica";"tipo_pista";"tracado_via";"uso_solo";"pessoas";"mortos";"feridos_leves";"feridos_graves";"ilesos";"ignorados";"feridos";"veiculos";"latitude";"longitude";"regional";"delegacia";"uop"
567918;2023-12-15;"sexta-feira";"12:15:00";"PR";376;175;"MARINGA";"Manobra de mudança de faixa";"Colisão lateral mesmo sentido";"Com Vítimas Feridas";"Pleno dia";"Crescente";"Céu Claro";"Múltipla";"Reta;Interseção de Vias";"Sim";3;0;1;0;2;0;1;2;-23,4113569;-51,9407767;"SPRF-PR";"DEL09-PR";"UOP01-DEL09-PR"
567919;2023-12-15;"sexta-feira";"13:35:00";"SP";116;215;"GUARULHOS";"Ausência de reação do condutor";"Colisão lateral mesmo sentido";"Com Vítimas Feridas";"Pleno dia";"Decrescente";"Sol";"Múltipla";"Reta";"Sim";2;0;1;0;1;0;1;2;-23,44695693;-46,45394103;"SPRF-SP";"DEL01-SP";"UOP01-DEL01-SP"
567920;2023-12-15;"sexta-feira";"12:05:00";"MA";10;257;"IMPERATRIZ";"Acessar a via sem observar a presença dos outros veículos";"Colisão transversal";"Com Vítimas Feridas";"Pleno dia";"Decrescente";"Nublado";"Simples";"Reta";"Sim";2;0;1;1;0;0;2;2;-5,490634;-47,471973;"SPRF-MA";"DEL04-MA";"UOP01-DEL04-MA"
567921;2023-12-15;"sexta-feira";"13:40:00";"SC";101;49;"JOINVILLE";"Reação tardia ou ineficiente do condutor";"Colisão traseira";"Com Vítimas Feridas";"Pleno dia";"Crescente";"Sol";"Dupla";"Reta";"Não";4;0;3;0;1;0;3;2;-26,3812975;-48,85160923;"SPRF-SC";"DEL03-SC";"UOP01-DEL03-SC"
567922;2023-12-15;"sexta-feira";"06:55:00";"PR";277;580,9;"CASCAVEL";"Trafegar com motocicleta (ou similar) entre as faixas";"Colisão traseira";"Com Vítimas Feridas";"Pleno dia";"Decrescente";"Céu Claro";"Dupla";"Reta";"Não";2;0;1;0;1;0;1;2;-24,98125391;-53,37799788;"SPRF-PR";"DEL04-PR";"UOP01-DEL04-PR"
567924;2023-12-15;"sexta-feira";"12:45:00";"RS";470;161;"NOVA PRATA";"Reação tardia ou ineficiente do condutor";"Colisão traseira";"Com Vítimas Feridas";"Pleno dia";"Crescente";"Céu Claro";"Simples";"Reta";"Não";2;0;1;0;1;0;1;2;-28,82096715;-51,5889591;"SPRF-RS";"DEL06-RS";"UOP02-DEL06-RS"
567928;2023-12-15;"sexta-feira";"13:13:00";"TO";10;459;"PALMAS";"Acessar a via sem observar a presença dos outros veículos";"Colisão frontal";"Com Vítimas Feridas";"Pleno dia";"Crescente";"Sol";"Dupla";"Retorno Regulamentado;Reta";"Não";5;0;0;2;3;0;2;2;-10,26853526;-48,30655217;"SPRF-TO";"DEL01-TO";"UOP03-DEL01-TO"
567929;2023-12-15;"sexta-feira";"13:44:00";"RJ";101;205;"CASIMIRO DE ABREU";"Reação tardia ou ineficiente do condutor";"Colisão transversal";"Com Vítimas Feridas";"Pleno dia";"Crescente";"Céu Claro";"Simples";"Reta";"Sim";2;0;1;0;1;0;1;2;-22,475714;-42,19184;"SPRF-RJ";"DEL08-RJ";"UOP04-DEL08-RJ"
567930;2023-12-15;"sexta-feira";"13:50:00";"MA";10;257;"IMPERATRIZ";"Acessar a via sem observar a presença dos outros veículos";"Colisão transversal";"Com Vítimas Feridas";"Pleno dia";"Decrescente";"Céu Claro";"Múltipla";"Reta";"Sim";3;0;0;2;1;0;2;3;-5,490634;-47,471973;"SPRF-MA";"DEL04-MA";"UOP01-DEL04-MA"
567939;2023-12-15;"sexta-feira";"10:30:00";"BA";407;158,5;"FILADELFIA";"Frear bruscamente";"Colisão traseira";"Com Vítimas Feridas";"Pleno dia";"Crescente";"Céu Claro";"Simples";"Reta";"Não";2;0;0;1;1;0;1;2;-10,73148997;-40,12223333;"SPRF-BA";"DEL04-BA";"UOP01-DEL04-BA"
567940;2023-12-15;"sexta-feira";"14:00:00";"BA";116;513;"FEIRA DE SANTANA";"Conversão proibida";"Colisão transversal";"Com Vítimas Feridas";"Pleno dia";"Crescente";"Céu Claro";"Simples";"Reta";"Sim";2;0;1;0;1;0;1;2;-12,23187795;-38,95560091;"SPRF-BA";"DEL03-BA";"UOP02-DEL03-BA"
567941;2023-12-15;"sexta-feira";"11:45:00";"MS";376;52;"GLORIA DE DOURADOS";"Ausência de reação do condutor";"Colisão traseira";"Sem Vítimas";"Pleno dia";"Crescente";"Céu Claro";"Simples";"Em Obras;Reta";"Não";3;0;0;0;3;0;0;2;-22,4599607677;-54,3102203376;"SPRF-MS";"DEL04-MS";"UOP01-DEL04-MS"
567942;2023-12-15;"sexta-feira";"13:50:00";"BA";324;626;"SALVADOR";"Demais falhas mecânicas ou elétricas";"Queda de ocupante de veículo";"Com Vítimas Feridas";"Pleno dia";"Crescente";"Céu Claro";"Dupla";"Curva";"Sim";2;0;2;0;0;0;2;1;-12,95020997;-38,47073108;"SPRF-BA";"DEL01-BA";"UOP01-DEL01-BA"
567943;2023-12-15;"sexta-feira";"12:55:00";"GO";414;439;"ANAPOLIS";"Transitar na contramão";"Colisão lateral sentido oposto";"Com Vítimas Feridas";"Pleno dia";"Crescente";"Céu Claro";"Simples";"Reta";"Sim";7;0;2;0;5;0;2;4;-16,28128823;-48,94258908;"SPRF-GO";"DEL02-GO";"UOP01-DEL02-GO"
567946;2023-12-15;"sexta-feira";"14:30:00";"MT";158;645;"NOVA XAVANTINA";"Reação tardia ou ineficiente do condutor";"Colisão lateral mesmo sentido";"Com Vítimas Fatais";"Pleno dia";"Decrescente";"Céu Claro";"Simples";"Reta;Interseção de Vias";"Não";4;1;3;0;0;0;3;2;-14,606235;-52,358883;"SPRF-MT";"DEL07-MT";"UOP02-DEL07-MT"
567947;2023-12-15;"sexta-feira";"13:30:00";"SC";101;436,1;"SOMBRIO";"Acessar a via sem observar a presença dos outros veículos";"Colisão lateral mesmo sentido";"Com Vítimas Feridas";"Pleno dia";"Crescente";"Céu Claro";"Dupla";"Reta";"Não";2;0;1;0;1;0;1;2;-29,10817487;-49,63739835;"SPRF-SC";"DEL02-SC";"UOP02-DEL02-SC"
567949;2023-12-15;"sexta-feira";"13:35:00";"MS";267;479;"GUIA LOPES DA LAGUNA";"Acessar a via sem observar a presença dos outros veículos";"Colisão transversal";"Com Vítimas Feridas";"Pleno dia";"Crescente";"Céu Claro";"Dupla";"Retorno Regulamentado;Reta";"Não";2;0;1;0;1;0;1;2;-21,46483797;-56,12860105;"SPRF-MS";"DEL05-MS";"UOP01-DEL05-MS"
567950;2023-12-15;"sexta-feira";"14:40:00";"PE";101;39;"IGARASSU";"Acesso irregular";"Colisão transversal";"Com Vítimas Feridas";"Pleno dia";"Decrescente";"Céu Claro";"Dupla";"Reta";"Sim";3;0;1;2;0;0;3;2;-7,81259899;-34,91890497;"SPRF-PE";"DEL01-PE";"UOP02-DEL01-PE"
567951;2023-09-27;"quarta-feira";"18:35:00";"GO";153;493;"GOIANIA";"Entrada inopinada do pedestre";"Queda de ocupante de veículo";"Com Vítimas Feridas";"Plena Noite";"Crescente";"Chuva";"Dupla";"Reta";"Não";2;0;0;2;0;0;2;2;-16,64443606;-49,21018839;"SPRF-GO";"DEL01-GO";"UOP01-DEL01-GO"
567954;2023-12-15;"sexta-feira";"15:00:00";"RS";116;243;"SAO LEOPOLDO";"Ausência de reação do condutor";"Colisão traseira";"Com Vítimas Feridas";"Pleno dia";"Crescente";"Céu Claro";"Dupla";"Reta";"Sim";2;0;1;0;1;0;1;2;-29,72745215;-51,14916801;"SPRF-RS";"DEL01-RS";"UOP02-DEL01-RS"
567955;2023-12-15;"sexta-feira";"14:20:00";"CE";116;46;"PACAJUS";"Ausência de reação do condutor";"Tombamento";"Com Vítimas Feridas";"Pleno dia";"Crescente";"Céu Claro";"Dupla";"Reta";"Sim";2;0;2;0;0;0;2;1;-4,14770874;-38,47797623;"SPRF-CE";"DEL01-CE";"UOP02-DEL01-CE"
567957;2023-12-15;"sexta-feira";"15:10:00";"SC";116;1,2;"MAFRA";"Manobra de mudança de faixa";"Colisão lateral mesmo sentido";"Com Vítimas Feridas";"Pleno dia";"Decrescente";"Céu Claro";"Simples";"Rotatória";"Sim";2;0;1;0;1;0;1;2;-26,1170929;-49,78694917;"SPRF-SC";"DEL06-SC";"UOP01-DEL06-SC"
567958;2023-12-15;"sexta-feira";"14:30:00";"MG";40;628;"CONSELHEIRO LAFAIETE";"Acesso irregular";"Colisão transversal";"Com Vítimas Feridas";"Pleno dia";"Crescente";"Céu Claro";"Simples";"Reta";"Sim";2;0;1;0;1;0;1;2;-20,64410984;-43,81128176;"SPRF-MG";"DEL05-MG";"UOP02-DEL05-MG"
567959;2023-12-15;"sexta-feira";"15:45:00";"SP";116;217;"GUARULHOS";"Manobra de mudança de faixa";"Engavetamento";"Com Vítimas Feridas";"Pleno dia";"Crescente";"Céu Claro";"Múltipla";"Reta";"Não";3;0;1;0;2;0;1;3;-23,45423824;-46,47119028;"SPRF-SP";"DEL01-SP";"UOP01-DEL01-SP"
567960;2023-12-15;"sexta-feira";"01:00:00";"PI";230;198;"OEIRAS";"Ausência de reação do condutor";"Colisão com objeto";"Com Vítimas Feridas";"Plena Noite";"Crescente";"Céu Claro";"Simples";"Reta;Ponte";"Sim";1;0;1;0;0;0;1;1;-7,013799;-42,135582;"SPRF-PI";"DEL04-PI";"UOP01-DEL04-PI"
567961;2023-12-15;"sexta-feira";"15:15:00";"PA";316;22;"BENEVIDES";"Acessar a via sem observar a presença dos outros veículos";"Colisão transversal";"Com Vítimas Feridas";"Pleno dia";"Decrescente";"Nublado";"Dupla";"Reta";"Sim";2;0;1;0;1;0;1;2;-1,3534463;-48,2570266;"SPRF-PA";"DEL01-PA";"UOP01-DEL01-PA"
567964;2023-12-15;"sexta-feira";"14:45:00";"RS";158;510;"SANTANA DO LIVRAMENTO";"Acumulo de água sobre o pavimento";"Saída de leito carroçável";"Com Vítimas Feridas";"Pleno dia";"Decrescente";"Chuva";"Simples";"Curva;Declive";"Não";4;0;2;0;2;0;2;1;-30,60810106;-55,09715386;"SPRF-RS";"DEL11-RS";"UOP01-DEL11-RS"
567972;2023-12-15;"sexta-feira";"08:00:00";"GO";80;132;"BARRO ALTO";"Velocidade Incompatível";"Colisão traseira";"Com Vítimas Feridas";"Pleno dia";"Decrescente";"Céu Claro";"Simples";"Retorno Regulamentado";"Sim";2;0;1;0;0;1;1;2;-14,982776;-48,927203;"SPRF-GO";"DEL07-GO";"UOP02-DEL07-GO"
567974;2023-12-15;"sexta-feira";"15:50:00";"PE";232;7;"RECIFE";"Acessar a via sem observar a presença dos outros veículos";"Colisão lateral mesmo sentido";"Com Vítimas Feridas";"Pleno dia";"Decrescente";"Céu Claro";"Múltipla";"Retorno Regulamentado";"Sim";2;0;1;0;1;0;1;2;-8,07333497;-34,96184301;"SPRF-PE";"DEL01-PE";"UOP01-DEL01-PE"
567975;2023-11-18;"sábado";"18:46:00";"PE";232;120;"CARUARU";"Entrada inopinada do pedestre";"Atropelamento de Pedestre";"Com Vítimas Fatais";"Plena Noite";"Decrescente";"Céu Claro";"Dupla";"Reta;Declive";"Não";3;1;0;0;2;0;0;2;-8,29826697;-35,90192301;"SPRF-PE";"DEL02-PE";"UOP01-DEL02-PE"
567976;2023-12-15;"sexta-feira";"16:30:00";"RS";290;74,8;"GRAVATAI";"Acumulo de areia ou detritos sobre o pavimento";"Tombamento";"Com Vítimas Feridas";"Pleno dia";"Decrescente";"Nublado";"Dupla";"Curva;Declive";"Não";2;0;2;0;0;0;2;1;-29,953354;-50,996696;"SPRF-RS";"DEL01-RS";"UOP01-DEL01-RS"
567977;2023-12-15;"sexta-feira";"16:00:00";"RJ";465;13;"SEROPEDICA";"Reação tardia ou ineficiente do condutor";"Colisão frontal";"Sem Vítimas";"Pleno dia";"Crescente";"Céu Claro";"Simples";"Reta";"Sim";2;0;0;0;1;1;0;2;-22,798468;-43,645508;"SPRF-RJ";"DEL06-RJ";"UOP02-DEL06-RJ"
567978;2023-12-15;"sexta-feira";"16:45:00";"PR";369;172;"ROLANDIA";"Acessar a via sem observar a presença dos outros veículos";"Colisão transversal";"Com Vítimas Feridas";"Pleno dia";"Crescente";"Céu Claro";"Simples";"Reta";"Sim";2;0;1;0;1;0;1;2;-23,30656878;-51,36450112;"SPRF-PR";"DEL07-PR";"UOP01-DEL07-PR"
567986;2023-12-12;"terça-feira";"07:30:00";"RJ";40;122;"DUQUE DE CAXIAS";"Trafegar com motocicleta (ou similar) entre as faixas";"Colisão lateral mesmo sentido";"Com Vítimas Feridas";"Pleno dia";"Crescente";"Céu Claro";"Múltipla";"Reta";"Sim";2;0;1;0;1;0;1;2;-22,79083113;-43,28611569;"SPRF-RJ";"DEL01-RJ";"UOP02-DEL01-RJ"
567987;2023-12-15;"sexta-feira";"16:40:00";"GO";153;66;"PORANGATU";"Transitar na contramão";"Colisão frontal";"Com Vítimas Feridas";"Pleno dia";"Decrescente";"Céu Claro";"Simples";"Aclive;Reta";"Não";2;0;1;0;1;0;1;2;-13,408732;-49,131546;"SPRF-GO";"DEL07-GO";"UOP01-DEL07-GO"
567988;2023-12-15;"sexta-feira";"12:50:00";"GO";153;430;"ANAPOLIS";"Reação tardia ou ineficiente do condutor";"Colisão com objeto";"Com Vítimas Feridas";"Pleno dia";"Crescente";"Céu Claro";"Dupla";"Curva;Declive";"Sim";1;0;1;0;0;0;1;1;-16,25157;-48,99474;"SPRF-GO";"DEL02-GO";"UOP01-DEL02-GO"
567989;2023-12-15;"sexta-feira";"16:40:00";"MG";381;932;"EXTREMA";"Reação tardia ou ineficiente do condutor";"Tombamento";"Com Vítimas Feridas";"Pleno dia";"Crescente";"Céu Claro";"Dupla";"Curva";"Não";2;0;1;0;0;1;1;2;-22,81198015;-46,28431295;"SPRF-MG";"DEL16-MG";"UOP03-DEL16-MG"
567990;2023-12-15;"sexta-feira";"17:20:00";"PE";101;86,8;"JABOATAO DOS GUARARAPES";"Ultrapassagem Indevida";"Colisão lateral mesmo sentido";"Com Vítimas Feridas";"Anoitecer";"Decrescente";"Céu Claro";"Dupla";"Reta";"Não";1;0;1;0;0;0;1;1;-8,18470013;-34,96816895;"SPRF-PE";"DEL01-PE";"UOP01-DEL01-PE"
567991;2023-12-15;"sexta-feira";"17:15:00";"PB";230;137,3;"MASSARANDUBA";"Chuva";"Saída de leito carroçável";"Com Vítimas Feridas";"Anoitecer";"Crescente";"Chuva";"Dupla";"Curva";"Não";2;0;1;0;1;0;1;1;-7,2766;-35,7739;"SPRF-PB";"DEL02-PB";"UOP01-DEL02-PB"
567992;2023-12-15;"sexta-feira";"16:40:00";"MG";251;521;"MONTES CLAROS";"Condutor deixou de manter distância do veículo da frente";"Colisão traseira";"Com Vítimas Feridas";"Pleno dia";"Crescente";"Céu Claro";"Simples";"Curva;Aclive";"Não";3;0;1;0;2;0;1;2;-16,67039297;-43,79223002;"SPRF-MG";"DEL12-MG";"UOP01-DEL12-MG"
567993;2023-12-15;"sexta-feira";"16:10:00";"MG";40;559;"NOVA LIMA";"Velocidade Incompatível";"Saída de leito carroçável";"Com Vítimas Fatais";"Pleno dia";"Decrescente";"Céu Claro";"Dupla";"Reta";"Sim";3;2;0;1;0;0;1;1;-20,11861708;-43,96783926;"SPRF-MG";"DEL01-MG";"UOP02-DEL01-MG"
567994;2023-12-15;"sexta-feira";"18:05:00";"ES";101;269;"SERRA";"Ausência de reação do condutor";"Colisão traseira";"Com Vítimas Feridas";"Anoitecer";"Crescente";"Céu Claro";"Múltipla";"Reta";"Sim";3;0;2;0;1;0;2;3;-20,21740496;-40,26990578;"SPRF-ES";"DEL02-ES";"UOP01-DEL02-ES"
567995;2023-12-15;"sexta-feira";"17:30:00";"SC";101;148;"ITAPEMA";"Reação tardia ou ineficiente do condutor";"Colisão lateral mesmo sentido";"Com Vítimas Feridas";"Pleno dia";"Decrescente";"Sol";"Múltipla";"Reta";"Sim";2;0;1;0;1;0;1;2;-27,10123686;-48,61807962;"SPRF-SC";"DEL04-SC";"UOP03-DEL04-SC"
567997;2023-12-15;"sexta-feira";"18:10:00";"DF";70;8;"BRASILIA";"Manobra de mudança de faixa";"Colisão traseira";"Com Vítimas Feridas";"Anoitecer";"Crescente";"Céu Claro";"Dupla";"Reta";"Sim";2;0;1;0;1;0;1;2;-15,784966;-48,122108;"SPRF-DF";"DEL03-DF";"UOP02-DEL03-DF"
567998;2023-12-15;"sexta-feira";"17:45:00";"SC";101;213;"PALHOCA";"Trafegar com motocicleta (ou similar) entre as faixas";"Colisão lateral mesmo sentido";"Com Vítimas Feridas";"Pleno dia";"Crescente";"Nublado";"Dupla";"Reta";"Sim";2;0;1;0;1;0;1;2;-27,6369736933;-48,6651414195;"SPRF-SC";"DEL01-SC";"UOP02-DEL01-SC"
568000;2023-12-15;"sexta-feira";"16:20:00";"MG";381;492;"BETIM";"Reação tardia ou ineficiente do condutor";"Colisão traseira";"Com Vítimas Feridas";"Pleno dia";"Decrescente";"Céu Claro";"Múltipla";"Reta";"Sim";2;0;1;0;0;1;1;2;-19,97490091;-44,19004301;"SPRF-MG";"DEL01-MG";"UOP03-DEL01-MG"
568002;2023-12-15;"sexta-feira";"15:55:00";"MA";135;258;"CAPINZAL DO NORTE";"Condutor deixou de manter distância do veículo da frente";"Colisão lateral mesmo sentido";"Sem Vítimas";"Pleno dia";"Decrescente";"Céu Claro";"Simples";"Reta";"Sim";3;0;0;0;3;0;0;2;-4,64012389;-44,33562862;"SPRF-MA";"DEL03-MA";"UOP01-DEL03-MA"
568003;2023-12-15;"sexta-feira";"17:40:00";"PR";277;110,4;"CAMPO LARGO";"Ausência de reação do condutor";"Colisão lateral mesmo sentido";"Com Vítimas Feridas";"Pleno dia";"Crescente";"Céu Claro";"Dupla";"Reta";"Não";2;0;0;1;1;0;1;2;-25,443403;-49,463443;"SPRF-PR";"DEL03-PR";"UOP03-DEL03-PR"
568004;2023-12-15;"sexta-feira";"17:30:00";"PR";116;111;"CURITIBA";"Trafegar com motocicleta (ou similar) entre as faixas";"Tombamento";"Com Vítimas Feridas";"Anoitecer";"Crescente";"Céu Claro";"Dupla";"Reta";"Sim";2;0;0;1;0;1;1;2;-25,56885181;-49,22724597;"SPRF-PR";"DEL01-PR";"UOP07-DEL01-PR"
568005;2023-12-15;"sexta-feira";"18:00:00";"SE";235;57;"ITABAIANA";"Trafegar com motocicleta (ou similar) entre as faixas";"Colisão traseira";"Com Vítimas Feridas";"Anoitecer";"Crescente";"Nublado";"Simples";"Reta;Declive";"Sim";3;0;0;1;2;0;1;2;-10,650009;-37,451248;"SPRF-SE";"DEL01-SE";"UOP02-DEL01-SE"
568007;2023-12-15;"sexta-feira";"18:25:00";"SC";282;530;"CORDILHEIRA ALTA";"Acessar a via sem observar a presença dos outros veículos";"Colisão transversal";"Com Vítimas Feridas";"Pleno dia";"Decrescente";"Céu Claro";"Simples";"Curva;Aclive";"Não";2;0;0;1;1;0;1;2;-26,986555;-52,60524;"SPRF-SC";"DEL07-SC";"UOP01-DEL07-SC"
568008;2023-12-15;"sexta-feira";"17:30:00";"SP";116;270;"TABOAO DA SERRA";"Trafegar com motocicleta (ou similar) entre as faixas";"Colisão lateral mesmo sentido";"Com Vítimas Feridas";"Pleno dia";"Decrescente";"Céu Claro";"Dupla";"Reta";"Sim";2;0;1;0;1;0;1;2;-23,61799728;-46,79677694;"SPRF-SP";"DEL04-SP";"UOP01-DEL04-SP"
568009;2023-12-15;"sexta-feira";"10:20:00";"MG";365;709;"MONTE ALEGRE DE MINAS";"Demais falhas mecânicas ou elétricas";"Incêndio";"Sem Vítimas";"Pleno dia";"Decrescente";"Céu Claro";"Simples";"Aclive";"Não";1;0;0;0;1;0;0;1;-18,879145;-49,083049;"SPRF-MG";"DEL15-MG";"UOP03-DEL15-MG"
568010;2023-12-15;"sexta-feira";"18:30:00";"RS";290;91;"PORTO ALEGRE";"Condutor deixou de manter distância do veículo da frente";"Colisão traseira";"Com Vítimas Feridas";"Anoitecer";"Decrescente";"Nublado";"Múltipla";"Reta";"Não";2;0;1;0;1;0;1;2;-29,97055003;-51,17165565;"SPRF-RS";"DEL01-RS";"UOP01-DEL01-RS"
568014;2023-12-15;"sexta-feira";"14:00:00";"RJ";101;591,8;"PARATY";"Ausência de reação do condutor";"Colisão traseira";"Sem Vítimas";"Pleno dia";"Crescente";"Céu Claro";"Simples";"Reta";"Não";2;0;0;0;2;0;0;2;-23,31079094;-44,71658005;"SPRF-RJ";"DEL03-RJ";"UOP04-DEL03-RJ"
568016;2023-12-15;"sexta-feira";"18:30:00";"MG";40;574,9;"ITABIRITO";"Ausência de reação do condutor";"Colisão frontal";"Com Vítimas Feridas";"Anoitecer";"Decrescente";"Céu Claro";"Simples";"Reta";"Sim";2;0;1;1;0;0;2;2;-20,24791897;-43,96366791;"SPRF-MG";"DEL01-MG";"UOP02-DEL01-MG"
568017;2023-12-15;"sexta-feira";"17:30:00";"MT";163;743,5;"SORRISO";"Mal súbito do condutor";"Colisão traseira";"Com Vítimas Feridas";"Pleno dia";"Crescente";"Céu Claro";"Simples";"Reta";"Não";4;0;1;0;3;0;1;2;-12,619315;-55,764858;"SPRF-MT";"DEL06-MT";"UOP01-DEL06-MT"
568019;2023-12-15;"sexta-feira";"19:00:00";"PR";369;133;"IBIPORA";"Ausência de reação do condutor";"Tombamento";"Com Vítimas Feridas";"Plena Noite";"Crescente";"Céu Claro";"Dupla";"Reta";"Não";2;0;1;0;1;0;1;1;-23,260296;-51,009506;"SPRF-PR";"DEL07-PR";"UOP01-DEL07-PR"
568022;2023-12-15;"sexta-feira";"16:20:00";"SP";116;390;"MIRACATU";"Reação tardia ou ineficiente do condutor";"Engavetamento";"Com Vítimas Feridas";"Anoitecer";"Decrescente";"Céu Claro";"Dupla";"Reta";"Não";4;0;1;0;3;0;1;4;-24,27643929;-47,41504088;"SPRF-SP";"DEL04-SP";"UOP02-DEL04-SP"
568024;2023-12-15;"sexta-feira";"18:40:00";"RJ";465;21;"NOVA IGUACU";"Reação tardia ou ineficiente do condutor";"Colisão transversal";"Com Vítimas Feridas";"Plena Noite";"Decrescente";"Céu Claro";"Simples";"Reta";"Sim";3;0;1;0;2;0;1;2;-22,854782;-43,601933;"SPRF-RJ";"DEL06-RJ";"UOP02-DEL06-RJ"
568025;2023-12-15;"sexta-feira";"16:40:00";"MT";70;730;"CACERES";"Acessar a via sem observar a presença dos outros veículos";"Colisão transversal";"Com Vítimas Feridas";"Pleno dia";"Crescente";"Céu Claro";"Simples";"Reta;Interseção de Vias";"Sim";2;0;0;1;1;0;1;2;-16,15478485;-57,61815581;"SPRF-MT";"DEL03-MT";"UOP01-DEL03-MT"
568027;2023-12-15;"sexta-feira";"18:50:00";"RS";386;367,5;"FAZENDA VILANOVA";"Chuva";"Saída de leito carroçável";"Sem Vítimas";"Plena Noite";"Crescente";"Chuva";"Dupla";"Reta;Rotatória;Retorno Regulamentado";"Não";1;0;0;0;0;1;0;1;-29,575304;-51,846645;"SPRF-RS";"DEL04-RS";"UOP01-DEL04-RS"
568028;2023-12-15;"sexta-feira";"15:58:00";"PE";232;7;"RECIFE";"Reação tardia ou ineficiente do condutor";"Colisão traseira";"Sem Vítimas";"Anoitecer";"Crescente";"Céu Claro";"Múltipla";"Reta";"Não";1;0;0;0;1;0;0;1;-8,07575267;-34,96965945;"SPRF-PE";"DEL01-PE";"UOP01-DEL01-PE"
568029;2023-12-15;"sexta-feira";"15:00:00";"MG";262;402;"PARA DE MINAS";"Ausência de reação do condutor";"Saída de leito carroçável";"Com Vítimas Feridas";"Pleno dia";"Decrescente";"Sol";"Dupla";"Reta";"Não";2;0;1;1;0;0;2;1;-19,89743381;-44,56208695;"SPRF-MG";"DEL01-MG";"UOP03-DEL01-MG"
568030;2023-12-15;"sexta-feira";"19:00:00";"SP";381;3;"VARGEM";"Condutor Dormindo";"Saída de leito carroçável";"Sem Vítimas";"Plena Noite";"Decrescente";"Céu Claro";"Múltipla";"Reta;Declive";"Não";4;0;0;0;4;0;0;2;-22,87841483;-46,39917107;"SPRF-SP";"DEL03-SP";"UOP02-DEL03-SP"
568034;2023-12-15;"sexta-feira";"18:20:00";"RS";116;203;"PICADA CAFE";"Ultrapassagem Indevida";"Colisão frontal";"Com Vítimas Feridas";"Anoitecer";"Crescente";"Chuva";"Simples";"Curva";"Não";7;0;2;0;5;0;2;2;-29,49113279;-51,14998489;"SPRF-RS";"DEL05-RS";"UOP02-DEL05-RS"
568035;2023-12-15;"sexta-feira";"19:25:00";"SC";282;205,9;"SAO JOSE";"Trafegar com motocicleta (ou similar) entre as faixas";"Colisão traseira";"Com Vítimas Feridas";"Plena Noite";"Crescente";"Céu Claro";"Dupla";"Reta";"Sim";4;0;1;0;3;0;1;4;-27,59024585;-48,6176222;"SPRF-SC";"DEL05-SC";"UOP01-DEL05-SC"
568036;2023-12-15;"sexta-feira";"18:15:00";"MT";70;280;"PRIMAVERA DO LESTE";"Condutor deixou de manter distância do veículo da frente";"Colisão traseira";"Com Vítimas Feridas";"Plena Noite";"Crescente";"Céu Claro";"Simples";"Reta";"Sim";3;0;1;0;1;1;1;3;-15,5628096;-54,2970162;"SPRF-MT";"DEL05-MT";"UOP01-DEL05-MT"
568037;2023-12-15;"sexta-feira";"19:30:00";"BA";116;827,3;"VITORIA DA CONQUISTA";"Acessar a via sem observar a presença dos outros veículos";"Colisão transversal";"Com Vítimas Feridas";"Plena Noite";"Crescente";"Nublado";"Simples";"Interseção de Vias;Reta";"Sim";2;0;1;0;1;0;1;2;-14,888482;-40,86087;"SPRF-BA";"DEL08-BA";"UOP01-DEL08-BA"
568038;2023-12-15;"sexta-feira";"19:40:00";"ES";101;266,2;"SERRA";"Condutor desrespeitou a iluminação vermelha do semáforo";"Colisão transversal";"Com Vítimas Feridas";"Plena Noite";"Decrescente";"Céu Claro";"Múltipla";"Interseção de Vias";"Sim";3;0;1;1;0;1;2;3;-20,1935157;-40,2685266;"SPRF-ES";"DEL02-ES";"UOP01-DEL02-ES"
568039;2023-12-15;"sexta-feira";"18:30:00";"SC";101;115;"ITAJAI";"Reação tardia ou ineficiente do condutor";"Colisão traseira";"Com Vítimas Feridas";"Plena Noite";"Crescente";"Céu Claro";"Dupla";"Reta";"Sim";2;0;0;1;1;0;1;2;-26,87064015;-48,72954134;"SPRF-SC";"DEL04-SC";"UOP04-DEL04-SC"
568040;2023-12-15;"sexta-feira";"18:50:00";"RO";364;230,3;"CACOAL";"Pista esburacada";"Tombamento";"Com Vítimas Feridas";"Anoitecer";"Crescente";"Céu Claro";"Simples";"Reta";"Não";1;0;0;1;0;0;1;1;-11,476318;-61,393788;"SPRF-RO";"DEL02-RO";"UOP02-DEL02-RO"
568041;2023-12-15;"sexta-feira";"18:10:00";"PR";153;32,1;"SANTO ANTONIO DA PLATINA";"Condutor deixou de manter distância do veículo da frente";"Colisão traseira";"Com Vítimas Feridas";"Pleno dia";"Decrescente";"Céu Claro";"Simples";"Aclive;Reta";"Não";2;0;1;0;1;0;1;2;-23,22711873;-50,02866715;"SPRF-PR";"DEL07-PR";"UOP04-DEL07-PR"
568043;2023-12-15;"sexta-feira";"19:30:00";"PR";376;166,6;"MARINGA";"Velocidade Incompatível";"Tombamento";"Com Vítimas Feridas";"Plena Noite";"Decrescente";"Céu Claro";"Dupla";"Reta;Declive";"Não";1;0;0;1;0;0;1;1;-23,39663206;-52,00514304;"SPRF-PR";"DEL09-PR";"UOP01-DEL09-PR"