"id";"data_inversa";"dia_semana";"horario";"uf";"br";"km";"municipio";"causa_acidente";"tipo_acidente";"classificacao_acidente";"fase_dia";"sentido_via";"condicao_metereologica";"tipo_pista";"tracado_via";"uso_solo";"pessoas";"mortos";"feridos_leves";"feridos_graves";"ilesos";"ignorados";"feridos";"veiculos";"latitude";"longitude";"regional";"delegacia";"uop"
568044;2023-12-15;"sexta-feira";"18:40:00";"PI";316;16,5;"TERESINA";"Ausência de reação do condutor";"Saída de leito carroçável";"Com Vítimas Feridas";"Plena Noite";"Crescente";"Céu Claro";"Dupla";"Reta";"Sim";1;0;1;0;0;0;1;1;-5,23885376;-42,74027875;"SPRF-PI";"DEL01-PI";"UOP02-DEL01-PI"
568046;2023-12-15;"sexta-feira";"17:45:00";"PI";316;315,6;"PICOS";"Acessar a via sem observar a presença dos outros veículos";"Colisão transversal";"Com Vítimas Feridas";"Plena Noite";"Crescente";"Céu Claro";"Simples";"Reta";"Sim";2;0;1;0;1;0;1;2;-7,07951262;-41,43236492;"SPRF-PI";"DEL04-PI";"UOP01-DEL04-PI"
568047;2023-12-15;"sexta-feira";"17:20:00";"CE";20;348,2;"CARIDADE";"Transitar na contramão";"Colisão transversal";"Com Vítimas Feridas";"Pleno dia";"Decrescente";"Céu Claro";"Simples";"Reta";"Não";3;0;1;1;1;0;2;2;-4,10360991;-39,05907029;"SPRF-CE";"DEL02-CE";"UOP01-DEL02-CE"
568048;2023-12-15;"sexta-feira";"18:10:00";"PB";230;16;"CABEDELO";"Ausência de reação do condutor";"Colisão traseira";"Sem Vítimas";"Plena Noite";"Crescente";"Céu Claro";"Múltipla";"Reta";"Sim";2;0;0;0;2;0;0;2;-7,10005536;-34,84778166;"SPRF-PB";"DEL01-PB";"UOP01-DEL01-PB"
568049;2023-12-15;"sexta-feira";"19:30:00";"RJ";40;114;"DUQUE DE CAXIAS";"Manobra de mudança de faixa";"Colisão lateral mesmo sentido";"Com Vítimas Feridas";"Plena Noite";"Decrescente";"Céu Claro";"Múltipla";"Reta";"Não";2;0;1;0;1;0;1;2;-22,71853604;-43,28993324;"SPRF-RJ";"DEL01-RJ";"UOP02-DEL01-RJ"
568050;2023-12-15;"sexta-feira";"19:10:00";"PE";101;40;"JABOATAO DOS GUARARAPES";"Manobra de mudança de faixa";"Colisão lateral mesmo sentido";"Sem Vítimas";"Plena Noite";"Crescente";"Céu Claro";"Dupla";"Curva";"Sim";2;0;0;0;2;0;0;2;-8,15112589;-34,9428866;"SPRF-PE";"DEL01-PE";"UOP02-DEL01-PE"
568051;2023-12-15;"sexta-feira";"18:40:00";"RJ";116;174;"SAO JOAO DE MERITI";"Reação tardia ou ineficiente do condutor";"Colisão traseira";"Com Vítimas Feridas";"Plena Noite";"Crescente";"Céu Claro";"Dupla";"Reta";"Sim";2;0;1;0;1;0;1;2;-22,79423806;-43,36403759;"SPRF-RJ";"DEL06-RJ";"UOP01-DEL06-RJ"
568052;2023-12-15;"sexta-feira";"19:50:00";"SP";116;218;"GUARULHOS";"Reação tardia ou ineficiente do condutor";"Colisão traseira";"Com Vítimas Feridas";"Plena Noite";"Decrescente";"Céu Claro";"Múltipla";"Reta";"Sim";2;0;1;0;1;0;1;2;-23,457972;-46,479927;"SPRF-SP";"DEL01-SP";"UOP01-DEL01-SP"
568053;2023-12-15;"sexta-feira";"19:30:00";"SC";470;12;"NAVEGANTES";"Demais falhas mecânicas ou elétricas";"Incêndio";"Sem Vítimas";"Plena Noite";"Crescente";"Nublado";"Dupla";"Reta";"Não";1;0;0;0;1;0;0;1;-26,835169;-48,757267;"SPRF-SC";"DEL04-SC";"UOP04-DEL04-SC"
568054;2023-12-15;"sexta-feira";"01:30:00";"PB";104;70,7;"ALGODAO DE JANDAIRA";"Ingestão de álcool pelo condutor";"Queda de ocupante de veículo";"Com Vítimas Feridas";"Plena Noite";"Crescente";"Céu Claro";"Simples";"Reta";"Não";1;0;1;0;0;0;1;1;-6,8869272;-35,92016512;"SPRF-PB";"DEL02-PB";"UOP04-DEL02-PB"
568055;2023-12-15;"sexta-feira";"19:00:00";"MS";163;19;"MUNDO NOVO";"Manobra de mudança de faixa";"Colisão transversal";"Com Vítimas Feridas";"Plena Noite";"Crescente";"Céu Claro";"Simples";"Reta";"Sim";2;0;1;0;0;1;1;2;-23,93343598;-54,28168073;"SPRF-MS";"DEL09-MS";"UOP02-DEL09-MS"
568056;2023-12-15;"sexta-feira";"19:30:00";"RS";290;549,8;"ALEGRETE";"Acumulo de areia ou detritos sobre o pavimento";"Saída de leito carroçável";"Com Vítimas Feridas";"Anoitecer";"Decrescente";"Garoa/Chuvisco";"Simples";"Curva";"Não";1;0;1;0;0;0;1;1;-29,94013;-55,500866;"SPRF-RS";"DEL13-RS";"UOP02-DEL13-RS"
568057;2023-12-15;"sexta-feira";"12:30:00";"RJ";101;334;"RIO DE JANEIRO";"Demais falhas mecânicas ou elétricas";"Incêndio";"Sem Vítimas";"Pleno dia";"Crescente";"Céu Claro";"Simples";"Curva;Aclive;Viaduto";"Não";1;0;0;0;1;0;0;1;-22,88910413;-43,22030067;"SPRF-RJ";"DEL02-RJ";"UOP01-DEL02-RJ"
568058;2023-12-15;"sexta-feira";"20:53:00";"PE";101;24;"IGARASSU";"Demais falhas mecânicas ou elétricas";"Saída de leito carroçável";"Sem Vítimas";"Plena Noite";"Decrescente";"Céu Claro";"Dupla";"Reta";"Não";1;0;0;0;1;0;0;1;-7,69218298;-34,92211684;"SPRF-PE";"DEL01-PE";"UOP02-DEL01-PE"
568060;2023-12-15;"sexta-feira";"20:00:00";"MT";163;796;"VERA";"Ausência de reação do condutor";"Saída de leito carroçável";"Sem Vítimas";"Pleno dia";"Decrescente";"Céu Claro";"Simples";"Reta";"Não";1;0;0;0;0;1;0;1;-12,32082282;-55,58270237;"SPRF-MT";"DEL06-MT";"UOP01-DEL06-MT"
568061;2023-12-15;"sexta-feira";"20:20:00";"SC";282;552,8;"NOVA ITABERABA";"Ausência de reação do condutor";"Saída de leito carroçável";"Com Vítimas Feridas";"Plena Noite";"Crescente";"Céu Claro";"Simples";"Reta";"Não";1;0;0;1;0;0;1;1;-26,943676;-52,783813;"SPRF-SC";"DEL07-SC";"UOP01-DEL07-SC"
568062;2023-12-15;"sexta-feira";"21:45:00";"PB";101;105;"ALHANDRA";"Ausência de reação do condutor";"Saída de leito carroçável";"Com Vítimas Feridas";"Plena Noite";"Decrescente";"Céu Claro";"Dupla";"Aclive;Retorno Regulamentado;Curva";"Não";1;0;1;0;0;0;1;1;-7,30814609;-34,94344185;"SPRF-PB";"DEL01-PB";"UOP02-DEL01-PB"
568063;2023-12-15;"sexta-feira";"22:00:00";"SP";116;230;"SAO PAULO";"Ausência de reação do condutor";"Engavetamento";"Sem Vítimas";"Plena Noite";"Crescente";"Nublado";"Múltipla";"Reta";"Sim";5;0;0;0;3;2;0;5;-23,52251783;-46,5855702;"SPRF-SP";"DEL01-SP";"UOP01-DEL01-SP"
568064;2023-12-15;"sexta-feira";"21:30:00";"BA";110;1;"PAULO AFONSO";"Ingestão de álcool pelo condutor";"Colisão traseira";"Com Vítimas Feridas";"Plena Noite";"Crescente";"Céu Claro";"Simples";"Reta";"Sim";6;0;1;0;5;0;1;2;-9,42535449;-38,19980621;"SPRF-BA";"DEL07-BA";"UOP01-DEL07-BA"
568065;2023-12-15;"sexta-feira";"16:20:00";"MA";316;606,6;"TIMON";"Desrespeitar a preferência no cruzamento";"Tombamento";"Com Vítimas Fatais";"Pleno dia";"Decrescente";"Céu Claro";"Simples";"Reta";"Sim";5;1;2;1;1;0;3;1;-5,052005;-42,907932;"SPRF-MA";"DEL03-MA";"UOP02-DEL03-MA"
568066;2023-12-15;"sexta-feira";"21:20:00";"DF";70;12;"BRASILIA";"Ausência de reação do condutor";"Colisão traseira";"Com Vítimas Feridas";"Plena Noite";"Decrescente";"Céu Claro";"Dupla";"Reta";"Sim";2;0;1;0;1;0;1;2;-15,792243;-48,158543;"SPRF-DF";"DEL03-DF";"UOP02-DEL03-DF"
568067;2023-12-11;"segunda-feira";"02:40:00";"MT";70;76;"GENERAL CARNEIRO";"Curva acentuada";"Saída de leito carroçável";"Com Vítimas Feridas";"Plena Noite";"Crescente";"Nublado";"Simples";"Curva";"Não";3;0;2;0;1;0;2;1;-15,67923765;-52,81780243;"SPRF-MT";"DEL07-MT";"UOP01-DEL07-MT"
568068;2023-12-15;"sexta-feira";"20:50:00";"MG";116;702,3;"MURIAE";"Pedestre cruzava a pista fora da faixa";"Atropelamento de Pedestre";"Com Vítimas Feridas";"Plena Noite";"Crescente";"Céu Claro";"Simples";"Curva";"Sim";4;0;2;1;0;1;3;2;-21,12581;-42,383229;"SPRF-MG";"DEL07-MG";"UOP02-DEL07-MG"
568070;2023-12-15;"sexta-feira";"19:30:00";"BA";235;175;"CANUDOS";"Reação tardia ou ineficiente do condutor";"Saída de leito carroçável";"Com Vítimas Feridas";"Plena Noite";"Decrescente";"Céu Claro";"Simples";"Curva;Declive";"Sim";1;0;1;0;0;0;1;1;-9,91393318;-39,06700492;"SPRF-BA";"DEL07-BA";"UOP01-DEL07-BA"
568071;2023-12-15;"sexta-feira";"21:13:00";"SC";470;149,1;"AGRONOMICA";"Avarias e/ou desgaste excessivo no pneu";"Capotamento";"Com Vítimas Feridas";"Plena Noite";"Decrescente";"Nublado";"Simples";"Reta";"Não";3;0;0;1;1;1;1;2;-27,252104;-49,702129;"SPRF-SC";"DEL04-SC";"UOP02-DEL04-SC"
568072;2023-12-15;"sexta-feira";"22:30:00";"SC";280;29;"ARAQUARI";"Acessar a via sem observar a presença dos outros veículos";"Colisão transversal";"Com Vítimas Feridas";"Plena Noite";"Decrescente";"Céu Claro";"Simples";"Reta";"Sim";3;0;1;0;1;1;1;3;-26,41066264;-48,75295628;"SPRF-SC";"DEL03-SC";"UOP03-DEL03-SC"
568073;2023-12-15;"sexta-feira";"22:00:00";"RS";290;549,8;"ALEGRETE";"Acumulo de areia ou detritos sobre o pavimento";"Saída de leito carroçável";"Com Vítimas Feridas";"Plena Noite";"Crescente";"Garoa/Chuvisco";"Simples";"Em Obras;Declive;Curva";"Não";2;0;1;1;0;0;2;1;-29,93737212;-55,50629586;"SPRF-RS";"DEL13-RS";"UOP02-DEL13-RS"
568074;2023-12-15;"sexta-feira";"21:25:00";"SC";282;339;"CAMPOS NOVOS";"Deficiência do Sistema de Iluminação/Sinalização";"Tombamento";"Com Vítimas Feridas";"Plena Noite";"Decrescente";"Céu Claro";"Simples";"Reta";"Não";2;0;1;1;0;0;2;1;-27,392731;-51,195118;"SPRF-SC";"DEL07-SC";"UOP06-DEL07-SC"
568076;2023-12-15;"sexta-feira";"19:40:00";"SC";282;467,3;"PONTE SERRADA";"Retorno proibido";"Colisão transversal";"Com Vítimas Feridas";"Plena Noite";"Crescente";"Céu Claro";"Simples";"Reta";"Não";3;0;3;0;0;0;3;2;-26,854425;-52,096107;"SPRF-SC";"DEL07-SC";"UOP04-DEL07-SC"
568077;2023-12-15;"sexta-feira";"21:50:00";"MG";50;171;"UBERABA";"Ausência de reação do condutor";"Saída de leito carroçável";"Com Vítimas Feridas";"Plena Noite";"Crescente";"Céu Claro";"Dupla";"Aclive";"Sim";1;0;0;1;0;0;1;1;-19,74554892;-47,98382166;"SPRF-MG";"DEL13-MG";"UOP01-DEL13-MG"
568079;2023-12-15;"sexta-feira";"16:25:00";"SC";282;434;"VARGEM BONITA";"Condutor deixou de manter distância do veículo da frente";"Colisão lateral mesmo sentido";"Com Vítimas Feridas";"Pleno dia";"Decrescente";"Céu Claro";"Simples";"Reta";"Sim";2;0;1;0;1;0;1;1;-26,972441;-51,831917;"SPRF-SC";"DEL07-SC";"UOP04-DEL07-SC"
568080;2023-12-15;"sexta-feira";"22:00:00";"PR";116;116;"CURITIBA";"Ingestão de álcool pelo condutor";"Queda de ocupante de veículo";"Com Vítimas Feridas";"Plena Noite";"Crescente";"Céu Claro";"Dupla";"Reta";"Sim";1;0;1;0;0;0;1;1;-25,55468195;-49,27402397;"SPRF-PR";"DEL01-PR";"UOP03-DEL01-PR"
568081;2023-12-15;"sexta-feira";"22:20:00";"SC";282;605;"MARAVILHA";"Condutor usando celular";"Saída de leito carroçável";"Com Vítimas Feridas";"Plena Noite";"Decrescente";"Céu Claro";"Dupla";"Declive";"Sim";1;0;1;0;0;0;1;1;-26,786951;-53,195248;"SPRF-SC";"DEL07-SC";"UOP02-DEL07-SC"
568082;2023-12-15;"sexta-feira";"22:00:00";"RS";153;4;"CACHOEIRA DO SUL";"Reação tardia ou ineficiente do condutor";"Colisão traseira";"Com Vítimas Feridas";"Plena Noite";"Crescente";"Nublado";"Simples";"Reta";"Sim";4;0;2;0;2;0;2;2;-30,0119192;-52,90059686;"SPRF-RS";"DEL08-RS";"UOP04-DEL08-RS"
568083;2023-12-15;"sexta-feira";"19:40:00";"RJ";101;135;"CARAPEBUS";"Reação tardia ou ineficiente do condutor";"Atropelamento de Animal";"Com Vítimas Feridas";"Plena Noite";"Decrescente";"Céu Claro";"Dupla";"Reta";"Não";1;0;1;0;0;0;1;1;-22,14482241;-41,7236896;"SPRF-RJ";"DEL08-RJ";"UOP04-DEL08-RJ"
568084;2023-12-15;"sexta-feira";"22:40:00";"DF";80;23;"BRASILIA";"Velocidade Incompatível";"Capotamento";"Com Vítimas Feridas";"Plena Noite";"Decrescente";"Céu Claro";"Dupla";"Reta;Interseção de Vias";"Não";2;0;0;2;0;0;2;1;-15,638944;-48,20079;"SPRF-DF";"DEL03-DF";"UOP02-DEL03-DF"
568086;2023-12-15;"sexta-feira";"23:45:00";"RJ";101;297;"ITABORAI";"Condutor deixou de manter distância do veículo da frente";"Colisão lateral mesmo sentido";"Sem Vítimas";"Anoitecer";"Decrescente";"Céu Claro";"Dupla";"Curva";"Sim";1;0;0;0;1;0;0;1;-22,76942037;-42,91873581;"SPRF-RJ";"DEL02-RJ";"UOP02-DEL02-RJ"
568087;2023-12-15;"sexta-feira";"23:20:00";"SC";470;126,6;"LONTRAS";"Acessar a via sem observar a presença dos outros veículos";"Colisão transversal";"Com Vítimas Feridas";"Plena Noite";"Decrescente";"Céu Claro";"Simples";"Reta";"Não";3;0;1;0;2;0;1;2;-27,129;-49,538277;"SPRF-SC";"DEL04-SC";"UOP02-DEL04-SC"
568089;2023-12-15;"sexta-feira";"22:50:00";"MG";365;406;"PATOS DE MINAS";"Animais na Pista";"Atropelamento de Animal";"Sem Vítimas";"Plena Noite";"Crescente";"Céu Claro";"Simples";"Reta";"Sim";1;0;0;0;1;0;0;1;-18,63902047;-46,49098979;"SPRF-MG";"DEL10-MG";"UOP01-DEL10-MG"
568090;2023-12-15;"sexta-feira";"23:48:00";"SP";116;220;"GUARULHOS";"Ingestão de álcool pelo condutor";"Colisão traseira";"Sem Vítimas";"Plena Noite";"Decrescente";"Nublado";"Múltipla";"Reta;Em Obras";"Sim";3;0;0;0;3;0;0;2;-23,46657279;-46,50320649;"SPRF-SP";"DEL01-SP";"UOP01-DEL01-SP"
568091;2023-12-15;"sexta-feira";"23:40:00";"MG";116;505,9;"UBAPORANGA";"Ausência de reação do condutor";"Colisão traseira";"Com Vítimas Feridas";"Plena Noite";"Crescente";"Céu Claro";"Simples";"Reta;Ponte";"Não";2;0;0;1;1;0;1;2;-19,6030931;-42,11376783;"SPRF-MG";"DEL06-MG";"UOP02-DEL06-MG"
568092;2023-12-16;"sábado";"00:25:00";"RS";116;261;"CANOAS";"Velocidade Incompatível";"Colisão com objeto";"Sem Vítimas";"Plena Noite";"Crescente";"Nublado";"Dupla";"Reta";"Sim";1;0;0;0;1;0;0;1;-29,879208;-51,18045622;"SPRF-RS";"DEL01-RS";"UOP01-DEL01-RS"
568093;2023-12-15;"sexta-feira";"23:45:00";"SP";116;213;"GUARULHOS";"Ingestão de álcool pelo condutor";"Capotamento";"Sem Vítimas";"Plena Noite";"Crescente";"Céu Claro";"Múltipla";"Reta";"Sim";1;0;0;0;1;0;0;1;-23,43971486;-46,43667806;"SPRF-SP";"DEL01-SP";"UOP01-DEL01-SP"
568094;2023-12-15;"sexta-feira";"23:45:00";"RN";101;101,7;"PARNAMIRIM";"Ingestão de álcool pelo condutor";"Saída de leito carroçável";"Com Vítimas Feridas";"Plena Noite";"Crescente";"Céu Claro";"Múltipla";"Reta";"Sim";1;0;0;1;0;0;1;1;-5,88744628;-35,23579359;"SPRF-RN";"DEL01-RN";"UOP01-DEL01-RN"
568096;2023-12-16;"sábado";"00:10:00";"MG";50;20;"UBERLANDIA";"Ingestão de álcool pelo condutor";"Colisão com objeto";"Com Vítimas Feridas";"Plena Noite";"Crescente";"Céu Claro";"Múltipla";"Reta";"Não";2;0;2;0;0;0;2;1;-18,9113;-48,2622;"SPRF-MG";"DEL15-MG";"UOP01-DEL15-MG"
568098;2023-12-16;"sábado";"00:30:00";"RS";290;91;"PORTO ALEGRE";"Ausência de reação do condutor";"Saída de leito carroçável";"Sem Vítimas";"Plena Noite";"Decrescente";"Céu Claro";"Dupla";"Reta";"Sim";1;0;0;0;1;0;0;1;-29,96946638;-51,16958499;"SPRF-RS";"DEL01-RS";"UOP01-DEL01-RS"
568099;2023-12-16;"sábado";"00:30:00";"SP";116;117;"TAUBATE";"Ingestão de álcool pelo condutor";"Colisão com objeto";"Sem Vítimas";"Plena Noite";"Decrescente";"Céu Claro";"Dupla";"Aclive;Curva";"Não";1;0;0;0;1;0;0;1;-23,0582298;-45,6176951;"SPRF-SP";"DEL02-SP";"UOP02-DEL02-SP"
568100;2023-12-15;"sexta-feira";"17:30:00";"RS";290;549,8;"ALEGRETE";"Acumulo de areia ou detritos sobre o pavimento";"Saída de leito carroçável";"Com Vítimas Feridas";"Pleno dia";"Crescente";"Garoa/Chuvisco";"Simples";"Curva";"Não";1;0;1;0;0;0;1;1;-29,94013;-55,500866;"SPRF-RS";"DEL13-RS";"UOP02-DEL13-RS"
568102;2023-12-15;"sexta-feira";"23:35:00";"PI";316;309;"PICOS";"Transitar na contramão";"Colisão frontal";"Com Vítimas Feridas";"Plena Noite";"Crescente";"Céu Claro";"Simples";"Reta";"Sim";5;0;3;1;0;1;4;3;-7,07778744;-41,48370094;"SPRF-PI";"DEL04-PI";"UOP01-DEL04-PI"
568103;2023-12-15;"sexta-feira";"23:15:00";"PB";230;160;"CAMPINA GRANDE";"Reação tardia ou ineficiente do condutor";"Saída de leito carroçável";"Com Vítimas Feridas";"Plena Noite";"Decrescente";"Garoa/Chuvisco";"Simples";"Reta;Aclive";"Não";2;0;1;0;0;1;1;2;-7,2436;-35,9375;"SPRF-PB";"DEL02-PB";"UOP01-DEL02-PB"
568104;2023-12-15;"sexta-feira";"22:00:00";"BA";407;7;"JUAZEIRO";"Velocidade Incompatível";"Colisão traseira";"Sem Vítimas";"Plena Noite";"Decrescente";"Céu Claro";"Simples";"Reta";"Sim";2;0;0;0;2;0;0;2;-9,461477;-40,483895;"SPRF-PE";"DEL06-PE";"UOP01-DEL06-PE"
568105;2023-12-15;"sexta-feira";"23:30:00";"RJ";116;261;"PIRAI";"Velocidade Incompatível";"Colisão com objeto";"Com Vítimas Feridas";"Plena Noite";"Decrescente";"Céu Claro";"Dupla";"Reta";"Não";2;0;2;0;0;0;2;1;-22,58476877;-44,05026905;"SPRF-RJ";"DEL07-RJ";"UOP02-DEL07-RJ"
568106;2023-12-16;"sábado";"01:00:00";"RS";470;200;"BENTO GONCALVES";"Reação tardia ou ineficiente do condutor";"Tombamento";"Sem Vítimas";"Plena Noite";"Decrescente";"Céu Claro";"Simples";"Declive;Curva";"Não";1;0;0;0;1;0;0;1;-29,06782259;-51,57710695;"SPRF-RS";"DEL06-RS";"UOP02-DEL06-RS"
568107;2023-12-16;"sábado";"00:30:00";"RJ";101;264;"RIO BONITO";"Reação tardia ou ineficiente do condutor";"Saída de leito carroçável";"Com Vítimas Feridas";"Plena Noite";"Crescente";"Céu Claro";"Dupla";"Reta";"Sim";1;0;1;0;0;0;1;1;-22,71818337;-42,63600702;"SPRF-RJ";"DEL02-RJ";"UOP03-DEL02-RJ"
568108;2023-12-15;"sexta-feira";"17:00:00";"PE";110;200;"TACARATU";"Afundamento ou ondulação no pavimento";"Queda de ocupante de veículo";"Com Vítimas Fatais";"Pleno dia";"Decrescente";"Céu Claro";"Simples";"Reta";"Não";1;1;0;0;0;0;0;1;-8,86623883;-38,06279316;"SPRF-BA";"DEL07-BA";"UOP01-DEL07-BA"
568109;2023-12-15;"sexta-feira";"23:45:00";"MG";50;74,8;"UBERLANDIA";"Ingestão de álcool pelo condutor";"Capotamento";"Com Vítimas Feridas";"Plena Noite";"Decrescente";"Céu Claro";"Dupla";"Reta;Declive";"Sim";1;0;1;0;0;0;1;1;-18,85140204;-48,25345932;"SPRF-MG";"DEL15-MG";"UOP01-DEL15-MG"
568110;2023-12-15;"sexta-feira";"22:00:00";"PI";230;302;"FLORIANO";"Transitar na contramão";"Colisão frontal";"Com Vítimas Fatais";"Plena Noite";"Crescente";"Nublado";"Simples";"Curva;Declive";"Não";8;1;0;0;6;1;0;2;-6,80935231;-42,95446185;"SPRF-PI";"DEL03-PI";"UOP01-DEL03-PI"
568112;2023-12-15;"sexta-feira";"23:20:00";"RS";101;58,2;"MAQUINE";"Pista Escorregadia";"Saída de leito carroçável";"Com Vítimas Feridas";"Plena Noite";"Decrescente";"Chuva";"Dupla";"Curva";"Não";1;0;0;1;0;0;1;1;-29,666702;-50,135489;"SPRF-RS";"DEL03-RS";"UOP02-DEL03-RS"
568113;2023-12-16;"sábado";"00:45:00";"RS";158;107,5;"PALMEIRA DAS MISSOES";"Animais na Pista";"Saída de leito carroçável";"Com Vítimas Feridas";"Plena Noite";"Decrescente";"Céu Claro";"Simples";"Reta";"Não";1;0;1;0;0;0;1;1;-27,95668601;-53,32249106;"SPRF-RS";"DEL08-RS";"UOP01-DEL08-RS"
568114;2023-12-15;"sexta-feira";"20:40:00";"PE";316;17,8;"ARARIPINA";"Transitar na contramão";"Colisão frontal";"Com Vítimas Feridas";"Plena Noite";"Crescente";"Céu Claro";"Simples";"Aclive;Reta";"Não";37;0;1;1;35;0;2;2;-7,53897388;-40,55099286;"SPRF-PE";"DEL05-PE";"UOP02-DEL05-PE"
568116;2023-12-15;"sexta-feira";"23:00:00";"RO";364;341;"JI-PARANA";"Reação tardia ou ineficiente do condutor";"Colisão lateral mesmo sentido";"Com Vítimas Feridas";"Plena Noite";"Decrescente";"Céu Claro";"Simples";"Reta";"Sim";2;0;1;0;1;0;1;2;-10,88987987;-61,93126772;"SPRF-RO";"DEL02-RO";"UOP01-DEL02-RO"
568117;2023-12-15;"sexta-feira";"22:15:00";"MA";316;612,7;"TIMON";"Condutor deixou de manter distância do veículo da frente";"Colisão traseira";"Com Vítimas Feridas";"Plena Noite";"Decrescente";"Nublado";"Simples";"Reta";"Não";3;0;1;0;2;0;1;2;-5,075141;-42,859455;"SPRF-MA";"DEL03-MA";"UOP02-DEL03-MA"
568118;2023-12-16;"sábado";"02:00:00";"PR";277;70;"SAO JOSE DOS PINHAIS";"Ausência de reação do condutor";"Capotamento";"Sem Vítimas";"Plena Noite";"Decrescente";"Céu Claro";"Simples";"Curva";"Não";1;0;0;0;0;1;0;1;-25,53317957;-49,07969781;"SPRF-PR";"DEL01-PR";"UOP01-DEL01-PR"
568122;2023-12-16;"sábado";"02:20:00";"SC";101;134,6;"BALNEARIO CAMBORIU";"Ingestão de álcool pelo condutor";"Colisão com objeto";"Sem Vítimas";"Plena Noite";"Crescente";"Nublado";"Dupla";"Túnel;Curva";"Sim";1;0;0;0;1;0;0;1;-27,00218;-48,636433;"SPRF-SC";"DEL04-SC";"UOP03-DEL04-SC"
568124;2023-12-16;"sábado";"00:35:00";"RO";435;122;"CEREJEIRAS";"Desrespeitar a preferência no cruzamento";"Colisão transversal";"Com Vítimas Feridas";"Plena Noite";"Decrescente";"Céu Claro";"Dupla";"Reta";"Sim";2;0;1;0;1;0;1;2;-13,18897512;-60,82082748;"SPRF-RO";"DEL04-RO";"UOP02-DEL04-RO"
568125;2023-12-16;"sábado";"02:20:00";"SC";280;77,4;"JARAGUA DO SUL";"Ausência de reação do condutor";"Saída de leito carroçável";"Com Vítimas Feridas";"Plena Noite";"Decrescente";"Céu Claro";"Simples";"Curva";"Não";1;0;1;0;0;0;1;1;-26,45514314;-49,18726132;"SPRF-SC";"DEL03-SC";"UOP03-DEL03-SC"
568126;2023-12-16;"sábado";"03:25:00";"SC";282;6;"SAO JOSE";"Ingestão de álcool pelo condutor";"Tombamento";"Com Vítimas Feridas";"Plena Noite";"Crescente";"Nublado";"Múltipla";"Curva";"Não";2;0;2;0;0;0;2;1;-27,591936;-48,618244;"SPRF-SC";"DEL01-SC";"UOP01-DEL01-SC"
568127;2023-12-16;"sábado";"03:30:00";"RS";116;158,8;"CAXIAS DO SUL";"Demais falhas mecânicas ou elétricas";"Eventos atípicos";"Sem Vítimas";"Plena Noite";"Decrescente";"Nublado";"Simples";"Reta;Declive";"Sim";1;0;0;0;0;1;0;1;-29,22015528;-51,16867117;"SPRF-RS";"DEL05-RS";"UOP01-DEL05-RS"
568128;2023-12-16;"sábado";"03:54:00";"ES";101;264;"SERRA";"Reação tardia ou ineficiente do condutor";"Tombamento";"Sem Vítimas";"Amanhecer";"Crescente";"Garoa/Chuvisco";"Múltipla";"Reta;Interseção de Vias";"Sim";2;0;0;0;2;0;0;1;-20,17292791;-40,26736384;"SPRF-ES";"DEL02-ES";"UOP01-DEL02-ES"
568131;2023-12-16;"sábado";"04:30:00";"PR";369;126,5;"JATAIZINHO";"Condutor Dormindo";"Saída de leito carroçável";"Com Vítimas Feridas";"Plena Noite";"Crescente";"Céu Claro";"Dupla";"Curva";"Não";4;0;1;0;3;0;1;1;-23,28190682;-50,95734941;"SPRF-PR";"DEL07-PR";"UOP01-DEL07-PR"
568133;2023-12-16;"sábado";"05:00:00";"PI";316;64;"MONSENHOR GIL";"Condutor Dormindo";"Colisão frontal";"Com Vítimas Fatais";"Plena Noite";"Crescente";"Céu Claro";"Simples";"Aclive;Reta";"Não";2;1;0;0;0;1;0;2;-5,592997;-42,61422506;"SPRF-PI";"DEL01-PI";"UOP02-DEL01-PI"
568135;2023-12-16;"sábado";"06:00:00";"RS";285;457,4;"IJUI";"Ingestão de álcool pelo condutor";"Saída de leito carroçável";"Com Vítimas Feridas";"Amanhecer";"Decrescente";"Nublado";"Simples";"Reta";"Sim";5;0;4;1;0;0;5;1;-28,4001;-53,8982;"SPRF-RS";"DEL10-RS";"UOP01-DEL10-RS"
568136;2023-12-16;"sábado";"06:00:00";"RS";290;81;"GRAVATAI";"Reação tardia ou ineficiente do condutor";"Colisão traseira";"Sem Vítimas";"Pleno dia";"Decrescente";"Céu Claro";"Múltipla";"Reta";"Sim";2;0;0;0;2;0;0;2;-29,95415371;-51,06196404;"SPRF-RS";"DEL01-RS";"UOP01-DEL01-RS"
568137;2023-12-16;"sábado";"05:20:00";"SP";153;14,6;"ICEM";"Reação tardia ou ineficiente do condutor";"Colisão com objeto";"Sem Vítimas";"Amanhecer";"Crescente";"Céu Claro";"Simples";"Reta;Declive;Ponte";"Não";1;0;0;0;1;0;0;1;-20,41481389;-49,26025307;"SPRF-SP";"DEL09-SP";"UOP01-DEL09-SP"
568138;2023-12-16;"sábado";"06:30:00";"SP";116;206;"GUARULHOS";"Pedestre andava na pista";"Atropelamento de Pedestre";"Sem Vítimas";"Pleno dia";"Decrescente";"Céu Claro";"Múltipla";"Reta";"Sim";2;0;0;0;2;0;0;2;-23,41722629;-46,37510292;"SPRF-SP";"DEL01-SP";"UOP01-DEL01-SP"
568139;2023-12-16;"sábado";"05:10:00";"PE";232;159;"TACAIMBO";"Reação tardia ou ineficiente do condutor";"Saída de leito carroçável";"Com Vítimas Feridas";"Pleno dia";"Crescente";"Céu Claro";"Simples";"Reta";"Não";5;0;4;0;1;0;4;1;-8,32994251;-36,22627296;"SPRF-PE";"DEL03-PE";"UOP02-DEL03-PE"