"id";"data_inversa";"dia_semana";"horario";"uf";"br";"km";"municipio";"causa_acidente";"tipo_acidente";"classificacao_acidente";"fase_dia";"sentido_via";"condicao_metereologica";"tipo_pista";"tracado_via";"uso_solo";"pessoas";"mortos";"feridos_leves";"feridos_graves";"ilesos";"ignorados";"feridos";"veiculos";"latitude";"longitude";"regional";"delegacia";"uop"
568140;2023-12-16;"sábado";"04:00:00";"MG";365;444,5;"GUIMARANIA";"Estacionar ou parar em local proibido";"Colisão com objeto";"Com Vítimas Feridas";"Plena Noite";"Decrescente";"Céu Claro";"Simples";"Reta;Declive";"Não";6;0;2;1;3;0;3;2;-18,81491581;-46,77543617;"SPRF-MG";"DEL10-MG";"UOP01-DEL10-MG"
568141;2023-12-16;"sábado";"01:10:00";"SC";282;379,8;"HERVAL DOESTE";"Manobra de mudança de faixa";"Colisão transversal";"Com Vítimas Feridas";"Plena Noite";"Decrescente";"Céu Claro";"Dupla";"Interseção de Vias;Rotatória;Retorno Regulamentado";"Não";3;0;3;0;0;0;3;2;-27,2146021;-51,48598909;"SPRF-SC";"DEL07-SC";"UOP05-DEL07-SC"
568143;2023-12-16;"sábado";"00:40:00";"RS";285;32,4;"BOM JESUS";"Reação tardia ou ineficiente do condutor";"Saída de leito carroçável";"Sem Vítimas";"Pleno dia";"Crescente";"Chuva";"Simples";"Curva";"Não";1;0;0;0;0;1;0;1;-28,709784;-50,190502;"SPRF-RS";"DEL05-RS";"UOP03-DEL05-RS"
568144;2023-12-16;"sábado";"06:40:00";"BA";101;179;"SAO GONCALO DOS CAMPOS";"Acessar a via sem observar a presença dos outros veículos";"Colisão transversal";"Com Vítimas Feridas";"Pleno dia";"Crescente";"Céu Claro";"Simples";"Reta;Interseção de Vias";"Sim";4;0;1;0;3;0;1;2;-12,519078;-38,970829;"SPRF-BA";"DEL01-BA";"UOP03-DEL01-BA"
568145;2023-12-16;"sábado";"06:35:00";"PR";376;439;"TIBAGI";"Reação tardia ou ineficiente do condutor";"Queda de ocupante de veículo";"Com Vítimas Feridas";"Pleno dia";"Decrescente";"Céu Claro";"Dupla";"Reta";"Não";1;0;0;1;0;0;1;1;-24,80300975;-50,49114704;"SPRF-PR";"DEL03-PR";"UOP02-DEL03-PR"
568149;2023-12-16;"sábado";"06:30:00";"ES";101;205,5;"IBIRACU";"Reação tardia ou ineficiente do condutor";"Colisão lateral mesmo sentido";"Com Vítimas Feridas";"Pleno dia";"Decrescente";"Céu Claro";"Dupla";"Reta";"Não";3;0;2;1;0;0;3;2;-19,761479;-40,376128;"SPRF-ES";"DEL02-ES";"UOP01-DEL02-ES"
568150;2023-12-16;"sábado";"05:30:00";"PA";230;684;"BRASIL NOVO";"Ausência de reação do condutor";"Saída de leito carroçável";"Com Vítimas Feridas";"Amanhecer";"Crescente";"Céu Claro";"Simples";"Reta;Aclive";"Não";1;0;1;0;0;0;1;1;-3,28325977;-52,45703096;"SPRF-PA";"DEL04-PA";"UOP01-DEL04-PA"
568151;2023-12-16;"sábado";"07:30:00";"RS";116;294;"GUAIBA";"Demais falhas mecânicas ou elétricas";"Incêndio";"Sem Vítimas";"Pleno dia";"Decrescente";"Nublado";"Dupla";"Reta";"Não";1;0;0;0;0;1;0;1;-30,07077598;-51,34078522;"SPRF-RS";"DEL02-RS";"UOP01-DEL02-RS"
568154;2023-12-16;"sábado";"07:20:00";"MG";146;485;"POCOS DE CALDAS";"Velocidade Incompatível";"Saída de leito carroçável";"Sem Vítimas";"Pleno dia";"Crescente";"Céu Claro";"Simples";"Aclive;Curva";"Não";1;0;0;0;0;1;0;1;-21,79909274;-46,44564629;"SPRF-MG";"DEL09-MG";"UOP01-DEL09-MG"
568156;2023-12-16;"sábado";"04:20:00";"RJ";116;137;"DUQUE DE CAXIAS";"Reação tardia ou ineficiente do condutor";"Colisão com objeto";"Com Vítimas Feridas";"Amanhecer";"Crescente";"Céu Claro";"Dupla";"Reta";"Não";3;0;2;0;1;0;2;1;-22,64791994;-43,18200799;"SPRF-RJ";"DEL04-RJ";"UOP02-DEL04-RJ"
568157;2023-12-16;"sábado";"07:11:00";"SP";116;168;"JACAREI";"Ausência de reação do condutor";"Colisão traseira";"Sem Vítimas";"Pleno dia";"Decrescente";"Céu Claro";"Dupla";"Reta";"Não";1;0;0;0;1;0;0;1;-23,30545902;-46,03567599;"SPRF-SP";"DEL02-SP";"UOP01-DEL02-SP"
568159;2023-12-16;"sábado";"07:30:00";"PR";116;113;"CURITIBA";"Acessar a via sem observar a presença dos outros veículos";"Colisão lateral mesmo sentido";"Com Vítimas Feridas";"Amanhecer";"Crescente";"Céu Claro";"Dupla";"Reta";"Sim";2;0;1;0;1;0;1;2;-25,546814;-49,2908746;"SPRF-PR";"DEL01-PR";"UOP07-DEL01-PR"
568162;2023-12-16;"sábado";"05:30:00";"MS";60;480,8;"SIDROLANDIA";"Condutor Dormindo";"Saída de leito carroçável";"Sem Vítimas";"Amanhecer";"Decrescente";"Céu Claro";"Simples";"Reta";"Não";2;0;0;0;2;0;0;1;-21,00460046;-55,19898605;"SPRF-MS";"DEL01-MS";"UOP04-DEL01-MS"
568164;2023-12-15;"sexta-feira";"23:40:00";"RJ";116;191;"NOVA IGUACU";"Acessar a via sem observar a presença dos outros veículos";"Atropelamento de Pedestre";"Com Vítimas Fatais";"Plena Noite";"Decrescente";"Céu Claro";"Dupla";"Reta";"Sim";2;1;0;0;0;1;0;2;-22,74421443;-43,509822;"SPRF-RJ";"DEL06-RJ";"UOP01-DEL06-RJ"
568165;2023-12-16;"sábado";"08:00:00";"MT";70;0,1;"BARRA DO GARCAS";"Ausência de reação do condutor";"Colisão transversal";"Com Vítimas Feridas";"Pleno dia";"Decrescente";"Céu Claro";"Simples";"Rotatória";"Sim";2;0;1;0;1;0;1;2;-15,89413485;-52,25836873;"SPRF-MT";"DEL07-MT";"UOP01-DEL07-MT"
568167;2023-12-16;"sábado";"08:03:00";"CE";222;3;"FORTALEZA";"Condutor deixou de manter distância do veículo da frente";"Engavetamento";"Sem Vítimas";"Pleno dia";"Decrescente";"Chuva";"Dupla";"Aclive";"Não";4;0;0;0;4;0;0;4;-3,7403769;-38,59569202;"SPRF-CE";"DEL01-CE";"UOP01-DEL01-CE"
568169;2023-12-16;"sábado";"06:50:00";"MG";50;15;"UBERLANDIA";"Ausência de reação do condutor";"Colisão com objeto";"Com Vítimas Feridas";"Pleno dia";"Crescente";"Céu Claro";"Dupla";"Viaduto";"Sim";1;0;1;0;0;0;1;1;-18,9113;-48,2622;"SPRF-MG";"DEL15-MG";"UOP01-DEL15-MG"
568171;2023-12-16;"sábado";"07:45:00";"SC";101;291;"IMBITUBA";"Ausência de reação do condutor";"Saída de leito carroçável";"Sem Vítimas";"Pleno dia";"Decrescente";"Céu Claro";"Múltipla";"Reta";"Sim";1;0;0;0;1;0;0;1;-28,26980586;-48,70081551;"SPRF-SC";"DEL02-SC";"UOP03-DEL02-SC"
568172;2023-12-16;"sábado";"08:27:00";"PE";232;36,1;"MORENO";"Acessar a via sem observar a presença dos outros veículos";"Colisão transversal";"Com Vítimas Feridas";"Pleno dia";"Crescente";"Nublado";"Dupla";"Reta";"Sim";2;0;1;0;1;0;1;2;-8,111138;-35,202757;"SPRF-PE";"DEL01-PE";"UOP01-DEL01-PE"
568174;2023-12-16;"sábado";"09:15:00";"SP";116;460;"PARIQUERA-ACU";"Avarias e/ou desgaste excessivo no pneu";"Colisão com objeto";"Com Vítimas Feridas";"Pleno dia";"Crescente";"Céu Claro";"Múltipla";"Reta";"Não";3;0;1;0;2;0;1;1;-24,61056238;-47,88286464;"SPRF-SP";"DEL05-SP";"UOP01-DEL05-SP"
568175;2023-12-16;"sábado";"05:30:00";"MG";116;805,5;"ALEM PARAIBA";"Reação tardia ou ineficiente do condutor";"Saída de leito carroçável";"Com Vítimas Feridas";"Amanhecer";"Decrescente";"Ignorado";"Simples";"Reta";"Não";3;0;3;0;0;0;3;1;-21,79939622;-42,70870435;"SPRF-MG";"DEL07-MG";"UOP01-DEL07-MG"
568179;2023-12-16;"sábado";"05:00:00";"MG";40;140;"JOAO PINHEIRO";"Ausência de reação do condutor";"Saída de leito carroçável";"Com Vítimas Feridas";"Amanhecer";"Decrescente";"Céu Claro";"Simples";"Reta";"Não";1;0;1;0;0;0;1;1;-17,7389698;-46,20223198;"SPRF-MG";"DEL14-MG";"UOP01-DEL14-MG"
568181;2023-12-16;"sábado";"08:30:00";"RJ";40;99;"PETROPOLIS";"Demais falhas mecânicas ou elétricas";"Queda de ocupante de veículo";"Com Vítimas Feridas";"Pleno dia";"Decrescente";"Céu Claro";"Simples";"Curva";"Não";1;0;1;0;0;0;1;1;-22,58585204;-43,27716391;"SPRF-RJ";"DEL01-RJ";"UOP01-DEL01-RJ"
568182;2023-12-16;"sábado";"09:50:00";"PE";101;48,5;"ABREU E LIMA";"Condutor deixou de manter distância do veículo da frente";"Colisão traseira";"Com Vítimas Feridas";"Pleno dia";"Crescente";"Céu Claro";"Múltipla";"Reta";"Sim";3;0;2;0;1;0;2;2;-7,89174705;-34,9033493;"SPRF-PE";"DEL01-PE";"UOP02-DEL01-PE"
568183;2023-12-16;"sábado";"09:00:00";"AL";104;52,5;"MURICI";"Demais falhas mecânicas ou elétricas";"Incêndio";"Sem Vítimas";"Pleno dia";"Crescente";"Céu Claro";"Simples";"Reta";"Não";1;0;0;0;0;1;0;1;-9,26060449;-35,97222574;"SPRF-AL";"DEL01-AL";"UOP02-DEL01-AL"
568185;2023-12-16;"sábado";"10:10:00";"MG";116;773,5;"LEOPOLDINA";"Desrespeitar a preferência no cruzamento";"Colisão transversal";"Com Vítimas Feridas";"Pleno dia";"Decrescente";"Céu Claro";"Simples";"Reta";"Não";3;0;1;0;2;0;1;2;-21,57227131;-42,67920724;"SPRF-MG";"DEL07-MG";"UOP01-DEL07-MG"
568186;2023-12-16;"sábado";"10:30:00";"PE";232;508;"SALGUEIRO";"Acessar a via sem observar a presença dos outros veículos";"Colisão transversal";"Com Vítimas Feridas";"Pleno dia";"Crescente";"Céu Claro";"Simples";"Interseção de Vias";"Não";4;0;1;1;2;0;2;2;-8,06272743;-39,12333857;"SPRF-PE";"DEL05-PE";"UOP01-DEL05-PE"
568187;2023-12-08;"sexta-feira";"13:40:00";"SC";101;209,7;"SAO JOSE";"Desrespeitar a preferência no cruzamento";"Colisão transversal";"Com Vítimas Feridas";"Pleno dia";"Decrescente";"Céu Claro";"Dupla";"Interseção de Vias";"Não";2;0;1;0;0;1;1;2;-27,61000542;-48,63895057;"SPRF-SC";"DEL01-SC";"UOP01-DEL01-SC"
568193;2023-12-16;"sábado";"08:10:00";"BA";330;794;"JEQUIE";"Velocidade Incompatível";"Saída de leito carroçável";"Com Vítimas Feridas";"Pleno dia";"Crescente";"Céu Claro";"Simples";"Curva";"Não";4;0;1;3;0;0;4;1;-13,92326817;-40,00455215;"SPRF-BA";"DEL03-BA";"UOP01-DEL03-BA"
568197;2023-12-16;"sábado";"09:40:00";"SC";101;116;"ITAJAI";"Condutor deixou de manter distância do veículo da frente";"Engavetamento";"Com Vítimas Feridas";"Pleno dia";"Crescente";"Nublado";"Múltipla";"Reta";"Não";4;0;1;0;3;0;1;3;-26,87905605;-48,72603512;"SPRF-SC";"DEL04-SC";"UOP04-DEL04-SC"
568198;2023-12-16;"sábado";"11:30:00";"SC";101;325;"CAPIVARI DE BAIXO";"Demais falhas mecânicas ou elétricas";"Tombamento";"Com Vítimas Feridas";"Pleno dia";"Crescente";"Sol";"Dupla";"Declive";"Não";2;0;2;0;0;0;2;1;-28,42664403;-48,94572794;"SPRF-SC";"DEL02-SC";"UOP01-DEL02-SC"
568199;2023-12-16;"sábado";"10:50:00";"RJ";101;479;"ANGRA DOS REIS";"Demais falhas mecânicas ou elétricas";"Colisão com objeto";"Com Vítimas Feridas";"Pleno dia";"Crescente";"Sol";"Simples";"Reta";"Sim";4;0;3;0;1;0;3;2;-23,00854164;-44,27562028;"SPRF-RJ";"DEL03-RJ";"UOP03-DEL03-RJ"
568202;2023-12-16;"sábado";"11:20:00";"PR";277;668,2;"MEDIANEIRA";"Avarias e/ou desgaste excessivo no pneu";"Saída de leito carroçável";"Com Vítimas Feridas";"Pleno dia";"Crescente";"Sol";"Dupla";"Reta";"Não";1;0;1;0;0;0;1;1;-25,27063805;-54,06252597;"SPRF-PR";"DEL05-PR";"UOP02-DEL05-PR"
568205;2023-12-16;"sábado";"10:45:00";"SC";470;90,9;"ASCURRA";"Acessar a via sem observar a presença dos outros veículos";"Colisão transversal";"Com Vítimas Fatais";"Pleno dia";"Crescente";"Sol";"Simples";"Reta";"Não";2;1;1;0;0;0;1;2;-26,9794617;-49,3702783;"SPRF-SC";"DEL04-SC";"UOP01-DEL04-SC"
568207;2023-12-16;"sábado";"12:30:00";"SC";470;128,5;"LONTRAS";"Manobra de mudança de faixa";"Colisão traseira";"Com Vítimas Feridas";"Pleno dia";"Decrescente";"Sol";"Simples";"Curva";"Não";1;0;1;0;0;0;1;1;-27,143742;-49,548897;"SPRF-SC";"DEL04-SC";"UOP02-DEL04-SC"
568209;2023-12-16;"sábado";"09:30:00";"SC";280;44;"GUARAMIRIM";"Ausência de reação do condutor";"Saída de leito carroçável";"Com Vítimas Feridas";"Pleno dia";"Decrescente";"Sol";"Dupla";"Reta";"Não";1;0;1;0;0;0;1;1;-26,4517722;-48,88789399;"SPRF-SC";"DEL03-SC";"UOP03-DEL03-SC"
568211;2023-12-16;"sábado";"13:45:00";"SC";101;201;"SAO JOSE";"Manobra de mudança de faixa";"Colisão lateral mesmo sentido";"Com Vítimas Feridas";"Pleno dia";"Crescente";"Sol";"Dupla";"Reta";"Sim";2;0;1;0;1;0;1;2;-27,54836599;-48,61977975;"SPRF-SC";"DEL01-SC";"UOP01-DEL01-SC"
568212;2023-12-16;"sábado";"13:30:00";"MG";365;625;"UBERLANDIA";"Ausência de reação do condutor";"Queda de ocupante de veículo";"Com Vítimas Feridas";"Pleno dia";"Crescente";"Céu Claro";"Dupla";"Reta";"Sim";1;0;0;1;0;0;1;1;-18,90585472;-48,32526001;"SPRF-MG";"DEL15-MG";"UOP01-DEL15-MG"
568213;2023-12-16;"sábado";"12:30:00";"SC";101;333,5;"TUBARAO";"Manobra de mudança de faixa";"Colisão lateral mesmo sentido";"Sem Vítimas";"Pleno dia";"Crescente";"Chuva";"Dupla";"Reta";"Sim";2;0;0;0;2;0;0;2;-28,46630107;-48,99653096;"SPRF-SC";"DEL02-SC";"UOP01-DEL02-SC"
568214;2023-12-02;"sábado";"20:40:00";"TO";153;496;"PARAISO DO TOCANTINS";"Desrespeitar a preferência no cruzamento";"Colisão transversal";"Com Vítimas Fatais";"Plena Noite";"Crescente";"Nublado";"Simples";"Reta;Interseção de Vias;Aclive";"Sim";4;1;0;0;3;0;0;2;-10,16527794;-48,88094578;"SPRF-TO";"DEL01-TO";"UOP01-DEL01-TO"
568215;2023-12-16;"sábado";"11:10:00";"AC";317;118;"CAPIXABA";"Ausência de reação do condutor";"Saída de leito carroçável";"Sem Vítimas";"Pleno dia";"Decrescente";"Chuva";"Simples";"Declive";"Não";1;0;0;0;0;1;0;1;-10,36273497;-67,70888293;"SPRF-AC";"DEL01-AC";"UOP01-DEL01-AC"
568216;2023-12-16;"sábado";"10:40:00";"BA";101;690;"ITAGIMIRIM";"Pista Escorregadia";"Saída de leito carroçável";"Com Vítimas Feridas";"Pleno dia";"Crescente";"Céu Claro";"Simples";"Curva;Declive";"Não";2;0;1;0;1;0;1;1;-16,172822;-39,595366;"SPRF-BA";"DEL09-BA";"UOP01-DEL09-BA"
568217;2023-12-16;"sábado";"14:00:00";"SP";116;155;"SAO JOSE DOS CAMPOS";"Reação tardia ou ineficiente do condutor";"Colisão traseira";"Com Vítimas Feridas";"Pleno dia";"Crescente";"Sol";"Dupla";"Declive";"Sim";3;0;1;0;2;0;1;2;-23,24524337;-45,92772774;"SPRF-SP";"DEL02-SP";"UOP01-DEL02-SP"
568218;2023-12-16;"sábado";"13:35:00";"MG";381;500;"BETIM";"Trafegar com motocicleta (ou similar) entre as faixas";"Colisão traseira";"Com Vítimas Feridas";"Pleno dia";"Decrescente";"Céu Claro";"Dupla";"Reta";"Sim";2;0;1;0;1;0;1;2;-20,02513493;-44,23112709;"SPRF-MG";"DEL01-MG";"UOP03-DEL01-MG"
568220;2023-12-16;"sábado";"12:20:00";"RS";290;29;"SANTO ANTONIO DA PATRULHA";"Ausência de reação do condutor";"Saída de leito carroçável";"Com Vítimas Feridas";"Pleno dia";"Decrescente";"Céu Claro";"Múltipla";"Reta";"Não";4;0;1;0;3;0;1;1;-29,883329;-50,54509;"SPRF-RS";"DEL03-RS";"UOP01-DEL03-RS"
568221;2023-12-16;"sábado";"11:54:00";"MT";364;270,8;"JACIARA";"Condutor deixou de manter distância do veículo da frente";"Colisão traseira";"Com Vítimas Feridas";"Pleno dia";"Decrescente";"Céu Claro";"Dupla";"Reta;Declive";"Sim";4;0;1;0;3;0;1;3;-15,9689785;-54,94463002;"SPRF-MT";"DEL05-MT";"UOP02-DEL05-MT"
568222;2023-12-16;"sábado";"14:10:00";"SP";116;95,3;"PINDAMONHANGABA";"Demais falhas mecânicas ou elétricas";"Tombamento";"Com Vítimas Feridas";"Pleno dia";"Crescente";"Sol";"Dupla";"Reta";"Não";2;0;2;0;0;0;2;1;-22,96514512;-45,43013094;"SPRF-SP";"DEL08-SP";"UOP01-DEL08-SP"
568223;2023-12-16;"sábado";"13:30:00";"GO";60;92,8;"ANAPOLIS";"Velocidade Incompatível";"Colisão com objeto";"Sem Vítimas";"Pleno dia";"Decrescente";"Céu Claro";"Dupla";"Reta";"Sim";1;0;0;0;0;1;0;1;-16,353;-48,9178;"SPRF-GO";"DEL02-GO";"UOP01-DEL02-GO"
568224;2023-12-16;"sábado";"14:00:00";"PE";104;114,5;"PANELAS";"Ingestão de álcool pelo condutor";"Colisão lateral mesmo sentido";"Com Vítimas Feridas";"Pleno dia";"Crescente";"Céu Claro";"Simples";"Reta";"Sim";2;0;1;0;1;0;1;2;-8,651909;-36,01405;"SPRF-PE";"DEL02-PE";"UOP03-DEL02-PE"
568225;2023-12-16;"sábado";"11:50:00";"RJ";40;123;"DUQUE DE CAXIAS";"Demais falhas mecânicas ou elétricas";"Incêndio";"Sem Vítimas";"Pleno dia";"Decrescente";"Céu Claro";"Simples";"Reta";"Não";1;0;0;0;1;0;0;1;-22,79907687;-43,29015739;"SPRF-RJ";"DEL01-RJ";"UOP02-DEL01-RJ"
568227;2023-12-16;"sábado";"13:40:00";"RJ";101;563;"PARATY";"Velocidade Incompatível";"Saída de leito carroçável";"Com Vítimas Feridas";"Pleno dia";"Decrescente";"Céu Claro";"Simples";"Curva";"Não";2;0;2;0;0;0;2;1;-23,13775543;-44,69967842;"SPRF-RJ";"DEL03-RJ";"UOP04-DEL03-RJ"
568228;2023-12-16;"sábado";"14:12:00";"PI";343;1;"TERESINA";"Condutor deixou de manter distância do veículo da frente";"Colisão traseira";"Sem Vítimas";"Pleno dia";"Crescente";"Nublado";"Múltipla";"Declive";"Sim";2;0;0;0;2;0;0;2;-5,089569;-42,802288;"SPRF-PI";"DEL01-PI";"UOP01-DEL01-PI"
568229;2023-12-16;"sábado";"07:00:00";"SC";282;559,3;"NOVA ITABERABA";"Reação tardia ou ineficiente do condutor";"Saída de leito carroçável";"Sem Vítimas";"Amanhecer";"Crescente";"Céu Claro";"Simples";"Curva";"Não";1;0;0;0;0;1;0;1;-26,93170075;-52,84118392;"SPRF-SC";"DEL07-SC";"UOP01-DEL07-SC"
568232;2023-12-16;"sábado";"13:30:00";"ES";101;270,6;"SERRA";"Acesso irregular";"Colisão transversal";"Com Vítimas Feridas";"Pleno dia";"Decrescente";"Céu Claro";"Dupla";"Reta;Interseção de Vias";"Sim";2;0;1;0;1;0;1;2;-20,22662056;-40,27075088;"SPRF-ES";"DEL02-ES";"UOP01-DEL02-ES"
568233;2023-12-16;"sábado";"11:00:00";"MG";267;56,2;"GUARARA";"Acessar a via sem observar a presença dos outros veículos";"Colisão transversal";"Com Vítimas Feridas";"Pleno dia";"Decrescente";"Céu Claro";"Simples";"Interseção de Vias;Reta";"Sim";6;0;5;0;1;0;5;2;-21,72321004;-43,02098803;"SPRF-MG";"DEL07-MG";"UOP01-DEL07-MG"
568234;2023-12-16;"sábado";"13:10:00";"RJ";101;420;"MANGARATIBA";"Reação tardia ou ineficiente do condutor";"Colisão traseira";"Com Vítimas Feridas";"Pleno dia";"Decrescente";"Céu Claro";"Dupla";"Interseção de Vias";"Não";3;0;1;0;1;1;1;3;-22,916376;-43,932297;"SPRF-RJ";"DEL03-RJ";"UOP02-DEL03-RJ"
568237;2023-12-16;"sábado";"14:50:00";"SC";101;401;"MARACAJA";"Ausência de reação do condutor";"Colisão frontal";"Com Vítimas Feridas";"Pleno dia";"Decrescente";"Céu Claro";"Múltipla";"Reta";"Sim";2;0;0;1;1;0;1;2;-28,85594274;-49,44019434;"SPRF-SC";"DEL02-SC";"UOP02-DEL02-SC"
568239;2023-12-16;"sábado";"15:05:00";"SP";116;225;"GUARULHOS";"Trafegar com motocicleta (ou similar) entre as faixas";"Queda de ocupante de veículo";"Com Vítimas Feridas";"Pleno dia";"Decrescente";"Garoa/Chuvisco";"Dupla";"Reta";"Não";2;0;2;0;0;0;2;1;-23,48586772;-46,54075317;"SPRF-SP";"DEL01-SP";"UOP01-DEL01-SP"
568241;2023-12-16;"sábado";"15:30:00";"RS";116;246,9;"SAO LEOPOLDO";"Condutor deixou de manter distância do veículo da frente";"Colisão traseira";"Sem Vítimas";"Pleno dia";"Decrescente";"Céu Claro";"Dupla";"Reta";"Sim";4;0;0;0;4;0;0;2;-29,758751;-51,15186806;"SPRF-RS";"DEL01-RS";"UOP02-DEL01-RS"
568243;2023-12-16;"sábado";"14:30:00";"MS";163;492,8;"CAMPO GRANDE";"Velocidade Incompatível";"Saída de leito carroçável";"Com Vítimas Fatais";"Pleno dia";"Crescente";"Céu Claro";"Simples";"Curva";"Não";1;1;0;0;0;0;0;1;-20,382007;-54,540279;"SPRF-MS";"DEL01-MS";"UOP02-DEL01-MS"
568244;2023-12-16;"sábado";"15:00:00";"AL";101;69;"MESSIAS";"Ingestão de álcool pelo condutor";"Saída de leito carroçável";"Com Vítimas Feridas";"Pleno dia";"Decrescente";"Céu Claro";"Dupla";"Reta";"Não";2;0;2;0;0;0;2;1;-9,3567039;-35,83770223;"SPRF-AL";"DEL01-AL";"UOP02-DEL01-AL"
568245;2023-12-16;"sábado";"14:10:00";"RJ";116;103;"GUAPIMIRIM";"Demais falhas mecânicas ou elétricas";"Incêndio";"Sem Vítimas";"Pleno dia";"Decrescente";"Céu Claro";"Dupla";"Curva;Aclive";"Não";1;0;0;0;1;0;0;1;-22,5031646;-42,99910415;"SPRF-RJ";"DEL04-RJ";"UOP01-DEL04-RJ"
568247;2023-12-16;"sábado";"13:39:00";"MT";364;373,5;"SANTO ANTONIO DO LEVERGER";"Reação tardia ou ineficiente do condutor";"Saída de leito carroçável";"Com Vítimas Feridas";"Pleno dia";"Decrescente";"Céu Claro";"Dupla";"Reta";"Não";2;0;2;0;0;0;2;1;-15,70895072;-55,70202884;"SPRF-MT";"DEL01-MT";"UOP02-DEL01-MT"
568248;2023-12-16;"sábado";"15:40:00";"PR";277;582,3;"CASCAVEL";"Acessar a via sem observar a presença dos outros veículos";"Colisão transversal";"Com Vítimas Feridas";"Pleno dia";"Decrescente";"Céu Claro";"Simples";"Reta";"Não";2;0;1;0;1;0;1;2;-24,97675228;-53,38623215;"SPRF-PR";"DEL04-PR";"UOP01-DEL04-PR"
568249;2023-12-16;"sábado";"15:50:00";"PE";232;137,8;"CARUARU";"Pedestre cruzava a pista fora da faixa";"Atropelamento de Pedestre";"Com Vítimas Feridas";"Pleno dia";"Crescente";"Céu Claro";"Dupla";"Reta";"Não";3;0;0;2;1;0;2;2;-8,31781309;-36,05717182;"SPRF-PE";"DEL02-PE";"UOP01-DEL02-PE"
568250;2023-12-16;"sábado";"14:45:00";"SP";116;280;"EMBU DAS ARTES";"Ausência de reação do condutor";"Colisão lateral mesmo sentido";"Com Vítimas Feridas";"Pleno dia";"Crescente";"Céu Claro";"Dupla";"Reta";"Sim";3;0;1;0;2;0;1;2;-23,66996108;-46,85590758;"SPRF-SP";"DEL04-SP";"UOP01-DEL04-SP"
568251;2023-12-16;"sábado";"13:05:00";"SC";282;492,9;"FAXINAL DOS GUEDES";"Reação tardia ou ineficiente do condutor";"Tombamento";"Com Vítimas Feridas";"Pleno dia";"Decrescente";"Céu Claro";"Simples";"Reta";"Não";2;0;2;0;0;0;2;1;-26,871534;-52,300915;"SPRF-SC";"DEL07-SC";"UOP01-DEL07-SC"
568252;2023-12-16;"sábado";"09:40:00";"AL";101;24;"JOAQUIM GOMES";"Condutor deixou de manter distância do veículo da frente";"Colisão traseira";"Com Vítimas Feridas";"Pleno dia";"Decrescente";"Nublado";"Simples";"Reta";"Não";3;0;1;1;0;1;2;2;-9,05000091;-35,71075009;"SPRF-AL";"DEL01-AL";"UOP02-DEL01-AL"
568253;2023-12-16;"sábado";"16:00:00";"DF";70;19,4;"BRASILIA";"Ausência de reação do condutor";"Saída de leito carroçável";"Sem Vítimas";"Pleno dia";"Decrescente";"Céu Claro";"Dupla";"Aclive;Reta";"Sim";1;0;0;0;1;0;0;1;-15,788868;-48,220242;"SPRF-DF";"DEL03-DF";"UOP02-DEL03-DF"
568255;2023-12-16;"sábado";"16:30:00";"RS";116;564,5;"PEDRO OSORIO";"Demais falhas mecânicas ou elétricas";"Saída de leito carroçável";"Com Vítimas Feridas";"Pleno dia";"Decrescente";"Céu Claro";"Simples";"Reta";"Não";5;0;4;0;1;0;4;1;-31,92693024;-52,7268519;"SPRF-RS";"DEL07-RS";"UOP03-DEL07-RS"
568256;2023-12-16;"sábado";"16:05:00";"SC";101;233;"PALHOCA";"Reação tardia ou ineficiente do condutor";"Colisão traseira";"Sem Vítimas";"Pleno dia";"Decrescente";"Nublado";"Dupla";"Reta";"Sim";2;0;0;0;2;0;0;2;-27,80376397;-48,63826211;"SPRF-SC";"DEL01-SC";"UOP02-DEL01-SC"
568257;2023-12-16;"sábado";"07:00:00";"BA";324;532;"FEIRA DE SANTANA";"Acessar a via sem observar a presença dos outros veículos";"Queda de ocupante de veículo";"Com Vítimas Feridas";"Pleno dia";"Crescente";"Céu Claro";"Dupla";"Reta";"Sim";1;0;1;0;0;0;1;1;-12,33921226;-38,8474782;"SPRF-BA";"DEL01-BA";"UOP03-DEL01-BA"
568258;2023-12-16;"sábado";"16:00:00";"GO";40;8,7;"VALPARAISO DE GOIAS";"Acessar a via sem observar a presença dos outros veículos";"Colisão traseira";"Com Vítimas Feridas";"Pleno dia";"Crescente";"Céu Claro";"Dupla";"Retorno Regulamentado;Reta";"Sim";2;0;0;1;1;0;1;2;-16,116158;-47,96761;"SPRF-DF";"DEL01-DF";"UOP01-DEL01-DF"
568259;2023-12-16;"sábado";"16:10:00";"SC";101;351,1;"SANGAO";"Condutor deixou de manter distância do veículo da frente";"Colisão traseira";"Com Vítimas Feridas";"Pleno dia";"Crescente";"Nublado";"Dupla";"Curva";"Não";3;0;2;0;1;0;2;2;-28,63576013;-49,09549713;"SPRF-SC";"DEL02-SC";"UOP01-DEL02-SC"
568260;2023-12-16;"sábado";"16:40:00";"SP";116;220;"GUARULHOS";"Trafegar com motocicleta (ou similar) entre as faixas";"Colisão lateral mesmo sentido";"Com Vítimas Feridas";"Pleno dia";"Decrescente";"Céu Claro";"Múltipla";"Reta";"Sim";4;0;2;0;2;0;2;3;-23,46472809;-46,49793962;"SPRF-SP";"DEL01-SP";"UOP01-DEL01-SP"