"id";"data_inversa";"dia_semana";"horario";"uf";"br";"km";"municipio";"causa_acidente";"tipo_acidente";"classificacao_acidente";"fase_dia";"sentido_via";"condicao_metereologica";"tipo_pista";"tracado_via";"uso_solo";"pessoas";"mortos";"feridos_leves";"feridos_graves";"ilesos";"ignorados";"feridos";"veiculos";"latitude";"longitude";"regional";"delegacia";"uop"
568261;2023-12-16;"sábado";"15:00:00";"GO";153;601;"MORRINHOS";"Ausência de reação do condutor";"Saída de leito carroçável";"Com Vítimas Feridas";"Pleno dia";"Decrescente";"Céu Claro";"Dupla";"Reta";"Não";2;0;2;0;0;0;2;1;-17,5606;-49,2023;"SPRF-GO";"DEL03-GO";"UOP01-DEL03-GO"
568262;2023-12-16;"sábado";"16:40:00";"ES";101;319,5;"GUARAPARI";"Ingestão de álcool e/ou substâncias psicoativas pelo pedestre";"Colisão lateral mesmo sentido";"Sem Vítimas";"Pleno dia";"Decrescente";"Sol";"Dupla";"Reta";"Não";2;0;0;0;2;0;0;2;-20,50358302;-40,47483522;"SPRF-ES";"DEL03-ES";"UOP01-DEL03-ES"
568263;2023-12-16;"sábado";"16:20:00";"SC";101;114;"ITAJAI";"Ausência de reação do condutor";"Queda de ocupante de veículo";"Com Vítimas Feridas";"Pleno dia";"Decrescente";"Céu Claro";"Múltipla";"Reta";"Não";2;0;1;0;1;0;1;1;-26,86192886;-48,7286704;"SPRF-SC";"DEL04-SC";"UOP04-DEL04-SC"
568264;2023-12-16;"sábado";"16:10:00";"PB";230;406,4;"POMBAL";"Ultrapassagem Indevida";"Colisão lateral sentido oposto";"Com Vítimas Feridas";"Pleno dia";"Decrescente";"Céu Claro";"Simples";"Reta";"Sim";2;0;0;1;1;0;1;2;-6,779668;-37,798733;"SPRF-PB";"DEL03-PB";"UOP02-DEL03-PB"
568265;2023-12-16;"sábado";"16:23:00";"RJ";101;565;"PARATY";"Ausência de reação do condutor";"Tombamento";"Com Vítimas Feridas";"Pleno dia";"Crescente";"Céu Claro";"Simples";"Curva";"Não";3;0;0;1;0;2;1;2;-23,151162;-44,69967999;"SPRF-RJ";"DEL03-RJ";"UOP04-DEL03-RJ"
568266;2023-12-16;"sábado";"16:30:00";"MG";40;690,4;"RESSAQUINHA";"Reação tardia ou ineficiente do condutor";"Colisão com objeto";"Sem Vítimas";"Pleno dia";"Decrescente";"Céu Claro";"Simples";"Curva";"Não";1;0;0;0;1;0;0;1;-21,1016579;-43,76384793;"SPRF-MG";"DEL05-MG";"UOP02-DEL05-MG"
568268;2023-12-16;"sábado";"16:20:00";"SC";101;45;"JOINVILLE";"Demais falhas mecânicas ou elétricas";"Tombamento";"Com Vítimas Feridas";"Pleno dia";"Crescente";"Sol";"Dupla";"Reta";"Sim";2;0;2;0;0;0;2;1;-26,31238996;-48,87458997;"SPRF-SC";"DEL03-SC";"UOP01-DEL03-SC"
568269;2023-12-16;"sábado";"16:00:00";"RS";472;572,7;"URUGUAIANA";"Transitar na contramão";"Colisão frontal";"Com Vítimas Fatais";"Pleno dia";"Crescente";"Céu Claro";"Simples";"Reta;Ponte";"Sim";4;1;2;0;0;1;2;3;-29,76575575;-57,03356981;"SPRF-RS";"DEL13-RS";"UOP01-DEL13-RS"
568270;2023-12-16;"sábado";"16:20:00";"SC";470;42;"GASPAR";"Ausência de reação do condutor";"Saída de leito carroçável";"Com Vítimas Feridas";"Pleno dia";"Crescente";"Céu Claro";"Simples";"Em Obras;Reta";"Não";3;0;1;1;1;0;2;1;-26,875719;-49,003746;"SPRF-SC";"DEL04-SC";"UOP01-DEL04-SC"
568273;2023-12-16;"sábado";"13:30:00";"MA";135;335,8;"PRESIDENTE DUTRA";"Reação tardia ou ineficiente do condutor";"Colisão frontal";"Com Vítimas Fatais";"Pleno dia";"Decrescente";"Céu Claro";"Simples";"Reta";"Não";6;2;2;2;0;0;4;2;-5,24785798;-44,48238789;"SPRF-MA";"DEL03-MA";"UOP01-DEL03-MA"
568274;2023-12-16;"sábado";"15:45:00";"MT";364;397;"CUIABA";"Ingestão de álcool pelo condutor";"Saída de leito carroçável";"Com Vítimas Feridas";"Pleno dia";"Decrescente";"Céu Claro";"Dupla";"Reta;Retorno Regulamentado";"Sim";2;0;1;0;1;0;1;1;-15,68642489;-55,91347495;"SPRF-MT";"DEL01-MT";"UOP02-DEL01-MT"
568276;2023-12-16;"sábado";"15:50:00";"RJ";40;89;"DUQUE DE CAXIAS";"Manobra de mudança de faixa";"Colisão lateral mesmo sentido";"Com Vítimas Feridas";"Pleno dia";"Decrescente";"Céu Claro";"Dupla";"Curva";"Não";2;0;1;0;1;0;1;2;-22,556263;-43,23718;"SPRF-RJ";"DEL01-RJ";"UOP01-DEL01-RJ"
568277;2023-12-16;"sábado";"14:30:00";"CE";222;314,5;"TIANGUA";"Velocidade Incompatível";"Colisão com objeto";"Com Vítimas Feridas";"Pleno dia";"Crescente";"Céu Claro";"Dupla";"Retorno Regulamentado";"Não";1;0;0;1;0;0;1;1;-3,73110045;-41,00095099;"SPRF-CE";"DEL04-CE";"UOP02-DEL04-CE"
568278;2023-12-16;"sábado";"17:10:00";"RS";153;20,8;"SEVERIANO DE ALMEIDA";"Acessar a via sem observar a presença dos outros veículos";"Colisão transversal";"Sem Vítimas";"Pleno dia";"Decrescente";"Nublado";"Simples";"Declive;Retorno Regulamentado;Interseção de Vias";"Não";2;0;0;0;2;0;0;2;-27,46701184;-52,10387543;"SPRF-RS";"DEL08-RS";"UOP04-DEL08-RS"
568279;2023-12-16;"sábado";"17:30:00";"MG";40;521;"CONTAGEM";"Avarias e/ou desgaste excessivo no pneu";"Tombamento";"Com Vítimas Feridas";"Pleno dia";"Crescente";"Céu Claro";"Dupla";"Curva";"Sim";2;0;2;0;0;0;2;1;-19,85651501;-44,07213222;"SPRF-MG";"DEL01-MG";"UOP02-DEL01-MG"
568280;2023-12-16;"sábado";"17:00:00";"PR";369;137;"IBIPORA";"Demais Fenômenos da natureza";"Colisão transversal";"Com Vítimas Feridas";"Pleno dia";"Crescente";"Céu Claro";"Simples";"Rotatória";"Sim";2;0;1;0;1;0;1;2;-23,27081594;-51,0442239;"SPRF-PR";"DEL07-PR";"UOP01-DEL07-PR"
568284;2023-12-16;"sábado";"18:10:00";"RS";392;117,1;"CANGUCU";"Acessar a via sem observar a presença dos outros veículos";"Colisão transversal";"Com Vítimas Feridas";"Pleno dia";"Crescente";"Céu Claro";"Simples";"Rotatória";"Sim";2;0;1;0;1;0;1;2;-31,41395934;-52,67567754;"SPRF-RS";"DEL07-RS";"UOP01-DEL07-RS"
568286;2023-12-16;"sábado";"17:00:00";"RJ";116;189;"NOVA IGUACU";"Reação tardia ou ineficiente do condutor";"Colisão traseira";"Com Vítimas Feridas";"Pleno dia";"Crescente";"Sol";"Dupla";"Reta";"Sim";2;0;1;0;1;0;1;2;-22,73765712;-43,49182298;"SPRF-RJ";"DEL06-RJ";"UOP01-DEL06-RJ"
568288;2023-12-16;"sábado";"17:50:00";"DF";20;46;"BRASILIA";"Frear bruscamente";"Atropelamento de Pedestre";"Com Vítimas Feridas";"Pleno dia";"Crescente";"Céu Claro";"Dupla";"Curva;Declive;Em Obras";"Não";4;0;1;0;2;1;1;2;-15,580584;-47,458492;"SPRF-DF";"DEL02-DF";"UOP01-DEL02-DF"
568289;2023-12-16;"sábado";"17:56:00";"ES";262;18,9;"VIANA";"Acessar a via sem observar a presença dos outros veículos";"Colisão transversal";"Com Vítimas Feridas";"Anoitecer";"Crescente";"Céu Claro";"Simples";"Reta";"Sim";2;0;0;1;1;0;1;2;-20,39252003;-40,48874139;"SPRF-ES";"DEL01-ES";"UOP01-DEL01-ES"
568292;2023-12-16;"sábado";"15:40:00";"MT";174;327;"PONTES E LACERDA";"Avarias e/ou desgaste excessivo no pneu";"Saída de leito carroçável";"Com Vítimas Feridas";"Pleno dia";"Decrescente";"Céu Claro";"Simples";"Reta";"Não";2;0;1;0;1;0;1;1;-14,90579098;-59,29368385;"SPRF-MT";"DEL04-MT";"UOP01-DEL04-MT"
568293;2023-12-16;"sábado";"18:30:00";"MG";381;498;"BETIM";"Conversão proibida";"Tombamento";"Com Vítimas Feridas";"Anoitecer";"Decrescente";"Céu Claro";"Dupla";"Reta";"Sim";2;0;1;0;1;0;1;1;-20,01172662;-44,21976041;"SPRF-MG";"DEL01-MG";"UOP03-DEL01-MG"
568295;2023-12-16;"sábado";"16:00:00";"RO";421;0,5;"ARIQUEMES";"Acessar a via sem observar a presença dos outros veículos";"Colisão transversal";"Com Vítimas Feridas";"Pleno dia";"Decrescente";"Céu Claro";"Simples";"Reta";"Sim";2;0;2;0;0;0;2;2;-9,916055;-63,05571;"SPRF-RO";"DEL03-RO";"UOP01-DEL03-RO"
568296;2023-11-28;"terça-feira";"06:35:00";"RJ";101;298;"ITABORAI";"Acesso irregular";"Atropelamento de Pedestre";"Com Vítimas Feridas";"Pleno dia";"Decrescente";"Céu Claro";"Dupla";"Reta";"Sim";2;0;0;1;1;0;1;2;-22,7714;-42,92896;"SPRF-RJ";"DEL02-RJ";"UOP02-DEL02-RJ"
568297;2023-12-16;"sábado";"18:19:00";"SP";381;82;"SAO PAULO";"Avarias e/ou desgaste excessivo no pneu";"Tombamento";"Com Vítimas Feridas";"Anoitecer";"Decrescente";"Nublado";"Múltipla";"Reta";"Não";1;0;1;0;0;0;1;1;-23,42399;-46,575112;"SPRF-SP";"DEL03-SP";"UOP01-DEL03-SP"
568298;2023-12-16;"sábado";"18:50:00";"RS";290;82;"GRAVATAI";"Avarias e/ou desgaste excessivo no pneu";"Tombamento";"Com Vítimas Feridas";"Pleno dia";"Decrescente";"Céu Claro";"Múltipla";"Reta";"Não";2;0;1;1;0;0;2;1;-29,955839;-51,079105;"SPRF-RS";"DEL01-RS";"UOP01-DEL01-RS"
568299;2023-12-16;"sábado";"18:40:00";"BA";110;305;"INHAMBUPE";"Ingestão de álcool pelo condutor";"Colisão transversal";"Com Vítimas Feridas";"Anoitecer";"Decrescente";"Céu Claro";"Simples";"Reta";"Não";4;0;3;0;0;1;3;2;-11,95159189;-38,36906832;"SPRF-BA";"DEL01-BA";"UOP04-DEL01-BA"
568300;2023-12-16;"sábado";"18:10:00";"BA";407;108,2;"JAGUARARI";"Acessar a via sem observar a presença dos outros veículos";"Colisão transversal";"Com Vítimas Feridas";"Anoitecer";"Crescente";"Céu Claro";"Simples";"Reta";"Não";4;0;2;0;2;0;2;2;-10,25144463;-40,19450109;"SPRF-BA";"DEL04-BA";"UOP01-DEL04-BA"
568301;2023-12-16;"sábado";"18:55:00";"BA";101;107;"ALAGOINHAS";"Ingestão de álcool pelo condutor";"Colisão frontal";"Com Vítimas Feridas";"Plena Noite";"Crescente";"Céu Claro";"Simples";"Reta";"Não";2;0;0;1;1;0;1;2;-12,03989242;-38,30183208;"SPRF-BA";"DEL01-BA";"UOP04-DEL01-BA"
568302;2023-12-16;"sábado";"19:00:00";"RN";304;116;"ITAJA";"Animais na Pista";"Atropelamento de Animal";"Com Vítimas Feridas";"Plena Noite";"Decrescente";"Céu Claro";"Simples";"Reta";"Sim";1;0;1;0;0;0;1;1;-5,61789417;-36,88865608;"SPRF-RN";"DEL04-RN";"UOP01-DEL04-RN"
568305;2023-12-16;"sábado";"19:10:00";"SE";235;4;"NOSSA SENHORA DO SOCORRO";"Animais na Pista";"Atropelamento de Animal";"Com Vítimas Feridas";"Plena Noite";"Decrescente";"Nublado";"Dupla";"Reta";"Sim";3;0;1;0;2;0;1;3;-10,9064;-37,1197;"SPRF-SE";"DEL01-SE";"UOP01-DEL01-SE"
568306;2023-12-16;"sábado";"18:00:00";"PR";153;43;"SANTO ANTONIO DA PLATINA";"Ausência de reação do condutor";"Colisão com objeto";"Com Vítimas Feridas";"Pleno dia";"Crescente";"Céu Claro";"Dupla";"Curva";"Sim";1;0;1;0;0;0;1;1;-23,302118;-50,07031;"SPRF-PR";"DEL07-PR";"UOP04-DEL07-PR"
568307;2023-12-16;"sábado";"19:00:00";"RJ";101;432;"MANGARATIBA";"Ausência de reação do condutor";"Colisão com objeto";"Com Vítimas Feridas";"Plena Noite";"Crescente";"Céu Claro";"Dupla";"Curva";"Não";1;0;0;1;0;0;1;1;-22,93437472;-44,02919087;"SPRF-RJ";"DEL03-RJ";"UOP02-DEL03-RJ"
568308;2023-12-16;"sábado";"16:30:00";"MT";364;250,3;"JUSCIMEIRA";"Condutor deixou de manter distância do veículo da frente";"Colisão traseira";"Com Vítimas Feridas";"Anoitecer";"Crescente";"Céu Claro";"Dupla";"Reta";"Sim";4;0;2;0;2;0;2;2;-16,12029135;-54,85333523;"SPRF-MT";"DEL02-MT";"UOP01-DEL02-MT"
568309;2023-12-16;"sábado";"19:10:00";"SP";116;273;"TABOAO DA SERRA";"Reação tardia ou ineficiente do condutor";"Colisão traseira";"Com Vítimas Feridas";"Plena Noite";"Decrescente";"Céu Claro";"Dupla";"Reta";"Sim";5;0;4;0;1;0;4;2;-23,62809795;-46,81870306;"SPRF-SP";"DEL04-SP";"UOP01-DEL04-SP"
568310;2023-12-16;"sábado";"19:00:00";"MG";262;439,8;"NOVA SERRANA";"Desvio temporário";"Colisão com objeto";"Com Vítimas Feridas";"Plena Noite";"Crescente";"Vento";"Dupla";"Reta;Em Obras";"Sim";4;0;1;0;0;3;1;2;-19,89197285;-44,88685183;"SPRF-MG";"DEL08-MG";"UOP03-DEL08-MG"
568311;2023-12-16;"sábado";"18:55:00";"RS";285;293;"PASSO FUNDO";"Desrespeitar a preferência no cruzamento";"Colisão transversal";"Com Vítimas Feridas";"Anoitecer";"Crescente";"Nublado";"Simples";"Rotatória";"Sim";2;0;1;0;1;0;1;2;-28,236645;-52,375156;"SPRF-RS";"DEL08-RS";"UOP03-DEL08-RS"
568312;2023-12-16;"sábado";"17:20:00";"ES";259;101,2;"BAIXO GUANDU";"Acessar a via sem observar a presença dos outros veículos";"Colisão transversal";"Com Vítimas Feridas";"Pleno dia";"Crescente";"Céu Claro";"Simples";"Reta";"Não";3;0;1;1;0;1;2;2;-19,52023464;-41,00239031;"SPRF-ES";"DEL02-ES";"UOP01-DEL02-ES"
568313;2023-12-16;"sábado";"16:30:00";"SC";153;77;"IRANI";"Velocidade Incompatível";"Saída de leito carroçável";"Com Vítimas Feridas";"Pleno dia";"Decrescente";"Chuva";"Simples";"Curva";"Não";1;0;0;1;0;0;1;1;-27,097824;-51,899704;"SPRF-SC";"DEL07-SC";"UOP04-DEL07-SC"
568314;2023-12-16;"sábado";"15:40:00";"MG";40;147;"JOAO PINHEIRO";"Reação tardia ou ineficiente do condutor";"Queda de ocupante de veículo";"Sem Vítimas";"Pleno dia";"Crescente";"Céu Claro";"Simples";"Reta;Declive";"Não";1;0;0;0;0;1;0;1;-17,76661664;-46,14857764;"SPRF-MG";"DEL14-MG";"UOP02-DEL14-MG"
568315;2023-12-16;"sábado";"18:40:00";"PR";116;131,5;"FAZENDA RIO GRANDE";"Ingestão de álcool pelo condutor";"Saída de leito carroçável";"Sem Vítimas";"Anoitecer";"Crescente";"Céu Claro";"Dupla";"Reta;Declive";"Sim";1;0;0;0;0;1;0;1;-25,68745498;-49,31662917;"SPRF-PR";"DEL01-PR";"UOP03-DEL01-PR"
568316;2023-12-16;"sábado";"16:04:00";"PI";20;333;"GEMINIANO";"Acesso irregular";"Saída de leito carroçável";"Com Vítimas Feridas";"Pleno dia";"Crescente";"Céu Claro";"Simples";"Reta";"Não";1;0;1;0;0;0;1;1;-7,10659918;-41,27020597;"SPRF-PI";"DEL04-PI";"UOP01-DEL04-PI"
568317;2023-12-16;"sábado";"17:50:00";"SC";101;126;"ITAJAI";"Manobra de mudança de faixa";"Colisão traseira";"Com Vítimas Feridas";"Pleno dia";"Crescente";"Céu Claro";"Dupla";"Aclive";"Não";2;0;1;0;1;0;1;2;-26,95564404;-48,67978366;"SPRF-SC";"DEL04-SC";"UOP04-DEL04-SC"
568318;2023-12-16;"sábado";"17:35:00";"SC";153;72;"IRANI";"Chuva";"Saída de leito carroçável";"Com Vítimas Feridas";"Pleno dia";"Crescente";"Chuva";"Simples";"Curva";"Não";1;0;1;0;0;0;1;1;-27,065798;-51,893486;"SPRF-SC";"DEL07-SC";"UOP04-DEL07-SC"
568320;2023-12-16;"sábado";"18:30:00";"RJ";465;22;"RIO DE JANEIRO";"Área urbana sem a presença de local apropriado para a travessia de pedestres";"Atropelamento de Pedestre";"Com Vítimas Feridas";"Plena Noite";"Decrescente";"Céu Claro";"Dupla";"Curva;Aclive";"Sim";2;0;0;1;1;0;1;2;-22,86768373;-43,59981179;"SPRF-RJ";"DEL03-RJ";"UOP01-DEL03-RJ"
568321;2023-12-16;"sábado";"19:35:00";"SC";101;207;"SAO JOSE";"Condutor deixou de manter distância do veículo da frente";"Colisão traseira";"Com Vítimas Feridas";"Anoitecer";"Crescente";"Céu Claro";"Dupla";"Reta";"Não";3;0;1;0;2;0;1;2;-27,60001226;-48,6226467;"SPRF-SC";"DEL01-SC";"UOP01-DEL01-SC"
568322;2023-12-16;"sábado";"18:17:00";"RJ";116;292,4;"BARRA MANSA";"Velocidade Incompatível";"Colisão com objeto";"Com Vítimas Feridas";"Anoitecer";"Decrescente";"Céu Claro";"Dupla";"Reta";"Não";1;0;1;0;0;0;1;1;-22,46511993;-44,28491095;"SPRF-RJ";"DEL07-RJ";"UOP02-DEL07-RJ"
568323;2023-12-16;"sábado";"13:20:00";"MT";70;672,5;"CACERES";"Ultrapassagem Indevida";"Colisão frontal";"Com Vítimas Fatais";"Pleno dia";"Decrescente";"Céu Claro";"Simples";"Reta";"Não";10;1;1;5;3;0;6;2;-16,06383102;-57,27074894;"SPRF-MT";"DEL03-MT";"UOP02-DEL03-MT"
568324;2023-12-16;"sábado";"19:10:00";"GO";40;2;"VALPARAISO DE GOIAS";"Ingestão de álcool pelo condutor";"Colisão traseira";"Sem Vítimas";"Plena Noite";"Crescente";"Céu Claro";"Dupla";"Reta";"Sim";2;0;0;0;2;0;0;2;-16,067129;-47,984235;"SPRF-DF";"DEL01-DF";"UOP01-DEL01-DF"
568325;2023-12-16;"sábado";"19:30:00";"SC";470;2;"NAVEGANTES";"Acessar a via sem observar a presença dos outros veículos";"Colisão transversal";"Com Vítimas Feridas";"Plena Noite";"Crescente";"Nublado";"Dupla";"Reta";"Sim";3;0;1;1;1;0;2;2;-26,868551;-48,674831;"SPRF-SC";"DEL04-SC";"UOP04-DEL04-SC"
568327;2023-12-16;"sábado";"20:00:00";"PE";104;65;"CARUARU";"Reação tardia ou ineficiente do condutor";"Colisão traseira";"Com Vítimas Feridas";"Plena Noite";"Crescente";"Céu Claro";"Dupla";"Retorno Regulamentado;Declive;Interseção de Vias";"Sim";3;0;1;0;2;0;1;3;-8,2867;-35,9838;"SPRF-PE";"DEL02-PE";"UOP01-DEL02-PE"
568328;2023-12-16;"sábado";"19:30:00";"SC";101;206,9;"SAO JOSE";"Reação tardia ou ineficiente do condutor";"Colisão traseira";"Com Vítimas Feridas";"Plena Noite";"Crescente";"Nublado";"Múltipla";"Reta";"Sim";3;0;1;0;1;1;1;3;-27,59193546;-48,61824557;"SPRF-SC";"DEL01-SC";"UOP01-DEL01-SC"
568330;2023-12-16;"sábado";"18:56:00";"GO";60;27;"ALEXANIA";"Ausência de reação do condutor";"Saída de leito carroçável";"Com Vítimas Feridas";"Plena Noite";"Decrescente";"Céu Claro";"Dupla";"Reta";"Não";1;0;1;0;0;0;1;1;-16,10412308;-48,45331192;"SPRF-DF";"DEL03-DF";"UOP01-DEL03-DF"
568331;2023-12-16;"sábado";"19:20:00";"RJ";116;109;"GUAPIMIRIM";"Condutor deixou de manter distância do veículo da frente";"Colisão traseira";"Com Vítimas Feridas";"Plena Noite";"Decrescente";"Céu Claro";"Dupla";"Reta";"Não";3;0;1;1;1;0;2;2;-22,54280711;-42,98518617;"SPRF-RJ";"DEL04-RJ";"UOP01-DEL04-RJ"
568332;2023-12-16;"sábado";"19:05:00";"BA";324;617;"SALVADOR";"Acessar a via sem observar a presença dos outros veículos";"Atropelamento de Pedestre";"Com Vítimas Feridas";"Plena Noite";"Decrescente";"Céu Claro";"Dupla";"Reta";"Sim";2;0;0;1;1;0;1;2;-12,8860325;-38,43806469;"SPRF-BA";"DEL01-BA";"UOP01-DEL01-BA"
568334;2023-12-16;"sábado";"19:18:00";"BA";116;28;"VITORIA DA CONQUISTA";"Ultrapassagem Indevida";"Colisão frontal";"Com Vítimas Feridas";"Plena Noite";"Crescente";"Céu Claro";"Simples";"Aclive";"Não";2;0;1;0;1;0;1;2;-14,83996821;-40,81850789;"SPRF-BA";"DEL08-BA";"UOP01-DEL08-BA"
568336;2023-12-16;"sábado";"16:30:00";"MT";364;561;"NOBRES";"Demais falhas mecânicas ou elétricas";"Incêndio";"Sem Vítimas";"Pleno dia";"Decrescente";"Chuva";"Dupla";"Curva;Declive";"Não";1;0;0;0;1;0;0;1;-14,7824259;-56,37807902;"SPRF-MT";"DEL01-MT";"UOP01-DEL01-MT"
568338;2023-12-16;"sábado";"20:20:00";"SP";116;46,1;"CANAS";"Pedestre andava na pista";"Atropelamento de Pedestre";"Com Vítimas Feridas";"Plena Noite";"Crescente";"Céu Claro";"Simples";"Reta";"Sim";2;0;0;1;1;0;1;2;-22,71393589;-45,05335608;"SPRF-SP";"DEL08-SP";"UOP02-DEL08-SP"
568339;2023-12-16;"sábado";"16:50:00";"RJ";101;319;"NITEROI";"Avarias e/ou desgaste excessivo no pneu";"Queda de ocupante de veículo";"Com Vítimas Feridas";"Pleno dia";"Crescente";"Céu Claro";"Dupla";"Reta";"Não";2;0;2;0;0;0;2;1;-22,85411774;-43,1018014;"SPRF-RJ";"DEL02-RJ";"UOP02-DEL02-RJ"
568340;2023-12-16;"sábado";"20:47:00";"GO";40;4;"VALPARAISO DE GOIAS";"Condutor deixou de manter distância do veículo da frente";"Engavetamento";"Sem Vítimas";"Plena Noite";"Crescente";"Céu Claro";"Dupla";"Declive";"Sim";3;0;0;0;3;0;0;3;-16,085241;-47,986752;"SPRF-DF";"DEL01-DF";"UOP01-DEL01-DF"
568341;2023-12-16;"sábado";"19:00:00";"MG";381;153,7;"GOVERNADOR VALADARES";"Manobra de mudança de faixa";"Colisão lateral mesmo sentido";"Com Vítimas Feridas";"Plena Noite";"Decrescente";"Nublado";"Simples";"Curva";"Não";2;0;0;2;0;0;2;2;-18,84728423;-41,98284024;"SPRF-MG";"DEL06-MG";"UOP01-DEL06-MG"
568342;2023-12-16;"sábado";"17:45:00";"BA";324;4,9;"FEIRA DE SANTANA";"Pista esburacada";"Tombamento";"Com Vítimas Feridas";"Anoitecer";"Decrescente";"Nublado";"Dupla";"Reta";"Sim";2;0;2;0;0;0;2;1;-12,267113;-38,966988;"SPRF-BA";"DEL02-BA";"UOP01-DEL02-BA"
568344;2023-12-16;"sábado";"19:10:00";"SP";381;28;"ATIBAIA";"Pedestre andava na pista";"Capotamento";"Com Vítimas Feridas";"Plena Noite";"Decrescente";"Chuva";"Dupla";"Reta";"Sim";4;0;1;0;3;0;1;2;-23,03614495;-46,55183601;"SPRF-SP";"DEL03-SP";"UOP02-DEL03-SP"
568346;2023-11-25;"sábado";"20:35:00";"MG";116;515,8;"UBAPORANGA";"Transitar na contramão";"Colisão frontal";"Com Vítimas Feridas";"Plena Noite";"Crescente";"Céu Claro";"Simples";"Reta";"Não";2;0;1;0;1;0;1;2;-19,68778501;-42,11758577;"SPRF-MG";"DEL06-MG";"UOP02-DEL06-MG"
568347;2023-12-16;"sábado";"21:05:00";"SC";101;123,3;"ITAJAI";"Manobra de mudança de faixa";"Colisão traseira";"Com Vítimas Feridas";"Plena Noite";"Crescente";"Céu Claro";"Múltipla";"Reta";"Não";3;0;2;0;0;1;2;2;-26,93668609;-48,69876905;"SPRF-SC";"DEL04-SC";"UOP04-DEL04-SC"
568348;2023-12-16;"sábado";"20:00:00";"DF";251;41;"BRASILIA";"Manobra de mudança de faixa";"Colisão frontal";"Com Vítimas Feridas";"Plena Noite";"Decrescente";"Céu Claro";"Simples";"Reta";"Não";2;0;1;0;0;1;1;2;-15,933754;-47,817089;"SPRF-DF";"DEL01-DF";"UOP01-DEL01-DF"
568349;2023-12-16;"sábado";"19:55:00";"SC";280;3;"SAO FRANCISCO DO SUL";"Ausência de reação do condutor";"Tombamento";"Com Vítimas Feridas";"Plena Noite";"Crescente";"Céu Claro";"Simples";"Reta";"Não";1;0;1;0;0;0;1;1;-26,246599;-48,615271;"SPRF-SC";"DEL03-SC";"UOP03-DEL03-SC"
568350;2023-12-16;"sábado";"21:00:00";"PE";407;115;"PETROLINA";"Ingestão de álcool pelo condutor";"Colisão traseira";"Sem Vítimas";"Plena Noite";"Crescente";"Céu Claro";"Simples";"Reta";"Sim";3;0;0;0;3;0;0;2;-9,2990308;-40,58250065;"SPRF-PE";"DEL06-PE";"UOP01-DEL06-PE"
568351;2023-12-16;"sábado";"21:15:00";"SC";101;204;"SAO JOSE";"Condutor deixou de manter distância do veículo da frente";"Colisão traseira";"Com Vítimas Feridas";"Plena Noite";"Crescente";"Céu Claro";"Múltipla";"Reta";"Sim";3;0;2;0;1;0;2;2;-27,57413014;-48,61363083;"SPRF-SC";"DEL01-SC";"UOP01-DEL01-SC"
568353;2023-12-16;"sábado";"21:47:00";"TO";153;722;"FIGUEIROPOLIS";"Acesso irregular";"Colisão transversal";"Com Vítimas Feridas";"Plena Noite";"Crescente";"Ignorado";"Simples";"Reta";"Sim";2;0;1;0;1;0;1;2;-12,13719423;-49,16925477;"SPRF-TO";"DEL01-TO";"UOP02-DEL01-TO"
568354;2023-12-16;"sábado";"20:30:00";"RN";405;151;"PAU DOS FERROS";"Entrada inopinada do pedestre";"Atropelamento de Pedestre";"Com Vítimas Feridas";"Plena Noite";"Crescente";"Céu Claro";"Dupla";"Reta";"Não";2;0;0;1;0;1;1;2;-6,11489502;-38,20651128;"SPRF-RN";"DEL04-RN";"UOP02-DEL04-RN"
568355;2023-12-16;"sábado";"21:20:00";"RJ";493;6;"ITABORAI";"Ausência de sinalização";"Queda de ocupante de veículo";"Com Vítimas Feridas";"Plena Noite";"Decrescente";"Céu Claro";"Dupla";"Reta";"Sim";2;0;0;1;1;0;1;1;-22,73124198;-42,95145305;"SPRF-RJ";"DEL02-RJ";"UOP02-DEL02-RJ"
568356;2023-12-05;"terça-feira";"20:30:00";"PE";232;414,3;"SERRA TALHADA";"Ingestão de álcool pelo condutor";"Capotamento";"Com Vítimas Feridas";"Plena Noite";"Decrescente";"Céu Claro";"Simples";"Reta";"Sim";1;0;0;1;0;0;1;1;-7,99236282;-38,33750809;"SPRF-PE";"DEL04-PE";"UOP01-DEL04-PE"
568357;2023-12-16;"sábado";"21:45:00";"SE";235;49;"ITABAIANA";"Entrada inopinada do pedestre";"Atropelamento de Pedestre";"Com Vítimas Feridas";"Plena Noite";"Decrescente";"Céu Claro";"Simples";"Reta";"Não";2;0;0;1;1;0;1;2;-10,716222;-37,421669;"SPRF-SE";"DEL01-SE";"UOP02-DEL01-SE"
568358;2023-12-16;"sábado";"19:30:00";"GO";153;126;"ESTRELA DO NORTE";"Reação tardia ou ineficiente do condutor";"Tombamento";"Com Vítimas Feridas";"Plena Noite";"Decrescente";"Céu Claro";"Simples";"Interseção de Vias";"Não";1;0;0;1;0;0;1;1;-13,875472;-49,053455;"SPRF-GO";"DEL07-GO";"UOP01-DEL07-GO"
568359;2023-12-16;"sábado";"21:50:00";"BA";324;514;"FEIRA DE SANTANA";"Ingestão de álcool pelo condutor";"Colisão transversal";"Sem Vítimas";"Plena Noite";"Crescente";"Céu Claro";"Simples";"Interseção de Vias";"Sim";4;0;0;0;4;0;0;2;-12,23226382;-38,95270586;"SPRF-BA";"DEL02-BA";"UOP01-DEL02-BA"