"id";"data_inversa";"dia_semana";"horario";"uf";"br";"km";"municipio";"causa_acidente";"tipo_acidente";"classificacao_acidente";"fase_dia";"sentido_via";"condicao_metereologica";"tipo_pista";"tracado_via";"uso_solo";"pessoas";"mortos";"feridos_leves";"feridos_graves";"ilesos";"ignorados";"feridos";"veiculos";"latitude";"longitude";"regional";"delegacia";"uop"
568361;2023-12-16;"sábado";"20:01:00";"RN";101;104;"PARNAMIRIM";"Condutor deixou de manter distância do veículo da frente";"Colisão traseira";"Com Vítimas Feridas";"Plena Noite";"Crescente";"Céu Claro";"Múltipla";"Viaduto;Declive";"Sim";2;0;1;0;1;0;1;2;-5,8932;-35,257572;"SPRF-RN";"DEL01-RN";"UOP01-DEL01-RN"
568362;2023-12-16;"sábado";"21:00:00";"PR";376;2;"SAO JOSE DOS PINHAIS";"Reação tardia ou ineficiente do condutor";"Colisão lateral mesmo sentido";"Sem Vítimas";"Plena Noite";"Crescente";"Céu Claro";"Dupla";"Reta";"Sim";2;0;0;0;2;0;0;2;-25,5307;-49,1958;"SPRF-PR";"DEL01-PR";"UOP04-DEL01-PR"
568363;2023-12-16;"sábado";"21:00:00";"PR";467;109,8;"CASCAVEL";"Retorno proibido";"Colisão transversal";"Com Vítimas Feridas";"Plena Noite";"Decrescente";"Céu Claro";"Dupla";"Reta;Retorno Regulamentado";"Não";4;0;1;0;3;0;1;2;-24,9261;-53,4589;"SPRF-PR";"DEL04-PR";"UOP01-DEL04-PR"
568365;2023-12-16;"sábado";"18:30:00";"SC";470;142;"RIO DO SUL";"Acessar a via sem observar a presença dos outros veículos";"Colisão transversal";"Com Vítimas Feridas";"Anoitecer";"Decrescente";"Chuva";"Simples";"Curva";"Sim";2;0;1;0;1;0;1;2;-27,21595127;-49,65364337;"SPRF-SC";"DEL04-SC";"UOP02-DEL04-SC"
568366;2023-12-16;"sábado";"22:10:00";"AL";101;74;"MESSIAS";"Reação tardia ou ineficiente do condutor";"Saída de leito carroçável";"Com Vítimas Feridas";"Plena Noite";"Crescente";"Ignorado";"Dupla";"Reta";"Não";5;0;5;0;0;0;5;1;-9,395538;-35,8387;"SPRF-AL";"DEL01-AL";"UOP01-DEL01-AL"
568367;2023-12-16;"sábado";"21:15:00";"SC";280;245,9;"CANOINHAS";"Reação tardia ou ineficiente do condutor";"Saída de leito carroçável";"Sem Vítimas";"Plena Noite";"Decrescente";"Céu Claro";"Simples";"Reta";"Não";1;0;0;0;1;0;0;1;-26,24768921;-50,5033452;"SPRF-SC";"DEL06-SC";"UOP04-DEL06-SC"
568368;2023-12-16;"sábado";"20:45:00";"PE";101;179,3;"JOAQUIM NABUCO";"Transitar na contramão";"Colisão lateral sentido oposto";"Com Vítimas Fatais";"Plena Noite";"Crescente";"Céu Claro";"Dupla";"Reta";"Não";3;1;0;1;1;0;1;2;-8,62683424;-35,55808471;"SPRF-PE";"DEL01-PE";"UOP03-DEL01-PE"
568369;2023-12-16;"sábado";"20:00:00";"RJ";465;17;"NOVA IGUACU";"Ausência de reação do condutor";"Colisão traseira";"Sem Vítimas";"Plena Noite";"Crescente";"Céu Claro";"Simples";"Reta";"Sim";2;0;0;0;2;0;0;2;-22,823448;-43,619843;"SPRF-RJ";"DEL06-RJ";"UOP02-DEL06-RJ"
568370;2023-12-16;"sábado";"20:12:00";"AC";364;138;"RIO BRANCO";"Ausência de reação do condutor";"Atropelamento de Pedestre";"Com Vítimas Feridas";"Plena Noite";"Crescente";"Céu Claro";"Dupla";"Reta";"Sim";2;0;0;2;0;0;2;2;-9,95359291;-67,86119892;"SPRF-AC";"DEL01-AC";"UOP01-DEL01-AC"
568371;2023-12-16;"sábado";"22:10:00";"RS";158;334,3;"SANTA MARIA";"Condutor deixou de manter distância do veículo da frente";"Colisão traseira";"Com Vítimas Fatais";"Plena Noite";"Crescente";"Nublado";"Simples";"Reta";"Sim";3;2;1;0;0;0;1;2;-29,708551;-53,862937;"SPRF-RS";"DEL09-RS";"UOP01-DEL09-RS"
568372;2023-12-16;"sábado";"14:20:00";"AP";156;458;"TARTARUGALZINHO";"Problema na suspensão";"Saída de leito carroçável";"Com Vítimas Feridas";"Pleno dia";"Crescente";"Nublado";"Simples";"Curva";"Não";1;0;1;0;0;0;1;1;1,41810007;-50,92601465;"SPRF-AP";"DEL01-AP";"UOP02-DEL01-AP"
568373;2023-12-16;"sábado";"18:30:00";"RR";401;15,5;"BONFIM";"Reação tardia ou ineficiente do condutor";"Colisão traseira";"Com Vítimas Fatais";"Anoitecer";"Crescente";"Ignorado";"Simples";"Reta";"Não";4;1;1;0;1;1;1;4;3,3593671;-59,83377;"SPRF-RR";"DEL01-RR";"UOP01-DEL01-RR"
568376;2023-12-16;"sábado";"23:25:00";"MG";40;786,1;"JUIZ DE FORA";"Demais falhas mecânicas ou elétricas";"Tombamento";"Com Vítimas Feridas";"Plena Noite";"Decrescente";"Céu Claro";"Dupla";"Curva";"Não";6;0;2;0;4;0;2;2;-21,72733544;-43,4385309;"SPRF-MG";"DEL05-MG";"UOP01-DEL05-MG"
568378;2023-12-16;"sábado";"22:50:00";"RJ";116;119;"MAGE";"Ausência de reação do condutor";"Queda de ocupante de veículo";"Com Vítimas Feridas";"Plena Noite";"Decrescente";"Céu Claro";"Dupla";"Curva";"Não";1;0;1;0;0;0;1;1;-22,61573088;-43,03749507;"SPRF-RJ";"DEL04-RJ";"UOP02-DEL04-RJ"
568380;2023-12-16;"sábado";"23:00:00";"MG";262;408;"IGARATINGA";"Reação tardia ou ineficiente do condutor";"Tombamento";"Com Vítimas Feridas";"Plena Noite";"Crescente";"Céu Claro";"Dupla";"Curva;Declive";"Não";2;0;2;0;0;0;2;1;-19,88464192;-44,61618402;"SPRF-MG";"DEL08-MG";"UOP03-DEL08-MG"
568381;2023-12-16;"sábado";"23:00:00";"MS";158;119,1;"APARECIDA DO TABOADO";"Condutor Dormindo";"Saída de leito carroçável";"Com Vítimas Feridas";"Plena Noite";"Decrescente";"Céu Claro";"Simples";"Reta";"Não";2;0;1;1;0;0;2;1;-19,860794;-51,12303;"SPRF-MS";"DEL08-MS";"UOP01-DEL08-MS"
568382;2023-12-16;"sábado";"23:15:00";"RJ";40;122;"DUQUE DE CAXIAS";"Reação tardia ou ineficiente do condutor";"Queda de ocupante de veículo";"Com Vítimas Feridas";"Plena Noite";"Crescente";"Céu Claro";"Múltipla";"Curva;Declive";"Sim";2;0;1;0;1;0;1;1;-22,79083113;-43,28611569;"SPRF-RJ";"DEL01-RJ";"UOP02-DEL01-RJ"
568384;2023-12-16;"sábado";"23:50:00";"PR";369;134;"IBIPORA";"Suicídio (presumido)";"Atropelamento de Pedestre";"Com Vítimas Feridas";"Plena Noite";"Crescente";"Céu Claro";"Simples";"Reta;Declive";"Não";3;0;1;0;2;0;1;2;-23,26211386;-51,02447748;"SPRF-PR";"DEL07-PR";"UOP01-DEL07-PR"
568385;2023-12-16;"sábado";"20:00:00";"RN";304;24;"MOSSORO";"Ausência de reação do condutor";"Saída de leito carroçável";"Com Vítimas Fatais";"Plena Noite";"Crescente";"Céu Claro";"Simples";"Rotatória";"Não";2;1;0;0;0;1;0;2;-5,06488233;-37,33287055;"SPRF-RN";"DEL04-RN";"UOP02-DEL04-RN"
568386;2023-12-17;"domingo";"00:10:00";"RN";101;83;"SAO GONCALO DO AMARANTE";"Reação tardia ou ineficiente do condutor";"Colisão traseira";"Com Vítimas Feridas";"Plena Noite";"Crescente";"Céu Claro";"Dupla";"Viaduto";"Sim";2;0;1;0;1;0;1;2;-5,7710445;-35,26616981;"SPRF-RN";"DEL02-RN";"UOP01-DEL02-RN"
568387;2023-12-16;"sábado";"16:20:00";"RO";364;1056;"PORTO VELHO";"Acumulo de água sobre o pavimento";"Colisão lateral sentido oposto";"Com Vítimas Feridas";"Pleno dia";"Decrescente";"Chuva";"Simples";"Reta";"Não";5;0;2;1;2;0;3;2;-9,79633742;-66,51384493;"SPRF-AC";"DEL01-AC";"UOP03-DEL01-AC"
568388;2023-12-16;"sábado";"23:30:00";"SC";116;192;"PONTE ALTA";"Ingestão de álcool pelo condutor";"Saída de leito carroçável";"Sem Vítimas";"Plena Noite";"Decrescente";"Céu Claro";"Simples";"Curva";"Não";1;0;0;0;1;0;0;1;-27,36303564;-50,43355252;"SPRF-SC";"DEL05-SC";"UOP03-DEL05-SC"
568390;2023-12-16;"sábado";"19:45:00";"GO";20;24;"FORMOSA";"Ingestão de álcool pelo condutor";"Colisão lateral sentido oposto";"Sem Vítimas";"Plena Noite";"Decrescente";"Ignorado";"Simples";"Reta;Declive";"Não";2;0;0;0;2;0;0;2;-15,54017;-47,142769;"SPRF-DF";"DEL02-DF";"UOP02-DEL02-DF"
568391;2023-12-17;"domingo";"01:15:00";"SP";116;270;"TABOAO DA SERRA";"Ausência de reação do condutor";"Colisão lateral mesmo sentido";"Com Vítimas Feridas";"Plena Noite";"Crescente";"Céu Claro";"Dupla";"Reta";"Não";2;0;0;1;1;0;1;2;-23,61799728;-46,79677694;"SPRF-SP";"DEL04-SP";"UOP01-DEL04-SP"
568392;2023-12-17;"domingo";"01:10:00";"RJ";101;58;"CAMPOS DOS GOYTACAZES";"Deficiência do Sistema de Iluminação/Sinalização";"Colisão transversal";"Com Vítimas Feridas";"Plena Noite";"Decrescente";"Céu Claro";"Simples";"Reta;Interseção de Vias";"Sim";3;0;1;0;2;0;1;2;-21,70488703;-41,30979616;"SPRF-RJ";"DEL08-RJ";"UOP01-DEL08-RJ"
568393;2023-12-17;"domingo";"00:55:00";"MG";262;363;"JUATUBA";"Ingestão de álcool pelo condutor";"Colisão traseira";"Sem Vítimas";"Plena Noite";"Decrescente";"Céu Claro";"Dupla";"Reta";"Não";2;0;0;0;2;0;0;2;-19,98332997;-44,23572401;"SPRF-MG";"DEL01-MG";"UOP03-DEL01-MG"
568395;2023-12-16;"sábado";"21:30:00";"PR";153;387,8;"MALLET";"Reação tardia ou ineficiente do condutor";"Colisão frontal";"Sem Vítimas";"Plena Noite";"Decrescente";"Chuva";"Simples";"Reta";"Não";1;0;0;0;0;1;0;1;-25,85785509;-50,84160408;"SPRF-PR";"DEL08-PR";"UOP02-DEL08-PR"
568396;2023-12-17;"domingo";"01:00:00";"RS";290;62;"GRAVATAI";"Ingestão de álcool pelo condutor";"Tombamento";"Sem Vítimas";"Plena Noite";"Decrescente";"Céu Claro";"Múltipla";"Reta";"Não";1;0;0;0;1;0;0;1;-29,932089;-50,877304;"SPRF-RS";"DEL03-RS";"UOP01-DEL03-RS"
568397;2023-12-16;"sábado";"22:40:00";"MT";174;101;"CACERES";"Acostamento em desnível";"Queda de ocupante de veículo";"Sem Vítimas";"Plena Noite";"Crescente";"Céu Claro";"Simples";"Reta";"Não";1;0;0;0;0;1;0;1;-15,83767801;-57,877233;"SPRF-MT";"DEL03-MT";"UOP01-DEL03-MT"
568399;2023-12-17;"domingo";"01:00:00";"SC";101;139;"BALNEARIO CAMBORIU";"Velocidade Incompatível";"Colisão traseira";"Sem Vítimas";"Plena Noite";"Decrescente";"Ignorado";"Dupla";"Reta";"Sim";2;0;0;0;2;0;0;2;-27,02982303;-48,60115006;"SPRF-SC";"DEL04-SC";"UOP03-DEL04-SC"
568400;2023-12-17;"domingo";"02:00:00";"DF";70;3;"BRASILIA";"Falta de elemento de contenção que evite a saída do leito carroçável";"Saída de leito carroçável";"Com Vítimas Feridas";"Plena Noite";"Crescente";"Céu Claro";"Dupla";"Reta";"Sim";1;0;1;0;0;0;1;1;-15,80054347;-48,07724476;"SPRF-DF";"DEL03-DF";"UOP02-DEL03-DF"
568401;2023-12-16;"sábado";"22:50:00";"SC";101;394;"MARACAJA";"Estacionar ou parar em local proibido";"Colisão traseira";"Com Vítimas Feridas";"Plena Noite";"Crescente";"Céu Claro";"Múltipla";"Reta";"Sim";3;0;2;0;0;1;2;2;-28,81326275;-49,38911611;"SPRF-SC";"DEL02-SC";"UOP02-DEL02-SC"
568402;2023-12-17;"domingo";"01:40:00";"SC";101;371,9;"ICARA";"Demais falhas mecânicas ou elétricas";"Tombamento";"Com Vítimas Feridas";"Plena Noite";"Decrescente";"Céu Claro";"Dupla";"Reta";"Não";1;0;1;0;0;0;1;1;-28,71319953;-49,21675444;"SPRF-SC";"DEL02-SC";"UOP01-DEL02-SC"
568403;2023-12-17;"domingo";"02:50:00";"DF";20;5;"BRASILIA";"Ingestão de álcool pelo condutor";"Saída de leito carroçável";"Sem Vítimas";"Plena Noite";"Decrescente";"Céu Claro";"Dupla";"Curva";"Não";1;0;0;0;1;0;0;1;-15,670546;-47,816044;"SPRF-DF";"DEL02-DF";"UOP01-DEL02-DF"
568405;2023-12-17;"domingo";"02:30:00";"MG";116;704,3;"MURIAE";"Ingestão de álcool pelo condutor";"Colisão traseira";"Com Vítimas Feridas";"Plena Noite";"Crescente";"Ignorado";"Simples";"Reta";"Sim";2;0;1;1;0;0;2;2;-21,13986812;-42,38251805;"SPRF-MG";"DEL07-MG";"UOP02-DEL07-MG"
568406;2023-12-17;"domingo";"02:00:00";"PR";369;425;"UBIRATA";"Reação tardia ou ineficiente do condutor";"Queda de ocupante de veículo";"Com Vítimas Feridas";"Plena Noite";"Crescente";"Céu Claro";"Simples";"Curva;Declive";"Não";1;0;0;1;0;0;1;1;-24,526682;-52,944722;"SPRF-PR";"DEL04-PR";"UOP03-DEL04-PR"
568408;2023-12-17;"domingo";"03:00:00";"MG";40;527;"CONTAGEM";"Ausência de reação do condutor";"Saída de leito carroçável";"Sem Vítimas";"Plena Noite";"Decrescente";"Céu Claro";"Dupla";"Curva;Retorno Regulamentado";"Sim";1;0;0;0;0;1;0;1;-19,90149502;-44,04938939;"SPRF-MG";"DEL01-MG";"UOP02-DEL01-MG"
568409;2023-12-17;"domingo";"03:00:00";"SP";381;82;"SAO PAULO";"Animais na Pista";"Atropelamento de Animal";"Sem Vítimas";"Plena Noite";"Crescente";"Céu Claro";"Múltipla";"Reta";"Sim";1;0;0;0;1;0;0;1;-23,42399;-46,575112;"SPRF-SP";"DEL03-SP";"UOP01-DEL03-SP"
568411;2023-12-17;"domingo";"03:00:00";"SP";116;59,6;"GUARATINGUETA";"Reação tardia ou ineficiente do condutor";"Colisão traseira";"Sem Vítimas";"Plena Noite";"Decrescente";"Céu Claro";"Dupla";"Reta";"Não";2;0;0;0;2;0;0;2;-22,78555649;-45,15339465;"SPRF-SP";"DEL08-SP";"UOP01-DEL08-SP"
568412;2023-12-17;"domingo";"01:20:00";"MS";163;485;"CAMPO GRANDE";"Suicídio (presumido)";"Queda de ocupante de veículo";"Com Vítimas Feridas";"Plena Noite";"Crescente";"Nublado";"Simples";"Reta";"Sim";2;0;1;0;0;1;1;1;-20,44233707;-54,54201834;"SPRF-MS";"DEL01-MS";"UOP02-DEL01-MS"
568413;2023-12-17;"domingo";"02:00:00";"PA";163;560;"TRAIRAO";"Animais na Pista";"Atropelamento de Animal";"Com Vítimas Feridas";"Plena Noite";"Crescente";"Céu Claro";"Simples";"Reta";"Não";2;0;1;0;0;1;1;1;-5,12166295;-56,11317794;"SPRF-PA";"DEL05-PA";"UOP02-DEL05-PA"
568414;2023-12-16;"sábado";"17:10:00";"RJ";101;328,9;"NITEROI";"Manobra de mudança de faixa";"Colisão lateral mesmo sentido";"Com Vítimas Feridas";"Pleno dia";"Decrescente";"Céu Claro";"Múltipla";"Reta";"Sim";3;0;2;0;1;0;2;2;-22,87028692;-43,16579699;"SPRF-RJ";"DEL02-RJ";"UOP01-DEL02-RJ"
568416;2023-12-17;"domingo";"01:45:00";"AL";101;135;"SAO MIGUEL DOS CAMPOS";"Ausência de reação do condutor";"Saída de leito carroçável";"Com Vítimas Fatais";"Plena Noite";"Crescente";"Céu Claro";"Simples";"Curva";"Não";3;2;0;0;0;1;0;2;-9,77199452;-36,10502243;"SPRF-AL";"DEL02-AL";"UOP01-DEL02-AL"
568417;2023-12-17;"domingo";"05:09:00";"MG";50;164,5;"UBERABA";"Conversão proibida";"Saída de leito carroçável";"Sem Vítimas";"Amanhecer";"Decrescente";"Céu Claro";"Dupla";"Aclive;Reta";"Não";2;0;0;0;2;0;0;1;-19,6847632;-47,99273153;"SPRF-MG";"DEL13-MG";"UOP01-DEL13-MG"
568418;2023-12-17;"domingo";"02:30:00";"MT";163;888,5;"CLAUDIA";"Reação tardia ou ineficiente do condutor";"Saída de leito carroçável";"Com Vítimas Feridas";"Plena Noite";"Crescente";"Céu Claro";"Simples";"Curva";"Não";1;0;1;0;0;0;1;1;-11,407043;-55,348488;"SPRF-MT";"DEL06-MT";"UOP02-DEL06-MT"
568419;2023-12-16;"sábado";"19:40:00";"GO";60;119;"TEREZOPOLIS DE GOIAS";"Acessar a via sem observar a presença dos outros veículos";"Atropelamento de Pedestre";"Com Vítimas Feridas";"Plena Noite";"Decrescente";"Céu Claro";"Dupla";"Aclive;Reta";"Não";3;0;2;0;1;0;2;2;-16,4914;-49,0999;"SPRF-GO";"DEL01-GO";"UOP01-DEL01-GO"
568420;2023-12-17;"domingo";"03:00:00";"RS";392;132,5;"CANGUCU";"Ingestão de álcool pelo condutor";"Saída de leito carroçável";"Com Vítimas Feridas";"Plena Noite";"Decrescente";"Céu Claro";"Simples";"Reta";"Não";1;0;1;0;0;0;1;1;-31,31385203;-52,76725603;"SPRF-RS";"DEL07-RS";"UOP01-DEL07-RS"
568421;2023-12-17;"domingo";"05:10:00";"PR";277;131;"BALSA NOVA";"Reação tardia ou ineficiente do condutor";"Colisão com objeto";"Com Vítimas Feridas";"Amanhecer";"Crescente";"Nublado";"Dupla";"Reta;Túnel";"Não";1;0;0;1;0;0;1;1;-25,45987;-49,6444;"SPRF-PR";"DEL03-PR";"UOP03-DEL03-PR"
568422;2023-12-17;"domingo";"05:15:00";"ES";101;144;"LINHARES";"Ingestão de álcool pelo condutor";"Colisão frontal";"Sem Vítimas";"Pleno dia";"Crescente";"Céu Claro";"Dupla";"Reta;Interseção de Vias";"Não";1;0;0;0;0;1;0;1;-19,35188295;-40,0636685;"SPRF-ES";"DEL04-ES";"UOP01-DEL04-ES"
568423;2023-12-16;"sábado";"20:00:00";"PR";277;588,3;"CASCAVEL";"Reação tardia ou ineficiente do condutor";"Colisão frontal";"Com Vítimas Feridas";"Plena Noite";"Decrescente";"Céu Claro";"Simples";"Reta;Declive";"Não";5;0;1;0;4;0;1;2;-24,97369293;-53,43816604;"SPRF-PR";"DEL04-PR";"UOP01-DEL04-PR"
568424;2023-12-17;"domingo";"03:40:00";"MG";116;623,9;"ORIZANIA";"Reação tardia ou ineficiente do condutor";"Saída de leito carroçável";"Com Vítimas Feridas";"Plena Noite";"Decrescente";"Nublado";"Simples";"Reta";"Não";1;0;1;0;0;0;1;1;-20,52227698;-42,19915104;"SPRF-MG";"DEL07-MG";"UOP02-DEL07-MG"
568425;2023-12-17;"domingo";"05:00:00";"RJ";101;556;"PARATY";"Condutor Dormindo";"Colisão frontal";"Com Vítimas Fatais";"Amanhecer";"Decrescente";"Céu Claro";"Simples";"Reta";"Não";2;2;0;0;0;0;0;2;-23,08433215;-44,69666524;"SPRF-RJ";"DEL03-RJ";"UOP04-DEL03-RJ"
568426;2023-12-17;"domingo";"03:00:00";"PR";369;146;"LONDRINA";"Velocidade Incompatível";"Tombamento";"Com Vítimas Feridas";"Plena Noite";"Decrescente";"Céu Claro";"Dupla";"Reta;Declive";"Sim";1;0;1;0;0;0;1;1;-23,29328181;-51,12453037;"SPRF-PR";"DEL07-PR";"UOP01-DEL07-PR"
568428;2023-12-17;"domingo";"06:30:00";"TO";230;86;"SAO BENTO DO TOCANTINS";"Ausência de reação do condutor";"Saída de leito carroçável";"Com Vítimas Feridas";"Pleno dia";"Crescente";"Céu Claro";"Simples";"Reta";"Não";1;0;1;0;0;0;1;1;-6,07239161;-47,91890172;"SPRF-TO";"DEL02-TO";"UOP03-DEL02-TO"
568429;2023-12-17;"domingo";"06:20:00";"SC";101;221;"PALHOCA";"Condutor Dormindo";"Saída de leito carroçável";"Com Vítimas Feridas";"Amanhecer";"Crescente";"Nublado";"Dupla";"Viaduto";"Sim";3;0;1;1;1;0;2;1;-27,699768;-48,660876;"SPRF-SC";"DEL01-SC";"UOP02-DEL01-SC"
568430;2023-12-17;"domingo";"05:50:00";"GO";153;605;"MORRINHOS";"Reação tardia ou ineficiente do condutor";"Saída de leito carroçável";"Com Vítimas Feridas";"Amanhecer";"Crescente";"Céu Claro";"Dupla";"Reta;Declive";"Não";1;0;1;0;0;0;1;1;-17,5952;-49,1912;"SPRF-GO";"DEL03-GO";"UOP01-DEL03-GO"
568431;2023-12-17;"domingo";"05:25:00";"SC";163;75,8;"SAO MIGUEL DO OESTE";"Condutor Dormindo";"Capotamento";"Com Vítimas Feridas";"Amanhecer";"Crescente";"Nublado";"Simples";"Curva;Declive";"Não";1;0;1;0;0;0;1;1;-26,69341396;-53,5158321;"SPRF-SC";"DEL07-SC";"UOP03-DEL07-SC"
568432;2023-12-17;"domingo";"07:10:00";"SP";116;81,4;"ROSEIRA";"Reação tardia ou ineficiente do condutor";"Colisão lateral mesmo sentido";"Com Vítimas Feridas";"Pleno dia";"Crescente";"Céu Claro";"Dupla";"Reta";"Não";2;0;2;0;0;0;2;2;-22,90482177;-45,31030655;"SPRF-SP";"DEL08-SP";"UOP01-DEL08-SP"
568434;2023-12-17;"domingo";"06:10:00";"PE";101;55,6;"RECIFE";"Manobra de mudança de faixa";"Colisão lateral mesmo sentido";"Com Vítimas Feridas";"Pleno dia";"Decrescente";"Sol";"Dupla";"Reta";"Não";3;0;2;0;0;1;2;2;-7,94806621;-34,9062148;"SPRF-PE";"DEL01-PE";"UOP02-DEL01-PE"
568435;2023-12-16;"sábado";"19:10:00";"MT";364;396;"CUIABA";"Manobra de mudança de faixa";"Queda de ocupante de veículo";"Com Vítimas Feridas";"Plena Noite";"Crescente";"Céu Claro";"Dupla";"Reta";"Sim";1;0;1;0;0;0;1;1;-15,69004774;-55,90523988;"SPRF-MT";"DEL01-MT";"UOP02-DEL01-MT"
568436;2023-12-17;"domingo";"06:40:00";"PR";277;34;"MORRETES";"Demais falhas mecânicas ou elétricas";"Colisão com objeto";"Sem Vítimas";"Pleno dia";"Decrescente";"Céu Claro";"Dupla";"Reta";"Não";1;0;0;0;1;0;0;1;-25,572408;-48,821048;"SPRF-PR";"DEL01-PR";"UOP05-DEL01-PR"
568437;2023-12-17;"domingo";"05:50:00";"MG";365;479;"PATROCINIO";"Reação tardia ou ineficiente do condutor";"Saída de leito carroçável";"Com Vítimas Feridas";"Amanhecer";"Decrescente";"Céu Claro";"Simples";"Reta";"Não";4;0;4;0;0;0;4;1;-18,90206404;-47,05534458;"SPRF-MG";"DEL10-MG";"UOP01-DEL10-MG"
568439;2023-12-17;"domingo";"01:00:00";"PA";10;58;"CASTANHAL";"Ingestão de álcool pelo condutor";"Tombamento";"Com Vítimas Feridas";"Plena Noite";"Decrescente";"Céu Claro";"Dupla";"Declive";"Sim";1;0;0;1;0;0;1;1;-1,298051;-47,95957;"SPRF-PA";"DEL02-PA";"UOP02-DEL02-PA"
568440;2023-12-17;"domingo";"04:30:00";"SP";116;119;"TAUBATE";"Avarias e/ou desgaste excessivo no pneu";"Queda de ocupante de veículo";"Com Vítimas Feridas";"Amanhecer";"Decrescente";"Céu Claro";"Dupla";"Reta";"Não";2;0;1;0;1;0;1;1;-23,06710044;-45,63562878;"SPRF-SP";"DEL02-SP";"UOP02-DEL02-SP"
568441;2023-12-17;"domingo";"06:50:00";"PR";277;511,5;"GUARANIACU";"Demais falhas mecânicas ou elétricas";"Tombamento";"Com Vítimas Feridas";"Pleno dia";"Decrescente";"Céu Claro";"Simples";"Reta";"Não";2;0;2;0;0;0;2;1;-25,121351;-52,79285;"SPRF-PR";"DEL04-PR";"UOP04-DEL04-PR"
568442;2023-12-17;"domingo";"02:00:00";"RS";285;671;"SAO BORJA";"Ausência de reação do condutor";"Saída de leito carroçável";"Com Vítimas Feridas";"Plena Noite";"Decrescente";"Céu Claro";"Simples";"Rotatória";"Não";1;0;1;0;0;0;1;1;-28,66852453;-55,95560074;"SPRF-RS";"DEL12-RS";"UOP01-DEL12-RS"
568443;2023-12-17;"domingo";"08:00:00";"RS";392;85,7;"PELOTAS";"Ausência de reação do condutor";"Colisão traseira";"Com Vítimas Feridas";"Pleno dia";"Crescente";"Céu Claro";"Simples";"Reta;Aclive";"Não";2;0;0;1;1;0;1;2;-31,64218213;-52,48744409;"SPRF-RS";"DEL07-RS";"UOP01-DEL07-RS"
568444;2023-12-17;"domingo";"07:55:00";"ES";262;42;"DOMINGOS MARTINS";"Reação tardia ou ineficiente do condutor";"Queda de ocupante de veículo";"Com Vítimas Feridas";"Pleno dia";"Crescente";"Céu Claro";"Simples";"Curva;Declive";"Não";2;0;0;2;0;0;2;1;-20,38524458;-40,65385185;"SPRF-ES";"DEL01-ES";"UOP01-DEL01-ES"
568445;2023-12-17;"domingo";"06:30:00";"RS";386;232;"SOLEDADE";"Ausência de reação do condutor";"Saída de leito carroçável";"Sem Vítimas";"Pleno dia";"Crescente";"Céu Claro";"Simples";"Curva;Declive";"Não";1;0;0;0;1;0;0;1;-28,709337;-52,573753;"SPRF-RS";"DEL04-RS";"UOP03-DEL04-RS"
568446;2023-12-17;"domingo";"08:18:00";"RN";304;299;"MACAIBA";"Condutor Dormindo";"Saída de leito carroçável";"Sem Vítimas";"Pleno dia";"Crescente";"Sol";"Dupla";"Reta";"Não";1;0;0;0;1;0;0;1;-5,87095859;-35,32359587;"SPRF-RN";"DEL01-RN";"UOP02-DEL01-RN"
568447;2023-12-17;"domingo";"07:30:00";"PE";101;18,9;"GOIANA";"Reação tardia ou ineficiente do condutor";"Saída de leito carroçável";"Com Vítimas Feridas";"Pleno dia";"Crescente";"Céu Claro";"Dupla";"Reta";"Não";1;0;0;1;0;0;1;1;-7,64778973;-34,95054569;"SPRF-PE";"DEL01-PE";"UOP02-DEL01-PE"
568449;2023-12-17;"domingo";"03:00:00";"MG";262;487,2;"BOM DESPACHO";"Ingestão de álcool pelo condutor";"Capotamento";"Com Vítimas Feridas";"Plena Noite";"Decrescente";"Vento";"Simples";"Reta";"Não";4;0;4;0;0;0;4;1;-19,78526432;-45,31343803;"SPRF-MG";"DEL08-MG";"UOP03-DEL08-MG"
568450;2023-12-17;"domingo";"02:30:00";"PE";104;103,4;"CUPIRA";"Animais na Pista";"Atropelamento de Animal";"Com Vítimas Fatais";"Plena Noite";"Crescente";"Céu Claro";"Simples";"Reta;Aclive";"Não";3;1;0;2;0;0;2;1;-8,589451;-35,95377;"SPRF-PE";"DEL02-PE";"UOP03-DEL02-PE"
568451;2023-12-17;"domingo";"07:00:00";"RS";287;258;"SANTA MARIA";"Ausência de reação do condutor";"Saída de leito carroçável";"Sem Vítimas";"Pleno dia";"Decrescente";"Céu Claro";"Simples";"Reta;Em Obras";"Não";1;0;0;0;0;1;0;1;-29,67776925;-53,95066209;"SPRF-RS";"DEL09-RS";"UOP01-DEL09-RS"
568452;2023-12-17;"domingo";"08:56:00";"SC";101;232,9;"PALHOCA";"Reação tardia ou ineficiente do condutor";"Tombamento";"Com Vítimas Feridas";"Pleno dia";"Crescente";"Céu Claro";"Dupla";"Reta";"Não";1;0;1;0;0;0;1;1;-27,795666;-48,638153;"SPRF-SC";"DEL01-SC";"UOP02-DEL01-SC"
568453;2023-12-17;"domingo";"07:40:00";"RS";116;233;"NOVO HAMBURGO";"Avarias e/ou desgaste excessivo no pneu";"Tombamento";"Com Vítimas Fatais";"Pleno dia";"Decrescente";"Céu Claro";"Simples";"Reta;Declive";"Sim";2;1;1;0;0;0;1;1;-29,64206007;-51,14268362;"SPRF-RS";"DEL01-RS";"UOP02-DEL01-RS"
568454;2023-12-17;"domingo";"04:30:00";"RS";116;238,8;"NOVO HAMBURGO";"Condutor Dormindo";"Colisão com objeto";"Com Vítimas Feridas";"Plena Noite";"Crescente";"Céu Claro";"Dupla";"Reta;Declive";"Sim";1;0;1;0;0;0;1;1;-29,69088545;-51,14306092;"SPRF-RS";"DEL01-RS";"UOP02-DEL01-RS"