"id";"data_inversa";"dia_semana";"horario";"uf";"br";"km";"municipio";"causa_acidente";"tipo_acidente";"classificacao_acidente";"fase_dia";"sentido_via";"condicao_metereologica";"tipo_pista";"tracado_via";"uso_solo";"pessoas";"mortos";"feridos_leves";"feridos_graves";"ilesos";"ignorados";"feridos";"veiculos";"latitude";"longitude";"regional";"delegacia";"uop"
568455;2023-12-16;"sábado";"21:00:00";"RJ";465;20;"NOVA IGUACU";"Acesso irregular";"Colisão frontal";"Com Vítimas Fatais";"Plena Noite";"Decrescente";"Céu Claro";"Simples";"Interseção de Vias";"Sim";3;1;0;1;0;1;1;2;-22,846828;-43,605339;"SPRF-RJ";"DEL06-RJ";"UOP02-DEL06-RJ"
568456;2023-12-16;"sábado";"15:00:00";"RJ";493;97;"JAPERI";"Velocidade Incompatível";"Saída de leito carroçável";"Com Vítimas Feridas";"Pleno dia";"Crescente";"Céu Claro";"Dupla";"Reta";"Não";2;0;2;0;0;0;2;1;-22,68815174;-43,67992401;"SPRF-RJ";"DEL01-RJ";"UOP03-DEL01-RJ"
568457;2023-12-17;"domingo";"07:50:00";"RJ";101;455;"MANGARATIBA";"Acessar a via sem observar a presença dos outros veículos";"Atropelamento de Pedestre";"Com Vítimas Feridas";"Pleno dia";"Decrescente";"Céu Claro";"Dupla";"Reta";"Não";2;0;0;1;1;0;1;2;-23,03130715;-44,15918011;"SPRF-RJ";"DEL03-RJ";"UOP02-DEL03-RJ"
568458;2023-12-17;"domingo";"07:45:00";"MT";364;391;"CUIABA";"Reação tardia ou ineficiente do condutor";"Colisão traseira";"Com Vítimas Feridas";"Pleno dia";"Decrescente";"Céu Claro";"Dupla";"Curva";"Não";2;0;0;1;1;0;1;2;-15,70133417;-55,863696;"SPRF-MT";"DEL01-MT";"UOP02-DEL01-MT"
568459;2023-12-17;"domingo";"08:20:00";"ES";101;92;"JAGUARE";"Condutor Dormindo";"Saída de leito carroçável";"Com Vítimas Feridas";"Pleno dia";"Decrescente";"Céu Claro";"Simples";"Reta";"Não";1;0;1;0;0;0;1;1;-18,91447199;-39,96390403;"SPRF-ES";"DEL04-ES";"UOP02-DEL04-ES"
568460;2023-12-17;"domingo";"08:05:00";"SP";116;91;"PINDAMONHANGABA";"Reação tardia ou ineficiente do condutor";"Engavetamento";"Com Vítimas Feridas";"Pleno dia";"Decrescente";"Sol";"Dupla";"Reta";"Sim";8;0;3;0;4;1;3;5;-22,94792286;-45,39587407;"SPRF-SP";"DEL08-SP";"UOP01-DEL08-SP"
568461;2023-12-17;"domingo";"09:30:00";"CE";116;7;"FORTALEZA";"Condutor deixou de manter distância do veículo da frente";"Colisão traseira";"Com Vítimas Feridas";"Pleno dia";"Crescente";"Céu Claro";"Múltipla";"Reta";"Sim";3;0;2;0;0;1;2;2;-3,81073099;-38,50074867;"SPRF-CE";"DEL01-CE";"UOP02-DEL01-CE"
568465;2023-12-17;"domingo";"09:20:00";"RJ";101;404;"ITAGUAI";"Avarias e/ou desgaste excessivo no pneu";"Queda de ocupante de veículo";"Com Vítimas Feridas";"Pleno dia";"Crescente";"Céu Claro";"Dupla";"Reta";"Não";2;0;2;0;0;0;2;1;-22,86342703;-43,79642098;"SPRF-RJ";"DEL03-RJ";"UOP01-DEL03-RJ"
568466;2023-12-17;"domingo";"09:50:00";"RS";116;253;"SAPUCAIA DO SUL";"Frear bruscamente";"Colisão lateral mesmo sentido";"Sem Vítimas";"Pleno dia";"Crescente";"Céu Claro";"Simples";"Curva";"Sim";3;0;0;0;3;0;0;2;-29,82654797;-51,17241311;"SPRF-RS";"DEL01-RS";"UOP02-DEL01-RS"
568467;2023-12-17;"domingo";"09:30:00";"MG";381;727;"CARMO DA CACHOEIRA";"Ausência de reação do condutor";"Colisão com objeto";"Com Vítimas Feridas";"Pleno dia";"Crescente";"Céu Claro";"Dupla";"Reta;Declive";"Não";4;0;3;0;1;0;3;1;-21,51583943;-45,22069256;"SPRF-MG";"DEL04-MG";"UOP02-DEL04-MG"
568468;2023-12-17;"domingo";"08:45:00";"MG";116;778;"LEOPOLDINA";"Velocidade Incompatível";"Saída de leito carroçável";"Com Vítimas Feridas";"Pleno dia";"Crescente";"Céu Claro";"Simples";"Curva";"Não";4;0;1;0;3;0;1;1;-21,60159985;-42,69912624;"SPRF-MG";"DEL07-MG";"UOP01-DEL07-MG"
568473;2023-12-17;"domingo";"07:40:00";"MG";40;91,6;"LAGOA GRANDE";"Transitar na contramão";"Colisão lateral sentido oposto";"Com Vítimas Feridas";"Pleno dia";"Decrescente";"Céu Claro";"Simples";"Reta";"Não";3;0;0;1;2;0;1;2;-17,50437166;-46,56757983;"SPRF-MG";"DEL14-MG";"UOP01-DEL14-MG"
568475;2023-12-17;"domingo";"09:40:00";"SC";470;12,8;"NAVEGANTES";"Ausência de reação do condutor";"Capotamento";"Com Vítimas Feridas";"Pleno dia";"Decrescente";"Nublado";"Dupla";"Reta";"Não";1;0;0;1;0;0;1;1;-26,835169;-48,757267;"SPRF-SC";"DEL04-SC";"UOP04-DEL04-SC"
568476;2023-12-17;"domingo";"10:28:00";"BA";135;147;"RIACHAO DAS NEVES";"Acessar a via sem observar a presença dos outros veículos";"Colisão transversal";"Com Vítimas Feridas";"Pleno dia";"Decrescente";"Céu Claro";"Simples";"Reta";"Sim";3;0;2;0;1;0;2;2;-11,921243;-44,889631;"SPRF-BA";"DEL08-BA";"UOP04-DEL08-BA"
568478;2023-12-17;"domingo";"10:30:00";"RS";116;606,8;"ARROIO GRANDE";"Problema na suspensão";"Saída de leito carroçável";"Sem Vítimas";"Pleno dia";"Crescente";"Céu Claro";"Simples";"Reta";"Não";2;0;0;0;2;0;0;1;-32,21190884;-53,03015511;"SPRF-RS";"DEL07-RS";"UOP03-DEL07-RS"
568480;2023-12-17;"domingo";"11:00:00";"SC";101;87;"BARRA VELHA";"Desrespeitar a preferência no cruzamento";"Colisão transversal";"Com Vítimas Feridas";"Pleno dia";"Crescente";"Sol";"Múltipla";"Reta";"Sim";2;0;1;0;1;0;1;2;-26,63713377;-48,69651057;"SPRF-SC";"DEL03-SC";"UOP02-DEL03-SC"
568481;2023-12-17;"domingo";"11:50:00";"MG";365;625;"UBERLANDIA";"Demais falhas na via";"Tombamento";"Com Vítimas Feridas";"Pleno dia";"Crescente";"Céu Claro";"Dupla";"Curva;Declive";"Sim";3;0;2;0;0;1;2;2;-18,91030585;-48,30557585;"SPRF-MG";"DEL15-MG";"UOP01-DEL15-MG"
568482;2023-12-17;"domingo";"05:40:00";"CE";122;55,8;"IBARETAMA";"Conversão proibida";"Colisão transversal";"Com Vítimas Feridas";"Pleno dia";"Decrescente";"Céu Claro";"Simples";"Reta";"Não";3;0;0;1;1;1;1;3;-4,70772076;-38,70844332;"SPRF-CE";"DEL03-CE";"UOP02-DEL03-CE"
568483;2023-12-17;"domingo";"08:10:00";"GO";364;0,5;"SAO SIMAO";"Reação tardia ou ineficiente do condutor";"Colisão traseira";"Com Vítimas Feridas";"Pleno dia";"Decrescente";"Céu Claro";"Simples";"Reta";"Não";4;0;1;0;3;0;1;2;-19,043621;-50,502663;"SPRF-GO";"DEL05-GO";"UOP02-DEL05-GO"
568485;2023-12-17;"domingo";"12:00:00";"PR";277;684;"SAO MIGUEL DO IGUACU";"Manobra de mudança de faixa";"Saída de leito carroçável";"Com Vítimas Feridas";"Pleno dia";"Decrescente";"Céu Claro";"Dupla";"Curva";"Não";1;0;1;0;0;0;1;1;-25,33864563;-54,19917133;"SPRF-PR";"DEL05-PR";"UOP01-DEL05-PR"
568486;2023-12-17;"domingo";"10:00:00";"RJ";40;94;"DUQUE DE CAXIAS";"Acumulo de óleo sobre o pavimento";"Queda de ocupante de veículo";"Com Vítimas Feridas";"Pleno dia";"Decrescente";"Céu Claro";"Dupla";"Curva";"Não";2;0;2;0;0;0;2;1;-22,55763285;-43,26574352;"SPRF-RJ";"DEL01-RJ";"UOP01-DEL01-RJ"
568487;2023-12-17;"domingo";"07:50:00";"MG";381;942;"EXTREMA";"Acesso irregular";"Colisão traseira";"Com Vítimas Feridas";"Pleno dia";"Decrescente";"Nublado";"Dupla";"Declive;Interseção de Vias;Curva";"Não";4;0;1;0;3;0;1;2;-22,86605937;-46,34940386;"SPRF-MG";"DEL16-MG";"UOP03-DEL16-MG"
568488;2023-12-17;"domingo";"11:40:00";"RS";153;511,9;"CACAPAVA DO SUL";"Demais falhas mecânicas ou elétricas";"Incêndio";"Sem Vítimas";"Pleno dia";"Decrescente";"Sol";"Simples";"Curva";"Não";1;0;0;0;1;0;0;1;-30,58385804;-53,39364592;"SPRF-RS";"DEL09-RS";"UOP02-DEL09-RS"
568489;2023-12-16;"sábado";"20:00:00";"MG";40;506;"RIBEIRAO DAS NEVES";"Manobra de mudança de faixa";"Colisão traseira";"Sem Vítimas";"Plena Noite";"Crescente";"Céu Claro";"Dupla";"Curva;Declive;Retorno Regulamentado";"Sim";2;0;0;0;1;1;0;2;-19,747879;-44,14769;"SPRF-MG";"DEL02-MG";"UOP01-DEL02-MG"
568490;2023-12-17;"domingo";"13:00:00";"RS";158;332;"SANTA MARIA";"Ausência de reação do condutor";"Colisão transversal";"Com Vítimas Feridas";"Pleno dia";"Decrescente";"Céu Claro";"Simples";"Reta";"Sim";2;0;0;2;0;0;2;2;-29,70794076;-53,8557744;"SPRF-RS";"DEL09-RS";"UOP01-DEL09-RS"
568491;2023-12-17;"domingo";"12:57:00";"SC";470;67,5;"INDAIAL";"Desrespeitar a preferência no cruzamento";"Colisão transversal";"Com Vítimas Feridas";"Pleno dia";"Decrescente";"Céu Claro";"Simples";"Viaduto";"Sim";5;0;1;0;4;0;1;2;-26,87529167;-49,23602343;"SPRF-SC";"DEL04-SC";"UOP01-DEL04-SC"
568493;2023-12-17;"domingo";"12:50:00";"SP";116;107;"TAUBATE";"Reação tardia ou ineficiente do condutor";"Colisão lateral mesmo sentido";"Com Vítimas Feridas";"Pleno dia";"Decrescente";"Céu Claro";"Dupla";"Reta";"Não";4;0;1;0;3;0;1;2;-23,01791287;-45,53009409;"SPRF-SP";"DEL02-SP";"UOP02-DEL02-SP"
568495;2023-12-17;"domingo";"13:50:00";"RS";116;263;"CANOAS";"Condutor desrespeitou a iluminação vermelha do semáforo";"Colisão transversal";"Com Vítimas Feridas";"Pleno dia";"Crescente";"Céu Claro";"Dupla";"Reta";"Sim";7;0;5;0;1;1;5;3;-29,90545398;-51,17674031;"SPRF-RS";"DEL01-RS";"UOP01-DEL01-RS"
568496;2023-12-17;"domingo";"13:50:00";"SP";381;57;"MAIRIPORA";"Acesso irregular";"Queda de ocupante de veículo";"Com Vítimas Feridas";"Pleno dia";"Crescente";"Céu Claro";"Dupla";"Reta";"Sim";1;0;1;0;0;0;1;1;-23,2658219;-46,5839857;"SPRF-SP";"DEL03-SP";"UOP01-DEL03-SP"
568497;2023-12-17;"domingo";"13:50:00";"MG";381;895,5;"CAMBUI";"Reação tardia ou ineficiente do condutor";"Colisão transversal";"Com Vítimas Feridas";"Pleno dia";"Crescente";"Céu Claro";"Dupla";"Reta";"Não";5;0;1;0;4;0;1;2;-22,62324893;-46,07503911;"SPRF-MG";"DEL16-MG";"UOP03-DEL16-MG"
568498;2023-12-17;"domingo";"13:50:00";"PR";277;119;"CURITIBA";"Reação tardia ou ineficiente do condutor";"Capotamento";"Sem Vítimas";"Pleno dia";"Decrescente";"Céu Claro";"Dupla";"Reta";"Não";1;0;0;0;1;0;0;1;-25,57724378;-49,31226069;"SPRF-PR";"DEL03-PR";"UOP03-DEL03-PR"
568500;2023-12-17;"domingo";"14:10:00";"PB";101;28;"RIO TINTO";"Velocidade Incompatível";"Tombamento";"Com Vítimas Feridas";"Pleno dia";"Decrescente";"Sol";"Dupla";"Reta;Retorno Regulamentado";"Não";1;0;0;1;0;0;1;1;-6,73315199;-35,12593202;"SPRF-PB";"DEL01-PB";"UOP04-DEL01-PB"
568501;2023-12-17;"domingo";"14:45:00";"PR";116;119;"CURITIBA";"Reação tardia ou ineficiente do condutor";"Colisão traseira";"Com Vítimas Feridas";"Pleno dia";"Crescente";"Céu Claro";"Dupla";"Reta";"Sim";2;0;1;0;1;0;1;2;-25,58295047;-49,31366097;"SPRF-PR";"DEL01-PR";"UOP03-DEL01-PR"
568502;2023-12-17;"domingo";"14:40:00";"RJ";116;127;"MAGE";"Condutor Dormindo";"Saída de leito carroçável";"Com Vítimas Feridas";"Pleno dia";"Crescente";"Céu Claro";"Dupla";"Reta";"Não";1;0;1;0;0;0;1;1;-22,66137035;-43,09295957;"SPRF-RJ";"DEL04-RJ";"UOP02-DEL04-RJ"
568504;2023-12-17;"domingo";"14:50:00";"RS";101;15,8;"DOM PEDRO DE ALCANTARA";"Ausência de reação do condutor";"Colisão com objeto";"Sem Vítimas";"Pleno dia";"Crescente";"Céu Claro";"Dupla";"Curva";"Não";2;0;0;0;1;1;0;2;-29,40232826;-49,8584686;"SPRF-RS";"DEL03-RS";"UOP02-DEL03-RS"
568506;2023-12-17;"domingo";"14:32:00";"SP";381;78;"SAO PAULO";"Ausência de reação do condutor";"Colisão frontal";"Com Vítimas Feridas";"Pleno dia";"Crescente";"Nublado";"Dupla";"Curva;Declive";"Não";2;0;0;1;1;0;1;2;-23,39620774;-46,57355227;"SPRF-SP";"DEL03-SP";"UOP01-DEL03-SP"
568508;2023-12-17;"domingo";"13:40:00";"RS";470;72,5;"LAGOA VERMELHA";"Reação tardia ou ineficiente do condutor";"Saída de leito carroçável";"Com Vítimas Feridas";"Pleno dia";"Crescente";"Céu Claro";"Simples";"Curva";"Não";2;0;1;0;0;1;1;2;-28,18482037;-51,5237546;"SPRF-RS";"DEL08-RS";"UOP05-DEL08-RS"
568509;2023-12-17;"domingo";"14:00:00";"SC";280;122,9;"SAO BENTO DO SUL";"Desrespeitar a preferência no cruzamento";"Colisão transversal";"Com Vítimas Feridas";"Pleno dia";"Crescente";"Céu Claro";"Simples";"Reta;Aclive";"Não";2;0;0;1;1;0;1;2;-26,24855895;-49,45712883;"SPRF-SC";"DEL06-SC";"UOP03-DEL06-SC"
568510;2023-12-17;"domingo";"15:00:00";"RS";392;115;"CANGUCU";"Acumulo de água sobre o pavimento";"Saída de leito carroçável";"Com Vítimas Feridas";"Pleno dia";"Crescente";"Chuva";"Simples";"Curva";"Não";1;0;1;0;0;0;1;1;-31,42456531;-52,66149946;"SPRF-RS";"DEL07-RS";"UOP01-DEL07-RS"
568511;2023-12-17;"domingo";"10:00:00";"RJ";356;22;"ITAPERUNA";"Reação tardia ou ineficiente do condutor";"Capotamento";"Com Vítimas Feridas";"Pleno dia";"Decrescente";"Céu Claro";"Simples";"Curva";"Não";1;0;0;1;0;0;1;1;-21,17787548;-41,9895678;"SPRF-RJ";"DEL08-RJ";"UOP03-DEL08-RJ"
568512;2023-12-17;"domingo";"14:40:00";"MG";116;578,5;"MANHUACU";"Reação tardia ou ineficiente do condutor";"Colisão com objeto";"Com Vítimas Feridas";"Pleno dia";"Decrescente";"Céu Claro";"Simples";"Reta";"Não";2;0;2;0;0;0;2;1;-20,16991998;-42,18875093;"SPRF-MG";"DEL06-MG";"UOP03-DEL06-MG"
568513;2023-12-17;"domingo";"14:35:00";"PI";316;21;"TERESINA";"Ausência de reação do condutor";"Saída de leito carroçável";"Com Vítimas Feridas";"Pleno dia";"Decrescente";"Sol";"Dupla";"Curva";"Não";2;0;2;0;0;0;2;1;-5,26746306;-42,72741334;"SPRF-PI";"DEL01-PI";"UOP02-DEL01-PI"
568514;2023-12-17;"domingo";"14:00:00";"BA";324;351;"CAPIM GROSSO";"Ingestão de álcool pelo condutor";"Queda de ocupante de veículo";"Com Vítimas Feridas";"Pleno dia";"Decrescente";"Céu Claro";"Simples";"Reta";"Sim";2;0;2;0;0;0;2;1;-11,36049342;-40,04140176;"SPRF-BA";"DEL04-BA";"UOP02-DEL04-BA"
568515;2023-12-17;"domingo";"12:50:00";"PI";343;347,7;"TERESINA";"Retorno proibido";"Colisão transversal";"Com Vítimas Feridas";"Pleno dia";"Decrescente";"Céu Claro";"Dupla";"Reta";"Sim";2;0;1;0;1;0;1;2;-5,11801254;-42,78501034;"SPRF-PI";"DEL01-PI";"UOP01-DEL01-PI"
568516;2023-12-17;"domingo";"14:00:00";"GO";153;373,8;"SAO FRANCISCO DE GOIAS";"Reação tardia ou ineficiente do condutor";"Colisão traseira";"Com Vítimas Feridas";"Pleno dia";"Crescente";"Céu Claro";"Simples";"Aclive;Reta";"Não";4;0;1;0;3;0;1;3;-15,852009;-49,266495;"SPRF-GO";"DEL02-GO";"UOP02-DEL02-GO"
568517;2023-12-17;"domingo";"15:20:00";"PE";232;410;"SERRA TALHADA";"Ausência de reação do condutor";"Queda de ocupante de veículo";"Com Vítimas Feridas";"Pleno dia";"Crescente";"Céu Claro";"Simples";"Reta";"Sim";1;0;1;0;0;0;1;1;-7,98261841;-38,30039606;"SPRF-PE";"DEL04-PE";"UOP01-DEL04-PE"
568518;2023-12-17;"domingo";"11:10:00";"MG";40;155,5;"JOAO PINHEIRO";"Ausência de reação do condutor";"Tombamento";"Com Vítimas Feridas";"Pleno dia";"Crescente";"Céu Claro";"Simples";"Aclive;Reta";"Não";1;0;1;0;0;0;1;1;-17,83407503;-46,13138322;"SPRF-MG";"DEL14-MG";"UOP02-DEL14-MG"
568519;2023-12-17;"domingo";"16:25:00";"PR";376;240;"APUCARANA";"Ingestão de álcool e/ou substâncias psicoativas pelo pedestre";"Saída de leito carroçável";"Sem Vítimas";"Pleno dia";"Crescente";"Céu Claro";"Dupla";"Curva";"Não";1;0;0;0;1;0;0;1;-23,58054376;-51,43596583;"SPRF-PR";"DEL07-PR";"UOP03-DEL07-PR"
568520;2023-12-17;"domingo";"16:25:00";"RJ";40;111;"DUQUE DE CAXIAS";"Reação tardia ou ineficiente do condutor";"Colisão lateral mesmo sentido";"Com Vítimas Feridas";"Pleno dia";"Crescente";"Céu Claro";"Dupla";"Reta";"Sim";2;0;1;0;1;0;1;2;-22,691868;-43,287453;"SPRF-RJ";"DEL01-RJ";"UOP02-DEL01-RJ"
568521;2023-12-17;"domingo";"17:05:00";"RJ";116;323;"ITATIAIA";"Curva acentuada";"Capotamento";"Com Vítimas Feridas";"Pleno dia";"Decrescente";"Céu Claro";"Simples";"Curva";"Não";1;0;1;0;0;0;1;1;-22,488885;-44,552696;"SPRF-RJ";"DEL07-RJ";"UOP02-DEL07-RJ"
568522;2023-12-17;"domingo";"14:00:00";"BA";415;27;"ILHEUS";"Ausência de sinalização";"Colisão traseira";"Com Vítimas Feridas";"Pleno dia";"Crescente";"Céu Claro";"Simples";"Curva";"Não";4;0;0;1;3;0;1;2;-14,8482;-39,281986;"SPRF-BA";"DEL05-BA";"UOP01-DEL05-BA"
568523;2023-12-17;"domingo";"14:30:00";"PR";277;279,6;"PRUDENTOPOLIS";"Ausência de reação do condutor";"Colisão com objeto";"Com Vítimas Feridas";"Pleno dia";"Crescente";"Céu Claro";"Simples";"Reta";"Não";5;0;2;0;3;0;2;2;-25,36455702;-50,91002702;"SPRF-PR";"DEL08-PR";"UOP02-DEL08-PR"
568524;2023-12-17;"domingo";"17:25:00";"BA";324;513;"FEIRA DE SANTANA";"Transitar no Acostamento";"Atropelamento de Pedestre";"Com Vítimas Feridas";"Anoitecer";"Decrescente";"Céu Claro";"Simples";"Reta;Interseção de Vias";"Sim";2;0;0;1;0;1;1;2;-12,23098007;-38,96101401;"SPRF-BA";"DEL02-BA";"UOP01-DEL02-BA"
568525;2023-12-17;"domingo";"17:10:00";"RS";101;10,3;"DOM PEDRO DE ALCANTARA";"Ausência de reação do condutor";"Queda de ocupante de veículo";"Com Vítimas Feridas";"Pleno dia";"Decrescente";"Céu Claro";"Simples";"Curva";"Sim";1;0;1;0;0;0;1;1;-29,37276611;-49,82302391;"SPRF-RS";"DEL03-RS";"UOP02-DEL03-RS"
568526;2023-12-17;"domingo";"15:50:00";"BA";116;0;"VITORIA DA CONQUISTA";"Acessar a via sem observar a presença dos outros veículos";"Colisão frontal";"Com Vítimas Feridas";"Pleno dia";"Crescente";"Céu Claro";"Simples";"Reta";"Não";3;0;1;0;2;0;1;2;-14,8257881;-40,83167;"SPRF-BA";"DEL08-BA";"UOP01-DEL08-BA"
568527;2023-10-22;"domingo";"16:30:00";"MG";40;498,4;"ESMERALDAS";"Acessar a via sem observar a presença dos outros veículos";"Colisão traseira";"Com Vítimas Feridas";"Pleno dia";"Crescente";"Céu Claro";"Dupla";"Reta;Declive;Retorno Regulamentado";"Não";3;0;0;2;1;0;2;2;-19,687518;-44,180662;"SPRF-MG";"DEL02-MG";"UOP01-DEL02-MG"
568528;2023-12-17;"domingo";"16:30:00";"BA";101;435;"MARAU";"Demais falhas mecânicas ou elétricas";"Saída de leito carroçável";"Com Vítimas Feridas";"Pleno dia";"Crescente";"Céu Claro";"Simples";"Curva";"Não";6;0;6;0;0;0;6;1;-14,22328623;-39,31660563;"SPRF-BA";"DEL05-BA";"UOP01-DEL05-BA"
568530;2023-12-17;"domingo";"17:35:00";"PR";369;166,6;"CAMBE";"Condutor Dormindo";"Colisão traseira";"Com Vítimas Feridas";"Pleno dia";"Decrescente";"Chuva";"Dupla";"Reta;Declive";"Não";3;0;1;0;2;0;1;2;-23,295407;-51,309535;"SPRF-PR";"DEL07-PR";"UOP01-DEL07-PR"
568531;2023-12-17;"domingo";"17:20:00";"GO";60;116;"TEREZOPOLIS DE GOIAS";"Ausência de reação do condutor";"Queda de ocupante de veículo";"Com Vítimas Feridas";"Pleno dia";"Crescente";"Sol";"Dupla";"Reta;Declive";"Não";2;0;2;0;0;0;2;1;-16,4732;-49,0789;"SPRF-GO";"DEL01-GO";"UOP01-DEL01-GO"
568532;2023-12-17;"domingo";"17:00:00";"MG";40;564;"NOVA LIMA";"Ingestão de álcool pelo condutor";"Tombamento";"Com Vítimas Feridas";"Pleno dia";"Decrescente";"Nublado";"Simples";"Reta;Aclive";"Não";1;0;1;0;0;0;1;1;-20,16086012;-43,96464349;"SPRF-MG";"DEL01-MG";"UOP02-DEL01-MG"
568533;2023-12-17;"domingo";"17:00:00";"MS";163;270,5;"DOURADOS";"Ausência de reação do condutor";"Colisão com objeto";"Com Vítimas Feridas";"Pleno dia";"Crescente";"Céu Claro";"Dupla";"Rotatória;Reta";"Não";1;0;1;0;0;0;1;1;-22,194847;-54,69295;"SPRF-MS";"DEL04-MS";"UOP01-DEL04-MS"
568535;2023-12-17;"domingo";"16:40:00";"MS";163;457,2;"CAMPO GRANDE";"Acessar a via sem observar a presença dos outros veículos";"Colisão transversal";"Sem Vítimas";"Pleno dia";"Decrescente";"Céu Claro";"Simples";"Interseção de Vias;Reta";"Não";2;0;0;0;1;1;0;2;-20,66403994;-54,5606768;"SPRF-MS";"DEL01-MS";"UOP01-DEL01-MS"
568538;2023-12-17;"domingo";"17:45:00";"PR";163;13,9;"BARRACAO";"Reação tardia ou ineficiente do condutor";"Saída de leito carroçável";"Com Vítimas Feridas";"Pleno dia";"Crescente";"Céu Claro";"Simples";"Curva";"Não";4;0;3;0;0;1;3;1;-26,25066;-53,635523;"SPRF-PR";"DEL02-PR";"UOP02-DEL02-PR"
568539;2023-12-17;"domingo";"17:00:00";"PI";316;11,2;"TERESINA";"Desrespeitar a preferência no cruzamento";"Colisão transversal";"Com Vítimas Feridas";"Pleno dia";"Decrescente";"Nublado";"Múltipla";"Viaduto;Reta;Rotatória";"Sim";3;0;2;0;1;0;2;2;-5,191739;-42,76076102;"SPRF-PI";"DEL01-PI";"UOP02-DEL01-PI"
568541;2023-12-17;"domingo";"17:20:00";"MG";116;525,9;"CARATINGA";"Desrespeitar a preferência no cruzamento";"Colisão transversal";"Com Vítimas Feridas";"Pleno dia";"Crescente";"Céu Claro";"Dupla";"Rotatória";"Sim";3;0;3;0;0;0;3;2;-19,76833785;-42,13105238;"SPRF-MG";"DEL06-MG";"UOP02-DEL06-MG"
568542;2023-12-17;"domingo";"17:20:00";"PR";277;4;"FOZ DO IGUACU";"Ingestão de álcool pelo condutor";"Colisão transversal";"Com Vítimas Feridas";"Pleno dia";"Decrescente";"Céu Claro";"Dupla";"Reta;Retorno Regulamentado;Interseção de Vias";"Sim";2;0;1;1;0;0;2;2;-25,46912011;-54,5849061;"SPRF-PR";"DEL05-PR";"UOP03-DEL05-PR"
568543;2023-12-17;"domingo";"10:30:00";"RO";435;75;"COLORADO DO OESTE";"Ultrapassagem Indevida";"Colisão traseira";"Com Vítimas Fatais";"Pleno dia";"Decrescente";"Céu Claro";"Simples";"Reta";"Não";6;1;1;2;0;2;3;4;-13,1054688;-60,44437601;"SPRF-RO";"DEL04-RO";"UOP02-DEL04-RO"
568544;2023-12-17;"domingo";"18:00:00";"SC";282;519;"XAXIM";"Demais falhas mecânicas ou elétricas";"Incêndio";"Sem Vítimas";"Anoitecer";"Crescente";"Chuva";"Simples";"Curva";"Não";1;0;0;0;1;0;0;1;-26,947527;-52,517536;"SPRF-SC";"DEL07-SC";"UOP01-DEL07-SC"
568546;2023-12-17;"domingo";"16:55:00";"MG";116;409,2;"GOVERNADOR VALADARES";"Reação tardia ou ineficiente do condutor";"Tombamento";"Com Vítimas Feridas";"Pleno dia";"Decrescente";"Céu Claro";"Dupla";"Reta";"Sim";2;0;2;0;0;0;2;1;-18,84228859;-41,98390961;"SPRF-MG";"DEL06-MG";"UOP01-DEL06-MG"
568547;2023-12-17;"domingo";"19:20:00";"MG";459;95;"POUSO ALEGRE";"Ausência de reação do condutor";"Saída de leito carroçável";"Com Vítimas Feridas";"Plena Noite";"Crescente";"Céu Claro";"Simples";"Reta;Declive";"Não";2;0;2;0;0;0;2;1;-22,189781;-45,983028;"SPRF-MG";"DEL09-MG";"UOP01-DEL09-MG"
568548;2023-12-17;"domingo";"16:00:00";"DF";251;56,9;"BRASILIA";"Reação tardia ou ineficiente do condutor";"Saída de leito carroçável";"Com Vítimas Feridas";"Pleno dia";"Crescente";"Céu Claro";"Simples";"Reta;Ponte";"Não";2;0;0;1;0;1;1;2;-15,948113;-47,845235;"SPRF-DF";"DEL01-DF";"UOP01-DEL01-DF"
568549;2023-12-10;"domingo";"01:30:00";"BA";20;75;"SAO DESIDERIO";"Iluminação deficiente";"Incêndio";"Sem Vítimas";"Plena Noite";"Decrescente";"Céu Claro";"Simples";"Reta";"Não";51;0;0;0;51;0;0;1;-12,80108828;-45,95306396;"SPRF-BA";"DEL10-BA";"UOP01-DEL10-BA"
568551;2023-12-17;"domingo";"19:00:00";"CE";116;70,8;"CHOROZINHO";"Acesso irregular";"Colisão com objeto";"Com Vítimas Feridas";"Plena Noite";"Decrescente";"Céu Claro";"Dupla";"Reta";"Sim";1;0;1;0;0;0;1;1;-4,33446154;-38,47922802;"SPRF-CE";"DEL03-CE";"UOP02-DEL03-CE"
568552;2023-12-17;"domingo";"18:30:00";"GO";60;1,2;"SANTO ANTONIO DO DESCOBERTO";"Mal súbito do condutor";"Saída de leito carroçável";"Com Vítimas Feridas";"Anoitecer";"Decrescente";"Céu Claro";"Dupla";"Curva;Declive";"Não";3;0;1;0;2;0;1;1;-16,06483168;-48,26448306;"SPRF-DF";"DEL03-DF";"UOP01-DEL03-DF"
568553;2023-12-17;"domingo";"18:20:00";"DF";20;19;"BRASILIA";"Acessar a via sem observar a presença dos outros veículos";"Colisão traseira";"Com Vítimas Feridas";"Anoitecer";"Crescente";"Nublado";"Simples";"Reta;Retorno Regulamentado;Aclive";"Não";5;0;0;1;4;0;1;2;-15,612175;-47,700928;"SPRF-DF";"DEL02-DF";"UOP01-DEL02-DF"
568554;2023-12-17;"domingo";"18:45:00";"PI";316;26,2;"DEMERVAL LOBAO";"Avarias e/ou desgaste excessivo no pneu";"Saída de leito carroçável";"Com Vítimas Feridas";"Plena Noite";"Crescente";"Céu Claro";"Dupla";"Reta;Declive";"Não";1;0;1;0;0;0;1;1;-5,31119366;-42,70404384;"SPRF-PI";"DEL01-PI";"UOP02-DEL01-PI"