"id";"data_inversa";"dia_semana";"horario";"uf";"br";"km";"municipio";"causa_acidente";"tipo_acidente";"classificacao_acidente";"fase_dia";"sentido_via";"condicao_metereologica";"tipo_pista";"tracado_via";"uso_solo";"pessoas";"mortos";"feridos_leves";"feridos_graves";"ilesos";"ignorados";"feridos";"veiculos";"latitude";"longitude";"regional";"delegacia";"uop"
568990;2023-12-19;"terça-feira";"15:50:00";"PR";376;2,2;"SAO JOSE DOS PINHAIS";"Transitar na contramão";"Colisão frontal";"Com Vítimas Feridas";"Pleno dia";"Crescente";"Céu Claro";"Dupla";"Reta;Interseção de Vias";"Sim";2;0;1;0;1;0;1;2;-25,54707823;-49,18934226;"SPRF-PR";"DEL01-PR";"UOP04-DEL01-PR"
568991;2023-12-19;"terça-feira";"08:35:00";"MS";163;172,5;"JUTI";"Reação tardia ou ineficiente do condutor";"Colisão traseira";"Com Vítimas Feridas";"Pleno dia";"Crescente";"Céu Claro";"Simples";"Reta";"Sim";2;0;1;0;0;1;1;2;-22,86622819;-54,61002707;"SPRF-MS";"DEL09-MS";"UOP01-DEL09-MS"
568995;2023-12-19;"terça-feira";"16:50:00";"SC";101;202,3;"SAO JOSE";"Demais falhas mecânicas ou elétricas";"Incêndio";"Sem Vítimas";"Pleno dia";"Decrescente";"Céu Claro";"Múltipla";"Reta";"Sim";1;0;0;0;1;0;0;1;-27,55711595;-48,61897889;"SPRF-SC";"DEL01-SC";"UOP01-DEL01-SC"
568996;2023-12-19;"terça-feira";"17:00:00";"MG";50;3;"UBERLANDIA";"Avarias e/ou desgaste excessivo no pneu";"Capotamento";"Com Vítimas Feridas";"Pleno dia";"Crescente";"Céu Claro";"Múltipla";"Declive";"Não";1;0;1;0;0;0;1;1;-18,85423744;-48,24368997;"SPRF-MG";"DEL15-MG";"UOP01-DEL15-MG"
568997;2023-12-19;"terça-feira";"14:30:00";"PB";230;433,8;"POMBAL";"Ausência de reação do condutor";"Saída de leito carroçável";"Sem Vítimas";"Pleno dia";"Crescente";"Céu Claro";"Simples";"Curva";"Não";1;0;0;0;0;1;0;1;-6,749136;-37,985186;"SPRF-PB";"DEL03-PB";"UOP02-DEL03-PB"
568998;2023-12-19;"terça-feira";"15:30:00";"RO";364;13;"VILHENA";"Acessar a via sem observar a presença dos outros veículos";"Colisão transversal";"Com Vítimas Feridas";"Pleno dia";"Decrescente";"Chuva";"Simples";"Reta";"Sim";4;0;1;0;3;0;1;2;-12,74140004;-60,13026401;"SPRF-RO";"DEL04-RO";"UOP01-DEL04-RO"
569000;2023-12-19;"terça-feira";"15:00:00";"RJ";116;107;"GUAPIMIRIM";"Reação tardia ou ineficiente do condutor";"Colisão traseira";"Com Vítimas Feridas";"Pleno dia";"Crescente";"Céu Claro";"Dupla";"Reta";"Não";2;0;1;0;1;0;1;2;-22,52826187;-42,99737551;"SPRF-RJ";"DEL04-RJ";"UOP01-DEL04-RJ"
569003;2023-12-19;"terça-feira";"17:40:00";"SC";101;198,8;"BIGUACU";"Trafegar com motocicleta (ou similar) entre as faixas";"Colisão lateral sentido oposto";"Com Vítimas Feridas";"Pleno dia";"Crescente";"Céu Claro";"Múltipla";"Reta";"Não";4;0;1;0;3;0;1;3;-27,52658712;-48,63506019;"SPRF-SC";"DEL01-SC";"UOP01-DEL01-SC"
569005;2023-12-19;"terça-feira";"14:42:00";"RO";364;202;"PIMENTA BUENO";"Demais falhas mecânicas ou elétricas";"Eventos atípicos";"Sem Vítimas";"Pleno dia";"Crescente";"Céu Claro";"Simples";"Aclive;Reta";"Não";1;0;0;0;1;0;0;1;-11,63675443;-61,20027925;"SPRF-RO";"DEL02-RO";"UOP02-DEL02-RO"
569007;2023-12-19;"terça-feira";"13:00:00";"BA";324;558;"SAO SEBASTIAO DO PASSE";"Demais falhas mecânicas ou elétricas";"Saída de leito carroçável";"Com Vítimas Feridas";"Pleno dia";"Crescente";"Céu Claro";"Dupla";"Declive";"Não";1;0;1;0;0;0;1;1;-12,48182515;-38,66808011;"SPRF-BA";"DEL01-BA";"UOP03-DEL01-BA"
569008;2023-12-19;"terça-feira";"14:15:00";"SC";470;70;"INDAIAL";"Acesso irregular";"Colisão frontal";"Com Vítimas Feridas";"Pleno dia";"Crescente";"Céu Claro";"Simples";"Reta;Em Obras";"Sim";2;0;1;0;1;0;1;2;-26,889374;-49,254478;"SPRF-SC";"DEL04-SC";"UOP01-DEL04-SC"
569012;2023-12-19;"terça-feira";"15:00:00";"PR";376;2,5;"SAO JOSE DOS PINHAIS";"Retorno proibido";"Colisão transversal";"Com Vítimas Feridas";"Pleno dia";"Decrescente";"Céu Claro";"Dupla";"Reta";"Sim";3;0;1;0;2;0;1;3;-25,5307;-49,1958;"SPRF-PR";"DEL01-PR";"UOP04-DEL01-PR"
569013;2023-12-19;"terça-feira";"18:00:00";"MG";262;195;"RIO PIRACICABA";"Acessar a via sem observar a presença dos outros veículos";"Colisão frontal";"Com Vítimas Feridas";"Anoitecer";"Crescente";"Céu Claro";"Simples";"Reta";"Não";4;0;3;1;0;0;4;2;-19,86138211;-43,10548067;"SPRF-MG";"DEL03-MG";"UOP01-DEL03-MG"
569014;2023-12-19;"terça-feira";"13:00:00";"MT";70;0,1;"BARRA DO GARCAS";"Acessar a via sem observar a presença dos outros veículos";"Colisão transversal";"Com Vítimas Feridas";"Pleno dia";"Decrescente";"Sol";"Simples";"Rotatória";"Sim";3;0;2;0;1;0;2;2;-15,895538;-52,25599;"SPRF-MT";"DEL07-MT";"UOP01-DEL07-MT"
569015;2023-12-19;"terça-feira";"16:00:00";"AC";364;139;"RIO BRANCO";"Condutor deixou de manter distância do veículo da frente";"Colisão lateral mesmo sentido";"Com Vítimas Feridas";"Pleno dia";"Decrescente";"Sol";"Dupla";"Rotatória;Reta";"Sim";3;0;2;0;1;0;2;2;-9,94868843;-67,86729097;"SPRF-AC";"DEL01-AC";"UOP01-DEL01-AC"
569017;2023-12-19;"terça-feira";"17:20:00";"MG";262;37,2;"MANHUACU";"Acessar a via sem observar a presença dos outros veículos";"Colisão transversal";"Com Vítimas Feridas";"Pleno dia";"Decrescente";"Sol";"Simples";"Curva";"Sim";2;0;1;1;0;0;2;2;-20,25748975;-42,03048732;"SPRF-MG";"DEL06-MG";"UOP03-DEL06-MG"
569019;2023-12-19;"terça-feira";"17:20:00";"SP";116;124,9;"CACAPAVA";"Demais falhas mecânicas ou elétricas";"Queda de ocupante de veículo";"Com Vítimas Feridas";"Pleno dia";"Decrescente";"Sol";"Dupla";"Reta";"Não";1;0;1;0;0;0;1;1;-23,093116;-45,677904;"SPRF-SP";"DEL02-SP";"UOP02-DEL02-SP"
569020;2023-12-19;"terça-feira";"17:30:00";"PR";277;83;"CURITIBA";"Trafegar com motocicleta (ou similar) entre as faixas";"Colisão lateral mesmo sentido";"Com Vítimas Feridas";"Pleno dia";"Decrescente";"Céu Claro";"Dupla";"Reta";"Sim";2;0;1;0;1;0;1;2;-25,44519;-49,23243463;"SPRF-PR";"DEL01-PR";"UOP07-DEL01-PR"
569021;2023-12-19;"terça-feira";"18:40:00";"SC";101;145,2;"ITAPEMA";"Ingestão de álcool ou de substâncias psicoativas pelo pedestre";"Colisão traseira";"Sem Vítimas";"Anoitecer";"Decrescente";"Nublado";"Dupla";"Curva;Declive";"Sim";2;0;0;0;2;0;0;2;-27,08139206;-48,60130993;"SPRF-SC";"DEL04-SC";"UOP03-DEL04-SC"
569022;2023-12-19;"terça-feira";"18:45:00";"MG";40;555;"NOVA LIMA";"Entrada inopinada do pedestre";"Atropelamento de Pedestre";"Com Vítimas Feridas";"Plena Noite";"Crescente";"Céu Claro";"Dupla";"Reta";"Sim";6;0;0;1;4;1;1;2;-20,08472706;-43,97697012;"SPRF-MG";"DEL01-MG";"UOP02-DEL01-MG"
569023;2023-12-19;"terça-feira";"18:20:00";"PR";469;16,9;"FOZ DO IGUACU";"Acessar a via sem observar a presença dos outros veículos";"Colisão transversal";"Com Vítimas Feridas";"Pleno dia";"Crescente";"Nublado";"Simples";"Reta";"Sim";3;0;1;0;2;0;1;2;-25,58969399;-54,5181663;"SPRF-PR";"DEL05-PR";"UOP04-DEL05-PR"
569024;2023-12-19;"terça-feira";"18:10:00";"RO";364;241;"CACOAL";"Animais na Pista";"Saída de leito carroçável";"Com Vítimas Feridas";"Anoitecer";"Crescente";"Céu Claro";"Simples";"Curva";"Sim";1;0;1;0;0;0;1;1;-11,44053057;-61,47868752;"SPRF-RO";"DEL02-RO";"UOP02-DEL02-RO"
569026;2023-12-07;"quinta-feira";"09:00:00";"BA";324;514;"FEIRA DE SANTANA";"Transitar no Acostamento";"Colisão transversal";"Com Vítimas Feridas";"Pleno dia";"Decrescente";"Céu Claro";"Simples";"Reta";"Sim";2;0;1;0;1;0;1;2;-12,23229233;-38,95215305;"SPRF-BA";"DEL02-BA";"UOP01-DEL02-BA"
569027;2023-12-19;"terça-feira";"19:30:00";"RJ";40;54;"PETROPOLIS";"Reação tardia ou ineficiente do condutor";"Colisão com objeto";"Com Vítimas Feridas";"Plena Noite";"Decrescente";"Céu Claro";"Dupla";"Reta;Aclive";"Não";1;0;0;1;0;0;1;1;-22,34627607;-43,12411304;"SPRF-RJ";"DEL05-RJ";"UOP02-DEL05-RJ"
569029;2023-12-19;"terça-feira";"18:20:00";"ES";262;152;"IBATIBA";"Acessar a via sem observar a presença dos outros veículos";"Colisão transversal";"Com Vítimas Feridas";"Plena Noite";"Decrescente";"Céu Claro";"Simples";"Reta";"Não";2;0;1;0;1;0;1;2;-20,21979331;-41,45006235;"SPRF-ES";"DEL01-ES";"UOP02-DEL01-ES"
569035;2023-12-11;"segunda-feira";"10:50:00";"SP";116;221;"GUARULHOS";"Trafegar com motocicleta (ou similar) entre as faixas";"Colisão lateral mesmo sentido";"Sem Vítimas";"Pleno dia";"Decrescente";"Nublado";"Múltipla";"Reta";"Sim";2;0;0;0;2;0;0;2;-23,46802395;-46,50704901;"SPRF-SP";"DEL01-SP";"UOP01-DEL01-SP"
569038;2023-12-19;"terça-feira";"15:10:00";"MG";381;908;"CAMBUI";"Reação tardia ou ineficiente do condutor";"Saída de leito carroçável";"Com Vítimas Feridas";"Pleno dia";"Decrescente";"Céu Claro";"Dupla";"Aclive;Curva";"Não";3;0;1;0;2;0;1;1;-22,71744092;-46,12652111;"SPRF-MG";"DEL16-MG";"UOP03-DEL16-MG"
569040;2023-12-19;"terça-feira";"17:40:00";"RN";226;61;"SENADOR ELOI DE SOUZA";"Ausência de sinalização";"Colisão traseira";"Sem Vítimas";"Anoitecer";"Crescente";"Céu Claro";"Simples";"Reta";"Não";2;0;0;0;2;0;0;2;-6,05016006;-35,67466683;"SPRF-RN";"DEL01-RN";"UOP02-DEL01-RN"
569042;2023-09-10;"domingo";"04:00:00";"MS";262;175;"RIBAS DO RIO PARDO";"Animais na Pista";"Atropelamento de Animal";"Com Vítimas Feridas";"Plena Noite";"Crescente";"Ignorado";"Simples";"Reta";"Não";1;0;1;0;0;0;1;1;-20,4151414;-53,16081506;"SPRF-MS";"DEL07-MS";"UOP02-DEL07-MS"
569043;2023-12-19;"terça-feira";"18:50:00";"RO";364;210;"PIMENTA BUENO";"Transitar na contramão";"Colisão frontal";"Com Vítimas Feridas";"Plena Noite";"Decrescente";"Céu Claro";"Simples";"Reta;Declive";"Não";8;0;1;6;0;1;7;3;-11,589413;-61,25463;"SPRF-RO";"DEL02-RO";"UOP02-DEL02-RO"
569044;2023-12-19;"terça-feira";"18:20:00";"PE";101;57;"RECIFE";"Ausência de reação do condutor";"Tombamento";"Com Vítimas Feridas";"Plena Noite";"Decrescente";"Nublado";"Dupla";"Reta";"Não";2;0;1;0;0;1;1;2;-7,96346213;-34,91513486;"SPRF-PE";"DEL01-PE";"UOP02-DEL01-PE"
569045;2023-12-19;"terça-feira";"19:30:00";"ES";101;279;"SERRA";"Deficiência do Sistema de Iluminação/Sinalização";"Colisão com objeto";"Com Vítimas Feridas";"Plena Noite";"Decrescente";"Céu Claro";"Múltipla";"Reta;Aclive";"Não";1;0;0;1;0;0;1;1;-20,218122;-40,339325;"SPRF-ES";"DEL02-ES";"UOP01-DEL02-ES"
569046;2023-12-19;"terça-feira";"20:00:00";"CE";20;241;"MADALENA";"Entrada inopinada do pedestre";"Atropelamento de Pedestre";"Com Vítimas Fatais";"Plena Noite";"Crescente";"Céu Claro";"Simples";"Reta";"Não";2;1;0;0;1;0;0;2;-4,84037364;-39,56497452;"SPRF-CE";"DEL02-CE";"UOP02-DEL02-CE"
569048;2023-12-19;"terça-feira";"21:10:00";"GO";153;425;"ANAPOLIS";"Animais na Pista";"Atropelamento de Animal";"Com Vítimas Feridas";"Plena Noite";"Decrescente";"Céu Claro";"Dupla";"Reta;Declive";"Não";1;0;1;0;0;0;1;1;-16,213171;-49,0173;"SPRF-GO";"DEL02-GO";"UOP01-DEL02-GO"
569049;2023-12-11;"segunda-feira";"08:48:00";"RJ";101;323;"NITEROI";"Demais falhas mecânicas ou elétricas";"Colisão traseira";"Sem Vítimas";"Pleno dia";"Decrescente";"Céu Claro";"Dupla";"Reta";"Não";2;0;0;0;2;0;0;2;-22,87684786;-43,11728689;"SPRF-RJ";"DEL02-RJ";"UOP01-DEL02-RJ"
569050;2023-12-19;"terça-feira";"18:30:00";"PB";361;4,5;"PATOS";"Ingestão de álcool e/ou substâncias psicoativas pelo pedestre";"Atropelamento de Pedestre";"Com Vítimas Feridas";"Plena Noite";"Crescente";"Céu Claro";"Simples";"Reta";"Sim";2;0;0;1;1;0;1;2;-7,03208047;-37,29365088;"SPRF-PB";"DEL03-PB";"UOP01-DEL03-PB"
569051;2023-12-19;"terça-feira";"19:00:00";"SP";116;48;"CANAS";"Demais falhas mecânicas ou elétricas";"Tombamento";"Com Vítimas Feridas";"Plena Noite";"Decrescente";"Céu Claro";"Dupla";"Reta";"Não";1;0;1;0;0;0;1;1;-22,72573145;-45,06977708;"SPRF-SP";"DEL08-SP";"UOP02-DEL08-SP"
569053;2023-12-19;"terça-feira";"18:20:00";"SC";101;125,2;"ITAJAI";"Ausência de reação do condutor";"Colisão traseira";"Com Vítimas Feridas";"Plena Noite";"Decrescente";"Nublado";"Dupla";"Curva";"Não";2;0;1;0;1;0;1;2;-26,94802427;-48,68338515;"SPRF-SC";"DEL04-SC";"UOP04-DEL04-SC"
569055;2023-12-19;"terça-feira";"21:35:00";"SC";280;21;"ARAQUARI";"Afundamento ou ondulação no pavimento";"Tombamento";"Com Vítimas Feridas";"Plena Noite";"Crescente";"Nublado";"Simples";"Reta";"Sim";1;0;1;0;0;0;1;1;-26,37043169;-48,69219602;"SPRF-SC";"DEL03-SC";"UOP03-DEL03-SC"
569057;2023-12-19;"terça-feira";"17:30:00";"BA";101;895,8;"CARAVELAS";"Pista Escorregadia";"Colisão frontal";"Com Vítimas Fatais";"Plena Noite";"Crescente";"Chuva";"Simples";"Curva";"Não";4;1;3;0;0;0;3;2;-17,68818485;-39,77334023;"SPRF-BA";"DEL09-BA";"UOP02-DEL09-BA"
569058;2023-12-19;"terça-feira";"15:00:00";"MS";158;57;"PARANAIBA";"Manobra de mudança de faixa";"Colisão lateral mesmo sentido";"Com Vítimas Feridas";"Pleno dia";"Decrescente";"Céu Claro";"Simples";"Reta";"Não";4;0;3;0;1;0;3;2;-19,41687985;-51,39039285;"SPRF-MS";"DEL08-MS";"UOP01-DEL08-MS"
569059;2023-12-19;"terça-feira";"21:55:00";"RN";101;94;"NATAL";"Ingestão de álcool pelo condutor";"Saída de leito carroçável";"Com Vítimas Feridas";"Plena Noite";"Crescente";"Chuva";"Simples";"Curva";"Sim";1;0;1;0;0;0;1;1;-5,83176615;-35,21191342;"SPRF-RN";"DEL01-RN";"UOP01-DEL01-RN"
569061;2023-12-19;"terça-feira";"21:45:00";"PR";376;489;"PONTA GROSSA";"Ingestão de álcool pelo condutor";"Colisão com objeto";"Sem Vítimas";"Plena Noite";"Decrescente";"Ignorado";"Dupla";"Curva";"Sim";1;0;0;0;1;0;0;1;-25,08981593;-50,19588947;"SPRF-PR";"DEL03-PR";"UOP04-DEL03-PR"
569062;2023-12-19;"terça-feira";"22:10:00";"ES";101;62;"SAO MATEUS";"Velocidade Incompatível";"Tombamento";"Com Vítimas Feridas";"Plena Noite";"Crescente";"Garoa/Chuvisco";"Dupla";"Curva;Aclive";"Não";1;0;1;0;0;0;1;1;-18,69020499;-39,86154403;"SPRF-ES";"DEL04-ES";"UOP02-DEL04-ES"
569063;2023-12-19;"terça-feira";"22:00:00";"RS";116;246,8;"SAO LEOPOLDO";"Ausência de reação do condutor";"Saída de leito carroçável";"Com Vítimas Feridas";"Plena Noite";"Crescente";"Chuva";"Simples";"Curva;Viaduto;Aclive";"Sim";1;0;1;0;0;0;1;1;-29,76098199;-51,15333308;"SPRF-RS";"DEL01-RS";"UOP02-DEL01-RS"
569064;2023-12-19;"terça-feira";"20:35:00";"ES";101;333;"GUARAPARI";"Demais falhas mecânicas ou elétricas";"Incêndio";"Sem Vítimas";"Plena Noite";"Crescente";"Nublado";"Dupla";"Reta";"Não";1;0;0;0;0;1;0;1;-20,61464111;-40,51385389;"SPRF-ES";"DEL03-ES";"UOP01-DEL03-ES"
569066;2023-12-19;"terça-feira";"21:45:00";"RS";386;437;"NOVA SANTA RITA";"Manobra de mudança de faixa";"Colisão traseira";"Com Vítimas Feridas";"Plena Noite";"Decrescente";"Garoa/Chuvisco";"Dupla";"Reta";"Não";2;0;1;0;1;0;1;2;-29,85803;-51,261227;"SPRF-RS";"DEL04-RS";"UOP02-DEL04-RS"
569067;2023-12-19;"terça-feira";"21:00:00";"RJ";393;298;"BARRA MANSA";"Pedestre cruzava a pista fora da faixa";"Atropelamento de Pedestre";"Com Vítimas Feridas";"Plena Noite";"Decrescente";"Céu Claro";"Simples";"Reta";"Não";2;0;1;0;1;0;1;2;-22,54313289;-44,11298586;"SPRF-RJ";"DEL07-RJ";"UOP02-DEL07-RJ"
569070;2023-12-19;"terça-feira";"17:30:00";"RJ";40;109;"DUQUE DE CAXIAS";"Reação tardia ou ineficiente do condutor";"Colisão traseira";"Com Vítimas Feridas";"Pleno dia";"Decrescente";"Céu Claro";"Múltipla";"Reta";"Sim";3;0;2;0;0;1;2;2;-22,67374628;-43,28638368;"SPRF-RJ";"DEL01-RJ";"UOP02-DEL01-RJ"
569071;2023-12-19;"terça-feira";"20:30:00";"RS";285;611,7;"SANTO ANTONIO DAS MISSOES";"Objeto estático sobre o leito carroçável";"Saída de leito carroçável";"Com Vítimas Feridas";"Plena Noite";"Decrescente";"Nublado";"Simples";"Reta";"Não";1;0;1;0;0;0;1;1;-28,493526;-55,395779;"SPRF-RS";"DEL12-RS";"UOP01-DEL12-RS"
569072;2023-12-19;"terça-feira";"22:50:00";"MG";365;575,5;"INDIANOPOLIS";"Acessar a via sem observar a presença dos outros veículos";"Colisão traseira";"Com Vítimas Feridas";"Plena Noite";"Decrescente";"Nublado";"Simples";"Reta";"Não";6;0;4;0;2;0;4;2;-18,90630363;-47,90125106;"SPRF-MG";"DEL15-MG";"UOP02-DEL15-MG"
569073;2023-12-19;"terça-feira";"23:00:00";"PB";116;9,2;"CACHOEIRA DOS INDIOS";"Reação tardia ou ineficiente do condutor";"Saída de leito carroçável";"Com Vítimas Feridas";"Plena Noite";"Decrescente";"Garoa/Chuvisco";"Simples";"Curva";"Não";13;0;11;1;1;0;12;1;-6,970903;-38,734009;"SPRF-CE";"DEL05-CE";"UOP03-DEL05-CE"
569074;2023-12-03;"domingo";"18:35:00";"RR";401;16;"CANTA";"Manobra de mudança de faixa";"Eventos atípicos";"Com Vítimas Feridas";"Anoitecer";"Crescente";"Céu Claro";"Simples";"Reta";"Não";3;0;0;1;1;1;1;3;2,79638488;-60,6693095;"SPRF-RR";"DEL01-RR";"UOP01-DEL01-RR"
569075;2023-12-19;"terça-feira";"23:00:00";"BA";324;2;"FEIRA DE SANTANA";"Velocidade Incompatível";"Colisão com objeto";"Com Vítimas Feridas";"Plena Noite";"Decrescente";"Céu Claro";"Simples";"Reta";"Sim";1;0;1;0;0;0;1;1;-12,267113;-38,966988;"SPRF-BA";"DEL02-BA";"UOP01-DEL02-BA"
569076;2023-12-19;"terça-feira";"23:00:00";"PE";101;57;"RECIFE";"Animais na Pista";"Atropelamento de Animal";"Com Vítimas Feridas";"Plena Noite";"Crescente";"Chuva";"Dupla";"Reta;Declive";"Não";2;0;0;2;0;0;2;1;-7,96346213;-34,91513486;"SPRF-PE";"DEL01-PE";"UOP02-DEL01-PE"
569079;2023-12-19;"terça-feira";"19:40:00";"RO";0;0;"JI-PARANA";"Acumulo de areia ou detritos sobre o pavimento";"Colisão com objeto";"Com Vítimas Feridas";"Plena Noite";"Não Informado";"Céu Claro";"Simples";"Curva";"Sim";4;0;1;1;2;0;2;1;-10,885468;-61,936473;"SPRF-RO";"DEL02-RO";"UOP01-DEL02-RO"
569081;2023-12-19;"terça-feira";"22:00:00";"PE";423;82,4;"JUCATI";"Transitar na contramão";"Colisão lateral sentido oposto";"Com Vítimas Feridas";"Plena Noite";"Crescente";"Chuva";"Simples";"Reta";"Não";3;0;2;1;0;0;3;2;-8,786139;-36,432633;"SPRF-PE";"DEL03-PE";"UOP01-DEL03-PE"
569086;2023-12-19;"terça-feira";"15:10:00";"MT";70;621,2;"POCONE";"Acumulo de água sobre o pavimento";"Saída de leito carroçável";"Sem Vítimas";"Pleno dia";"Crescente";"Chuva";"Simples";"Curva";"Não";1;0;0;0;1;0;0;1;-15,92881289;-56,95132256;"SPRF-MT";"DEL03-MT";"UOP02-DEL03-MT"
569088;2023-12-20;"quarta-feira";"05:00:00";"SP";116;201,4;"ARUJA";"Acessar a via sem observar a presença dos outros veículos";"Colisão lateral mesmo sentido";"Com Vítimas Feridas";"Amanhecer";"Crescente";"Céu Claro";"Dupla";"Reta";"Sim";3;0;2;0;1;0;2;2;-23,40362877;-46,33050107;"SPRF-SP";"DEL01-SP";"UOP01-DEL01-SP"
569091;2023-12-20;"quarta-feira";"02:30:00";"AL";423;91;"DELMIRO GOUVEIA";"Condutor Dormindo";"Colisão com objeto";"Com Vítimas Feridas";"Plena Noite";"Decrescente";"Céu Claro";"Simples";"Reta";"Não";3;0;1;0;2;0;1;2;-9,36383409;-38,08008697;"SPRF-BA";"DEL07-BA";"UOP01-DEL07-BA"
569095;2023-12-19;"terça-feira";"13:30:00";"MG";365;544;"ROMARIA";"Reação tardia ou ineficiente do condutor";"Colisão traseira";"Com Vítimas Feridas";"Pleno dia";"Crescente";"Céu Claro";"Simples";"Reta";"Não";2;0;1;0;1;0;1;2;-18,93223727;-47,62876897;"SPRF-MG";"DEL10-MG";"UOP01-DEL10-MG"
569096;2023-12-20;"quarta-feira";"05:50:00";"MG";381;169;"GOVERNADOR VALADARES";"Condutor Dormindo";"Capotamento";"Com Vítimas Feridas";"Pleno dia";"Decrescente";"Céu Claro";"Simples";"Reta;Ponte";"Não";4;0;4;0;0;0;4;1;-18,96700208;-42,09033791;"SPRF-MG";"DEL06-MG";"UOP01-DEL06-MG"
569097;2023-12-19;"terça-feira";"18:40:00";"MG";116;526,9;"CARATINGA";"Pedestre cruzava a pista fora da faixa";"Atropelamento de Pedestre";"Com Vítimas Feridas";"Anoitecer";"Decrescente";"Nublado";"Dupla";"Reta;Aclive";"Sim";3;0;1;0;0;2;1;2;-19,77920273;-42,13283658;"SPRF-MG";"DEL06-MG";"UOP02-DEL06-MG"
569100;2023-12-20;"quarta-feira";"05:42:00";"MS";60;419,8;"SIDROLANDIA";"Acumulo de água sobre o pavimento";"Tombamento";"Com Vítimas Feridas";"Pleno dia";"Crescente";"Céu Claro";"Simples";"Curva";"Não";2;0;2;0;0;0;2;1;-20,90170052;-54,93478954;"SPRF-MS";"DEL01-MS";"UOP04-DEL01-MS"
569101;2023-12-20;"quarta-feira";"06:55:00";"DF";20;2,2;"BRASILIA";"Reação tardia ou ineficiente do condutor";"Queda de ocupante de veículo";"Com Vítimas Feridas";"Pleno dia";"Crescente";"Garoa/Chuvisco";"Dupla";"Reta;Aclive";"Sim";4;0;1;0;3;0;1;2;-15,682896;-47,840729;"SPRF-DF";"DEL02-DF";"UOP01-DEL02-DF"
569102;2023-12-20;"quarta-feira";"06:45:00";"SC";101;139;"BALNEARIO CAMBORIU";"Ingestão de álcool pelo condutor";"Colisão com objeto";"Com Vítimas Feridas";"Pleno dia";"Decrescente";"Céu Claro";"Simples";"Curva;Ponte;Viaduto";"Sim";1;0;0;1;0;0;1;1;-27,02982303;-48,60115006;"SPRF-SC";"DEL04-SC";"UOP03-DEL04-SC"
569104;2023-12-19;"terça-feira";"20:25:00";"MA";316;199;"ZE DOCA";"Acessar a via sem observar a presença dos outros veículos";"Colisão transversal";"Com Vítimas Feridas";"Plena Noite";"Decrescente";"Céu Claro";"Simples";"Reta";"Sim";2;0;1;1;0;0;2;2;-3,2628531;-45,655105;"SPRF-MA";"DEL02-MA";"UOP01-DEL02-MA"
569108;2023-12-20;"quarta-feira";"06:00:00";"SC";282;115,8;"ALFREDO WAGNER";"Velocidade Incompatível";"Saída de leito carroçável";"Com Vítimas Feridas";"Amanhecer";"Decrescente";"Sol";"Simples";"Curva";"Não";3;0;1;1;1;0;2;1;-27,755424;-49,39444;"SPRF-SC";"DEL01-SC";"UOP03-DEL01-SC"
569109;2023-12-19;"terça-feira";"23:10:00";"MG";365;832;"SANTA VITORIA";"Condutor Dormindo";"Saída de leito carroçável";"Com Vítimas Feridas";"Plena Noite";"Crescente";"Céu Claro";"Simples";"Declive";"Não";1;0;1;0;0;0;1;1;-18,90505008;-50,20362197;"SPRF-MG";"DEL15-MG";"UOP03-DEL15-MG"
569110;2023-12-20;"quarta-feira";"07:30:00";"RS";116;267;"CANOAS";"Ausência de reação do condutor";"Colisão lateral mesmo sentido";"Com Vítimas Feridas";"Pleno dia";"Crescente";"Nublado";"Múltipla";"Reta";"Sim";3;0;1;0;2;0;1;3;-29,94142398;-51,17697062;"SPRF-RS";"DEL01-RS";"UOP01-DEL01-RS"
569111;2023-12-20;"quarta-feira";"06:10:00";"RJ";101;333;"RIO DE JANEIRO";"Trafegar com motocicleta (ou similar) entre as faixas";"Queda de ocupante de veículo";"Com Vítimas Feridas";"Pleno dia";"Decrescente";"Céu Claro";"Dupla";"Aclive;Reta";"Não";1;0;1;0;0;0;1;1;-22,87827816;-43,21053578;"SPRF-RJ";"DEL02-RJ";"UOP01-DEL02-RJ"
569112;2023-12-20;"quarta-feira";"07:45:00";"PE";101;69,5;"RECIFE";"Acessar a via sem observar a presença dos outros veículos";"Colisão transversal";"Com Vítimas Feridas";"Pleno dia";"Crescente";"Nublado";"Dupla";"Reta";"Sim";3;0;1;0;2;0;1;2;-8,064348;-34,944331;"SPRF-PE";"DEL01-PE";"UOP01-DEL01-PE"
569113;2023-08-22;"terça-feira";"19:40:00";"CE";116;37,6;"HORIZONTE";"Ingestão de álcool ou de substâncias psicoativas pelo pedestre";"Atropelamento de Pedestre";"Com Vítimas Feridas";"Plena Noite";"Decrescente";"Céu Claro";"Dupla";"Reta";"Não";2;0;0;2;0;0;2;2;-4,07003597;-38,50180289;"SPRF-CE";"DEL01-CE";"UOP02-DEL01-CE"
569114;2023-12-20;"quarta-feira";"07:45:00";"RS";290;100;"PORTO ALEGRE";"Manobra de mudança de faixa";"Colisão lateral mesmo sentido";"Com Vítimas Feridas";"Pleno dia";"Decrescente";"Nublado";"Dupla";"Reta";"Não";2;0;1;0;0;1;1;2;-29,988646;-51,236553;"SPRF-RS";"DEL01-RS";"UOP01-DEL01-RS"
569116;2023-12-20;"quarta-feira";"07:10:00";"SC";101;208;"SAO JOSE";"Condutor deixou de manter distância do veículo da frente";"Colisão traseira";"Com Vítimas Feridas";"Pleno dia";"Decrescente";"Céu Claro";"Dupla";"Reta";"Não";2;0;1;0;1;0;1;2;-27,60327979;-48,63201818;"SPRF-SC";"DEL01-SC";"UOP01-DEL01-SC"