"id";"data_inversa";"dia_semana";"horario";"uf";"br";"km";"municipio";"causa_acidente";"tipo_acidente";"classificacao_acidente";"fase_dia";"sentido_via";"condicao_metereologica";"tipo_pista";"tracado_via";"uso_solo";"pessoas";"mortos";"feridos_leves";"feridos_graves";"ilesos";"ignorados";"feridos";"veiculos";"latitude";"longitude";"regional";"delegacia";"uop"
569117;2023-12-20;"quarta-feira";"06:30:00";"BA";110;404;"SAO SEBASTIAO DO PASSE";"Desrespeitar a preferência no cruzamento";"Colisão transversal";"Com Vítimas Feridas";"Pleno dia";"Crescente";"Céu Claro";"Simples";"Rotatória;Reta";"Não";2;0;1;0;1;0;1;2;-12,57803825;-38,54049152;"SPRF-BA";"DEL01-BA";"UOP01-DEL01-BA"
569122;2023-12-20;"quarta-feira";"06:30:00";"DF";20;4;"BRASILIA";"Pista Escorregadia";"Saída de leito carroçável";"Com Vítimas Feridas";"Amanhecer";"Crescente";"Chuva";"Dupla";"Reta;Aclive";"Não";1;0;1;0;0;0;1;1;-15,675484;-47,823761;"SPRF-DF";"DEL02-DF";"UOP01-DEL02-DF"
569123;2023-12-20;"quarta-feira";"08:00:00";"RJ";40;107;"DUQUE DE CAXIAS";"Reação tardia ou ineficiente do condutor";"Colisão lateral mesmo sentido";"Sem Vítimas";"Pleno dia";"Decrescente";"Céu Claro";"Dupla";"Reta";"Sim";5;0;0;0;5;0;0;2;-22,65581497;-43,28378546;"SPRF-RJ";"DEL01-RJ";"UOP02-DEL01-RJ"
569125;2023-12-20;"quarta-feira";"08:40:00";"SP";116;422;"JUQUIA";"Avarias e/ou desgaste excessivo no pneu";"Colisão com objeto";"Com Vítimas Feridas";"Pleno dia";"Crescente";"Céu Claro";"Dupla";"Reta";"Não";2;0;2;0;0;0;2;1;-24,36454003;-47,69203096;"SPRF-SP";"DEL05-SP";"UOP01-DEL05-SP"
569126;2023-12-20;"quarta-feira";"05:54:00";"MS";163;506,4;"JARAGUARI";"Ausência de reação do condutor";"Colisão traseira";"Com Vítimas Feridas";"Amanhecer";"Crescente";"Céu Claro";"Dupla";"Reta";"Não";7;0;0;2;5;0;2;2;-20,27898388;-54,49191222;"SPRF-MS";"DEL01-MS";"UOP02-DEL01-MS"
569128;2023-07-25;"terça-feira";"09:30:00";"MG";262;9,3;"MARTINS SOARES";"Acumulo de areia ou detritos sobre o pavimento";"Saída de leito carroçável";"Com Vítimas Fatais";"Pleno dia";"Decrescente";"Céu Claro";"Simples";"Declive;Curva";"Não";4;1;3;0;0;0;3;1;-20,25054582;-41,83493898;"SPRF-MG";"DEL06-MG";"UOP03-DEL06-MG"
569130;2023-12-20;"quarta-feira";"08:00:00";"RS";472;139,9;"TRES DE MAIO";"Velocidade Incompatível";"Saída de leito carroçável";"Com Vítimas Feridas";"Pleno dia";"Crescente";"Chuva";"Simples";"Curva";"Não";2;0;0;2;0;0;2;1;-27,7743927;-54,30885315;"SPRF-RS";"DEL10-RS";"UOP01-DEL10-RS"
569131;2023-12-20;"quarta-feira";"05:30:00";"PB";230;428,1;"POMBAL";"Reação tardia ou ineficiente do condutor";"Tombamento";"Com Vítimas Feridas";"Amanhecer";"Crescente";"Chuva";"Simples";"Reta";"Não";1;0;1;0;0;0;1;1;-6,7359;-37,9238;"SPRF-PB";"DEL03-PB";"UOP02-DEL03-PB"
569132;2023-12-20;"quarta-feira";"08:45:00";"PE";101;13;"GOIANA";"Ausência de reação do condutor";"Capotamento";"Com Vítimas Feridas";"Pleno dia";"Crescente";"Nublado";"Dupla";"Reta";"Não";2;0;0;2;0;0;2;1;-7,61043695;-34,97530291;"SPRF-PE";"DEL01-PE";"UOP02-DEL01-PE"
569134;2023-12-20;"quarta-feira";"07:30:00";"GO";153;557;"PROFESSOR JAMIL";"Chuva";"Saída de leito carroçável";"Com Vítimas Feridas";"Pleno dia";"Crescente";"Chuva";"Dupla";"Reta;Declive";"Não";3;0;1;2;0;0;3;1;-17,2013;-49,2083;"SPRF-GO";"DEL03-GO";"UOP01-DEL03-GO"
569136;2023-12-18;"segunda-feira";"13:20:00";"MT";0;0;"CUIABA";"Ausência de reação do condutor";"Colisão lateral mesmo sentido";"Sem Vítimas";"Pleno dia";"Não Informado";"Céu Claro";"Simples";"Reta";"Sim";2;0;0;0;1;1;0;2;-15,60592558;-56,10406637;"SPRF-MT";"N/A";"N/A"
569137;2023-12-20;"quarta-feira";"09:00:00";"MG";40;635,1;"CONSELHEIRO LAFAIETE";"Conversão proibida";"Tombamento";"Com Vítimas Feridas";"Pleno dia";"Decrescente";"Sol";"Simples";"Declive;Reta";"Não";3;0;1;1;1;0;2;2;-20,703504;-43,792678;"SPRF-MG";"DEL05-MG";"UOP02-DEL05-MG"
569138;2023-12-20;"quarta-feira";"08:20:00";"PI";343;344;"TERESINA";"Acessar a via sem observar a presença dos outros veículos";"Colisão transversal";"Com Vítimas Feridas";"Pleno dia";"Decrescente";"Céu Claro";"Dupla";"Rotatória;Reta;Interseção de Vias";"Sim";3;0;0;1;2;0;1;2;-5,094729;-42,762775;"SPRF-PI";"DEL01-PI";"UOP01-DEL01-PI"
569142;2023-12-20;"quarta-feira";"09:40:00";"BA";407;3;"JUAZEIRO";"Reação tardia ou ineficiente do condutor";"Queda de ocupante de veículo";"Com Vítimas Feridas";"Pleno dia";"Crescente";"Nublado";"Simples";"Reta;Em Obras";"Sim";1;0;1;0;0;0;1;1;-9,43134011;-40,49823324;"SPRF-PE";"DEL06-PE";"UOP01-DEL06-PE"
569143;2023-12-20;"quarta-feira";"06:00:00";"MG";251;468,1;"GRAO MOGOL";"Chuva";"Colisão traseira";"Com Vítimas Feridas";"Amanhecer";"Crescente";"Chuva";"Simples";"Reta";"Não";3;0;1;0;2;0;1;2;-16,47078134;-43,40805531;"SPRF-MG";"DEL12-MG";"UOP01-DEL12-MG"
569144;2023-12-20;"quarta-feira";"08:45:00";"PA";316;36,2;"SANTA IZABEL DO PARA";"Acessar a via sem observar a presença dos outros veículos";"Colisão transversal";"Com Vítimas Feridas";"Pleno dia";"Crescente";"Céu Claro";"Dupla";"Reta;Interseção de Vias";"Sim";3;0;1;0;2;0;1;2;-1,29009976;-48,15602469;"SPRF-PA";"DEL01-PA";"UOP01-DEL01-PA"
569145;2023-12-20;"quarta-feira";"09:30:00";"RS";116;248;"SAO LEOPOLDO";"Ausência de reação do condutor";"Colisão traseira";"Com Vítimas Feridas";"Pleno dia";"Crescente";"Céu Claro";"Múltipla";"Retorno Regulamentado;Viaduto";"Sim";3;0;1;0;2;0;1;2;-29,77284443;-51,15447426;"SPRF-RS";"DEL01-RS";"UOP02-DEL01-RS"
569146;2023-12-20;"quarta-feira";"09:25:00";"SP";101;52;"UBATUBA";"Acessar a via sem observar a presença dos outros veículos";"Colisão lateral mesmo sentido";"Com Vítimas Feridas";"Pleno dia";"Crescente";"Céu Claro";"Simples";"Rotatória";"Sim";2;0;1;0;1;0;1;2;-23,4623355;-45,06476561;"SPRF-SP";"DEL06-SP";"UOP01-DEL06-SP"
569148;2023-12-20;"quarta-feira";"08:40:00";"MG";50;108;"UBERABA";"Avarias e/ou desgaste excessivo no pneu";"Saída de leito carroçável";"Com Vítimas Feridas";"Pleno dia";"Decrescente";"Céu Claro";"Dupla";"Reta";"Não";2;0;1;0;1;0;1;1;-19,20603112;-48,14992542;"SPRF-MG";"DEL13-MG";"UOP01-DEL13-MG"
569149;2023-12-20;"quarta-feira";"08:10:00";"AC";364;132;"RIO BRANCO";"Reação tardia ou ineficiente do condutor";"Colisão lateral mesmo sentido";"Com Vítimas Feridas";"Pleno dia";"Crescente";"Céu Claro";"Simples";"Rotatória";"Sim";2;0;2;0;0;0;2;2;-10,00697358;-67,84827948;"SPRF-AC";"DEL01-AC";"UOP01-DEL01-AC"
569151;2023-12-20;"quarta-feira";"10:20:00";"ES";101;290;"CARIACICA";"Demais falhas mecânicas ou elétricas";"Colisão com objeto";"Com Vítimas Feridas";"Pleno dia";"Crescente";"Céu Claro";"Dupla";"Reta";"Sim";1;0;0;1;0;0;1;1;-20,28927747;-40,39181575;"SPRF-ES";"DEL01-ES";"UOP01-DEL01-ES"
569153;2023-12-20;"quarta-feira";"11:16:00";"PE";423;97,3;"GARANHUNS";"Ultrapassagem Indevida";"Colisão frontal";"Sem Vítimas";"Pleno dia";"Crescente";"Nublado";"Simples";"Reta;Interseção de Vias";"Sim";2;0;0;0;2;0;0;2;-8,8796227;-36,49484286;"SPRF-PE";"DEL03-PE";"UOP01-DEL03-PE"
569154;2023-12-20;"quarta-feira";"12:00:00";"PB";230;9;"CABEDELO";"Reação tardia ou ineficiente do condutor";"Colisão traseira";"Sem Vítimas";"Pleno dia";"Crescente";"Céu Claro";"Dupla";"Reta";"Sim";2;0;0;0;2;0;0;2;-7,0433;-34,8466;"SPRF-PB";"DEL01-PB";"UOP01-DEL01-PB"
569155;2023-12-20;"quarta-feira";"07:30:00";"MG";365;130,5;"VARZEA DA PALMA";"Velocidade Incompatível";"Saída de leito carroçável";"Com Vítimas Feridas";"Amanhecer";"Crescente";"Chuva";"Simples";"Curva";"Não";4;0;3;1;0;0;4;1;-17,14942873;-44,77300029;"SPRF-MG";"DEL12-MG";"UOP01-DEL12-MG"
569157;2023-12-20;"quarta-feira";"11:00:00";"RO";364;709;"PORTO VELHO";"Condutor deixou de manter distância do veículo da frente";"Engavetamento";"Com Vítimas Feridas";"Pleno dia";"Decrescente";"Céu Claro";"Múltipla";"Reta";"Sim";4;0;1;0;3;0;1;3;-8,7909383;-63,84895617;"SPRF-RO";"DEL01-RO";"UOP01-DEL01-RO"
569158;2023-12-20;"quarta-feira";"11:50:00";"SE";235;5,9;"NOSSA SENHORA DO SOCORRO";"Manobra de mudança de faixa";"Colisão lateral mesmo sentido";"Com Vítimas Feridas";"Pleno dia";"Decrescente";"Sol";"Dupla";"Reta";"Sim";3;0;2;0;1;0;2;2;-10,9041;-37,1278;"SPRF-SE";"DEL01-SE";"UOP01-DEL01-SE"
569159;2023-12-20;"quarta-feira";"12:00:00";"SP";116;101;"PINDAMONHANGABA";"Ausência de reação do condutor";"Engavetamento";"Com Vítimas Feridas";"Pleno dia";"Decrescente";"Céu Claro";"Dupla";"Reta";"Não";4;0;1;0;3;0;1;4;-22,99074204;-45,48115098;"SPRF-SP";"DEL08-SP";"UOP01-DEL08-SP"
569160;2023-12-20;"quarta-feira";"11:10:00";"RO";364;353,7;"JI-PARANA";"Acessar a via sem observar a presença dos outros veículos";"Colisão transversal";"Com Vítimas Feridas";"Pleno dia";"Decrescente";"Céu Claro";"Simples";"Reta;Declive";"Não";3;0;2;0;1;0;2;2;-10,819725;-62,016482;"SPRF-RO";"DEL02-RO";"UOP01-DEL02-RO"
569162;2023-12-20;"quarta-feira";"07:25:00";"SC";101;321;"PESCARIA BRAVA";"Reação tardia ou ineficiente do condutor";"Colisão traseira";"Com Vítimas Feridas";"Pleno dia";"Crescente";"Céu Claro";"Dupla";"Reta";"Sim";2;0;1;0;1;0;1;2;-28,42652417;-48,90778542;"SPRF-SC";"DEL02-SC";"UOP01-DEL02-SC"
569163;2023-12-20;"quarta-feira";"11:24:00";"SP";116;228;"SAO PAULO";"Condutor deixou de manter distância do veículo da frente";"Colisão lateral mesmo sentido";"Com Vítimas Feridas";"Pleno dia";"Crescente";"Céu Claro";"Múltipla";"Aclive;Reta";"Sim";2;0;1;0;1;0;1;2;-23,50343484;-46,56638712;"SPRF-SP";"DEL01-SP";"UOP01-DEL01-SP"
569164;2023-12-20;"quarta-feira";"11:30:00";"PI";343;343,3;"TERESINA";"Desrespeitar a preferência no cruzamento";"Colisão transversal";"Com Vítimas Feridas";"Pleno dia";"Crescente";"Céu Claro";"Múltipla";"Rotatória";"Sim";3;0;1;0;1;1;1;2;-5,090528;-42,760526;"SPRF-PI";"DEL01-PI";"UOP01-DEL01-PI"
569166;2023-12-20;"quarta-feira";"12:30:00";"RJ";116;333;"RESENDE";"Mal súbito do condutor";"Saída de leito carroçável";"Com Vítimas Feridas";"Pleno dia";"Decrescente";"Céu Claro";"Dupla";"Reta";"Não";1;0;0;1;0;0;1;1;-22,49684621;-44,6437451;"SPRF-RJ";"DEL07-RJ";"UOP02-DEL07-RJ"
569167;2023-12-20;"quarta-feira";"11:50:00";"MT";70;7;"BARRA DO GARCAS";"Ausência de reação do condutor";"Queda de ocupante de veículo";"Com Vítimas Feridas";"Pleno dia";"Decrescente";"Nublado";"Simples";"Rotatória";"Sim";2;0;1;0;0;1;1;2;-15,8785221;-52,31428742;"SPRF-MT";"DEL07-MT";"UOP01-DEL07-MT"
569168;2023-12-20;"quarta-feira";"12:50:00";"PR";153;42,5;"SANTO ANTONIO DA PLATINA";"Acessar a via sem observar a presença dos outros veículos";"Colisão transversal";"Com Vítimas Feridas";"Pleno dia";"Decrescente";"Céu Claro";"Simples";"Reta;Interseção de Vias";"Sim";3;0;2;0;0;1;2;3;-23,29512144;-50,06578041;"SPRF-PR";"DEL07-PR";"UOP04-DEL07-PR"
569169;2023-12-20;"quarta-feira";"09:05:00";"GO";20;155;"ALVORADA DO NORTE";"Velocidade Incompatível";"Saída de leito carroçável";"Com Vítimas Feridas";"Pleno dia";"Decrescente";"Nublado";"Simples";"Reta";"Não";2;0;1;0;1;0;1;1;-14,654471;-46,639088;"SPRF-DF";"DEL02-DF";"UOP03-DEL02-DF"
569172;2023-12-20;"quarta-feira";"11:10:00";"MG";116;421;"ALPERCATA";"Acessar a via sem observar a presença dos outros veículos";"Colisão transversal";"Com Vítimas Feridas";"Pleno dia";"Crescente";"Céu Claro";"Simples";"Declive;Interseção de Vias";"Não";2;0;1;0;1;0;1;2;-18,93669975;-41,94751431;"SPRF-MG";"DEL06-MG";"UOP01-DEL06-MG"
569175;2023-12-18;"segunda-feira";"16:56:00";"GO";70;314;"JUSSARA";"Ausência de reação do condutor";"Colisão traseira";"Com Vítimas Feridas";"Pleno dia";"Crescente";"Céu Claro";"Dupla";"Retorno Regulamentado";"Sim";2;0;1;0;1;0;1;2;-15,8753819;-50,86724823;"SPRF-GO";"DEL04-GO";"UOP02-DEL04-GO"
569176;2023-12-20;"quarta-feira";"12:15:00";"MT";364;565;"NOBRES";"Chuva";"Capotamento";"Sem Vítimas";"Pleno dia";"Crescente";"Chuva";"Dupla";"Reta";"Não";1;0;0;0;1;0;0;1;-14,76386003;-56,34804297;"SPRF-MT";"DEL01-MT";"UOP01-DEL01-MT"
569177;2023-12-20;"quarta-feira";"12:30:00";"RJ";101;564;"PARATY";"Velocidade Incompatível";"Colisão com objeto";"Com Vítimas Feridas";"Pleno dia";"Crescente";"Céu Claro";"Simples";"Curva;Aclive";"Não";2;0;1;0;1;0;1;1;-23,14344223;-44,69851328;"SPRF-RJ";"DEL03-RJ";"UOP04-DEL03-RJ"
569178;2023-12-20;"quarta-feira";"12:15:00";"BA";101;372;"GANDU";"Curva acentuada";"Saída de leito carroçável";"Com Vítimas Feridas";"Pleno dia";"Decrescente";"Nublado";"Simples";"Curva;Declive";"Não";4;0;3;0;1;0;3;1;-13,795806;-39,495607;"SPRF-BA";"DEL05-BA";"UOP03-DEL05-BA"
569179;2023-12-20;"quarta-feira";"07:00:00";"SE";235;5;"NOSSA SENHORA DO SOCORRO";"Condutor deixou de manter distância do veículo da frente";"Colisão traseira";"Sem Vítimas";"Pleno dia";"Decrescente";"Nublado";"Dupla";"Reta";"Sim";2;0;0;0;2;0;0;2;-10,9041;-37,1278;"SPRF-SE";"DEL01-SE";"UOP01-DEL01-SE"
569180;2023-12-20;"quarta-feira";"09:05:00";"PI";316;33;"DEMERVAL LOBAO";"Acessar a via sem observar a presença dos outros veículos";"Colisão transversal";"Com Vítimas Feridas";"Pleno dia";"Crescente";"Nublado";"Dupla";"Reta";"Sim";2;0;0;2;0;0;2;2;-5,34852098;-42,68083598;"SPRF-PI";"DEL01-PI";"UOP02-DEL01-PI"
569182;2023-12-20;"quarta-feira";"13:25:00";"PR";158;534,6;"PATO BRANCO";"Reação tardia ou ineficiente do condutor";"Colisão transversal";"Com Vítimas Feridas";"Pleno dia";"Crescente";"Nublado";"Simples";"Reta";"Sim";2;0;0;1;1;0;1;2;-26,22652612;-52,68914074;"SPRF-PR";"DEL02-PR";"UOP01-DEL02-PR"
569183;2023-12-20;"quarta-feira";"14:00:00";"SC";116;7;"MAFRA";"Reação tardia ou ineficiente do condutor";"Saída de leito carroçável";"Com Vítimas Feridas";"Pleno dia";"Decrescente";"Céu Claro";"Simples";"Curva";"Não";1;0;1;0;0;0;1;1;-26,16560704;-49,85243797;"SPRF-SC";"DEL06-SC";"UOP01-DEL06-SC"
569184;2023-12-20;"quarta-feira";"11:30:00";"MG";251;305;"SALINAS";"Manobra de mudança de faixa";"Colisão frontal";"Com Vítimas Fatais";"Pleno dia";"Crescente";"Chuva";"Simples";"Reta;Declive";"Não";5;1;0;2;2;0;2;2;-16,13540391;-42,27795196;"SPRF-MG";"DEL12-MG";"UOP02-DEL12-MG"
569185;2023-12-20;"quarta-feira";"07:00:00";"MG";381;304;"ANTONIO DIAS";"Ausência de reação do condutor";"Saída de leito carroçável";"Com Vítimas Feridas";"Pleno dia";"Decrescente";"Céu Claro";"Dupla";"Curva";"Não";2;0;0;2;0;0;2;1;-19,64450453;-42,92272769;"SPRF-MG";"DEL03-MG";"UOP02-DEL03-MG"
569186;2023-12-20;"quarta-feira";"13:45:00";"PR";376;2,5;"SAO JOSE DOS PINHAIS";"Acessar a via sem observar a presença dos outros veículos";"Colisão transversal";"Com Vítimas Feridas";"Pleno dia";"Decrescente";"Sol";"Dupla";"Reta;Interseção de Vias";"Sim";3;0;2;0;1;0;2;3;-25,5307;-49,1958;"SPRF-PR";"DEL01-PR";"UOP04-DEL01-PR"
569188;2023-12-20;"quarta-feira";"14:10:00";"SC";282;5;"SAO JOSE";"Condutor deixou de manter distância do veículo da frente";"Colisão traseira";"Com Vítimas Feridas";"Pleno dia";"Crescente";"Céu Claro";"Múltipla";"Reta";"Não";3;0;1;0;2;0;1;2;-27,588425;-48,612919;"SPRF-SC";"DEL01-SC";"UOP01-DEL01-SC"
569191;2023-12-20;"quarta-feira";"14:00:00";"PR";476;155;"ARAUCARIA";"Conversão proibida";"Colisão transversal";"Com Vítimas Feridas";"Pleno dia";"Crescente";"Céu Claro";"Dupla";"Reta";"Sim";3;0;1;0;2;0;1;2;-25,590897;-49,410622;"SPRF-PR";"DEL01-PR";"UOP06-DEL01-PR"
569195;2023-12-20;"quarta-feira";"14:15:00";"PR";369;143,3;"LONDRINA";"Manobra de mudança de faixa";"Colisão lateral mesmo sentido";"Com Vítimas Feridas";"Pleno dia";"Decrescente";"Céu Claro";"Dupla";"Reta";"Sim";2;0;1;0;0;1;1;2;-23,29298578;-51,09773105;"SPRF-PR";"DEL07-PR";"UOP01-DEL07-PR"
569196;2023-12-20;"quarta-feira";"08:40:00";"MT";163;923;"ITAUBA";"Ausência de reação do condutor";"Colisão traseira";"Com Vítimas Feridas";"Pleno dia";"Decrescente";"Céu Claro";"Simples";"Reta";"Não";7;0;1;2;4;0;3;3;-11,23395388;-55,30433047;"SPRF-MT";"DEL06-MT";"UOP02-DEL06-MT"
569197;2023-12-15;"sexta-feira";"20:50:00";"AP";210;1;"MACAPA";"Condutor deixou de manter distância do veículo da frente";"Colisão traseira";"Com Vítimas Feridas";"Plena Noite";"Crescente";"Céu Claro";"Dupla";"Retorno Regulamentado";"Sim";2;0;0;1;1;0;1;2;0,07816717;-51,06998693;"SPRF-AP";"DEL01-AP";"UOP01-DEL01-AP"
569198;2023-12-20;"quarta-feira";"14:20:00";"SC";101;195;"BIGUACU";"Avarias e/ou desgaste excessivo no pneu";"Tombamento";"Com Vítimas Feridas";"Pleno dia";"Decrescente";"Sol";"Múltipla";"Reta";"Sim";2;0;2;0;0;0;2;1;-27,5047092;-48,65010819;"SPRF-SC";"DEL01-SC";"UOP01-DEL01-SC"
569200;2023-12-20;"quarta-feira";"13:48:00";"MG";381;850,5;"POUSO ALEGRE";"Transitar na contramão";"Colisão frontal";"Com Vítimas Feridas";"Pleno dia";"Crescente";"Céu Claro";"Simples";"Curva;Retorno Regulamentado";"Sim";2;0;1;0;1;0;1;2;-22,2786871;-45,89472262;"SPRF-MG";"DEL16-MG";"UOP01-DEL16-MG"
569203;2023-12-20;"quarta-feira";"14:25:00";"RN";101;94;"NATAL";"Manobra de mudança de faixa";"Colisão traseira";"Com Vítimas Feridas";"Pleno dia";"Crescente";"Céu Claro";"Dupla";"Reta";"Sim";2;0;1;0;1;0;1;2;-5,826932;-35,210953;"SPRF-RN";"DEL01-RN";"UOP01-DEL01-RN"
569204;2023-12-20;"quarta-feira";"15:05:00";"MG";262;359;"BETIM";"Reação tardia ou ineficiente do condutor";"Saída de leito carroçável";"Com Vítimas Feridas";"Pleno dia";"Decrescente";"Céu Claro";"Dupla";"Reta";"Sim";1;0;1;0;0;0;1;1;-19,98332234;-44,20214426;"SPRF-MG";"DEL01-MG";"UOP03-DEL01-MG"
569205;2023-12-20;"quarta-feira";"15:00:00";"SC";280;53,2;"GUARAMIRIM";"Reação tardia ou ineficiente do condutor";"Colisão traseira";"Com Vítimas Feridas";"Pleno dia";"Crescente";"Céu Claro";"Dupla";"Reta";"Sim";2;0;1;0;1;0;1;2;-26,47236756;-48,97426617;"SPRF-SC";"DEL03-SC";"UOP03-DEL03-SC"
569206;2023-12-20;"quarta-feira";"13:00:00";"PR";158;336;"PALMITAL";"Ultrapassagem Indevida";"Colisão lateral mesmo sentido";"Com Vítimas Feridas";"Pleno dia";"Decrescente";"Sol";"Simples";"Curva;Aclive";"Não";5;0;3;0;2;0;3;2;-24,87922442;-52,22111944;"SPRF-PR";"DEL04-PR";"UOP02-DEL04-PR"
569207;2023-12-20;"quarta-feira";"15:15:00";"RS";116;516,9;"PELOTAS";"Demais falhas mecânicas ou elétricas";"Queda de ocupante de veículo";"Com Vítimas Feridas";"Pleno dia";"Crescente";"Nublado";"Simples";"Reta";"Não";1;0;1;0;0;0;1;1;-31,67013527;-52,34055575;"SPRF-RS";"DEL07-RS";"UOP01-DEL07-RS"
569208;2023-12-20;"quarta-feira";"15:20:00";"DF";60;23;"BRASILIA";"Avarias e/ou desgaste excessivo no pneu";"Saída de leito carroçável";"Com Vítimas Feridas";"Pleno dia";"Crescente";"Chuva";"Dupla";"Curva;Declive";"Não";4;0;2;0;2;0;2;1;-15,987903;-48,223103;"SPRF-DF";"DEL03-DF";"UOP01-DEL03-DF"
569209;2023-12-20;"quarta-feira";"15:06:00";"SP";116;230;"SAO PAULO";"Transitar no Acostamento";"Colisão lateral mesmo sentido";"Com Vítimas Feridas";"Pleno dia";"Crescente";"Céu Claro";"Múltipla";"Reta";"Sim";3;0;1;0;1;1;1;2;-23,52251783;-46,5855702;"SPRF-SP";"DEL01-SP";"UOP01-DEL01-SP"
569211;2023-12-20;"quarta-feira";"12:30:00";"MG";40;487;"CAPIM BRANCO";"Demais falhas mecânicas ou elétricas";"Incêndio";"Sem Vítimas";"Pleno dia";"Crescente";"Céu Claro";"Dupla";"Reta;Declive";"Não";1;0;0;0;1;0;0;1;-19,59896404;-44,22303708;"SPRF-MG";"DEL02-MG";"UOP01-DEL02-MG"
569212;2023-12-20;"quarta-feira";"15:30:00";"TO";153;147;"ARAGUAINA";"Demais falhas mecânicas ou elétricas";"Tombamento";"Com Vítimas Feridas";"Pleno dia";"Crescente";"Céu Claro";"Dupla";"Reta";"Sim";3;0;2;0;0;1;2;2;-7,22175693;-48,24826214;"SPRF-TO";"DEL02-TO";"UOP01-DEL02-TO"
569214;2023-12-20;"quarta-feira";"16:00:00";"RJ";493;23;"MAGE";"Acumulo de areia ou detritos sobre o pavimento";"Colisão traseira";"Com Vítimas Feridas";"Pleno dia";"Crescente";"Garoa/Chuvisco";"Simples";"Reta";"Não";2;0;1;0;1;0;1;2;-22,65705297;-43,061742;"SPRF-RJ";"DEL04-RJ";"UOP02-DEL04-RJ"
569215;2023-12-20;"quarta-feira";"14:55:00";"ES";101;264;"SERRA";"Ausência de reação do condutor";"Colisão lateral mesmo sentido";"Com Vítimas Feridas";"Pleno dia";"Crescente";"Nublado";"Simples";"Reta";"Sim";2;0;1;0;1;0;1;2;-20,17292791;-40,26736384;"SPRF-ES";"DEL02-ES";"UOP01-DEL02-ES"
569216;2023-12-20;"quarta-feira";"15:30:00";"PB";230;19;"JOAO PESSOA";"Demais falhas mecânicas ou elétricas";"Tombamento";"Com Vítimas Feridas";"Pleno dia";"Decrescente";"Céu Claro";"Dupla";"Reta";"Sim";2;0;1;0;1;0;1;1;-7,1281;-34,8466;"SPRF-PB";"DEL01-PB";"UOP01-DEL01-PB"
569217;2023-12-20;"quarta-feira";"14:50:00";"PR";467;109,8;"CASCAVEL";"Objeto estático sobre o leito carroçável";"Saída de leito carroçável";"Com Vítimas Feridas";"Pleno dia";"Decrescente";"Nublado";"Dupla";"Reta";"Não";3;0;1;0;1;1;1;3;-24,92698556;-53,4569943;"SPRF-PR";"DEL04-PR";"UOP01-DEL04-PR"
569219;2023-12-20;"quarta-feira";"16:10:00";"RS";285;293,1;"PASSO FUNDO";"Acessar a via sem observar a presença dos outros veículos";"Colisão transversal";"Com Vítimas Feridas";"Pleno dia";"Crescente";"Nublado";"Simples";"Rotatória";"Sim";2;0;1;0;1;0;1;2;-28,236645;-52,375156;"SPRF-RS";"DEL08-RS";"UOP03-DEL08-RS"
569220;2023-12-20;"quarta-feira";"14:30:00";"PE";316;302;"FLORESTA";"Ausência de reação do condutor";"Colisão com objeto";"Com Vítimas Feridas";"Pleno dia";"Decrescente";"Céu Claro";"Simples";"Reta";"Sim";3;0;0;2;0;1;2;2;-8,60742544;-38,58074427;"SPRF-PE";"DEL04-PE";"UOP03-DEL04-PE"
569224;2023-12-20;"quarta-feira";"16:15:00";"PR";277;340;"GUARAPUAVA";"Ausência de reação do condutor";"Colisão traseira";"Com Vítimas Feridas";"Pleno dia";"Crescente";"Céu Claro";"Simples";"Reta";"Sim";2;0;1;0;0;1;1;2;-25,3454097;-51,44552529;"SPRF-PR";"DEL08-PR";"UOP01-DEL08-PR"
569226;2023-12-20;"quarta-feira";"12:00:00";"MA";316;191;"ZE DOCA";"Ausência de reação do condutor";"Capotamento";"Sem Vítimas";"Pleno dia";"Decrescente";"Céu Claro";"Simples";"Reta";"Não";1;0;0;0;0;1;0;1;-3,214699;-45,65094;"SPRF-MA";"DEL02-MA";"UOP02-DEL02-MA"
569227;2023-12-20;"quarta-feira";"16:15:00";"DF";70;17;"BRASILIA";"Trafegar com motocicleta (ou similar) entre as faixas";"Colisão lateral mesmo sentido";"Com Vítimas Feridas";"Pleno dia";"Crescente";"Garoa/Chuvisco";"Dupla";"Curva;Declive";"Sim";2;0;1;0;1;0;1;2;-15,794133;-48,202095;"SPRF-DF";"DEL03-DF";"UOP02-DEL03-DF"
569230;2023-12-20;"quarta-feira";"14:49:00";"MS";163;727;"COXIM";"Acessar a via sem observar a presença dos outros veículos";"Colisão transversal";"Com Vítimas Feridas";"Pleno dia";"Crescente";"Nublado";"Simples";"Reta;Interseção de Vias;Rotatória";"Sim";2;0;1;0;1;0;1;2;-18,53607086;-54,74294349;"SPRF-MS";"DEL06-MS";"UOP01-DEL06-MS"
569231;2023-12-20;"quarta-feira";"16:10:00";"PR";163;352;"GUAIRA";"Condutor deixou de manter distância do veículo da frente";"Colisão traseira";"Com Vítimas Feridas";"Pleno dia";"Decrescente";"Céu Claro";"Simples";"Reta";"Não";13;0;1;0;12;0;1;3;-24,056134;-54,260391;"SPRF-PR";"DEL06-PR";"UOP01-DEL06-PR"