"id";"data_inversa";"dia_semana";"horario";"uf";"br";"km";"municipio";"causa_acidente";"tipo_acidente";"classificacao_acidente";"fase_dia";"sentido_via";"condicao_metereologica";"tipo_pista";"tracado_via";"uso_solo";"pessoas";"mortos";"feridos_leves";"feridos_graves";"ilesos";"ignorados";"feridos";"veiculos";"latitude";"longitude";"regional";"delegacia";"uop"
569489;2023-12-20;"quarta-feira";"21:00:00";"SC";280;275;"IRINEOPOLIS";"Desrespeitar a preferência no cruzamento";"Colisão transversal";"Sem Vítimas";"Plena Noite";"Crescente";"Nublado";"Simples";"Interseção de Vias";"Não";1;0;0;0;1;0;0;1;-26,28674797;-50,78186002;"SPRF-SC";"DEL06-SC";"UOP04-DEL06-SC"
569493;2023-12-21;"quinta-feira";"16:00:00";"ES";101;262;"SERRA";"Condutor desrespeitou a iluminação vermelha do semáforo";"Colisão transversal";"Com Vítimas Feridas";"Pleno dia";"Crescente";"Céu Claro";"Dupla";"Retorno Regulamentado";"Sim";3;0;3;0;0;0;3;2;-20,1572331;-40,27678329;"SPRF-ES";"DEL02-ES";"UOP01-DEL02-ES"
569494;2023-12-21;"quinta-feira";"16:00:00";"PR";277;577;"CASCAVEL";"Manobra de mudança de faixa";"Colisão lateral mesmo sentido";"Com Vítimas Feridas";"Pleno dia";"Crescente";"Céu Claro";"Dupla";"Reta";"Sim";2;0;0;1;1;0;1;2;-24,98510305;-53,33984701;"SPRF-PR";"DEL04-PR";"UOP01-DEL04-PR"
569495;2023-12-21;"quinta-feira";"16:25:00";"MG";381;732,5;"CARMO DA CACHOEIRA";"Velocidade Incompatível";"Saída de leito carroçável";"Com Vítimas Feridas";"Pleno dia";"Decrescente";"Nublado";"Dupla";"Curva";"Não";2;0;1;0;1;0;1;1;-21,55413799;-45,24499427;"SPRF-MG";"DEL16-MG";"UOP02-DEL16-MG"
569496;2023-12-21;"quinta-feira";"16:45:00";"RS";116;152,7;"CAXIAS DO SUL";"Manobra de mudança de faixa";"Colisão traseira";"Com Vítimas Feridas";"Pleno dia";"Decrescente";"Céu Claro";"Simples";"Reta";"Sim";3;0;2;0;1;0;2;2;-29,1829343;-51,16801501;"SPRF-RS";"DEL05-RS";"UOP01-DEL05-RS"
569497;2023-12-21;"quinta-feira";"16:30:00";"RJ";40;43;"AREAL";"Ausência de reação do condutor";"Queda de ocupante de veículo";"Com Vítimas Feridas";"Pleno dia";"Decrescente";"Céu Claro";"Simples";"Curva;Aclive";"Não";1;0;1;0;0;0;1;1;-22,265139;-43,108506;"SPRF-RJ";"DEL05-RJ";"UOP02-DEL05-RJ"
569501;2023-12-21;"quinta-feira";"15:30:00";"RJ";393;265;"BARRA DO PIRAI";"Condutor deixou de manter distância do veículo da frente";"Colisão traseira";"Sem Vítimas";"Pleno dia";"Crescente";"Céu Claro";"Múltipla";"Reta";"Não";2;0;0;0;2;0;0;2;-22,48541728;-43,91926289;"SPRF-RJ";"DEL05-RJ";"UOP04-DEL05-RJ"
569502;2023-12-21;"quinta-feira";"16:44:00";"MA";135;3;"SAO LUIS";"Acessar a via sem observar a presença dos outros veículos";"Colisão transversal";"Sem Vítimas";"Pleno dia";"Crescente";"Céu Claro";"Dupla";"Retorno Regulamentado;Reta";"Sim";2;0;0;0;2;0;0;2;-2,606802;-44,247512;"SPRF-MA";"DEL01-MA";"UOP01-DEL01-MA"
569504;2023-12-21;"quinta-feira";"16:00:00";"MG";262;378;"JUATUBA";"Velocidade Incompatível";"Saída de leito carroçável";"Com Vítimas Feridas";"Pleno dia";"Crescente";"Sol";"Dupla";"Curva;Aclive";"Sim";1;0;1;0;0;0;1;1;-19,95652262;-44,3648278;"SPRF-MG";"DEL01-MG";"UOP03-DEL01-MG"
569505;2023-12-21;"quinta-feira";"17:20:00";"MG";381;496;"BETIM";"Acesso irregular";"Queda de ocupante de veículo";"Com Vítimas Feridas";"Pleno dia";"Crescente";"Céu Claro";"Dupla";"Reta";"Não";2;0;1;0;1;0;1;1;-19,99676497;-44,20958506;"SPRF-MG";"DEL01-MG";"UOP03-DEL01-MG"
569506;2023-12-21;"quinta-feira";"16:20:00";"SP";116;92,4;"PINDAMONHANGABA";"Avarias e/ou desgaste excessivo no pneu";"Queda de ocupante de veículo";"Com Vítimas Feridas";"Pleno dia";"Crescente";"Céu Claro";"Dupla";"Aclive;Reta";"Não";2;0;2;0;0;0;2;1;-22,95149761;-45,40340424;"SPRF-SP";"DEL08-SP";"UOP01-DEL08-SP"
569507;2023-12-21;"quinta-feira";"17:10:00";"RS";116;260;"CANOAS";"Manobra de mudança de faixa";"Tombamento";"Com Vítimas Feridas";"Pleno dia";"Crescente";"Sol";"Dupla";"Reta";"Sim";1;0;1;0;0;0;1;1;-29,879208;-51,18045622;"SPRF-RS";"DEL01-RS";"UOP01-DEL01-RS"
569508;2023-12-21;"quinta-feira";"16:20:00";"MS";262;413;"TERENOS";"Reação tardia ou ineficiente do condutor";"Saída de leito carroçável";"Com Vítimas Feridas";"Pleno dia";"Crescente";"Céu Claro";"Simples";"Reta";"Não";4;0;4;0;0;0;4;1;-20,4459936;-55,14233508;"SPRF-MS";"DEL01-MS";"UOP03-DEL01-MS"
569509;2023-12-21;"quinta-feira";"15:10:00";"PI";316;5;"TERESINA";"Manobra de mudança de faixa";"Colisão traseira";"Com Vítimas Feridas";"Pleno dia";"Decrescente";"Céu Claro";"Múltipla";"Reta;Declive";"Sim";2;0;1;0;1;0;1;2;-5,14169858;-42,78157276;"SPRF-PI";"DEL01-PI";"UOP02-DEL01-PI"
569510;2023-12-21;"quinta-feira";"14:30:00";"PE";232;21;"MORENO";"Velocidade Incompatível";"Saída de leito carroçável";"Com Vítimas Feridas";"Pleno dia";"Decrescente";"Céu Claro";"Dupla";"Reta";"Não";1;0;1;0;0;0;1;1;-8,09580234;-35,08012588;"SPRF-PE";"DEL01-PE";"UOP01-DEL01-PE"
569511;2023-12-21;"quinta-feira";"17:10:00";"PE";423;77,6;"JUCATI";"Condutor deixou de manter distância do veículo da frente";"Colisão traseira";"Com Vítimas Feridas";"Plena Noite";"Decrescente";"Nublado";"Simples";"Reta;Aclive";"Não";6;0;2;0;4;0;2;2;-8,740482;-36,43069893;"SPRF-PE";"DEL03-PE";"UOP01-DEL03-PE"
569512;2023-12-21;"quinta-feira";"17:10:00";"PR";376;178;"MARINGA";"Reação tardia ou ineficiente do condutor";"Colisão traseira";"Com Vítimas Feridas";"Pleno dia";"Decrescente";"Céu Claro";"Dupla";"Reta";"Sim";2;0;1;0;1;0;1;2;-23,4192146;-51,91293985;"SPRF-PR";"DEL09-PR";"UOP01-DEL09-PR"
569513;2023-12-21;"quinta-feira";"16:10:00";"PB";101;85;"BAYEUX";"Velocidade Incompatível";"Saída de leito carroçável";"Sem Vítimas";"Pleno dia";"Decrescente";"Céu Claro";"Dupla";"Retorno Regulamentado";"Sim";1;0;0;0;0;1;0;1;-7,15032192;-34,91079569;"SPRF-PB";"DEL01-PB";"UOP01-DEL01-PB"
569514;2023-12-21;"quinta-feira";"18:00:00";"RN";304;49,5;"MOSSORO";"Transitar no Acostamento";"Colisão traseira";"Com Vítimas Feridas";"Plena Noite";"Decrescente";"Nublado";"Simples";"Reta";"Não";2;0;1;0;0;1;1;2;-5,236461;-37,317505;"SPRF-RN";"DEL04-RN";"UOP01-DEL04-RN"
569515;2023-12-21;"quinta-feira";"16:15:00";"MT";364;351;"SANTO ANTONIO DO LEVERGER";"Reação tardia ou ineficiente do condutor";"Saída de leito carroçável";"Com Vítimas Feridas";"Pleno dia";"Crescente";"Chuva";"Dupla";"Reta;Declive";"Não";1;0;1;0;0;0;1;1;-15,8024753;-55,56540905;"SPRF-MT";"DEL05-MT";"UOP02-DEL05-MT"
569516;2023-12-21;"quinta-feira";"17:50:00";"SP";116;231;"SAO PAULO";"Reação tardia ou ineficiente do condutor";"Tombamento";"Sem Vítimas";"Pleno dia";"Decrescente";"Nublado";"Múltipla";"Reta";"Não";1;0;0;0;0;1;0;1;-23,5290581;-46,59398303;"SPRF-SP";"DEL01-SP";"UOP01-DEL01-SP"
569517;2023-12-21;"quinta-feira";"16:20:00";"SC";101;108,5;"PENHA";"Demais falhas mecânicas ou elétricas";"Incêndio";"Sem Vítimas";"Pleno dia";"Decrescente";"Céu Claro";"Dupla";"Reta";"Sim";1;0;0;0;0;1;0;1;-26,82606902;-48,69052298;"SPRF-SC";"DEL03-SC";"UOP02-DEL03-SC"
569520;2023-12-21;"quinta-feira";"18:00:00";"DF";70;10;"BRASILIA";"Manobra de mudança de faixa";"Colisão lateral mesmo sentido";"Com Vítimas Feridas";"Anoitecer";"Crescente";"Nublado";"Dupla";"Reta";"Não";1;0;1;0;0;0;1;1;-15,787066;-48,140709;"SPRF-DF";"DEL03-DF";"UOP02-DEL03-DF"
569523;2023-12-21;"quinta-feira";"18:30:00";"SC";101;121,5;"ITAJAI";"Ausência de reação do condutor";"Colisão lateral mesmo sentido";"Com Vítimas Feridas";"Pleno dia";"Decrescente";"Céu Claro";"Dupla";"Reta";"Não";4;0;0;1;2;1;1;4;-26,92103178;-48,70856446;"SPRF-SC";"DEL04-SC";"UOP04-DEL04-SC"
569524;2023-12-21;"quinta-feira";"17:15:00";"SC";101;341;"TUBARAO";"Reação tardia ou ineficiente do condutor";"Tombamento";"Com Vítimas Feridas";"Pleno dia";"Crescente";"Céu Claro";"Dupla";"Reta";"Não";1;0;1;0;0;0;1;1;-28,50999405;-49,05070686;"SPRF-SC";"DEL02-SC";"UOP01-DEL02-SC"
569525;2023-12-21;"quinta-feira";"18:25:00";"RS";386;347;"LAJEADO";"Reação tardia ou ineficiente do condutor";"Tombamento";"Com Vítimas Feridas";"Pleno dia";"Decrescente";"Céu Claro";"Dupla";"Curva";"Sim";1;0;1;0;0;0;1;1;-29,451736;-51,965893;"SPRF-RS";"DEL04-RS";"UOP01-DEL04-RS"
569526;2023-12-21;"quinta-feira";"18:50:00";"SC";101;206;"SAO JOSE";"Ausência de reação do condutor";"Colisão traseira";"Com Vítimas Feridas";"Pleno dia";"Crescente";"Céu Claro";"Múltipla";"Reta";"Não";2;0;1;0;1;0;1;2;-27,59193546;-48,61824557;"SPRF-SC";"DEL01-SC";"UOP01-DEL01-SC"
569527;2023-12-21;"quinta-feira";"16:30:00";"RO";364;95;"VILHENA";"Carga excessiva e/ou mal acondicionada";"Derramamento de carga";"Com Vítimas Feridas";"Anoitecer";"Decrescente";"Nublado";"Simples";"Aclive";"Não";4;0;1;0;3;0;1;1;-12,31718194;-60,63547962;"SPRF-RO";"DEL04-RO";"UOP01-DEL04-RO"
569529;2023-12-21;"quinta-feira";"16:28:00";"MA";316;187,9;"ZE DOCA";"Manobra de mudança de faixa";"Capotamento";"Com Vítimas Feridas";"Pleno dia";"Crescente";"Céu Claro";"Simples";"Reta";"Não";2;0;0;1;0;1;1;1;-3,178833;-45,647865;"SPRF-MA";"DEL02-MA";"UOP02-DEL02-MA"
569532;2023-12-21;"quinta-feira";"12:50:00";"SC";101;445,1;"SANTA ROSA DO SUL";"Ausência de reação do condutor";"Saída de leito carroçável";"Com Vítimas Feridas";"Pleno dia";"Crescente";"Céu Claro";"Múltipla";"Reta";"Sim";3;0;2;0;1;0;2;1;-29,13876138;-49,71567783;"SPRF-SC";"DEL02-SC";"UOP02-DEL02-SC"
569533;2023-12-21;"quinta-feira";"18:20:00";"RJ";393;270;"BARRA DO PIRAI";"Ingestão de álcool pelo condutor";"Colisão frontal";"Com Vítimas Feridas";"Pleno dia";"Crescente";"Sol";"Simples";"Curva";"Não";9;0;6;0;3;0;6;2;-22,479227;-43,92354;"SPRF-RJ";"DEL05-RJ";"UOP04-DEL05-RJ"
569535;2023-12-21;"quinta-feira";"18:45:00";"PA";316;23;"BENEVIDES";"Reação tardia ou ineficiente do condutor";"Atropelamento de Pedestre";"Com Vítimas Fatais";"Plena Noite";"Crescente";"Céu Claro";"Dupla";"Reta";"Sim";2;1;1;0;0;0;1;2;-1,34599732;-48,25152822;"SPRF-PA";"DEL01-PA";"UOP01-DEL01-PA"
569537;2023-12-21;"quinta-feira";"18:40:00";"PE";232;10;"JABOATAO DOS GUARARAPES";"Condutor deixou de manter distância do veículo da frente";"Colisão lateral mesmo sentido";"Sem Vítimas";"Plena Noite";"Decrescente";"Céu Claro";"Múltipla";"Reta";"Sim";2;0;0;0;2;0;0;2;-8,07917241;-34,98718609;"SPRF-PE";"DEL01-PE";"UOP01-DEL01-PE"
569538;2023-12-21;"quinta-feira";"20:00:00";"MG";40;522;"CONTAGEM";"Manobra de mudança de faixa";"Colisão lateral mesmo sentido";"Com Vítimas Feridas";"Plena Noite";"Decrescente";"Céu Claro";"Dupla";"Reta";"Não";2;0;1;0;1;0;1;2;-19,86606411;-44,06461716;"SPRF-MG";"DEL01-MG";"UOP02-DEL01-MG"
569541;2023-12-17;"domingo";"23:30:00";"RO";364;342,5;"JI-PARANA";"Ingestão de álcool pelo condutor";"Colisão com objeto";"Com Vítimas Feridas";"Plena Noite";"Decrescente";"Céu Claro";"Dupla";"Reta;Ponte";"Sim";2;0;1;0;1;0;1;1;-10,88381227;-61,93741416;"SPRF-RO";"DEL02-RO";"UOP01-DEL02-RO"
569544;2023-12-21;"quinta-feira";"20:30:00";"PE";428;184,6;"PETROLINA";"Acessar a via sem observar a presença dos outros veículos";"Colisão transversal";"Com Vítimas Feridas";"Plena Noite";"Decrescente";"Nublado";"Dupla";"Reta";"Sim";4;0;2;0;2;0;2;2;-9,33211208;-40,46621385;"SPRF-PE";"DEL06-PE";"UOP01-DEL06-PE"
569548;2023-11-15;"quarta-feira";"16:10:00";"ES";262;177,6;"IBATIBA";"Transitar na contramão";"Colisão frontal";"Com Vítimas Feridas";"Pleno dia";"Crescente";"Céu Claro";"Simples";"Curva";"Não";3;0;1;1;1;0;2;2;-20,28062181;-41,64687634;"SPRF-ES";"DEL01-ES";"UOP02-DEL01-ES"
569549;2023-12-21;"quinta-feira";"21:00:00";"SP";116;230;"SAO PAULO";"Reação tardia ou ineficiente do condutor";"Colisão traseira";"Sem Vítimas";"Plena Noite";"Decrescente";"Céu Claro";"Múltipla";"Reta";"Sim";2;0;0;0;2;0;0;2;-23,52251783;-46,5855702;"SPRF-SP";"DEL01-SP";"UOP01-DEL01-SP"
569550;2023-12-21;"quinta-feira";"16:38:00";"MS";60;88;"PARAISO DAS AGUAS";"Reação tardia ou ineficiente do condutor";"Saída de leito carroçável";"Com Vítimas Feridas";"Pleno dia";"Decrescente";"Céu Claro";"Simples";"Reta";"Não";2;0;1;0;1;0;1;1;-19,23015042;-53,11882777;"SPRF-MS";"DEL06-MS";"UOP02-DEL06-MS"
569552;2023-12-21;"quinta-feira";"21:18:00";"RS";472;577;"URUGUAIANA";"Desrespeitar a preferência no cruzamento";"Colisão transversal";"Sem Vítimas";"Plena Noite";"Crescente";"Céu Claro";"Simples";"Rotatória";"Sim";3;0;0;0;3;0;0;2;-29,78006927;-57,06406116;"SPRF-RS";"DEL13-RS";"UOP01-DEL13-RS"
569554;2023-12-21;"quinta-feira";"20:29:00";"SC";101;416,3;"ARARANGUA";"Acessar a via sem observar a presença dos outros veículos";"Colisão frontal";"Com Vítimas Feridas";"Plena Noite";"Crescente";"Céu Claro";"Múltipla";"Interseção de Vias";"Não";2;0;0;1;1;0;1;2;-28,96708874;-49,52338825;"SPRF-SC";"DEL02-SC";"UOP02-DEL02-SC"
569555;2023-12-21;"quinta-feira";"20:15:00";"PR";376;493,1;"PONTA GROSSA";"Manobra de mudança de faixa";"Colisão lateral mesmo sentido";"Com Vítimas Feridas";"Plena Noite";"Decrescente";"Céu Claro";"Dupla";"Reta";"Não";3;0;1;0;1;1;1;2;-25,11971969;-50,18486023;"SPRF-PR";"DEL03-PR";"UOP04-DEL03-PR"
569556;2023-12-21;"quinta-feira";"11:50:00";"RJ";101;332;"RIO DE JANEIRO";"Avarias e/ou desgaste excessivo no pneu";"Tombamento";"Com Vítimas Feridas";"Pleno dia";"Decrescente";"Céu Claro";"Dupla";"Reta";"Não";2;0;1;1;0;0;2;1;-22,87133305;-43,20407695;"SPRF-RJ";"DEL02-RJ";"UOP01-DEL02-RJ"
569558;2023-12-21;"quinta-feira";"21:20:00";"MG";262;477,3;"BOM DESPACHO";"Transitar no Acostamento";"Tombamento";"Com Vítimas Feridas";"Pleno dia";"Decrescente";"Nublado";"Simples";"Reta";"Não";1;0;1;0;0;0;1;1;-19,78469479;-45,25529265;"SPRF-MG";"DEL08-MG";"UOP03-DEL08-MG"
569559;2023-12-21;"quinta-feira";"20:30:00";"RJ";101;315;"SAO GONCALO";"Demais falhas mecânicas ou elétricas";"Tombamento";"Com Vítimas Feridas";"Plena Noite";"Decrescente";"Céu Claro";"Dupla";"Reta";"Sim";1;0;1;0;0;0;1;1;-22,82262092;-43,08460805;"SPRF-RJ";"DEL02-RJ";"UOP02-DEL02-RJ"
569560;2023-12-21;"quinta-feira";"18:00:00";"RO";364;565;"RIO CRESPO";"Desvio temporário";"Saída de leito carroçável";"Com Vítimas Feridas";"Anoitecer";"Decrescente";"Nublado";"Simples";"Reta";"Não";5;0;5;0;0;0;5;1;-9,51679303;-63,0778104;"SPRF-RO";"DEL01-RO";"UOP04-DEL01-RO"
569565;2023-12-21;"quinta-feira";"21:37:00";"PI";316;314;"PICOS";"Ingestão de álcool pelo condutor";"Colisão transversal";"Com Vítimas Feridas";"Plena Noite";"Crescente";"Céu Claro";"Simples";"Reta;Rotatória";"Sim";2;0;1;0;1;0;1;2;-7,0776992;-41,44117384;"SPRF-PI";"DEL04-PI";"UOP01-DEL04-PI"
569566;2023-12-21;"quinta-feira";"20:30:00";"PE";423;37;"CACHOEIRINHA";"Acessar a via sem observar a presença dos outros veículos";"Queda de ocupante de veículo";"Com Vítimas Feridas";"Plena Noite";"Crescente";"Nublado";"Simples";"Curva";"Não";2;0;0;1;1;0;1;2;-8,47542022;-36,22203249;"SPRF-PE";"DEL03-PE";"UOP02-DEL03-PE"
569568;2023-12-21;"quinta-feira";"17:25:00";"MG";40;138,8;"JOAO PINHEIRO";"Reação tardia ou ineficiente do condutor";"Colisão frontal";"Com Vítimas Fatais";"Anoitecer";"Crescente";"Nublado";"Simples";"Aclive;Curva";"Não";3;1;1;1;0;0;2;2;-17,72754024;-46,21430838;"SPRF-MG";"DEL14-MG";"UOP01-DEL14-MG"
569569;2023-12-21;"quinta-feira";"22:00:00";"MS";163;492,3;"CAMPO GRANDE";"Acessar a via sem observar a presença dos outros veículos";"Colisão transversal";"Com Vítimas Fatais";"Plena Noite";"Crescente";"Céu Claro";"Dupla";"Aclive;Reta";"Sim";4;1;0;0;3;0;0;2;-20,36949987;-54,5320492;"SPRF-MS";"DEL01-MS";"UOP02-DEL01-MS"
569570;2023-12-21;"quinta-feira";"19:36:00";"MA";10;255,2;"IMPERATRIZ";"Acessar a via sem observar a presença dos outros veículos";"Colisão transversal";"Com Vítimas Feridas";"Plena Noite";"Crescente";"Céu Claro";"Simples";"Reta;Interseção de Vias";"Sim";2;0;1;0;1;0;1;2;-5,508798;-47,471718;"SPRF-MA";"DEL04-MA";"UOP01-DEL04-MA"
569571;2023-12-21;"quinta-feira";"22:45:00";"SP";116;212;"GUARULHOS";"Reação tardia ou ineficiente do condutor";"Capotamento";"Sem Vítimas";"Plena Noite";"Crescente";"Vento";"Múltipla";"Declive";"Sim";1;0;0;0;1;0;0;1;-23,43608315;-46,42805094;"SPRF-SP";"DEL01-SP";"UOP01-DEL01-SP"
569572;2023-12-21;"quinta-feira";"21:35:00";"MG";365;821,4;"SANTA VITORIA";"Ausência de reação do condutor";"Atropelamento de Animal";"Sem Vítimas";"Plena Noite";"Crescente";"Nublado";"Simples";"Reta";"Não";1;0;0;0;1;0;0;1;-18,87583416;-50,10508502;"SPRF-MG";"DEL15-MG";"UOP03-DEL15-MG"
569573;2023-12-06;"quarta-feira";"08:00:00";"BA";116;20;"VITORIA DA CONQUISTA";"Velocidade Incompatível";"Tombamento";"Com Vítimas Feridas";"Pleno dia";"Crescente";"Céu Claro";"Simples";"Reta;Declive";"Não";1;0;1;0;0;0;1;1;-14,88993;-40,81662;"SPRF-BA";"DEL08-BA";"UOP01-DEL08-BA"
569574;2023-12-21;"quinta-feira";"21:20:00";"RJ";40;122;"DUQUE DE CAXIAS";"Entrada inopinada do pedestre";"Atropelamento de Pedestre";"Com Vítimas Feridas";"Plena Noite";"Crescente";"Céu Claro";"Dupla";"Reta";"Sim";2;0;1;0;0;1;1;2;-22,79083113;-43,28611569;"SPRF-RJ";"DEL01-RJ";"UOP02-DEL01-RJ"
569578;2023-12-21;"quinta-feira";"17:40:00";"MG";116;276;"TEOFILO OTONI";"Ausência de reação do condutor";"Colisão com objeto";"Com Vítimas Feridas";"Pleno dia";"Decrescente";"Nublado";"Simples";"Reta";"Sim";2;0;2;0;0;0;2;1;-17,85105696;-41,51454492;"SPRF-MG";"DEL11-MG";"UOP01-DEL11-MG"
569580;2023-12-21;"quinta-feira";"23:20:00";"MG";354;739,8;"POUSO ALTO";"Velocidade Incompatível";"Saída de leito carroçável";"Com Vítimas Feridas";"Plena Noite";"Crescente";"Céu Claro";"Simples";"Curva;Declive";"Não";2;0;1;0;1;0;1;1;-22,21739825;-44,94656131;"SPRF-MG";"DEL17-MG";"UOP01-DEL17-MG"
569587;2023-12-22;"sexta-feira";"01:00:00";"MS";163;255,7;"DOURADOS";"Reação tardia ou ineficiente do condutor";"Colisão com objeto";"Com Vítimas Fatais";"Plena Noite";"Crescente";"Céu Claro";"Dupla";"Curva";"Não";2;2;0;0;0;0;0;1;-22,26567386;-54,80944412;"SPRF-MS";"DEL04-MS";"UOP01-DEL04-MS"
569588;2023-12-22;"sexta-feira";"00:10:00";"SC";101;213,9;"PALHOCA";"Ingestão de álcool pelo condutor";"Colisão lateral mesmo sentido";"Sem Vítimas";"Plena Noite";"Crescente";"Céu Claro";"Simples";"Reta";"Sim";2;0;0;0;2;0;0;2;-27,63697369;-48,66514142;"SPRF-SC";"DEL01-SC";"UOP02-DEL01-SC"
569589;2023-12-22;"sexta-feira";"00:10:00";"RO";364;713;"PORTO VELHO";"Acessar a via sem observar a presença dos outros veículos";"Atropelamento de Pedestre";"Com Vítimas Feridas";"Plena Noite";"Decrescente";"Céu Claro";"Simples";"Reta";"Não";2;0;1;1;0;0;2;2;-8,77331583;-63,87969248;"SPRF-RO";"DEL01-RO";"UOP01-DEL01-RO"
569590;2023-12-22;"sexta-feira";"00:15:00";"RJ";116;90,3;"TERESOPOLIS";"Pista Escorregadia";"Colisão com objeto";"Com Vítimas Feridas";"Plena Noite";"Decrescente";"Nublado";"Simples";"Curva;Declive";"Não";1;0;1;0;0;0;1;1;-22,46035934;-42,96568206;"SPRF-RJ";"DEL04-RJ";"UOP01-DEL04-RJ"
569591;2023-12-22;"sexta-feira";"02:20:00";"MG";381;636,9;"SANTO ANTONIO DO AMPARO";"Chuva";"Colisão com objeto";"Com Vítimas Feridas";"Plena Noite";"Decrescente";"Chuva";"Dupla";"Curva;Declive";"Não";5;0;3;0;2;0;3;2;-20,89141186;-44,8525565;"SPRF-MG";"DEL04-MG";"UOP01-DEL04-MG"
569592;2023-12-22;"sexta-feira";"02:23:00";"SP";116;208;"GUARULHOS";"Reação tardia ou ineficiente do condutor";"Colisão lateral mesmo sentido";"Sem Vítimas";"Plena Noite";"Decrescente";"Ignorado";"Múltipla";"Reta";"Sim";3;0;0;0;3;0;0;2;-23,42222263;-46,3932771;"SPRF-SP";"DEL01-SP";"UOP01-DEL01-SP"
569593;2023-12-22;"sexta-feira";"01:30:00";"BA";116;662;"JEQUIE";"Ingestão de álcool pelo condutor";"Saída de leito carroçável";"Sem Vítimas";"Plena Noite";"Crescente";"Céu Claro";"Simples";"Curva;Declive";"Não";1;0;0;0;1;0;0;1;-13,71612498;-40,09445222;"SPRF-BA";"DEL03-BA";"UOP01-DEL03-BA"
569595;2023-12-22;"sexta-feira";"03:30:00";"RJ";116;323;"ITATIAIA";"Condutor Dormindo";"Saída de leito carroçável";"Com Vítimas Feridas";"Amanhecer";"Decrescente";"Céu Claro";"Simples";"Curva";"Não";1;0;1;0;0;0;1;1;-22,488885;-44,552696;"SPRF-RJ";"DEL07-RJ";"UOP02-DEL07-RJ"
569597;2023-12-21;"quinta-feira";"23:40:00";"MG";381;654;"SANTO ANTONIO DO AMPARO";"Velocidade Incompatível";"Saída de leito carroçável";"Com Vítimas Feridas";"Plena Noite";"Decrescente";"Chuva";"Dupla";"Curva;Declive";"Não";4;0;3;0;1;0;3;2;-20,99437964;-44,96041633;"SPRF-MG";"DEL04-MG";"UOP02-DEL04-MG"
569598;2023-12-22;"sexta-feira";"03:20:00";"SC";280;54;"JARAGUA DO SUL";"Ingestão de álcool pelo condutor";"Colisão com objeto";"Com Vítimas Feridas";"Plena Noite";"Crescente";"Céu Claro";"Dupla";"Reta";"Sim";1;0;1;0;0;0;1;1;-26,47539893;-48,983748;"SPRF-SC";"DEL03-SC";"UOP03-DEL03-SC"
569601;2023-12-22;"sexta-feira";"05:00:00";"RJ";40;111;"DUQUE DE CAXIAS";"Avarias e/ou desgaste excessivo no pneu";"Colisão lateral mesmo sentido";"Com Vítimas Feridas";"Pleno dia";"Crescente";"Céu Claro";"Dupla";"Reta";"Sim";3;0;1;0;2;0;1;2;-22,691868;-43,287453;"SPRF-RJ";"DEL01-RJ";"UOP02-DEL01-RJ"
569603;2023-12-22;"sexta-feira";"03:45:00";"RO";364;197;"PIMENTA BUENO";"Acessar a via sem observar a presença dos outros veículos";"Colisão lateral sentido oposto";"Com Vítimas Feridas";"Amanhecer";"Decrescente";"Chuva";"Simples";"Reta";"Sim";4;0;2;0;2;0;2;2;-11,67880278;-61,1878925;"SPRF-RO";"DEL02-RO";"UOP02-DEL02-RO"
569605;2023-12-22;"sexta-feira";"05:30:00";"PR";277;654,9;"MATELANDIA";"Velocidade Incompatível";"Saída de leito carroçável";"Com Vítimas Fatais";"Amanhecer";"Decrescente";"Céu Claro";"Simples";"Curva";"Não";1;1;0;0;0;0;0;1;-25,230625;-53,9526216;"SPRF-PR";"DEL05-PR";"UOP02-DEL05-PR"
569607;2023-12-22;"sexta-feira";"00:20:00";"RJ";40;0;"COMENDADOR LEVY GASPARIAN";"Condutor Dormindo";"Saída de leito carroçável";"Com Vítimas Feridas";"Plena Noite";"Crescente";"Nublado";"Dupla";"Curva";"Não";1;0;1;0;0;0;1;1;-22,011084;-43,26723;"SPRF-RJ";"DEL05-RJ";"UOP02-DEL05-RJ"
569609;2023-12-22;"sexta-feira";"06:20:00";"SP";101;40;"UBATUBA";"Demais falhas mecânicas ou elétricas";"Tombamento";"Com Vítimas Feridas";"Pleno dia";"Decrescente";"Céu Claro";"Simples";"Reta";"Não";1;0;1;0;0;0;1;1;-23,41495528;-45,03516778;"SPRF-SP";"DEL06-SP";"UOP01-DEL06-SP"
569611;2023-12-22;"sexta-feira";"06:27:00";"GO";153;511,8;"APARECIDA DE GOIANIA";"Ausência de reação do condutor";"Saída de leito carroçável";"Sem Vítimas";"Amanhecer";"Decrescente";"Céu Claro";"Dupla";"Reta";"Sim";1;0;0;0;1;0;0;1;-16,8067;-49,2394;"SPRF-GO";"DEL01-GO";"UOP03-DEL01-GO"
569612;2023-12-22;"sexta-feira";"05:50:00";"RJ";101;253;"RIO BONITO";"Condutor Dormindo";"Colisão com objeto";"Sem Vítimas";"Pleno dia";"Decrescente";"Céu Claro";"Dupla";"Reta";"Não";4;0;0;0;4;0;0;1;-22,68791645;-42,54123963;"SPRF-RJ";"DEL02-RJ";"UOP03-DEL02-RJ"
569613;2023-12-21;"quinta-feira";"20:40:00";"MG";116;606,8;"SAO JOAO DO MANHUACU";"Desrespeitar a preferência no cruzamento";"Colisão transversal";"Com Vítimas Feridas";"Plena Noite";"Crescente";"Céu Claro";"Simples";"Reta;Interseção de Vias";"Sim";3;0;1;0;0;2;1;3;-20,39682068;-42,14888784;"SPRF-MG";"DEL06-MG";"UOP03-DEL06-MG"