"id";"data_inversa";"dia_semana";"horario";"uf";"br";"km";"municipio";"causa_acidente";"tipo_acidente";"classificacao_acidente";"fase_dia";"sentido_via";"condicao_metereologica";"tipo_pista";"tracado_via";"uso_solo";"pessoas";"mortos";"feridos_leves";"feridos_graves";"ilesos";"ignorados";"feridos";"veiculos";"latitude";"longitude";"regional";"delegacia";"uop"
569614;2023-12-22;"sexta-feira";"05:55:00";"RS";290;151,3;"ARROIO DOS RATOS";"Desrespeitar a preferência no cruzamento";"Colisão transversal";"Sem Vítimas";"Amanhecer";"Decrescente";"Céu Claro";"Simples";"Interseção de Vias";"Sim";2;0;0;0;2;0;0;2;-30,10533584;-51,72878265;"SPRF-RS";"DEL02-RS";"UOP01-DEL02-RS"
569615;2023-12-22;"sexta-feira";"06:50:00";"PE";101;77;"RECIFE";"Demais falhas mecânicas ou elétricas";"Saída de leito carroçável";"Sem Vítimas";"Pleno dia";"Crescente";"Céu Claro";"Dupla";"Reta";"Sim";2;0;0;0;2;0;0;1;-8,126982;-34,94386;"SPRF-PE";"DEL01-PE";"UOP01-DEL01-PE"
569616;2023-12-22;"sexta-feira";"06:10:00";"SP";116;227;"GUARULHOS";"Pedestre andava na pista";"Atropelamento de Pedestre";"Com Vítimas Feridas";"Pleno dia";"Decrescente";"Céu Claro";"Múltipla";"Reta";"Não";2;0;1;0;0;1;1;2;-23,49659264;-46,55648754;"SPRF-SP";"DEL01-SP";"UOP01-DEL01-SP"
569617;2023-12-22;"sexta-feira";"06:35:00";"PB";101;44;"MAMANGUAPE";"Ausência de reação do condutor";"Saída de leito carroçável";"Com Vítimas Feridas";"Pleno dia";"Decrescente";"Céu Claro";"Dupla";"Retorno Regulamentado";"Não";3;0;0;1;2;0;1;1;-6,87451305;-35,13232736;"SPRF-PB";"DEL01-PB";"UOP04-DEL01-PB"
569618;2023-12-22;"sexta-feira";"07:00:00";"BA";415;51;"ITABUNA";"Condutor deixou de manter distância do veículo da frente";"Colisão lateral mesmo sentido";"Com Vítimas Feridas";"Pleno dia";"Crescente";"Céu Claro";"Simples";"Reta";"Sim";2;0;1;0;1;0;1;2;-14,81574494;-39,29612388;"SPRF-BA";"DEL05-BA";"UOP01-DEL05-BA"
569620;2023-12-22;"sexta-feira";"04:50:00";"RO";364;286;"PRESIDENTE MEDICI";"Manobra de mudança de faixa";"Saída de leito carroçável";"Com Vítimas Feridas";"Amanhecer";"Crescente";"Céu Claro";"Simples";"Reta";"Não";4;0;4;0;0;0;4;1;-11,35603304;-61,85208404;"SPRF-RO";"DEL02-RO";"UOP01-DEL02-RO"
569621;2023-12-22;"sexta-feira";"06:00:00";"MG";381;903,5;"CAMBUI";"Velocidade Incompatível";"Capotamento";"Com Vítimas Feridas";"Pleno dia";"Crescente";"Céu Claro";"Dupla";"Reta";"Não";2;0;1;0;1;0;1;1;-22,64449994;-46,08499311;"SPRF-MG";"DEL16-MG";"UOP03-DEL16-MG"
569622;2023-12-22;"sexta-feira";"05:30:00";"BA";116;525;"ITATIM";"Manobra de mudança de faixa";"Saída de leito carroçável";"Com Vítimas Feridas";"Pleno dia";"Decrescente";"Céu Claro";"Simples";"Reta";"Não";3;0;2;0;1;0;2;1;-12,70416029;-39,72039081;"SPRF-BA";"DEL03-BA";"UOP02-DEL03-BA"
569623;2023-12-22;"sexta-feira";"08:00:00";"RJ";101;68;"CAMPOS DOS GOYTACAZES";"Acessar a via sem observar a presença dos outros veículos";"Colisão lateral mesmo sentido";"Com Vítimas Feridas";"Pleno dia";"Crescente";"Céu Claro";"Simples";"Reta";"Sim";2;0;1;0;1;0;1;2;-21,77186768;-41,35705017;"SPRF-RJ";"DEL08-RJ";"UOP02-DEL08-RJ"
569624;2023-12-22;"sexta-feira";"07:00:00";"PR";116;118;"CURITIBA";"Ausência de reação do condutor";"Colisão lateral mesmo sentido";"Com Vítimas Feridas";"Pleno dia";"Decrescente";"Sol";"Dupla";"Reta";"Sim";4;0;2;0;2;0;2;3;-25,573856;-49,31156;"SPRF-PR";"DEL01-PR";"UOP03-DEL01-PR"
569625;2023-12-22;"sexta-feira";"07:20:00";"ES";259;22,3;"JOAO NEIVA";"Ausência de reação do condutor";"Saída de leito carroçável";"Com Vítimas Feridas";"Pleno dia";"Crescente";"Céu Claro";"Simples";"Reta";"Não";1;0;1;0;0;0;1;1;-19,63675605;-40,46343891;"SPRF-ES";"DEL02-ES";"UOP01-DEL02-ES"
569628;2023-12-22;"sexta-feira";"07:10:00";"MG";262;387;"JUATUBA";"Ausência de reação do condutor";"Saída de leito carroçável";"Com Vítimas Feridas";"Amanhecer";"Decrescente";"Céu Claro";"Dupla";"Curva;Aclive";"Não";2;0;2;0;0;0;2;1;-19,93472988;-44,43457599;"SPRF-MG";"DEL01-MG";"UOP03-DEL01-MG"
569630;2023-12-22;"sexta-feira";"07:10:00";"PR";277;709;"SANTA TEREZINHA DE ITAIPU";"Reação tardia ou ineficiente do condutor";"Queda de ocupante de veículo";"Com Vítimas Feridas";"Pleno dia";"Crescente";"Céu Claro";"Dupla";"Reta";"Sim";1;0;1;0;0;0;1;1;-25,44659987;-54,40435706;"SPRF-PR";"DEL05-PR";"UOP01-DEL05-PR"
569631;2023-12-22;"sexta-feira";"08:00:00";"CE";116;6;"FORTALEZA";"Reação tardia ou ineficiente do condutor";"Colisão traseira";"Com Vítimas Feridas";"Pleno dia";"Crescente";"Céu Claro";"Dupla";"Reta;Declive;Viaduto";"Sim";2;0;1;0;1;0;1;2;-3,79931899;-38,50454807;"SPRF-CE";"DEL01-CE";"UOP02-DEL01-CE"
569632;2023-11-20;"segunda-feira";"08:40:00";"SC";280;22,6;"ARAQUARI";"Acessar a via sem observar a presença dos outros veículos";"Colisão transversal";"Com Vítimas Feridas";"Pleno dia";"Decrescente";"Nublado";"Simples";"Reta";"Sim";2;0;0;1;1;0;1;2;-26,37115693;-48,70699525;"SPRF-SC";"DEL03-SC";"UOP03-DEL03-SC"
569633;2023-12-22;"sexta-feira";"08:30:00";"SC";101;139;"BALNEARIO CAMBORIU";"Ausência de reação do condutor";"Colisão com objeto";"Com Vítimas Feridas";"Pleno dia";"Decrescente";"Céu Claro";"Múltipla";"Curva";"Sim";1;0;1;0;0;0;1;1;-27,02982303;-48,60115006;"SPRF-SC";"DEL04-SC";"UOP03-DEL04-SC"
569634;2023-12-22;"sexta-feira";"07:40:00";"SP";116;210;"GUARULHOS";"Reação tardia ou ineficiente do condutor";"Colisão lateral mesmo sentido";"Com Vítimas Feridas";"Pleno dia";"Crescente";"Sol";"Múltipla";"Aclive";"Sim";2;0;1;0;0;1;1;2;-23,42870023;-46,41085991;"SPRF-SP";"DEL01-SP";"UOP01-DEL01-SP"
569635;2023-12-15;"sexta-feira";"23:30:00";"MS";267;86;"ANAURILANDIA";"Animais na Pista";"Atropelamento de Animal";"Sem Vítimas";"Plena Noite";"Decrescente";"Céu Claro";"Simples";"Reta";"Não";1;0;0;0;0;1;0;1;-21,8697185;-52,91825689;"SPRF-MS";"DEL02-MS";"UOP04-DEL02-MS"
569637;2023-12-22;"sexta-feira";"08:10:00";"MG";50;18,9;"ARAGUARI";"Acumulo de água sobre o pavimento";"Colisão com objeto";"Com Vítimas Feridas";"Pleno dia";"Crescente";"Chuva";"Dupla";"Reta;Declive";"Não";4;0;1;0;3;0;1;1;-18,57876301;-48,06009904;"SPRF-MG";"DEL15-MG";"UOP02-DEL15-MG"
569638;2023-12-22;"sexta-feira";"06:30:00";"RJ";40;119;"DUQUE DE CAXIAS";"Condutor deixou de manter distância do veículo da frente";"Colisão traseira";"Com Vítimas Feridas";"Pleno dia";"Crescente";"Céu Claro";"Dupla";"Reta";"Sim";2;0;1;0;1;0;1;2;-22,76375592;-43,28683062;"SPRF-RJ";"DEL01-RJ";"UOP02-DEL01-RJ"
569639;2023-12-22;"sexta-feira";"08:15:00";"PR";476;141;"CURITIBA";"Reação tardia ou ineficiente do condutor";"Colisão traseira";"Com Vítimas Feridas";"Pleno dia";"Decrescente";"Céu Claro";"Dupla";"Reta";"Não";2;0;1;0;1;0;1;2;-25,528614;-49,298798;"SPRF-PR";"DEL01-PR";"UOP03-DEL01-PR"
569641;2023-12-22;"sexta-feira";"08:40:00";"RJ";116;179;"SAO JOAO DE MERITI";"Demais falhas mecânicas ou elétricas";"Queda de ocupante de veículo";"Com Vítimas Feridas";"Pleno dia";"Decrescente";"Sol";"Múltipla";"Reta";"Sim";1;0;1;0;0;0;1;1;-22,769902;-43,408036;"SPRF-RJ";"DEL06-RJ";"UOP01-DEL06-RJ"
569647;2023-09-17;"domingo";"18:30:00";"RN";304;32;"MOSSORO";"Ausência de reação do condutor";"Colisão lateral mesmo sentido";"Com Vítimas Feridas";"Plena Noite";"Crescente";"Céu Claro";"Simples";"Reta";"Sim";4;0;2;0;2;0;2;2;-5,13471117;-37,34486327;"SPRF-RN";"DEL04-RN";"UOP02-DEL04-RN"
569650;2023-12-13;"quarta-feira";"21:00:00";"PB";104;2;"NOVA FLORESTA";"Entrada inopinada do pedestre";"Atropelamento de Pedestre";"Com Vítimas Feridas";"Plena Noite";"Decrescente";"Céu Claro";"Simples";"Reta";"Não";2;0;2;0;0;0;2;2;-6,447322;-36,202499;"SPRF-PB";"DEL02-PB";"UOP04-DEL02-PB"
569651;2023-12-22;"sexta-feira";"08:50:00";"PR";277;104,1;"CAMPO LARGO";"Trafegar com motocicleta (ou similar) entre as faixas";"Colisão lateral mesmo sentido";"Com Vítimas Feridas";"Pleno dia";"Decrescente";"Céu Claro";"Dupla";"Reta";"Não";7;0;1;1;5;0;2;2;-25,43359278;-49,40659583;"SPRF-PR";"DEL01-PR";"UOP06-DEL01-PR"
569652;2023-11-05;"domingo";"20:40:00";"RS";153;13,7;"SEVERIANO DE ALMEIDA";"Transitar na contramão";"Colisão frontal";"Sem Vítimas";"Plena Noite";"Crescente";"Céu Claro";"Simples";"Reta";"Não";6;0;0;0;5;1;0;2;-27,42692073;-52,06686999;"SPRF-RS";"DEL08-RS";"UOP04-DEL08-RS"
569654;2023-12-22;"sexta-feira";"08:00:00";"RJ";116;305;"RESENDE";"Condutor deixou de manter distância do veículo da frente";"Engavetamento";"Com Vítimas Feridas";"Pleno dia";"Crescente";"Céu Claro";"Dupla";"Reta";"Não";3;0;1;0;2;0;1;3;-22,45573779;-44,39454802;"SPRF-RJ";"DEL07-RJ";"UOP02-DEL07-RJ"
569656;2023-12-02;"sábado";"14:30:00";"SC";280;197;"MAFRA";"Reação tardia ou ineficiente do condutor";"Queda de ocupante de veículo";"Com Vítimas Feridas";"Pleno dia";"Crescente";"Céu Claro";"Simples";"Reta";"Não";1;0;1;0;0;0;1;1;-26,17527886;-50,04358202;"SPRF-SC";"DEL06-SC";"UOP01-DEL06-SC"
569657;2023-12-22;"sexta-feira";"09:44:00";"ES";101;269,3;"SERRA";"Pedestre cruzava a pista fora da faixa";"Atropelamento de Pedestre";"Com Vítimas Feridas";"Pleno dia";"Decrescente";"Céu Claro";"Dupla";"Reta";"Não";2;0;1;0;1;0;1;2;-20,21740496;-40,26990578;"SPRF-ES";"DEL02-ES";"UOP01-DEL02-ES"
569658;2023-12-18;"segunda-feira";"07:40:00";"PR";277;75;"SAO JOSE DOS PINHAIS";"Condutor deixou de manter distância do veículo da frente";"Colisão traseira";"Com Vítimas Feridas";"Pleno dia";"Crescente";"Céu Claro";"Dupla";"Reta";"Sim";3;0;1;0;2;0;1;3;-25,485864;-49,185436;"SPRF-PR";"DEL01-PR";"UOP07-DEL01-PR"
569660;2023-12-22;"sexta-feira";"09:25:00";"GO";50;196,1;"CAMPO ALEGRE DE GOIAS";"Condutor Dormindo";"Saída de leito carroçável";"Com Vítimas Feridas";"Pleno dia";"Decrescente";"Nublado";"Dupla";"Reta";"Não";3;0;2;0;1;0;2;1;-17,5457;-47,8303;"SPRF-GO";"DEL06-GO";"UOP01-DEL06-GO"
569661;2023-12-22;"sexta-feira";"09:10:00";"PR";373;183,5;"PONTA GROSSA";"Acessar a via sem observar a presença dos outros veículos";"Colisão transversal";"Com Vítimas Feridas";"Pleno dia";"Crescente";"Céu Claro";"Dupla";"Interseção de Vias";"Não";4;0;3;0;1;0;3;2;-25,03935712;-50,2767641;"SPRF-PR";"DEL03-PR";"UOP01-DEL03-PR"
569662;2023-12-22;"sexta-feira";"07:30:00";"SC";101;109;"PENHA";"Reação tardia ou ineficiente do condutor";"Tombamento";"Com Vítimas Feridas";"Pleno dia";"Crescente";"Céu Claro";"Dupla";"Reta;Declive";"Não";1;0;1;0;0;0;1;1;-26,8333519;-48,69632106;"SPRF-SC";"DEL03-SC";"UOP02-DEL03-SC"
569663;2023-12-22;"sexta-feira";"09:45:00";"SP";116;115;"TAUBATE";"Reação tardia ou ineficiente do condutor";"Engavetamento";"Com Vítimas Feridas";"Pleno dia";"Decrescente";"Céu Claro";"Dupla";"Reta";"Sim";3;0;1;0;2;0;1;3;-23,0496047;-45,59973712;"SPRF-SP";"DEL02-SP";"UOP02-DEL02-SP"
569664;2023-12-22;"sexta-feira";"10:00:00";"SP";116;288;"ITAPECERICA DA SERRA";"Reação tardia ou ineficiente do condutor";"Queda de ocupante de veículo";"Com Vítimas Feridas";"Pleno dia";"Decrescente";"Céu Claro";"Dupla";"Reta";"Não";1;0;1;0;0;0;1;1;-23,719254;-46,883144;"SPRF-SP";"DEL04-SP";"UOP01-DEL04-SP"
569665;2023-12-22;"sexta-feira";"09:10:00";"MG";381;533,5;"ITATIAIUCU";"Pista Escorregadia";"Saída de leito carroçável";"Com Vítimas Fatais";"Pleno dia";"Decrescente";"Chuva";"Dupla";"Aclive;Curva";"Não";2;1;0;0;1;0;0;2;-20,19896036;-44,38641307;"SPRF-MG";"DEL04-MG";"UOP03-DEL04-MG"
569667;2023-12-22;"sexta-feira";"09:30:00";"PI";343;338;"TERESINA";"Acessar a via sem observar a presença dos outros veículos";"Colisão transversal";"Com Vítimas Feridas";"Pleno dia";"Decrescente";"Céu Claro";"Dupla";"Reta";"Sim";2;0;1;0;1;0;1;2;-5,063362;-42,722912;"SPRF-PI";"DEL01-PI";"UOP01-DEL01-PI"
569669;2023-12-22;"sexta-feira";"08:50:00";"PB";230;292;"SANTA LUZIA";"Acessar a via sem observar a presença dos outros veículos";"Colisão transversal";"Com Vítimas Feridas";"Pleno dia";"Decrescente";"Céu Claro";"Simples";"Reta";"Não";2;0;0;1;0;1;1;2;-6,8684;-36,9222;"SPRF-PB";"DEL03-PB";"UOP01-DEL03-PB"
569670;2023-12-22;"sexta-feira";"09:50:00";"MG";262;120;"RIO CASCA";"Ausência de reação do condutor";"Colisão traseira";"Com Vítimas Feridas";"Pleno dia";"Decrescente";"Céu Claro";"Simples";"Reta;Interseção de Vias";"Sim";6;0;1;0;5;0;1;2;-20,21946878;-42,65064354;"SPRF-MG";"DEL03-MG";"UOP03-DEL03-MG"
569671;2023-12-22;"sexta-feira";"10:50:00";"BA";324;518;"FEIRA DE SANTANA";"Acessar a via sem observar a presença dos outros veículos";"Colisão transversal";"Com Vítimas Feridas";"Pleno dia";"Decrescente";"Céu Claro";"Simples";"Reta";"Sim";2;0;1;0;1;0;1;2;-12,27060191;-38,93494248;"SPRF-BA";"DEL02-BA";"UOP01-DEL02-BA"
569672;2023-12-22;"sexta-feira";"10:50:00";"RN";405;2,4;"MOSSORO";"Acessar a via sem observar a presença dos outros veículos";"Colisão transversal";"Com Vítimas Feridas";"Pleno dia";"Decrescente";"Nublado";"Dupla";"Retorno Regulamentado";"Sim";3;0;2;0;1;0;2;2;-5,19323796;-37,37440467;"SPRF-RN";"DEL04-RN";"UOP02-DEL04-RN"
569673;2023-12-22;"sexta-feira";"11:00:00";"PB";230;8;"CABEDELO";"Condutor deixou de manter distância do veículo da frente";"Colisão traseira";"Sem Vítimas";"Pleno dia";"Decrescente";"Sol";"Simples";"Reta";"Sim";2;0;0;0;2;0;0;2;-7,0355;-34,8429;"SPRF-PB";"DEL01-PB";"UOP01-DEL01-PB"
569674;2023-12-22;"sexta-feira";"10:45:00";"PR";376;75,7;"GUAIRACA";"Acessar a via sem observar a presença dos outros veículos";"Colisão transversal";"Sem Vítimas";"Pleno dia";"Decrescente";"Sol";"Simples";"Interseção de Vias";"Não";2;0;0;0;2;0;0;2;-22,95601934;-52,69687272;"SPRF-PR";"DEL09-PR";"UOP02-DEL09-PR"
569675;2023-12-22;"sexta-feira";"10:40:00";"SC";282;18,5;"PALHOCA";"Retorno proibido";"Colisão transversal";"Com Vítimas Feridas";"Pleno dia";"Crescente";"Céu Claro";"Simples";"Reta";"Não";2;0;0;1;0;1;1;2;-27,665707;-48,688065;"SPRF-SC";"DEL01-SC";"UOP02-DEL01-SC"
569676;2023-12-22;"sexta-feira";"10:00:00";"DF";60;10;"BRASILIA";"Suicídio (presumido)";"Colisão frontal";"Com Vítimas Feridas";"Pleno dia";"Crescente";"Céu Claro";"Dupla";"Reta";"Não";4;0;0;3;1;0;3;3;-15,909476;-48,149597;"SPRF-DF";"DEL03-DF";"UOP01-DEL03-DF"
569677;2023-12-22;"sexta-feira";"10:00:00";"MG";365;664;"MONTE ALEGRE DE MINAS";"Condutor Dormindo";"Saída de leito carroçável";"Com Vítimas Feridas";"Pleno dia";"Crescente";"Céu Claro";"Dupla";"Reta";"Não";1;0;1;0;0;0;1;1;-18,8918476;-48,67960311;"SPRF-MG";"DEL15-MG";"UOP01-DEL15-MG"
569679;2023-12-22;"sexta-feira";"10:25:00";"GO";153;703;"ITUMBIARA";"Acumulo de areia ou detritos sobre o pavimento";"Queda de ocupante de veículo";"Com Vítimas Feridas";"Pleno dia";"Decrescente";"Céu Claro";"Dupla";"Curva";"Não";2;0;2;0;0;0;2;1;-18,411018;-49,195927;"SPRF-GO";"DEL03-GO";"UOP02-DEL03-GO"
569680;2023-12-22;"sexta-feira";"09:00:00";"MG";40;523;"CONTAGEM";"Avarias e/ou desgaste excessivo no pneu";"Saída de leito carroçável";"Sem Vítimas";"Pleno dia";"Crescente";"Nublado";"Dupla";"Reta";"Não";1;0;0;0;0;1;0;1;-19,86874894;-44,05962197;"SPRF-MG";"DEL01-MG";"UOP02-DEL01-MG"
569681;2023-12-22;"sexta-feira";"09:20:00";"MG";262;437;"NOVA SERRANA";"Chuva";"Queda de ocupante de veículo";"Com Vítimas Feridas";"Pleno dia";"Decrescente";"Chuva";"Dupla";"Curva";"Não";1;0;1;0;0;0;1;1;-19,89622194;-44,86972815;"SPRF-MG";"DEL08-MG";"UOP03-DEL08-MG"
569682;2023-11-15;"quarta-feira";"19:35:00";"RN";101;77;"EXTREMOZ";"Objeto estático sobre o leito carroçável";"Colisão com objeto";"Com Vítimas Feridas";"Plena Noite";"Crescente";"Céu Claro";"Múltipla";"Desvio Temporário;Reta;Em Obras";"Sim";2;0;2;0;0;0;2;1;-5,73180495;-35,29112135;"SPRF-RN";"DEL02-RN";"UOP01-DEL02-RN"
569683;2023-12-22;"sexta-feira";"11:15:00";"TO";153;160;"ARAGUAINA";"Ausência de reação do condutor";"Engavetamento";"Sem Vítimas";"Pleno dia";"Crescente";"Céu Claro";"Simples";"Reta";"Não";9;0;0;0;9;0;0;3;-7,32115694;-48,3055211;"SPRF-TO";"DEL02-TO";"UOP01-DEL02-TO"
569684;2023-12-22;"sexta-feira";"11:40:00";"RS";116;38;"VACARIA";"Acessar a via sem observar a presença dos outros veículos";"Colisão transversal";"Com Vítimas Feridas";"Pleno dia";"Decrescente";"Céu Claro";"Simples";"Reta";"Sim";6;0;2;0;4;0;2;2;-28,50912574;-50,92918396;"SPRF-RS";"DEL05-RS";"UOP03-DEL05-RS"
569686;2023-12-22;"sexta-feira";"12:00:00";"ES";101;255,4;"SERRA";"Reação tardia ou ineficiente do condutor";"Colisão traseira";"Com Vítimas Feridas";"Pleno dia";"Crescente";"Céu Claro";"Simples";"Aclive;Reta";"Sim";2;0;1;0;1;0;1;2;-20,11487935;-40,31943619;"SPRF-ES";"DEL02-ES";"UOP01-DEL02-ES"
569687;2023-12-22;"sexta-feira";"11:00:00";"PR";369;147;"LONDRINA";"Condutor deixou de manter distância do veículo da frente";"Colisão traseira";"Com Vítimas Feridas";"Pleno dia";"Crescente";"Céu Claro";"Dupla";"Reta";"Sim";3;0;0;1;2;0;1;3;-23,293059;-51,134026;"SPRF-PR";"DEL07-PR";"UOP01-DEL07-PR"
569688;2023-03-22;"quarta-feira";"23:20:00";"SC";101;131;"BALNEARIO CAMBORIU";"Manobra de mudança de faixa";"Colisão traseira";"Com Vítimas Feridas";"Plena Noite";"Decrescente";"Chuva";"Dupla";"Reta";"Não";2;0;1;0;1;0;1;2;-26,99064209;-48,66310912;"SPRF-SC";"DEL04-SC";"UOP03-DEL04-SC"
569689;2023-12-22;"sexta-feira";"10:15:00";"MA";135;16;"SAO LUIS";"Acessar a via sem observar a presença dos outros veículos";"Colisão lateral mesmo sentido";"Com Vítimas Feridas";"Pleno dia";"Decrescente";"Céu Claro";"Dupla";"Reta;Declive";"Sim";2;0;1;0;1;0;1;2;-2,70264079;-44,31049629;"SPRF-MA";"DEL01-MA";"UOP01-DEL01-MA"
569690;2023-12-22;"sexta-feira";"12:20:00";"ES";101;401;"CACHOEIRO DE ITAPEMIRIM";"Condutor Dormindo";"Colisão lateral sentido oposto";"Com Vítimas Feridas";"Pleno dia";"Crescente";"Céu Claro";"Simples";"Curva";"Não";5;0;3;0;2;0;3;2;-20,88555512;-40,98236676;"SPRF-ES";"DEL03-ES";"UOP02-DEL03-ES"
569692;2023-12-22;"sexta-feira";"12:00:00";"PR";369;193;"ARAPONGAS";"Ausência de reação do condutor";"Colisão lateral mesmo sentido";"Com Vítimas Feridas";"Pleno dia";"Crescente";"Céu Claro";"Dupla";"Reta";"Não";2;0;1;0;1;0;1;2;-23,5097;-51,42557;"SPRF-PR";"DEL07-PR";"UOP03-DEL07-PR"
569693;2023-12-22;"sexta-feira";"12:30:00";"SC";101;168;"TIJUCAS";"Carga excessiva e/ou mal acondicionada";"Colisão com objeto";"Com Vítimas Feridas";"Pleno dia";"Decrescente";"Céu Claro";"Dupla";"Reta";"Não";2;0;2;0;0;0;2;1;-27,279105;-48,631554;"SPRF-SC";"DEL04-SC";"UOP03-DEL04-SC"
569695;2023-12-22;"sexta-feira";"11:50:00";"SC";101;207;"SAO JOSE";"Ingestão de álcool pelo condutor";"Colisão lateral mesmo sentido";"Sem Vítimas";"Pleno dia";"Crescente";"Céu Claro";"Múltipla";"Reta;Aclive";"Sim";2;0;0;0;2;0;0;2;-27,60156354;-48,6272049;"SPRF-SC";"DEL01-SC";"UOP01-DEL01-SC"
569697;2023-12-22;"sexta-feira";"12:50:00";"MG";381;908;"CAMBUI";"Velocidade Incompatível";"Saída de leito carroçável";"Com Vítimas Feridas";"Pleno dia";"Decrescente";"Chuva";"Dupla";"Curva;Declive";"Não";4;0;2;0;2;0;2;1;-22,6799624;-46,10012596;"SPRF-MG";"DEL16-MG";"UOP03-DEL16-MG"
569698;2023-12-22;"sexta-feira";"10:45:00";"RJ";116;186;"NOVA IGUACU";"Manobra de mudança de faixa";"Colisão lateral mesmo sentido";"Com Vítimas Feridas";"Pleno dia";"Decrescente";"Céu Claro";"Dupla";"Reta";"Sim";3;0;1;0;2;0;1;2;-22,73962339;-43,46276495;"SPRF-RJ";"DEL06-RJ";"UOP01-DEL06-RJ"
569699;2023-12-22;"sexta-feira";"12:50:00";"MG";262;539;"LUZ";"Acumulo de água sobre o pavimento";"Saída de leito carroçável";"Com Vítimas Feridas";"Pleno dia";"Crescente";"Chuva";"Simples";"Curva;Declive";"Não";2;0;2;0;0;0;2;1;-19,76268587;-45,79506296;"SPRF-MG";"DEL08-MG";"UOP02-DEL08-MG"
569701;2023-12-22;"sexta-feira";"13:10:00";"RS";285;293;"PASSO FUNDO";"Desrespeitar a preferência no cruzamento";"Colisão transversal";"Com Vítimas Feridas";"Pleno dia";"Crescente";"Céu Claro";"Dupla";"Interseção de Vias;Rotatória";"Não";2;0;2;0;0;0;2;2;-28,236645;-52,375156;"SPRF-RS";"DEL08-RS";"UOP03-DEL08-RS"
569702;2023-12-22;"sexta-feira";"11:20:00";"SC";282;45,5;"AGUAS MORNAS";"Velocidade Incompatível";"Colisão frontal";"Com Vítimas Feridas";"Pleno dia";"Crescente";"Céu Claro";"Simples";"Aclive;Curva";"Não";6;0;2;2;2;0;4;2;-27,71929705;-48,9220398;"SPRF-SC";"DEL01-SC";"UOP03-DEL01-SC"
569703;2023-12-22;"sexta-feira";"13:00:00";"RN";406;169;"SAO GONCALO DO AMARANTE";"Demais falhas mecânicas ou elétricas";"Incêndio";"Sem Vítimas";"Pleno dia";"Crescente";"Céu Claro";"Dupla";"Reta;Declive";"Sim";1;0;0;0;1;0;0;1;-5,75570118;-35,30728507;"SPRF-RN";"DEL02-RN";"UOP01-DEL02-RN"
569704;2023-12-22;"sexta-feira";"13:40:00";"MG";459;90,2;"CONGONHAL";"Velocidade Incompatível";"Colisão frontal";"Com Vítimas Feridas";"Pleno dia";"Crescente";"Chuva";"Simples";"Curva";"Não";4;0;2;0;2;0;2;2;-22,14956969;-46,01760864;"SPRF-MG";"DEL09-MG";"UOP01-DEL09-MG"
569706;2023-12-22;"sexta-feira";"12:45:00";"SC";101;296,2;"IMBITUBA";"Condutor deixou de manter distância do veículo da frente";"Colisão lateral mesmo sentido";"Com Vítimas Feridas";"Pleno dia";"Crescente";"Céu Claro";"Múltipla";"Interseção de Vias";"Não";4;0;0;1;3;0;1;2;-28,30563701;-48,72103898;"SPRF-SC";"DEL02-SC";"UOP03-DEL02-SC"
569707;2023-12-22;"sexta-feira";"13:05:00";"SC";101;335,7;"TUBARAO";"Reação tardia ou ineficiente do condutor";"Colisão traseira";"Com Vítimas Feridas";"Pleno dia";"Decrescente";"Céu Claro";"Múltipla";"Aclive;Interseção de Vias;Reta";"Sim";2;0;1;0;1;0;1;2;-28,46927473;-49,01557908;"SPRF-SC";"DEL02-SC";"UOP01-DEL02-SC"
569709;2023-12-22;"sexta-feira";"10:18:00";"MT";364;206;"RONDONOPOLIS";"Problema com o freio";"Queda de ocupante de veículo";"Com Vítimas Feridas";"Pleno dia";"Decrescente";"Céu Claro";"Dupla";"Reta";"Sim";1;0;1;0;0;0;1;1;-16,44571676;-54,66959953;"SPRF-MT";"DEL02-MT";"UOP01-DEL02-MT"
569711;2023-12-22;"sexta-feira";"10:54:00";"RS";470;210,4;"BENTO GONCALVES";"Ingestão de álcool pelo condutor";"Colisão traseira";"Sem Vítimas";"Pleno dia";"Decrescente";"Céu Claro";"Simples";"Reta";"Não";3;0;0;0;3;0;0;2;-29,11647449;-51,54258383;"SPRF-RS";"DEL06-RS";"UOP01-DEL06-RS"
569712;2023-12-22;"sexta-feira";"14:00:00";"RS";386;244,4;"SOLEDADE";"Acessar a via sem observar a presença dos outros veículos";"Colisão transversal";"Com Vítimas Feridas";"Pleno dia";"Decrescente";"Céu Claro";"Simples";"Reta";"Não";3;0;2;0;1;0;2;2;-28,796595;-52,517769;"SPRF-RS";"DEL04-RS";"UOP03-DEL04-RS"
569714;2023-12-22;"sexta-feira";"12:30:00";"MG";50;132;"UBERABA";"Ausência de reação do condutor";"Saída de leito carroçável";"Com Vítimas Feridas";"Pleno dia";"Crescente";"Chuva";"Dupla";"Reta;Declive";"Não";1;0;1;0;0;0;1;1;-19,40768287;-48,07592978;"SPRF-MG";"DEL13-MG";"UOP01-DEL13-MG"
569715;2023-12-22;"sexta-feira";"14:00:00";"PR";153;482;"GENERAL CARNEIRO";"Demais falhas na via";"Queda de ocupante de veículo";"Com Vítimas Feridas";"Pleno dia";"Crescente";"Céu Claro";"Simples";"Reta;Ponte";"Não";2;0;1;1;0;0;2;1;-26,37212;-51,25678;"SPRF-PR";"DEL02-PR";"UOP03-DEL02-PR"