"id";"data_inversa";"dia_semana";"horario";"uf";"br";"km";"municipio";"causa_acidente";"tipo_acidente";"classificacao_acidente";"fase_dia";"sentido_via";"condicao_metereologica";"tipo_pista";"tracado_via";"uso_solo";"pessoas";"mortos";"feridos_leves";"feridos_graves";"ilesos";"ignorados";"feridos";"veiculos";"latitude";"longitude";"regional";"delegacia";"uop"
569821;2023-12-22;"sexta-feira";"20:00:00";"PR";476;151,4;"ARAUCARIA";"Manobra de mudança de faixa";"Colisão lateral mesmo sentido";"Com Vítimas Feridas";"Plena Noite";"Crescente";"Céu Claro";"Dupla";"Reta";"Sim";5;0;1;1;2;1;2;4;-25,563601;-49,377041;"SPRF-PR";"DEL01-PR";"UOP06-DEL01-PR"
569823;2023-12-22;"sexta-feira";"16:00:00";"GO";20;225;"POSSE";"Acumulo de água sobre o pavimento";"Saída de leito carroçável";"Com Vítimas Feridas";"Pleno dia";"Crescente";"Chuva";"Simples";"Reta";"Não";1;0;1;0;0;0;1;1;-14,153014;-46,325546;"SPRF-DF";"DEL02-DF";"UOP03-DEL02-DF"
569824;2023-12-22;"sexta-feira";"18:15:00";"SC";101;127;"ITAJAI";"Ausência de reação do condutor";"Colisão lateral mesmo sentido";"Com Vítimas Feridas";"Pleno dia";"Crescente";"Céu Claro";"Dupla";"Reta";"Sim";2;0;1;0;1;0;1;2;-26,9639319;-48,68328024;"SPRF-SC";"DEL04-SC";"UOP04-DEL04-SC"
569826;2023-12-22;"sexta-feira";"21:00:00";"MG";459;70,9;"SENADOR JOSE BENTO";"Demais falhas mecânicas ou elétricas";"Incêndio";"Sem Vítimas";"Plena Noite";"Decrescente";"Céu Claro";"Simples";"Reta";"Não";1;0;0;0;1;0;0;1;-22,134289;-46,167046;"SPRF-MG";"DEL09-MG";"UOP01-DEL09-MG"
569827;2023-12-22;"sexta-feira";"19:25:00";"RN";405;66,9;"FELIPE GUERRA";"Animais na Pista";"Atropelamento de Animal";"Com Vítimas Feridas";"Plena Noite";"Crescente";"Céu Claro";"Simples";"Reta";"Não";1;0;1;0;0;0;1;1;-5,57725083;-37,75937224;"SPRF-RN";"DEL04-RN";"UOP02-DEL04-RN"
569829;2023-12-22;"sexta-feira";"17:55:00";"MG";381;431;"SABARA";"Velocidade Incompatível";"Saída de leito carroçável";"Com Vítimas Feridas";"Pleno dia";"Crescente";"Céu Claro";"Simples";"Curva";"Não";1;0;0;1;0;0;1;1;-19,78831547;-43,73175712;"SPRF-MG";"DEL01-MG";"UOP01-DEL01-MG"
569830;2023-12-22;"sexta-feira";"16:30:00";"BA";324;584;"CANDEIAS";"Frear bruscamente";"Engavetamento";"Sem Vítimas";"Pleno dia";"Decrescente";"Nublado";"Dupla";"Reta";"Não";7;0;0;0;7;0;0;7;-12,62182288;-38,48260875;"SPRF-BA";"DEL01-BA";"UOP01-DEL01-BA"
569831;2023-12-22;"sexta-feira";"18:15:00";"MG";116;544;"SANTA BARBARA DO LESTE";"Reação tardia ou ineficiente do condutor";"Colisão frontal";"Com Vítimas Feridas";"Anoitecer";"Crescente";"Nublado";"Simples";"Reta";"Não";3;0;0;1;2;0;1;3;-19,919262;-42,13155389;"SPRF-MG";"DEL06-MG";"UOP02-DEL06-MG"
569832;2023-12-22;"sexta-feira";"20:15:00";"MG";381;451,9;"SABARA";"Acesso irregular";"Colisão transversal";"Com Vítimas Feridas";"Plena Noite";"Decrescente";"Nublado";"Simples";"Reta;Aclive";"Sim";2;0;1;0;0;1;1;2;-19,84339604;-43,88596993;"SPRF-MG";"DEL01-MG";"UOP01-DEL01-MG"
569834;2023-12-22;"sexta-feira";"20:00:00";"PR";277;54;"SAO JOSE DOS PINHAIS";"Demais falhas mecânicas ou elétricas";"Incêndio";"Sem Vítimas";"Plena Noite";"Crescente";"Céu Claro";"Dupla";"Reta";"Não";1;0;0;0;1;0;0;1;-25,57490759;-48,9798317;"SPRF-PR";"DEL01-PR";"UOP01-DEL01-PR"
569835;2023-12-22;"sexta-feira";"21:20:00";"ES";101;201;"JOAO NEIVA";"Pedestre andava na pista";"Atropelamento de Pedestre";"Com Vítimas Feridas";"Plena Noite";"Decrescente";"Céu Claro";"Simples";"Reta";"Sim";3;0;0;1;2;0;1;2;-19,73362414;-40,36120476;"SPRF-ES";"DEL04-ES";"UOP01-DEL04-ES"
569836;2023-12-22;"sexta-feira";"21:30:00";"GO";40;0;"VALPARAISO DE GOIAS";"Condutor deixou de manter distância do veículo da frente";"Colisão traseira";"Com Vítimas Feridas";"Plena Noite";"Crescente";"Garoa/Chuvisco";"Dupla";"Reta";"Não";3;0;1;0;2;0;1;2;-16,05106161;-47,98170447;"SPRF-DF";"DEL01-DF";"UOP01-DEL01-DF"
569838;2023-12-22;"sexta-feira";"19:00:00";"PE";424;19,2;"PEDRA";"Acessar a via sem observar a presença dos outros veículos";"Colisão transversal";"Com Vítimas Feridas";"Plena Noite";"Decrescente";"Céu Claro";"Simples";"Reta";"Sim";3;0;1;1;1;0;2;2;-8,50257626;-36,93358845;"SPRF-PE";"DEL04-PE";"UOP02-DEL04-PE"
569840;2023-12-22;"sexta-feira";"18:25:00";"AL";316;110;"CACIMBINHAS";"Acessar a via sem observar a presença dos outros veículos";"Colisão transversal";"Com Vítimas Feridas";"Plena Noite";"Decrescente";"Céu Claro";"Simples";"Reta";"Não";2;0;0;1;1;0;1;2;-9,39343365;-37,02683893;"SPRF-AL";"DEL03-AL";"UOP01-DEL03-AL"
569841;2023-12-22;"sexta-feira";"21:30:00";"RJ";393;283,6;"VOLTA REDONDA";"Condutor deixou de manter distância do veículo da frente";"Colisão traseira";"Com Vítimas Feridas";"Plena Noite";"Decrescente";"Chuva";"Simples";"Reta";"Não";2;0;1;0;1;0;1;2;-22,47606388;-44,04976392;"SPRF-RJ";"DEL05-RJ";"UOP04-DEL05-RJ"
569842;2023-12-22;"sexta-feira";"21:30:00";"PE";232;326;"CUSTODIA";"Animais na Pista";"Atropelamento de Animal";"Com Vítimas Feridas";"Plena Noite";"Crescente";"Céu Claro";"Simples";"Reta";"Não";2;0;1;1;0;0;2;1;-8,09113514;-37,59520501;"SPRF-PE";"DEL04-PE";"UOP02-DEL04-PE"
569843;2023-12-22;"sexta-feira";"21:30:00";"SP";116;122;"CACAPAVA";"Reação tardia ou ineficiente do condutor";"Colisão traseira";"Sem Vítimas";"Plena Noite";"Decrescente";"Nublado";"Dupla";"Reta";"Sim";3;0;0;0;3;0;0;2;-23,08192414;-45,66154591;"SPRF-SP";"DEL02-SP";"UOP02-DEL02-SP"
569844;2023-12-19;"terça-feira";"08:00:00";"BA";135;164,2;"BARREIRAS";"Ultrapassagem Indevida";"Saída de leito carroçável";"Com Vítimas Feridas";"Pleno dia";"Crescente";"Chuva";"Simples";"Reta";"Não";6;0;1;0;5;0;1;2;-12,03181479;-44,95663949;"SPRF-BA";"DEL08-BA";"UOP04-DEL08-BA"
569845;2023-12-22;"sexta-feira";"21:45:00";"RS";386;442;"CANOAS";"Ingestão de álcool pelo condutor";"Colisão transversal";"Com Vítimas Feridas";"Plena Noite";"Crescente";"Nublado";"Dupla";"Reta";"Não";2;0;1;0;1;0;1;2;-29,88755262;-51,2188679;"SPRF-RS";"DEL01-RS";"UOP01-DEL01-RS"
569846;2023-12-22;"sexta-feira";"21:00:00";"RJ";465;22;"RIO DE JANEIRO";"Ausência de reação do condutor";"Colisão frontal";"Com Vítimas Feridas";"Plena Noite";"Crescente";"Nublado";"Simples";"Viaduto";"Sim";3;0;1;0;1;1;1;2;-22,863579;-43,601479;"SPRF-RJ";"DEL03-RJ";"UOP01-DEL03-RJ"
569847;2023-12-22;"sexta-feira";"22:00:00";"SE";101;91;"NOSSA SENHORA DO SOCORRO";"Ingestão de álcool pelo condutor";"Colisão traseira";"Sem Vítimas";"Plena Noite";"Decrescente";"Céu Claro";"Múltipla";"Interseção de Vias;Reta";"Não";3;0;0;0;2;1;0;2;-10,90257973;-37,13356912;"SPRF-SE";"DEL01-SE";"UOP01-DEL01-SE"
569848;2023-12-22;"sexta-feira";"18:50:00";"SC";280;292;"PORTO UNIAO";"Ingestão de álcool pelo condutor";"Colisão lateral mesmo sentido";"Com Vítimas Feridas";"Anoitecer";"Crescente";"Céu Claro";"Simples";"Reta;Aclive";"Não";4;0;1;0;3;0;1;2;-26,29652221;-50,94542396;"SPRF-SC";"DEL06-SC";"UOP04-DEL06-SC"
569849;2023-12-22;"sexta-feira";"19:25:00";"MG";381;802,5;"SAO GONCALO DO SAPUCAI";"Demais falhas mecânicas ou elétricas";"Incêndio";"Sem Vítimas";"Plena Noite";"Crescente";"Ignorado";"Dupla";"Reta";"Não";9;0;0;0;9;0;0;1;-21,94820534;-45,62262118;"SPRF-MG";"DEL16-MG";"UOP02-DEL16-MG"
569850;2023-12-22;"sexta-feira";"20:30:00";"SC";163;1,5;"DIONISIO CERQUEIRA";"Acesso irregular";"Colisão frontal";"Com Vítimas Feridas";"Plena Noite";"Crescente";"Céu Claro";"Simples";"Em Obras;Reta";"Sim";2;0;0;1;0;1;1;2;-26,26840342;-53,62856984;"SPRF-SC";"DEL07-SC";"UOP03-DEL07-SC"
569851;2023-12-22;"sexta-feira";"19:16:00";"MA";316;107,4;"SANTA LUZIA DO PARUA";"Animais na Pista";"Atropelamento de Animal";"Com Vítimas Fatais";"Plena Noite";"Crescente";"Céu Claro";"Simples";"Reta";"Não";1;1;0;0;0;0;0;1;-2,477804;-45,793121;"SPRF-MA";"DEL02-MA";"UOP02-DEL02-MA"
569853;2023-12-22;"sexta-feira";"22:00:00";"SP";116;341;"MIRACATU";"Condutor Dormindo";"Colisão com objeto";"Com Vítimas Feridas";"Plena Noite";"Decrescente";"Céu Claro";"Dupla";"Reta";"Não";1;0;0;1;0;0;1;1;-24,00990014;-47,16199395;"SPRF-SP";"DEL04-SP";"UOP03-DEL04-SP"
569855;2023-12-22;"sexta-feira";"22:15:00";"PR";376;498;"PONTA GROSSA";"Condutor deixou de manter distância do veículo da frente";"Colisão traseira";"Sem Vítimas";"Plena Noite";"Crescente";"Céu Claro";"Dupla";"Reta";"Não";3;0;0;0;2;1;0;2;-25,18839776;-50,0846328;"SPRF-PR";"DEL03-PR";"UOP04-DEL03-PR"
569856;2023-12-22;"sexta-feira";"23:00:00";"ES";101;263;"SERRA";"Condutor deixou de manter distância do veículo da frente";"Colisão traseira";"Com Vítimas Feridas";"Plena Noite";"Crescente";"Nublado";"Dupla";"Reta";"Sim";2;0;1;0;1;0;1;2;-20,16554736;-40,27301648;"SPRF-ES";"DEL02-ES";"UOP01-DEL02-ES"
569857;2023-12-22;"sexta-feira";"22:30:00";"GO";70;23;"COCALZINHO DE GOIAS";"Animais na Pista";"Atropelamento de Animal";"Com Vítimas Feridas";"Plena Noite";"Crescente";"Céu Claro";"Dupla";"Reta";"Não";1;0;0;1;0;0;1;1;-15,7366224;-48,40222058;"SPRF-DF";"DEL03-DF";"UOP02-DEL03-DF"
569859;2023-12-22;"sexta-feira";"22:55:00";"RJ";40;111;"DUQUE DE CAXIAS";"Ausência de reação do condutor";"Colisão traseira";"Com Vítimas Feridas";"Plena Noite";"Decrescente";"Céu Claro";"Dupla";"Reta";"Sim";2;0;1;0;1;0;1;2;-22,691868;-43,287453;"SPRF-RJ";"DEL01-RJ";"UOP02-DEL01-RJ"
569860;2023-12-22;"sexta-feira";"18:20:00";"MG";365;172;"BURITIZEIRO";"Ultrapassagem Indevida";"Colisão frontal";"Com Vítimas Feridas";"Anoitecer";"Decrescente";"Nublado";"Simples";"Curva";"Não";5;0;2;3;0;0;5;2;-17,403406;-45,018622;"SPRF-MG";"DEL10-MG";"UOP02-DEL010-MG"
569861;2023-12-22;"sexta-feira";"22:44:00";"RS";287;248;"SANTA MARIA";"Ausência de reação do condutor";"Colisão transversal";"Com Vítimas Feridas";"Plena Noite";"Crescente";"Chuva";"Múltipla";"Em Obras;Reta;Declive";"Sim";2;0;1;0;1;0;1;2;-29,696018;-53,850956;"SPRF-RS";"DEL09-RS";"UOP01-DEL09-RS"
569862;2023-12-22;"sexta-feira";"23:00:00";"PR";116;8;"CAMPINA GRANDE DO SUL";"Reação tardia ou ineficiente do condutor";"Colisão traseira";"Com Vítimas Feridas";"Plena Noite";"Crescente";"Céu Claro";"Dupla";"Reta;Declive";"Não";2;0;1;0;0;1;1;2;-25,3697;-49,1158;"SPRF-PR";"DEL01-PR";"UOP02-DEL01-PR"
569863;2023-12-22;"sexta-feira";"18:00:00";"MG";262;825;"UBERABA";"Reação tardia ou ineficiente do condutor";"Colisão lateral mesmo sentido";"Sem Vítimas";"Plena Noite";"Crescente";"Chuva";"Dupla";"Reta";"Não";2;0;0;0;2;0;0;2;-19,75377742;-48,16593111;"SPRF-MG";"DEL13-MG";"UOP01-DEL13-MG"
569864;2023-12-22;"sexta-feira";"23:50:00";"CE";116;18,5;"EUSEBIO";"Ingestão de álcool pelo condutor";"Colisão lateral mesmo sentido";"Com Vítimas Feridas";"Pleno dia";"Decrescente";"Céu Claro";"Múltipla";"Reta";"Sim";3;0;3;0;0;0;3;3;-3,90496605;-38,50518756;"SPRF-CE";"DEL01-CE";"UOP02-DEL01-CE"
569865;2023-12-22;"sexta-feira";"23:20:00";"PE";232;5,7;"RECIFE";"Ausência de reação do condutor";"Saída de leito carroçável";"Com Vítimas Feridas";"Plena Noite";"Decrescente";"Nublado";"Múltipla";"Curva";"Não";1;0;0;1;0;0;1;1;-8,06795766;-34,94535414;"SPRF-PE";"DEL01-PE";"UOP01-DEL01-PE"
569866;2023-12-22;"sexta-feira";"22:30:00";"PR";373;414;"CANDOI";"Acessar a via sem observar a presença dos outros veículos";"Colisão transversal";"Com Vítimas Feridas";"Plena Noite";"Crescente";"Céu Claro";"Simples";"Reta";"Sim";2;0;1;0;1;0;1;2;-25,66088488;-52,11932518;"SPRF-PR";"DEL08-PR";"UOP01-DEL08-PR"
569867;2023-12-22;"sexta-feira";"21:45:00";"RJ";116;43,6;"TERESOPOLIS";"Pedestre andava na pista";"Atropelamento de Pedestre";"Com Vítimas Feridas";"Plena Noite";"Decrescente";"Céu Claro";"Simples";"Curva";"Sim";2;0;1;0;1;0;1;2;-22,15063486;-42,80150917;"SPRF-RJ";"DEL04-RJ";"UOP01-DEL04-RJ"
569868;2023-12-22;"sexta-feira";"21:40:00";"MG";381;456,8;"BELO HORIZONTE";"Ausência de reação do condutor";"Saída de leito carroçável";"Com Vítimas Feridas";"Plena Noite";"Decrescente";"Chuva";"Dupla";"Reta";"Sim";2;0;1;0;1;0;1;1;-19,85862954;-43,91292495;"SPRF-MG";"DEL01-MG";"UOP01-DEL01-MG"
569870;2023-12-22;"sexta-feira";"22:45:00";"PI";316;296;"PICOS";"Reação tardia ou ineficiente do condutor";"Colisão lateral sentido oposto";"Com Vítimas Feridas";"Plena Noite";"Crescente";"Céu Claro";"Simples";"Reta";"Não";2;0;1;0;0;1;1;2;-7,02198451;-41,57160105;"SPRF-PI";"DEL04-PI";"UOP01-DEL04-PI"
569871;2023-12-22;"sexta-feira";"19:35:00";"RJ";40;105;"DUQUE DE CAXIAS";"Mal súbito do condutor";"Saída de leito carroçável";"Com Vítimas Feridas";"Plena Noite";"Decrescente";"Céu Claro";"Dupla";"Reta";"Sim";1;0;1;0;0;0;1;1;-22,63784806;-43,28428824;"SPRF-RJ";"DEL01-RJ";"UOP02-DEL01-RJ"
569872;2023-12-22;"sexta-feira";"23:10:00";"SC";101;415,6;"ARARANGUA";"Desrespeitar a preferência no cruzamento";"Colisão frontal";"Com Vítimas Feridas";"Plena Noite";"Decrescente";"Chuva";"Múltipla";"Reta;Interseção de Vias";"Sim";2;0;0;1;1;0;1;2;-28,96910008;-49,52533722;"SPRF-SC";"DEL02-SC";"UOP02-DEL02-SC"
569873;2023-12-22;"sexta-feira";"20:00:00";"PR";153;388;"MALLET";"Ausência de reação do condutor";"Atropelamento de Pedestre";"Com Vítimas Feridas";"Plena Noite";"Crescente";"Nublado";"Simples";"Reta";"Sim";2;0;0;1;0;1;1;2;-25,86401493;-50,83523664;"SPRF-PR";"DEL08-PR";"UOP02-DEL08-PR"
569874;2023-12-22;"sexta-feira";"20:20:00";"SC";101;427,1;"ARARANGUA";"Reação tardia ou ineficiente do condutor";"Colisão traseira";"Com Vítimas Feridas";"Plena Noite";"Crescente";"Nublado";"Simples";"Reta";"Não";5;0;2;0;3;0;2;3;-29,0329064;-49,60623553;"SPRF-SC";"DEL02-SC";"UOP02-DEL02-SC"
569875;2023-12-22;"sexta-feira";"17:15:00";"GO";60;388;"RIO VERDE";"Ingestão de álcool pelo condutor";"Tombamento";"Com Vítimas Feridas";"Pleno dia";"Crescente";"Céu Claro";"Dupla";"Reta";"Sim";1;0;1;0;0;0;1;1;-17,8151;-50,9343;"SPRF-GO";"DEL04-GO";"UOP02-DEL04-GO"
569876;2023-12-22;"sexta-feira";"22:35:00";"PR";373;185;"PONTA GROSSA";"Ausência de reação do condutor";"Queda de ocupante de veículo";"Com Vítimas Feridas";"Plena Noite";"Crescente";"Nublado";"Simples";"Curva;Declive";"Não";1;0;1;0;0;0;1;1;-25,04886223;-50,29257775;"SPRF-PR";"DEL03-PR";"UOP01-DEL03-PR"
569877;2023-12-23;"sábado";"00:15:00";"PB";230;18;"JOAO PESSOA";"Ausência de reação do condutor";"Tombamento";"Com Vítimas Feridas";"Plena Noite";"Crescente";"Céu Claro";"Dupla";"Reta";"Sim";5;0;5;0;0;0;5;3;-7,12905636;-34,84930515;"SPRF-PB";"DEL01-PB";"UOP01-DEL01-PB"
569878;2023-12-23;"sábado";"00:20:00";"MG";381;924,5;"CAMANDUCAIA";"Velocidade Incompatível";"Colisão com objeto";"Com Vítimas Feridas";"Plena Noite";"Crescente";"Chuva";"Dupla";"Curva";"Não";4;0;3;0;1;0;3;1;-22,77005513;-46,19413203;"SPRF-MG";"DEL16-MG";"UOP03-DEL16-MG"
569881;2023-12-23;"sábado";"00:20:00";"RJ";101;440;"MANGARATIBA";"Demais falhas mecânicas ou elétricas";"Queda de ocupante de veículo";"Com Vítimas Feridas";"Plena Noite";"Crescente";"Nublado";"Simples";"Curva";"Não";1;0;1;0;0;0;1;1;-22,95929215;-44,08787867;"SPRF-RJ";"DEL03-RJ";"UOP02-DEL03-RJ"
569883;2023-12-22;"sexta-feira";"20:40:00";"TO";153;497,6;"PARAISO DO TOCANTINS";"Acessar a via sem observar a presença dos outros veículos";"Colisão transversal";"Com Vítimas Feridas";"Plena Noite";"Crescente";"Nublado";"Simples";"Reta;Interseção de Vias";"Sim";3;0;2;0;1;0;2;2;-10,181096;-48,880389;"SPRF-TO";"DEL01-TO";"UOP01-DEL01-TO"
569884;2023-12-23;"sábado";"01:00:00";"MG";262;837;"UBERABA";"Reação tardia ou ineficiente do condutor";"Saída de leito carroçável";"Sem Vítimas";"Plena Noite";"Crescente";"Nublado";"Simples";"Curva";"Não";1;0;0;0;0;1;0;1;-19,75478312;-48,24495497;"SPRF-MG";"DEL13-MG";"UOP01-DEL13-MG"
569886;2023-12-23;"sábado";"01:30:00";"DF";40;8,1;"BRASILIA";"Condutor Dormindo";"Colisão com objeto";"Sem Vítimas";"Plena Noite";"Crescente";"Nublado";"Dupla";"Reta";"Sim";1;0;0;0;1;0;0;1;-16,04864586;-47,98137724;"SPRF-DF";"DEL01-DF";"UOP01-DEL01-DF"
569887;2023-12-23;"sábado";"00:50:00";"TO";153;173;"ARAGUAINA";"Ausência de reação do condutor";"Colisão traseira";"Sem Vítimas";"Plena Noite";"Decrescente";"Céu Claro";"Simples";"Reta";"Não";2;0;0;0;2;0;0;2;-7,419759;-48,36162505;"SPRF-TO";"DEL02-TO";"UOP01-DEL02-TO"
569888;2023-12-23;"sábado";"01:00:00";"SC";101;219,9;"PALHOCA";"Velocidade Incompatível";"Capotamento";"Com Vítimas Feridas";"Plena Noite";"Crescente";"Chuva";"Simples";"Curva";"Não";1;0;1;0;0;0;1;1;-27,68392194;-48,66710085;"SPRF-SC";"DEL01-SC";"UOP02-DEL01-SC"
569890;2023-12-23;"sábado";"01:20:00";"RJ";116;190;"NOVA IGUACU";"Pedestre cruzava a pista fora da faixa";"Atropelamento de Pedestre";"Com Vítimas Feridas";"Plena Noite";"Crescente";"Céu Claro";"Dupla";"Reta";"Sim";3;0;1;0;2;0;1;2;-22,74123776;-43,5007311;"SPRF-RJ";"DEL06-RJ";"UOP01-DEL06-RJ"
569891;2023-12-22;"sexta-feira";"23:00:00";"MG";381;381;"SAO GONCALO DO RIO ABAIXO";"Desrespeitar a preferência no cruzamento";"Colisão transversal";"Com Vítimas Feridas";"Plena Noite";"Crescente";"Céu Claro";"Simples";"Reta";"Não";3;0;1;0;1;1;1;2;-19,82692046;-43,38405945;"SPRF-MG";"DEL01-MG";"UOP01-DEL01-MG"
569893;2023-12-23;"sábado";"03:00:00";"SC";470;141;"RIO DO SUL";"Transitar na contramão";"Colisão frontal";"Com Vítimas Feridas";"Plena Noite";"Crescente";"Céu Claro";"Simples";"Curva";"Sim";2;0;1;0;1;0;1;2;-27,226065;-49,666161;"SPRF-SC";"DEL04-SC";"UOP02-DEL04-SC"
569894;2023-12-23;"sábado";"02:45:00";"SC";101;138;"BALNEARIO CAMBORIU";"Velocidade Incompatível";"Saída de leito carroçável";"Com Vítimas Feridas";"Plena Noite";"Decrescente";"Chuva";"Dupla";"Curva";"Sim";2;0;1;0;0;1;1;1;-27,02397426;-48,60761649;"SPRF-SC";"DEL04-SC";"UOP03-DEL04-SC"
569895;2023-12-23;"sábado";"01:50:00";"SC";101;226;"PALHOCA";"Chuva";"Saída de leito carroçável";"Com Vítimas Feridas";"Plena Noite";"Crescente";"Chuva";"Dupla";"Aclive";"Não";1;0;1;0;0;0;1;1;-27,74200001;-48,63806504;"SPRF-SC";"DEL01-SC";"UOP02-DEL01-SC"
569897;2023-12-23;"sábado";"00:32:00";"MS";262;58,5;"TRES LAGOAS";"Acumulo de óleo sobre o pavimento";"Eventos atípicos";"Com Vítimas Feridas";"Plena Noite";"Decrescente";"Nublado";"Simples";"Curva";"Não";3;0;1;0;2;0;1;1;-20,72031366;-52,13433266;"SPRF-MS";"DEL07-MS";"UOP01-DEL07-MS"
569898;2023-12-23;"sábado";"02:50:00";"MG";365;48,5;"CLARO DOS POCOES";"Velocidade Incompatível";"Saída de leito carroçável";"Com Vítimas Feridas";"Plena Noite";"Crescente";"Nublado";"Simples";"Reta;Declive";"Não";12;0;10;0;2;0;10;1;-16,93034973;-44,22810598;"SPRF-MG";"DEL12-MG";"UOP01-DEL12-MG"
569901;2023-12-23;"sábado";"04:30:00";"RS";116;658;"JAGUARAO";"Ingestão de álcool pelo condutor";"Colisão traseira";"Sem Vítimas";"Plena Noite";"Crescente";"Céu Claro";"Simples";"Reta";"Sim";2;0;0;0;2;0;0;2;-32,55662894;-53,38695645;"SPRF-RS";"DEL07-RS";"UOP03-DEL07-RS"
569902;2023-12-23;"sábado";"02:50:00";"MG";40;510,1;"RIBEIRAO DAS NEVES";"Demais falhas mecânicas ou elétricas";"Incêndio";"Sem Vítimas";"Plena Noite";"Crescente";"Céu Claro";"Dupla";"Reta";"Sim";1;0;0;0;0;1;0;1;-19,77463885;-44,12321882;"SPRF-MG";"DEL01-MG";"UOP02-DEL01-MG"
569905;2023-12-22;"sexta-feira";"20:25:00";"RS";386;247,1;"SOLEDADE";"Pedestre andava na pista";"Atropelamento de Pedestre";"Com Vítimas Fatais";"Plena Noite";"Decrescente";"Chuva";"Simples";"Reta";"Sim";3;1;0;0;2;0;0;2;-28,815617;-52,488639;"SPRF-RS";"DEL04-RS";"UOP03-DEL04-RS"
569906;2023-12-23;"sábado";"04:10:00";"SC";280;80;"CORUPA";"Ingestão de álcool pelo condutor";"Colisão lateral sentido oposto";"Com Vítimas Feridas";"Plena Noite";"Decrescente";"Céu Claro";"Simples";"Reta";"Sim";2;0;1;0;0;1;1;2;-26,44412189;-49,20975187;"SPRF-SC";"DEL06-SC";"UOP03-DEL06-SC"
569907;2023-12-23;"sábado";"04:50:00";"DF";70;1,6;"BRASILIA";"Reação tardia ou ineficiente do condutor";"Saída de leito carroçável";"Sem Vítimas";"Plena Noite";"Crescente";"Garoa/Chuvisco";"Dupla";"Reta";"Sim";1;0;0;0;1;0;0;1;-15,795264;-48,063801;"SPRF-DF";"DEL03-DF";"UOP02-DEL03-DF"
569910;2023-12-23;"sábado";"05:00:00";"AL";101;174;"TEOTONIO VILELA";"Pedestre andava na pista";"Atropelamento de Pedestre";"Com Vítimas Feridas";"Pleno dia";"Decrescente";"Céu Claro";"Simples";"Reta";"Sim";2;0;0;1;0;1;1;2;-9,90270371;-36,35878384;"SPRF-AL";"DEL02-AL";"UOP02-DEL02-AL"
569913;2023-12-22;"sexta-feira";"19:50:00";"MG";354;750,2;"ITANHANDU";"Ingestão de álcool pelo condutor";"Colisão frontal";"Com Vítimas Feridas";"Plena Noite";"Crescente";"Chuva";"Simples";"Reta";"Não";3;0;0;2;1;0;2;2;-22,28077569;-44,87170669;"SPRF-MG";"DEL17-MG";"UOP01-DEL17-MG"
569915;2023-12-23;"sábado";"06:30:00";"SP";116;219;"GUARULHOS";"Velocidade Incompatível";"Colisão com objeto";"Com Vítimas Feridas";"Pleno dia";"Decrescente";"Céu Claro";"Múltipla";"Reta";"Sim";2;0;1;0;1;0;1;1;-23,46143954;-46,48885316;"SPRF-SP";"DEL01-SP";"UOP01-DEL01-SP"
569916;2023-12-23;"sábado";"02:10:00";"MG";262;438;"NOVA SERRANA";"Transitar na contramão";"Colisão transversal";"Com Vítimas Feridas";"Plena Noite";"Decrescente";"Nublado";"Dupla";"Reta";"Sim";3;0;0;2;0;1;2;2;-19,89280962;-44,878453;"SPRF-MG";"DEL08-MG";"UOP03-DEL08-MG"
569918;2023-12-23;"sábado";"03:40:00";"MG";459;29,7;"CALDAS";"Condutor Dormindo";"Colisão frontal";"Com Vítimas Feridas";"Plena Noite";"Decrescente";"Garoa/Chuvisco";"Simples";"Curva";"Não";6;0;5;0;1;0;5;2;-21,913517;-46,380814;"SPRF-MG";"DEL09-MG";"UOP01-DEL09-MG"
569919;2023-12-23;"sábado";"05:50:00";"PE";428;94,4;"SANTA MARIA DA BOA VISTA";"Demais falhas mecânicas ou elétricas";"Queda de ocupante de veículo";"Com Vítimas Feridas";"Pleno dia";"Crescente";"Céu Claro";"Simples";"Reta";"Não";2;0;2;0;0;0;2;1;-8,81058587;-39,91203508;"SPRF-PE";"DEL06-PE";"UOP03-DEL06-PE"
569920;2023-12-23;"sábado";"06:10:00";"PR";153;494;"GENERAL CARNEIRO";"Transitar na contramão";"Colisão frontal";"Com Vítimas Feridas";"Amanhecer";"Crescente";"Chuva";"Simples";"Curva";"Não";5;0;2;2;0;1;4;2;-26,44322;-51,31866;"SPRF-PR";"DEL02-PR";"UOP03-DEL02-PR"
569921;2023-12-23;"sábado";"06:50:00";"SP";153;62;"SAO JOSE DO RIO PRETO";"Ingestão de álcool pelo condutor";"Tombamento";"Com Vítimas Feridas";"Pleno dia";"Crescente";"Céu Claro";"Dupla";"Reta";"Sim";1;0;1;0;0;0;1;1;-20,81325404;-49,35675563;"SPRF-SP";"DEL09-SP";"UOP01-DEL09-SP"
569922;2023-12-23;"sábado";"05:00:00";"SC";470;22;"GASPAR";"Ausência de reação do condutor";"Saída de leito carroçável";"Com Vítimas Feridas";"Pleno dia";"Crescente";"Céu Claro";"Dupla";"Curva";"Não";1;0;0;1;0;0;1;1;-26,880066;-48,836224;"SPRF-SC";"DEL04-SC";"UOP04-DEL04-SC"
569923;2023-12-22;"sexta-feira";"21:20:00";"MG";262;628,5;"IBIA";"Condutor Dormindo";"Saída de leito carroçável";"Com Vítimas Feridas";"Plena Noite";"Crescente";"Chuva";"Simples";"Curva";"Não";1;0;1;0;0;0;1;1;-19,57610227;-46,43935292;"SPRF-MG";"DEL08-MG";"UOP01-DEL08-MG"