"id";"data_inversa";"dia_semana";"horario";"uf";"br";"km";"municipio";"causa_acidente";"tipo_acidente";"classificacao_acidente";"fase_dia";"sentido_via";"condicao_metereologica";"tipo_pista";"tracado_via";"uso_solo";"pessoas";"mortos";"feridos_leves";"feridos_graves";"ilesos";"ignorados";"feridos";"veiculos";"latitude";"longitude";"regional";"delegacia";"uop"
569924;2023-12-23;"sábado";"06:30:00";"MG";40;516,4;"RIBEIRAO DAS NEVES";"Ausência de reação do condutor";"Colisão com objeto";"Sem Vítimas";"Amanhecer";"Crescente";"Nublado";"Dupla";"Reta";"Sim";1;0;0;0;0;1;0;1;-19,81628624;-44,08960124;"SPRF-MG";"DEL01-MG";"UOP02-DEL01-MG"
569925;2023-12-22;"sexta-feira";"19:20:00";"MA";316;620,6;"TIMON";"Ausência de sinalização";"Colisão frontal";"Com Vítimas Feridas";"Plena Noite";"Crescente";"Céu Claro";"Simples";"Curva";"Sim";3;0;2;0;1;0;2;2;-5,12834;-42,821602;"SPRF-MA";"DEL03-MA";"UOP02-DEL03-MA"
569926;2023-12-23;"sábado";"05:00:00";"SC";280;144;"MAFRA";"Transitar na contramão";"Colisão frontal";"Com Vítimas Feridas";"Amanhecer";"Decrescente";"Céu Claro";"Simples";"Curva";"Não";2;0;0;1;1;0;1;2;-26,24513497;-49,64589702;"SPRF-SC";"DEL06-SC";"UOP03-DEL06-SC"
569927;2023-12-23;"sábado";"06:40:00";"SC";470;60,7;"BLUMENAU";"Ingestão de álcool pelo condutor";"Saída de leito carroçável";"Sem Vítimas";"Pleno dia";"Decrescente";"Céu Claro";"Simples";"Reta";"Não";1;0;0;0;1;0;0;1;-26,88138;-49,164543;"SPRF-SC";"DEL04-SC";"UOP01-DEL04-SC"
569929;2023-12-22;"sexta-feira";"11:00:00";"BA";415;27;"ILHEUS";"Velocidade Incompatível";"Colisão lateral mesmo sentido";"Com Vítimas Feridas";"Pleno dia";"Crescente";"Sol";"Dupla";"Curva";"Não";3;0;1;1;1;0;2;2;-14,794539;-39,205324;"SPRF-BA";"DEL05-BA";"UOP01-DEL05-BA"
569930;2023-12-22;"sexta-feira";"20:15:00";"RO";364;405,8;"OURO PRETO DO OESTE";"Demais falhas na via";"Colisão frontal";"Com Vítimas Feridas";"Plena Noite";"Crescente";"Céu Claro";"Simples";"Em Obras;Reta";"Não";2;0;1;0;1;0;1;2;-10,569027;-62,371756;"SPRF-RO";"DEL03-RO";"UOP02-DEL03-RO"
569931;2023-12-22;"sexta-feira";"21:25:00";"MG";251;272,3;"SALINAS";"Transitar na contramão";"Colisão frontal";"Com Vítimas Feridas";"Plena Noite";"Decrescente";"Garoa/Chuvisco";"Simples";"Reta";"Não";9;0;4;3;1;1;7;3;-15,99549015;-42,04545021;"SPRF-MG";"DEL12-MG";"UOP02-DEL12-MG"
569933;2023-12-23;"sábado";"07:10:00";"RN";405;125;"TABOLEIRO GRANDE";"Condutor Dormindo";"Saída de leito carroçável";"Com Vítimas Feridas";"Amanhecer";"Crescente";"Céu Claro";"Simples";"Curva;Declive";"Não";1;0;1;0;0;0;1;1;-5,92316484;-38,10148128;"SPRF-RN";"DEL04-RN";"UOP02-DEL04-RN"
569934;2023-12-23;"sábado";"07:20:00";"RJ";101;455;"MANGARATIBA";"Transitar na contramão";"Atropelamento de Pedestre";"Com Vítimas Feridas";"Pleno dia";"Decrescente";"Sol";"Dupla";"Reta";"Sim";2;0;1;0;1;0;1;2;-23,03130715;-44,15918011;"SPRF-RJ";"DEL03-RJ";"UOP02-DEL03-RJ"
569935;2023-12-23;"sábado";"04:00:00";"MT";364;356,3;"SANTO ANTONIO DO LEVERGER";"Condutor Dormindo";"Saída de leito carroçável";"Sem Vítimas";"Plena Noite";"Crescente";"Nublado";"Dupla";"Curva";"Não";1;0;0;0;1;0;0;1;-15,79348889;-55,6077944;"SPRF-MT";"DEL05-MT";"UOP02-DEL05-MT"
569937;2023-12-23;"sábado";"08:25:00";"MG";40;524,8;"CONTAGEM";"Avarias e/ou desgaste excessivo no pneu";"Queda de ocupante de veículo";"Com Vítimas Feridas";"Pleno dia";"Crescente";"Nublado";"Dupla";"Reta";"Sim";2;0;2;0;0;0;2;1;-19,8754469;-44,05345586;"SPRF-MG";"DEL01-MG";"UOP02-DEL01-MG"
569939;2023-12-23;"sábado";"07:40:00";"MS";163;483,1;"CAMPO GRANDE";"Acessar a via sem observar a presença dos outros veículos";"Colisão transversal";"Com Vítimas Feridas";"Pleno dia";"Decrescente";"Nublado";"Simples";"Reta";"Sim";7;0;4;0;3;0;4;2;-20,45726263;-54,54671829;"SPRF-MS";"DEL01-MS";"UOP02-DEL01-MS"
569940;2023-12-23;"sábado";"05:30:00";"RJ";40;111;"DUQUE DE CAXIAS";"Condutor Dormindo";"Capotamento";"Com Vítimas Feridas";"Amanhecer";"Decrescente";"Céu Claro";"Múltipla";"Reta";"Sim";2;0;2;0;0;0;2;1;-22,691868;-43,287453;"SPRF-RJ";"DEL01-RJ";"UOP02-DEL01-RJ"
569943;2023-12-23;"sábado";"07:45:00";"MS";359;153;"ALCINOPOLIS";"Condutor Dormindo";"Tombamento";"Com Vítimas Feridas";"Pleno dia";"Crescente";"Céu Claro";"Simples";"Reta";"Não";2;0;2;0;0;0;2;1;-18,27531556;-54,11852336;"SPRF-MS";"DEL06-MS";"UOP01-DEL06-MS"
569944;2023-12-23;"sábado";"00:30:00";"AP";210;2;"MACAPA";"Iluminação deficiente";"Colisão lateral mesmo sentido";"Com Vítimas Feridas";"Plena Noite";"Crescente";"Céu Claro";"Simples";"Interseção de Vias";"Não";2;0;1;0;1;0;1;2;0,08282017;-51,07776189;"SPRF-AP";"DEL01-AP";"UOP01-DEL01-AP"
569945;2023-12-23;"sábado";"04:25:00";"MT";70;576;"NOSSA SENHORA DO LIVRAMENTO";"Ausência de reação do condutor";"Saída de leito carroçável";"Com Vítimas Fatais";"Amanhecer";"Crescente";"Nublado";"Simples";"Reta";"Não";1;1;0;0;0;0;0;1;-15,73797552;-56,53396571;"SPRF-MT";"DEL03-MT";"UOP02-DEL03-MT"
569946;2023-12-23;"sábado";"08:30:00";"SP";116;23,4;"LAVRINHAS";"Velocidade Incompatível";"Saída de leito carroçável";"Com Vítimas Feridas";"Pleno dia";"Decrescente";"Céu Claro";"Dupla";"Curva";"Não";3;0;3;0;0;0;3;1;-22,58978112;-44,88535587;"SPRF-SP";"DEL08-SP";"UOP02-DEL08-SP"
569947;2023-12-22;"sexta-feira";"22:00:00";"RJ";40;124;"DUQUE DE CAXIAS";"Manobra de mudança de faixa";"Capotamento";"Com Vítimas Feridas";"Plena Noite";"Decrescente";"Céu Claro";"Múltipla";"Reta";"Sim";2;0;2;0;0;0;2;1;-22,807953;-43,289124;"SPRF-RJ";"DEL01-RJ";"UOP02-DEL01-RJ"
569948;2023-12-23;"sábado";"07:20:00";"PE";101;198;"XEXEU";"Ausência de reação do condutor";"Colisão com objeto";"Com Vítimas Feridas";"Amanhecer";"Decrescente";"Chuva";"Dupla";"Curva;Declive";"Não";2;0;2;0;0;0;2;1;-8,76148765;-35,60636203;"SPRF-PE";"DEL01-PE";"UOP03-DEL01-PE"
569949;2023-12-23;"sábado";"08:10:00";"PR";487;9;"ICARAIMA";"Acesso irregular";"Colisão transversal";"Com Vítimas Feridas";"Pleno dia";"Decrescente";"Céu Claro";"Simples";"Reta;Declive;Viaduto";"Não";4;0;0;2;2;0;2;2;-23,36762186;-53,73256867;"SPRF-PR";"DEL06-PR";"UOP03-DEL06-PR"
569950;2023-12-23;"sábado";"09:30:00";"SC";470;169;"POUSO REDONDO";"Reação tardia ou ineficiente do condutor";"Engavetamento";"Com Vítimas Feridas";"Pleno dia";"Crescente";"Nublado";"Simples";"Reta;Declive";"Não";3;0;1;0;2;0;1;3;-27,265471;-49,882442;"SPRF-SC";"DEL04-SC";"UOP02-DEL04-SC"
569951;2023-12-23;"sábado";"04:45:00";"BA";101;556;"CAMACAN";"Condutor deixou de manter distância do veículo da frente";"Saída de leito carroçável";"Com Vítimas Feridas";"Amanhecer";"Decrescente";"Nevoeiro/Neblina";"Simples";"Reta;Declive";"Não";4;0;3;0;1;0;3;1;-15,3853068;-39,48541982;"SPRF-BA";"DEL05-BA";"UOP02-DEL05-BA"
569952;2023-12-22;"sexta-feira";"18:15:00";"RJ";40;119;"DUQUE DE CAXIAS";"Manobra de mudança de faixa";"Colisão lateral mesmo sentido";"Com Vítimas Feridas";"Pleno dia";"Decrescente";"Céu Claro";"Dupla";"Reta";"Sim";2;0;1;0;1;0;1;2;-22,76375592;-43,28683062;"SPRF-RJ";"DEL01-RJ";"UOP02-DEL01-RJ"
569953;2023-12-23;"sábado";"09:00:00";"ES";262;41,7;"DOMINGOS MARTINS";"Reação tardia ou ineficiente do condutor";"Capotamento";"Com Vítimas Feridas";"Pleno dia";"Decrescente";"Nublado";"Simples";"Curva;Declive";"Não";4;0;4;0;0;0;4;1;-20,38530242;-40,64486504;"SPRF-ES";"DEL01-ES";"UOP01-DEL01-ES"
569954;2023-12-23;"sábado";"08:00:00";"SP";381;57;"MAIRIPORA";"Ausência de reação do condutor";"Colisão lateral mesmo sentido";"Com Vítimas Feridas";"Pleno dia";"Decrescente";"Céu Claro";"Dupla";"Reta";"Sim";3;0;2;0;1;0;2;2;-23,2658219;-46,5839857;"SPRF-SP";"DEL03-SP";"UOP01-DEL03-SP"
569955;2023-12-23;"sábado";"05:50:00";"SC";101;125;"ITAJAI";"Reação tardia ou ineficiente do condutor";"Colisão traseira";"Com Vítimas Feridas";"Pleno dia";"Crescente";"Nublado";"Dupla";"Reta";"Sim";2;0;1;0;1;0;1;2;-26,94802427;-48,68338515;"SPRF-SC";"DEL04-SC";"UOP04-DEL04-SC"
569958;2023-10-24;"terça-feira";"14:30:00";"SC";280;58;"GUARAMIRIM";"Acessar a via sem observar a presença dos outros veículos";"Colisão transversal";"Com Vítimas Feridas";"Pleno dia";"Decrescente";"Céu Claro";"Dupla";"Rotatória";"Sim";2;0;1;0;1;0;1;2;-26,47415593;-49,021211;"SPRF-SC";"DEL03-SC";"UOP03-DEL03-SC"
569959;2023-12-23;"sábado";"08:10:00";"MS";163;377,3;"NOVA ALVORADA DO SUL";"Reação tardia ou ineficiente do condutor";"Colisão traseira";"Sem Vítimas";"Pleno dia";"Crescente";"Céu Claro";"Simples";"Reta";"Não";6;0;0;0;6;0;0;2;-21,36701296;-54,41465578;"SPRF-MS";"DEL02-MS";"UOP01-DEL02-MS"
569962;2023-12-23;"sábado";"09:44:00";"MG";40;521,9;"CONTAGEM";"Ingestão de álcool pelo condutor";"Colisão traseira";"Sem Vítimas";"Pleno dia";"Crescente";"Nublado";"Dupla";"Reta";"Não";2;0;0;0;2;0;0;2;-19,85651501;-44,07213222;"SPRF-MG";"DEL01-MG";"UOP02-DEL01-MG"
569963;2023-12-23;"sábado";"09:40:00";"MG";381;484,3;"BETIM";"Velocidade Incompatível";"Engavetamento";"Com Vítimas Feridas";"Pleno dia";"Crescente";"Chuva";"Dupla";"Reta";"Sim";4;0;1;0;3;0;1;3;-19,95531717;-44,11722196;"SPRF-MG";"DEL01-MG";"UOP03-DEL01-MG"
569964;2023-12-23;"sábado";"09:00:00";"BA";110;352;"CATU";"Ausência de reação do condutor";"Saída de leito carroçável";"Com Vítimas Feridas";"Pleno dia";"Decrescente";"Céu Claro";"Simples";"Reta";"Não";2;0;1;0;1;0;1;1;-12,30118694;-38,37162468;"SPRF-BA";"DEL01-BA";"UOP04-DEL01-BA"
569966;2023-12-23;"sábado";"09:33:00";"GO";40;3;"VALPARAISO DE GOIAS";"Ausência de reação do condutor";"Colisão traseira";"Com Vítimas Feridas";"Pleno dia";"Decrescente";"Céu Claro";"Dupla";"Reta";"Sim";2;0;1;0;1;0;1;2;-16,076081;-47,985671;"SPRF-DF";"DEL01-DF";"UOP01-DEL01-DF"
569967;2023-12-23;"sábado";"09:15:00";"RS";470;193,6;"BENTO GONCALVES";"Transitar na contramão";"Colisão frontal";"Com Vítimas Feridas";"Pleno dia";"Decrescente";"Céu Claro";"Simples";"Curva";"Não";3;0;1;0;1;1;1;2;-29,04870411;-51,57001734;"SPRF-RS";"DEL06-RS";"UOP02-DEL06-RS"
569968;2023-12-23;"sábado";"08:45:00";"MG";365;433,8;"PATOS DE MINAS";"Ultrapassagem Indevida";"Colisão frontal";"Com Vítimas Feridas";"Pleno dia";"Decrescente";"Chuva";"Simples";"Reta";"Não";10;0;5;0;5;0;5;2;-18,77706055;-46,68754335;"SPRF-MG";"DEL10-MG";"UOP01-DEL10-MG"
569969;2023-12-23;"sábado";"08:32:00";"MT";364;253;"JUSCIMEIRA";"Reação tardia ou ineficiente do condutor";"Saída de leito carroçável";"Com Vítimas Feridas";"Pleno dia";"Decrescente";"Nublado";"Dupla";"Reta";"Não";1;0;1;0;0;0;1;1;-16,09747205;-54,86610212;"SPRF-MT";"DEL02-MT";"UOP01-DEL02-MT"
569970;2023-12-23;"sábado";"08:00:00";"SP";381;44;"ATIBAIA";"Reação tardia ou ineficiente do condutor";"Colisão traseira";"Com Vítimas Feridas";"Pleno dia";"Decrescente";"Céu Claro";"Dupla";"Reta";"Não";4;0;1;0;3;0;1;2;-23,16031378;-46,57331407;"SPRF-SP";"DEL03-SP";"UOP01-DEL03-SP"
569971;2023-12-23;"sábado";"09:30:00";"GO";153;322;"RIANAPOLIS";"Transitar no Acostamento";"Colisão traseira";"Com Vítimas Feridas";"Pleno dia";"Decrescente";"Céu Claro";"Simples";"Reta";"Sim";4;0;1;0;3;0;1;2;-15,464819;-49,499485;"SPRF-GO";"DEL02-GO";"UOP02-DEL02-GO"
569972;2023-12-23;"sábado";"10:10:00";"MA";135;1;"SAO LUIS";"Ausência de reação do condutor";"Colisão traseira";"Com Vítimas Feridas";"Pleno dia";"Decrescente";"Céu Claro";"Dupla";"Reta";"Sim";2;0;1;0;1;0;1;2;-2,58917895;-44,24423719;"SPRF-MA";"DEL01-MA";"UOP01-DEL01-MA"
569973;2023-12-23;"sábado";"09:50:00";"SP";116;146;"SAO JOSE DOS CAMPOS";"Ausência de reação do condutor";"Colisão lateral mesmo sentido";"Com Vítimas Feridas";"Pleno dia";"Decrescente";"Céu Claro";"Dupla";"Reta";"Não";1;0;1;0;0;0;1;1;-23,19122919;-45,86327591;"SPRF-SP";"DEL02-SP";"UOP01-DEL02-SP"
569974;2023-12-23;"sábado";"10:35:00";"SC";470;159;"TROMBUDO CENTRAL";"Demais falhas na via";"Saída de leito carroçável";"Com Vítimas Feridas";"Pleno dia";"Crescente";"Céu Claro";"Simples";"Curva";"Não";2;0;2;0;0;0;2;1;-27,285877;-49,788143;"SPRF-SC";"DEL04-SC";"UOP02-DEL04-SC"
569975;2023-12-23;"sábado";"10:30:00";"SC";282;19,6;"PALHOCA";"Retorno proibido";"Colisão transversal";"Com Vítimas Feridas";"Pleno dia";"Decrescente";"Céu Claro";"Simples";"Reta";"Sim";3;0;2;0;1;0;2;2;-27,678635;-48,70192;"SPRF-SC";"DEL01-SC";"UOP02-DEL01-SC"
569976;2023-12-23;"sábado";"09:00:00";"MS";262;45;"TRES LAGOAS";"Ausência de reação do condutor";"Colisão lateral mesmo sentido";"Com Vítimas Feridas";"Pleno dia";"Crescente";"Céu Claro";"Simples";"Reta";"Não";4;0;0;1;3;0;1;2;-20,76374413;-52,01456003;"SPRF-MS";"DEL07-MS";"UOP01-DEL07-MS"
569977;2023-12-23;"sábado";"10:35:00";"SC";101;88,3;"BARRA VELHA";"Trafegar com motocicleta (ou similar) entre as faixas";"Colisão lateral mesmo sentido";"Com Vítimas Feridas";"Pleno dia";"Crescente";"Céu Claro";"Dupla";"Viaduto;Reta;Declive";"Não";4;0;1;1;2;0;2;3;-26,64253985;-48,68950684;"SPRF-SC";"DEL03-SC";"UOP02-DEL03-SC"
569978;2023-12-23;"sábado";"06:45:00";"PR";369;44,6;"BANDEIRANTES";"Ausência de reação do condutor";"Capotamento";"Com Vítimas Feridas";"Amanhecer";"Decrescente";"Vento";"Simples";"Curva;Declive";"Não";5;0;4;1;0;0;5;1;-23,0896015;-50,28659105;"SPRF-PR";"DEL07-PR";"UOP05-DEL07-PR"
569979;2023-12-23;"sábado";"10:00:00";"MG";365;414;"PATOS DE MINAS";"Ausência de reação do condutor";"Engavetamento";"Com Vítimas Feridas";"Pleno dia";"Decrescente";"Chuva";"Simples";"Reta;Declive";"Não";9;0;2;0;7;0;2;3;-18,67838606;-46,55249299;"SPRF-MG";"DEL10-MG";"UOP01-DEL10-MG"
569980;2023-12-23;"sábado";"08:10:00";"PR";163;269;"TOLEDO";"Reação tardia ou ineficiente do condutor";"Saída de leito carroçável";"Com Vítimas Feridas";"Pleno dia";"Decrescente";"Céu Claro";"Dupla";"Reta";"Não";1;0;1;0;0;0;1;1;-24,60904784;-53,96441728;"SPRF-PR";"DEL06-PR";"UOP02-DEL06-PR"
569981;2023-12-23;"sábado";"11:20:00";"MG";262;387,5;"FLORESTAL";"Velocidade Incompatível";"Saída de leito carroçável";"Com Vítimas Feridas";"Pleno dia";"Crescente";"Chuva";"Dupla";"Curva";"Não";1;0;1;0;0;0;1;1;-19,91783936;-44,49403882;"SPRF-MG";"DEL01-MG";"UOP03-DEL01-MG"
569982;2023-12-22;"sexta-feira";"21:00:00";"MT";70;64;"GENERAL CARNEIRO";"Curva acentuada";"Saída de leito carroçável";"Com Vítimas Feridas";"Plena Noite";"Crescente";"Céu Claro";"Simples";"Curva";"Não";1;0;1;0;0;0;1;1;-15,70691541;-52,72299004;"SPRF-MT";"DEL07-MT";"UOP01-DEL07-MT"
569983;2023-12-23;"sábado";"09:50:00";"MS";158;152,6;"APARECIDA DO TABOADO";"Acessar a via sem observar a presença dos outros veículos";"Colisão transversal";"Com Vítimas Feridas";"Pleno dia";"Crescente";"Nublado";"Simples";"Aclive;Reta";"Não";5;0;0;1;4;0;1;2;-20,11578496;-51,17867303;"SPRF-MS";"DEL08-MS";"UOP01-DEL08-MS"
569984;2023-12-07;"quinta-feira";"15:00:00";"GO";158;185;"CAIAPONIA";"Ausência de reação do condutor";"Colisão traseira";"Com Vítimas Feridas";"Pleno dia";"Decrescente";"Céu Claro";"Simples";"Reta";"Não";2;0;1;0;1;0;1;2;-17,18509903;-51,89085084;"SPRF-GO";"DEL05-GO";"UOP01-DEL05-GO"
569986;2023-12-23;"sábado";"11:20:00";"SC";101;198;"BIGUACU";"Trafegar com motocicleta (ou similar) entre as faixas";"Colisão traseira";"Com Vítimas Feridas";"Pleno dia";"Crescente";"Céu Claro";"Múltipla";"Reta";"Sim";3;0;3;0;0;0;3;2;-27,52658712;-48,63506019;"SPRF-SC";"DEL01-SC";"UOP01-DEL01-SC"
569987;2023-12-23;"sábado";"10:20:00";"TO";230;143;"ARAGUATINS";"Acessar a via sem observar a presença dos outros veículos";"Colisão transversal";"Com Vítimas Feridas";"Pleno dia";"Crescente";"Céu Claro";"Simples";"Retorno Regulamentado;Rotatória";"Sim";2;0;1;0;0;1;1;2;-5,72195167;-48,14072792;"SPRF-TO";"DEL02-TO";"UOP03-DEL02-TO"
569988;2023-12-23;"sábado";"11:00:00";"MT";158;662,5;"NOVA XAVANTINA";"Acessar a via sem observar a presença dos outros veículos";"Colisão traseira";"Com Vítimas Feridas";"Pleno dia";"Decrescente";"Céu Claro";"Simples";"Reta";"Não";2;0;0;1;1;0;1;2;-14,73954593;-52,33761683;"SPRF-MT";"DEL07-MT";"UOP01-DEL07-MT"
569989;2023-12-04;"segunda-feira";"10:00:00";"PI";135;340;"SANTA LUZ";"Chuva";"Saída de leito carroçável";"Com Vítimas Feridas";"Pleno dia";"Crescente";"Nublado";"Simples";"Curva";"Não";2;0;2;0;0;0;2;1;-9,00230706;-44,3022549;"SPRF-PI";"DEL03-PI";"UOP02-DEL03-PI"
569990;2023-12-23;"sábado";"11:00:00";"PR";476;181,4;"LAPA";"Velocidade Incompatível";"Saída de leito carroçável";"Sem Vítimas";"Pleno dia";"Crescente";"Chuva";"Simples";"Curva";"Não";1;0;0;0;0;1;0;1;-25,709007;-49,600727;"SPRF-PR";"DEL01-PR";"UOP06-DEL01-PR"
569991;2023-12-23;"sábado";"11:00:00";"SC";101;122,7;"ITAJAI";"Condutor deixou de manter distância do veículo da frente";"Colisão traseira";"Com Vítimas Feridas";"Pleno dia";"Crescente";"Céu Claro";"Dupla";"Reta";"Não";5;0;2;0;3;0;2;3;-26,92955916;-48,70499836;"SPRF-SC";"DEL04-SC";"UOP04-DEL04-SC"
569992;2023-12-23;"sábado";"05:40:00";"MG";116;144;"PONTO DOS VOLANTES";"Reação tardia ou ineficiente do condutor";"Saída de leito carroçável";"Com Vítimas Feridas";"Amanhecer";"Decrescente";"Nublado";"Simples";"Reta;Declive";"Não";2;0;1;1;0;0;2;1;-16,8019472;-41,47716326;"SPRF-MG";"DEL11-MG";"UOP02-DEL11-MG"
569993;2023-12-23;"sábado";"07:30:00";"MG";381;343;"BELA VISTA DE MINAS";"Velocidade Incompatível";"Saída de leito carroçável";"Com Vítimas Feridas";"Pleno dia";"Crescente";"Nublado";"Simples";"Curva";"Não";1;0;1;0;0;0;1;1;-19,85663904;-43,10916603;"SPRF-MG";"DEL03-MG";"UOP01-DEL03-MG"
569994;2023-12-23;"sábado";"11:40:00";"RS";392;4;"CAPAO DO LEAO";"Demais falhas mecânicas ou elétricas";"Capotamento";"Com Vítimas Feridas";"Pleno dia";"Decrescente";"Céu Claro";"Simples";"Reta";"Não";4;0;2;2;0;0;4;1;-31,7602;-52,4381;"SPRF-RS";"DEL07-RS";"UOP01-DEL07-RS"
569996;2023-12-23;"sábado";"09:45:00";"MG";365;435;"PATOS DE MINAS";"Pista Escorregadia";"Saída de leito carroçável";"Com Vítimas Feridas";"Pleno dia";"Decrescente";"Chuva";"Simples";"Curva";"Não";4;0;4;0;0;0;4;1;-18,7790282;-46,70568801;"SPRF-MG";"DEL10-MG";"UOP01-DEL10-MG"
569998;2023-12-23;"sábado";"12:00:00";"PR";376;624;"SAO JOSE DOS PINHAIS";"Condutor deixou de manter distância do veículo da frente";"Engavetamento";"Sem Vítimas";"Pleno dia";"Crescente";"Chuva";"Dupla";"Reta";"Sim";7;0;0;0;6;1;0;3;-25,64336599;-49,15942795;"SPRF-PR";"DEL01-PR";"UOP04-DEL01-PR"
569999;2023-12-23;"sábado";"11:20:00";"MG";40;765,9;"JUIZ DE FORA";"Reação tardia ou ineficiente do condutor";"Colisão frontal";"Com Vítimas Feridas";"Pleno dia";"Decrescente";"Sol";"Simples";"Reta";"Não";4;0;3;0;1;0;3;2;-21,56418921;-43,4884611;"SPRF-MG";"DEL05-MG";"UOP01-DEL05-MG"
570000;2023-12-23;"sábado";"12:00:00";"PR";272;366;"CAMPO MOURAO";"Reação tardia ou ineficiente do condutor";"Colisão lateral mesmo sentido";"Sem Vítimas";"Pleno dia";"Crescente";"Chuva";"Dupla";"Rotatória";"Sim";3;0;0;0;3;0;0;2;-24,04709452;-52,39404202;"SPRF-PR";"DEL09-PR";"UOP03-DEL09-PR"
570001;2023-12-23;"sábado";"05:00:00";"RN";226;73,6;"SERRA CAIADA";"Reação tardia ou ineficiente do condutor";"Capotamento";"Com Vítimas Feridas";"Pleno dia";"Crescente";"Ignorado";"Simples";"Curva";"Não";5;0;4;1;0;0;5;1;-6,13998101;-35,73043398;"SPRF-RN";"DEL01-RN";"UOP02-DEL01-RN"
570002;2023-12-23;"sábado";"12:00:00";"MG";116;330;"CAMPANARIO";"Condutor deixou de manter distância do veículo da frente";"Engavetamento";"Com Vítimas Feridas";"Pleno dia";"Decrescente";"Céu Claro";"Simples";"Reta";"Sim";9;0;1;0;8;0;1;3;-18,23813927;-41,72898363;"SPRF-MG";"DEL11-MG";"UOP01-DEL11-MG"
570003;2023-12-23;"sábado";"12:40:00";"SC";101;208;"SAO JOSE";"Acessar a via sem observar a presença dos outros veículos";"Queda de ocupante de veículo";"Com Vítimas Feridas";"Pleno dia";"Decrescente";"Céu Claro";"Dupla";"Reta";"Não";2;0;1;0;1;0;1;2;-27,60327979;-48,63201818;"SPRF-SC";"DEL01-SC";"UOP01-DEL01-SC"
570004;2023-12-23;"sábado";"11:30:00";"BA";324;580;"CANDEIAS";"Condutor Dormindo";"Saída de leito carroçável";"Com Vítimas Feridas";"Pleno dia";"Crescente";"Céu Claro";"Dupla";"Reta";"Sim";3;0;2;1;0;0;3;1;-12,59913862;-38,50896481;"SPRF-BA";"DEL01-BA";"UOP01-DEL01-BA"
570006;2023-12-23;"sábado";"11:30:00";"BA";101;674,8;"ITAGIMIRIM";"Acumulo de areia ou detritos sobre o pavimento";"Tombamento";"Com Vítimas Feridas";"Pleno dia";"Decrescente";"Sol";"Simples";"Curva;Declive";"Não";2;0;2;0;0;0;2;1;-16,03904942;-39,6096611;"SPRF-BA";"DEL09-BA";"UOP01-DEL09-BA"
570007;2023-12-23;"sábado";"12:30:00";"MG";381;501;"BETIM";"Manobra de mudança de faixa";"Colisão traseira";"Com Vítimas Feridas";"Pleno dia";"Decrescente";"Chuva";"Dupla";"Reta;Aclive";"Não";3;0;2;0;1;0;2;2;-20,03146447;-44,2377893;"SPRF-MG";"DEL01-MG";"UOP03-DEL01-MG"
570008;2023-12-23;"sábado";"13:20:00";"PR";277;319,1;"GUARAPUAVA";"Condutor deixou de manter distância do veículo da frente";"Colisão traseira";"Sem Vítimas";"Pleno dia";"Crescente";"Nublado";"Simples";"Reta";"Não";6;0;0;0;6;0;0;2;-25,33982216;-51,21601848;"SPRF-PR";"DEL08-PR";"UOP01-DEL08-PR"
570009;2023-12-23;"sábado";"13:02:00";"MG";262;365;"JUATUBA";"Velocidade Incompatível";"Saída de leito carroçável";"Com Vítimas Feridas";"Pleno dia";"Decrescente";"Chuva";"Dupla";"Curva;Declive";"Sim";1;0;1;0;0;0;1;1;-19,98399662;-44,24263;"SPRF-MG";"DEL01-MG";"UOP03-DEL01-MG"
570010;2023-12-23;"sábado";"13:00:00";"PR";277;131;"BALSA NOVA";"Reação tardia ou ineficiente do condutor";"Colisão com objeto";"Com Vítimas Feridas";"Pleno dia";"Decrescente";"Céu Claro";"Simples";"Curva;Declive";"Não";1;0;0;1;0;0;1;1;-25,46714411;-49,62524414;"SPRF-PR";"DEL03-PR";"UOP03-DEL03-PR"
570011;2023-12-23;"sábado";"13:00:00";"GO";40;6;"VALPARAISO DE GOIAS";"Condutor deixou de manter distância do veículo da frente";"Engavetamento";"Com Vítimas Feridas";"Pleno dia";"Decrescente";"Céu Claro";"Dupla";"Reta";"Sim";4;0;1;0;3;0;1;3;-16,100814;-47,977351;"SPRF-DF";"DEL01-DF";"UOP01-DEL01-DF"
570012;2023-12-23;"sábado";"10:20:00";"PA";230;114;"MARABA";"Ausência de reação do condutor";"Colisão traseira";"Com Vítimas Feridas";"Pleno dia";"Crescente";"Sol";"Simples";"Ponte";"Sim";2;0;1;0;1;0;1;2;-5,36466678;-49,06623294;"SPRF-PA";"DEL03-PA";"UOP01-DEL03-PA"
570013;2023-12-23;"sábado";"12:50:00";"PR";277;94;"CURITIBA";"Avarias e/ou desgaste excessivo no pneu";"Tombamento";"Com Vítimas Feridas";"Pleno dia";"Crescente";"Céu Claro";"Dupla";"Reta";"Sim";2;0;0;2;0;0;2;1;-25,4306359;-49,3169876;"SPRF-PR";"DEL01-PR";"UOP06-DEL01-PR"
570015;2023-12-23;"sábado";"12:50:00";"PR";376;451;"TIBAGI";"Chuva";"Colisão com objeto";"Com Vítimas Feridas";"Pleno dia";"Crescente";"Chuva";"Dupla";"Curva";"Não";2;0;1;0;1;0;1;1;-24,94239016;-50,40224704;"SPRF-PR";"DEL03-PR";"UOP02-DEL03-PR"
570016;2023-12-23;"sábado";"11:45:00";"MG";40;515;"RIBEIRAO DAS NEVES";"Reação tardia ou ineficiente do condutor";"Colisão traseira";"Com Vítimas Feridas";"Pleno dia";"Decrescente";"Céu Claro";"Dupla";"Em Obras;Reta";"Sim";2;0;1;0;1;0;1;2;-19,81628624;-44,08960124;"SPRF-MG";"DEL01-MG";"UOP02-DEL01-MG"