"id";"data_inversa";"dia_semana";"horario";"uf";"br";"km";"municipio";"causa_acidente";"tipo_acidente";"classificacao_acidente";"fase_dia";"sentido_via";"condicao_metereologica";"tipo_pista";"tracado_via";"uso_solo";"pessoas";"mortos";"feridos_leves";"feridos_graves";"ilesos";"ignorados";"feridos";"veiculos";"latitude";"longitude";"regional";"delegacia";"uop"
570317;2023-12-24;"domingo";"10:10:00";"MG";116;296;"TEOFILO OTONI";"Reação tardia ou ineficiente do condutor";"Tombamento";"Com Vítimas Feridas";"Pleno dia";"Decrescente";"Céu Claro";"Simples";"Curva;Declive";"Não";2;0;2;0;0;0;2;1;-18,0024301;-41,58315485;"SPRF-MG";"DEL11-MG";"UOP01-DEL11-MG"
570318;2023-12-24;"domingo";"12:30:00";"GO";20;140,8;"FLORES DE GOIAS";"Velocidade Incompatível";"Saída de leito carroçável";"Com Vítimas Feridas";"Pleno dia";"Crescente";"Céu Claro";"Simples";"Reta";"Não";2;0;1;1;0;0;2;1;-14,772248;-46,68399;"SPRF-DF";"DEL02-DF";"UOP03-DEL02-DF"
570319;2023-12-24;"domingo";"11:40:00";"RS";116;443;"CRISTAL";"Ausência de reação do condutor";"Saída de leito carroçável";"Com Vítimas Feridas";"Pleno dia";"Decrescente";"Céu Claro";"Dupla";"Reta";"Não";1;0;1;0;0;0;1;1;-31,131035;-52,02895801;"SPRF-RS";"DEL02-RS";"UOP02-DEL02-RS"
570320;2023-12-24;"domingo";"12:00:00";"RJ";354;24,5;"RESENDE";"Ausência de sinalização";"Colisão com objeto";"Com Vítimas Feridas";"Pleno dia";"Crescente";"Sol";"Simples";"Reta";"Não";4;0;2;0;2;0;2;2;-22,498817;-44,686916;"SPRF-RJ";"DEL07-RJ";"UOP02-DEL07-RJ"
570322;2023-12-08;"sexta-feira";"14:30:00";"RS";116;106,5;"SAO MARCOS";"Curva acentuada";"Queda de ocupante de veículo";"Com Vítimas Feridas";"Pleno dia";"Decrescente";"Céu Claro";"Simples";"Curva";"Não";1;0;0;1;0;0;1;1;-28,91804795;-51,10840291;"SPRF-RS";"DEL05-RS";"UOP01-DEL05-RS"
570323;2023-12-24;"domingo";"12:35:00";"PB";230;133,9;"CAMPINA GRANDE";"Ausência de reação do condutor";"Saída de leito carroçável";"Com Vítimas Feridas";"Pleno dia";"Crescente";"Céu Claro";"Dupla";"Reta";"Não";2;0;2;0;0;0;2;1;-7,27779153;-35,73271751;"SPRF-PB";"DEL02-PB";"UOP01-DEL02-PB"
570324;2023-12-24;"domingo";"13:20:00";"SC";470;39;"GASPAR";"Ingestão de álcool pelo condutor";"Colisão lateral mesmo sentido";"Sem Vítimas";"Pleno dia";"Crescente";"Céu Claro";"Dupla";"Curva";"Não";2;0;0;0;2;0;0;2;-26,897341;-48,986881;"SPRF-SC";"DEL04-SC";"UOP01-DEL04-SC"
570325;2023-12-24;"domingo";"12:25:00";"MG";381;941;"EXTREMA";"Demais falhas mecânicas ou elétricas";"Colisão com objeto";"Com Vítimas Feridas";"Pleno dia";"Decrescente";"Céu Claro";"Dupla";"Curva";"Sim";1;0;1;0;0;0;1;1;-22,86021873;-46,34260711;"SPRF-MG";"DEL16-MG";"UOP03-DEL16-MG"
570326;2023-12-24;"domingo";"13:30:00";"RS";116;322;"BARRA DO RIBEIRO";"Reação tardia ou ineficiente do condutor";"Saída de leito carroçável";"Com Vítimas Feridas";"Pleno dia";"Crescente";"Céu Claro";"Dupla";"Reta";"Não";1;0;1;0;0;0;1;1;-30,30895001;-51,41726763;"SPRF-RS";"DEL02-RS";"UOP01-DEL02-RS"
570328;2023-12-24;"domingo";"13:00:00";"CE";20;389;"CAUCAIA";"Demais falhas mecânicas ou elétricas";"Saída de leito carroçável";"Com Vítimas Feridas";"Pleno dia";"Crescente";"Céu Claro";"Simples";"Reta";"Não";2;0;1;0;1;0;1;1;-3,86034807;-38,79324995;"SPRF-CE";"DEL01-CE";"UOP01-DEL01-CE"
570330;2023-12-24;"domingo";"08:45:00";"CE";402;298,8;"UMIRIM";"Ultrapassagem Indevida";"Colisão frontal";"Com Vítimas Fatais";"Pleno dia";"Crescente";"Céu Claro";"Simples";"Curva;Declive";"Não";3;1;0;0;2;0;0;2;-3,672135;-39,384855;"SPRF-CE";"DEL01-CE";"UOP03-DEL01-CE"
570331;2023-12-24;"domingo";"13:55:00";"SC";101;142;"ITAPEMA";"Demais falhas mecânicas ou elétricas";"Tombamento";"Com Vítimas Feridas";"Pleno dia";"Crescente";"Céu Claro";"Dupla";"Declive";"Não";1;0;1;0;0;0;1;1;-27,056089;-48,599449;"SPRF-SC";"DEL04-SC";"UOP03-DEL04-SC"
570333;2023-12-24;"domingo";"11:20:00";"RJ";101;505;"ANGRA DOS REIS";"Acessar a via sem observar a presença dos outros veículos";"Colisão transversal";"Com Vítimas Feridas";"Pleno dia";"Decrescente";"Sol";"Simples";"Reta;Interseção de Vias";"Sim";3;0;1;0;2;0;1;2;-22,93561595;-44,39617909;"SPRF-RJ";"DEL03-RJ";"UOP03-DEL03-RJ"
570334;2023-12-24;"domingo";"10:15:00";"MG";116;390;"GOVERNADOR VALADARES";"Velocidade Incompatível";"Colisão transversal";"Com Vítimas Feridas";"Pleno dia";"Decrescente";"Céu Claro";"Simples";"Reta";"Não";3;0;1;0;2;0;1;2;-18,70114901;-41,98544802;"SPRF-MG";"DEL06-MG";"UOP01-DEL06-MG"
570335;2023-12-24;"domingo";"14:00:00";"SC";101;96;"BARRA VELHA";"Demais falhas mecânicas ou elétricas";"Incêndio";"Sem Vítimas";"Pleno dia";"Crescente";"Céu Claro";"Dupla";"Reta";"Não";1;0;0;0;1;0;0;1;-26,718427;-48,70233;"SPRF-SC";"DEL03-SC";"UOP02-DEL03-SC"
570336;2023-12-24;"domingo";"14:40:00";"SC";101;149;"ITAPEMA";"Reação tardia ou ineficiente do condutor";"Colisão traseira";"Com Vítimas Feridas";"Pleno dia";"Crescente";"Céu Claro";"Dupla";"Reta";"Sim";2;0;1;0;1;0;1;2;-27,1089649;-48,61277586;"SPRF-SC";"DEL04-SC";"UOP03-DEL04-SC"
570337;2023-12-24;"domingo";"07:40:00";"MS";267;122,2;"NOVA ANDRADINA";"Velocidade Incompatível";"Saída de leito carroçável";"Com Vítimas Fatais";"Pleno dia";"Crescente";"Céu Claro";"Simples";"Curva";"Não";3;2;0;0;0;1;0;2;-21,75966546;-53,23416018;"SPRF-MS";"DEL02-MS";"UOP03-DEL02-MS"
570338;2023-12-24;"domingo";"14:00:00";"RJ";101;272;"TANGUA";"Acumulo de água sobre o pavimento";"Colisão lateral mesmo sentido";"Com Vítimas Feridas";"Pleno dia";"Decrescente";"Chuva";"Dupla";"Reta";"Não";2;0;1;0;1;0;1;2;-22,72935968;-42,70112512;"SPRF-RJ";"DEL02-RJ";"UOP03-DEL02-RJ"
570339;2023-12-24;"domingo";"13:00:00";"RJ";40;51;"PETROPOLIS";"Reação tardia ou ineficiente do condutor";"Queda de ocupante de veículo";"Com Vítimas Feridas";"Pleno dia";"Crescente";"Sol";"Dupla";"Curva";"Sim";1;0;1;0;0;0;1;1;-22,32705315;-43,13253559;"SPRF-RJ";"DEL05-RJ";"UOP02-DEL05-RJ"
570340;2023-12-08;"sexta-feira";"10:44:00";"SC";101;205,2;"SAO JOSE";"Manobra de mudança de faixa";"Colisão traseira";"Com Vítimas Feridas";"Pleno dia";"Crescente";"Céu Claro";"Múltipla";"Reta";"Não";2;0;1;0;0;1;1;2;-27,58313237;-48,61532885;"SPRF-SC";"DEL01-SC";"UOP01-DEL01-SC"
570341;2023-12-24;"domingo";"15:13:00";"MG";381;363;"SAO GONCALO DO RIO ABAIXO";"Pista Escorregadia";"Tombamento";"Com Vítimas Feridas";"Pleno dia";"Decrescente";"Nublado";"Simples";"Curva";"Não";1;0;0;1;0;0;1;1;-19,85130197;-43,24808594;"SPRF-MG";"DEL03-MG";"UOP01-DEL03-MG"
570342;2023-12-24;"domingo";"15:10:00";"RN";304;296;"MACAIBA";"Ausência de reação do condutor";"Colisão traseira";"Com Vítimas Feridas";"Pleno dia";"Crescente";"Céu Claro";"Simples";"Reta;Em Obras";"Sim";3;0;1;0;1;1;1;2;-5,865253;-35,352372;"SPRF-RN";"DEL01-RN";"UOP02-DEL01-RN"
570343;2023-12-24;"domingo";"13:30:00";"MA";135;133;"MATOES DO NORTE";"Reação tardia ou ineficiente do condutor";"Saída de leito carroçável";"Com Vítimas Fatais";"Pleno dia";"Crescente";"Céu Claro";"Simples";"Reta";"Não";1;1;0;0;0;0;0;1;-3,61694385;-44,55928568;"SPRF-MA";"DEL01-MA";"UOP02-DEL01-MA"
570344;2023-12-24;"domingo";"10:05:00";"SC";101;129;"BALNEARIO CAMBORIU";"Demais falhas mecânicas ou elétricas";"Tombamento";"Com Vítimas Feridas";"Pleno dia";"Decrescente";"Céu Claro";"Dupla";"Reta";"Sim";2;0;1;0;1;0;1;1;-26,98064277;-48,6790679;"SPRF-SC";"DEL04-SC";"UOP03-DEL04-SC"
570345;2023-12-24;"domingo";"15:20:00";"SE";235;4;"NOSSA SENHORA DO SOCORRO";"Demais falhas mecânicas ou elétricas";"Tombamento";"Com Vítimas Feridas";"Pleno dia";"Crescente";"Céu Claro";"Dupla";"Reta";"Sim";2;0;1;1;0;0;2;1;-10,9064;-37,1197;"SPRF-SE";"DEL01-SE";"UOP01-DEL01-SE"
570346;2023-12-24;"domingo";"15:00:00";"RJ";116;109;"GUAPIMIRIM";"Demais falhas mecânicas ou elétricas";"Queda de ocupante de veículo";"Com Vítimas Feridas";"Pleno dia";"Crescente";"Chuva";"Dupla";"Reta";"Não";2;0;1;0;1;0;1;1;-22,54280711;-42,98518617;"SPRF-RJ";"DEL04-RJ";"UOP01-DEL04-RJ"
570347;2023-12-24;"domingo";"15:20:00";"SP";116;413;"JUQUIA";"Avarias e/ou desgaste excessivo no pneu";"Queda de ocupante de veículo";"Com Vítimas Feridas";"Pleno dia";"Crescente";"Sol";"Dupla";"Curva";"Não";2;0;2;0;0;0;2;1;-24,33005991;-47,62299901;"SPRF-SP";"DEL05-SP";"UOP01-DEL05-SP"
570348;2023-12-24;"domingo";"15:00:00";"MS";163;569,6;"BANDEIRANTES";"Condutor Dormindo";"Colisão frontal";"Com Vítimas Fatais";"Pleno dia";"Crescente";"Céu Claro";"Simples";"Curva";"Não";7;1;0;5;0;1;5;3;-19,74061712;-54,35393554;"SPRF-MS";"DEL01-MS";"UOP02-DEL01-MS"
570349;2023-12-24;"domingo";"15:00:00";"GO";60;135;"GOIANIA";"Velocidade Incompatível";"Capotamento";"Com Vítimas Feridas";"Pleno dia";"Crescente";"Céu Claro";"Dupla";"Reta;Declive";"Não";1;0;1;0;0;0;1;1;-16,589;-49,1945;"SPRF-GO";"DEL01-GO";"UOP01-DEL01-GO"
570350;2023-12-24;"domingo";"14:30:00";"MG";267;9,5;"LEOPOLDINA";"Demais falhas na via";"Saída de leito carroçável";"Com Vítimas Feridas";"Pleno dia";"Decrescente";"Sol";"Simples";"Reta";"Não";1;0;1;0;0;0;1;1;-21,57023666;-42,69169186;"SPRF-MG";"DEL07-MG";"UOP01-DEL07-MG"
570351;2023-12-24;"domingo";"15:00:00";"SC";101;80;"BARRA VELHA";"Ausência de reação do condutor";"Queda de ocupante de veículo";"Com Vítimas Feridas";"Pleno dia";"Decrescente";"Sol";"Dupla";"Reta";"Não";2;0;2;0;0;0;2;1;-26,59441996;-48,72183309;"SPRF-SC";"DEL03-SC";"UOP02-DEL03-SC"
570352;2023-12-24;"domingo";"16:30:00";"DF";40;5,6;"BRASILIA";"Manobra de mudança de faixa";"Colisão traseira";"Com Vítimas Feridas";"Pleno dia";"Crescente";"Céu Claro";"Dupla";"Reta";"Não";2;0;1;0;1;0;1;2;-16,02591252;-47,97951579;"SPRF-DF";"DEL01-DF";"UOP01-DEL01-DF"
570353;2023-11-07;"terça-feira";"07:30:00";"MG";381;490;"BETIM";"Manobra de mudança de faixa";"Tombamento";"Com Vítimas Feridas";"Pleno dia";"Decrescente";"Céu Claro";"Múltipla";"Reta;Declive";"Sim";1;0;0;1;0;0;1;1;-19,957552;-44,149756;"SPRF-MG";"DEL01-MG";"UOP03-DEL01-MG"
570354;2023-12-24;"domingo";"15:01:00";"MT";163;788,1;"VERA";"Velocidade Incompatível";"Saída de leito carroçável";"Com Vítimas Feridas";"Pleno dia";"Crescente";"Sol";"Simples";"Reta";"Não";3;0;3;0;0;0;3;1;-12,271;-55,557;"SPRF-MT";"DEL06-MT";"UOP01-DEL06-MT"
570355;2023-12-24;"domingo";"15:30:00";"RJ";40;113;"DUQUE DE CAXIAS";"Ausência de reação do condutor";"Colisão traseira";"Com Vítimas Feridas";"Pleno dia";"Decrescente";"Chuva";"Dupla";"Reta";"Sim";4;0;3;0;1;0;3;2;-22,71853604;-43,28993324;"SPRF-RJ";"DEL01-RJ";"UOP02-DEL01-RJ"
570357;2023-12-24;"domingo";"16:15:00";"MG";116;137,8;"PONTO DOS VOLANTES";"Transitar na contramão";"Colisão frontal";"Com Vítimas Fatais";"Pleno dia";"Decrescente";"Céu Claro";"Simples";"Curva";"Sim";3;1;1;0;1;0;1;2;-16,74953496;-41,50421089;"SPRF-MG";"DEL11-MG";"UOP02-DEL11-MG"
570358;2023-12-24;"domingo";"16:20:00";"MG";262;467;"BOM DESPACHO";"Velocidade Incompatível";"Colisão frontal";"Com Vítimas Feridas";"Pleno dia";"Crescente";"Céu Claro";"Simples";"Curva";"Não";3;0;1;0;2;0;1;2;-19,80324093;-45,13352097;"SPRF-MG";"DEL08-MG";"UOP03-DEL08-MG"
570359;2023-12-24;"domingo";"16:40:00";"ES";262;151,2;"IBATIBA";"Velocidade Incompatível";"Tombamento";"Com Vítimas Feridas";"Pleno dia";"Crescente";"Nublado";"Simples";"Curva";"Não";2;0;2;0;0;0;2;1;-20,218124;-41,447724;"SPRF-ES";"DEL01-ES";"UOP02-DEL01-ES"
570361;2023-12-24;"domingo";"16:30:00";"PR";116;152;"MANDIRITUBA";"Manobra de mudança de faixa";"Colisão transversal";"Sem Vítimas";"Pleno dia";"Crescente";"Céu Claro";"Simples";"Reta;Declive";"Não";5;0;0;0;5;0;0;2;-25,83236296;-49,33609707;"SPRF-PR";"DEL01-PR";"UOP03-DEL01-PR"
570362;2023-12-24;"domingo";"15:20:00";"GO";364;155;"JATAI";"Demais falhas mecânicas ou elétricas";"Tombamento";"Com Vítimas Feridas";"Pleno dia";"Crescente";"Céu Claro";"Simples";"Reta;Declive";"Não";1;0;1;0;0;0;1;1;-18,131468;-51,460766;"SPRF-GO";"DEL05-GO";"UOP02-DEL05-GO"
570363;2023-12-24;"domingo";"16:15:00";"RJ";356;184;"SAO JOAO DA BARRA";"Condutor deixou de manter distância do veículo da frente";"Colisão lateral mesmo sentido";"Com Vítimas Feridas";"Pleno dia";"Crescente";"Céu Claro";"Simples";"Reta";"Sim";4;0;2;0;2;0;2;2;-21,64210794;-41,04911121;"SPRF-RJ";"DEL08-RJ";"UOP02-DEL08-RJ"
570365;2023-12-24;"domingo";"14:40:00";"GO";452;22;"RIO VERDE";"Velocidade Incompatível";"Colisão com objeto";"Com Vítimas Fatais";"Pleno dia";"Decrescente";"Sol";"Dupla";"Curva;Retorno Regulamentado;Aclive";"Não";1;1;0;0;0;0;0;1;-17,8733355;-50,72668791;"SPRF-GO";"DEL04-GO";"UOP01-DEL04-GO"
570366;2023-12-24;"domingo";"17:30:00";"MG";381;778;"CAMPANHA";"Acessar a via sem observar a presença dos outros veículos";"Colisão lateral mesmo sentido";"Com Vítimas Feridas";"Pleno dia";"Crescente";"Nublado";"Dupla";"Reta";"Não";4;0;2;0;2;0;2;2;-21,83280868;-45,50064606;"SPRF-MG";"DEL16-MG";"UOP02-DEL16-MG"
570367;2023-12-24;"domingo";"17:01:00";"PE";101;70;"RECIFE";"Ultrapassagem Indevida";"Colisão com objeto";"Sem Vítimas";"Pleno dia";"Crescente";"Sol";"Simples";"Curva";"Sim";1;0;0;0;1;0;0;1;-8,06776119;-34,94265074;"SPRF-PE";"DEL01-PE";"UOP01-DEL01-PE"
570368;2023-12-24;"domingo";"17:27:00";"SP";116;461;"PARIQUERA-ACU";"Ausência de reação do condutor";"Colisão com objeto";"Com Vítimas Feridas";"Pleno dia";"Decrescente";"Céu Claro";"Dupla";"Reta";"Não";1;0;0;1;0;0;1;1;-24,61672184;-47,88933615;"SPRF-SP";"DEL05-SP";"UOP01-DEL05-SP"
570369;2023-12-24;"domingo";"17:55:00";"RS";153;42,9;"ERECHIM";"Velocidade Incompatível";"Tombamento";"Com Vítimas Feridas";"Anoitecer";"Crescente";"Nublado";"Simples";"Curva";"Sim";1;0;1;0;0;0;1;1;-27,60602218;-52,23788583;"SPRF-RS";"DEL08-RS";"UOP04-DEL08-RS"
570370;2023-10-22;"domingo";"15:00:00";"AL";423;101;"DELMIRO GOUVEIA";"Demais falhas na via";"Tombamento";"Com Vítimas Feridas";"Pleno dia";"Crescente";"Céu Claro";"Simples";"Reta";"Não";2;0;2;0;0;0;2;1;-9,394478;-38,16552;"SPRF-BA";"DEL07-BA";"UOP01-DEL07-BA"
570371;2023-12-24;"domingo";"15:30:00";"PE";423;175;"AGUAS BELAS";"Transitar na contramão";"Colisão frontal";"Com Vítimas Feridas";"Pleno dia";"Decrescente";"Céu Claro";"Simples";"Reta";"Não";5;0;3;2;0;0;5;2;-9,12954837;-37,09645099;"SPRF-AL";"DEL03-AL";"UOP02-DEL03-AL"
570372;2023-12-24;"domingo";"18:15:00";"GO";60;393;"RIO VERDE";"Reação tardia ou ineficiente do condutor";"Saída de leito carroçável";"Com Vítimas Feridas";"Pleno dia";"Crescente";"Sol";"Dupla";"Curva;Interseção de Vias";"Não";3;0;1;0;2;0;1;1;-17,82178273;-51,00319147;"SPRF-GO";"DEL04-GO";"UOP02-DEL04-GO"
570374;2023-12-24;"domingo";"18:45:00";"PA";316;66,7;"CASTANHAL";"Acessar a via sem observar a presença dos outros veículos";"Colisão transversal";"Com Vítimas Feridas";"Plena Noite";"Crescente";"Céu Claro";"Dupla";"Reta";"Sim";2;0;1;0;1;0;1;2;-1,29504262;-47,89469361;"SPRF-PA";"DEL01-PA";"UOP01-DEL01-PA"
570375;2023-12-24;"domingo";"18:45:00";"PR";376;230;"APUCARANA";"Ingestão de álcool pelo condutor";"Colisão traseira";"Com Vítimas Feridas";"Plena Noite";"Crescente";"Céu Claro";"Dupla";"Reta;Aclive";"Não";7;0;2;0;5;0;2;2;-23,56467552;-51,53032064;"SPRF-PR";"DEL07-PR";"UOP03-DEL07-PR"
570376;2023-12-24;"domingo";"18:20:00";"RJ";101;198;"CASIMIRO DE ABREU";"Avarias e/ou desgaste excessivo no pneu";"Capotamento";"Com Vítimas Feridas";"Pleno dia";"Crescente";"Nublado";"Dupla";"Curva";"Não";1;0;1;0;0;0;1;1;-22,49157993;-42,12771201;"SPRF-RJ";"DEL08-RJ";"UOP04-DEL08-RJ"
570377;2023-12-24;"domingo";"18:15:00";"RS";158;531,2;"SANTANA DO LIVRAMENTO";"Velocidade Incompatível";"Tombamento";"Com Vítimas Feridas";"Pleno dia";"Crescente";"Céu Claro";"Simples";"Interseção de Vias";"Não";14;0;10;2;2;0;12;1;-30,78665306;-55,18601214;"SPRF-RS";"DEL11-RS";"UOP01-DEL11-RS"
570378;2023-12-24;"domingo";"10:39:00";"PI";343;436,5;"LAGOINHA DO PIAUI";"Transitar na contramão";"Colisão transversal";"Com Vítimas Feridas";"Pleno dia";"Crescente";"Sol";"Simples";"Reta";"Não";2;0;0;1;1;0;1;2;-5,820244;-42,622307;"SPRF-PI";"DEL01-PI";"UOP02-DEL01-PI"
570379;2023-12-24;"domingo";"18:30:00";"GO";40;111,5;"CRISTALINA";"Acumulo de água sobre o pavimento";"Saída de leito carroçável";"Com Vítimas Feridas";"Anoitecer";"Crescente";"Chuva";"Dupla";"Curva";"Não";2;0;1;0;1;0;1;1;-16,849002;-47,502195;"SPRF-DF";"DEL01-DF";"UOP02-DEL01-DF"
570380;2023-12-24;"domingo";"16:30:00";"SC";101;293,5;"IMBITUBA";"Ingestão de álcool pelo condutor";"Saída de leito carroçável";"Sem Vítimas";"Pleno dia";"Decrescente";"Céu Claro";"Dupla";"Reta";"Não";4;0;0;0;4;0;0;1;-28,308059;-48,721747;"SPRF-SC";"DEL02-SC";"UOP03-DEL02-SC"
570382;2023-12-24;"domingo";"18:10:00";"PR";277;602;"CASCAVEL";"Velocidade Incompatível";"Saída de leito carroçável";"Sem Vítimas";"Pleno dia";"Crescente";"Céu Claro";"Dupla";"Reta;Declive";"Não";1;0;0;0;0;1;0;1;-25,00282;-53,523851;"SPRF-PR";"DEL04-PR";"UOP01-DEL04-PR"
570383;2023-12-24;"domingo";"20:00:00";"RS";285;118,3;"VACARIA";"Entrada inopinada do pedestre";"Atropelamento de Pedestre";"Com Vítimas Feridas";"Plena Noite";"Decrescente";"Céu Claro";"Simples";"Reta";"Sim";3;0;0;1;2;0;1;2;-28,505314;-50,914693;"SPRF-RS";"DEL05-RS";"UOP03-DEL05-RS"
570384;2023-12-24;"domingo";"20:50:00";"CE";116;8,8;"FORTALEZA";"Avarias e/ou desgaste excessivo no pneu";"Colisão com objeto";"Com Vítimas Feridas";"Plena Noite";"Decrescente";"Céu Claro";"Dupla";"Reta";"Sim";3;0;1;1;1;0;2;2;-3,82520391;-38,5040009;"SPRF-CE";"DEL01-CE";"UOP02-DEL01-CE"
570385;2023-12-24;"domingo";"19:33:00";"PE";407;86,9;"PETROLINA";"Ingestão de álcool pelo condutor";"Colisão transversal";"Com Vítimas Feridas";"Plena Noite";"Crescente";"Céu Claro";"Simples";"Reta";"Não";4;0;1;1;2;0;2;2;-9,07500114;-40,66410928;"SPRF-PE";"DEL06-PE";"UOP02-DEL06-PE"
570386;2023-12-24;"domingo";"20:40:00";"RS";116;253;"SAPUCAIA DO SUL";"Conversão proibida";"Colisão transversal";"Com Vítimas Feridas";"Plena Noite";"Decrescente";"Céu Claro";"Múltipla";"Reta";"Sim";2;0;1;0;1;0;1;2;-29,81784209;-51,16996166;"SPRF-RS";"DEL01-RS";"UOP02-DEL01-RS"
570388;2023-12-24;"domingo";"19:50:00";"AL";423;10,6;"OURO BRANCO";"Deficiência do Sistema de Iluminação/Sinalização";"Colisão traseira";"Com Vítimas Feridas";"Plena Noite";"Decrescente";"Céu Claro";"Simples";"Reta";"Não";4;0;2;2;0;0;4;2;-9,14851107;-37,37691098;"SPRF-AL";"DEL03-AL";"UOP02-DEL03-AL"
570389;2023-12-24;"domingo";"20:26:00";"PR";116;126;"FAZENDA RIO GRANDE";"Reação tardia ou ineficiente do condutor";"Saída de leito carroçável";"Sem Vítimas";"Plena Noite";"Decrescente";"Céu Claro";"Dupla";"Reta";"Sim";1;0;0;0;1;0;0;1;-25,60389895;-49,31824423;"SPRF-PR";"DEL01-PR";"UOP03-DEL01-PR"
570390;2023-12-24;"domingo";"21:35:00";"PE";316;54;"TRINDADE";"Animais na Pista";"Atropelamento de Animal";"Com Vítimas Feridas";"Plena Noite";"Decrescente";"Céu Claro";"Simples";"Reta";"Não";1;0;0;1;0;0;1;1;-7,73669808;-40,29450303;"SPRF-PE";"DEL05-PE";"UOP02-DEL05-PE"
570391;2023-12-24;"domingo";"22:10:00";"SP";116;284;"EMBU DAS ARTES";"Reação tardia ou ineficiente do condutor";"Tombamento";"Com Vítimas Feridas";"Plena Noite";"Decrescente";"Céu Claro";"Dupla";"Reta";"Sim";2;0;1;0;1;0;1;2;-23,69998;-46,867767;"SPRF-SP";"DEL04-SP";"UOP01-DEL04-SP"
570392;2023-12-24;"domingo";"21:13:00";"MA";226;305;"BARRA DO CORDA";"Transitar na contramão";"Colisão frontal";"Com Vítimas Fatais";"Plena Noite";"Decrescente";"Nublado";"Simples";"Reta";"Sim";3;2;0;0;1;0;0;2;-5,47585787;-45,27913477;"SPRF-MA";"DEL06-MA";"UOP01-DEL06-MA"
570393;2023-12-24;"domingo";"22:20:00";"CE";20;325;"CARIDADE";"Animais na Pista";"Atropelamento de Animal";"Com Vítimas Feridas";"Plena Noite";"Crescente";"Céu Claro";"Simples";"Reta";"Sim";1;0;0;1;0;0;1;1;-4,24158307;-39,2043639;"SPRF-CE";"DEL02-CE";"UOP01-DEL02-CE"
570396;2023-12-24;"domingo";"20:45:00";"BA";116;513,8;"ITATIM";"Velocidade Incompatível";"Saída de leito carroçável";"Com Vítimas Feridas";"Plena Noite";"Crescente";"Céu Claro";"Simples";"Reta";"Não";1;0;1;0;0;0;1;1;-12,6754093;-39,6604263;"SPRF-BA";"DEL03-BA";"UOP02-DEL03-BA"
570397;2023-12-24;"domingo";"21:20:00";"MT";163;49,9;"ITIQUIRA";"Avarias e/ou desgaste excessivo no pneu";"Queda de ocupante de veículo";"Com Vítimas Feridas";"Plena Noite";"Decrescente";"Céu Claro";"Dupla";"Reta";"Não";2;0;2;0;0;0;2;1;-17,08359098;-54,75962239;"SPRF-MT";"DEL02-MT";"UOP03-DEL02-MT"
570398;2023-12-24;"domingo";"20:40:00";"GO";153;349;"JARAGUA";"Condutor deixou de manter distância do veículo da frente";"Colisão lateral mesmo sentido";"Com Vítimas Feridas";"Plena Noite";"Decrescente";"Nublado";"Simples";"Reta;Aclive";"Não";1;0;1;0;0;0;1;1;-15,659618;-49,357323;"SPRF-GO";"DEL02-GO";"UOP02-DEL02-GO"
570399;2023-12-24;"domingo";"21:45:00";"SC";101;3;"GARUVA";"Velocidade Incompatível";"Capotamento";"Com Vítimas Feridas";"Plena Noite";"Decrescente";"Chuva";"Dupla";"Curva";"Não";3;0;2;0;1;0;2;2;-26,00555352;-48,86877537;"SPRF-SC";"DEL03-SC";"UOP01-DEL03-SC"
570401;2023-12-24;"domingo";"20:20:00";"MT";163;1037;"MATUPA";"Ausência de reação do condutor";"Colisão traseira";"Sem Vítimas";"Plena Noite";"Crescente";"Nublado";"Simples";"Reta";"Não";3;0;0;0;2;1;0;2;-10,19008083;-54,94932543;"SPRF-MT";"DEL06-MT";"UOP03-DEL06-MT"
570402;2023-12-24;"domingo";"23:30:00";"RJ";116;180;"NOVA IGUACU";"Suicídio (presumido)";"Atropelamento de Pedestre";"Com Vítimas Feridas";"Plena Noite";"Crescente";"Céu Claro";"Dupla";"Reta";"Sim";2;0;0;1;1;0;1;2;-22,76576457;-43,41420293;"SPRF-RJ";"DEL06-RJ";"UOP01-DEL06-RJ"
570404;2023-12-24;"domingo";"23:10:00";"DF";40;5,1;"BRASILIA";"Acessar a via sem observar a presença dos outros veículos";"Atropelamento de Pedestre";"Com Vítimas Feridas";"Plena Noite";"Crescente";"Céu Claro";"Múltipla";"Reta";"Sim";3;0;0;1;1;1;1;3;-16,020903;-47,980541;"SPRF-DF";"DEL01-DF";"UOP01-DEL01-DF"
570405;2023-12-24;"domingo";"23:30:00";"PR";376;594;"CURITIBA";"Velocidade Incompatível";"Saída de leito carroçável";"Sem Vítimas";"Plena Noite";"Crescente";"Nublado";"Dupla";"Reta";"Sim";1;0;0;0;0;1;0;1;-25,48479613;-49,34730331;"SPRF-PR";"DEL01-PR";"UOP06-DEL01-PR"
570406;2023-12-24;"domingo";"23:45:00";"RJ";101;99;"CAMPOS DOS GOYTACAZES";"Velocidade Incompatível";"Colisão com objeto";"Com Vítimas Feridas";"Plena Noite";"Decrescente";"Nublado";"Simples";"Curva";"Não";1;0;0;1;0;0;1;1;-21,879719;-41,587086;"SPRF-RJ";"DEL08-RJ";"UOP02-DEL08-RJ"
570407;2023-12-24;"domingo";"21:20:00";"PI";402;34,5;"PARNAIBA";"Transitar na contramão";"Colisão lateral sentido oposto";"Com Vítimas Fatais";"Plena Noite";"Crescente";"Céu Claro";"Simples";"Reta";"Sim";3;1;1;0;1;0;1;2;-2,93239061;-41,74947054;"SPRF-PI";"DEL05-PI";"UOP01-DEL05-PI"