"id";"data_inversa";"dia_semana";"horario";"uf";"br";"km";"municipio";"causa_acidente";"tipo_acidente";"classificacao_acidente";"fase_dia";"sentido_via";"condicao_metereologica";"tipo_pista";"tracado_via";"uso_solo";"pessoas";"mortos";"feridos_leves";"feridos_graves";"ilesos";"ignorados";"feridos";"veiculos";"latitude";"longitude";"regional";"delegacia";"uop"
570587;2023-12-25;"segunda-feira";"21:00:00";"RJ";40;84;"DUQUE DE CAXIAS";"Condutor Dormindo";"Saída de leito carroçável";"Com Vítimas Feridas";"Plena Noite";"Decrescente";"Céu Claro";"Simples";"Reta";"Não";4;0;4;0;0;0;4;1;-22,52145512;-43,23707996;"SPRF-RJ";"DEL01-RJ";"UOP01-DEL01-RJ"
570588;2023-12-25;"segunda-feira";"20:15:00";"PR";116;126;"FAZENDA RIO GRANDE";"Ingestão de álcool pelo condutor";"Colisão traseira";"Sem Vítimas";"Plena Noite";"Crescente";"Céu Claro";"Dupla";"Reta";"Não";6;0;0;0;6;0;0;2;-25,63384273;-49,313436;"SPRF-PR";"DEL01-PR";"UOP03-DEL01-PR"
570589;2023-12-25;"segunda-feira";"19:45:00";"SC";101;313,7;"LAGUNA";"Ausência de reação do condutor";"Tombamento";"Sem Vítimas";"Plena Noite";"Decrescente";"Nublado";"Simples";"Reta";"Não";1;0;0;0;1;0;0;1;-28,43246821;-48,83903503;"SPRF-SC";"DEL02-SC";"UOP01-DEL02-SC"
570590;2023-12-25;"segunda-feira";"20:50:00";"DF";251;34,3;"BRASILIA";"Entrada inopinada do pedestre";"Atropelamento de Pedestre";"Com Vítimas Feridas";"Plena Noite";"Crescente";"Céu Claro";"Simples";"Reta";"Sim";2;0;0;1;1;0;1;2;-15,938301;-47,759799;"SPRF-DF";"DEL01-DF";"UOP01-DEL01-DF"
570591;2023-12-25;"segunda-feira";"19:30:00";"SC";101;4,6;"ARARANGUA";"Ausência de reação do condutor";"Colisão traseira";"Sem Vítimas";"Plena Noite";"Decrescente";"Nublado";"Simples";"Reta";"Sim";3;0;0;0;3;0;0;2;-28,956176;-49,51213;"SPRF-SC";"DEL02-SC";"UOP02-DEL02-SC"
570592;2023-12-25;"segunda-feira";"19:30:00";"CE";403;6,2;"ACARAU";"Transitar na contramão";"Colisão frontal";"Com Vítimas Fatais";"Plena Noite";"Decrescente";"Céu Claro";"Simples";"Reta";"Não";2;1;0;0;0;1;0;2;-2,947533;-40,122369;"SPRF-CE";"DEL01-CE";"UOP03-DEL01-CE"
570593;2023-12-25;"segunda-feira";"16:35:00";"PR";373;175,8;"PONTA GROSSA";"Velocidade Incompatível";"Colisão com objeto";"Com Vítimas Feridas";"Pleno dia";"Crescente";"Céu Claro";"Dupla";"Curva";"Não";1;0;1;0;0;0;1;1;-25,06728094;-50,21211882;"SPRF-PR";"DEL03-PR";"UOP01-DEL03-PR"
570594;2023-12-25;"segunda-feira";"21:40:00";"SC";101;378;"ICARA";"Reação tardia ou ineficiente do condutor";"Saída de leito carroçável";"Com Vítimas Feridas";"Plena Noite";"Crescente";"Ignorado";"Simples";"Rotatória";"Não";2;0;1;0;1;0;1;1;-28,741853;-49,251657;"SPRF-SC";"DEL02-SC";"UOP02-DEL02-SC"
570595;2023-12-25;"segunda-feira";"22:25:00";"PB";230;118,6;"RIACHAO DO BACAMARTE";"Ausência de reação do condutor";"Saída de leito carroçável";"Com Vítimas Feridas";"Plena Noite";"Crescente";"Céu Claro";"Dupla";"Reta";"Não";2;0;2;0;0;0;2;1;-7,2409;-35,6225;"SPRF-PB";"DEL02-PB";"UOP01-DEL02-PB"
570596;2023-12-25;"segunda-feira";"21:00:00";"SC";282;645;"SAO MIGUEL DO OESTE";"Acessar a via sem observar a presença dos outros veículos";"Colisão transversal";"Com Vítimas Feridas";"Plena Noite";"Decrescente";"Céu Claro";"Simples";"Reta";"Não";2;0;0;1;1;0;1;2;-26,765184;-53,487823;"SPRF-SC";"DEL07-SC";"UOP03-DEL07-SC"
570597;2023-12-25;"segunda-feira";"21:05:00";"PR";277;150,2;"PORTO AMAZONAS";"Entrada inopinada do pedestre";"Atropelamento de Pedestre";"Com Vítimas Fatais";"Plena Noite";"Decrescente";"Céu Claro";"Simples";"Reta";"Não";2;1;0;0;1;0;0;2;-25,473068;-49,827552;"SPRF-PR";"DEL03-PR";"UOP03-DEL03-PR"
570600;2023-12-25;"segunda-feira";"22:15:00";"RS";392;326;"SAO SEPE";"Ausência de reação do condutor";"Saída de leito carroçável";"Com Vítimas Feridas";"Plena Noite";"Crescente";"Céu Claro";"Simples";"Reta";"Não";1;0;0;1;0;0;1;1;-29,9421429;-53,70687962;"SPRF-RS";"DEL09-RS";"UOP01-DEL09-RS"
570601;2023-12-25;"segunda-feira";"22:20:00";"RN";226;121,8;"LAJES PINTADAS";"Animais na Pista";"Colisão traseira";"Com Vítimas Fatais";"Plena Noite";"Decrescente";"Céu Claro";"Simples";"Curva;Aclive";"Não";6;1;0;3;2;0;3;2;-6,19330923;-36,08467509;"SPRF-RN";"DEL03-RN";"UOP02-DEL03-RN"
570604;2023-12-25;"segunda-feira";"22:35:00";"SE";101;132,4;"ESTANCIA";"Reação tardia ou ineficiente do condutor";"Saída de leito carroçável";"Com Vítimas Feridas";"Plena Noite";"Crescente";"Céu Claro";"Dupla";"Retorno Regulamentado;Declive";"Não";1;0;0;1;0;0;1;1;-11,11494293;-37,37630816;"SPRF-SE";"DEL02-SE";"UOP01-DEL02-SE"
570605;2023-12-25;"segunda-feira";"21:00:00";"AL";316;198;"MARIBONDO";"Demais falhas mecânicas ou elétricas";"Incêndio";"Sem Vítimas";"Plena Noite";"Decrescente";"Céu Claro";"Simples";"Reta";"Não";1;0;0;0;0;1;0;1;-9,57581486;-36,34238194;"SPRF-AL";"DEL03-AL";"UOP01-DEL03-AL"
570606;2023-12-25;"segunda-feira";"23:35:00";"MG";40;787;"JUIZ DE FORA";"Demais falhas mecânicas ou elétricas";"Saída de leito carroçável";"Com Vítimas Feridas";"Plena Noite";"Crescente";"Céu Claro";"Dupla";"Curva";"Não";3;0;2;0;1;0;2;1;-21,73607735;-43,44262787;"SPRF-MG";"DEL05-MG";"UOP01-DEL05-MG"
570607;2023-12-26;"terça-feira";"00:15:00";"SP";116;230;"SAO PAULO";"Entrada inopinada do pedestre";"Atropelamento de Pedestre";"Com Vítimas Fatais";"Plena Noite";"Crescente";"Céu Claro";"Múltipla";"Reta";"Sim";2;1;0;0;1;0;0;2;-23,52251783;-46,5855702;"SPRF-SP";"DEL01-SP";"UOP01-DEL01-SP"
570608;2023-12-25;"segunda-feira";"22:55:00";"MG";381;521,5;"BRUMADINHO";"Reação tardia ou ineficiente do condutor";"Colisão com objeto";"Com Vítimas Feridas";"Plena Noite";"Decrescente";"Chuva";"Dupla";"Curva";"Não";2;0;1;0;1;0;1;1;-20,13846621;-44,31715274;"SPRF-MG";"DEL04-MG";"UOP03-DEL04-MG"
570609;2023-12-25;"segunda-feira";"21:58:00";"MA";135;66;"SANTA RITA";"Ausência de reação do condutor";"Atropelamento de Pedestre";"Com Vítimas Feridas";"Plena Noite";"Crescente";"Céu Claro";"Dupla";"Reta;Declive";"Não";2;0;0;1;1;0;1;2;-3,10577998;-44,32276839;"SPRF-MA";"DEL01-MA";"UOP02-DEL01-MA"
570610;2023-12-25;"segunda-feira";"23:40:00";"PR";467;102,8;"CASCAVEL";"Ingestão de álcool pelo condutor";"Colisão com objeto";"Com Vítimas Feridas";"Plena Noite";"Crescente";"Céu Claro";"Dupla";"Reta";"Não";2;0;1;0;1;0;1;1;-24,9036;-53,5184;"SPRF-PR";"DEL04-PR";"UOP01-DEL04-PR"
570611;2023-12-25;"segunda-feira";"23:30:00";"RS";290;583;"ALEGRETE";"Ingestão de álcool pelo condutor";"Saída de leito carroçável";"Com Vítimas Feridas";"Plena Noite";"Decrescente";"Céu Claro";"Simples";"Interseção de Vias;Rotatória";"Sim";1;0;1;0;0;0;1;1;-29,81260931;-55,80626607;"SPRF-RS";"DEL13-RS";"UOP02-DEL13-RS"
570613;2023-12-26;"terça-feira";"01:40:00";"RS";153;44,5;"ERECHIM";"Condutor usando celular";"Colisão com objeto";"Sem Vítimas";"Plena Noite";"Crescente";"Céu Claro";"Simples";"Rotatória";"Sim";1;0;0;0;1;0;0;1;-27,62312752;-52,23687793;"SPRF-RS";"DEL08-RS";"UOP04-DEL08-RS"
570614;2023-12-26;"terça-feira";"02:34:00";"GO";40;0;"VALPARAISO DE GOIAS";"Reação tardia ou ineficiente do condutor";"Capotamento";"Com Vítimas Feridas";"Plena Noite";"Crescente";"Nevoeiro/Neblina";"Múltipla";"Reta";"Sim";4;0;3;0;1;0;3;1;-16,058273;-47,982655;"SPRF-DF";"DEL01-DF";"UOP01-DEL01-DF"
570615;2023-12-26;"terça-feira";"01:45:00";"MA";222;210;"ITAPECURU MIRIM";"Acessar a via sem observar a presença dos outros veículos";"Colisão transversal";"Com Vítimas Fatais";"Plena Noite";"Decrescente";"Céu Claro";"Simples";"Reta";"Sim";3;1;0;1;0;1;1;2;-3,37955383;-44,37616688;"SPRF-MA";"DEL01-MA";"UOP02-DEL01-MA"
570616;2023-12-26;"terça-feira";"01:13:00";"SC";470;68,1;"INDAIAL";"Velocidade Incompatível";"Colisão com objeto";"Com Vítimas Feridas";"Plena Noite";"Crescente";"Nublado";"Dupla";"Interseção de Vias;Ponte;Reta;Em Obras;Declive";"Sim";1;0;0;1;0;0;1;1;-26,87818178;-49,24050808;"SPRF-SC";"DEL04-SC";"UOP01-DEL04-SC"
570617;2023-12-26;"terça-feira";"02:46:00";"PE";232;4,9;"RECIFE";"Reação tardia ou ineficiente do condutor";"Saída de leito carroçável";"Sem Vítimas";"Plena Noite";"Crescente";"Céu Claro";"Dupla";"Curva";"Não";1;0;0;0;0;1;0;1;-8,064473;-34,936928;"SPRF-PE";"DEL01-PE";"UOP01-DEL01-PE"
570618;2023-12-26;"terça-feira";"03:00:00";"SP";116;227;"GUARULHOS";"Pedestre andava na pista";"Atropelamento de Pedestre";"Com Vítimas Feridas";"Plena Noite";"Decrescente";"Ignorado";"Múltipla";"Reta";"Sim";2;0;2;0;0;0;2;2;-23,49659264;-46,55648754;"SPRF-SP";"DEL01-SP";"UOP01-DEL01-SP"
570619;2023-12-26;"terça-feira";"03:10:00";"RJ";101;418;"MANGARATIBA";"Ausência de reação do condutor";"Saída de leito carroçável";"Com Vítimas Fatais";"Plena Noite";"Decrescente";"Céu Claro";"Simples";"Curva";"Não";3;1;2;0;0;0;2;1;-22,9178274;-43,90471593;"SPRF-RJ";"DEL03-RJ";"UOP02-DEL03-RJ"
570621;2023-12-26;"terça-feira";"04:25:00";"SC";101;219;"PALHOCA";"Ausência de reação do condutor";"Capotamento";"Com Vítimas Feridas";"Plena Noite";"Decrescente";"Céu Claro";"Múltipla";"Reta";"Não";1;0;1;0;0;0;1;1;-27,68392194;-48,66710085;"SPRF-SC";"DEL01-SC";"UOP02-DEL01-SC"
570622;2023-12-26;"terça-feira";"02:40:00";"PB";230;176,6;"POCINHOS";"Ausência de reação do condutor";"Colisão traseira";"Com Vítimas Fatais";"Plena Noite";"Decrescente";"Chuva";"Simples";"Reta";"Não";4;1;1;0;2;0;1;2;-7,1733;-36,0333;"SPRF-PB";"DEL02-PB";"UOP02-DEL02-PB"
570624;2023-12-26;"terça-feira";"04:45:00";"DF";20;36;"BRASILIA";"Ingestão de álcool pelo condutor";"Saída de leito carroçável";"Com Vítimas Feridas";"Plena Noite";"Crescente";"Chuva";"Dupla";"Reta";"Não";2;0;1;0;1;0;1;1;-15,581923;-47,549881;"SPRF-DF";"DEL02-DF";"UOP01-DEL02-DF"
570625;2023-12-26;"terça-feira";"05:40:00";"GO";20;15,9;"FORMOSA";"Transitar na contramão";"Colisão lateral mesmo sentido";"Com Vítimas Feridas";"Pleno dia";"Crescente";"Garoa/Chuvisco";"Simples";"Reta";"Não";3;0;1;0;2;0;1;2;-15,56293359;-47,21678247;"SPRF-DF";"DEL02-DF";"UOP02-DEL02-DF"
570626;2023-12-26;"terça-feira";"04:40:00";"PE";408;94;"SAO LOURENCO DA MATA";"Ausência de reação do condutor";"Colisão com objeto";"Com Vítimas Fatais";"Amanhecer";"Decrescente";"Chuva";"Dupla";"Retorno Regulamentado";"Sim";1;1;0;0;0;0;0;1;-8,005804;-35,044042;"SPRF-PE";"DEL01-PE";"UOP01-DEL01-PE"
570627;2023-12-26;"terça-feira";"06:20:00";"MG";50;60,8;"UBERLANDIA";"Avarias e/ou desgaste excessivo no pneu";"Tombamento";"Com Vítimas Feridas";"Pleno dia";"Decrescente";"Céu Claro";"Dupla";"Reta;Declive";"Não";2;0;2;0;0;0;2;1;-18,80909682;-48,24439716;"SPRF-MG";"DEL15-MG";"UOP02-DEL15-MG"
570628;2023-12-25;"segunda-feira";"21:30:00";"PB";361;7;"PATOS";"Demais falhas mecânicas ou elétricas";"Saída de leito carroçável";"Com Vítimas Feridas";"Plena Noite";"Decrescente";"Céu Claro";"Simples";"Reta";"Sim";1;0;1;0;0;0;1;1;-7,03750454;-37,3199449;"SPRF-PB";"DEL03-PB";"UOP01-DEL03-PB"
570630;2023-12-26;"terça-feira";"07:15:00";"PE";408;94,2;"SAO LOURENCO DA MATA";"Curva acentuada";"Queda de ocupante de veículo";"Com Vítimas Feridas";"Pleno dia";"Decrescente";"Chuva";"Simples";"Curva";"Não";1;0;0;1;0;0;1;1;-8,00448211;-35,04643006;"SPRF-PE";"DEL01-PE";"UOP01-DEL01-PE"
570631;2023-12-26;"terça-feira";"07:20:00";"PE";408;100,6;"SAO LOURENCO DA MATA";"Demais falhas na via";"Saída de leito carroçável";"Com Vítimas Feridas";"Pleno dia";"Crescente";"Nublado";"Dupla";"Viaduto";"Não";1;0;1;0;0;0;1;1;-8,04364056;-35,01674995;"SPRF-PE";"DEL01-PE";"UOP01-DEL01-PE"
570632;2023-12-26;"terça-feira";"06:10:00";"DF";20;28;"BRASILIA";"Chuva";"Capotamento";"Com Vítimas Feridas";"Pleno dia";"Decrescente";"Chuva";"Dupla";"Reta";"Não";2;0;1;0;1;0;1;1;-15,598319;-47,621925;"SPRF-DF";"DEL02-DF";"UOP01-DEL02-DF"
570633;2023-12-25;"segunda-feira";"04:00:00";"MT";70;671,8;"CACERES";"Ausência de reação do condutor";"Saída de leito carroçável";"Com Vítimas Feridas";"Amanhecer";"Crescente";"Ignorado";"Simples";"Reta";"Não";1;0;0;1;0;0;1;1;-16,055449;-57,26798899;"SPRF-MT";"DEL03-MT";"UOP02-DEL03-MT"
570636;2023-12-26;"terça-feira";"07:18:00";"SC";280;166;"MAFRA";"Ausência de reação do condutor";"Engavetamento";"Com Vítimas Feridas";"Amanhecer";"Crescente";"Céu Claro";"Simples";"Reta";"Não";9;0;1;0;8;0;1;5;-26,17713619;-49,81611416;"SPRF-SC";"DEL06-SC";"UOP01-DEL06-SC"
570639;2023-12-26;"terça-feira";"06:20:00";"PB";230;133;"MASSARANDUBA";"Chuva";"Saída de leito carroçável";"Com Vítimas Feridas";"Amanhecer";"Crescente";"Céu Claro";"Dupla";"Curva";"Não";1;0;1;0;0;0;1;1;-7,2767;-35,7464;"SPRF-PB";"DEL02-PB";"UOP01-DEL02-PB"
570640;2023-12-26;"terça-feira";"05:20:00";"RJ";116;148;"DUQUE DE CAXIAS";"Manobra de mudança de faixa";"Queda de ocupante de veículo";"Com Vítimas Feridas";"Amanhecer";"Crescente";"Céu Claro";"Múltipla";"Reta";"Não";1;0;1;0;0;0;1;1;-22,6723488;-43,28215398;"SPRF-RJ";"DEL01-RJ";"UOP02-DEL01-RJ"
570641;2023-12-26;"terça-feira";"07:40:00";"MG";50;178;"UBERABA";"Reação tardia ou ineficiente do condutor";"Saída de leito carroçável";"Com Vítimas Feridas";"Pleno dia";"Crescente";"Céu Claro";"Dupla";"Reta";"Não";1;0;1;0;0;0;1;1;-19,77896821;-47,94093599;"SPRF-MG";"DEL13-MG";"UOP01-DEL13-MG"
570642;2023-12-26;"terça-feira";"06:00:00";"PB";230;136;"MASSARANDUBA";"Ausência de reação do condutor";"Capotamento";"Com Vítimas Feridas";"Amanhecer";"Decrescente";"Chuva";"Dupla";"Reta";"Não";1;0;1;0;0;0;1;1;-7,2818;-35,7675;"SPRF-PB";"DEL02-PB";"UOP01-DEL02-PB"
570643;2023-12-26;"terça-feira";"07:00:00";"PE";408;73,5;"PAUDALHO";"Chuva";"Saída de leito carroçável";"Com Vítimas Fatais";"Pleno dia";"Decrescente";"Chuva";"Dupla";"Curva;Aclive";"Não";1;1;0;0;0;0;0;1;-7,89069683;-35,17793383;"SPRF-PE";"DEL01-PE";"UOP01-DEL01-PE"
570644;2023-12-26;"terça-feira";"07:30:00";"PR";116;102,9;"SAO JOSE DOS PINHAIS";"Condutor deixou de manter distância do veículo da frente";"Colisão traseira";"Com Vítimas Feridas";"Amanhecer";"Crescente";"Céu Claro";"Dupla";"Reta;Interseção de Vias";"Sim";3;0;2;0;1;0;2;2;-25,569568;-49,185108;"SPRF-PR";"DEL01-PR";"UOP07-DEL01-PR"
570645;2023-12-26;"terça-feira";"07:30:00";"RJ";495;26;"PETROPOLIS";"Acessar a via sem observar a presença dos outros veículos";"Colisão transversal";"Com Vítimas Feridas";"Pleno dia";"Crescente";"Céu Claro";"Simples";"Interseção de Vias";"Sim";3;0;1;0;2;0;1;2;-22,39540102;-43,11494887;"SPRF-RJ";"DEL05-RJ";"UOP02-DEL05-RJ"
570646;2023-12-26;"terça-feira";"07:45:00";"RS";116;257,6;"ESTEIO";"Acessar a via sem observar a presença dos outros veículos";"Colisão transversal";"Com Vítimas Feridas";"Pleno dia";"Decrescente";"Céu Claro";"Dupla";"Reta;Interseção de Vias";"Sim";3;0;0;1;2;0;1;2;-29,85810105;-51,18111849;"SPRF-RS";"DEL01-RS";"UOP02-DEL01-RS"
570647;2023-12-26;"terça-feira";"08:30:00";"SC";101;335;"TUBARAO";"Desrespeitar a preferência no cruzamento";"Colisão transversal";"Com Vítimas Feridas";"Pleno dia";"Decrescente";"Sol";"Simples";"Interseção de Vias;Rotatória";"Não";2;0;1;0;1;0;1;2;-28,47669832;-49,0297401;"SPRF-SC";"DEL02-SC";"UOP01-DEL02-SC"
570648;2023-12-26;"terça-feira";"07:25:00";"RJ";116;171;"RIO DE JANEIRO";"Reação tardia ou ineficiente do condutor";"Engavetamento";"Sem Vítimas";"Pleno dia";"Decrescente";"Céu Claro";"Múltipla";"Reta";"Não";5;0;0;0;5;0;0;5;-22,8060415;-43,34289573;"SPRF-RJ";"DEL06-RJ";"UOP01-DEL06-RJ"
570649;2023-12-26;"terça-feira";"08:35:00";"MG";381;483;"BETIM";"Trafegar com motocicleta (ou similar) entre as faixas";"Tombamento";"Com Vítimas Feridas";"Pleno dia";"Decrescente";"Nublado";"Múltipla";"Aclive;Reta";"Sim";1;0;1;0;0;0;1;1;-19,95594491;-44,10721699;"SPRF-MG";"DEL01-MG";"UOP03-DEL01-MG"
570651;2023-12-26;"terça-feira";"08:29:00";"PE";101;58;"RECIFE";"Transitar no Acostamento";"Atropelamento de Pedestre";"Com Vítimas Feridas";"Pleno dia";"Crescente";"Nublado";"Dupla";"Declive";"Sim";3;0;2;1;0;0;3;2;-7,97063209;-34,92064675;"SPRF-PE";"DEL01-PE";"UOP02-DEL01-PE"
570652;2023-12-26;"terça-feira";"09:30:00";"BA";116;815;"VITORIA DA CONQUISTA";"Acessar a via sem observar a presença dos outros veículos";"Colisão transversal";"Com Vítimas Feridas";"Pleno dia";"Decrescente";"Céu Claro";"Simples";"Reta";"Sim";2;0;0;1;1;0;1;2;-14,77315332;-40,72201784;"SPRF-BA";"DEL08-BA";"UOP01-DEL08-BA"
570653;2023-12-26;"terça-feira";"09:40:00";"RS";285;293;"PASSO FUNDO";"Desrespeitar a preferência no cruzamento";"Colisão transversal";"Com Vítimas Feridas";"Pleno dia";"Crescente";"Sol";"Simples";"Interseção de Vias";"Sim";3;0;3;0;0;0;3;2;-28,236645;-52,375156;"SPRF-RS";"DEL08-RS";"UOP03-DEL08-RS"
570654;2023-12-26;"terça-feira";"07:40:00";"MT";163;112,3;"RONDONOPOLIS";"Acumulo de água sobre o pavimento";"Saída de leito carroçável";"Com Vítimas Feridas";"Pleno dia";"Crescente";"Chuva";"Dupla";"Reta;Declive";"Não";1;0;1;0;0;0;1;1;-16,56184522;-54,67930759;"SPRF-MT";"DEL02-MT";"UOP01-DEL02-MT"
570656;2023-12-26;"terça-feira";"09:35:00";"PR";376;674,9;"GUARATUBA";"Manobra de mudança de faixa";"Colisão lateral mesmo sentido";"Com Vítimas Feridas";"Pleno dia";"Decrescente";"Céu Claro";"Dupla";"Reta";"Não";3;0;1;0;1;1;1;3;-25,90851198;-48,92070682;"SPRF-PR";"DEL01-PR";"UOP04-DEL01-PR"
570657;2023-12-24;"domingo";"10:10:00";"RS";290;239,8;"RIO PARDO";"Afundamento ou ondulação no pavimento";"Eventos atípicos";"Sem Vítimas";"Pleno dia";"Decrescente";"Céu Claro";"Simples";"Reta";"Não";2;0;0;0;2;0;0;1;-30,22166461;-52,62934506;"SPRF-RS";"DEL02-RS";"UOP03-DEL02-RS"
570658;2023-12-25;"segunda-feira";"06:00:00";"MT";70;5;"BARRA DO GARCAS";"Ausência de reação do condutor";"Colisão com objeto";"Sem Vítimas";"Pleno dia";"Crescente";"Céu Claro";"Dupla";"Declive";"Não";1;0;0;0;1;0;0;1;-15,87814789;-52,296134;"SPRF-MT";"DEL07-MT";"UOP01-DEL07-MT"
570660;2023-12-26;"terça-feira";"07:40:00";"PR";277;232;"FERNANDES PINHEIRO";"Ausência de reação do condutor";"Colisão transversal";"Com Vítimas Feridas";"Pleno dia";"Crescente";"Céu Claro";"Simples";"Reta";"Sim";4;0;4;0;0;0;4;2;-25,4687637;-50,47923205;"SPRF-PR";"DEL08-PR";"UOP02-DEL08-PR"
570661;2023-12-26;"terça-feira";"10:00:00";"RJ";101;118;"CAMPOS DOS GOYTACAZES";"Ausência de reação do condutor";"Colisão com objeto";"Com Vítimas Feridas";"Pleno dia";"Crescente";"Nublado";"Dupla";"Reta;Interseção de Vias";"Não";1;0;1;0;0;0;1;1;-22,01462656;-41,67706468;"SPRF-RJ";"DEL08-RJ";"UOP02-DEL08-RJ"
570662;2023-12-26;"terça-feira";"10:10:00";"SE";101;110,6;"SAO CRISTOVAO";"Avarias e/ou desgaste excessivo no pneu";"Colisão traseira";"Com Vítimas Feridas";"Pleno dia";"Crescente";"Céu Claro";"Dupla";"Reta";"Não";3;0;1;0;2;0;1;3;-10,96959411;-37,27937094;"SPRF-SE";"DEL02-SE";"UOP01-DEL02-SE"
570663;2023-12-25;"segunda-feira";"13:00:00";"MG";116;606,6;"SAO JOAO DO MANHUACU";"Condutor deixou de manter distância do veículo da frente";"Colisão traseira";"Com Vítimas Feridas";"Pleno dia";"Decrescente";"Nublado";"Simples";"Reta";"Sim";2;0;1;0;1;0;1;2;-20,41028175;-42,1528244;"SPRF-MG";"DEL06-MG";"UOP03-DEL06-MG"
570665;2023-12-26;"terça-feira";"09:50:00";"SC";470;46,6;"BLUMENAU";"Acessar a via sem observar a presença dos outros veículos";"Colisão transversal";"Com Vítimas Feridas";"Pleno dia";"Crescente";"Sol";"Simples";"Reta;Em Obras";"Sim";6;0;3;0;3;0;3;4;-26,86294619;-49,04348373;"SPRF-SC";"DEL04-SC";"UOP01-DEL04-SC"
570666;2023-12-23;"sábado";"18:00:00";"SC";158;141;"PALMITOS";"Demais falhas mecânicas ou elétricas";"Incêndio";"Sem Vítimas";"Plena Noite";"Crescente";"Céu Claro";"Simples";"Curva";"Não";2;0;0;0;2;0;0;1;-27,09152973;-53,21983337;"SPRF-SC";"DEL07-SC";"UOP02-DEL07-SC"
570667;2023-12-23;"sábado";"02:40:00";"SP";381;84,5;"SAO PAULO";"Pedestre andava na pista";"Atropelamento de Pedestre";"Com Vítimas Fatais";"Plena Noite";"Crescente";"Nublado";"Dupla";"Reta";"Sim";2;1;0;0;0;1;0;2;-23,43937;-46,56807;"SPRF-SP";"DEL03-SP";"UOP01-DEL03-SP"
570668;2023-12-22;"sexta-feira";"16:00:00";"RJ";101;316;"SAO GONCALO";"Ultrapassagem Indevida";"Queda de ocupante de veículo";"Com Vítimas Feridas";"Pleno dia";"Crescente";"Céu Claro";"Dupla";"Reta";"Sim";2;0;1;0;1;0;1;2;-22,82835879;-43,09208739;"SPRF-RJ";"DEL02-RJ";"UOP02-DEL02-RJ"
570669;2023-12-26;"terça-feira";"09:30:00";"PR";476;96,5;"BOCAIUVA DO SUL";"Ultrapassagem Indevida";"Colisão frontal";"Com Vítimas Feridas";"Pleno dia";"Crescente";"Céu Claro";"Simples";"Aclive;Reta";"Não";2;0;0;1;1;0;1;2;-25,226922;-49,116758;"SPRF-PR";"DEL01-PR";"UOP01-DEL01-PR"
570670;2023-12-26;"terça-feira";"11:00:00";"RS";386;402,9;"TRIUNFO";"Reação tardia ou ineficiente do condutor";"Saída de leito carroçável";"Com Vítimas Feridas";"Pleno dia";"Crescente";"Céu Claro";"Simples";"Reta;Declive";"Não";1;0;1;0;0;0;1;1;-29,76850692;-51,57899737;"SPRF-RS";"DEL04-RS";"UOP02-DEL04-RS"
570671;2023-12-26;"terça-feira";"11:20:00";"SC";101;127;"BALNEARIO CAMBORIU";"Demais falhas mecânicas ou elétricas";"Tombamento";"Com Vítimas Feridas";"Pleno dia";"Crescente";"Céu Claro";"Dupla";"Reta";"Não";1;0;1;0;0;0;1;1;-26,9639319;-48,68328024;"SPRF-SC";"DEL04-SC";"UOP04-DEL04-SC"
570672;2023-12-26;"terça-feira";"10:55:00";"RS";285;153,5;"MUITOS CAPOES";"Reação tardia ou ineficiente do condutor";"Saída de leito carroçável";"Com Vítimas Feridas";"Pleno dia";"Crescente";"Céu Claro";"Simples";"Reta";"Não";3;0;3;0;0;0;3;1;-28,331192;-51,160904;"SPRF-RS";"DEL05-RS";"UOP03-DEL05-RS"
570673;2023-12-26;"terça-feira";"11:05:00";"SC";280;132;"RIO NEGRINHO";"Condutor deixou de manter distância do veículo da frente";"Colisão traseira";"Com Vítimas Feridas";"Pleno dia";"Decrescente";"Céu Claro";"Simples";"Reta";"Não";2;0;1;0;1;0;1;2;-26,26132257;-49,5481391;"SPRF-SC";"DEL06-SC";"UOP03-DEL06-SC"
570675;2023-12-26;"terça-feira";"10:40:00";"PR";153;111;"IBAITI";"Acessar a via sem observar a presença dos outros veículos";"Colisão lateral mesmo sentido";"Com Vítimas Feridas";"Pleno dia";"Crescente";"Céu Claro";"Simples";"Reta";"Sim";7;0;5;0;2;0;5;2;-23,86125206;-50,19948581;"SPRF-PR";"DEL07-PR";"UOP04-DEL07-PR"
570676;2023-12-26;"terça-feira";"11:00:00";"PE";428;6;"CABROBO";"Condutor Dormindo";"Colisão com objeto";"Sem Vítimas";"Pleno dia";"Crescente";"Céu Claro";"Simples";"Reta;Ponte";"Não";3;0;0;0;3;0;0;1;-8,51821232;-39,28710938;"SPRF-PE";"DEL05-PE";"UOP03-DEL05-PE"
570677;2023-12-26;"terça-feira";"10:50:00";"PR";369;72,6;"SANTA MARIANA";"Acessar a via sem observar a presença dos outros veículos";"Colisão lateral mesmo sentido";"Com Vítimas Feridas";"Pleno dia";"Decrescente";"Céu Claro";"Simples";"Reta";"Não";2;0;1;0;1;0;1;2;-23,15525926;-50,51220351;"SPRF-PR";"DEL07-PR";"UOP05-DEL07-PR"
570678;2023-12-26;"terça-feira";"11:00:00";"RJ";101;262;"RIO BONITO";"Demais falhas mecânicas ou elétricas";"Incêndio";"Sem Vítimas";"Pleno dia";"Decrescente";"Nublado";"Dupla";"Curva";"Não";2;0;0;0;2;0;0;1;-22,71367506;-42,62052996;"SPRF-RJ";"DEL02-RJ";"UOP03-DEL02-RJ"