"id";"data_inversa";"dia_semana";"horario";"uf";"br";"km";"municipio";"causa_acidente";"tipo_acidente";"classificacao_acidente";"fase_dia";"sentido_via";"condicao_metereologica";"tipo_pista";"tracado_via";"uso_solo";"pessoas";"mortos";"feridos_leves";"feridos_graves";"ilesos";"ignorados";"feridos";"veiculos";"latitude";"longitude";"regional";"delegacia";"uop"
570682;2023-11-02;"quinta-feira";"01:15:00";"RN";101;79;"NATAL";"Acumulo de areia ou detritos sobre o pavimento";"Tombamento";"Com Vítimas Feridas";"Plena Noite";"Decrescente";"Céu Claro";"Dupla";"Desvio Temporário;Em Obras";"Sim";1;0;1;0;0;0;1;1;-5,74962896;-35,28918369;"SPRF-RN";"DEL02-RN";"UOP01-DEL02-RN"
570683;2023-12-25;"segunda-feira";"15:00:00";"MT";163;1033;"PEIXOTO DE AZEVEDO";"Ausência de reação do condutor";"Saída de leito carroçável";"Sem Vítimas";"Pleno dia";"Decrescente";"Céu Claro";"Simples";"Reta";"Não";1;0;0;0;0;1;0;1;-10,33413892;-55,03922841;"SPRF-MT";"DEL06-MT";"UOP03-DEL06-MT"
570684;2023-12-26;"terça-feira";"09:45:00";"MT";163;827;"SINOP";"Mal súbito do condutor";"Saída de leito carroçável";"Com Vítimas Feridas";"Pleno dia";"Crescente";"Céu Claro";"Dupla";"Retorno Regulamentado;Reta";"Sim";1;0;1;0;0;0;1;1;-11,91412029;-55,5089023;"SPRF-MT";"DEL06-MT";"UOP02-DEL06-MT"
570685;2023-12-26;"terça-feira";"12:00:00";"PE";232;5,7;"RECIFE";"Pedestre cruzava a pista fora da faixa";"Atropelamento de Pedestre";"Com Vítimas Feridas";"Pleno dia";"Crescente";"Céu Claro";"Dupla";"Reta";"Sim";2;0;1;1;0;0;2;2;-8,06795766;-34,94535414;"SPRF-PE";"DEL01-PE";"UOP01-DEL01-PE"
570686;2023-12-26;"terça-feira";"11:30:00";"SP";381;30;"BRAGANCA PAULISTA";"Reação tardia ou ineficiente do condutor";"Colisão traseira";"Sem Vítimas";"Pleno dia";"Decrescente";"Céu Claro";"Dupla";"Reta";"Sim";3;0;0;0;3;0;0;2;-23,04885102;-46,56482797;"SPRF-SP";"DEL03-SP";"UOP02-DEL03-SP"
570687;2023-12-26;"terça-feira";"12:30:00";"BA";116;425;"FEIRA DE SANTANA";"Retorno proibido";"Colisão transversal";"Com Vítimas Feridas";"Pleno dia";"Crescente";"Céu Claro";"Simples";"Reta;Declive";"Sim";3;0;2;0;1;0;2;2;-12,23736613;-38,97999588;"SPRF-BA";"DEL02-BA";"UOP01-DEL02-BA"
570688;2023-12-26;"terça-feira";"12:45:00";"MG";381;492;"BETIM";"Entrada inopinada do pedestre";"Atropelamento de Pedestre";"Com Vítimas Feridas";"Pleno dia";"Decrescente";"Chuva";"Múltipla";"Reta";"Sim";2;0;1;0;1;0;1;2;-19,97490091;-44,19004301;"SPRF-MG";"DEL01-MG";"UOP03-DEL01-MG"
570689;2023-12-26;"terça-feira";"12:43:00";"SE";235;4,6;"NOSSA SENHORA DO SOCORRO";"Condutor Dormindo";"Colisão com objeto";"Sem Vítimas";"Pleno dia";"Decrescente";"Sol";"Dupla";"Aclive";"Não";1;0;0;0;1;0;0;1;-10,90636496;-37,11971283;"SPRF-SE";"DEL01-SE";"UOP01-DEL01-SE"
570690;2023-05-07;"domingo";"18:30:00";"BA";101;571;"ARATACA";"Entrada inopinada do pedestre";"Atropelamento de Pedestre";"Com Vítimas Fatais";"Plena Noite";"Crescente";"Céu Claro";"Simples";"Curva";"Não";3;1;2;0;0;0;2;2;-15,27209671;-39,46761131;"SPRF-BA";"DEL05-BA";"UOP02-DEL05-BA"
570691;2023-12-26;"terça-feira";"11:50:00";"SC";101;200,2;"SAO JOSE";"Acessar a via sem observar a presença dos outros veículos";"Colisão lateral mesmo sentido";"Com Vítimas Feridas";"Pleno dia";"Decrescente";"Céu Claro";"Dupla";"Reta";"Sim";3;0;2;0;0;1;2;2;-27,54018513;-48,62287714;"SPRF-SC";"DEL01-SC";"UOP01-DEL01-SC"
570692;2023-12-26;"terça-feira";"12:45:00";"SC";470;80;"RODEIO";"Manobra de mudança de faixa";"Colisão lateral mesmo sentido";"Com Vítimas Feridas";"Pleno dia";"Decrescente";"Céu Claro";"Simples";"Reta";"Não";2;0;1;0;1;0;1;2;-26,948805;-49,316097;"SPRF-SC";"DEL04-SC";"UOP01-DEL04-SC"
570693;2023-12-26;"terça-feira";"13:20:00";"MG";116;718,1;"MURIAE";"Ausência de reação do condutor";"Colisão com objeto";"Com Vítimas Feridas";"Pleno dia";"Crescente";"Nublado";"Simples";"Reta";"Não";2;0;1;0;1;0;1;1;-21,22052105;-42,39401174;"SPRF-MG";"DEL07-MG";"UOP02-DEL07-MG"
570694;2023-12-26;"terça-feira";"10:02:00";"MG";381;630;"OLIVEIRA";"Velocidade Incompatível";"Saída de leito carroçável";"Com Vítimas Feridas";"Pleno dia";"Decrescente";"Nublado";"Dupla";"Reta";"Não";1;0;0;1;0;0;1;1;-20,84702065;-44,83281432;"SPRF-MG";"DEL04-MG";"UOP01-DEL04-MG"
570695;2023-12-26;"terça-feira";"12:00:00";"RS";290;24,2;"SANTO ANTONIO DA PATRULHA";"Reação tardia ou ineficiente do condutor";"Colisão traseira";"Com Vítimas Feridas";"Pleno dia";"Decrescente";"Céu Claro";"Simples";"Reta";"Não";5;0;1;0;4;0;1;2;-29,882015;-50,493973;"SPRF-RS";"DEL03-RS";"UOP01-DEL03-RS"
570697;2023-12-26;"terça-feira";"13:40:00";"PR";376;490;"PONTA GROSSA";"Manobra de mudança de faixa";"Colisão lateral mesmo sentido";"Com Vítimas Feridas";"Pleno dia";"Crescente";"Ignorado";"Dupla";"Reta";"Sim";2;0;1;0;1;0;1;2;-25,14692309;-50,15072006;"SPRF-PR";"DEL03-PR";"UOP04-DEL03-PR"
570698;2023-12-26;"terça-feira";"11:50:00";"RJ";40;109;"DUQUE DE CAXIAS";"Objeto estático sobre o leito carroçável";"Eventos atípicos";"Com Vítimas Feridas";"Pleno dia";"Crescente";"Céu Claro";"Dupla";"Curva";"Sim";1;0;1;0;0;0;1;1;-22,67374628;-43,28638368;"SPRF-RJ";"DEL01-RJ";"UOP02-DEL01-RJ"
570705;2023-12-26;"terça-feira";"13:20:00";"PB";230;52,9;"CRUZ DO ESPIRITO SANTO";"Manobra de mudança de faixa";"Colisão lateral mesmo sentido";"Com Vítimas Feridas";"Pleno dia";"Decrescente";"Sol";"Dupla";"Retorno Regulamentado";"Não";2;0;1;0;1;0;1;2;-7,20081401;-35,0813055;"SPRF-PB";"DEL01-PB";"UOP03-DEL01-PB"
570706;2023-12-26;"terça-feira";"13:30:00";"RJ";101;504,2;"ANGRA DOS REIS";"Acessar a via sem observar a presença dos outros veículos";"Colisão transversal";"Com Vítimas Feridas";"Pleno dia";"Crescente";"Chuva";"Simples";"Reta";"Sim";2;0;1;1;0;0;2;2;-22,93155828;-44,38812093;"SPRF-RJ";"DEL03-RJ";"UOP03-DEL03-RJ"
570707;2023-12-26;"terça-feira";"14:15:00";"PR";116;131;"FAZENDA RIO GRANDE";"Reação tardia ou ineficiente do condutor";"Colisão traseira";"Com Vítimas Feridas";"Pleno dia";"Crescente";"Céu Claro";"Dupla";"Reta";"Sim";2;0;1;0;1;0;1;2;-25,682063;-49,316136;"SPRF-PR";"DEL01-PR";"UOP03-DEL01-PR"
570708;2023-12-26;"terça-feira";"13:30:00";"PR";369;156;"LONDRINA";"Ausência de reação do condutor";"Colisão traseira";"Com Vítimas Feridas";"Pleno dia";"Crescente";"Céu Claro";"Dupla";"Aclive;Reta";"Sim";2;0;1;0;1;0;1;2;-23,29140357;-51,21736586;"SPRF-PR";"DEL07-PR";"UOP01-DEL07-PR"
570709;2023-12-26;"terça-feira";"11:00:00";"RJ";40;105;"DUQUE DE CAXIAS";"Ausência de reação do condutor";"Colisão traseira";"Com Vítimas Feridas";"Pleno dia";"Crescente";"Céu Claro";"Múltipla";"Reta";"Sim";3;0;1;0;2;0;1;2;-22,63784806;-43,28428824;"SPRF-RJ";"DEL01-RJ";"UOP02-DEL01-RJ"
570710;2023-12-26;"terça-feira";"13:45:00";"PR";369;71,8;"SANTA MARIANA";"Reação tardia ou ineficiente do condutor";"Colisão lateral mesmo sentido";"Com Vítimas Feridas";"Pleno dia";"Crescente";"Céu Claro";"Simples";"Reta;Declive";"Não";8;0;1;0;7;0;1;2;-23,155422;-50,506402;"SPRF-PR";"DEL07-PR";"UOP05-DEL07-PR"
570711;2023-12-23;"sábado";"05:15:00";"MG";381;432;"SABARA";"Trafegar com motocicleta (ou similar) entre as faixas";"Colisão lateral mesmo sentido";"Com Vítimas Feridas";"Amanhecer";"Decrescente";"Céu Claro";"Simples";"Curva;Aclive";"Não";2;0;1;0;0;1;1;2;-19,78750571;-43,73981096;"SPRF-MG";"DEL01-MG";"UOP01-DEL01-MG"
570713;2023-12-26;"terça-feira";"14:30:00";"MG";381;497;"BETIM";"Demais falhas mecânicas ou elétricas";"Tombamento";"Com Vítimas Feridas";"Pleno dia";"Decrescente";"Céu Claro";"Dupla";"Aclive;Reta";"Sim";2;0;1;0;1;0;1;1;-20,01172662;-44,21976041;"SPRF-MG";"DEL01-MG";"UOP03-DEL01-MG"
570715;2023-12-26;"terça-feira";"13:50:00";"DF";70;0;"BRASILIA";"Ausência de reação do condutor";"Colisão traseira";"Com Vítimas Feridas";"Pleno dia";"Crescente";"Céu Claro";"Dupla";"Reta;Declive";"Sim";3;0;0;1;2;0;1;3;-15,792352;-48,054509;"SPRF-DF";"DEL03-DF";"UOP02-DEL03-DF"
570719;2023-12-26;"terça-feira";"15:25:00";"SP";116;129;"CACAPAVA";"Reação tardia ou ineficiente do condutor";"Tombamento";"Com Vítimas Feridas";"Pleno dia";"Decrescente";"Céu Claro";"Dupla";"Reta";"Não";1;0;0;1;0;0;1;1;-23,11885593;-45,71948203;"SPRF-SP";"DEL02-SP";"UOP02-DEL02-SP"
570720;2023-12-26;"terça-feira";"15:30:00";"PE";101;68,5;"RECIFE";"Trafegar com motocicleta (ou similar) entre as faixas";"Colisão lateral mesmo sentido";"Com Vítimas Feridas";"Pleno dia";"Decrescente";"Céu Claro";"Múltipla";"Reta";"Não";3;0;1;0;2;0;1;3;-8,05074296;-34,94580619;"SPRF-PE";"DEL01-PE";"UOP01-DEL01-PE"
570721;2023-12-26;"terça-feira";"15:30:00";"TO";10;454;"PALMAS";"Condutor deixou de manter distância do veículo da frente";"Colisão lateral mesmo sentido";"Com Vítimas Feridas";"Pleno dia";"Crescente";"Céu Claro";"Múltipla";"Reta";"Sim";3;0;1;1;1;0;2;3;-10,30692;-48,297261;"SPRF-TO";"DEL01-TO";"UOP03-DEL01-TO"
570723;2023-12-26;"terça-feira";"14:30:00";"MA";222;676;"ACAILANDIA";"Demais falhas mecânicas ou elétricas";"Colisão transversal";"Com Vítimas Feridas";"Pleno dia";"Decrescente";"Céu Claro";"Simples";"Reta";"Sim";2;0;0;1;1;0;1;2;-4,94304617;-47,4690399;"SPRF-MA";"DEL04-MA";"UOP03-DEL04-MA"
570724;2023-12-26;"terça-feira";"15:35:00";"PB";230;158,7;"CAMPINA GRANDE";"Desrespeitar a preferência no cruzamento";"Colisão transversal";"Com Vítimas Feridas";"Pleno dia";"Crescente";"Céu Claro";"Simples";"Retorno Regulamentado;Interseção de Vias";"Sim";3;0;1;0;1;1;1;3;-7,2582;-35,9267;"SPRF-PB";"DEL02-PB";"UOP01-DEL02-PB"
570725;2023-12-24;"domingo";"02:30:00";"BA";30;5;"BRUMADO";"Ausência de reação do condutor";"Queda de ocupante de veículo";"Com Vítimas Feridas";"Plena Noite";"Crescente";"Céu Claro";"Simples";"Curva";"Não";1;0;0;1;0;0;1;1;-14,223033;-41,696325;"SPRF-BA";"DEL08-BA";"UOP01-DEL08-BA"
570726;2023-12-26;"terça-feira";"15:50:00";"SC";101;211,3;"PALHOCA";"Trafegar com motocicleta (ou similar) entre as faixas";"Colisão traseira";"Com Vítimas Feridas";"Pleno dia";"Decrescente";"Sol";"Múltipla";"Reta";"Não";2;0;1;0;1;0;1;2;-27,62329313;-48,65245588;"SPRF-SC";"DEL01-SC";"UOP02-DEL01-SC"
570727;2023-12-26;"terça-feira";"15:25:00";"SC";101;106;"PENHA";"Trafegar com motocicleta (ou similar) entre as faixas";"Colisão lateral mesmo sentido";"Com Vítimas Feridas";"Pleno dia";"Crescente";"Sol";"Múltipla";"Declive";"Não";2;0;1;0;1;0;1;2;-26,81031601;-48,68293896;"SPRF-SC";"DEL03-SC";"UOP02-DEL03-SC"
570728;2023-12-26;"terça-feira";"14:50:00";"BA";101;269,3;"SANTO ANTONIO DE JESUS";"Ultrapassagem Indevida";"Colisão lateral mesmo sentido";"Com Vítimas Feridas";"Pleno dia";"Decrescente";"Sol";"Simples";"Aclive;Curva";"Não";7;0;2;0;5;0;2;3;-13,01986144;-39,29191589;"SPRF-BA";"DEL01-BA";"UOP02-DEL01-BA"
570729;2023-12-26;"terça-feira";"16:00:00";"PE";407;126,7;"PETROLINA";"Ausência de reação do condutor";"Colisão traseira";"Sem Vítimas";"Pleno dia";"Crescente";"Céu Claro";"Simples";"Reta;Em Obras";"Sim";3;0;0;0;3;0;0;2;-9,39105751;-40,51985079;"SPRF-PE";"DEL06-PE";"UOP01-DEL06-PE"
570731;2023-12-26;"terça-feira";"09:50:00";"BA";407;76;"JAGUARARI";"Curva acentuada";"Capotamento";"Com Vítimas Feridas";"Pleno dia";"Crescente";"Céu Claro";"Simples";"Curva";"Não";2;0;2;0;0;0;2;1;-10,02591913;-40,22951743;"SPRF-BA";"DEL04-BA";"UOP01-DEL04-BA"
570732;2023-12-26;"terça-feira";"14:00:00";"RJ";101;282;"ITABORAI";"Ausência de reação do condutor";"Colisão com objeto";"Sem Vítimas";"Pleno dia";"Decrescente";"Céu Claro";"Dupla";"Reta";"Sim";1;0;0;0;1;0;0;1;-22,7371391;-42,79664601;"SPRF-RJ";"DEL02-RJ";"UOP02-DEL02-RJ"
570733;2023-12-26;"terça-feira";"15:00:00";"RJ";101;313;"SAO GONCALO";"Condutor deixou de manter distância do veículo da frente";"Colisão lateral mesmo sentido";"Com Vítimas Feridas";"Pleno dia";"Decrescente";"Céu Claro";"Dupla";"Reta";"Não";2;0;1;0;1;0;1;2;-22,81049093;-43,06983304;"SPRF-RJ";"DEL02-RJ";"UOP02-DEL02-RJ"
570736;2023-12-26;"terça-feira";"16:40:00";"MG";40;627,4;"CONSELHEIRO LAFAIETE";"Transitar na contramão";"Colisão frontal";"Com Vítimas Feridas";"Pleno dia";"Decrescente";"Céu Claro";"Simples";"Reta";"Não";2;0;1;0;1;0;1;2;-20,63591993;-43,81353421;"SPRF-MG";"DEL05-MG";"UOP02-DEL05-MG"
570738;2023-12-26;"terça-feira";"15:45:00";"PB";230;170,9;"CAMPINA GRANDE";"Ingestão de álcool pelo condutor";"Colisão traseira";"Com Vítimas Feridas";"Pleno dia";"Crescente";"Céu Claro";"Simples";"Reta";"Sim";2;0;1;0;1;0;1;2;-7,1806;-35,9873;"SPRF-PB";"DEL02-PB";"UOP02-DEL02-PB"
570739;2023-12-26;"terça-feira";"16:40:00";"SP";101;47,9;"UBATUBA";"Ingestão de álcool pelo condutor";"Colisão transversal";"Com Vítimas Feridas";"Pleno dia";"Crescente";"Garoa/Chuvisco";"Simples";"Rotatória";"Sim";6;0;1;0;5;0;1;2;-23,43374826;-45,08613348;"SPRF-SP";"DEL06-SP";"UOP01-DEL06-SP"
570740;2023-12-26;"terça-feira";"15:15:00";"MS";163;386;"NOVA ALVORADA DO SUL";"Reação tardia ou ineficiente do condutor";"Colisão com objeto";"Com Vítimas Fatais";"Pleno dia";"Crescente";"Céu Claro";"Simples";"Aclive";"Não";1;1;0;0;0;0;0;1;-21,28930398;-54,43780194;"SPRF-MS";"DEL02-MS";"UOP01-DEL02-MS"
570741;2023-12-26;"terça-feira";"13:30:00";"MG";40;162,7;"JOAO PINHEIRO";"Condutor Dormindo";"Capotamento";"Com Vítimas Feridas";"Pleno dia";"Crescente";"Céu Claro";"Dupla";"Curva";"Não";4;0;1;2;1;0;3;1;-17,89657502;-46,12309502;"SPRF-MG";"DEL14-MG";"UOP02-DEL14-MG"
570742;2023-12-26;"terça-feira";"16:20:00";"RJ";40;79;"PETROPOLIS";"Reação tardia ou ineficiente do condutor";"Colisão com objeto";"Com Vítimas Feridas";"Pleno dia";"Crescente";"Chuva";"Múltipla";"Retorno Regulamentado";"Sim";4;0;4;0;0;0;4;1;-22,49798597;-43,22878703;"SPRF-RJ";"DEL01-RJ";"UOP01-DEL01-RJ"
570743;2023-12-26;"terça-feira";"17:10:00";"SP";101;48;"UBATUBA";"Retorno proibido";"Colisão transversal";"Com Vítimas Feridas";"Pleno dia";"Crescente";"Chuva";"Simples";"Reta";"Sim";3;0;1;0;2;0;1;2;-23,43492864;-45,08687139;"SPRF-SP";"DEL06-SP";"UOP01-DEL06-SP"
570744;2023-12-26;"terça-feira";"17:15:00";"PE";101;84,8;"JABOATAO DOS GUARARAPES";"Trafegar com motocicleta (ou similar) entre as faixas";"Colisão traseira";"Com Vítimas Feridas";"Pleno dia";"Decrescente";"Céu Claro";"Dupla";"Reta";"Não";3;0;0;1;2;0;1;2;-8,17778559;-34,95087297;"SPRF-PE";"DEL01-PE";"UOP01-DEL01-PE"
570745;2023-12-26;"terça-feira";"16:20:00";"PR";369;172;"ROLANDIA";"Ingestão de álcool pelo condutor";"Colisão lateral sentido oposto";"Sem Vítimas";"Pleno dia";"Decrescente";"Céu Claro";"Simples";"Reta";"Sim";3;0;0;0;3;0;0;3;-23,30441408;-51,35886961;"SPRF-PR";"DEL07-PR";"UOP01-DEL07-PR"
570746;2023-12-26;"terça-feira";"15:10:00";"RJ";116;278,5;"BARRA MANSA";"Reação tardia ou ineficiente do condutor";"Colisão com objeto";"Com Vítimas Feridas";"Pleno dia";"Crescente";"Chuva";"Dupla";"Curva";"Não";3;0;1;0;2;0;1;1;-22,55271018;-44,17778004;"SPRF-RJ";"DEL07-RJ";"UOP02-DEL07-RJ"
570748;2023-12-26;"terça-feira";"08:00:00";"CE";116;321,1;"JAGUARIBE";"Ausência de reação do condutor";"Saída de leito carroçável";"Com Vítimas Fatais";"Pleno dia";"Decrescente";"Céu Claro";"Simples";"Reta";"Não";1;1;0;0;0;0;0;1;-5,99881602;-38,63233796;"SPRF-CE";"DEL05-CE";"UOP02-DEL05-CE"
570749;2023-12-26;"terça-feira";"16:00:00";"RO";364;275;"CACOAL";"Reação tardia ou ineficiente do condutor";"Saída de leito carroçável";"Com Vítimas Feridas";"Pleno dia";"Crescente";"Chuva";"Simples";"Reta";"Não";2;0;1;1;0;0;2;1;-11,38809521;-61,75925597;"SPRF-RO";"DEL02-RO";"UOP02-DEL02-RO"
570750;2023-12-26;"terça-feira";"16:10:00";"MG";116;758,8;"LEOPOLDINA";"Reação tardia ou ineficiente do condutor";"Saída de leito carroçável";"Com Vítimas Feridas";"Pleno dia";"Crescente";"Nublado";"Simples";"Reta";"Sim";6;0;2;0;4;0;2;1;-21,50243487;-42,60067703;"SPRF-MG";"DEL07-MG";"UOP01-DEL07-MG"
570752;2023-12-26;"terça-feira";"15:15:00";"PR";163;343;"GUAIRA";"Ultrapassagem Indevida";"Colisão lateral sentido oposto";"Com Vítimas Feridas";"Pleno dia";"Decrescente";"Céu Claro";"Simples";"Reta";"Não";2;0;0;1;1;0;1;2;-24,21375699;-54,19958751;"SPRF-PR";"DEL06-PR";"UOP01-DEL06-PR"
570753;2023-12-26;"terça-feira";"14:35:00";"MG";116;553,5;"SANTA BARBARA DO LESTE";"Reação tardia ou ineficiente do condutor";"Saída de leito carroçável";"Com Vítimas Feridas";"Pleno dia";"Crescente";"Nublado";"Simples";"Reta";"Não";1;0;1;0;0;0;1;1;-19,99361802;-42,14392077;"SPRF-MG";"DEL06-MG";"UOP02-DEL06-MG"
570754;2023-12-22;"sexta-feira";"08:05:00";"SC";101;80;"ARAQUARI";"Acessar a via sem observar a presença dos outros veículos";"Colisão transversal";"Com Vítimas Feridas";"Pleno dia";"Crescente";"Sol";"Múltipla";"Retorno Regulamentado";"Não";2;0;1;0;1;0;1;2;-26,59441996;-48,72183309;"SPRF-SC";"DEL03-SC";"UOP02-DEL03-SC"
570755;2023-12-26;"terça-feira";"17:30:00";"SC";101;212;"PALHOCA";"Condutor deixou de manter distância do veículo da frente";"Engavetamento";"Com Vítimas Feridas";"Pleno dia";"Decrescente";"Céu Claro";"Múltipla";"Reta";"Não";5;0;0;1;4;0;1;5;-27,62996929;-48,65903871;"SPRF-SC";"DEL01-SC";"UOP02-DEL01-SC"
570756;2023-12-26;"terça-feira";"16:50:00";"MG";262;398;"PARA DE MINAS";"Demais falhas mecânicas ou elétricas";"Incêndio";"Com Vítimas Feridas";"Pleno dia";"Decrescente";"Céu Claro";"Dupla";"Reta";"Sim";1;0;1;0;0;0;1;1;-19,90299685;-44,524329;"SPRF-MG";"DEL01-MG";"UOP03-DEL01-MG"
570757;2023-12-26;"terça-feira";"13:30:00";"MG";262;800;"UBERABA";"Ausência de reação do condutor";"Colisão traseira";"Com Vítimas Feridas";"Pleno dia";"Decrescente";"Chuva";"Dupla";"Reta";"Sim";5;0;0;1;4;0;1;2;-19,779129;-47,945794;"SPRF-MG";"DEL13-MG";"UOP01-DEL13-MG"
570758;2023-12-26;"terça-feira";"15:40:00";"SC";101;338;"TUBARAO";"Condutor deixou de manter distância do veículo da frente";"Colisão traseira";"Com Vítimas Feridas";"Pleno dia";"Decrescente";"Céu Claro";"Dupla";"Aclive;Reta";"Sim";5;0;1;0;4;0;1;3;-28,485725;-49,03726;"SPRF-SC";"DEL02-SC";"UOP01-DEL02-SC"
570759;2023-12-26;"terça-feira";"16:10:00";"PR";376;455,5;"TIBAGI";"Avarias e/ou desgaste excessivo no pneu";"Saída de leito carroçável";"Com Vítimas Feridas";"Pleno dia";"Crescente";"Céu Claro";"Dupla";"Curva";"Não";2;0;1;1;0;0;2;1;-24,97197186;-50,3825899;"SPRF-PR";"DEL03-PR";"UOP02-DEL03-PR"
570760;2023-12-26;"terça-feira";"17:20:00";"MG";381;153,9;"GOVERNADOR VALADARES";"Avarias e/ou desgaste excessivo no pneu";"Colisão traseira";"Com Vítimas Feridas";"Pleno dia";"Decrescente";"Chuva";"Simples";"Curva;Interseção de Vias";"Não";2;0;1;0;1;0;1;2;-18,88190287;-41,99497022;"SPRF-MG";"DEL06-MG";"UOP01-DEL06-MG"
570761;2023-12-26;"terça-feira";"15:05:00";"MS";163;1,9;"MUNDO NOVO";"Reação tardia ou ineficiente do condutor";"Colisão lateral mesmo sentido";"Com Vítimas Feridas";"Pleno dia";"Decrescente";"Céu Claro";"Simples";"Reta";"Não";2;0;1;0;1;0;1;2;-24,03744976;-54,28147316;"SPRF-MS";"DEL09-MS";"UOP02-DEL09-MS"
570764;2023-12-26;"terça-feira";"17:45:00";"SC";101;402;"MARACAJA";"Animais na Pista";"Colisão traseira";"Com Vítimas Feridas";"Pleno dia";"Decrescente";"Céu Claro";"Dupla";"Reta";"Não";4;0;2;0;2;0;2;2;-28,88165652;-49,45941925;"SPRF-SC";"DEL02-SC";"UOP02-DEL02-SC"
570765;2023-12-26;"terça-feira";"18:30:00";"MG";50;1,8;"UBERLANDIA";"Ausência de reação do condutor";"Saída de leito carroçável";"Com Vítimas Feridas";"Anoitecer";"Crescente";"Céu Claro";"Dupla";"Reta";"Sim";1;0;1;0;0;0;1;1;-18,9113;-48,2622;"SPRF-MG";"DEL15-MG";"UOP01-DEL15-MG"
570766;2023-12-26;"terça-feira";"13:05:00";"SC";163;70,8;"SAO MIGUEL DO OESTE";"Desrespeitar a preferência no cruzamento";"Colisão transversal";"Com Vítimas Feridas";"Pleno dia";"Decrescente";"Sol";"Dupla";"Reta;Interseção de Vias";"Sim";3;0;1;0;2;0;1;2;-26,72970482;-53,51152897;"SPRF-SC";"DEL07-SC";"UOP03-DEL07-SC"
570768;2023-12-26;"terça-feira";"19:00:00";"GO";40;5;"VALPARAISO DE GOIAS";"Manobra de mudança de faixa";"Colisão lateral mesmo sentido";"Com Vítimas Feridas";"Plena Noite";"Crescente";"Céu Claro";"Dupla";"Reta";"Sim";4;0;1;0;3;0;1;2;-16,093134;-47,982236;"SPRF-DF";"DEL01-DF";"UOP01-DEL01-DF"
570769;2023-12-26;"terça-feira";"18:00:00";"PR";376;3;"SAO JOSE DOS PINHAIS";"Acessar a via sem observar a presença dos outros veículos";"Atropelamento de Pedestre";"Com Vítimas Feridas";"Pleno dia";"Crescente";"Nublado";"Dupla";"Reta;Declive";"Sim";2;0;2;0;0;0;2;2;-25,540265;-49,191419;"SPRF-PR";"DEL01-PR";"UOP04-DEL01-PR"
570770;2023-12-26;"terça-feira";"17:00:00";"MG";381;812;"CAREACU";"Reação tardia ou ineficiente do condutor";"Saída de leito carroçável";"Com Vítimas Feridas";"Pleno dia";"Crescente";"Nublado";"Dupla";"Curva";"Não";5;0;1;0;4;0;1;1;-22,00892473;-45,67797124;"SPRF-MG";"DEL16-MG";"UOP02-DEL16-MG"
570771;2023-12-26;"terça-feira";"19:10:00";"GO";153;502;"GOIANIA";"Desrespeitar a preferência no cruzamento";"Colisão lateral mesmo sentido";"Com Vítimas Feridas";"Plena Noite";"Decrescente";"Chuva";"Dupla";"Interseção de Vias";"Sim";3;0;1;1;1;0;2;2;-16,7287;-49,2424;"SPRF-GO";"DEL01-GO";"UOP01-DEL01-GO"
570772;2023-12-26;"terça-feira";"17:50:00";"RJ";101;261;"RIO BONITO";"Reação tardia ou ineficiente do condutor";"Colisão lateral mesmo sentido";"Com Vítimas Feridas";"Anoitecer";"Decrescente";"Céu Claro";"Dupla";"Curva";"Não";4;0;1;0;3;0;1;2;-22,71139378;-42,61157199;"SPRF-RJ";"DEL02-RJ";"UOP03-DEL02-RJ"
570773;2023-12-26;"terça-feira";"18:30:00";"PE";232;110;"BEZERROS";"Ausência de reação do condutor";"Saída de leito carroçável";"Com Vítimas Feridas";"Plena Noite";"Crescente";"Céu Claro";"Dupla";"Retorno Regulamentado;Curva";"Não";1;0;1;0;0;0;1;1;-8,28634529;-35,81755579;"SPRF-PE";"DEL02-PE";"UOP02-DEL02PE"
570774;2023-12-26;"terça-feira";"19:00:00";"CE";222;77;"SAO LUIS DO CURU";"Transtornos Mentais (exceto suicidio)";"Atropelamento de Pedestre";"Com Vítimas Feridas";"Plena Noite";"Crescente";"Nublado";"Múltipla";"Reta;Aclive";"Sim";2;0;1;0;1;0;1;2;-3,67137027;-39,23351021;"SPRF-CE";"DEL04-CE";"UOP03-DEL04-CE"
570775;2023-12-26;"terça-feira";"19:50:00";"PE";423;70;"JUPI";"Ingestão de álcool pelo condutor";"Saída de leito carroçável";"Com Vítimas Feridas";"Plena Noite";"Crescente";"Céu Claro";"Simples";"Reta";"Não";2;0;1;1;0;0;2;1;-8,68393495;-36,40767506;"SPRF-PE";"DEL03-PE";"UOP01-DEL03-PE"
570776;2023-12-26;"terça-feira";"19:30:00";"SE";235;52;"ITABAIANA";"Desrespeitar a preferência no cruzamento";"Colisão transversal";"Com Vítimas Feridas";"Plena Noite";"Crescente";"Céu Claro";"Simples";"Reta";"Sim";2;0;1;1;0;0;2;2;-10,693279;-37,437557;"SPRF-SE";"DEL01-SE";"UOP02-DEL01-SE"
570777;2023-12-26;"terça-feira";"18:45:00";"MG";381;676,9;"PERDOES";"Acesso irregular";"Atropelamento de Pedestre";"Com Vítimas Feridas";"Plena Noite";"Crescente";"Céu Claro";"Simples";"Reta";"Não";2;0;1;0;0;1;1;2;-21,12375684;-45,09790729;"SPRF-MG";"DEL04-MG";"UOP02-DEL04-MG"