"id";"data_inversa";"dia_semana";"horario";"uf";"br";"km";"municipio";"causa_acidente";"tipo_acidente";"classificacao_acidente";"fase_dia";"sentido_via";"condicao_metereologica";"tipo_pista";"tracado_via";"uso_solo";"pessoas";"mortos";"feridos_leves";"feridos_graves";"ilesos";"ignorados";"feridos";"veiculos";"latitude";"longitude";"regional";"delegacia";"uop"
570779;2023-12-26;"terça-feira";"19:30:00";"SC";101;88,3;"BARRA VELHA";"Reação tardia ou ineficiente do condutor";"Colisão transversal";"Com Vítimas Feridas";"Anoitecer";"Decrescente";"Céu Claro";"Múltipla";"Reta";"Sim";2;0;1;0;1;0;1;2;-26,65159834;-48,68680894;"SPRF-SC";"DEL03-SC";"UOP02-DEL03-SC"
570780;2023-12-26;"terça-feira";"14:10:00";"MG";116;703,5;"MURIAE";"Avarias e/ou desgaste excessivo no pneu";"Tombamento";"Com Vítimas Feridas";"Pleno dia";"Crescente";"Chuva";"Simples";"Curva;Aclive";"Sim";5;0;1;0;2;2;1;3;-21,12682309;-42,3832189;"SPRF-MG";"DEL07-MG";"UOP02-DEL07-MG"
570781;2023-12-26;"terça-feira";"19:55:00";"GO";40;11;"LUZIANIA";"Trafegar com motocicleta (ou similar) entre as faixas";"Tombamento";"Com Vítimas Feridas";"Plena Noite";"Decrescente";"Céu Claro";"Dupla";"Reta";"Sim";2;0;1;0;1;0;1;2;-16,13826998;-47,95134187;"SPRF-DF";"DEL01-DF";"UOP01-DEL01-DF"
570783;2023-12-26;"terça-feira";"20:00:00";"MG";40;546;"NOVA LIMA";"Avarias e/ou desgaste excessivo no pneu";"Queda de ocupante de veículo";"Com Vítimas Feridas";"Plena Noite";"Crescente";"Nublado";"Dupla";"Reta";"Não";1;0;1;0;0;0;1;1;-20,01444685;-43,96893823;"SPRF-MG";"DEL01-MG";"UOP02-DEL01-MG"
570784;2023-12-26;"terça-feira";"20:25:00";"CE";116;1;"FORTALEZA";"Acessar a via sem observar a presença dos outros veículos";"Colisão traseira";"Com Vítimas Feridas";"Plena Noite";"Decrescente";"Nublado";"Múltipla";"Reta;Interseção de Vias";"Sim";2;0;1;0;1;0;1;2;-3,76159894;-38,51900662;"SPRF-CE";"DEL01-CE";"UOP02-DEL01-CE"
570785;2023-12-24;"domingo";"15:10:00";"BA";101;673;"ITAGIMIRIM";"Ingestão de álcool pelo condutor";"Queda de ocupante de veículo";"Com Vítimas Feridas";"Pleno dia";"Crescente";"Nublado";"Simples";"Reta";"Não";2;0;2;0;0;0;2;1;-16,15268762;-39,59541321;"SPRF-BA";"DEL09-BA";"UOP01-DEL09-BA"
570786;2023-12-26;"terça-feira";"19:50:00";"TO";153;240;"COLINAS DO TOCANTINS";"Animais na Pista";"Atropelamento de Animal";"Com Vítimas Feridas";"Plena Noite";"Crescente";"Céu Claro";"Simples";"Reta";"Não";2;0;1;0;1;0;1;1;-7,994203;-48,46468483;"SPRF-TO";"DEL02-TO";"UOP01-DEL02-TO"
570788;2023-11-24;"sexta-feira";"18:40:00";"SP";101;21;"UBATUBA";"Acessar a via sem observar a presença dos outros veículos";"Colisão transversal";"Com Vítimas Feridas";"Plena Noite";"Decrescente";"Garoa/Chuvisco";"Simples";"Reta";"Não";4;0;1;0;3;0;1;2;-23,33171514;-44,92195845;"SPRF-SP";"DEL06-SP";"UOP01-DEL06-SP"
570789;2023-12-26;"terça-feira";"14:00:00";"SC";282;104,5;"ALFREDO WAGNER";"Ausência de reação do condutor";"Colisão com objeto";"Com Vítimas Feridas";"Pleno dia";"Crescente";"Céu Claro";"Simples";"Reta";"Não";3;0;0;3;0;0;3;1;-27,696043;-49,334038;"SPRF-SC";"DEL01-SC";"UOP03-DEL01-SC"
570791;2023-12-26;"terça-feira";"19:40:00";"PA";222;19;"DOM ELISEU";"Entrada inopinada do pedestre";"Atropelamento de Pedestre";"Com Vítimas Feridas";"Plena Noite";"Crescente";"Céu Claro";"Simples";"Reta";"Sim";2;0;0;2;0;0;2;2;-4,295723;-47,565594;"SPRF-PA";"DEL02-PA";"UOP02-DEL02-PA"
570792;2023-12-26;"terça-feira";"19:30:00";"RJ";101;482;"ANGRA DOS REIS";"Condutor deixou de manter distância do veículo da frente";"Colisão traseira";"Com Vítimas Feridas";"Plena Noite";"Crescente";"Chuva";"Dupla";"Reta";"Não";2;0;1;0;0;1;1;2;-23,00453;-44,29746;"SPRF-RJ";"DEL03-RJ";"UOP03-DEL03-RJ"
570793;2023-12-26;"terça-feira";"19:30:00";"PR";376;170,6;"MARINGA";"Condutor usando celular";"Engavetamento";"Com Vítimas Feridas";"Plena Noite";"Crescente";"Céu Claro";"Dupla";"Aclive;Viaduto";"Sim";4;0;1;0;3;0;1;3;-23,40925341;-51,98883891;"SPRF-PR";"DEL09-PR";"UOP01-DEL09-PR"
570794;2023-12-26;"terça-feira";"20:15:00";"RS";290;148,3;"ARROIO DOS RATOS";"Reação tardia ou ineficiente do condutor";"Colisão traseira";"Com Vítimas Feridas";"Plena Noite";"Decrescente";"Céu Claro";"Simples";"Ponte;Reta";"Não";6;0;3;2;1;0;5;2;-30,106561;-51,69700384;"SPRF-RS";"DEL02-RS";"UOP01-DEL02-RS"
570797;2023-12-26;"terça-feira";"16:00:00";"MG";381;485;"BETIM";"Condutor deixou de manter distância do veículo da frente";"Colisão traseira";"Com Vítimas Feridas";"Pleno dia";"Decrescente";"Nublado";"Dupla";"Reta;Declive";"Sim";3;0;2;0;1;0;2;2;-19,95659361;-44,12622893;"SPRF-MG";"DEL01-MG";"UOP03-DEL01-MG"
570798;2023-12-26;"terça-feira";"20:30:00";"SC";280;6,3;"SAO FRANCISCO DO SUL";"Acessar a via sem observar a presença dos outros veículos";"Atropelamento de Pedestre";"Com Vítimas Feridas";"Plena Noite";"Decrescente";"Céu Claro";"Simples";"Reta";"Sim";3;0;0;1;1;1;1;2;-26,26740285;-48,63604546;"SPRF-SC";"DEL03-SC";"UOP03-DEL03-SC"
570799;2023-12-26;"terça-feira";"18:05:00";"PI";343;254;"CAMPO MAIOR";"Animais na Pista";"Atropelamento de Animal";"Com Vítimas Fatais";"Plena Noite";"Crescente";"Chuva";"Simples";"Reta";"Não";1;1;0;0;0;0;0;1;-4,760148;-42,111641;"SPRF-PI";"DEL01-PI";"UOP03-DEL01-PI"
570802;2023-12-26;"terça-feira";"20:50:00";"MG";40;455,9;"CAETANOPOLIS";"Velocidade Incompatível";"Queda de ocupante de veículo";"Com Vítimas Feridas";"Plena Noite";"Crescente";"Chuva";"Dupla";"Curva";"Não";1;0;1;0;0;0;1;1;-19,35767518;-44,34735515;"SPRF-MG";"DEL02-MG";"UOP01-DEL02-MG"
570803;2023-12-26;"terça-feira";"22:15:00";"SP";101;16,7;"UBATUBA";"Ausência de reação do condutor";"Saída de leito carroçável";"Com Vítimas Feridas";"Plena Noite";"Decrescente";"Garoa/Chuvisco";"Simples";"Reta";"Não";2;0;2;0;0;0;2;1;-23,32700315;-44,88452224;"SPRF-SP";"DEL06-SP";"UOP01-DEL06-SP"
570806;2023-12-26;"terça-feira";"21:53:00";"PI";343;589,9;"FLORIANO";"Acessar a via sem observar a presença dos outros veículos";"Colisão transversal";"Com Vítimas Feridas";"Plena Noite";"Decrescente";"Céu Claro";"Dupla";"Reta";"Sim";2;0;0;1;0;1;1;2;-6,776695;-43,009346;"SPRF-PI";"DEL03-PI";"UOP01-DEL03-PI"
570807;2023-12-26;"terça-feira";"23:05:00";"RJ";101;208;"CASIMIRO DE ABREU";"Condutor deixou de manter distância do veículo da frente";"Colisão traseira";"Com Vítimas Feridas";"Plena Noite";"Decrescente";"Chuva";"Simples";"Reta";"Não";2;0;1;0;1;0;1;2;-22,4806698;-42,22017209;"SPRF-RJ";"DEL08-RJ";"UOP04-DEL08-RJ"
570809;2023-12-26;"terça-feira";"19:25:00";"MT";163;648,6;"LUCAS DO RIO VERDE";"Ultrapassagem Indevida";"Saída de leito carroçável";"Com Vítimas Feridas";"Plena Noite";"Crescente";"Nublado";"Simples";"Curva";"Não";3;0;1;0;2;0;1;1;-13,391735;-56,090881;"SPRF-MT";"DEL06-MT";"UOP01-DEL06-MT"
570810;2023-12-26;"terça-feira";"23:30:00";"DF";60;1,2;"BRASILIA";"Ingestão de álcool pelo condutor";"Saída de leito carroçável";"Sem Vítimas";"Plena Noite";"Crescente";"Nublado";"Dupla";"Reta";"Sim";1;0;0;0;1;0;0;1;-15,885093;-48,068954;"SPRF-DF";"DEL03-DF";"UOP01-DEL03-DF"
570811;2023-12-26;"terça-feira";"23:35:00";"RS";293;12;"CAPAO DO LEAO";"Animais na Pista";"Atropelamento de Animal";"Sem Vítimas";"Plena Noite";"Crescente";"Céu Claro";"Simples";"Reta";"Não";2;0;0;0;2;0;0;2;-31,75636452;-52,44078991;"SPRF-RS";"DEL07-RS";"UOP01-DEL07-RS"
570812;2023-12-26;"terça-feira";"22:15:00";"RO";364;344;"JI-PARANA";"Manobra de mudança de faixa";"Colisão lateral mesmo sentido";"Com Vítimas Feridas";"Plena Noite";"Crescente";"Céu Claro";"Múltipla";"Interseção de Vias";"Não";3;0;2;0;1;0;2;2;-10,87376391;-61,95256893;"SPRF-RO";"DEL02-RO";"UOP01-DEL02-RO"
570813;2023-12-27;"quarta-feira";"00:10:00";"MG";262;75;"MATIPO";"Condutor Dormindo";"Saída de leito carroçável";"Com Vítimas Feridas";"Plena Noite";"Decrescente";"Chuva";"Simples";"Reta";"Não";3;0;1;2;0;0;3;1;-20,32380719;-42,3388569;"SPRF-MG";"DEL03-MG";"UOP03-DEL03-MG"
570815;2023-12-27;"quarta-feira";"00:05:00";"SC";470;66,7;"INDAIAL";"Ausência de reação do condutor";"Colisão transversal";"Com Vítimas Feridas";"Plena Noite";"Decrescente";"Nublado";"Simples";"Reta";"Sim";2;0;1;0;0;1;1;2;-26,87051028;-49,22800899;"SPRF-SC";"DEL04-SC";"UOP01-DEL04-SC"
570816;2023-12-27;"quarta-feira";"01:50:00";"SP";116;270,9;"TABOAO DA SERRA";"Reação tardia ou ineficiente do condutor";"Colisão com objeto";"Com Vítimas Feridas";"Plena Noite";"Decrescente";"Céu Claro";"Dupla";"Reta";"Sim";1;0;1;0;0;0;1;1;-23,61799728;-46,79677694;"SPRF-SP";"DEL04-SP";"UOP01-DEL04-SP"
570817;2023-12-27;"quarta-feira";"01:30:00";"SC";101;112;"NAVEGANTES";"Ausência de reação do condutor";"Tombamento";"Com Vítimas Feridas";"Plena Noite";"Decrescente";"Nublado";"Dupla";"Aclive;Reta";"Não";2;0;2;0;0;0;2;1;-26,84589005;-48,72131295;"SPRF-SC";"DEL04-SC";"UOP04-DEL04-SC"
570818;2023-12-27;"quarta-feira";"01:25:00";"RJ";116;309,7;"RESENDE";"Reação tardia ou ineficiente do condutor";"Colisão com objeto";"Com Vítimas Feridas";"Plena Noite";"Crescente";"Chuva";"Dupla";"Reta";"Não";3;0;0;1;2;0;1;3;-22,45923593;-44,434776;"SPRF-RJ";"DEL07-RJ";"UOP02-DEL07-RJ"
570820;2023-12-27;"quarta-feira";"05:30:00";"ES";101;441;"MIMOSO DO SUL";"Condutor Dormindo";"Colisão frontal";"Com Vítimas Feridas";"Pleno dia";"Crescente";"Céu Claro";"Simples";"Reta";"Não";7;0;0;6;0;1;6;3;-21,08329589;-41,24202612;"SPRF-ES";"DEL03-ES";"UOP02-DEL03-ES"
570821;2023-12-27;"quarta-feira";"04:50:00";"MG";262;148;"RIO CASCA";"Afundamento ou ondulação no pavimento";"Colisão com objeto";"Com Vítimas Feridas";"Amanhecer";"Decrescente";"Nublado";"Simples";"Curva";"Não";5;0;1;0;4;0;1;1;-20,0130291;-42,74983565;"SPRF-MG";"DEL03-MG";"UOP03-DEL03-MG"
570822;2023-12-26;"terça-feira";"22:29:00";"MG";381;688;"LAVRAS";"Chuva";"Saída de leito carroçável";"Com Vítimas Feridas";"Plena Noite";"Decrescente";"Chuva";"Dupla";"Curva;Declive";"Não";4;0;3;0;1;0;3;1;-21,187412;-45,116686;"SPRF-MG";"DEL04-MG";"UOP02-DEL04-MG"
570824;2023-12-26;"terça-feira";"21:45:00";"MG";251;316,7;"SALINAS";"Objeto estático sobre o leito carroçável";"Colisão com objeto";"Com Vítimas Feridas";"Plena Noite";"Decrescente";"Céu Claro";"Simples";"Reta;Declive";"Não";1;0;1;0;0;0;1;1;-16,14492732;-42,30747843;"SPRF-MG";"DEL12-MG";"UOP02-DEL12-MG"
570827;2023-12-27;"quarta-feira";"04:50:00";"TO";153;137;"ARAGUAINA";"Ausência de reação do condutor";"Capotamento";"Com Vítimas Feridas";"Pleno dia";"Decrescente";"Céu Claro";"Dupla";"Reta;Declive";"Sim";1;0;1;0;0;0;1;1;-7,14630299;-48,20255603;"SPRF-TO";"DEL02-TO";"UOP01-DEL02-TO"
570828;2023-12-27;"quarta-feira";"05:15:00";"MG";381;776;"CAMPANHA";"Reação tardia ou ineficiente do condutor";"Saída de leito carroçável";"Com Vítimas Feridas";"Pleno dia";"Decrescente";"Chuva";"Dupla";"Reta";"Não";5;0;5;0;0;0;5;1;-21,79668854;-45,45462034;"SPRF-MG";"DEL16-MG";"UOP02-DEL16-MG"
570830;2023-12-27;"quarta-feira";"06:40:00";"SC";101;39,6;"JOINVILLE";"Manobra de mudança de faixa";"Colisão lateral mesmo sentido";"Com Vítimas Feridas";"Pleno dia";"Crescente";"Céu Claro";"Múltipla";"Reta";"Sim";2;0;1;0;1;0;1;2;-26,30409138;-48,88213277;"SPRF-SC";"DEL03-SC";"UOP01-DEL03-SC"
570832;2023-12-27;"quarta-feira";"07:35:00";"SP";116;124;"CACAPAVA";"Condutor deixou de manter distância do veículo da frente";"Engavetamento";"Com Vítimas Feridas";"Pleno dia";"Decrescente";"Céu Claro";"Dupla";"Reta";"Sim";6;0;1;0;5;0;1;5;-23,093116;-45,677904;"SPRF-SP";"DEL02-SP";"UOP02-DEL02-SP"
570833;2023-12-27;"quarta-feira";"03:00:00";"MG";116;701,4;"MURIAE";"Ausência de reação do condutor";"Saída de leito carroçável";"Com Vítimas Feridas";"Plena Noite";"Crescente";"Chuva";"Simples";"Curva";"Sim";3;0;2;0;1;0;2;1;-21,11084891;-42,3806104;"SPRF-MG";"DEL07-MG";"UOP02-DEL07-MG"
570835;2023-12-27;"quarta-feira";"07:45:00";"SC";101;146,5;"ITAPEMA";"Demais falhas mecânicas ou elétricas";"Tombamento";"Com Vítimas Feridas";"Pleno dia";"Crescente";"Céu Claro";"Dupla";"Reta";"Sim";2;0;2;0;0;0;2;1;-27,08666525;-48,60955587;"SPRF-SC";"DEL04-SC";"UOP03-DEL04-SC"
570836;2023-12-18;"segunda-feira";"22:30:00";"SP";381;84,8;"SAO PAULO";"Demais falhas mecânicas ou elétricas";"Incêndio";"Sem Vítimas";"Plena Noite";"Decrescente";"Céu Claro";"Dupla";"Reta";"Sim";1;0;0;0;1;0;0;1;-23,43937;-46,56807;"SPRF-SP";"DEL03-SP";"UOP01-DEL03-SP"
570838;2023-12-27;"quarta-feira";"06:00:00";"BA";116;652;"JEQUIE";"Acessar a via sem observar a presença dos outros veículos";"Colisão transversal";"Com Vítimas Feridas";"Pleno dia";"Crescente";"Céu Claro";"Simples";"Reta";"Não";2;0;1;0;0;1;1;2;-13,62855903;-40,09262869;"SPRF-BA";"DEL03-BA";"UOP01-DEL03-BA"
570839;2023-12-27;"quarta-feira";"00:30:00";"MT";70;338;"DOM AQUINO";"Reação tardia ou ineficiente do condutor";"Saída de leito carroçável";"Com Vítimas Feridas";"Plena Noite";"Decrescente";"Ignorado";"Simples";"Curva";"Não";2;0;1;0;1;0;1;1;-15,53603594;-54,82130527;"SPRF-MT";"DEL05-MT";"UOP01-DEL05-MT"
570841;2023-12-27;"quarta-feira";"06:45:00";"RO";364;224,1;"PIMENTA BUENO";"Acessar a via sem observar a presença dos outros veículos";"Colisão transversal";"Com Vítimas Feridas";"Pleno dia";"Decrescente";"Céu Claro";"Simples";"Reta;Aclive";"Não";4;0;3;0;1;0;3;2;-11,514407;-61,354544;"SPRF-RO";"DEL02-RO";"UOP02-DEL02-RO"
570842;2023-12-27;"quarta-feira";"08:20:00";"RN";110;80,3;"UPANEMA";"Demais falhas mecânicas ou elétricas";"Capotamento";"Com Vítimas Feridas";"Pleno dia";"Decrescente";"Céu Claro";"Simples";"Reta";"Não";3;0;3;0;0;0;3;1;-5,488624;-37,326171;"SPRF-RN";"DEL04-RN";"UOP01-DEL04-RN"
570843;2023-12-27;"quarta-feira";"08:20:00";"SP";116;75,3;"APARECIDA";"Frear bruscamente";"Colisão traseira";"Com Vítimas Feridas";"Pleno dia";"Decrescente";"Nublado";"Dupla";"Reta";"Sim";3;0;1;0;1;1;1;2;-22,87521876;-45,26277018;"SPRF-SP";"DEL08-SP";"UOP01-DEL08-SP"
570844;2023-12-27;"quarta-feira";"08:45:00";"SP";153;84,5;"MIRASSOL";"Afundamento ou ondulação no pavimento";"Tombamento";"Com Vítimas Feridas";"Pleno dia";"Decrescente";"Nublado";"Dupla";"Reta;Declive";"Não";1;0;1;0;0;0;1;1;-20,92853368;-49,51181226;"SPRF-SP";"DEL09-SP";"UOP01-DEL09-SP"
570847;2023-12-06;"quarta-feira";"06:10:00";"PR";369;142;"IBIPORA";"Acumulo de óleo sobre o pavimento";"Tombamento";"Com Vítimas Feridas";"Amanhecer";"Crescente";"Céu Claro";"Simples";"Interseção de Vias";"Sim";1;0;1;0;0;0;1;1;-23,29273315;-51,09033108;"SPRF-PR";"DEL07-PR";"UOP01-DEL07-PR"
570848;2023-12-26;"terça-feira";"19:00:00";"MS";262;762;"CORUMBA";"Ausência de reação do condutor";"Colisão com objeto";"Com Vítimas Feridas";"Anoitecer";"Decrescente";"Céu Claro";"Simples";"Rotatória";"Não";2;0;2;0;0;0;2;1;-19,12247341;-57,62375236;"SPRF-MS";"DEL03-MS";"UOP03-DEL03-MS"
570849;2023-12-24;"domingo";"10:15:00";"GO";153;211;"URUACU";"Acessar a via sem observar a presença dos outros veículos";"Colisão transversal";"Com Vítimas Feridas";"Pleno dia";"Decrescente";"Céu Claro";"Simples";"Interseção de Vias;Retorno Regulamentado;Reta";"Não";8;0;1;0;7;0;1;2;-14,615499;-49,16959;"SPRF-GO";"DEL07-GO";"UOP02-DEL07-GO"
570850;2023-12-27;"quarta-feira";"08:40:00";"RS";101;46;"TERRA DE AREIA";"Condutor usando celular";"Colisão com objeto";"Com Vítimas Feridas";"Pleno dia";"Decrescente";"Céu Claro";"Múltipla";"Reta";"Sim";2;0;1;1;0;0;2;1;-29,57664003;-50,06327396;"SPRF-RS";"DEL03-RS";"UOP02-DEL03-RS"
570851;2023-09-21;"quinta-feira";"11:50:00";"ES";262;104;"VENDA NOVA DO IMIGRANTE";"Ausência de reação do condutor";"Colisão lateral mesmo sentido";"Com Vítimas Feridas";"Pleno dia";"Crescente";"Céu Claro";"Simples";"Reta";"Sim";2;0;1;0;1;0;1;2;-20,33302593;-41,12931881;"SPRF-ES";"DEL01-ES";"UOP02-DEL01-ES"
570852;2023-12-27;"quarta-feira";"08:20:00";"RJ";101;506,1;"ANGRA DOS REIS";"Conversão proibida";"Colisão transversal";"Com Vítimas Feridas";"Pleno dia";"Crescente";"Céu Claro";"Simples";"Reta";"Sim";2;0;1;0;1;0;1;2;-22,93493041;-44,40487313;"SPRF-RJ";"DEL03-RJ";"UOP03-DEL03-RJ"
570853;2023-10-22;"domingo";"11:25:00";"RJ";101;542;"PARATY";"Velocidade Incompatível";"Saída de leito carroçável";"Com Vítimas Feridas";"Pleno dia";"Decrescente";"Chuva";"Simples";"Curva";"Não";3;0;0;2;0;1;2;2;-23,04128085;-44,59583503;"SPRF-RJ";"DEL03-RJ";"UOP04-DEL03-RJ"
570855;2023-12-27;"quarta-feira";"09:50:00";"PR";376;1;"APUCARANA";"Acesso irregular";"Colisão transversal";"Com Vítimas Feridas";"Pleno dia";"Crescente";"Céu Claro";"Simples";"Reta;Declive;Interseção de Vias";"Não";2;0;1;0;1;0;1;2;-23,571889;-51,427642;"SPRF-PR";"DEL07-PR";"UOP03-DEL07-PR"
570856;2023-12-27;"quarta-feira";"07:45:00";"MS";163;132;"NAVIRAI";"Condutor deixou de manter distância do veículo da frente";"Engavetamento";"Sem Vítimas";"Pleno dia";"Crescente";"Céu Claro";"Simples";"Reta";"Não";4;0;0;0;4;0;0;3;-23,03069108;-54,27596205;"SPRF-MS";"DEL09-MS";"UOP01-DEL09-MS"
570859;2023-12-27;"quarta-feira";"08:20:00";"RS";153;6,5;"CACHOEIRA DO SUL";"Acumulo de areia ou detritos sobre o pavimento";"Saída de leito carroçável";"Com Vítimas Feridas";"Pleno dia";"Crescente";"Céu Claro";"Simples";"Curva";"Sim";2;0;2;0;0;0;2;1;-30,01983424;-52,86818504;"SPRF-RS";"DEL02-RS";"UOP03-DEL02-RS"
570860;2023-12-27;"quarta-feira";"10:20:00";"SC";101;112;"ITAJAI";"Trafegar com motocicleta (ou similar) entre as faixas";"Colisão lateral mesmo sentido";"Com Vítimas Feridas";"Pleno dia";"Crescente";"Céu Claro";"Dupla";"Reta";"Sim";4;0;2;1;1;0;3;2;-26,84589005;-48,72131295;"SPRF-SC";"DEL04-SC";"UOP04-DEL04-SC"
570861;2023-12-27;"quarta-feira";"08:15:00";"RN";304;291;"MACAIBA";"Condutor Dormindo";"Saída de leito carroçável";"Com Vítimas Feridas";"Pleno dia";"Decrescente";"Céu Claro";"Dupla";"Reta";"Não";2;0;1;0;1;0;1;1;-5,86769816;-35,39394002;"SPRF-RN";"DEL01-RN";"UOP02-DEL01-RN"
570863;2023-12-27;"quarta-feira";"10:35:00";"RN";101;81,3;"SAO GONCALO DO AMARANTE";"Acumulo de areia ou detritos sobre o pavimento";"Saída de leito carroçável";"Com Vítimas Feridas";"Pleno dia";"Crescente";"Nublado";"Dupla";"Reta;Em Obras";"Sim";1;0;1;0;0;0;1;1;-5,76469466;-35,28295988;"SPRF-RN";"DEL02-RN";"UOP01-DEL02-RN"
570866;2023-12-27;"quarta-feira";"08:30:00";"MG";365;159;"PIRAPORA";"Acessar a via sem observar a presença dos outros veículos";"Colisão transversal";"Com Vítimas Feridas";"Pleno dia";"Crescente";"Céu Claro";"Simples";"Reta;Retorno Regulamentado";"Sim";6;0;3;0;3;0;3;2;-17,35543992;-44,91271708;"SPRF-MG";"DEL10-MG";"UOP02-DEL010-MG"
570867;2023-12-27;"quarta-feira";"10:55:00";"PE";101;80;"JABOATAO DOS GUARARAPES";"Condutor deixou de manter distância do veículo da frente";"Colisão lateral mesmo sentido";"Com Vítimas Feridas";"Pleno dia";"Crescente";"Céu Claro";"Dupla";"Reta";"Não";3;0;2;0;1;0;2;2;-8,160539;-34,940279;"SPRF-PE";"DEL01-PE";"UOP01-DEL01-PE"
570868;2023-12-27;"quarta-feira";"09:30:00";"PE";101;103,5;"CABO DE SANTO AGOSTINHO";"Manobra de mudança de faixa";"Colisão lateral mesmo sentido";"Com Vítimas Feridas";"Pleno dia";"Crescente";"Sol";"Dupla";"Curva;Declive";"Não";3;0;2;0;0;1;2;2;-8,29241321;-35,05598304;"SPRF-PE";"DEL01-PE";"UOP03-DEL01-PE"
570869;2023-12-27;"quarta-feira";"09:40:00";"PE";316;349;"PETROLANDIA";"Reação tardia ou ineficiente do condutor";"Capotamento";"Com Vítimas Fatais";"Pleno dia";"Crescente";"Céu Claro";"Simples";"Reta";"Não";2;1;1;0;0;0;1;1;-8,86163701;-38,30015011;"SPRF-PE";"DEL04-PE";"UOP03-DEL04-PE"
570870;2023-12-27;"quarta-feira";"10:05:00";"PR";277;128,8;"BALSA NOVA";"Velocidade Incompatível";"Colisão com objeto";"Com Vítimas Feridas";"Pleno dia";"Decrescente";"Nublado";"Simples";"Reta;Declive";"Não";1;0;0;1;0;0;1;1;-25,47125105;-49,61932182;"SPRF-PR";"DEL03-PR";"UOP03-DEL03-PR"
570871;2023-12-27;"quarta-feira";"08:30:00";"GO";60;163;"GOIANIA";"Condutor deixou de manter distância do veículo da frente";"Colisão traseira";"Com Vítimas Feridas";"Pleno dia";"Decrescente";"Céu Claro";"Dupla";"Reta";"Sim";3;0;1;0;2;0;1;3;-16,7002;-49,3335;"SPRF-GO";"DEL01-GO";"UOP02-DEL01-GO"
570875;2023-12-27;"quarta-feira";"11:20:00";"PR";467;109,1;"CASCAVEL";"Manobra de mudança de faixa";"Colisão traseira";"Com Vítimas Feridas";"Pleno dia";"Decrescente";"Sol";"Dupla";"Aclive";"Não";2;0;1;0;1;0;1;2;-24,9261;-53,4589;"SPRF-PR";"DEL04-PR";"UOP01-DEL04-PR"
570876;2023-12-27;"quarta-feira";"11:40:00";"ES";101;18;"PEDRO CANARIO";"Chuva";"Queda de ocupante de veículo";"Sem Vítimas";"Pleno dia";"Decrescente";"Chuva";"Simples";"Reta;Declive";"Não";1;0;0;0;1;0;0;1;-18,31320539;-39,95347307;"SPRF-ES";"DEL04-ES";"UOP02-DEL04-ES"
570877;2023-12-27;"quarta-feira";"11:49:00";"PE";101;73;"RECIFE";"Reação tardia ou ineficiente do condutor";"Queda de ocupante de veículo";"Com Vítimas Feridas";"Pleno dia";"Decrescente";"Sol";"Dupla";"Curva;Retorno Regulamentado";"Não";2;0;1;0;0;1;1;1;-8,093369;-34,947464;"SPRF-PE";"DEL01-PE";"UOP01-DEL01-PE"
570879;2023-12-27;"quarta-feira";"11:50:00";"SC";101;43,9;"JOINVILLE";"Reação tardia ou ineficiente do condutor";"Colisão traseira";"Com Vítimas Feridas";"Pleno dia";"Crescente";"Nublado";"Simples";"Reta";"Não";2;0;1;0;1;0;1;2;-26,33836457;-48,85958076;"SPRF-SC";"DEL03-SC";"UOP01-DEL03-SC"
570881;2023-12-27;"quarta-feira";"05:00:00";"RJ";40;78;"PETROPOLIS";"Pista Escorregadia";"Colisão com objeto";"Com Vítimas Feridas";"Pleno dia";"Crescente";"Nublado";"Dupla";"Reta";"Não";1;0;1;0;0;0;1;1;-22,48485874;-43,22843406;"SPRF-RJ";"DEL01-RJ";"UOP01-DEL01-RJ"
570882;2023-12-27;"quarta-feira";"12:00:00";"CE";116;306;"JAGUARIBE";"Desrespeitar a preferência no cruzamento";"Colisão transversal";"Com Vítimas Feridas";"Pleno dia";"Crescente";"Céu Claro";"Simples";"Interseção de Vias;Reta";"Sim";4;0;0;1;3;0;1;2;-5,88143778;-38,61602068;"SPRF-CE";"DEL05-CE";"UOP02-DEL05-CE"
570883;2023-12-27;"quarta-feira";"12:40:00";"SC";101;96;"BARRA VELHA";"Trafegar com motocicleta (ou similar) entre as faixas";"Colisão lateral mesmo sentido";"Com Vítimas Feridas";"Pleno dia";"Crescente";"Céu Claro";"Dupla";"Reta";"Não";3;0;1;0;2;0;1;3;-26,718427;-48,70233;"SPRF-SC";"DEL03-SC";"UOP02-DEL03-SC"
570884;2023-12-27;"quarta-feira";"11:20:00";"PB";230;35,9;"SANTA RITA";"Ausência de reação do condutor";"Queda de ocupante de veículo";"Com Vítimas Feridas";"Pleno dia";"Crescente";"Céu Claro";"Dupla";"Reta;Ponte";"Não";2;0;1;0;1;0;1;1;-7,1268;-34,9412;"SPRF-PB";"DEL01-PB";"UOP03-DEL01-PB"
570886;2023-12-27;"quarta-feira";"11:25:00";"MG";116;517,7;"UBAPORANGA";"Demais falhas mecânicas ou elétricas";"Colisão com objeto";"Com Vítimas Feridas";"Pleno dia";"Decrescente";"Nublado";"Simples";"Curva";"Não";1;0;1;0;0;0;1;1;-19,70492713;-42,11720373;"SPRF-MG";"DEL06-MG";"UOP02-DEL06-MG"