"id";"data_inversa";"dia_semana";"horario";"uf";"br";"km";"municipio";"causa_acidente";"tipo_acidente";"classificacao_acidente";"fase_dia";"sentido_via";"condicao_metereologica";"tipo_pista";"tracado_via";"uso_solo";"pessoas";"mortos";"feridos_leves";"feridos_graves";"ilesos";"ignorados";"feridos";"veiculos";"latitude";"longitude";"regional";"delegacia";"uop"
570887;2023-12-27;"quarta-feira";"12:39:00";"MG";381;479,5;"CONTAGEM";"Velocidade Incompatível";"Saída de leito carroçável";"Com Vítimas Fatais";"Pleno dia";"Crescente";"Nublado";"Múltipla";"Aclive;Curva";"Sim";5;1;0;1;1;2;1;2;-19,95889605;-44,069202;"SPRF-MG";"DEL01-MG";"UOP03-DEL01-MG"
570888;2023-12-27;"quarta-feira";"11:35:00";"PB";412;7,9;"BOA VISTA";"Reação tardia ou ineficiente do condutor";"Saída de leito carroçável";"Com Vítimas Feridas";"Pleno dia";"Crescente";"Céu Claro";"Simples";"Reta";"Não";2;0;2;0;0;0;2;1;-7,187379;-36,157795;"SPRF-PB";"DEL02-PB";"UOP02-DEL02-PB"
570889;2023-12-07;"quinta-feira";"23:00:00";"PR";116;12;"COLOMBO";"Acessar a via sem observar a presença dos outros veículos";"Colisão traseira";"Com Vítimas Feridas";"Plena Noite";"Crescente";"Céu Claro";"Simples";"Interseção de Vias";"Não";2;0;1;0;1;0;1;2;-25,3755;-49,1496;"SPRF-PR";"DEL01-PR";"UOP02-DEL01-PR"
570890;2023-12-27;"quarta-feira";"12:00:00";"MT";364;15;"ALTO ARAGUAIA";"Ausência de reação do condutor";"Saída de leito carroçável";"Com Vítimas Feridas";"Pleno dia";"Decrescente";"Céu Claro";"Simples";"Rotatória";"Não";1;0;0;1;0;0;1;1;-17,23385604;-53,32251175;"SPRF-MT";"DEL02-MT";"UOP02-DEL02-MT"
570892;2023-12-27;"quarta-feira";"09:05:00";"SP";101;46,9;"UBATUBA";"Transitar na contramão";"Colisão frontal";"Com Vítimas Feridas";"Pleno dia";"Decrescente";"Sol";"Simples";"Reta";"Não";2;0;1;0;1;0;1;2;-23,42403383;-45,07492113;"SPRF-SP";"DEL06-SP";"UOP01-DEL06-SP"
570893;2023-12-23;"sábado";"15:30:00";"RJ";40;93;"PETROPOLIS";"Chuva";"Colisão com objeto";"Sem Vítimas";"Pleno dia";"Crescente";"Chuva";"Simples";"Curva;Declive";"Não";1;0;0;0;1;0;0;1;-22,5554282;-43,25829998;"SPRF-RJ";"DEL01-RJ";"UOP01-DEL01-RJ"
570895;2023-12-27;"quarta-feira";"09:15:00";"SC";470;62,7;"INDAIAL";"Ausência de reação do condutor";"Colisão traseira";"Com Vítimas Feridas";"Pleno dia";"Crescente";"Sol";"Simples";"Reta";"Não";3;0;1;1;1;0;2;2;-26,87434423;-49,18433189;"SPRF-SC";"DEL04-SC";"UOP01-DEL04-SC"
570896;2023-12-27;"quarta-feira";"13:30:00";"RS";290;333;"SAO SEPE";"Afundamento ou ondulação no pavimento";"Saída de leito carroçável";"Com Vítimas Feridas";"Pleno dia";"Crescente";"Céu Claro";"Simples";"Aclive";"Não";3;0;2;0;1;0;2;1;-30,360788;-53,513123;"SPRF-RS";"DEL09-RS";"UOP02-DEL09-RS"
570898;2023-12-27;"quarta-feira";"12:12:00";"RO";364;107,4;"CHUPINGUAIA";"Ingestão de álcool pelo condutor";"Colisão traseira";"Com Vítimas Feridas";"Pleno dia";"Decrescente";"Céu Claro";"Simples";"Reta";"Não";4;0;1;0;3;0;1;2;-12,224781;-60,688491;"SPRF-RO";"DEL04-RO";"UOP01-DEL04-RO"
570901;2023-08-19;"sábado";"19:28:00";"AC";364;39;"ACRELANDIA";"Ausência de reação do condutor";"Colisão frontal";"Com Vítimas Feridas";"Plena Noite";"Decrescente";"Céu Claro";"Simples";"Reta;Em Obras";"Não";4;0;0;1;3;0;1;2;-9,95520038;-67,08448385;"SPRF-AC";"DEL01-AC";"UOP03-DEL01-AC"
570902;2023-12-27;"quarta-feira";"12:30:00";"MG";356;267,5;"MURIAE";"Acessar a via sem observar a presença dos outros veículos";"Colisão transversal";"Com Vítimas Feridas";"Pleno dia";"Decrescente";"Garoa/Chuvisco";"Simples";"Reta;Interseção de Vias";"Sim";3;0;1;0;2;0;1;2;-21,12725696;-42,35052695;"SPRF-MG";"DEL07-MG";"UOP02-DEL07-MG"
570904;2023-12-27;"quarta-feira";"14:10:00";"SC";101;41;"JOINVILLE";"Desrespeitar a preferência no cruzamento";"Colisão transversal";"Com Vítimas Feridas";"Pleno dia";"Crescente";"Céu Claro";"Dupla";"Rotatória;Viaduto";"Não";3;0;2;0;1;0;2;2;-26,28215489;-48,88973081;"SPRF-SC";"DEL03-SC";"UOP01-DEL03-SC"
570905;2023-12-27;"quarta-feira";"13:00:00";"RJ";465;21;"NOVA IGUACU";"Condutor deixou de manter distância do veículo da frente";"Colisão traseira";"Com Vítimas Feridas";"Pleno dia";"Decrescente";"Céu Claro";"Simples";"Reta";"Sim";2;0;1;0;1;0;1;2;-22,854782;-43,601933;"SPRF-RJ";"DEL06-RJ";"UOP02-DEL06-RJ"
570906;2023-12-27;"quarta-feira";"14:00:00";"SC";101;205,5;"SAO JOSE";"Avarias e/ou desgaste excessivo no pneu";"Tombamento";"Com Vítimas Feridas";"Pleno dia";"Crescente";"Céu Claro";"Múltipla";"Reta";"Sim";2;0;2;0;0;0;2;1;-27,5886702;-48,6171627;"SPRF-SC";"DEL01-SC";"UOP01-DEL01-SC"
570907;2023-12-27;"quarta-feira";"14:30:00";"PE";232;4;"RECIFE";"Reação tardia ou ineficiente do condutor";"Saída de leito carroçável";"Com Vítimas Feridas";"Pleno dia";"Decrescente";"Céu Claro";"Simples";"Curva";"Sim";1;0;1;0;0;0;1;1;-8,064473;-34,936928;"SPRF-PE";"DEL01-PE";"UOP01-DEL01-PE"
570908;2023-12-27;"quarta-feira";"14:35:00";"RN";101;102,5;"PARNAMIRIM";"Reação tardia ou ineficiente do condutor";"Colisão traseira";"Com Vítimas Feridas";"Pleno dia";"Decrescente";"Sol";"Múltipla";"Reta";"Sim";2;0;1;0;1;0;1;2;-5,889101;-35,242947;"SPRF-RN";"DEL01-RN";"UOP01-DEL01-RN"
570909;2023-12-27;"quarta-feira";"14:00:00";"CE";116;6,9;"FORTALEZA";"Ausência de reação do condutor";"Colisão lateral mesmo sentido";"Sem Vítimas";"Pleno dia";"Crescente";"Céu Claro";"Múltipla";"Reta";"Sim";2;0;0;0;1;1;0;2;-3,81073099;-38,50074867;"SPRF-CE";"DEL01-CE";"UOP02-DEL01-CE"
570910;2023-12-27;"quarta-feira";"09:00:00";"PB";230;185,9;"POCINHOS";"Demais falhas mecânicas ou elétricas";"Saída de leito carroçável";"Com Vítimas Feridas";"Pleno dia";"Decrescente";"Céu Claro";"Simples";"Reta";"Não";3;0;1;1;1;0;2;1;-7,151;-36,1114;"SPRF-PB";"DEL02-PB";"UOP02-DEL02-PB"
570912;2023-12-27;"quarta-feira";"14:36:00";"RJ";101;310;"SAO GONCALO";"Ausência de reação do condutor";"Colisão traseira";"Com Vítimas Feridas";"Pleno dia";"Decrescente";"Nublado";"Múltipla";"Aclive;Reta";"Sim";2;0;1;0;1;0;1;2;-22,79717023;-43,04404993;"SPRF-RJ";"DEL02-RJ";"UOP02-DEL02-RJ"
570913;2023-12-27;"quarta-feira";"14:30:00";"PR";116;152;"MANDIRITUBA";"Ausência de reação do condutor";"Colisão transversal";"Sem Vítimas";"Pleno dia";"Crescente";"Céu Claro";"Simples";"Reta";"Sim";4;0;0;0;4;0;0;2;-25,86195;-49,36203;"SPRF-PR";"DEL01-PR";"UOP03-DEL01-PR"
570915;2023-12-27;"quarta-feira";"13:40:00";"RS";285;132,4;"VACARIA";"Transitar na contramão";"Colisão frontal";"Com Vítimas Feridas";"Pleno dia";"Crescente";"Céu Claro";"Simples";"Reta";"Não";5;0;4;1;0;0;5;2;-28,437056;-51,003933;"SPRF-RS";"DEL05-RS";"UOP03-DEL05-RS"
570916;2023-12-27;"quarta-feira";"13:50:00";"RJ";101;154;"MACAE";"Conversão proibida";"Colisão transversal";"Com Vítimas Feridas";"Pleno dia";"Crescente";"Céu Claro";"Simples";"Reta";"Não";4;0;1;0;3;0;1;2;-22,25599488;-41,83284009;"SPRF-RJ";"DEL08-RJ";"UOP04-DEL08-RJ"
570917;2023-12-27;"quarta-feira";"15:10:00";"MG";116;523,9;"CARATINGA";"Retorno proibido";"Colisão transversal";"Com Vítimas Feridas";"Pleno dia";"Crescente";"Sol";"Simples";"Curva";"Sim";2;0;1;0;1;0;1;2;-19,76273551;-42,13227868;"SPRF-MG";"DEL06-MG";"UOP02-DEL06-MG"
570918;2023-12-27;"quarta-feira";"14:50:00";"SC";282;36,5;"AGUAS MORNAS";"Mal súbito do condutor";"Colisão lateral sentido oposto";"Com Vítimas Feridas";"Pleno dia";"Decrescente";"Nublado";"Simples";"Reta";"Não";3;0;2;0;1;0;2;2;-27,704855;-48,834026;"SPRF-SC";"DEL01-SC";"UOP03-DEL01-SC"
570919;2023-12-27;"quarta-feira";"13:50:00";"RS";116;152,9;"CAXIAS DO SUL";"Reação tardia ou ineficiente do condutor";"Colisão transversal";"Com Vítimas Feridas";"Pleno dia";"Decrescente";"Céu Claro";"Simples";"Reta";"Sim";3;0;0;1;1;1;1;3;-29,18585894;-51,17615104;"SPRF-RS";"DEL05-RS";"UOP01-DEL05-RS"
570920;2023-12-27;"quarta-feira";"15:30:00";"GO";70;1;"AGUAS LINDAS DE GOIAS";"Condutor deixou de manter distância do veículo da frente";"Colisão lateral mesmo sentido";"Com Vítimas Feridas";"Pleno dia";"Crescente";"Céu Claro";"Dupla";"Aclive";"Não";2;0;1;0;0;1;1;2;-15,77579351;-48,23259001;"SPRF-DF";"DEL03-DF";"UOP02-DEL03-DF"
570921;2023-12-27;"quarta-feira";"15:10:00";"SP";381;58,5;"MAIRIPORA";"Reação tardia ou ineficiente do condutor";"Engavetamento";"Com Vítimas Feridas";"Pleno dia";"Crescente";"Céu Claro";"Dupla";"Reta";"Não";9;0;0;1;8;0;1;3;-23,27987;-46,58647;"SPRF-SP";"DEL03-SP";"UOP01-DEL03-SP"
570922;2023-12-27;"quarta-feira";"15:50:00";"SC";470;47,5;"BLUMENAU";"Retorno proibido";"Colisão transversal";"Com Vítimas Feridas";"Pleno dia";"Decrescente";"Nublado";"Simples";"Reta;Em Obras";"Sim";2;0;1;0;1;0;1;2;-26,86058841;-49,05371807;"SPRF-SC";"DEL04-SC";"UOP01-DEL04-SC"
570923;2023-12-20;"quarta-feira";"21:00:00";"MS";359;523;"LADARIO";"Demais falhas mecânicas ou elétricas";"Incêndio";"Sem Vítimas";"Plena Noite";"Decrescente";"Céu Claro";"Simples";"Reta";"Sim";1;0;0;0;0;1;0;1;-19,02169;-57,614502;"SPRF-MS";"DEL03-MS";"UOP03-DEL03-MS"
570924;2023-12-20;"quarta-feira";"22:30:00";"MS";163;685;"RIO VERDE DE MATO GROSSO";"Condutor Dormindo";"Colisão lateral sentido oposto";"Com Vítimas Feridas";"Plena Noite";"Crescente";"Céu Claro";"Simples";"Reta";"Não";2;0;1;0;1;0;1;2;-18,88196999;-54,83982801;"SPRF-MS";"DEL06-MS";"UOP01-DEL06-MS"
570925;2023-12-27;"quarta-feira";"16:25:00";"MG";40;753,9;"EWBANK DA CAMARA";"Acessar a via sem observar a presença dos outros veículos";"Colisão transversal";"Com Vítimas Feridas";"Pleno dia";"Crescente";"Nublado";"Simples";"Reta";"Não";2;0;0;1;1;0;1;2;-21,47144207;-43,5456067;"SPRF-MG";"DEL05-MG";"UOP01-DEL05-MG"
570926;2023-12-27;"quarta-feira";"13:30:00";"PR";376;627;"SAO JOSE DOS PINHAIS";"Acessar a via sem observar a presença dos outros veículos";"Colisão traseira";"Com Vítimas Feridas";"Pleno dia";"Crescente";"Céu Claro";"Dupla";"Reta";"Não";3;0;0;1;1;1;1;3;-25,66963786;-49,15231858;"SPRF-PR";"DEL01-PR";"UOP04-DEL01-PR"
570927;2023-12-27;"quarta-feira";"16:10:00";"SC";282;72;"RANCHO QUEIMADO";"Manobra de mudança de faixa";"Saída de leito carroçável";"Com Vítimas Feridas";"Pleno dia";"Crescente";"Nublado";"Simples";"Aclive;Curva";"Não";2;0;0;2;0;0;2;1;-27,683439;-49,105259;"SPRF-SC";"DEL01-SC";"UOP03-DEL01-SC"
570931;2023-12-27;"quarta-feira";"15:15:00";"AL";316;229,8;"ATALAIA";"Demais falhas mecânicas ou elétricas";"Incêndio";"Sem Vítimas";"Pleno dia";"Decrescente";"Sol";"Simples";"Curva";"Não";1;0;0;0;1;0;0;1;-9,49359821;-36,12777898;"SPRF-AL";"DEL01-AL";"UOP01-DEL01-AL"
570932;2023-12-27;"quarta-feira";"16:00:00";"SC";280;14;"SAO FRANCISCO DO SUL";"Acesso irregular";"Colisão traseira";"Com Vítimas Feridas";"Pleno dia";"Crescente";"Céu Claro";"Simples";"Reta";"Não";3;0;2;0;1;0;2;2;-26,3301861;-48,65148076;"SPRF-SC";"DEL03-SC";"UOP03-DEL03-SC"
570935;2023-12-27;"quarta-feira";"16:20:00";"SC";282;0,5;"FLORIANOPOLIS";"Condutor deixou de manter distância do veículo da frente";"Engavetamento";"Com Vítimas Feridas";"Pleno dia";"Decrescente";"Céu Claro";"Múltipla";"Declive";"Sim";3;0;2;0;1;0;2;3;-27,59845;-48,571995;"SPRF-SC";"DEL01-SC";"UOP01-DEL01-SC"
570936;2023-12-27;"quarta-feira";"16:30:00";"CE";116;3;"FORTALEZA";"Ausência de reação do condutor";"Colisão traseira";"Com Vítimas Feridas";"Pleno dia";"Decrescente";"Sol";"Múltipla";"Reta";"Sim";2;0;1;0;1;0;1;2;-3,77866493;-38,51490171;"SPRF-CE";"DEL01-CE";"UOP02-DEL01-CE"
570937;2023-12-27;"quarta-feira";"17:00:00";"RJ";116;185;"NOVA IGUACU";"Fumaça";"Incêndio";"Sem Vítimas";"Pleno dia";"Decrescente";"Nublado";"Múltipla";"Reta";"Sim";1;0;0;0;1;0;0;1;-22,74621357;-43,45024109;"SPRF-RJ";"DEL06-RJ";"UOP01-DEL06-RJ"
570938;2023-12-27;"quarta-feira";"16:40:00";"PR";476;151,8;"ARAUCARIA";"Transitar na contramão";"Colisão transversal";"Com Vítimas Feridas";"Pleno dia";"Decrescente";"Céu Claro";"Dupla";"Interseção de Vias";"Não";2;0;1;0;1;0;1;2;-25,56845633;-49,38270271;"SPRF-PR";"DEL01-PR";"UOP06-DEL01-PR"
570939;2023-12-27;"quarta-feira";"17:00:00";"MG";459;59,9;"IPUIUNA";"Ausência de reação do condutor";"Colisão traseira";"Com Vítimas Feridas";"Pleno dia";"Decrescente";"Nublado";"Simples";"Curva;Declive";"Não";4;0;0;1;1;2;1;3;-22,089307;-46,218942;"SPRF-MG";"DEL09-MG";"UOP01-DEL09-MG"
570940;2023-12-27;"quarta-feira";"10:50:00";"BA";407;200;"CALDEIRAO GRANDE";"Manobra de mudança de faixa";"Colisão frontal";"Com Vítimas Feridas";"Pleno dia";"Crescente";"Céu Claro";"Simples";"Reta";"Sim";9;0;5;1;3;0;6;2;-11,10446996;-40,07076789;"SPRF-BA";"DEL04-BA";"UOP02-DEL04-BA"
570941;2023-12-27;"quarta-feira";"17:52:00";"SE";235;35;"AREIA BRANCA";"Acessar a via sem observar a presença dos outros veículos";"Colisão frontal";"Com Vítimas Feridas";"Plena Noite";"Crescente";"Nublado";"Simples";"Curva";"Não";2;0;0;1;1;0;1;2;-10,763301;-37,320831;"SPRF-SE";"DEL01-SE";"UOP02-DEL01-SE"
570943;2023-12-27;"quarta-feira";"16:45:00";"SP";116;100,4;"PINDAMONHANGABA";"Condutor deixou de manter distância do veículo da frente";"Colisão traseira";"Com Vítimas Feridas";"Pleno dia";"Crescente";"Céu Claro";"Dupla";"Reta";"Não";5;0;1;0;3;1;1;2;-22,986552;-45,47276;"SPRF-SP";"DEL08-SP";"UOP01-DEL08-SP"
570945;2023-12-11;"segunda-feira";"10:34:00";"PR";376;678;"GUARATUBA";"Ausência de reação do condutor";"Saída de leito carroçável";"Com Vítimas Feridas";"Pleno dia";"Crescente";"Chuva";"Dupla";"Curva;Declive";"Não";1;0;1;0;0;0;1;1;-25,94235196;-48,90906594;"SPRF-PR";"DEL01-PR";"UOP04-DEL01-PR"
570946;2023-12-27;"quarta-feira";"16:30:00";"PR";116;60;"CAMPINA GRANDE DO SUL";"Reação tardia ou ineficiente do condutor";"Colisão traseira";"Com Vítimas Feridas";"Pleno dia";"Crescente";"Nevoeiro/Neblina";"Dupla";"Reta";"Sim";3;0;1;0;1;1;1;2;-25,30439971;-48,95340995;"SPRF-PR";"DEL01-PR";"UOP02-DEL01-PR"
570947;2023-12-27;"quarta-feira";"11:30:00";"SC";101;308,4;"LAGUNA";"Demais falhas mecânicas ou elétricas";"Colisão com objeto";"Com Vítimas Feridas";"Pleno dia";"Decrescente";"Céu Claro";"Dupla";"Reta";"Sim";1;0;1;0;0;0;1;1;-28,42039109;-48,79989624;"SPRF-SC";"DEL02-SC";"UOP01-DEL02-SC"
570949;2023-12-27;"quarta-feira";"17:30:00";"MA";10;255;"IMPERATRIZ";"Reação tardia ou ineficiente do condutor";"Colisão lateral mesmo sentido";"Com Vítimas Feridas";"Pleno dia";"Crescente";"Céu Claro";"Simples";"Reta";"Sim";3;0;1;0;2;0;1;2;-5,508798;-47,471718;"SPRF-MA";"DEL04-MA";"UOP01-DEL04-MA"
570950;2023-12-11;"segunda-feira";"18:15:00";"PR";116;113;"CURITIBA";"Manobra de mudança de faixa";"Colisão lateral mesmo sentido";"Com Vítimas Feridas";"Pleno dia";"Crescente";"Céu Claro";"Dupla";"Reta";"Sim";3;0;2;0;0;1;2;2;-25,54685272;-49,29083169;"SPRF-PR";"DEL01-PR";"UOP07-DEL01-PR"
570952;2023-12-27;"quarta-feira";"17:15:00";"SC";280;126,8;"RIO NEGRINHO";"Condutor deixou de manter distância do veículo da frente";"Colisão traseira";"Com Vítimas Feridas";"Pleno dia";"Crescente";"Céu Claro";"Simples";"Reta;Interseção de Vias";"Sim";3;0;2;0;1;0;2;2;-26,23915228;-49,50229168;"SPRF-SC";"DEL06-SC";"UOP03-DEL06-SC"
570954;2023-12-27;"quarta-feira";"18:51:00";"RN";405;161;"RAFAEL FERNANDES";"Ingestão de álcool pelo condutor";"Colisão transversal";"Com Vítimas Feridas";"Plena Noite";"Crescente";"Céu Claro";"Simples";"Reta";"Sim";2;0;1;0;1;0;1;2;-6,19868599;-38,2259532;"SPRF-RN";"DEL04-RN";"UOP02-DEL04-RN"
570955;2023-12-27;"quarta-feira";"18:30:00";"BA";101;875;"TEIXEIRA DE FREITAS";"Ingestão de álcool pelo condutor";"Colisão com objeto";"Com Vítimas Feridas";"Plena Noite";"Decrescente";"Chuva";"Simples";"Reta";"Sim";1;0;0;1;0;0;1;1;-17,52717097;-39,70890999;"SPRF-BA";"DEL09-BA";"UOP02-DEL09-BA"
570958;2023-12-27;"quarta-feira";"19:30:00";"GO";40;12;"LUZIANIA";"Acessar a via sem observar a presença dos outros veículos";"Colisão lateral mesmo sentido";"Com Vítimas Feridas";"Plena Noite";"Crescente";"Nublado";"Dupla";"Reta";"Sim";4;0;0;1;3;0;1;2;-16,145123;-47,945382;"SPRF-DF";"DEL01-DF";"UOP01-DEL01-DF"
570959;2023-12-27;"quarta-feira";"13:15:00";"PI";343;444;"AGUA BRANCA";"Condutor deixou de manter distância do veículo da frente";"Colisão traseira";"Com Vítimas Feridas";"Pleno dia";"Decrescente";"Céu Claro";"Simples";"Aclive";"Não";4;0;1;1;1;1;2;3;-5,888477;-42,642536;"SPRF-PI";"DEL01-PI";"UOP02-DEL01-PI"
570960;2023-12-27;"quarta-feira";"18:00:00";"RJ";101;484;"ANGRA DOS REIS";"Demais falhas mecânicas ou elétricas";"Incêndio";"Sem Vítimas";"Anoitecer";"Decrescente";"Céu Claro";"Simples";"Reta";"Não";1;0;0;0;1;0;0;1;-22,99096308;-44,30429882;"SPRF-RJ";"DEL03-RJ";"UOP03-DEL03-RJ"
570961;2023-12-26;"terça-feira";"20:40:00";"MG";40;58,6;"PARACATU";"Reação tardia ou ineficiente do condutor";"Colisão com objeto";"Sem Vítimas";"Plena Noite";"Crescente";"Céu Claro";"Simples";"Reta;Ponte";"Não";1;0;0;0;1;0;0;1;-17,30237298;-46,77173492;"SPRF-MG";"DEL14-MG";"UOP01-DEL14-MG"
570962;2023-12-27;"quarta-feira";"18:50:00";"PR";376;547;"PALMEIRA";"Condutor deixou de manter distância do veículo da frente";"Colisão traseira";"Com Vítimas Feridas";"Pleno dia";"Crescente";"Céu Claro";"Dupla";"Reta";"Não";3;0;2;0;1;0;2;2;-25,40256;-49,78674;"SPRF-PR";"DEL03-PR";"UOP03-DEL03-PR"
570964;2023-12-27;"quarta-feira";"19:20:00";"ES";101;81;"SAO MATEUS";"Acessar a via sem observar a presença dos outros veículos";"Queda de ocupante de veículo";"Com Vítimas Feridas";"Anoitecer";"Crescente";"Céu Claro";"Simples";"Reta";"Não";1;0;1;0;0;0;1;1;-18,82882736;-39,91225653;"SPRF-ES";"DEL04-ES";"UOP02-DEL04-ES"
570965;2023-12-27;"quarta-feira";"20:09:00";"RN";226;3;"NATAL";"Acessar a via sem observar a presença dos outros veículos";"Atropelamento de Pedestre";"Com Vítimas Feridas";"Plena Noite";"Crescente";"Céu Claro";"Simples";"Reta";"Sim";3;0;2;1;0;0;3;2;-5,82085671;-35,25187091;"SPRF-RN";"DEL01-RN";"UOP02-DEL01-RN"
570966;2023-12-27;"quarta-feira";"20:30:00";"DF";70;12;"BRASILIA";"Ingestão de álcool pelo condutor";"Colisão lateral mesmo sentido";"Sem Vítimas";"Plena Noite";"Crescente";"Céu Claro";"Dupla";"Reta";"Sim";2;0;0;0;2;0;0;2;-15,792243;-48,158543;"SPRF-DF";"DEL03-DF";"UOP02-DEL03-DF"
570968;2023-12-27;"quarta-feira";"20:00:00";"GO";153;491;"GOIANIA";"Ausência de reação do condutor";"Colisão traseira";"Com Vítimas Feridas";"Plena Noite";"Decrescente";"Céu Claro";"Dupla";"Reta";"Sim";2;0;0;1;1;0;1;2;-16,639;-49,2063;"SPRF-GO";"DEL01-GO";"UOP01-DEL01-GO"
570971;2023-12-27;"quarta-feira";"20:50:00";"MG";381;328;"NOVA ERA";"Desrespeitar a preferência no cruzamento";"Colisão transversal";"Com Vítimas Feridas";"Plena Noite";"Decrescente";"Nublado";"Dupla";"Interseção de Vias;Reta";"Não";7;0;2;1;4;0;3;2;-19,75680851;-43,02720308;"SPRF-MG";"DEL03-MG";"UOP01-DEL03-MG"
570972;2023-12-27;"quarta-feira";"15:35:00";"SC";282;644,3;"SAO MIGUEL DO OESTE";"Ausência de reação do condutor";"Colisão lateral sentido oposto";"Sem Vítimas";"Pleno dia";"Crescente";"Céu Claro";"Simples";"Curva;Aclive";"Não";2;0;0;0;2;0;0;2;-26,769157;-53,479385;"SPRF-SC";"DEL07-SC";"UOP03-DEL07-SC"
570973;2023-12-27;"quarta-feira";"20:10:00";"PR";116;17;"COLOMBO";"Animais na Pista";"Atropelamento de Animal";"Com Vítimas Feridas";"Plena Noite";"Crescente";"Céu Claro";"Dupla";"Curva";"Sim";1;0;1;0;0;0;1;1;-25,389;-49,1867;"SPRF-PR";"DEL01-PR";"UOP02-DEL01-PR"
570976;2023-12-27;"quarta-feira";"20:40:00";"BA";407;146,6;"FILADELFIA";"Animais na Pista";"Atropelamento de Animal";"Com Vítimas Feridas";"Plena Noite";"Decrescente";"Céu Claro";"Simples";"Reta";"Não";2;0;2;0;0;0;2;1;-10,63219697;-40,13034658;"SPRF-BA";"DEL04-BA";"UOP01-DEL04-BA"
570977;2023-12-27;"quarta-feira";"21:08:00";"MT";364;0,4;"ALTO ARAGUAIA";"Desrespeitar a preferência no cruzamento";"Colisão transversal";"Com Vítimas Feridas";"Plena Noite";"Decrescente";"Céu Claro";"Dupla";"Reta;Retorno Regulamentado";"Sim";3;0;0;1;2;0;1;2;-17,31871;-53,211903;"SPRF-MT";"DEL02-MT";"UOP02-DEL02-MT"
570978;2023-12-27;"quarta-feira";"21:20:00";"SC";470;126;"LONTRAS";"Pedestre andava na pista";"Atropelamento de Pedestre";"Sem Vítimas";"Plena Noite";"Decrescente";"Ignorado";"Dupla";"Curva";"Não";3;0;0;0;2;1;0;2;-27,129;-49,538277;"SPRF-SC";"DEL04-SC";"UOP02-DEL04-SC"
570979;2023-12-27;"quarta-feira";"20:10:00";"MG";262;35;"MANHUACU";"Manobra de mudança de faixa";"Colisão lateral mesmo sentido";"Com Vítimas Feridas";"Plena Noite";"Crescente";"Nublado";"Simples";"Reta";"Sim";3;0;2;0;1;0;2;2;-20,2592562;-42,01698194;"SPRF-MG";"DEL06-MG";"UOP03-DEL06-MG"
570981;2023-09-30;"sábado";"15:30:00";"RN";110;70,8;"GOVERNADOR DIX-SEPT ROSADO";"Ausência de reação do condutor";"Colisão frontal";"Com Vítimas Feridas";"Pleno dia";"Crescente";"Céu Claro";"Simples";"Reta";"Não";2;0;1;1;0;0;2;2;-5,405751;-37,327632;"SPRF-RN";"DEL04-RN";"UOP01-DEL04-RN"
570982;2023-12-27;"quarta-feira";"21:20:00";"BA";116;900;"CANDIDO SALES";"Condutor deixou de manter distância do veículo da frente";"Colisão traseira";"Com Vítimas Fatais";"Plena Noite";"Crescente";"Céu Claro";"Simples";"Reta";"Não";2;1;1;0;0;0;1;1;-15,3651332;-41,17659265;"SPRF-BA";"DEL08-BA";"UOP03-DEL08-BA"
570983;2023-12-27;"quarta-feira";"22:35:00";"MG";40;413,8;"CURVELO";"Acessar a via sem observar a presença dos outros veículos";"Colisão transversal";"Com Vítimas Feridas";"Plena Noite";"Crescente";"Céu Claro";"Simples";"Reta;Interseção de Vias";"Não";5;0;2;0;3;0;2;2;-19,13705965;-44,61582184;"SPRF-MG";"DEL02-MG";"UOP01-DEL02-MG"
570986;2023-08-10;"quinta-feira";"10:00:00";"PR";277;720;"FOZ DO IGUACU";"Reação tardia ou ineficiente do condutor";"Tombamento";"Com Vítimas Feridas";"Pleno dia";"Crescente";"Céu Claro";"Dupla";"Reta";"Não";1;0;1;0;0;0;1;1;-25,48750984;-54,50317706;"SPRF-PR";"DEL05-PR";"UOP03-DEL05-PR"
570987;2023-12-27;"quarta-feira";"22:00:00";"BA";101;257;"SANTO ANTONIO DE JESUS";"Animais na Pista";"Atropelamento de Animal";"Com Vítimas Feridas";"Plena Noite";"Crescente";"Céu Claro";"Simples";"Reta";"Não";1;0;1;0;0;0;1;1;-13,04006608;-39,28675236;"SPRF-BA";"DEL01-BA";"UOP02-DEL01-BA"
570990;2023-12-27;"quarta-feira";"21:10:00";"MG";116;685,9;"MURIAE";"Velocidade Incompatível";"Saída de leito carroçável";"Sem Vítimas";"Plena Noite";"Crescente";"Nublado";"Simples";"Curva;Declive";"Não";1;0;0;0;1;0;0;1;-20,991816;-42,360964;"SPRF-MG";"DEL07-MG";"UOP02-DEL07-MG"
570998;2023-12-28;"quinta-feira";"00:30:00";"MG";262;378;"JUATUBA";"Ingestão de álcool pelo condutor";"Saída de leito carroçável";"Sem Vítimas";"Plena Noite";"Decrescente";"Céu Claro";"Dupla";"Reta";"Não";1;0;0;0;1;0;0;1;-19,95652262;-44,3648278;"SPRF-MG";"DEL01-MG";"UOP03-DEL01-MG"
570999;2023-12-28;"quinta-feira";"00:50:00";"RN";101;82,2;"NATAL";"Ingestão de álcool pelo condutor";"Capotamento";"Com Vítimas Feridas";"Plena Noite";"Decrescente";"Nublado";"Dupla";"Reta";"Sim";1;0;1;0;0;0;1;1;-5,76856;-35,272942;"SPRF-RN";"DEL02-RN";"UOP01-DEL02-RN"