"id";"data_inversa";"dia_semana";"horario";"uf";"br";"km";"municipio";"causa_acidente";"tipo_acidente";"classificacao_acidente";"fase_dia";"sentido_via";"condicao_metereologica";"tipo_pista";"tracado_via";"uso_solo";"pessoas";"mortos";"feridos_leves";"feridos_graves";"ilesos";"ignorados";"feridos";"veiculos";"latitude";"longitude";"regional";"delegacia";"uop"
571000;2023-12-28;"quinta-feira";"00:50:00";"MG";381;491,8;"BETIM";"Ausência de reação do condutor";"Tombamento";"Com Vítimas Feridas";"Plena Noite";"Decrescente";"Céu Claro";"Múltipla";"Reta";"Sim";2;0;1;0;0;1;1;2;-19,9616865;-44,1576837;"SPRF-MG";"DEL01-MG";"UOP03-DEL01-MG"
571003;2023-12-28;"quinta-feira";"02:00:00";"GO";60;388;"RIO VERDE";"Reação tardia ou ineficiente do condutor";"Colisão com objeto";"Sem Vítimas";"Plena Noite";"Decrescente";"Céu Claro";"Dupla";"Em Obras;Desvio Temporário";"Sim";1;0;0;0;0;1;0;1;-17,8151;-50,9343;"SPRF-GO";"DEL04-GO";"UOP02-DEL04-GO"
571005;2023-12-28;"quinta-feira";"04:00:00";"MT";364;373;"SANTO ANTONIO DO LEVERGER";"Demais falhas mecânicas ou elétricas";"Incêndio";"Sem Vítimas";"Amanhecer";"Crescente";"Céu Claro";"Dupla";"Reta";"Não";37;0;0;0;37;0;0;1;-15,70895072;-55,70202884;"SPRF-MT";"DEL01-MT";"UOP02-DEL01-MT"
571006;2023-12-28;"quinta-feira";"05:35:00";"ES";101;94;"JAGUARE";"Demais falhas mecânicas ou elétricas";"Colisão com objeto";"Com Vítimas Feridas";"Amanhecer";"Decrescente";"Céu Claro";"Simples";"Reta;Declive;Interseção de Vias";"Sim";2;0;2;0;0;0;2;1;-18,93086484;-39,97180828;"SPRF-ES";"DEL04-ES";"UOP02-DEL04-ES"
571007;2023-12-27;"quarta-feira";"21:40:00";"RJ";493;3;"ITABORAI";"Área urbana sem a presença de local apropriado para a travessia de pedestres";"Atropelamento de Pedestre";"Com Vítimas Feridas";"Plena Noite";"Crescente";"Céu Claro";"Dupla";"Reta";"Não";2;0;1;0;1;0;1;2;-22,7525329;-42,94160092;"SPRF-RJ";"DEL02-RJ";"UOP02-DEL02-RJ"
571008;2023-12-28;"quinta-feira";"05:50:00";"RS";448;4,8;"ESTEIO";"Reação tardia ou ineficiente do condutor";"Colisão traseira";"Com Vítimas Feridas";"Pleno dia";"Decrescente";"Céu Claro";"Dupla";"Reta";"Não";2;0;1;0;0;1;1;2;-29,849258;-51,220989;"SPRF-RS";"DEL01-RS";"UOP02-DEL01-RS"
571009;2023-12-28;"quinta-feira";"04:50:00";"MG";40;686,8;"RESSAQUINHA";"Manobra de mudança de faixa";"Colisão traseira";"Com Vítimas Feridas";"Plena Noite";"Decrescente";"Céu Claro";"Simples";"Reta;Aclive";"Não";2;0;1;0;1;0;1;2;-21,09704277;-43,76787364;"SPRF-MG";"DEL05-MG";"UOP02-DEL05-MG"
571010;2023-12-28;"quinta-feira";"06:00:00";"SC";101;198,2;"BIGUACU";"Acessar a via sem observar a presença dos outros veículos";"Colisão transversal";"Com Vítimas Feridas";"Pleno dia";"Crescente";"Céu Claro";"Simples";"Interseção de Vias;Reta";"Sim";2;0;0;1;1;0;1;2;-27,52658712;-48,63506019;"SPRF-SC";"DEL01-SC";"UOP01-DEL01-SC"
571012;2023-12-28;"quinta-feira";"05:00:00";"MS";163;7;"MUNDO NOVO";"Ausência de reação do condutor";"Saída de leito carroçável";"Sem Vítimas";"Pleno dia";"Crescente";"Céu Claro";"Simples";"Reta";"Não";1;0;0;0;0;1;0;1;-24,00094566;-54,32020706;"SPRF-MS";"DEL09-MS";"UOP02-DEL09-MS"
571015;2023-12-28;"quinta-feira";"06:50:00";"MG";262;123;"RIO CASCA";"Transitar na contramão";"Colisão frontal";"Sem Vítimas";"Pleno dia";"Crescente";"Nublado";"Simples";"Curva";"Não";5;0;0;0;5;0;0;2;-20,2075719;-42,67303285;"SPRF-MG";"DEL03-MG";"UOP03-DEL03-MG"
571018;2023-12-28;"quinta-feira";"03:30:00";"MG";262;40,4;"MANHUACU";"Ausência de reação do condutor";"Colisão traseira";"Com Vítimas Feridas";"Plena Noite";"Crescente";"Chuva";"Simples";"Reta";"Não";2;0;0;1;0;1;1;2;-20,27334219;-42,04913988;"SPRF-MG";"DEL06-MG";"UOP03-DEL06-MG"
571019;2023-12-28;"quinta-feira";"05:30:00";"MT";364;373;"SANTO ANTONIO DO LEVERGER";"Acessar a via sem observar a presença dos outros veículos";"Colisão transversal";"Sem Vítimas";"Amanhecer";"Decrescente";"Céu Claro";"Dupla";"Retorno Regulamentado";"Não";2;0;0;0;2;0;0;2;-15,70447;-55,733624;"SPRF-MT";"DEL01-MT";"UOP02-DEL01-MT"
571020;2023-12-28;"quinta-feira";"06:40:00";"MG";50;76;"UBERLANDIA";"Ausência de reação do condutor";"Queda de ocupante de veículo";"Com Vítimas Feridas";"Amanhecer";"Decrescente";"Céu Claro";"Múltipla";"Reta";"Sim";1;0;1;0;0;0;1;1;-18,986906;-48,211853;"SPRF-MG";"DEL15-MG";"UOP01-DEL15-MG"
571021;2023-12-28;"quinta-feira";"07:00:00";"MT";70;3;"BARRA DO GARCAS";"Reação tardia ou ineficiente do condutor";"Queda de ocupante de veículo";"Com Vítimas Feridas";"Pleno dia";"Decrescente";"Céu Claro";"Simples";"Reta";"Sim";1;0;0;1;0;0;1;1;-15,88252843;-52,27574027;"SPRF-MT";"DEL07-MT";"UOP01-DEL07-MT"
571022;2023-12-28;"quinta-feira";"06:15:00";"RO";425;103;"NOVA MAMORE";"Ausência de reação do condutor";"Colisão com objeto";"Com Vítimas Feridas";"Pleno dia";"Crescente";"Céu Claro";"Simples";"Curva";"Não";1;0;1;0;0;0;1;1;-10,44122136;-65,34298897;"SPRF-RO";"DEL01-RO";"UOP03-DEL01-RO"
571026;2023-12-28;"quinta-feira";"07:53:00";"CE";116;0;"FORTALEZA";"Ausência de reação do condutor";"Colisão traseira";"Com Vítimas Feridas";"Pleno dia";"Decrescente";"Chuva";"Dupla";"Reta";"Não";3;0;1;0;2;0;1;3;-3,754584;-38,523407;"SPRF-CE";"DEL01-CE";"UOP02-DEL01-CE"
571030;2023-12-28;"quinta-feira";"08:20:00";"PE";101;70;"RECIFE";"Avarias e/ou desgaste excessivo no pneu";"Atropelamento de Animal";"Com Vítimas Feridas";"Pleno dia";"Crescente";"Sol";"Múltipla";"Reta";"Sim";2;0;2;0;0;0;2;1;-8,06776119;-34,94265074;"SPRF-PE";"DEL01-PE";"UOP01-DEL01-PE"
571032;2023-12-28;"quinta-feira";"08:15:00";"SC";101;194,5;"BIGUACU";"Ausência de reação do condutor";"Atropelamento de Animal";"Com Vítimas Feridas";"Pleno dia";"Crescente";"Céu Claro";"Múltipla";"Reta";"Sim";1;0;1;0;0;0;1;1;-27,49815117;-48,65661236;"SPRF-SC";"DEL01-SC";"UOP01-DEL01-SC"
571033;2023-12-28;"quinta-feira";"07:30:00";"MG";40;677;"CARANDAI";"Ausência de reação do condutor";"Saída de leito carroçável";"Com Vítimas Feridas";"Pleno dia";"Decrescente";"Garoa/Chuvisco";"Simples";"Reta";"Não";3;0;1;0;2;0;1;1;-21,019183;-43,78305205;"SPRF-MG";"DEL05-MG";"UOP02-DEL05-MG"
571035;2023-12-28;"quinta-feira";"07:30:00";"RJ";493;6;"ITABORAI";"Ausência de reação do condutor";"Tombamento";"Com Vítimas Feridas";"Pleno dia";"Decrescente";"Céu Claro";"Simples";"Reta;Interseção de Vias";"Sim";3;0;0;1;2;0;1;1;-22,72635927;-42,9511412;"SPRF-RJ";"DEL02-RJ";"UOP02-DEL02-RJ"
571037;2023-12-28;"quinta-feira";"07:36:00";"SP";116;499;"CAJATI";"Reação tardia ou ineficiente do condutor";"Colisão traseira";"Com Vítimas Feridas";"Pleno dia";"Crescente";"Sol";"Simples";"Reta";"Não";3;0;1;0;2;0;1;2;-24,78228753;-48,17695233;"SPRF-SP";"DEL05-SP";"UOP02-DEL05-SP"
571040;2023-12-28;"quinta-feira";"07:00:00";"MT";364;203;"RONDONOPOLIS";"Acumulo de óleo sobre o pavimento";"Colisão lateral mesmo sentido";"Com Vítimas Feridas";"Pleno dia";"Crescente";"Céu Claro";"Dupla";"Reta";"Sim";2;0;1;0;1;0;1;2;-16,47555256;-54,65344724;"SPRF-MT";"DEL02-MT";"UOP01-DEL02-MT"
571043;2023-12-28;"quinta-feira";"06:30:00";"BA";324;609;"SIMOES FILHO";"Demais falhas mecânicas ou elétricas";"Queda de ocupante de veículo";"Com Vítimas Feridas";"Pleno dia";"Decrescente";"Céu Claro";"Dupla";"Reta";"Não";2;0;2;0;0;0;2;1;-12,82066;-38,40798;"SPRF-BA";"DEL01-BA";"UOP01-DEL01-BA"
571044;2023-12-28;"quinta-feira";"08:40:00";"SP";116;269;"TABOAO DA SERRA";"Reação tardia ou ineficiente do condutor";"Colisão traseira";"Com Vítimas Feridas";"Pleno dia";"Crescente";"Céu Claro";"Dupla";"Reta";"Sim";2;0;1;0;1;0;1;2;-23,61593059;-46,78826044;"SPRF-SP";"DEL04-SP";"UOP01-DEL04-SP"
571045;2023-12-28;"quinta-feira";"09:00:00";"MG";365;79,4;"JEQUITAI";"Animais na Pista";"Saída de leito carroçável";"Com Vítimas Feridas";"Pleno dia";"Crescente";"Céu Claro";"Simples";"Reta";"Não";3;0;1;2;0;0;3;1;-17,15886166;-44,36404729;"SPRF-MG";"DEL12-MG";"UOP01-DEL12-MG"
571046;2023-12-28;"quinta-feira";"09:10:00";"ES";101;301,5;"VIANA";"Ausência de reação do condutor";"Colisão traseira";"Com Vítimas Feridas";"Pleno dia";"Decrescente";"Céu Claro";"Dupla";"Reta";"Sim";2;0;1;0;1;0;1;2;-20,36278187;-40,4401343;"SPRF-ES";"DEL01-ES";"UOP01-DEL01-ES"
571048;2023-12-28;"quinta-feira";"08:00:00";"RJ";493;78;"DUQUE DE CAXIAS";"Reação tardia ou ineficiente do condutor";"Saída de leito carroçável";"Com Vítimas Fatais";"Pleno dia";"Crescente";"Céu Claro";"Dupla";"Reta";"Não";4;1;1;2;0;0;3;1;-22,672089;-43,285053;"SPRF-RJ";"DEL01-RJ";"UOP03-DEL01-RJ"
571049;2023-12-28;"quinta-feira";"09:20:00";"RS";290;63;"GRAVATAI";"Demais falhas mecânicas ou elétricas";"Incêndio";"Sem Vítimas";"Pleno dia";"Crescente";"Céu Claro";"Dupla";"Reta";"Não";1;0;0;0;1;0;0;1;-29,936922;-50,886063;"SPRF-RS";"DEL03-RS";"UOP01-DEL03-RS"
571050;2023-12-28;"quinta-feira";"10:00:00";"PR";277;730;"FOZ DO IGUACU";"Demais falhas mecânicas ou elétricas";"Queda de ocupante de veículo";"Com Vítimas Feridas";"Pleno dia";"Decrescente";"Céu Claro";"Múltipla";"Reta";"Sim";2;0;1;0;1;0;1;1;-25,50826305;-54,59238593;"SPRF-PR";"DEL05-PR";"UOP03-DEL05-PR"
571052;2023-12-28;"quinta-feira";"10:03:00";"SC";470;54,2;"BLUMENAU";"Acessar a via sem observar a presença dos outros veículos";"Colisão transversal";"Com Vítimas Feridas";"Pleno dia";"Crescente";"Céu Claro";"Simples";"Interseção de Vias;Rotatória";"Sim";4;0;3;0;1;0;3;3;-26,871065;-49,110374;"SPRF-SC";"DEL04-SC";"UOP01-DEL04-SC"
571054;2023-12-28;"quinta-feira";"09:00:00";"TO";153;449,7;"BARROLANDIA";"Acessar a via sem observar a presença dos outros veículos";"Colisão lateral mesmo sentido";"Com Vítimas Feridas";"Pleno dia";"Crescente";"Sol";"Simples";"Reta";"Não";1;0;1;0;0;0;1;1;-9,816551;-48,72266089;"SPRF-TO";"DEL01-TO";"UOP01-DEL01-TO"
571056;2023-12-28;"quinta-feira";"10:30:00";"SC";101;89;"BARRA VELHA";"Condutor deixou de manter distância do veículo da frente";"Colisão traseira";"Com Vítimas Feridas";"Pleno dia";"Crescente";"Céu Claro";"Dupla";"Reta";"Sim";4;0;1;1;2;0;2;2;-26,65175997;-48,68721921;"SPRF-SC";"DEL03-SC";"UOP02-DEL03-SC"
571057;2023-12-28;"quinta-feira";"11:00:00";"SC";282;6;"SAO JOSE";"Ausência de reação do condutor";"Colisão lateral mesmo sentido";"Sem Vítimas";"Pleno dia";"Decrescente";"Sol";"Múltipla";"Curva";"Não";2;0;0;0;2;0;0;2;-27,58612178;-48,61724854;"SPRF-SC";"DEL01-SC";"UOP01-DEL01-SC"
571058;2023-12-28;"quinta-feira";"07:50:00";"MG";365;600;"UBERLANDIA";"Demais falhas mecânicas ou elétricas";"Saída de leito carroçável";"Com Vítimas Feridas";"Pleno dia";"Decrescente";"Céu Claro";"Simples";"Aclive;Reta";"Não";1;0;1;0;0;0;1;1;-18,89471474;-48,12996205;"SPRF-MG";"DEL15-MG";"UOP01-DEL15-MG"
571059;2023-12-28;"quinta-feira";"09:30:00";"GO";153;28;"PORANGATU";"Reação tardia ou ineficiente do condutor";"Saída de leito carroçável";"Com Vítimas Feridas";"Pleno dia";"Crescente";"Sol";"Simples";"Reta";"Não";4;0;4;0;0;0;4;1;-13,070325;-49,185505;"SPRF-GO";"DEL07-GO";"UOP01-DEL07-GO"
571060;2023-12-28;"quinta-feira";"11:00:00";"PE";232;100,2;"BEZERROS";"Entrada inopinada do pedestre";"Atropelamento de Pedestre";"Com Vítimas Feridas";"Pleno dia";"Decrescente";"Céu Claro";"Simples";"Aclive;Reta";"Sim";2;0;1;1;0;0;2;2;-8,23791176;-35,74297705;"SPRF-PE";"DEL02-PE";"UOP02-DEL02PE"
571062;2023-12-28;"quinta-feira";"08:30:00";"SC";101;148,7;"ITAPEMA";"Condutor deixou de manter distância do veículo da frente";"Colisão traseira";"Com Vítimas Feridas";"Pleno dia";"Crescente";"Sol";"Dupla";"Reta;Interseção de Vias;Viaduto";"Sim";2;0;1;0;1;0;1;2;-27,10123686;-48,61807962;"SPRF-SC";"DEL04-SC";"UOP03-DEL04-SC"
571063;2023-12-28;"quinta-feira";"11:30:00";"PR";277;727;"FOZ DO IGUACU";"Pedestre andava na pista";"Atropelamento de Pedestre";"Com Vítimas Feridas";"Pleno dia";"Crescente";"Céu Claro";"Dupla";"Reta;Viaduto";"Sim";2;0;1;0;1;0;1;2;-25,5101748699;-54,5645489892;"SPRF-PR";"DEL05-PR";"UOP03-DEL05-PR"
571064;2023-12-28;"quinta-feira";"09:28:00";"AC";364;143;"RIO BRANCO";"Mal súbito do condutor";"Queda de ocupante de veículo";"Com Vítimas Feridas";"Pleno dia";"Crescente";"Céu Claro";"Dupla";"Reta";"Não";1;0;1;0;0;0;1;1;-9,92858308;-67,88590139;"SPRF-AC";"DEL01-AC";"UOP01-DEL01-AC"
571065;2023-12-28;"quinta-feira";"10:25:00";"RO";364;226,6;"CACOAL";"Acessar a via sem observar a presença dos outros veículos";"Colisão lateral mesmo sentido";"Com Vítimas Feridas";"Pleno dia";"Decrescente";"Sol";"Simples";"Reta;Interseção de Vias;Aclive";"Sim";2;0;1;0;1;0;1;2;-11,498726;-61,372016;"SPRF-RO";"DEL02-RO";"UOP02-DEL02-RO"
571066;2023-12-28;"quinta-feira";"11:00:00";"SC";470;69;"INDAIAL";"Ausência de reação do condutor";"Tombamento";"Com Vítimas Feridas";"Pleno dia";"Crescente";"Céu Claro";"Dupla";"Reta;Em Obras";"Não";1;0;0;1;0;0;1;1;-26,883745;-49,246704;"SPRF-SC";"DEL04-SC";"UOP01-DEL04-SC"
571067;2023-12-28;"quinta-feira";"11:15:00";"BA";116;813,4;"VITORIA DA CONQUISTA";"Ausência de reação do condutor";"Colisão traseira";"Com Vítimas Feridas";"Pleno dia";"Crescente";"Céu Claro";"Simples";"Reta";"Sim";2;0;0;1;1;0;1;2;-14,804813;-40,782713;"SPRF-BA";"DEL08-BA";"UOP01-DEL08-BA"
571068;2023-12-25;"segunda-feira";"20:30:00";"PR";277;452,2;"LARANJEIRAS DO SUL";"Ingestão de álcool pelo condutor";"Colisão frontal";"Com Vítimas Feridas";"Plena Noite";"Decrescente";"Nublado";"Simples";"Reta";"Sim";3;0;2;0;1;0;2;2;-25,37059917;-52,36924101;"SPRF-PR";"DEL04-PR";"UOP02-DEL04-PR"
571071;2023-12-28;"quinta-feira";"11:00:00";"MG";50;44;"ARAGUARI";"Acessar a via sem observar a presença dos outros veículos";"Colisão traseira";"Com Vítimas Feridas";"Pleno dia";"Decrescente";"Céu Claro";"Dupla";"Reta";"Não";3;0;2;0;1;0;2;2;-18,70561658;-48,19108255;"SPRF-MG";"DEL15-MG";"UOP02-DEL15-MG"
571072;2023-12-16;"sábado";"12:49:00";"RO";174;10,9;"VILHENA";"Demais falhas mecânicas ou elétricas";"Tombamento";"Com Vítimas Feridas";"Pleno dia";"Crescente";"Céu Claro";"Simples";"Rotatória;Reta";"Sim";1;0;0;1;0;0;1;1;-12,74552493;-60,11455005;"SPRF-RO";"DEL04-RO";"UOP01-DEL04-RO"
571073;2023-12-28;"quinta-feira";"11:55:00";"RS";116;249;"SAO LEOPOLDO";"Manobra de mudança de faixa";"Colisão lateral mesmo sentido";"Com Vítimas Feridas";"Pleno dia";"Crescente";"Céu Claro";"Dupla";"Reta";"Sim";2;0;1;0;1;0;1;2;-29,7831804;-51,16099063;"SPRF-RS";"DEL01-RS";"UOP02-DEL01-RS"
571074;2023-12-28;"quinta-feira";"10:45:00";"SC";101;278;"IMBITUBA";"Demais falhas mecânicas ou elétricas";"Tombamento";"Com Vítimas Feridas";"Pleno dia";"Crescente";"Céu Claro";"Dupla";"Reta";"Não";2;0;2;0;0;0;2;1;-28,16300604;-48,6939345;"SPRF-SC";"DEL02-SC";"UOP03-DEL02-SC"
571075;2023-12-28;"quinta-feira";"09:40:00";"MT";364;493;"COMODORO";"Condutor deixou de manter distância do veículo da frente";"Colisão traseira";"Com Vítimas Feridas";"Pleno dia";"Decrescente";"Céu Claro";"Simples";"Aclive";"Não";5;0;2;0;3;0;2;2;-13,589828;-59,805607;"SPRF-MT";"DEL01-MT";"UOP01-DEL01-MT"
571076;2023-12-28;"quinta-feira";"11:40:00";"RS";470;177;"VERANOPOLIS";"Acessar a via sem observar a presença dos outros veículos";"Colisão transversal";"Com Vítimas Feridas";"Pleno dia";"Crescente";"Céu Claro";"Simples";"Reta";"Não";2;0;1;0;1;0;1;2;-28,93915139;-51,54591976;"SPRF-RS";"DEL06-RS";"UOP02-DEL06-RS"
571078;2023-12-19;"terça-feira";"11:36:00";"PR";369;37;"ANDIRA";"Acessar a via sem observar a presença dos outros veículos";"Colisão lateral mesmo sentido";"Com Vítimas Feridas";"Pleno dia";"Crescente";"Céu Claro";"Simples";"Reta";"Sim";2;0;1;0;1;0;1;2;-23,04649903;-50,23420215;"SPRF-PR";"DEL07-PR";"UOP05-DEL07-PR"
571079;2023-12-26;"terça-feira";"09:35:00";"MT";364;272,4;"JACIARA";"Condutor deixou de manter distância do veículo da frente";"Colisão traseira";"Com Vítimas Feridas";"Pleno dia";"Decrescente";"Chuva";"Dupla";"Aclive";"Sim";3;0;1;0;2;0;1;2;-15,96667987;-54,96121981;"SPRF-MT";"DEL05-MT";"UOP02-DEL05-MT"
571080;2023-12-28;"quinta-feira";"12:55:00";"PR";277;243,2;"IRATI";"Ingestão de álcool pelo condutor";"Colisão transversal";"Com Vítimas Feridas";"Pleno dia";"Crescente";"Céu Claro";"Simples";"Reta";"Não";2;0;1;0;1;0;1;2;-25,45203086;-50,65830588;"SPRF-PR";"DEL08-PR";"UOP02-DEL08-PR"
571081;2023-12-28;"quinta-feira";"13:05:00";"SC";280;38,8;"ARAQUARI";"Acumulo de areia ou detritos sobre o pavimento";"Eventos atípicos";"Sem Vítimas";"Pleno dia";"Crescente";"Céu Claro";"Simples";"Reta;Em Obras";"Não";2;0;0;0;2;0;0;1;-26,448778;-48,837128;"SPRF-SC";"DEL03-SC";"UOP03-DEL03-SC"
571082;2023-12-28;"quinta-feira";"12:30:00";"PE";101;65,4;"RECIFE";"Acessar a via sem observar a presença dos outros veículos";"Tombamento";"Com Vítimas Feridas";"Pleno dia";"Crescente";"Céu Claro";"Dupla";"Reta";"Sim";2;0;1;1;0;0;2;1;-8,028941;-34,943187;"SPRF-PE";"DEL01-PE";"UOP01-DEL01-PE"
571084;2023-10-26;"quinta-feira";"09:20:00";"SP";116;219;"GUARULHOS";"Trafegar com motocicleta (ou similar) entre as faixas";"Colisão traseira";"Com Vítimas Feridas";"Pleno dia";"Crescente";"Nublado";"Dupla";"Reta";"Não";2;0;1;0;1;0;1;2;-23,46143954;-46,48885316;"SPRF-SP";"DEL01-SP";"UOP01-DEL01-SP"
571085;2023-12-28;"quinta-feira";"13:00:00";"PI";316;11;"TERESINA";"Reação tardia ou ineficiente do condutor";"Colisão traseira";"Com Vítimas Feridas";"Pleno dia";"Crescente";"Nublado";"Simples";"Reta";"Sim";2;0;1;0;1;0;1;2;-5,191739;-42,76076102;"SPRF-PI";"DEL01-PI";"UOP02-DEL01-PI"
571086;2023-07-10;"segunda-feira";"18:47:00";"PR";376;169;"MARINGA";"Acumulo de areia ou detritos sobre o pavimento";"Tombamento";"Com Vítimas Feridas";"Anoitecer";"Crescente";"Nublado";"Dupla";"Reta";"Não";1;0;1;0;0;0;1;1;-23,41293401;-51,98354301;"SPRF-PR";"DEL09-PR";"UOP01-DEL09-PR"
571087;2023-12-28;"quinta-feira";"12:20:00";"RO";319;64;"PORTO VELHO";"Condutor deixou de manter distância do veículo da frente";"Engavetamento";"Sem Vítimas";"Pleno dia";"Crescente";"Céu Claro";"Múltipla";"Reta";"Sim";4;0;0;0;4;0;0;4;-8,766685;-63,884052;"SPRF-RO";"DEL01-RO";"UOP01-DEL01-RO"
571088;2023-12-28;"quinta-feira";"12:10:00";"RJ";101;446;"MANGARATIBA";"Demais falhas mecânicas ou elétricas";"Incêndio";"Sem Vítimas";"Pleno dia";"Decrescente";"Céu Claro";"Simples";"Curva";"Não";1;0;0;0;0;1;0;1;-22,995425;-44,09939196;"SPRF-RJ";"DEL03-RJ";"UOP02-DEL03-RJ"
571089;2023-12-28;"quinta-feira";"12:20:00";"PB";230;369,7;"MALTA";"Transitar na contramão";"Saída de leito carroçável";"Com Vítimas Feridas";"Pleno dia";"Crescente";"Céu Claro";"Simples";"Reta;Declive";"Não";2;0;0;2;0;0;2;1;-6,9068;-37,5407;"SPRF-PB";"DEL03-PB";"UOP02-DEL03-PB"
571091;2023-12-28;"quinta-feira";"13:10:00";"CE";222;1;"FORTALEZA";"Ingestão de álcool pelo condutor";"Colisão traseira";"Sem Vítimas";"Pleno dia";"Crescente";"Sol";"Múltipla";"Reta";"Sim";2;0;0;0;2;0;0;2;-3,7367737;-38,56923;"SPRF-CE";"DEL01-CE";"UOP01-DEL01-CE"
571092;2023-12-28;"quinta-feira";"12:48:00";"MS";163;494,7;"CAMPO GRANDE";"Manobra de mudança de faixa";"Colisão frontal";"Com Vítimas Feridas";"Pleno dia";"Decrescente";"Céu Claro";"Simples";"Reta;Declive";"Não";7;0;3;3;0;1;6;3;-20,38477282;-54,54412511;"SPRF-MS";"DEL01-MS";"UOP02-DEL01-MS"
571093;2023-12-28;"quinta-feira";"11:40:00";"MT";163;402;"CUIABA";"Estacionar ou parar em local proibido";"Colisão lateral mesmo sentido";"Sem Vítimas";"Pleno dia";"Crescente";"Céu Claro";"Dupla";"Túnel;Reta;Interseção de Vias";"Sim";1;0;0;0;0;1;0;1;-15,64930335;-56,0005396;"SPRF-MT";"DEL01-MT";"UOP02-DEL01-MT"
571095;2023-12-28;"quinta-feira";"14:00:00";"SC";101;140;"BALNEARIO CAMBORIU";"Reação tardia ou ineficiente do condutor";"Tombamento";"Com Vítimas Feridas";"Amanhecer";"Crescente";"Céu Claro";"Dupla";"Curva;Declive";"Sim";1;0;1;0;0;0;1;1;-27,04720122;-48,59978199;"SPRF-SC";"DEL04-SC";"UOP03-DEL04-SC"
571097;2023-12-28;"quinta-feira";"13:50:00";"MG";40;456;"CAETANOPOLIS";"Afundamento ou ondulação no pavimento";"Saída de leito carroçável";"Com Vítimas Feridas";"Pleno dia";"Crescente";"Céu Claro";"Dupla";"Curva";"Não";4;0;4;0;0;0;4;1;-19,36312782;-44,33978478;"SPRF-MG";"DEL02-MG";"UOP01-DEL02-MG"
571103;2023-12-28;"quinta-feira";"13:40:00";"BA";116;823,3;"VITORIA DA CONQUISTA";"Reação tardia ou ineficiente do condutor";"Colisão lateral mesmo sentido";"Com Vítimas Feridas";"Pleno dia";"Crescente";"Céu Claro";"Dupla";"Curva";"Sim";3;0;0;2;1;0;2;2;-14,856919;-40,849488;"SPRF-BA";"DEL08-BA";"UOP01-DEL08-BA"
571104;2023-12-28;"quinta-feira";"15:03:00";"SP";101;49,5;"UBATUBA";"Acessar a via sem observar a presença dos outros veículos";"Colisão transversal";"Com Vítimas Feridas";"Pleno dia";"Crescente";"Céu Claro";"Simples";"Reta";"Sim";2;0;1;0;1;0;1;2;-23,44410908;-45,08375708;"SPRF-SP";"DEL06-SP";"UOP01-DEL06-SP"
571105;2023-12-28;"quinta-feira";"14:25:00";"PB";230;22;"JOAO PESSOA";"Condutor deixou de manter distância do veículo da frente";"Colisão traseira";"Sem Vítimas";"Pleno dia";"Crescente";"Céu Claro";"Dupla";"Reta";"Sim";2;0;0;0;2;0;0;1;-7,1495;-34,8517;"SPRF-PB";"DEL01-PB";"UOP01-DEL01-PB"
571106;2023-12-28;"quinta-feira";"10:00:00";"MG";40;275,5;"TRES MARIAS";"Ultrapassagem Indevida";"Colisão traseira";"Com Vítimas Feridas";"Pleno dia";"Crescente";"Céu Claro";"Simples";"Curva;Declive";"Não";5;0;4;0;1;0;4;2;-18,19945877;-45,23770577;"SPRF-MG";"DEL14-MG";"UOP02-DEL14-MG"
571109;2023-12-28;"quinta-feira";"14:30:00";"PB";230;2,3;"CAMPINA GRANDE";"Conversão proibida";"Colisão transversal";"Com Vítimas Feridas";"Pleno dia";"Decrescente";"Céu Claro";"Simples";"Curva";"Sim";2;0;0;1;1;0;1;2;-7,230975;-35,881405;"SPRF-PB";"DEL02-PB";"UOP01-DEL02-PB"
571110;2023-12-28;"quinta-feira";"14:20:00";"SC";101;462;"PASSO DE TORRES";"Reação tardia ou ineficiente do condutor";"Colisão com objeto";"Com Vítimas Feridas";"Pleno dia";"Decrescente";"Céu Claro";"Dupla";"Reta";"Não";4;0;1;1;2;0;2;1;-29,27577495;-49,75499332;"SPRF-RS";"DEL03-RS";"UOP02-DEL03-RS"
571112;2023-12-28;"quinta-feira";"15:20:00";"MT";70;4;"BARRA DO GARCAS";"Ultrapassagem Indevida";"Colisão lateral mesmo sentido";"Com Vítimas Feridas";"Pleno dia";"Decrescente";"Céu Claro";"Dupla";"Interseção de Vias;Reta";"Não";3;0;0;2;1;0;2;2;-15,87907036;-52,28563311;"SPRF-MT";"DEL07-MT";"UOP01-DEL07-MT"
571113;2023-12-28;"quinta-feira";"15:00:00";"PR";277;349;"GUARAPUAVA";"Reação tardia ou ineficiente do condutor";"Colisão com objeto";"Sem Vítimas";"Pleno dia";"Crescente";"Céu Claro";"Dupla";"Reta";"Sim";1;0;0;0;0;1;0;1;-25,33928412;-51,42880296;"SPRF-PR";"DEL08-PR";"UOP01-DEL08-PR"
571115;2023-12-28;"quinta-feira";"15:00:00";"RS";470;216,8;"BENTO GONCALVES";"Acessar a via sem observar a presença dos outros veículos";"Colisão transversal";"Com Vítimas Feridas";"Pleno dia";"Decrescente";"Céu Claro";"Dupla";"Reta";"Sim";3;0;2;0;1;0;2;2;-29,15887096;-51,53142395;"SPRF-RS";"DEL06-RS";"UOP01-DEL06-RS"