"id";"data_inversa";"dia_semana";"horario";"uf";"br";"km";"municipio";"causa_acidente";"tipo_acidente";"classificacao_acidente";"fase_dia";"sentido_via";"condicao_metereologica";"tipo_pista";"tracado_via";"uso_solo";"pessoas";"mortos";"feridos_leves";"feridos_graves";"ilesos";"ignorados";"feridos";"veiculos";"latitude";"longitude";"regional";"delegacia";"uop"
571232;2023-12-29;"sexta-feira";"06:25:00";"RJ";40;82;"PETROPOLIS";"Velocidade Incompatível";"Saída de leito carroçável";"Com Vítimas Feridas";"Pleno dia";"Crescente";"Céu Claro";"Simples";"Curva";"Não";4;0;4;0;0;0;4;1;-22,51183137;-43,23076171;"SPRF-RJ";"DEL01-RJ";"UOP01-DEL01-RJ"
571233;2023-12-29;"sexta-feira";"01:00:00";"RJ";465;6;"SEROPEDICA";"Velocidade Incompatível";"Capotamento";"Com Vítimas Feridas";"Plena Noite";"Crescente";"Céu Claro";"Dupla";"Reta";"Sim";1;0;0;1;0;0;1;1;-22,754314;-43,692879;"SPRF-RJ";"DEL06-RJ";"UOP02-DEL06-RJ"
571234;2023-12-29;"sexta-feira";"02:00:00";"MA";316;15;"BOA VISTA DO GURUPI";"Condutor Dormindo";"Saída de leito carroçável";"Com Vítimas Feridas";"Plena Noite";"Decrescente";"Céu Claro";"Simples";"Reta";"Não";1;0;0;1;0;0;1;1;-1,8041;-46,197067;"SPRF-MA";"DEL02-MA";"UOP02-DEL02-MA"
571235;2023-12-29;"sexta-feira";"07:39:00";"GO";153;177;"CAMPINORTE";"Manobra de mudança de faixa";"Colisão lateral mesmo sentido";"Com Vítimas Feridas";"Pleno dia";"Decrescente";"Céu Claro";"Simples";"Reta";"Sim";4;0;1;0;3;0;1;2;-14,319126;-49,15099;"SPRF-GO";"DEL07-GO";"UOP02-DEL07-GO"
571236;2023-12-29;"sexta-feira";"08:00:00";"SP";116;370;"MIRACATU";"Manobra de mudança de faixa";"Colisão lateral mesmo sentido";"Com Vítimas Feridas";"Pleno dia";"Crescente";"Nublado";"Múltipla";"Curva;Declive";"Não";2;0;1;0;0;1;1;2;-24,15230452;-47,32081981;"SPRF-SP";"DEL04-SP";"UOP02-DEL04-SP"
571237;2023-12-29;"sexta-feira";"08:00:00";"BA";324;622;"SALVADOR";"Demais falhas mecânicas ou elétricas";"Queda de ocupante de veículo";"Com Vítimas Feridas";"Pleno dia";"Decrescente";"Sol";"Múltipla";"Reta";"Sim";2;0;2;0;0;0;2;1;-12,91888605;-38,46502095;"SPRF-BA";"DEL01-BA";"UOP01-DEL01-BA"
571239;2023-07-19;"quarta-feira";"05:00:00";"SC";282;18;"PALHOCA";"Deficiência do Sistema de Iluminação/Sinalização";"Colisão com objeto";"Sem Vítimas";"Plena Noite";"Decrescente";"Céu Claro";"Simples";"Reta";"Não";1;0;0;0;0;1;0;1;-27,672798;-48,694286;"SPRF-SC";"DEL01-SC";"UOP02-DEL01-SC"
571240;2023-12-02;"sábado";"03:05:00";"RS";470;162;"NOVA PRATA";"Reação tardia ou ineficiente do condutor";"Colisão traseira";"Com Vítimas Feridas";"Plena Noite";"Crescente";"Nublado";"Simples";"Reta";"Sim";4;0;0;2;2;0;2;2;-28,82207304;-51,58755803;"SPRF-RS";"DEL06-RS";"UOP02-DEL06-RS"
571242;2023-12-29;"sexta-feira";"07:00:00";"RO";364;198,4;"PIMENTA BUENO";"Ausência de reação do condutor";"Queda de ocupante de veículo";"Com Vítimas Feridas";"Pleno dia";"Crescente";"Céu Claro";"Simples";"Reta;Ponte";"Não";1;0;0;1;0;0;1;1;-11,666607;-61,191825;"SPRF-RO";"DEL02-RO";"UOP02-DEL02-RO"
571243;2023-12-29;"sexta-feira";"06:40:00";"CE";222;12,4;"CAUCAIA";"Acessar a via sem observar a presença dos outros veículos";"Colisão transversal";"Com Vítimas Feridas";"Pleno dia";"Decrescente";"Céu Claro";"Simples";"Reta";"Não";2;0;1;1;0;0;2;2;-3,76479979;-38,66897196;"SPRF-CE";"DEL01-CE";"UOP01-DEL01-CE"
571245;2023-12-29;"sexta-feira";"08:40:00";"MG";116;278,9;"TEOFILO OTONI";"Condutor deixou de manter distância do veículo da frente";"Colisão traseira";"Com Vítimas Feridas";"Pleno dia";"Crescente";"Céu Claro";"Simples";"Rotatória";"Sim";3;0;1;0;2;0;1;2;-17,86846089;-41,5171394;"SPRF-MG";"DEL11-MG";"UOP01-DEL11-MG"
571247;2023-12-29;"sexta-feira";"06:30:00";"MG";381;160,9;"GOVERNADOR VALADARES";"Condutor Dormindo";"Colisão frontal";"Com Vítimas Fatais";"Pleno dia";"Crescente";"Céu Claro";"Simples";"Reta";"Não";8;1;3;4;0;0;7;2;-18,92253529;-42,02800895;"SPRF-MG";"DEL06-MG";"UOP01-DEL06-MG"
571248;2023-12-29;"sexta-feira";"09:00:00";"RS";290;95;"PORTO ALEGRE";"Ausência de reação do condutor";"Colisão com objeto";"Com Vítimas Feridas";"Pleno dia";"Crescente";"Céu Claro";"Dupla";"Declive";"Não";1;0;1;0;0;0;1;1;-29,982832;-51,201572;"SPRF-RS";"DEL01-RS";"UOP01-DEL01-RS"
571251;2023-11-17;"sexta-feira";"09:00:00";"PR";116;209;"RIO NEGRO";"Desrespeitar a preferência no cruzamento";"Colisão transversal";"Com Vítimas Feridas";"Pleno dia";"Decrescente";"Céu Claro";"Simples";"Rotatória";"Não";2;0;1;0;1;0;1;2;-26,07620916;-49,75230908;"SPRF-SC";"DEL06-SC";"UOP01-DEL06-SC"
571253;2023-12-29;"sexta-feira";"07:50:00";"BA";367;28;"PORTO SEGURO";"Avarias e/ou desgaste excessivo no pneu";"Queda de ocupante de veículo";"Com Vítimas Fatais";"Pleno dia";"Decrescente";"Céu Claro";"Simples";"Reta";"Sim";1;1;0;0;0;0;0;1;-16,4238769;-39,10203391;"SPRF-BA";"DEL09-BA";"UOP03-DEL09-BA"
571254;2023-12-29;"sexta-feira";"06:20:00";"PB";230;422,3;"POMBAL";"Ausência de reação do condutor";"Colisão com objeto";"Com Vítimas Feridas";"Pleno dia";"Crescente";"Céu Claro";"Simples";"Declive;Reta";"Não";1;0;1;0;0;0;1;1;-6,731354;-37,887101;"SPRF-PB";"DEL03-PB";"UOP02-DEL03-PB"
571255;2023-12-29;"sexta-feira";"08:00:00";"MG";40;520;"CONTAGEM";"Ausência de reação do condutor";"Colisão lateral mesmo sentido";"Com Vítimas Feridas";"Pleno dia";"Crescente";"Céu Claro";"Dupla";"Reta";"Não";3;0;1;0;2;0;1;2;-19,84761911;-44,07276144;"SPRF-MG";"DEL01-MG";"UOP02-DEL01-MG"
571256;2023-12-29;"sexta-feira";"08:25:00";"RS";153;617;"HULHA NEGRA";"Reação tardia ou ineficiente do condutor";"Saída de leito carroçável";"Com Vítimas Feridas";"Pleno dia";"Crescente";"Céu Claro";"Simples";"Reta";"Não";1;0;1;0;0;0;1;1;-31,30586977;-53,92608819;"SPRF-RS";"DEL11-RS";"UOP03-DEL11-RS"
571257;2023-12-29;"sexta-feira";"05:15:00";"SC";282;180,8;"BOCAINA DO SUL";"Ausência de reação do condutor";"Saída de leito carroçável";"Com Vítimas Feridas";"Pleno dia";"Decrescente";"Nublado";"Simples";"Rotatória";"Não";1;0;1;0;0;0;1;1;-27,742239;-49,939873;"SPRF-SC";"DEL05-SC";"UOP01-DEL05-SC"
571258;2023-12-21;"quinta-feira";"21:30:00";"RJ";116;211;"SEROPEDICA";"Ausência de reação do condutor";"Atropelamento de Pedestre";"Com Vítimas Feridas";"Plena Noite";"Crescente";"Céu Claro";"Dupla";"Reta";"Sim";4;0;2;0;1;1;2;3;-22,71844298;-43,700897;"SPRF-RJ";"DEL06-RJ";"UOP02-DEL06-RJ"
571260;2023-12-29;"sexta-feira";"08:45:00";"RS";392;17,6;"RIO GRANDE";"Acumulo de água sobre o pavimento";"Saída de leito carroçável";"Sem Vítimas";"Pleno dia";"Crescente";"Chuva";"Dupla";"Reta";"Sim";1;0;0;0;1;0;0;1;-32,09414738;-52,16752661;"SPRF-RS";"DEL07-RS";"UOP02-DEL07-RS"
571261;2023-08-14;"segunda-feira";"08:15:00";"RN";101;84;"NATAL";"Pedestre andava na pista";"Tombamento";"Com Vítimas Feridas";"Pleno dia";"Decrescente";"Céu Claro";"Dupla";"Retorno Regulamentado";"Sim";1;0;0;1;0;0;1;1;-5,774175;-35,2578;"SPRF-RN";"DEL02-RN";"UOP01-DEL02-RN"
571262;2023-12-29;"sexta-feira";"07:00:00";"PR";277;121,5;"CAMPO LARGO";"Reação tardia ou ineficiente do condutor";"Colisão traseira";"Sem Vítimas";"Pleno dia";"Decrescente";"Céu Claro";"Dupla";"Reta";"Sim";5;0;0;0;4;1;0;2;-25,44032935;-49,55537796;"SPRF-PR";"DEL03-PR";"UOP03-DEL03-PR"
571263;2023-12-29;"sexta-feira";"10:00:00";"SC";101;139;"BALNEARIO CAMBORIU";"Manobra de mudança de faixa";"Colisão lateral mesmo sentido";"Com Vítimas Feridas";"Pleno dia";"Crescente";"Céu Claro";"Simples";"Reta;Aclive";"Não";4;0;2;0;2;0;2;3;-27,02982303;-48,60115006;"SPRF-SC";"DEL04-SC";"UOP03-DEL04-SC"
571264;2023-12-29;"sexta-feira";"10:00:00";"PR";376;639,9;"TIJUCAS DO SUL";"Velocidade Incompatível";"Colisão traseira";"Com Vítimas Feridas";"Pleno dia";"Crescente";"Céu Claro";"Dupla";"Declive";"Não";4;0;2;0;2;0;2;3;-25,77360113;-49,12143434;"SPRF-PR";"DEL01-PR";"UOP04-DEL01-PR"
571266;2023-12-29;"sexta-feira";"10:30:00";"MG";381;708,9;"NEPOMUCENO";"Velocidade Incompatível";"Saída de leito carroçável";"Com Vítimas Feridas";"Pleno dia";"Crescente";"Céu Claro";"Dupla";"Curva;Declive";"Não";2;0;2;0;0;0;2;1;-21,370524;-45,188652;"SPRF-MG";"DEL04-MG";"UOP02-DEL04-MG"
571268;2023-12-29;"sexta-feira";"08:30:00";"PR";277;32;"MORRETES";"Reação tardia ou ineficiente do condutor";"Tombamento";"Com Vítimas Feridas";"Pleno dia";"Crescente";"Céu Claro";"Dupla";"Curva";"Não";1;0;1;0;0;0;1;1;-25,5602076;-48,81480281;"SPRF-PR";"DEL01-PR";"UOP05-DEL01-PR"
571269;2023-12-29;"sexta-feira";"10:40:00";"GO";50;118,1;"IPAMERI";"Avarias e/ou desgaste excessivo no pneu";"Queda de ocupante de veículo";"Com Vítimas Feridas";"Pleno dia";"Decrescente";"Nublado";"Dupla";"Reta";"Não";2;0;2;0;0;0;2;1;-16,92189468;-47,69921824;"SPRF-DF";"DEL01-DF";"UOP02-DEL01-DF"
571270;2023-12-29;"sexta-feira";"10:50:00";"SC";280;17;"ARAQUARI";"Retorno proibido";"Colisão transversal";"Com Vítimas Feridas";"Pleno dia";"Crescente";"Céu Claro";"Simples";"Reta";"Não";2;0;2;0;0;0;2;2;-26,35609813;-48,66029868;"SPRF-SC";"DEL03-SC";"UOP03-DEL03-SC"
571271;2023-12-29;"sexta-feira";"11:15:00";"MG";116;772,8;"LEOPOLDINA";"Ausência de reação do condutor";"Saída de leito carroçável";"Sem Vítimas";"Pleno dia";"Crescente";"Céu Claro";"Simples";"Aclive";"Não";2;0;0;0;2;0;0;1;-21,57227131;-42,67920724;"SPRF-MG";"DEL07-MG";"UOP01-DEL07-MG"
571272;2023-12-29;"sexta-feira";"11:00:00";"CE";20;297;"CANINDE";"Pista esburacada";"Capotamento";"Com Vítimas Feridas";"Pleno dia";"Crescente";"Céu Claro";"Simples";"Curva";"Não";4;0;3;0;1;0;3;1;-4,43990397;-39,33438205;"SPRF-CE";"DEL02-CE";"UOP01-DEL02-CE"
571273;2023-12-16;"sábado";"00:40:00";"MS";163;261;"DOURADOS";"Ausência de reação do condutor";"Engavetamento";"Com Vítimas Feridas";"Plena Noite";"Decrescente";"Nublado";"Dupla";"Reta";"Sim";4;0;0;1;1;2;1;3;-22,23864271;-54,76552912;"SPRF-MS";"DEL04-MS";"UOP01-DEL04-MS"
571275;2023-12-29;"sexta-feira";"05:45:00";"MS";267;137;"NOVA ANDRADINA";"Velocidade Incompatível";"Colisão com objeto";"Com Vítimas Fatais";"Amanhecer";"Decrescente";"Céu Claro";"Simples";"Reta";"Não";1;1;0;0;0;0;0;1;-21,70110718;-53,3621401;"SPRF-MS";"DEL02-MS";"UOP03-DEL02-MS"
571276;2023-12-29;"sexta-feira";"10:45:00";"MT";364;275,9;"JACIARA";"Reação tardia ou ineficiente do condutor";"Colisão transversal";"Sem Vítimas";"Pleno dia";"Decrescente";"Céu Claro";"Dupla";"Reta;Aclive";"Não";2;0;0;0;1;1;0;2;-15,95085604;-54,98237599;"SPRF-MT";"DEL05-MT";"UOP02-DEL05-MT"
571277;2023-12-29;"sexta-feira";"12:00:00";"SP";116;219;"GUARULHOS";"Pista Escorregadia";"Tombamento";"Com Vítimas Feridas";"Pleno dia";"Decrescente";"Sol";"Múltipla";"Reta";"Não";1;0;1;0;0;0;1;1;-23,46143954;-46,48885316;"SPRF-SP";"DEL01-SP";"UOP01-DEL01-SP"
571278;2023-12-29;"sexta-feira";"12:40:00";"RS";101;6;"TORRES";"Ingestão de álcool pelo condutor";"Colisão frontal";"Com Vítimas Feridas";"Pleno dia";"Decrescente";"Céu Claro";"Simples";"Reta";"Sim";4;0;4;0;0;0;4;2;-29,34105776;-49,78584432;"SPRF-RS";"DEL03-RS";"UOP02-DEL03-RS"
571279;2023-12-29;"sexta-feira";"12:00:00";"MA";10;257;"IMPERATRIZ";"Acessar a via sem observar a presença dos outros veículos";"Colisão transversal";"Com Vítimas Feridas";"Pleno dia";"Decrescente";"Céu Claro";"Simples";"Reta;Interseção de Vias";"Sim";3;0;1;0;2;0;1;2;-5,490634;-47,471973;"SPRF-MA";"DEL04-MA";"UOP01-DEL04-MA"
571280;2023-12-29;"sexta-feira";"12:30:00";"MG";381;651,9;"SANTO ANTONIO DO AMPARO";"Demais falhas mecânicas ou elétricas";"Incêndio";"Sem Vítimas";"Pleno dia";"Decrescente";"Ignorado";"Dupla";"Reta";"Não";1;0;0;0;1;0;0;1;-20,97575268;-44,93997846;"SPRF-MG";"DEL04-MG";"UOP02-DEL04-MG"
571281;2023-12-29;"sexta-feira";"11:30:00";"PE";232;167;"TACAIMBO";"Reação tardia ou ineficiente do condutor";"Colisão lateral mesmo sentido";"Sem Vítimas";"Pleno dia";"Crescente";"Céu Claro";"Simples";"Reta";"Não";2;0;0;0;2;0;0;2;-8,338992;-36,31677;"SPRF-PE";"DEL03-PE";"UOP02-DEL03-PE"
571282;2023-12-29;"sexta-feira";"12:20:00";"MG";262;42,1;"MANHUACU";"Demais falhas mecânicas ou elétricas";"Tombamento";"Com Vítimas Feridas";"Pleno dia";"Decrescente";"Nublado";"Simples";"Curva";"Não";2;0;2;0;0;0;2;1;-20,26976316;-42,06894006;"SPRF-MG";"DEL06-MG";"UOP03-DEL06-MG"
571283;2023-12-29;"sexta-feira";"13:30:00";"PB";230;22,5;"JOAO PESSOA";"Condutor deixou de manter distância do veículo da frente";"Colisão traseira";"Com Vítimas Feridas";"Pleno dia";"Decrescente";"Céu Claro";"Dupla";"Reta";"Sim";3;0;0;2;1;0;2;2;-7,1495;-34,8517;"SPRF-PB";"DEL01-PB";"UOP01-DEL01-PB"
571284;2023-12-29;"sexta-feira";"11:30:00";"MG";40;521;"CONTAGEM";"Condutor deixou de manter distância do veículo da frente";"Tombamento";"Com Vítimas Feridas";"Pleno dia";"Decrescente";"Céu Claro";"Dupla";"Reta";"Não";1;0;1;0;0;0;1;1;-19,85651501;-44,07213222;"SPRF-MG";"DEL01-MG";"UOP02-DEL01-MG"
571285;2023-12-05;"terça-feira";"18:37:00";"PR";376;595;"CURITIBA";"Manobra de mudança de faixa";"Colisão lateral mesmo sentido";"Com Vítimas Feridas";"Anoitecer";"Crescente";"Céu Claro";"Dupla";"Reta";"Sim";2;0;1;0;1;0;1;2;-25,49331375;-49,34394479;"SPRF-PR";"DEL01-PR";"UOP06-DEL01-PR"
571286;2023-12-29;"sexta-feira";"12:20:00";"RJ";40;118;"DUQUE DE CAXIAS";"Acumulo de óleo sobre o pavimento";"Tombamento";"Com Vítimas Feridas";"Pleno dia";"Decrescente";"Sol";"Múltipla";"Curva;Declive;Retorno Regulamentado";"Sim";2;0;2;0;0;0;2;1;-22,764341;-43,286394;"SPRF-RJ";"DEL01-RJ";"UOP02-DEL01-RJ"
571287;2023-12-29;"sexta-feira";"13:45:00";"SP";101;51;"UBATUBA";"Trafegar com motocicleta (ou similar) entre as faixas";"Colisão transversal";"Com Vítimas Feridas";"Pleno dia";"Decrescente";"Céu Claro";"Simples";"Reta";"Sim";3;0;1;0;2;0;1;2;-23,45627795;-45,07111896;"SPRF-SP";"DEL06-SP";"UOP01-DEL06-SP"
571288;2023-12-29;"sexta-feira";"11:00:00";"RO";364;13,9;"VILHENA";"Ausência de reação do condutor";"Colisão lateral mesmo sentido";"Com Vítimas Feridas";"Pleno dia";"Decrescente";"Céu Claro";"Dupla";"Rotatória";"Sim";2;0;1;0;1;0;1;2;-12,73925298;-60,13901711;"SPRF-RO";"DEL04-RO";"UOP01-DEL04-RO"
571289;2023-12-29;"sexta-feira";"13:30:00";"RS";290;3;"OSORIO";"Avarias e/ou desgaste excessivo no pneu";"Tombamento";"Com Vítimas Feridas";"Pleno dia";"Decrescente";"Nublado";"Dupla";"Reta";"Não";1;0;1;0;0;0;1;1;-29,897923;-50,304722;"SPRF-RS";"DEL03-RS";"UOP01-DEL03-RS"
571290;2023-12-23;"sábado";"11:20:00";"RJ";101;299;"ITABORAI";"Frear bruscamente";"Colisão traseira";"Sem Vítimas";"Pleno dia";"Decrescente";"Céu Claro";"Dupla";"Declive";"Sim";3;0;0;0;3;0;0;2;-22,77432673;-42,93823207;"SPRF-RJ";"DEL02-RJ";"UOP02-DEL02-RJ"
571291;2023-12-29;"sexta-feira";"12:01:00";"PI";316;309;"PICOS";"Transitar na contramão";"Colisão frontal";"Com Vítimas Feridas";"Pleno dia";"Decrescente";"Céu Claro";"Simples";"Reta";"Sim";2;0;2;0;0;0;2;2;-7,07778744;-41,48370094;"SPRF-PI";"DEL04-PI";"UOP01-DEL04-PI"
571293;2023-12-29;"sexta-feira";"10:27:00";"PI";316;312;"PICOS";"Transitar na contramão";"Colisão frontal";"Com Vítimas Feridas";"Pleno dia";"Decrescente";"Céu Claro";"Simples";"Curva";"Sim";2;0;2;0;0;0;2;2;-7,08092534;-41,4582602;"SPRF-PI";"DEL04-PI";"UOP01-DEL04-PI"
571296;2023-12-29;"sexta-feira";"13:10:00";"SC";101;101;"BALNEARIO PICARRAS";"Condutor deixou de manter distância do veículo da frente";"Colisão traseira";"Com Vítimas Feridas";"Pleno dia";"Decrescente";"Sol";"Múltipla";"Reta";"Não";3;0;2;0;1;0;2;2;-26,76404198;-48,68657667;"SPRF-SC";"DEL03-SC";"UOP02-DEL03-SC"
571297;2023-12-29;"sexta-feira";"14:30:00";"SC";101;124,6;"ITAJAI";"Manobra de mudança de faixa";"Colisão lateral mesmo sentido";"Com Vítimas Feridas";"Pleno dia";"Crescente";"Nublado";"Dupla";"Reta";"Sim";2;0;1;0;1;0;1;2;-26,94335064;-48,69198648;"SPRF-SC";"DEL04-SC";"UOP04-DEL04-SC"
571300;2023-12-29;"sexta-feira";"15:00:00";"MG";267;123,5;"JUIZ DE FORA";"Demais falhas mecânicas ou elétricas";"Colisão traseira";"Com Vítimas Feridas";"Pleno dia";"Decrescente";"Nublado";"Simples";"Reta;Declive";"Não";3;0;0;1;2;0;1;3;-21,70555685;-43,50518896;"SPRF-MG";"DEL05-MG";"UOP01-DEL05-MG"
571301;2023-12-29;"sexta-feira";"14:10:00";"GO";70;17;"AGUAS LINDAS DE GOIAS";"Condutor deixou de manter distância do veículo da frente";"Colisão traseira";"Com Vítimas Feridas";"Pleno dia";"Crescente";"Céu Claro";"Simples";"Aclive";"Não";6;0;1;1;4;0;2;2;-15,75060673;-48,34984959;"SPRF-DF";"DEL03-DF";"UOP02-DEL03-DF"
571303;2023-12-17;"domingo";"18:20:00";"MS";60;395;"SIDROLANDIA";"Ausência de reação do condutor";"Tombamento";"Com Vítimas Feridas";"Plena Noite";"Decrescente";"Céu Claro";"Simples";"Reta";"Não";1;0;0;1;0;0;1;1;-20,75566905;-54,78573182;"SPRF-MS";"DEL01-MS";"UOP04-DEL01-MS"
571304;2023-12-29;"sexta-feira";"14:45:00";"RJ";116;187;"NOVA IGUACU";"Reação tardia ou ineficiente do condutor";"Colisão traseira";"Com Vítimas Feridas";"Pleno dia";"Decrescente";"Céu Claro";"Múltipla";"Reta";"Sim";4;0;1;1;2;0;2;3;-22,73883756;-43,47245197;"SPRF-RJ";"DEL06-RJ";"UOP01-DEL06-RJ"
571305;2023-12-29;"sexta-feira";"14:40:00";"PE";101;68,2;"RECIFE";"Acesso irregular";"Colisão lateral mesmo sentido";"Com Vítimas Feridas";"Pleno dia";"Decrescente";"Céu Claro";"Dupla";"Rotatória";"Sim";2;0;1;0;0;1;1;2;-8,05074296;-34,94580619;"SPRF-PE";"DEL01-PE";"UOP01-DEL01-PE"
571306;2023-12-29;"sexta-feira";"15:35:00";"MG";267;123,5;"JUIZ DE FORA";"Reação tardia ou ineficiente do condutor";"Colisão traseira";"Com Vítimas Feridas";"Pleno dia";"Decrescente";"Céu Claro";"Simples";"Curva";"Não";2;0;0;1;1;0;1;2;-21,70555685;-43,50518896;"SPRF-MG";"DEL05-MG";"UOP01-DEL05-MG"
571308;2023-12-29;"sexta-feira";"15:10:00";"DF";20;51;"BRASILIA";"Acumulo de água sobre o pavimento";"Saída de leito carroçável";"Com Vítimas Feridas";"Pleno dia";"Decrescente";"Chuva";"Dupla";"Curva;Declive";"Não";2;0;1;0;1;0;1;1;-15,57856517;-47,37978458;"SPRF-DF";"DEL02-DF";"UOP01-DEL02-DF"
571309;2023-12-29;"sexta-feira";"15:30:00";"AL";101;138;"SAO MIGUEL DOS CAMPOS";"Velocidade Incompatível";"Capotamento";"Com Vítimas Feridas";"Pleno dia";"Decrescente";"Céu Claro";"Dupla";"Curva";"Sim";2;0;2;0;0;0;2;1;-9,80975158;-36,11701903;"SPRF-AL";"DEL02-AL";"UOP01-DEL02-AL"
571310;2023-12-29;"sexta-feira";"15:15:00";"RJ";116;186;"NOVA IGUACU";"Trafegar com motocicleta (ou similar) entre as faixas";"Colisão lateral mesmo sentido";"Com Vítimas Feridas";"Pleno dia";"Decrescente";"Céu Claro";"Dupla";"Reta";"Sim";2;0;0;1;1;0;1;2;-22,73962339;-43,46276495;"SPRF-RJ";"DEL06-RJ";"UOP01-DEL06-RJ"
571312;2023-12-29;"sexta-feira";"15:25:00";"BA";324;526;"FEIRA DE SANTANA";"Ausência de reação do condutor";"Colisão traseira";"Com Vítimas Feridas";"Pleno dia";"Crescente";"Céu Claro";"Dupla";"Reta";"Não";2;0;1;0;1;0;1;2;-12,30639712;-38,89051509;"SPRF-BA";"DEL01-BA";"UOP03-DEL01-BA"
571314;2023-12-29;"sexta-feira";"15:35:00";"PE";232;5;"RECIFE";"Acumulo de óleo sobre o pavimento";"Queda de ocupante de veículo";"Com Vítimas Feridas";"Pleno dia";"Decrescente";"Céu Claro";"Simples";"Curva";"Sim";1;0;1;0;0;0;1;1;-8,067726;-34,945953;"SPRF-PE";"DEL01-PE";"UOP01-DEL01-PE"
571315;2023-12-29;"sexta-feira";"15:50:00";"SC";101;33,5;"JOINVILLE";"Velocidade Incompatível";"Colisão com objeto";"Com Vítimas Feridas";"Pleno dia";"Crescente";"Céu Claro";"Dupla";"Viaduto";"Não";2;0;2;0;0;0;2;1;-26,25647292;-48,90598297;"SPRF-SC";"DEL03-SC";"UOP01-DEL03-SC"
571316;2023-12-29;"sexta-feira";"15:30:00";"RS";290;26;"SANTO ANTONIO DA PATRULHA";"Condutor deixou de manter distância do veículo da frente";"Engavetamento";"Sem Vítimas";"Pleno dia";"Decrescente";"Nublado";"Dupla";"Reta";"Não";3;0;0;0;3;0;0;3;-29,880135;-50,514297;"SPRF-RS";"DEL03-RS";"UOP01-DEL03-RS"
571317;2023-12-29;"sexta-feira";"16:15:00";"SP";101;19,1;"UBATUBA";"Acessar a via sem observar a presença dos outros veículos";"Colisão transversal";"Com Vítimas Feridas";"Pleno dia";"Decrescente";"Céu Claro";"Simples";"Retorno Regulamentado;Reta";"Não";5;0;1;0;4;0;1;2;-23,32230369;-44,90866726;"SPRF-SP";"DEL06-SP";"UOP01-DEL06-SP"
571318;2023-12-29;"sexta-feira";"10:20:00";"PR";373;438,7;"CHOPINZINHO";"Reação tardia ou ineficiente do condutor";"Colisão frontal";"Com Vítimas Fatais";"Pleno dia";"Decrescente";"Nublado";"Simples";"Curva";"Não";11;1;6;2;2;0;8;3;-25,80372667;-52,28297109;"SPRF-PR";"DEL02-PR";"UOP01-DEL02-PR"
571319;2023-12-29;"sexta-feira";"16:00:00";"SC";101;107,6;"PENHA";"Manobra de mudança de faixa";"Colisão lateral mesmo sentido";"Com Vítimas Feridas";"Pleno dia";"Crescente";"Céu Claro";"Dupla";"Reta";"Não";3;0;2;0;1;0;2;2;-26,81930608;-48,68390282;"SPRF-SC";"DEL03-SC";"UOP02-DEL03-SC"
571321;2023-12-29;"sexta-feira";"14:40:00";"MG";153;153,1;"COMENDADOR GOMES";"Ultrapassagem Indevida";"Saída de leito carroçável";"Com Vítimas Feridas";"Pleno dia";"Crescente";"Nublado";"Simples";"Curva";"Não";5;0;4;1;0;0;5;1;-19,630162;-48,889388;"SPRF-MG";"DEL13-MG";"UOP02-DEL13-MG"
571324;2023-12-29;"sexta-feira";"15:45:00";"SC";101;75,6;"ARAQUARI";"Condutor deixou de manter distância do veículo da frente";"Colisão traseira";"Com Vítimas Feridas";"Pleno dia";"Decrescente";"Céu Claro";"Dupla";"Reta";"Não";2;0;1;0;1;0;1;2;-26,5519717;-48,71688324;"SPRF-SC";"DEL03-SC";"UOP02-DEL03-SC"
571326;2023-12-29;"sexta-feira";"14:30:00";"BA";20;60;"CORRENTINA";"Transtornos Mentais (exceto suicidio)";"Eventos atípicos";"Com Vítimas Fatais";"Pleno dia";"Crescente";"Céu Claro";"Simples";"Reta";"Não";2;1;0;0;0;1;0;2;-13,421469;-46,084725;"SPRF-BA";"DEL10-BA";"UOP01-DEL10-BA"
571327;2023-12-29;"sexta-feira";"16:00:00";"PE";407;107;"PETROLINA";"Acessar a via sem observar a presença dos outros veículos";"Colisão transversal";"Com Vítimas Feridas";"Pleno dia";"Crescente";"Céu Claro";"Simples";"Interseção de Vias;Reta";"Não";2;0;1;0;1;0;1;2;-9,24481873;-40,61422348;"SPRF-PE";"DEL06-PE";"UOP01-DEL06-PE"
571328;2023-10-30;"segunda-feira";"18:30:00";"PR";376;590;"CURITIBA";"Reação tardia ou ineficiente do condutor";"Queda de ocupante de veículo";"Com Vítimas Feridas";"Anoitecer";"Crescente";"Nublado";"Dupla";"Reta";"Não";2;0;2;0;0;0;2;1;-25,45155592;-49,36237578;"SPRF-PR";"DEL01-PR";"UOP06-DEL01-PR"
571329;2023-12-29;"sexta-feira";"17:20:00";"PB";101;24;"RIO TINTO";"Condutor deixou de manter distância do veículo da frente";"Colisão traseira";"Com Vítimas Feridas";"Pleno dia";"Decrescente";"Sol";"Dupla";"Reta";"Não";2;0;1;0;1;0;1;2;-6,69904299;-35,11650009;"SPRF-PB";"DEL01-PB";"UOP04-DEL01-PB"
571331;2023-12-29;"sexta-feira";"17:00:00";"SP";101;50;"UBATUBA";"Condutor Dormindo";"Engavetamento";"Sem Vítimas";"Pleno dia";"Decrescente";"Céu Claro";"Simples";"Reta";"Sim";3;0;0;0;3;0;0;3;-23,45018939;-45,07743735;"SPRF-SP";"DEL06-SP";"UOP01-DEL06-SP"