"id";"data_inversa";"dia_semana";"horario";"uf";"br";"km";"municipio";"causa_acidente";"tipo_acidente";"classificacao_acidente";"fase_dia";"sentido_via";"condicao_metereologica";"tipo_pista";"tracado_via";"uso_solo";"pessoas";"mortos";"feridos_leves";"feridos_graves";"ilesos";"ignorados";"feridos";"veiculos";"latitude";"longitude";"regional";"delegacia";"uop"
571434;2023-12-30;"sábado";"06:10:00";"CE";20;354;"CANINDE";"Condutor Dormindo";"Colisão lateral sentido oposto";"Com Vítimas Feridas";"Pleno dia";"Crescente";"Sol";"Simples";"Reta";"Não";3;0;2;0;1;0;2;2;-4,3332766;-39,2869591;"SPRF-CE";"DEL02-CE";"UOP01-DEL02-CE"
571435;2023-12-30;"sábado";"05:00:00";"CE";116;60,6;"CHOROZINHO";"Ingestão de álcool pelo condutor";"Colisão frontal";"Com Vítimas Feridas";"Pleno dia";"Crescente";"Céu Claro";"Simples";"Reta";"Não";10;0;0;5;5;0;5;3;-4,24676793;-38,48372024;"SPRF-CE";"DEL03-CE";"UOP02-DEL03-CE"
571436;2023-12-30;"sábado";"04:50:00";"ES";262;177,9;"IBATIBA";"Velocidade Incompatível";"Colisão frontal";"Com Vítimas Feridas";"Amanhecer";"Crescente";"Nublado";"Simples";"Curva";"Não";6;0;5;1;0;0;6;2;-20,28062181;-41,64687634;"SPRF-ES";"DEL01-ES";"UOP02-DEL01-ES"
571437;2023-12-30;"sábado";"06:25:00";"PR";277;489,9;"NOVA LARANJEIRAS";"Demais falhas mecânicas ou elétricas";"Saída de leito carroçável";"Com Vítimas Feridas";"Pleno dia";"Decrescente";"Céu Claro";"Simples";"Reta";"Não";2;0;1;0;1;0;1;1;-25,2227055;-52,6527165;"SPRF-PR";"DEL04-PR";"UOP02-DEL04-PR"
571439;2023-12-30;"sábado";"03:40:00";"PB";230;163;"CAMPINA GRANDE";"Animais na Pista";"Tombamento";"Com Vítimas Feridas";"Amanhecer";"Crescente";"Céu Claro";"Simples";"Reta";"Sim";1;0;0;1;0;0;1;1;-7,2198;-35,9443;"SPRF-PB";"DEL02-PB";"UOP01-DEL02-PB"
571442;2023-12-30;"sábado";"05:05:00";"PR";153;48,8;"SANTO ANTONIO DA PLATINA";"Ingestão de álcool pelo condutor";"Colisão frontal";"Com Vítimas Feridas";"Amanhecer";"Decrescente";"Céu Claro";"Simples";"Curva";"Não";4;0;1;3;0;0;4;2;-23,34623012;-50,0664882;"SPRF-PR";"DEL07-PR";"UOP04-DEL07-PR"
571443;2023-12-30;"sábado";"05:51:00";"TO";153;416;"MIRANORTE";"Reação tardia ou ineficiente do condutor";"Colisão com objeto";"Com Vítimas Feridas";"Pleno dia";"Decrescente";"Céu Claro";"Dupla";"Reta";"Sim";1;0;1;0;0;0;1;1;-9,552485;-48,601303;"SPRF-TO";"DEL01-TO";"UOP01-DEL01-TO"
571444;2023-12-30;"sábado";"05:00:00";"BA";101;688;"EUNAPOLIS";"Animais na Pista";"Atropelamento de Animal";"Com Vítimas Feridas";"Pleno dia";"Crescente";"Céu Claro";"Simples";"Reta";"Não";1;0;1;0;0;0;1;1;-16,32428911;-39,59284407;"SPRF-BA";"DEL09-BA";"UOP01-DEL09-BA"
571446;2023-12-30;"sábado";"07:15:00";"RJ";101;331;"RIO DE JANEIRO";"Reação tardia ou ineficiente do condutor";"Tombamento";"Com Vítimas Feridas";"Pleno dia";"Decrescente";"Chuva";"Simples";"Reta;Ponte";"Sim";2;0;2;0;0;0;2;1;-22,867662;-43,195337;"SPRF-RJ";"DEL02-RJ";"UOP01-DEL02-RJ"
571448;2023-12-30;"sábado";"04:00:00";"MG";116;454,6;"ENGENHEIRO CALDAS";"Reação tardia ou ineficiente do condutor";"Saída de leito carroçável";"Com Vítimas Feridas";"Plena Noite";"Crescente";"Céu Claro";"Simples";"Reta";"Não";1;0;0;1;0;0;1;1;-19,18425398;-42,04045306;"SPRF-MG";"DEL06-MG";"UOP02-DEL06-MG"
571449;2023-12-30;"sábado";"04:30:00";"MG";365;755;"ITUIUTABA";"Ausência de reação do condutor";"Saída de leito carroçável";"Sem Vítimas";"Plena Noite";"Decrescente";"Ignorado";"Simples";"Reta";"Sim";1;0;0;0;0;1;0;1;-18,96648553;-49,49008226;"SPRF-MG";"DEL15-MG";"UOP03-DEL15-MG"
571450;2023-12-30;"sábado";"07:10:00";"SP";116;518;"CAJATI";"Reação tardia ou ineficiente do condutor";"Saída de leito carroçável";"Com Vítimas Feridas";"Amanhecer";"Decrescente";"Chuva";"Dupla";"Curva";"Não";2;0;2;0;0;0;2;1;-24,88391594;-48,22626356;"SPRF-SP";"DEL05-SP";"UOP02-DEL05-SP"
571451;2023-12-30;"sábado";"07:50:00";"MG";116;675,5;"MIRADOURO";"Ultrapassagem Indevida";"Tombamento";"Com Vítimas Feridas";"Pleno dia";"Crescente";"Sol";"Simples";"Reta;Aclive";"Não";2;0;2;0;0;0;2;1;-20,91141732;-42,34928012;"SPRF-MG";"DEL07-MG";"UOP02-DEL07-MG"
571452;2023-12-30;"sábado";"07:40:00";"PR";116;29,1;"CAMPINA GRANDE DO SUL";"Pista Escorregadia";"Capotamento";"Com Vítimas Feridas";"Pleno dia";"Crescente";"Chuva";"Simples";"Curva";"Não";1;0;1;0;0;0;1;1;-25,10057871;-48,81128876;"SPRF-PR";"DEL01-PR";"UOP02-DEL01-PR"
571453;2023-12-30;"sábado";"07:40:00";"DF";70;19;"BRASILIA";"Ausência de sinalização";"Colisão traseira";"Com Vítimas Feridas";"Pleno dia";"Decrescente";"Céu Claro";"Dupla";"Reta";"Sim";2;0;1;0;1;0;1;2;-15,784827;-48,23172;"SPRF-DF";"DEL03-DF";"UOP02-DEL03-DF"
571455;2023-12-30;"sábado";"07:30:00";"SP";116;518;"CAJATI";"Acostamento em desnível";"Colisão com objeto";"Sem Vítimas";"Amanhecer";"Decrescente";"Chuva";"Dupla";"Curva;Declive";"Não";2;0;0;0;2;0;0;1;-24,88391594;-48,22626356;"SPRF-SP";"DEL05-SP";"UOP02-DEL05-SP"
571456;2023-11-13;"segunda-feira";"05:25:00";"PR";116;92;"SAO JOSE DOS PINHAIS";"Reação tardia ou ineficiente do condutor";"Tombamento";"Com Vítimas Feridas";"Amanhecer";"Crescente";"Nublado";"Simples";"Curva";"Sim";1;0;1;0;0;0;1;1;-25,51257413;-49,12900329;"SPRF-PR";"DEL01-PR";"UOP07-DEL01-PR"
571458;2023-12-30;"sábado";"06:45:00";"SC";282;46,7;"AGUAS MORNAS";"Condutor Dormindo";"Colisão lateral sentido oposto";"Com Vítimas Fatais";"Pleno dia";"Decrescente";"Sol";"Simples";"Reta;Declive";"Não";13;1;2;2;8;0;4;3;-27,7219824;-48,9331965;"SPRF-SC";"DEL01-SC";"UOP03-DEL01-SC"
571459;2023-12-29;"sexta-feira";"13:30:00";"RJ";101;387;"RIO DE JANEIRO";"Demais falhas mecânicas ou elétricas";"Saída de leito carroçável";"Com Vítimas Feridas";"Pleno dia";"Crescente";"Céu Claro";"Dupla";"Reta";"Não";1;0;1;0;0;0;1;1;-22,88537839;-43,64965688;"SPRF-RJ";"DEL03-RJ";"UOP01-DEL03-RJ"
571460;2023-11-27;"segunda-feira";"20:02:00";"MT";70;515,4;"VARZEA GRANDE";"Ultrapassagem Indevida";"Colisão frontal";"Com Vítimas Feridas";"Plena Noite";"Decrescente";"Céu Claro";"Simples";"Reta";"Sim";1;0;0;1;0;0;1;1;-15,7046;-56,1472;"SPRF-MT";"DEL01-MT";"UOP02-DEL01-MT"
571461;2023-12-30;"sábado";"07:40:00";"SE";101;123;"ITAPORANGA DAJUDA";"Velocidade Incompatível";"Capotamento";"Com Vítimas Feridas";"Pleno dia";"Crescente";"Sol";"Dupla";"Curva;Interseção de Vias";"Não";2;0;2;0;0;0;2;1;-11,03730971;-37,3646369;"SPRF-SE";"DEL02-SE";"UOP01-DEL02-SE"
571462;2023-12-30;"sábado";"08:00:00";"SP";381;37;"ATIBAIA";"Mal súbito do condutor";"Saída de leito carroçável";"Com Vítimas Feridas";"Pleno dia";"Crescente";"Céu Claro";"Dupla";"Reta";"Não";1;0;1;0;0;0;1;1;-23,10506237;-46,56881577;"SPRF-SP";"DEL03-SP";"UOP01-DEL03-SP"
571464;2023-12-30;"sábado";"09:00:00";"MG";381;616;"OLIVEIRA";"Condutor Dormindo";"Saída de leito carroçável";"Com Vítimas Feridas";"Pleno dia";"Decrescente";"Sol";"Dupla";"Reta";"Não";1;0;1;0;0;0;1;1;-20,75304819;-44,77475634;"SPRF-MG";"DEL04-MG";"UOP01-DEL04-MG"
571466;2023-12-30;"sábado";"08:15:00";"SP";116;218,3;"GUARULHOS";"Reação tardia ou ineficiente do condutor";"Tombamento";"Com Vítimas Feridas";"Pleno dia";"Crescente";"Chuva";"Simples";"Curva;Aclive";"Sim";2;0;2;0;0;0;2;1;-23,45958516;-46,49080396;"SPRF-SP";"DEL01-SP";"UOP01-DEL01-SP"
571467;2023-12-30;"sábado";"08:10:00";"RS";392;12,8;"RIO GRANDE";"Ultrapassagem Indevida";"Colisão lateral mesmo sentido";"Com Vítimas Feridas";"Pleno dia";"Decrescente";"Céu Claro";"Dupla";"Curva";"Não";3;0;1;0;2;0;1;2;-32,12645231;-52,14864492;"SPRF-RS";"DEL07-RS";"UOP02-DEL07-RS"
571468;2023-12-30;"sábado";"06:00:00";"PR";369;473,7;"CORBELIA";"Ausência de reação do condutor";"Queda de ocupante de veículo";"Com Vítimas Feridas";"Amanhecer";"Decrescente";"Nublado";"Simples";"Reta";"Sim";2;0;1;0;1;0;1;1;-24,5841;-53,1945;"SPRF-PR";"DEL04-PR";"UOP03-DEL04-PR"
571469;2023-12-30;"sábado";"06:15:00";"GO";364;194;"JATAI";"Ausência de reação do condutor";"Colisão com objeto";"Sem Vítimas";"Amanhecer";"Crescente";"Chuva";"Dupla";"Reta;Declive";"Não";1;0;0;0;1;0;0;1;-17,922171;-51,704082;"SPRF-GO";"DEL05-GO";"UOP01-DEL05-GO"
571472;2023-12-30;"sábado";"09:30:00";"SP";116;488;"CAJATI";"Avarias e/ou desgaste excessivo no pneu";"Colisão frontal";"Com Vítimas Feridas";"Pleno dia";"Crescente";"Nublado";"Dupla";"Curva";"Sim";3;0;2;0;1;0;2;1;-24,72987286;-48,10660895;"SPRF-SP";"DEL05-SP";"UOP01-DEL05-SP"
571473;2023-12-29;"sexta-feira";"11:50:00";"RJ";116;142;"DUQUE DE CAXIAS";"Demais falhas mecânicas ou elétricas";"Incêndio";"Sem Vítimas";"Pleno dia";"Decrescente";"Céu Claro";"Múltipla";"Reta";"Não";1;0;0;0;1;0;0;1;-22,64876087;-43,23031638;"SPRF-RJ";"DEL01-RJ";"UOP02-DEL01-RJ"
571474;2023-12-30;"sábado";"07:40:00";"MG";365;31,2;"MONTES CLAROS";"Avarias e/ou desgaste excessivo no pneu";"Saída de leito carroçável";"Com Vítimas Feridas";"Pleno dia";"Decrescente";"Chuva";"Simples";"Curva";"Não";5;0;5;0;0;0;5;1;-16,85025469;-44,11000723;"SPRF-MG";"DEL12-MG";"UOP01-DEL12-MG"
571477;2023-12-30;"sábado";"10:15:00";"RJ";101;75;"CAMPOS DOS GOYTACAZES";"Ausência de reação do condutor";"Queda de ocupante de veículo";"Com Vítimas Feridas";"Pleno dia";"Crescente";"Céu Claro";"Dupla";"Curva";"Não";1;0;1;0;0;0;1;1;-21,816525;-41,397686;"SPRF-RJ";"DEL08-RJ";"UOP02-DEL08-RJ"
571479;2023-12-30;"sábado";"08:35:00";"SC";101;70,4;"ARAQUARI";"Condutor deixou de manter distância do veículo da frente";"Colisão traseira";"Com Vítimas Feridas";"Pleno dia";"Crescente";"Céu Claro";"Dupla";"Reta";"Não";3;0;1;0;2;0;1;2;-26,51082007;-48,72345612;"SPRF-SC";"DEL03-SC";"UOP02-DEL03-SC"
571480;2023-12-30;"sábado";"10:00:00";"RS";116;230;"IVOTI";"Acessar a via sem observar a presença dos outros veículos";"Colisão lateral mesmo sentido";"Com Vítimas Feridas";"Pleno dia";"Crescente";"Céu Claro";"Simples";"Curva;Aclive";"Sim";3;0;1;0;2;0;1;2;-29,62222179;-51,13039371;"SPRF-RS";"DEL01-RS";"UOP02-DEL01-RS"
571481;2023-12-30;"sábado";"10:30:00";"PR";277;124;"BALSA NOVA";"Reação tardia ou ineficiente do condutor";"Tombamento";"Com Vítimas Feridas";"Pleno dia";"Crescente";"Céu Claro";"Simples";"Reta";"Não";4;0;1;0;3;0;1;1;-25,46588973;-49,59162802;"SPRF-PR";"DEL03-PR";"UOP03-DEL03-PR"
571482;2023-12-30;"sábado";"10:45:00";"SP";381;74,9;"SAO PAULO";"Velocidade Incompatível";"Tombamento";"Com Vítimas Feridas";"Pleno dia";"Decrescente";"Nublado";"Dupla";"Curva;Aclive";"Não";1;0;1;0;0;0;1;1;-23,37208014;-46,55700294;"SPRF-SP";"DEL03-SP";"UOP01-DEL03-SP"
571483;2023-12-30;"sábado";"10:40:00";"DF";60;0,1;"BRASILIA";"Reação tardia ou ineficiente do condutor";"Saída de leito carroçável";"Com Vítimas Feridas";"Pleno dia";"Decrescente";"Céu Claro";"Dupla";"Reta";"Sim";1;0;1;0;0;0;1;1;-15,88301;-48,061382;"SPRF-DF";"DEL03-DF";"UOP01-DEL03-DF"
571485;2023-12-30;"sábado";"03:00:00";"BA";242;727;"CRISTOPOLIS";"Velocidade Incompatível";"Colisão traseira";"Com Vítimas Feridas";"Plena Noite";"Crescente";"Nublado";"Simples";"Reta;Aclive";"Não";4;0;1;1;2;0;2;2;-12,21755566;-44,44725037;"SPRF-BA";"DEL10-BA";"UOP01-DEL10-BA"
571486;2023-12-30;"sábado";"11:23:00";"ES";101;397,6;"RIO NOVO DO SUL";"Avarias e/ou desgaste excessivo no pneu";"Saída de leito carroçável";"Com Vítimas Feridas";"Pleno dia";"Decrescente";"Céu Claro";"Simples";"Curva";"Não";4;0;1;0;3;0;1;1;-20,87297988;-40,94948206;"SPRF-ES";"DEL03-ES";"UOP02-DEL03-ES"
571487;2023-12-30;"sábado";"09:20:00";"AL";101;165,9;"JEQUIA DA PRAIA";"Manobra de mudança de faixa";"Colisão traseira";"Com Vítimas Feridas";"Pleno dia";"Crescente";"Céu Claro";"Dupla";"Reta";"Não";4;0;0;3;1;0;3;2;-9,8996779;-36,283047;"SPRF-AL";"DEL02-AL";"UOP02-DEL02-AL"
571488;2023-12-30;"sábado";"10:50:00";"SC";282;125,5;"BOM RETIRO";"Ultrapassagem Indevida";"Colisão lateral mesmo sentido";"Com Vítimas Feridas";"Pleno dia";"Crescente";"Sol";"Simples";"Reta";"Não";3;0;2;0;1;0;2;2;-27,802238;-49,440704;"SPRF-SC";"DEL05-SC";"UOP01-DEL05-SC"
571489;2023-12-30;"sábado";"11:20:00";"PB";230;15;"CABEDELO";"Condutor deixou de manter distância do veículo da frente";"Colisão traseira";"Com Vítimas Feridas";"Pleno dia";"Decrescente";"Céu Claro";"Dupla";"Declive";"Sim";4;0;2;0;2;0;2;3;-7,09820973;-34,84777451;"SPRF-PB";"DEL01-PB";"UOP01-DEL01-PB"
571490;2023-02-17;"sexta-feira";"10:51:00";"PB";230;17;"JOAO PESSOA";"Ausência de reação do condutor";"Colisão traseira";"Com Vítimas Feridas";"Pleno dia";"Decrescente";"Céu Claro";"Dupla";"Reta";"Sim";5;0;1;0;4;0;1;4;-7,1121;-34,8426;"SPRF-PB";"DEL01-PB";"UOP01-DEL01-PB"
571491;2023-12-30;"sábado";"11:50:00";"GO";153;630,6;"MORRINHOS";"Ausência de reação do condutor";"Saída de leito carroçável";"Com Vítimas Feridas";"Pleno dia";"Decrescente";"Céu Claro";"Dupla";"Reta";"Não";1;0;1;0;0;0;1;1;-17,7942;-49,2016;"SPRF-GO";"DEL03-GO";"UOP01-DEL03-GO"
571492;2023-12-30;"sábado";"12:15:00";"SE";101;181,6;"UMBAUBA";"Acessar a via sem observar a presença dos outros veículos";"Colisão transversal";"Com Vítimas Feridas";"Pleno dia";"Crescente";"Céu Claro";"Simples";"Reta";"Sim";3;0;0;2;1;0;2;2;-11,36892188;-37,64792008;"SPRF-SE";"DEL02-SE";"UOP03-DEL02-SE"
571494;2023-12-30;"sábado";"11:15:00";"MG";40;277,9;"TRES MARIAS";"Acessar a via sem observar a presença dos outros veículos";"Colisão transversal";"Com Vítimas Feridas";"Pleno dia";"Decrescente";"Céu Claro";"Simples";"Declive;Interseção de Vias;Curva;Retorno Regulamentado";"Sim";5;0;2;0;3;0;2;2;-18,21264695;-45,22480595;"SPRF-MG";"DEL14-MG";"UOP02-DEL14-MG"
571495;2023-12-30;"sábado";"12:20:00";"MG";40;203;"JOAO PINHEIRO";"Pista Escorregadia";"Saída de leito carroçável";"Com Vítimas Feridas";"Pleno dia";"Crescente";"Chuva";"Simples";"Declive;Curva";"Não";5;0;2;0;3;0;2;1;-17,99232915;-45,79149287;"SPRF-MG";"DEL14-MG";"UOP02-DEL14-MG"
571496;2023-12-30;"sábado";"12:00:00";"PI";343;263;"CAMPO MAIOR";"Transitar na contramão";"Colisão frontal";"Com Vítimas Feridas";"Pleno dia";"Decrescente";"Céu Claro";"Simples";"Reta";"Sim";3;0;1;0;2;0;1;2;-4,819326;-42,158821;"SPRF-PI";"DEL01-PI";"UOP03-DEL01-PI"
571497;2023-12-30;"sábado";"12:00:00";"PB";230;22,1;"JOAO PESSOA";"Avarias e/ou desgaste excessivo no pneu";"Tombamento";"Com Vítimas Feridas";"Pleno dia";"Crescente";"Céu Claro";"Dupla";"Reta";"Sim";2;0;2;0;0;0;2;1;-7,1495;-34,8517;"SPRF-PB";"DEL01-PB";"UOP01-DEL01-PB"
571498;2023-12-30;"sábado";"12:00:00";"MG";356;285,6;"PATROCINIO DO MURIAE";"Ingestão de álcool pelo condutor";"Colisão transversal";"Com Vítimas Feridas";"Pleno dia";"Crescente";"Nublado";"Simples";"Interseção de Vias;Reta";"Sim";2;0;1;0;1;0;1;2;-21,12714726;-42,20166218;"SPRF-MG";"DEL07-MG";"UOP02-DEL07-MG"
571499;2023-12-30;"sábado";"12:30:00";"PB";230;500,6;"CAJAZEIRAS";"Acessar a via sem observar a presença dos outros veículos";"Colisão transversal";"Com Vítimas Feridas";"Pleno dia";"Decrescente";"Céu Claro";"Simples";"Reta";"Sim";3;0;2;0;1;0;2;2;-6,89761627;-38,52498651;"SPRF-PB";"DEL03-PB";"UOP03-DEL03-PB"
571500;2023-12-30;"sábado";"10:50:00";"RJ";101;264;"RIO BONITO";"Trafegar com motocicleta (ou similar) entre as faixas";"Tombamento";"Com Vítimas Feridas";"Pleno dia";"Decrescente";"Nublado";"Dupla";"Reta";"Não";1;0;1;0;0;0;1;1;-22,71818337;-42,63600702;"SPRF-RJ";"DEL02-RJ";"UOP03-DEL02-RJ"
571501;2023-12-30;"sábado";"12:40:00";"RJ";116;233;"PIRAI";"Acumulo de óleo sobre o pavimento";"Tombamento";"Com Vítimas Feridas";"Pleno dia";"Decrescente";"Nublado";"Dupla";"Curva";"Não";2;0;1;0;1;0;1;1;-22,66355363;-43,84062168;"SPRF-RJ";"DEL07-RJ";"UOP01-DEL07-RJ"
571503;2023-12-30;"sábado";"12:09:00";"RR";401;4;"CANTA";"Reação tardia ou ineficiente do condutor";"Tombamento";"Com Vítimas Feridas";"Pleno dia";"Decrescente";"Céu Claro";"Dupla";"Curva";"Não";2;0;2;0;0;0;2;1;2,786274;-60,651254;"SPRF-RR";"DEL01-RR";"UOP01-DEL01-RR"
571504;2023-12-30;"sábado";"12:30:00";"MG";381;677,5;"PERDOES";"Acessar a via sem observar a presença dos outros veículos";"Colisão lateral mesmo sentido";"Com Vítimas Feridas";"Pleno dia";"Crescente";"Céu Claro";"Simples";"Interseção de Vias";"Não";2;0;1;0;0;1;1;2;-21,140046;-45,104398;"SPRF-MG";"DEL04-MG";"UOP02-DEL04-MG"
571505;2023-12-30;"sábado";"13:05:00";"MG";381;921;"CAMANDUCAIA";"Velocidade Incompatível";"Saída de leito carroçável";"Com Vítimas Feridas";"Pleno dia";"Decrescente";"Garoa/Chuvisco";"Dupla";"Curva;Aclive";"Não";3;0;3;0;0;0;3;1;-22,765059;-46,1734;"SPRF-MG";"DEL16-MG";"UOP03-DEL16-MG"
571506;2023-12-30;"sábado";"12:50:00";"PE";101;66,7;"RECIFE";"Condutor usando celular";"Colisão traseira";"Com Vítimas Feridas";"Pleno dia";"Decrescente";"Céu Claro";"Múltipla";"Viaduto";"Sim";2;0;1;0;1;0;1;2;-8,03368534;-34,94184125;"SPRF-PE";"DEL01-PE";"UOP01-DEL01-PE"
571507;2023-12-30;"sábado";"12:55:00";"PA";316;35,7;"SANTA IZABEL DO PARA";"Acessar a via sem observar a presença dos outros veículos";"Colisão transversal";"Com Vítimas Feridas";"Pleno dia";"Decrescente";"Céu Claro";"Dupla";"Retorno Regulamentado;Interseção de Vias";"Sim";2;0;1;0;1;0;1;2;-1,29146197;-48,164561;"SPRF-PA";"DEL01-PA";"UOP01-DEL01-PA"
571508;2023-12-30;"sábado";"12:00:00";"RN";304;105,2;"ACU";"Reação tardia ou ineficiente do condutor";"Colisão com objeto";"Com Vítimas Feridas";"Pleno dia";"Decrescente";"Céu Claro";"Simples";"Curva";"Não";3;0;2;0;1;0;2;1;-5,58751146;-36,98086088;"SPRF-RN";"DEL04-RN";"UOP01-DEL04-RN"
571509;2023-12-30;"sábado";"12:45:00";"RJ";40;39;"AREAL";"Condutor deixou de manter distância do veículo da frente";"Colisão transversal";"Sem Vítimas";"Pleno dia";"Crescente";"Céu Claro";"Dupla";"Curva";"Não";6;0;0;0;6;0;0;2;-22,23332;-43,114136;"SPRF-RJ";"DEL05-RJ";"UOP02-DEL05-RJ"
571511;2023-12-30;"sábado";"09:30:00";"MT";70;683;"CACERES";"Chuva";"Saída de leito carroçável";"Com Vítimas Feridas";"Pleno dia";"Decrescente";"Nublado";"Simples";"Reta";"Não";4;0;1;0;3;0;1;1;-16,13978496;-57,33114704;"SPRF-MT";"DEL03-MT";"UOP02-DEL03-MT"
571512;2023-12-30;"sábado";"13:50:00";"SP";381;61;"MAIRIPORA";"Avarias e/ou desgaste excessivo no pneu";"Capotamento";"Com Vítimas Feridas";"Pleno dia";"Crescente";"Chuva";"Dupla";"Curva";"Sim";3;0;3;0;0;0;3;1;-23,29121762;-46,58616722;"SPRF-SP";"DEL03-SP";"UOP01-DEL03-SP"
571513;2023-12-30;"sábado";"12:50:00";"MG";116;774,2;"LEOPOLDINA";"Velocidade Incompatível";"Colisão transversal";"Com Vítimas Feridas";"Pleno dia";"Crescente";"Chuva";"Simples";"Declive;Curva";"Não";5;0;2;0;3;0;2;2;-21,57932128;-42,68264985;"SPRF-MG";"DEL07-MG";"UOP01-DEL07-MG"
571515;2023-12-30;"sábado";"13:50:00";"GO";60;80;"ANAPOLIS";"Ausência de reação do condutor";"Saída de leito carroçável";"Com Vítimas Feridas";"Pleno dia";"Crescente";"Céu Claro";"Dupla";"Reta;Aclive";"Não";2;0;1;0;1;0;1;1;-16,3053;-48,8208;"SPRF-GO";"DEL02-GO";"UOP01-DEL02-GO"
571516;2023-12-30;"sábado";"13:00:00";"ES";259;76,5;"COLATINA";"Velocidade Incompatível";"Saída de leito carroçável";"Com Vítimas Feridas";"Pleno dia";"Decrescente";"Nublado";"Simples";"Curva";"Não";2;0;2;0;0;0;2;1;-19,52863616;-40,79785195;"SPRF-ES";"DEL02-ES";"UOP01-DEL02-ES"
571517;2023-12-30;"sábado";"13:10:00";"MG";262;123;"RIO CASCA";"Pista Escorregadia";"Saída de leito carroçável";"Com Vítimas Feridas";"Pleno dia";"Decrescente";"Nublado";"Simples";"Curva";"Não";2;0;2;0;0;0;2;1;-20,2075719;-42,67303285;"SPRF-MG";"DEL03-MG";"UOP03-DEL03-MG"
571518;2023-12-30;"sábado";"11:38:00";"CE";222;77;"SAO LUIS DO CURU";"Acessar a via sem observar a presença dos outros veículos";"Colisão transversal";"Com Vítimas Feridas";"Pleno dia";"Decrescente";"Céu Claro";"Simples";"Reta";"Sim";2;0;1;0;0;1;1;2;-3,67137027;-39,23351021;"SPRF-CE";"DEL04-CE";"UOP03-DEL04-CE"
571520;2023-12-30;"sábado";"14:30:00";"SC";101;122,3;"ITAJAI";"Demais falhas mecânicas ou elétricas";"Queda de ocupante de veículo";"Com Vítimas Feridas";"Pleno dia";"Crescente";"Sol";"Dupla";"Reta";"Não";2;0;1;0;1;0;1;1;-26,92955916;-48,70499836;"SPRF-SC";"DEL04-SC";"UOP04-DEL04-SC"
571522;2023-12-30;"sábado";"14:10:00";"SP";116;380;"MIRACATU";"Acesso irregular";"Colisão transversal";"Com Vítimas Feridas";"Pleno dia";"Decrescente";"Céu Claro";"Dupla";"Reta";"Não";4;0;1;3;0;0;4;2;-24,21753686;-47,36651776;"SPRF-SP";"DEL04-SP";"UOP02-DEL04-SP"
571523;2023-12-30;"sábado";"14:30:00";"MG";381;521;"BRUMADINHO";"Reação tardia ou ineficiente do condutor";"Colisão com objeto";"Com Vítimas Feridas";"Pleno dia";"Decrescente";"Garoa/Chuvisco";"Múltipla";"Aclive;Curva";"Não";2;0;1;0;1;0;1;1;-20,11821364;-44,30238962;"SPRF-MG";"DEL04-MG";"UOP03-DEL04-MG"
571524;2023-12-30;"sábado";"13:00:00";"MG";116;776,2;"LEOPOLDINA";"Avarias e/ou desgaste excessivo no pneu";"Colisão lateral sentido oposto";"Com Vítimas Feridas";"Pleno dia";"Decrescente";"Chuva";"Simples";"Curva;Declive";"Não";7;0;3;0;4;0;3;2;-21,59023796;-42,68715187;"SPRF-MG";"DEL07-MG";"UOP01-DEL07-MG"
571525;2023-12-30;"sábado";"14:45:00";"MG";381;343;"BELA VISTA DE MINAS";"Ausência de reação do condutor";"Saída de leito carroçável";"Com Vítimas Feridas";"Pleno dia";"Crescente";"Céu Claro";"Simples";"Aclive";"Não";2;0;1;0;1;0;1;1;-19,85663904;-43,10916603;"SPRF-MG";"DEL03-MG";"UOP01-DEL03-MG"
571527;2023-12-30;"sábado";"14:40:00";"PE";101;77,5;"RECIFE";"Acessar a via sem observar a presença dos outros veículos";"Colisão transversal";"Com Vítimas Feridas";"Pleno dia";"Crescente";"Céu Claro";"Dupla";"Retorno Regulamentado;Reta;Interseção de Vias";"Sim";2;0;1;1;0;0;2;2;-8,131377;-34,945541;"SPRF-PE";"DEL01-PE";"UOP01-DEL01-PE"
571528;2023-12-22;"sexta-feira";"19:30:00";"RJ";101;294;"ITABORAI";"Acesso irregular";"Colisão traseira";"Com Vítimas Feridas";"Plena Noite";"Crescente";"Céu Claro";"Simples";"Reta";"Sim";3;0;2;0;1;0;2;2;-22,7584434;-42,89502344;"SPRF-RJ";"DEL02-RJ";"UOP02-DEL02-RJ"
571529;2023-12-30;"sábado";"15:00:00";"DF";251;49;"BRASILIA";"Demais falhas mecânicas ou elétricas";"Queda de ocupante de veículo";"Com Vítimas Feridas";"Pleno dia";"Crescente";"Céu Claro";"Simples";"Reta";"Não";2;0;2;0;0;0;2;1;-15,948113;-47,845235;"SPRF-DF";"DEL01-DF";"UOP01-DEL01-DF"
571530;2023-12-30;"sábado";"15:00:00";"PA";316;51,7;"CASTANHAL";"Condutor deixou de manter distância do veículo da frente";"Colisão traseira";"Sem Vítimas";"Pleno dia";"Crescente";"Chuva";"Dupla";"Reta";"Não";2;0;0;0;1;1;0;2;-1,30696138;-48,03478;"SPRF-PA";"DEL01-PA";"UOP01-DEL01-PA"
571532;2023-12-30;"sábado";"14:30:00";"RJ";101;481;"ANGRA DOS REIS";"Conversão proibida";"Colisão lateral mesmo sentido";"Com Vítimas Feridas";"Pleno dia";"Decrescente";"Nublado";"Simples";"Reta";"Não";2;0;1;0;1;0;1;2;-23,00969504;-44,29176807;"SPRF-RJ";"DEL03-RJ";"UOP03-DEL03-RJ"