"id";"data_inversa";"dia_semana";"horario";"uf";"br";"km";"municipio";"causa_acidente";"tipo_acidente";"classificacao_acidente";"fase_dia";"sentido_via";"condicao_metereologica";"tipo_pista";"tracado_via";"uso_solo";"pessoas";"mortos";"feridos_leves";"feridos_graves";"ilesos";"ignorados";"feridos";"veiculos";"latitude";"longitude";"regional";"delegacia";"uop"
577010;2023-12-29;"sexta-feira";"12:17:00";"RJ";465;21;"NOVA IGUACU";"Conversão proibida";"Colisão traseira";"Com Vítimas Feridas";"Pleno dia";"Decrescente";"Céu Claro";"Simples";"Reta";"Não";2;0;1;0;1;0;1;2;-22,854782;-43,601933;"SPRF-RJ";"DEL06-RJ";"UOP02-DEL06-RJ"
577037;2023-12-17;"domingo";"03:45:00";"RS";116;262;"CANOAS";"Velocidade Incompatível";"Saída de leito carroçável";"Com Vítimas Fatais";"Plena Noite";"Decrescente";"Céu Claro";"Dupla";"Reta;Declive;Viaduto";"Sim";1;1;0;0;0;0;0;1;-29,90341773;-51,17660165;"SPRF-RS";"DEL01-RS";"UOP01-DEL01-RS"
577052;2023-12-10;"domingo";"10:40:00";"RR";174;314,4;"CARACARAI";"Manobra de mudança de faixa";"Colisão transversal";"Com Vítimas Fatais";"Pleno dia";"Crescente";"Céu Claro";"Simples";"Reta";"Não";7;2;0;0;5;0;0;2;1,481293;-60,905197;"SPRF-RR";"DEL01-RR";"UOP01-DEL01-RR"
577151;2023-10-22;"domingo";"12:48:00";"BA";324;593;"SIMOES FILHO";"Velocidade Incompatível";"Capotamento";"Com Vítimas Feridas";"Pleno dia";"Crescente";"Céu Claro";"Dupla";"Curva";"Não";2;0;2;0;0;0;2;1;-12,69890302;-38,46419428;"SPRF-BA";"DEL01-BA";"UOP01-DEL01-BA"
577170;2023-10-29;"domingo";"13:15:00";"PR";277;618,6;"CEU AZUL";"Ultrapassagem Indevida";"Colisão frontal";"Com Vítimas Feridas";"Pleno dia";"Decrescente";"Sol";"Simples";"Reta;Declive";"Não";8;0;5;3;0;0;8;2;-25,07577788;-53,69271805;"SPRF-PR";"DEL05-PR";"UOP02-DEL05-PR"
577266;2023-11-11;"sábado";"13:45:00";"RS";153;585;"BAGE";"Acumulo de água sobre o pavimento";"Saída de leito carroçável";"Com Vítimas Feridas";"Pleno dia";"Decrescente";"Chuva";"Simples";"Curva;Aclive";"Não";2;0;0;1;1;0;1;1;-31,09428727;-53,73220672;"SPRF-RS";"DEL11-RS";"UOP03-DEL11-RS"
577339;2023-12-18;"segunda-feira";"22:20:00";"ES";101;279,1;"SERRA";"Pista Escorregadia";"Tombamento";"Com Vítimas Feridas";"Plena Noite";"Crescente";"Garoa/Chuvisco";"Dupla";"Reta";"Não";1;0;0;1;0;0;1;1;-20,218122;-40,339325;"SPRF-ES";"DEL02-ES";"UOP01-DEL02-ES"
577341;2023-12-30;"sábado";"21:15:00";"MG";40;633,4;"CONSELHEIRO LAFAIETE";"Reação tardia ou ineficiente do condutor";"Colisão transversal";"Com Vítimas Feridas";"Plena Noite";"Decrescente";"Chuva";"Simples";"Reta";"Não";2;0;1;0;1;0;1;2;-20,68168197;-43,79419779;"SPRF-MG";"DEL05-MG";"UOP02-DEL05-MG"
577364;2023-12-30;"sábado";"13:00:00";"RJ";493;95;"SEROPEDICA";"Retorno proibido";"Colisão transversal";"Com Vítimas Feridas";"Pleno dia";"Crescente";"Nublado";"Simples";"Declive;Viaduto";"Não";2;0;1;0;0;1;1;2;-22,70626408;-43,69938076;"SPRF-RJ";"DEL01-RJ";"UOP03-DEL01-RJ"
577637;2023-12-22;"sexta-feira";"13:40:00";"MA";135;19;"SAO LUIS";"Ultrapassagem Indevida";"Colisão transversal";"Com Vítimas Feridas";"Pleno dia";"Crescente";"Céu Claro";"Simples";"Reta";"Não";2;0;0;1;1;0;1;2;-2,53073;-44,3068;"SPRF-MA";"DEL01-MA";"UOP01-DEL01-MA"
577738;2023-03-15;"quarta-feira";"17:35:00";"RJ";101;326;"NITEROI";"Reação tardia ou ineficiente do condutor";"Tombamento";"Com Vítimas Feridas";"Anoitecer";"Crescente";"Nublado";"Múltipla";"Reta;Ponte;Aclive";"Sim";3;0;0;2;1;0;2;2;-22,87190481;-43,14614296;"SPRF-RJ";"DEL02-RJ";"UOP01-DEL02-RJ"
577750;2023-12-05;"terça-feira";"06:50:00";"ES";262;20,3;"VIANA";"Avarias e/ou desgaste excessivo no pneu";"Saída de leito carroçável";"Com Vítimas Feridas";"Pleno dia";"Crescente";"Céu Claro";"Simples";"Reta";"Não";2;0;0;1;1;0;1;1;-20,3919143;-40,49002338;"SPRF-ES";"DEL01-ES";"UOP01-DEL01-ES"
577782;2023-12-22;"sexta-feira";"17:50:00";"GO";60;96,7;"ANAPOLIS";"Demais falhas mecânicas ou elétricas";"Tombamento";"Com Vítimas Feridas";"Pleno dia";"Decrescente";"Céu Claro";"Dupla";"Reta";"Sim";1;0;0;1;0;0;1;1;-16,371;-48,9422;"SPRF-GO";"DEL02-GO";"UOP01-DEL02-GO"
577787;2023-07-02;"domingo";"11:00:00";"DF";20;22;"BRASILIA";"Ausência de reação do condutor";"Colisão traseira";"Sem Vítimas";"Pleno dia";"Crescente";"Céu Claro";"Dupla";"Aclive;Reta";"Sim";2;0;0;0;2;0;0;2;-15,59834;-47,676186;"SPRF-DF";"DEL02-DF";"UOP01-DEL02-DF"
577794;2023-12-17;"domingo";"05:50:00";"SP";116;270;"TABOAO DA SERRA";"Manobra de mudança de faixa";"Colisão traseira";"Sem Vítimas";"Amanhecer";"Crescente";"Céu Claro";"Dupla";"Reta";"Sim";4;0;0;0;2;2;0;3;-23,61799728;-46,79677694;"SPRF-SP";"DEL04-SP";"UOP01-DEL04-SP"
577801;2023-12-17;"domingo";"11:00:00";"RN";304;31,7;"MOSSORO";"Acessar a via sem observar a presença dos outros veículos";"Colisão lateral mesmo sentido";"Com Vítimas Feridas";"Pleno dia";"Decrescente";"Céu Claro";"Simples";"Reta";"Não";6;0;1;0;5;0;1;2;-5,1363357;-37,34517395;"SPRF-RN";"DEL04-RN";"UOP02-DEL04-RN"
577806;2023-12-20;"quarta-feira";"17:00:00";"RJ";40;119;"DUQUE DE CAXIAS";"Mal súbito do condutor";"Colisão traseira";"Com Vítimas Feridas";"Anoitecer";"Decrescente";"Céu Claro";"Múltipla";"Reta";"Sim";2;0;0;1;1;0;1;2;-22,76375592;-43,28683062;"SPRF-RJ";"DEL01-RJ";"UOP02-DEL01-RJ"
577811;2023-12-13;"quarta-feira";"07:45:00";"BA";324;514;"FEIRA DE SANTANA";"Condutor deixou de manter distância do veículo da frente";"Colisão traseira";"Com Vítimas Feridas";"Pleno dia";"Decrescente";"Ignorado";"Simples";"Reta";"Sim";2;0;1;0;1;0;1;2;-12,23229233;-38,95215305;"SPRF-BA";"DEL02-BA";"UOP01-DEL02-BA"
577824;2023-06-15;"quinta-feira";"11:00:00";"RJ";101;411;"ITAGUAI";"Ausência de reação do condutor";"Saída de leito carroçável";"Com Vítimas Feridas";"Pleno dia";"Crescente";"Céu Claro";"Dupla";"Reta";"Sim";1;0;1;0;0;0;1;1;-22,89484687;-43,84753204;"SPRF-RJ";"DEL03-RJ";"UOP01-DEL03-RJ"
577873;2023-05-22;"segunda-feira";"20:00:00";"MG";262;463;"ARAUJOS";"Acumulo de óleo sobre o pavimento";"Tombamento";"Com Vítimas Feridas";"Plena Noite";"Crescente";"Céu Claro";"Simples";"Reta";"Não";1;0;0;1;0;0;1;1;-19,81413516;-45,09767404;"SPRF-MG";"DEL08-MG";"UOP03-DEL08-MG"
577894;2023-12-20;"quarta-feira";"08:45:00";"RJ";101;327;"NITEROI";"Condutor usando celular";"Colisão traseira";"Com Vítimas Feridas";"Pleno dia";"Decrescente";"Céu Claro";"Múltipla";"Reta";"Sim";4;0;0;1;3;0;1;2;-22,87117393;-43,15595099;"SPRF-RJ";"DEL02-RJ";"UOP01-DEL02-RJ"
577895;2023-12-16;"sábado";"18:00:00";"PI";343;287,7;"ALTOS";"Objeto estático sobre o leito carroçável";"Colisão com objeto";"Com Vítimas Feridas";"Plena Noite";"Crescente";"Nublado";"Simples";"Declive;Reta";"Não";1;0;0;1;0;0;1;1;-4,94159;-42,329639;"SPRF-PI";"DEL01-PI";"UOP03-DEL01-PI"
577977;2023-10-16;"segunda-feira";"12:10:00";"BA";116;817,8;"VITORIA DA CONQUISTA";"Reação tardia ou ineficiente do condutor";"Tombamento";"Com Vítimas Feridas";"Pleno dia";"Decrescente";"Ignorado";"Simples";"Reta;Interseção de Vias";"Sim";1;0;0;1;0;0;1;1;-14,82358;-40,81866;"SPRF-BA";"DEL08-BA";"UOP01-DEL08-BA"
578005;2023-12-14;"quinta-feira";"04:18:00";"ES";101;256,8;"SERRA";"Pedestre andava na pista";"Atropelamento de Pedestre";"Com Vítimas Fatais";"Amanhecer";"Crescente";"Céu Claro";"Múltipla";"Reta;Viaduto";"Sim";2;1;0;0;1;0;0;2;-20,119123;-40,311005;"SPRF-ES";"DEL02-ES";"UOP01-DEL02-ES"
578029;2023-12-20;"quarta-feira";"16:02:00";"RN";304;299;"MACAIBA";"Acessar a via sem observar a presença dos outros veículos";"Colisão frontal";"Com Vítimas Feridas";"Pleno dia";"Crescente";"Nublado";"Dupla";"Retorno Regulamentado";"Não";2;0;0;1;1;0;1;2;-5,87095859;-35,32359587;"SPRF-RN";"DEL01-RN";"UOP02-DEL01-RN"
578033;2023-11-12;"domingo";"06:30:00";"PR";277;42;"MORRETES";"Reação tardia ou ineficiente do condutor";"Queda de ocupante de veículo";"Com Vítimas Feridas";"Pleno dia";"Decrescente";"Céu Claro";"Dupla";"Reta";"Não";2;0;2;0;0;0;2;1;-25,57361239;-48,84469597;"SPRF-PR";"DEL01-PR";"UOP01-DEL01-PR"
578076;2023-11-04;"sábado";"08:00:00";"RJ";101;324;"NITEROI";"Reação tardia ou ineficiente do condutor";"Colisão traseira";"Com Vítimas Feridas";"Pleno dia";"Decrescente";"Céu Claro";"Dupla";"Reta";"Não";3;0;0;1;2;0;1;2;-22,87381074;-43,12640997;"SPRF-RJ";"DEL02-RJ";"UOP01-DEL02-RJ"
578101;2023-12-12;"terça-feira";"17:00:00";"PR";369;365;"MAMBORE";"Ultrapassagem Indevida";"Saída de leito carroçável";"Sem Vítimas";"Pleno dia";"Crescente";"Céu Claro";"Simples";"Reta";"Não";1;0;0;0;0;1;0;1;-24,236516;-52,520928;"SPRF-PR";"DEL09-PR";"UOP03-DEL09-PR"
578166;2023-12-10;"domingo";"04:00:00";"RJ";101;253,8;"RIO BONITO";"Ingestão de álcool pelo condutor";"Colisão frontal";"Com Vítimas Fatais";"Plena Noite";"Crescente";"Céu Claro";"Dupla";"Reta";"Não";3;1;0;0;1;1;0;3;-22,68791645;-42,54123963;"SPRF-RJ";"DEL02-RJ";"UOP03-DEL02-RJ"
578173;2023-11-15;"quarta-feira";"16:30:00";"RJ";101;277;"TANGUA";"Acessar a via sem observar a presença dos outros veículos";"Atropelamento de Pedestre";"Com Vítimas Feridas";"Pleno dia";"Decrescente";"Céu Claro";"Dupla";"Reta";"Sim";5;0;0;1;1;3;1;2;-22,73943906;-42,748279;"SPRF-RJ";"DEL02-RJ";"UOP03-DEL02-RJ"
578174;2023-12-18;"segunda-feira";"09:30:00";"PE";101;67;"RECIFE";"Condutor deixou de manter distância do veículo da frente";"Engavetamento";"Com Vítimas Feridas";"Pleno dia";"Crescente";"Céu Claro";"Dupla";"Reta";"Sim";3;0;1;0;0;2;1;3;-8,042435;-34,943281;"SPRF-PE";"DEL01-PE";"UOP01-DEL01-PE"
578181;2023-12-06;"quarta-feira";"08:50:00";"PR";369;423,9;"UBIRATA";"Transitar na contramão";"Colisão frontal";"Com Vítimas Feridas";"Pleno dia";"Crescente";"Céu Claro";"Simples";"Reta";"Não";5;0;1;4;0;0;5;2;-24,5175;-52,9317;"SPRF-PR";"DEL04-PR";"UOP03-DEL04-PR"
578195;2023-11-17;"sexta-feira";"10:51:00";"PE";232;410,5;"SERRA TALHADA";"Acessar a via sem observar a presença dos outros veículos";"Colisão transversal";"Com Vítimas Feridas";"Pleno dia";"Crescente";"Céu Claro";"Simples";"Curva";"Sim";3;0;2;0;1;0;2;2;-7,98261841;-38,30039606;"SPRF-PE";"DEL04-PE";"UOP01-DEL04-PE"
578201;2023-12-30;"sábado";"16:36:00";"ES";259;84,5;"BAIXO GUANDU";"Condutor deixou de manter distância do veículo da frente";"Colisão traseira";"Com Vítimas Feridas";"Pleno dia";"Decrescente";"Chuva";"Simples";"Reta";"Não";3;0;1;1;1;0;2;2;-19,51022604;-40,86873227;"SPRF-ES";"DEL02-ES";"UOP01-DEL02-ES"
578322;2023-12-24;"domingo";"06:30:00";"PI";316;9;"TERESINA";"Ausência de reação do condutor";"Colisão lateral mesmo sentido";"Com Vítimas Feridas";"Pleno dia";"Crescente";"Céu Claro";"Dupla";"Reta";"Sim";4;0;0;2;1;1;2;2;-5,17381686;-42,76624952;"SPRF-PI";"DEL01-PI";"UOP02-DEL01-PI"
578333;2023-11-01;"quarta-feira";"17:40:00";"PR";116;121;"CURITIBA";"Manobra de mudança de faixa";"Colisão lateral mesmo sentido";"Com Vítimas Feridas";"Pleno dia";"Crescente";"Nublado";"Dupla";"Reta;Declive";"Sim";3;0;2;0;0;1;2;2;-25,59712929;-49,31677401;"SPRF-PR";"DEL01-PR";"UOP03-DEL01-PR"
578336;2023-12-19;"terça-feira";"17:15:00";"RO";364;14;"VILHENA";"Ingestão de álcool pelo condutor";"Colisão lateral mesmo sentido";"Sem Vítimas";"Pleno dia";"Crescente";"Céu Claro";"Dupla";"Rotatória";"Sim";2;0;0;0;2;0;0;2;-12,73898138;-60,13911417;"SPRF-RO";"DEL04-RO";"UOP01-DEL04-RO"
578341;2023-12-01;"sexta-feira";"19:21:00";"ES";101;355;"ANCHIETA";"Acessar a via sem observar a presença dos outros veículos";"Colisão transversal";"Com Vítimas Fatais";"Plena Noite";"Crescente";"Céu Claro";"Múltipla";"Curva";"Não";2;1;0;0;1;0;0;2;-20,68854312;-40,67978692;"SPRF-ES";"DEL03-ES";"UOP01-DEL03-ES"
578357;2023-12-16;"sábado";"17:00:00";"SC";101;119,4;"ITAJAI";"Ausência de reação do condutor";"Colisão traseira";"Com Vítimas Feridas";"Pleno dia";"Crescente";"Céu Claro";"Simples";"Reta";"Não";2;0;0;1;1;0;1;2;-26,9043179;-48,71555481;"SPRF-SC";"DEL04-SC";"UOP04-DEL04-SC"
578358;2023-11-30;"quinta-feira";"12:10:00";"PI";316;91,1;"BARRO DURO";"Ausência de reação do condutor";"Saída de leito carroçável";"Com Vítimas Feridas";"Pleno dia";"Decrescente";"Sol";"Simples";"Reta";"Não";1;0;1;0;0;0;1;1;-5,78940722;-42,54971931;"SPRF-PI";"DEL04-PI";"UOP02-DEL04-PI"
578393;2023-01-13;"sexta-feira";"22:00:00";"MT";70;1,9;"BARRA DO GARCAS";"Acessar a via sem observar a presença dos outros veículos";"Colisão lateral sentido oposto";"Com Vítimas Feridas";"Plena Noite";"Crescente";"Chuva";"Simples";"Reta";"Sim";2;0;0;1;1;0;1;2;-15,88749699;-52,26810568;"SPRF-MT";"DEL07-MT";"UOP01-DEL07-MT"
578429;2023-10-21;"sábado";"17:37:00";"RJ";40;94;"DUQUE DE CAXIAS";"Pista Escorregadia";"Saída de leito carroçável";"Com Vítimas Feridas";"Plena Noite";"Crescente";"Garoa/Chuvisco";"Dupla";"Declive;Curva";"Não";3;0;2;0;1;0;2;1;-22,5576328489;-43,2657435214;"SPRF-RJ";"DEL01-RJ";"UOP01-DEL01-RJ"
578434;2023-12-16;"sábado";"16:40:00";"RJ";101;306;"SAO GONCALO";"Trafegar com motocicleta (ou similar) entre as faixas";"Colisão lateral mesmo sentido";"Com Vítimas Feridas";"Pleno dia";"Decrescente";"Céu Claro";"Dupla";"Reta";"Não";3;0;2;0;1;0;2;3;-22,78913759;-43,00550909;"SPRF-RJ";"DEL02-RJ";"UOP02-DEL02-RJ"
578516;2023-12-16;"sábado";"00:10:00";"RJ";40;109;"DUQUE DE CAXIAS";"Ingestão de álcool pelo condutor";"Colisão transversal";"Com Vítimas Feridas";"Plena Noite";"Decrescente";"Céu Claro";"Múltipla";"Reta";"Sim";2;0;1;0;1;0;1;2;-22,67374628;-43,28638368;"SPRF-RJ";"DEL01-RJ";"UOP02-DEL01-RJ"
578553;2023-12-29;"sexta-feira";"08:00:00";"RJ";116;178;"RIO DE JANEIRO";"Ultrapassagem Indevida";"Colisão lateral mesmo sentido";"Com Vítimas Feridas";"Pleno dia";"Decrescente";"Céu Claro";"Dupla";"Reta";"Sim";3;0;2;0;1;0;2;2;-22,77610237;-43,39897871;"SPRF-RJ";"DEL06-RJ";"UOP01-DEL06-RJ"
578563;2023-12-16;"sábado";"22:50:00";"RS";386;220,5;"TIO HUGO";"Acessar a via sem observar a presença dos outros veículos";"Colisão frontal";"Com Vítimas Feridas";"Plena Noite";"Crescente";"Céu Claro";"Simples";"Interseção de Vias";"Não";4;0;3;1;0;0;4;2;-28,618174;-52,612541;"SPRF-RS";"DEL04-RS";"UOP03-DEL04-RS"
578954;2023-12-24;"domingo";"17:51:00";"RO";364;412;"JARU";"Ausência de sinalização";"Colisão com objeto";"Com Vítimas Feridas";"Pleno dia";"Decrescente";"Céu Claro";"Simples";"Curva";"Não";2;0;1;0;1;0;1;1;-10,52249251;-62,4003499;"SPRF-RO";"DEL03-RO";"UOP02-DEL03-RO"
579107;2023-06-25;"domingo";"05:00:00";"MG";365;440;"PATOS DE MINAS";"Chuva";"Queda de ocupante de veículo";"Com Vítimas Feridas";"Amanhecer";"Decrescente";"Céu Claro";"Simples";"Reta";"Não";1;0;0;1;0;0;1;1;-18,7983917;-46,74343004;"SPRF-MG";"DEL10-MG";"UOP01-DEL10-MG"
579145;2023-10-06;"sexta-feira";"11:30:00";"RO";319;58;"PORTO VELHO";"Ultrapassagem Indevida";"Colisão lateral mesmo sentido";"Com Vítimas Feridas";"Pleno dia";"Decrescente";"Céu Claro";"Múltipla";"Interseção de Vias";"Sim";2;0;1;0;0;1;1;2;-8,74380897;-63,91287804;"SPRF-RO";"DEL01-RO";"UOP01-DEL01-RO"
579184;2023-08-20;"domingo";"08:00:00";"SP";153;333,8;"SALTO GRANDE";"Ingestão de álcool pelo condutor";"Saída de leito carroçável";"Com Vítimas Feridas";"Amanhecer";"Crescente";"Céu Claro";"Simples";"Reta";"Não";1;0;0;1;0;0;1;1;-22,881239;-49,8895722;"SPRF-SP";"DEL07-SP";"UOP03-DEL07-SP"
579199;2023-12-21;"quinta-feira";"06:42:00";"PI";316;22;"TERESINA";"Pista Escorregadia";"Queda de ocupante de veículo";"Com Vítimas Feridas";"Amanhecer";"Decrescente";"Garoa/Chuvisco";"Múltipla";"Reta";"Não";1;0;0;1;0;0;1;1;-5,27552796;-42,72607975;"SPRF-PI";"DEL01-PI";"UOP02-DEL01-PI"
579265;2023-10-29;"domingo";"19:00:00";"SP";381;86;"SAO PAULO";"Ingestão de álcool e/ou substâncias psicoativas pelo pedestre";"Colisão lateral mesmo sentido";"Sem Vítimas";"Plena Noite";"Crescente";"Céu Claro";"Dupla";"Reta";"Sim";3;0;0;0;1;2;0;3;-23,45930499;-46,57161179;"SPRF-SP";"DEL03-SP";"UOP01-DEL03-SP"
579322;2023-10-19;"quinta-feira";"13:02:00";"PR";277;6,7;"FOZ DO IGUACU";"Acessar a via sem observar a presença dos outros veículos";"Colisão traseira";"Com Vítimas Feridas";"Pleno dia";"Crescente";"Céu Claro";"Dupla";"Reta";"Sim";2;0;1;0;1;0;1;2;-25,4472117;-54,5849894;"SPRF-PR";"DEL05-PR";"UOP03-DEL05-PR"
579330;2023-06-30;"sexta-feira";"18:40:00";"BA";324;350;"CAPIM GROSSO";"Acessar a via sem observar a presença dos outros veículos";"Colisão lateral sentido oposto";"Com Vítimas Feridas";"Plena Noite";"Decrescente";"Céu Claro";"Simples";"Interseção de Vias;Reta";"Não";2;0;0;1;0;1;1;2;-11,36435976;-40,05103111;"SPRF-BA";"DEL04-BA";"UOP02-DEL04-BA"
579346;2023-10-11;"quarta-feira";"19:30:00";"PR";376;180;"MARINGA";"Reação tardia ou ineficiente do condutor";"Colisão lateral mesmo sentido";"Com Vítimas Feridas";"Plena Noite";"Decrescente";"Céu Claro";"Dupla";"Reta";"Sim";2;0;0;1;0;1;1;2;-23,4224652;-51,9033857;"SPRF-PR";"DEL09-PR";"UOP01-DEL09-PR"
579359;2023-10-21;"sábado";"16:10:00";"MG";381;776,2;"CAMPANHA";"Acumulo de óleo sobre o pavimento";"Saída de leito carroçável";"Com Vítimas Feridas";"Pleno dia";"Decrescente";"Céu Claro";"Dupla";"Reta";"Não";1;0;1;0;0;0;1;1;-21,81543894;-45,49238809;"SPRF-MG";"DEL16-MG";"UOP02-DEL16-MG"
579375;2023-07-09;"domingo";"05:30:00";"AM";174;920;"MANAUS";"Reação tardia ou ineficiente do condutor";"Saída de leito carroçável";"Com Vítimas Feridas";"Amanhecer";"Crescente";"Céu Claro";"Simples";"Curva;Declive";"Não";2;0;1;1;0;0;2;2;-2,65761092;-60,04301442;"SPRF-AM";"DEL01-AM";"UOP01-DEL01-AM"
579393;2023-12-01;"sexta-feira";"09:30:00";"RJ";116;196,8;"QUEIMADOS";"Reação tardia ou ineficiente do condutor";"Atropelamento de Pedestre";"Com Vítimas Feridas";"Pleno dia";"Crescente";"Céu Claro";"Dupla";"Reta";"Não";2;0;0;1;1;0;1;2;-22,73336575;-43,55659479;"SPRF-RJ";"DEL06-RJ";"UOP02-DEL06-RJ"
579401;2023-12-30;"sábado";"20:00:00";"BA";324;621;"SALVADOR";"Manobra de mudança de faixa";"Colisão lateral mesmo sentido";"Com Vítimas Feridas";"Plena Noite";"Crescente";"Céu Claro";"Múltipla";"Reta";"Não";3;0;2;0;1;0;2;2;-12,9144;-38,4609;"SPRF-BA";"DEL01-BA";"UOP01-DEL01-BA"
579406;2023-12-17;"domingo";"18:00:00";"PR";116;123;"CURITIBA";"Reação tardia ou ineficiente do condutor";"Engavetamento";"Sem Vítimas";"Pleno dia";"Decrescente";"Céu Claro";"Dupla";"Retorno Regulamentado;Reta";"Sim";3;0;0;0;3;0;0;3;-25,6079919;-49,31900393;"SPRF-PR";"DEL01-PR";"UOP03-DEL01-PR"
579437;2023-12-04;"segunda-feira";"03:57:00";"RS";116;323;"BARRA DO RIBEIRO";"Ausência de reação do condutor";"Saída de leito carroçável";"Sem Vítimas";"Amanhecer";"Crescente";"Chuva";"Dupla";"Reta";"Não";1;0;0;0;0;1;0;1;-30,31825499;-51,41803405;"SPRF-RS";"DEL02-RS";"UOP01-DEL02-RS"
579455;2023-12-29;"sexta-feira";"05:50:00";"PR";277;71;"SAO JOSE DOS PINHAIS";"Reação tardia ou ineficiente do condutor";"Tombamento";"Com Vítimas Feridas";"Amanhecer";"Decrescente";"Céu Claro";"Dupla";"Reta";"Sim";1;0;1;0;0;0;1;1;-25,506765;-49,138858;"SPRF-PR";"DEL01-PR";"UOP07-DEL01-PR"
579579;2023-11-11;"sábado";"02:10:00";"RJ";116;170;"RIO DE JANEIRO";"Ingestão de substâncias psicoativas pelo condutor";"Colisão traseira";"Sem Vítimas";"Plena Noite";"Crescente";"Céu Claro";"Dupla";"Reta";"Sim";4;0;0;0;4;0;0;4;-22,81113183;-43,3336729;"SPRF-RJ";"DEL01-RJ";"UOP02-DEL01-RJ"
579633;2023-12-17;"domingo";"22:00:00";"GO";153;496;"GOIANIA";"Transitar na contramão";"Colisão frontal";"Com Vítimas Feridas";"Plena Noite";"Decrescente";"Céu Claro";"Dupla";"Reta";"Sim";2;0;0;1;1;0;1;2;-16,6776;-49,2314;"SPRF-GO";"DEL01-GO";"UOP01-DEL01-GO"
579645;2023-12-31;"domingo";"17:20:00";"MG";381;526,1;"BRUMADINHO";"Velocidade Incompatível";"Saída de leito carroçável";"Com Vítimas Feridas";"Pleno dia";"Crescente";"Chuva";"Dupla";"Curva;Declive";"Não";3;0;3;0;0;0;3;1;-20,15239249;-44,32592755;"SPRF-MG";"DEL04-MG";"UOP03-DEL04-MG"
579718;2023-04-05;"quarta-feira";"18:30:00";"ES";262;16;"VIANA";"Acessar a via sem observar a presença dos outros veículos";"Colisão transversal";"Com Vítimas Feridas";"Plena Noite";"Crescente";"Chuva";"Simples";"Reta";"Não";2;0;0;1;1;0;1;2;-20,38398713;-40,46568077;"SPRF-ES";"DEL01-ES";"UOP01-DEL01-ES"
579723;2023-08-08;"terça-feira";"09:50:00";"RN";427;77,7;"CAICO";"Condutor deixou de manter distância do veículo da frente";"Colisão lateral sentido oposto";"Sem Vítimas";"Pleno dia";"Decrescente";"Céu Claro";"Simples";"Reta";"Não";2;0;0;0;2;0;0;2;-6,53826056;-36,94648382;"SPRF-RN";"DEL03-RN";"UOP01-DEL03-RN"
579732;2023-11-11;"sábado";"18:30:00";"PR";476;264;"SAO MATEUS DO SUL";"Reação tardia ou ineficiente do condutor";"Queda de ocupante de veículo";"Com Vítimas Feridas";"Anoitecer";"Decrescente";"Céu Claro";"Simples";"Reta";"Não";1;0;0;1;0;0;1;1;-25,891033;-50,282455;"SPRF-PR";"DEL02-PR";"UOP03-DEL02-PR"
579762;2023-12-10;"domingo";"13:30:00";"MG";262;164;"SAO DOMINGOS DO PRATA";"Ausência de reação do condutor";"Colisão traseira";"Com Vítimas Feridas";"Pleno dia";"Crescente";"Céu Claro";"Simples";"Reta;Aclive";"Não";4;0;1;0;3;0;1;2;-19,95541508;-42,86991009;"SPRF-MG";"DEL03-MG";"UOP03-DEL03-MG"
579790;2023-09-26;"terça-feira";"15:52:00";"MT";70;0;"PONTAL DO ARAGUAIA";"Frear bruscamente";"Tombamento";"Com Vítimas Feridas";"Pleno dia";"Decrescente";"Céu Claro";"Simples";"Interseção de Vias;Reta";"Sim";1;0;0;1;0;0;1;1;-15,89542468;-52,25625515;"SPRF-MT";"DEL07-MT";"UOP01-DEL07-MT"
579862;2023-07-25;"terça-feira";"08:15:00";"SP";116;205;"ARUJA";"Ausência de reação do condutor";"Colisão traseira";"Com Vítimas Fatais";"Pleno dia";"Crescente";"Céu Claro";"Múltipla";"Reta";"Sim";2;1;0;0;1;0;0;2;-23,41475243;-46,36600788;"SPRF-SP";"DEL01-SP";"UOP01-DEL01-SP"
579942;2023-12-16;"sábado";"09:35:00";"SE";235;52;"ITABAIANA";"Desrespeitar a preferência no cruzamento";"Colisão transversal";"Com Vítimas Feridas";"Pleno dia";"Crescente";"Céu Claro";"Simples";"Retorno Regulamentado";"Sim";3;0;3;0;0;0;3;2;-10,693279;-37,437557;"SPRF-SE";"DEL01-SE";"UOP02-DEL01-SE"
579956;2023-12-21;"quinta-feira";"03:50:00";"RR";174;163;"RORAINOPOLIS";"Animais na Pista";"Queda de ocupante de veículo";"Com Vítimas Fatais";"Plena Noite";"Crescente";"Ignorado";"Simples";"Reta";"Não";2;1;0;0;0;1;0;2;0,510962;-60,466133;"SPRF-RR";"DEL01-RR";"UOP01-DEL01-RR"
579958;2023-10-18;"quarta-feira";"21:00:00";"CE";116;3,7;"FORTALEZA";"Ausência de reação do condutor";"Atropelamento de Pedestre";"Com Vítimas Feridas";"Plena Noite";"Decrescente";"Céu Claro";"Dupla";"Reta";"Sim";7;0;0;1;6;0;1;2;-3,77866493;-38,51490171;"SPRF-CE";"DEL01-CE";"UOP02-DEL01-CE"
580015;2023-08-05;"sábado";"21:57:00";"MT";70;3,4;"BARRA DO GARCAS";"Reação tardia ou ineficiente do condutor";"Saída de leito carroçável";"Com Vítimas Feridas";"Plena Noite";"Decrescente";"Céu Claro";"Dupla";"Declive;Interseção de Vias;Rotatória";"Sim";1;0;0;1;0;0;1;1;-15,87955405;-52,28374243;"SPRF-MT";"DEL07-MT";"UOP01-DEL07-MT"